m_t_1,jts1,v1,q1
0.0183,0.5210549630110748,-0.0,0.0006866455078125
0.01647,0.5536477364485748,-0.0,0.0006866455078125
0.01647,0.5210549630110748,0.0059999999999999,-0.0003433227539062
0.02379,0.5863625801985748,-0.0,0.0003433227539062
0.04392,0.5210549630110748,0.132,0.001373291015625
0.08784,0.5210549630110748,0.666,0.0140762329101562
0.12261,0.5210549630110748,1.314,0.0490951538085937
0.13359,0.5210549630110748,2.538,0.11810302734375
0.13359,0.3905617989485748,2.538,0.11810302734375
0.14823,0.1295754708235748,3.63,0.2221298217773437
0.13542,0.4231545723860748,4.674,0.3690719604492187
0.15189,0.5210549630110748,5.67,0.54931640625
0.16287,0.3905617989485748,6.414,0.74432373046875
0.15189,0.0969826973860747,7.536,0.9774398803710938
0.17019,0.3253762520735748,8.43,1.2328720092773438
0.17202,0.3905617989485748,9.51,1.527099609375
0.15372,0.3253762520735748,10.452,1.856689453125
0.1647,0.4558694161360748,11.196,2.22747802734375
0.18483,-0.0009176932389252,12.156,2.6020431518554688
0.18849,0.5210549630110748,13.302,3.025360107421875
0.19215,-0.0009176932389252,14.345999999999998,3.476142883300781
0.17934,-0.0009176932389252,15.3,3.963661193847656
0.19215,-0.0661032401139252,16.242,4.488258361816406
0.17934,0.1295754708235748,17.16,5.027275085449219
0.19581,-0.2944967948014252,18.24,5.6050872802734375
0.19581,-0.1314108573014252,19.086,6.227874755859375
0.20496,-0.0986960135514252,20.166000000000004,6.868858337402344
0.19398,-0.0009176932389252,21.33,7.563743591308593
0.2013,-0.2291891776139252,22.158,8.244209289550781
0.19581,-0.3923971854264252,23.244,9.00981903076172
0.21411,0.1295754708235748,24.03,9.748306274414062
0.21594,0.0969826973860747,25.05,10.543441772460938
0.21045,0.1295754708235748,26.16,11.380462646484377
0.21045,0.2274758614485748,27.12,12.263832092285156
0.22326,0.3905617989485748,28.074,13.15509796142578
0.22143,0.5210549630110748,28.806,14.082412719726562
0.19215,0.6189553536360748,29.526,14.999084472656252
0.20496,0.5210549630110748,29.808000000000003,15.951461791992188
0.19764,0.5210549630110748,29.826,16.92546844482422
0.19215,0.5210549630110748,29.934,17.90325164794922
0.21411,0.2600686348860748,30.15,18.84601593017578
0.19764,-0.0009176932389252,30.252,19.822769165039062
0.19581,-0.0661032401139252,30.108000000000004,20.814285278320312
0.19764,-0.5227682791764252,30.264000000000003,21.77799224853516
0.2013,-0.1314108573014252,30.336,22.78873443603516
0.21045,-0.8164694510514252,30.198000000000004,23.754844665527344
0.19398,0.0317971505110747,30.162000000000003,24.74842071533203
0.19398,-0.1314108573014252,30.234,25.71727752685547
0.20862,0.0643899239485747,30.276,26.69231414794922
0.19947,0.1295754708235748,30.174000000000003,27.652931213378903
0.2013,0.1295754708235748,30.234,28.638267517089844
0.19398,0.0643899239485747,30.354,29.648666381835938
0.19947,0.0643899239485747,30.366,30.59314727783203
0.19215,-0.1965964041764252,30.216,31.591529846191403
0.19215,-0.2944967948014252,30.324,32.54871368408203
0.2013,-0.5554831229264252,30.276,33.494224548339844
0.2013,-0.9795553885514252,30.3,34.51011657714844
0.20313,-0.5554831229264252,30.228,35.45013427734375
0.18666,-0.8490622244889252,30.3,36.418304443359375
0.19581,-0.3923971854264252,30.372,37.414283752441406
0.19398,-0.2291891776139252,30.216,38.36116790771485
0.19764,-0.2619040213639252,30.216,39.31629180908203
0.183,0.1295754708235748,30.318,40.308837890625
0.19947,0.1295754708235748,30.33,41.28284454345703
0.19398,-0.0009176932389252,30.186,42.21736907958984
0.19764,0.1622903145735748,30.252,43.21334838867188
0.19398,-0.5227682791764252,30.318,44.19078826904297
0.20313,-0.4575827323014252,30.3,45.148658752441406
0.19764,-0.7185690604264252,30.162000000000003,46.096229553222656
0.19398,-1.0447409354264252,30.324,47.08946228027344
0.20496,-0.8490622244889252,30.348,48.05454254150391
0.19398,-1.0447409354264252,30.174000000000003,49.04502868652344
0.19215,-0.3923971854264252,30.216,50.01388549804688
0.20862,-0.2944967948014252,30.306,50.95836639404297
0.19398,-0.2944967948014252,30.276,51.92138671875
0.19398,0.1295754708235748,30.192,52.92079925537109
0.19215,0.1295754708235748,30.258,53.872833251953125
0.20862,-0.0009176932389252,30.318,54.82589721679688
0.19032,0.0969826973860747,30.264000000000003,55.795440673828125
0.19581,-0.4901755057389252,30.246,56.78524017333984
0.2013,-0.6206686698014252,30.33,57.74620056152344
0.20313,-1.0774557791764252,30.318,58.74046325683593
0.19764,-1.4036276541764252,30.288,59.688720703125
0.19947,-1.0121481619889252,30.234,60.65277099609375
0.20679,-1.1100485526139252,30.288,61.62197113037109
0.19581,-0.6532614432389252,30.324,62.60627746582031
0.19581,-0.6532614432389252,30.204,63.58097076416015
0.19581,-0.3270895682389252,30.204,63.58097076416015
0.21411,-0.1640036307389252,30.21,64.5388412475586
0.2013,0.1295754708235748,30.366,65.51937103271484
0.18849,0.1295754708235748,30.276,66.48445129394531
0.2013,-0.2291891776139252,30.162000000000003,67.4454116821289
0.20496,-0.1314108573014252,30.33,68.43555450439453
0.19215,-0.7511618338639252,30.396,69.39033508300781
0.2013,-1.0121481619889252,30.264000000000003,70.34786224365234
0.21045,-1.1752340994889252,30.21,71.29955291748047
0.21777,-1.3710348807389252,30.282,72.29072570800781
0.19398,-1.0121481619889252,30.336,73.25340270996094
0.19398,-1.0774557791764252,30.174000000000003,74.22191619873047
0.21411,-0.3923971854264252,30.192,75.1681137084961
0.19947,-0.2291891776139252,30.3,76.18263244628906
0.19581,0.0643899239485747,30.246,77.12093353271484
0.2013,0.1295754708235748,30.198000000000004,78.11897277832031
0.21594,0.1295754708235748,30.276,79.07821655273438
0.19764,-0.3270895682389252,30.36,80.0680160522461
0.2013,-0.3596823416764252,30.258,81.03790283203125
0.21594,-0.9142477713639252,30.24,81.98307037353516
0.20313,-0.7837546073014252,30.33,82.97012329101562
0.19032,-1.0447409354264252,30.288,83.94550323486328
0.2013,-1.2405417166764252,30.228,84.9078369140625
0.21411,-0.4575827323014252,30.276,85.89454650878906
0.19215,-0.6532614432389252,30.312,86.83696746826172
0.19398,-0.1965964041764252,30.282,87.83809661865234
0.20313,0.1295754708235748,30.204,88.84780883789062
0.22143,0.1295754708235748,30.27,89.80670928955078
0.19398,-0.0009176932389252,30.43200000000001,90.7858657836914
0.19398,-0.0009176932389252,30.288,91.77120208740234
0.21228,-0.5554831229264252,30.234,92.7129364013672
0.20862,-0.3923971854264252,30.318,93.70685577392578
0.19398,-0.7185690604264252,30.348,94.67571258544922
0.20496,-1.1100485526139252,30.24,95.6586456298828
0.20862,-0.4901755057389252,30.252,96.65153503417967
0.20313,-0.6859762869889252,30.408,97.64751434326172
0.19947,-0.1314108573014252,30.276,98.63285064697266
0.19947,0.1295754708235748,30.192,99.59999084472656
0.19947,0.1295754708235748,30.318,100.59219360351562
0.20496,0.0317971505110747,30.43200000000001,101.58199310302734
0.19947,0.0317971505110747,30.216,102.5127410888672
0.19398,-0.2291891776139252,30.294,103.48640441894533
0.2013,-0.0009176932389252,30.39,104.48375701904295
0.20496,-0.5554831229264252,30.348,105.45021057128906
0.19947,-0.5554831229264252,30.24,106.41700744628906
0.20313,-0.5554831229264252,30.27,107.38655090332033
0.20313,-0.4901755057389252,30.27,107.38655090332033
0.21228,-0.5880758963639252,30.372,108.34922790527344
0.20496,-0.5880758963639252,30.276,109.34005737304688
0.20496,-0.2619040213639252,30.276,109.34005737304688
0.19764,-0.2291891776139252,30.264000000000003,110.31475067138672
0.19398,-0.2291891776139252,30.294,111.28875732421876
0.19398,0.0643899239485747,30.294,111.28875732421876
0.20862,0.1295754708235748,30.408,112.24319458007812
0.20313,0.1295754708235748,30.162000000000003,113.26045989990234
0.19215,0.1622903145735748,30.288,114.19979095458984
0.20313,0.1622903145735748,30.336,115.18821716308592
0.20313,0.4558694161360748,30.336,115.18821716308592
0.20313,-0.0009176932389252,30.354,116.16565704345705
0.20313,-0.0009176932389252,30.252,117.14756011962892
0.20679,-0.1314108573014252,30.306,118.0906677246094
0.2013,-0.5227682791764252,30.42,119.0869903564453
0.21045,-0.0009176932389252,30.306,120.05241394042967
0.20313,-0.3270895682389252,30.27,121.03946685791016
0.20313,0.0969826973860747,30.246,122.00695037841795
0.2013,0.1295754708235748,30.456,123.0032730102539
0.21045,0.1948830880110748,30.24,123.96766662597656
0.19581,0.1948830880110748,30.258,124.9090576171875
0.19581,0.3253762520735748,30.258,124.9090576171875
0.19581,0.6841409005110748,30.384,125.90435028076172
0.19764,0.6841409005110748,30.468,126.87355041503906
0.19764,0.5536477364485748,30.468,126.87355041503906
0.19764,0.5210549630110748,30.186,127.8355407714844
0.19764,0.5210549630110748,30.306,128.80577087402344
0.19947,0.3579690255110748,30.462000000000003,129.77188110351562
0.21228,0.2600686348860748,30.282,130.75927734375
0.20496,-0.2291891776139252,30.252,131.75148010253906
0.19398,0.4558694161360748,30.336,132.72205352783203
0.19032,0.1948830880110748,30.354,133.70670318603516
0.2013,0.1948830880110748,29.724,134.67830657958984
0.2013,0.6515481270735748,29.724,134.67830657958984
0.17202,0.7494485176985748,29.232000000000003,135.6317138671875
0.16836,1.2061135567610748,28.434,136.5597152709961
0.17019,1.2387063301985748,27.606,137.4715805053711
0.16287,1.4345071114485748,26.562,138.30894470214844
0.15372,1.2387063301985748,25.698,139.15935516357422
0.15555,1.3691994942610748,24.714,139.98126983642578
0.15006,1.0104348458235748,23.928,140.76061248779297
0.15372,0.9125344551985748,22.794,141.50665283203125
0.15738,0.9125344551985748,21.852,142.22591400146484
0.15738,0.7494485176985748,21.852,142.22591400146484
0.14091,1.0756203926985748,20.898,142.91908264160156
0.15372,1.0756203926985748,19.89,143.580322265625
0.12627,0.9451272286360748,18.894,144.21581268310547
0.12627,0.9451272286360748,17.814,144.78641510009766
0.14823,1.0756203926985748,16.842,145.33676147460938
0.11529,0.9451272286360748,16.014,145.8548355102539
0.12444,1.3040139473860748,15.096,146.3540267944336
0.12261,1.0756203926985748,13.914,146.81785583496094
0.10797,1.0430276192610748,12.876,147.2442626953125
0.10614,0.9125344551985748,12.078,147.63874053955078
0.10248,0.8146340645735748,11.076,148.0133056640625
0.10065,1.1409280098860748,9.894,148.34152221679688
0.09699,0.8799416817610748,8.922,148.64948272705078
0.11163,1.2061135567610748,8.142000000000001,148.9031982421875
0.09333,1.0756203926985748,7.146000000000001,149.14867401123047
0.07137,1.0756203926985748,6.132,149.3639373779297
0.07869,1.0756203926985748,5.052,149.53834533691406
0.07869,0.6841409005110748,5.052,149.53834533691406
0.07686,1.0756203926985748,4.044,149.68116760253906
0.07869,1.2387063301985748,2.9160000000000004,149.79103088378906
0.0549,1.2387063301985748,2.166,149.86724853515625
0.06039,1.2387063301985748,1.248,149.92046356201172
0.08967,1.2061135567610748,0.492,149.94003295898438
0.08601,1.2061135567610748,0.504,149.95548248291016
0.08601,1.1082131661360748,0.504,149.95548248291016
0.0732,1.0756203926985748,0.48,149.97093200683594
0.06405,1.0756203926985748,0.468,149.9860382080078
0.06222,1.0756203926985748,0.204,149.9959945678711
0.06954,1.0756203926985748,0.0239999999999999,149.9966812133789
0.06954,1.0756203926985748,0.0059999999999999,149.9966812133789
0.06771,1.0104348458235748,0.0059999999999999,149.99736785888672
0.06954,1.0104348458235748,0.0059999999999999,149.99839782714844
0.06954,1.0430276192610748,0.0059999999999999,149.99839782714844
0.06954,1.0756203926985748,0.0119999999999999,149.99736785888672
0.0732,1.0756203926985748,0.0119999999999999,149.99771118164062
0.0732,1.0756203926985748,0.0119999999999999,150.00011444091797
0.0732,1.0756203926985748,0.0059999999999999,149.99874114990234
0.0732,1.0104348458235748,0.0059999999999999,149.99874114990234
0.0732,1.0430276192610748,0.0059999999999999,150.00011444091797
0.0732,1.0756203926985748,0.0119999999999999,149.99977111816406
0.06954,1.0756203926985748,0.0059999999999999,150.0011444091797
0.06954,1.0756203926985748,0.0059999999999999,150.00011444091797
0.06405,1.0104348458235748,-0.0,149.99874114990234
0.03843,1.0756203926985748,-0.0119999999999999,149.99977111816406
-0.00183,1.0756203926985748,-0.066,149.99942779541016
-0.08052,1.0756203926985748,-0.6839999999999999,149.98775482177734
-0.1281,1.3040139473860748,-2.172,149.94380950927734
-0.1281,1.5650002755110748,-3.504,149.84664916992188
-0.13542,1.2387063301985748,-4.758,149.7058868408203
-0.14091,1.2387063301985748,-5.802,149.53044891357422
-0.15189,1.2714211739485748,-6.618,149.3258285522461
-0.13542,1.7606789864485748,-7.428000000000001,149.1012954711914
-0.15006,1.6301858223860748,-8.34,148.84105682373047
-0.16653,1.5975930489485748,-9.276,148.56021881103516
-0.14823,1.2387063301985748,-10.349999999999998,148.23474884033203
-0.15006,1.0756203926985748,-11.208,147.87185668945312
-0.16287,0.7494485176985748,-12.06,147.49591827392578
-0.17385,1.0756203926985748,-13.11,147.08770751953125
-0.17934,1.0756203926985748,-14.118,146.65477752685547
-0.15738,1.2061135567610748,-14.958,146.1792755126953
-0.18483,0.6841409005110748,-15.792000000000002,145.6903839111328
-0.18666,0.5536477364485748,-16.968,145.14896392822266
-0.18666,0.6841409005110748,-17.97,144.59758758544922
-0.17751,0.7494485176985748,-19.02,144.00707244873047
-0.18117,1.0756203926985748,-19.968,143.3609390258789
-0.19764,0.6841409005110748,-20.904,142.70965576171875
-0.20862,0.1295754708235748,-21.744000000000003,142.0360565185547
-0.21777,0.8146340645735748,-22.71,141.33533477783203
-0.22143,1.0430276192610748,-23.814,140.58998107910156
-0.22692,1.2387063301985748,-24.744,139.82608795166016
-0.20313,0.9778420723860748,-25.806,138.98529052734375
-0.2196,0.9451272286360748,-26.652,138.16612243652344
-0.21411,1.0430276192610748,-27.702,137.29991912841797
-0.21411,1.2387063301985748,-28.638,136.36505126953125
-0.20313,0.9451272286360748,-29.418,135.41919708251953
-0.21594,0.7494485176985748,-29.58,134.47574615478516
-0.20313,0.8146340645735748,-29.958,133.5051727294922
-0.19398,0.2927834786360748,-30.114,132.5438690185547
-0.2013,0.7820412911360748,-30.066,131.60385131835938
-0.21411,0.9451272286360748,-29.976000000000003,130.62984466552734
-0.19581,0.8799416817610748,-30.3,129.65652465820312
-0.18666,0.8473489083235748,-30.3,128.69590759277344
-0.20679,0.8473489083235748,-30.21,127.7548599243164
-0.20679,0.4558694161360748,-30.21,127.7548599243164
-0.20862,0.6189553536360748,-30.258,126.76128387451172
-0.19398,0.5210549630110748,-30.318,125.79551696777344
-0.19032,-0.0009176932389252,-30.318,124.8040008544922
-0.20862,0.1948830880110748,-30.228,123.83480072021484
-0.19764,-0.3270895682389252,-30.36,122.89787292480467
-0.19398,0.0317971505110747,-30.318,121.90841674804686
-0.18483,0.1948830880110748,-30.341999999999995,120.8880615234375
-0.21777,0.1948830880110748,-30.21,119.9483871459961
-0.21777,0.4231545723860748,-30.21,119.9483871459961
-0.19581,0.4558694161360748,-30.36,118.96270751953124
-0.183,0.5210549630110748,-30.396,117.98698425292967
-0.18849,0.3253762520735748,-30.282,117.00405120849608
-0.21594,0.5210549630110748,-30.246,116.03794097900388
-0.19215,0.4231545723860748,-30.33,115.03818511962888
-0.19398,0.4231545723860748,-30.33,114.0703582763672
-0.19398,-0.0986960135514252,-30.33,114.0703582763672
-0.20313,-0.0009176932389252,-30.186,113.06167602539062
-0.2013,-0.3923971854264252,-30.312,112.07633972167967
-0.19032,0.0969826973860747,-30.341999999999995,111.12533569335938
-0.19215,0.1948830880110748,-30.354,110.137939453125
-0.19947,0.1295754708235748,-30.174000000000003,109.15878295898438
-0.20862,0.1948830880110748,-30.372,108.15559387207033
-0.19032,0.1948830880110748,-30.402,107.19051361083984
-0.19764,0.1295754708235748,-30.228,106.2216567993164
-0.19947,0.4231545723860748,-30.246,105.2322006225586
-0.20679,-0.0009176932389252,-30.396,104.26403045654295
-0.19947,-0.0009176932389252,-30.336,103.25431823730467
-0.19947,-0.5554831229264252,-30.336,103.25431823730467
-0.19581,-0.0661032401139252,-30.192,102.3050308227539
-0.19398,-0.3923971854264252,-30.378,101.31900787353516
-0.2013,-0.2619040213639252,-30.348,100.32955169677734
-0.19581,-0.0335104666764252,-30.288,99.36515808105467
-0.19581,-0.0986960135514252,-30.258,98.36952209472656
-0.19032,0.0969826973860747,-30.39,97.38040924072266
-0.21045,0.1295754708235748,-30.341999999999995,96.41395568847656
-0.19581,0.1295754708235748,-30.258,95.4598617553711
-0.18849,0.1295754708235748,-30.3,94.48722839355467
-0.20679,-0.0009176932389252,-30.366,93.51322174072266
-0.20313,-0.3923971854264252,-30.282,92.5381851196289
-0.19947,-0.1640036307389252,-30.228,91.54460906982422
-0.19947,-0.6859762869889252,-30.27,90.61145782470705
-0.20496,-0.5554831229264252,-30.318,89.64397430419922
-0.19215,-0.7511618338639252,-30.306,88.64593505859375
-0.19581,-0.4249899588639252,-30.258,87.70832061767578
-0.20313,-0.2291891776139252,-30.36,86.73843383789062
-0.19398,-0.3923971854264252,-30.348,85.7431411743164
-0.19398,0.1295754708235748,-30.24,84.7756576538086
-0.19947,0.1295754708235748,-30.234,83.79512786865234
-0.20313,0.0969826973860747,-30.372,82.84000396728516
-0.20313,0.0969826973860747,-30.276,81.85226440429688
-0.20313,-0.0661032401139252,-30.276,81.85226440429688
-0.20496,-0.0009176932389252,-30.168,80.85010528564453
-0.18849,-0.7837546073014252,-30.3,79.89429473876953
-0.19581,-0.4575827323014252,-30.318,78.89968872070312
-0.2013,-0.9469626151139252,-30.228,77.93941497802734
-0.19032,-0.6206686698014252,-30.21,76.9478988647461
-0.19581,-0.6859762869889252,-30.354,76.00032806396484
-0.19947,-0.7185690604264252,-30.294,74.99061584472656
-0.19398,0.0317971505110747,-30.18,74.04579162597656
-0.19764,-0.0986960135514252,-30.264000000000003,73.05564880371094
-0.19398,0.1295754708235748,-30.39,72.08953857421875
-0.20313,0.1295754708235748,-30.258,71.14643096923828
-0.19947,0.0317971505110747,-30.168,70.14701843261719
-0.19581,-0.1314108573014252,-30.282,69.18468475341797
-0.2013,-0.3270895682389252,-30.306,68.21754455566406
-0.19215,-0.9142477713639252,-30.204,67.22362518310547
-0.19032,-0.7511618338639252,-30.222,66.25785827636719
-0.19581,-1.0447409354264252,-30.348,65.27183532714844
-0.2013,-0.9469626151139252,-30.282,64.32907104492188
-0.19032,-0.4901755057389252,-30.264000000000003,63.35643768310548
-0.19764,-0.3923971854264252,-30.276,62.369384765625
-0.19581,0.1295754708235748,-30.312,61.37992858886719
-0.20496,0.1295754708235748,-30.258,60.43270111083985
-0.19947,0.2600686348860748,-30.216,59.41886901855468
-0.19764,0.3253762520735748,-30.234,58.437309265136726
-0.19947,-0.1640036307389252,-30.36,57.480125427246094
-0.20313,-0.4901755057389252,-30.234,56.493072509765625
-0.19764,-0.6206686698014252,-30.204,55.530052185058594
-0.18483,-1.1100485526139252,-30.372,54.53716278076172
-0.18849,-0.9795553885514252,-30.312,53.56178283691406
-0.20679,-0.5554831229264252,-30.18,52.58502960205078
-0.19398,-0.7511618338639252,-30.252,51.63677215576172
-0.18666,0.0969826973860747,-30.354,50.64353942871094
-0.20313,-0.1314108573014252,-30.282,49.68086242675781
-0.20313,0.3253762520735748,-30.216,48.6855697631836
-0.19764,0.3579690255110748,-30.27,47.74349212646485
-0.2013,0.1622903145735748,-30.36,46.77120208740234
-0.20313,-0.0009176932389252,-30.168,45.78929901123047
-0.19398,-0.0661032401139252,-30.204,44.81460571289063
-0.19581,-0.7185690604264252,-30.336,43.8739013671875
-0.20313,-0.5554831229264252,-30.312,42.85594940185547
-0.19947,-0.9469626151139252,-30.168,41.910438537597656
-0.19764,-0.5554831229264252,-30.216,40.94432830810547
-0.19398,-0.3923971854264252,-30.354,39.96070861816406
-0.20496,-0.3923971854264252,-30.21,38.97022247314453
-0.19581,0.3905617989485748,-30.24,37.97527313232422
-0.19947,0.2927834786360748,-30.288,37.048301696777344
-0.19398,0.3253762520735748,-30.354,36.02142333984375
-0.21594,0.3253762520735748,-30.198000000000004,35.05256652832031
-0.21594,0.1295754708235748,-30.198000000000004,35.05256652832031
-0.20679,-0.0009176932389252,-30.288,34.06242370605469
-0.19947,-0.1640036307389252,-30.324,33.079490661621094
-0.18117,-0.5554831229264252,-30.324,32.05810546875
-0.20862,-0.5554831229264252,-30.234,31.11396789550781
-0.20313,-0.5227682791764252,-30.24,30.129318237304688
-0.18666,-0.2619040213639252,-30.354,29.160118103027347
-0.18666,-0.3923971854264252,-30.312,28.16448211669922
-0.20862,0.4231545723860748,-30.258,27.177772521972656
-0.19032,0.3579690255110748,-30.246,26.24496459960937
-0.183,0.2600686348860748,-30.354,25.213966369628903
-0.19764,0.2600686348860748,-30.228,24.275665283203125
-0.20679,0.2600686348860748,-30.204,23.30646514892578
-0.20679,0.4558694161360748,-30.204,23.30646514892578
-0.19764,0.5210549630110748,-30.288,22.33692169189453
-0.19032,-0.0009176932389252,-30.341999999999995,21.346778869628903
-0.21411,-0.1314108573014252,-30.186,20.410194396972656
-0.19032,-0.0009176932389252,-30.276,19.44133758544922
-0.19215,-0.1965964041764252,-30.372,18.4951400756836
-0.19581,-0.0661032401139252,-30.288,17.482681274414062
-0.20496,0.1295754708235748,-30.216,16.536483764648438
-0.19032,-0.0009176932389252,-30.33,15.566940307617188
-0.19398,0.2927834786360748,-30.348,14.580574035644531
-0.21228,0.2600686348860748,-30.228,13.634719848632812
-0.19581,0.1948830880110748,-30.228,12.657966613769531
-0.19764,0.6841409005110748,-30.324,11.680183410644531
-0.18849,0.6841409005110748,-30.306,10.708236694335938
-0.18849,0.1948830880110748,-30.306,10.708236694335938
-0.21045,0.6515481270735748,-30.186,9.734573364257812
-0.19032,0.4558694161360748,-30.276,8.793525695800781
-0.19032,0.3905617989485748,-30.27,7.8078460693359375
-0.2013,0.2927834786360748,-30.24,6.8300628662109375
-0.19947,0.4558694161360748,-30.204,5.8687591552734375
-0.20313,0.5210549630110748,-30.258,4.906425476074219
-0.19398,0.3579690255110748,-30.354,3.93035888671875
-0.21045,0.1948830880110748,-30.18,2.963905334472656
-0.19581,0.5863625801985748,-30.222,1.9792556762695312
-0.19215,0.6841409005110748,-30.294,0.9891128540039064
-0.19032,0.5210549630110748,-30.318,0.0120162963867187
-0.20679,0.9451272286360748,-30.174000000000003,-0.9437942504882814
-0.19398,0.5863625801985748,-30.288,-1.9136810302734373
-0.18666,1.0756203926985748,-30.312,-2.90863037109375
-0.19764,0.5863625801985748,-30.288,-3.898773193359375
-0.21045,0.7820412911360748,-30.12,-4.857673645019531
-0.19581,0.5863625801985748,-30.3,-5.8536529541015625
-0.19032,0.5210549630110748,-30.366,-6.81976318359375
-0.21228,0.4558694161360748,-30.174000000000003,-7.8105926513671875
-0.20313,0.6841409005110748,-30.228,-8.756103515625
-0.19032,0.5536477364485748,-30.348,-9.72393035888672
-0.20313,0.6841409005110748,-30.324,-10.66875457763672
-0.19947,1.0756203926985748,-30.144,-11.632804870605469
-0.18849,0.6841409005110748,-30.294,-12.622947692871094
-0.19581,1.3040139473860748,-30.336,-13.590087890625
-0.21045,0.8473489083235748,-30.252,-14.536972045898436
-0.20496,1.4345071114485748,-30.192,-15.531578063964844
-0.19581,1.2061135567610748,-30.27,-16.496315002441406
-0.2013,1.0104348458235748,-30.306,-17.481307983398438
-0.20679,1.0756203926985748,-30.186,-18.46080780029297
-0.19398,1.0756203926985748,-30.21,-19.43756103515625
-0.19398,0.7168557442610748,-30.21,-19.43756103515625
-0.20313,0.6515481270735748,-30.246,-20.40882110595703
-0.19398,0.9451272286360748,-30.3,-21.407546997070312
-0.20496,0.6841409005110748,-30.144,-22.347564697265625
-0.19764,1.0756203926985748,-30.282,-23.31161499023437
-0.19032,1.4019143380110748,-30.3,-24.303131103515625
-0.20496,1.4019143380110748,-30.27,-25.269927978515625
-0.20496,1.0756203926985748,-30.27,-25.269927978515625
-0.20862,1.8585793770735748,-30.18,-26.25801086425781
-0.19581,1.3040139473860748,-30.246,-27.20420837402344
-0.19581,1.4670998848860748,-30.3,-28.19091796875
-0.21228,1.2061135567610748,-30.168,-29.166984558105465
-0.19764,1.0756203926985748,-30.186,-30.14820098876953
-0.18483,1.0756203926985748,-30.282,-31.1404037475586
-0.19398,1.0756203926985748,-30.341999999999995,-32.13672637939453
-0.21777,1.1082131661360748,-30.096000000000004,-33.091163635253906
-0.19398,1.2387063301985748,-30.264000000000003,-34.046287536621094
-0.18117,1.2387063301985748,-30.366,-35.02784729003906
-0.2013,1.3691994942610748,-30.282,-36.00700378417969
-0.20862,1.3691994942610748,-30.138,-36.94599151611328
-0.20862,1.9237649239485748,-30.138,-36.94599151611328
-0.19032,1.7932717598860748,-30.3,-37.958106994628906
-0.20496,2.184751252073575,-30.288,-38.90499114990234
-0.2196,1.5650002755110748,-30.156,-39.89307403564453
-0.19398,1.3040139473860748,-30.252,-40.87841033935547
-0.18849,1.6301858223860748,-30.33,-41.86683654785156
-0.19581,1.1082131661360748,-30.33,-42.83981323242188
-0.20679,1.3366067208235748,-30.156,-43.79184722900391
-0.19032,1.5650002755110748,-30.336,-44.77100372314453
-0.19764,1.6954934395735748,-30.312,-45.77556610107422
-0.19398,1.7932717598860748,-30.294,-46.7578125
-0.21045,2.282651642698575,-30.198000000000004,-47.724266052246094
-0.19581,2.315244416136075,-30.33,-48.70960235595703
-0.18849,2.184751252073575,-30.36,-49.69390869140625
-0.18849,1.7280862130110748,-30.234,-50.67684173583984
-0.21228,1.6301858223860748,-30.276,-51.657371520996094
-0.19215,1.9237649239485748,-30.312,-52.598419189453125
-0.183,1.4019143380110748,-30.336,-53.62495422363281
-0.21045,1.6301858223860748,-30.162000000000003,-54.55879211425781
-0.20679,1.6954934395735748,-30.276,-55.51837921142578
-0.19032,1.8585793770735748,-30.294,-56.51641845703125
-0.18666,2.282651642698575,-30.354,-57.48321533203125
-0.21594,2.021665314573575,-30.198000000000004,-58.44383239746093
-0.19398,2.315244416136075,-30.312,-59.422645568847656
-0.18483,2.315244416136075,-30.341999999999995,-60.40660858154297
-0.19032,2.184751252073575,-30.228,-61.39812469482421
-0.20862,2.184751252073575,-30.264000000000003,-62.36629486083985
-0.18849,2.184751252073575,-30.354,-63.366737365722656
-0.18849,1.6301858223860748,-30.39,-64.33147430419922
-0.21228,2.184751252073575,-30.132000000000005,-65.26702880859375
-0.20862,1.7932717598860748,-30.312,-66.26712799072266
-0.18849,2.315244416136075,-30.306,-67.24971771240234
-0.18849,2.445737580198575,-30.27,-68.20964813232422
-0.2013,2.184751252073575,-30.246,-69.202880859375
-0.20313,2.706723908323575,-30.36,-70.1968002319336
-0.19581,2.706723908323575,-30.341999999999995,-71.16462707519531
-0.19581,2.315244416136075,-30.341999999999995,-71.16462707519531
-0.19398,2.184751252073575,-30.222,-72.158203125
-0.2013,2.282651642698575,-30.276,-73.0978775024414
-0.19764,2.511045197386075,-30.348,-74.09008026123047
-0.19032,1.9564797676985748,-30.324,-75.05001068115234
-0.19398,2.315244416136075,-30.21,-76.0250473022461
-0.20862,1.8585793770735748,-30.372,-77.01656341552734
-0.19764,2.478330353636075,-30.306,-77.97786712646484
-0.19215,2.282651642698575,-30.312,-78.9583969116211
-0.19947,2.315244416136075,-30.204,-79.92073059082031
-0.20862,2.674131134886075,-30.336,-80.9084701538086
-0.18849,2.315244416136075,-30.324,-81.87286376953125
-0.183,2.315244416136075,-30.234,-82.87296295166016
-0.183,2.608823517698575,-30.234,-82.87296295166016
-0.20313,2.674131134886075,-30.264000000000003,-83.84628295898438
-0.19947,2.674131134886075,-30.312,-84.79351043701172
-0.19947,2.739316681761075,-30.312,-84.79351043701172
-0.183,2.543637970823575,-30.348,-85.78948974609375
-0.18666,2.706723908323575,-30.24,-86.77825927734375
-0.19581,2.021665314573575,-30.312,-87.73887634277344
-0.20496,2.706723908323575,-30.24,-88.73863220214844
-0.19581,2.315244416136075,-30.33,-89.68860626220703
-0.19947,2.184751252073575,-30.21,-90.6863021850586
-0.19764,2.478330353636075,-30.378,-91.64417266845705
-0.19032,2.478330353636075,-30.36,-92.61234283447266
-0.19032,2.315244416136075,-30.36,-92.61234283447266
-0.19032,2.706723908323575,-30.24,-93.59458923339844
-0.19398,2.706723908323575,-30.252,-94.58026885986328
-0.20862,2.869809845823575,-30.372,-95.5312728881836
-0.19764,2.869809845823575,-30.3,-96.51660919189452
-0.19398,2.869809845823575,-30.174000000000003,-97.48306274414062
-0.18849,2.543637970823575,-30.336,-98.45603942871094
-0.20862,2.706723908323575,-30.282,-99.44343566894533
-0.19764,2.184751252073575,-30.264000000000003,-100.40679931640624
-0.18666,2.576230744261075,-30.222,-101.35780334472656
-0.20313,2.315244416136075,-30.39,-102.31842041015624
-0.2013,2.315244416136075,-30.348,-103.30615997314452
-0.19032,2.641538361448575,-30.306,-104.30522918701172
-0.19032,2.380552033323575,-30.354,-105.24593353271484
-0.20496,2.869809845823575,-30.378,-106.21273040771484
-0.19032,2.869809845823575,-30.294,-107.1829605102539
-0.19581,2.869809845823575,-30.258,-108.18065643310548
-0.19398,2.869809845823575,-30.372,-109.13440704345705
-0.19398,2.902524689573575,-30.372,-109.13440704345705
-0.20862,2.869809845823575,-30.3,-110.1321029663086
-0.18483,2.413144806761075,-30.27,-111.0769271850586
-0.19398,2.706723908323575,-30.252,-112.03857421875
-0.19947,2.054258088011075,-30.378,-113.0270004272461
-0.19215,2.413144806761075,-30.341999999999995,-113.9828109741211
-0.18849,2.315244416136075,-30.3,-114.94514465332033
-0.19398,2.315244416136075,-30.264000000000003,-115.92979431152344
-0.20313,2.772031525511075,-30.408,-116.90345764160156
-0.18849,2.706723908323575,-30.366,-117.84553527832033
-0.19947,3.000303009886075,-30.246,-118.83430480957033
-0.19398,2.869809845823575,-30.348,-119.80865478515624
-0.20313,2.935117463011075,-30.426,-120.8042907714844
-0.19398,3.033017853636075,-30.258,-121.79203033447264
-0.19032,3.033017853636075,-30.222,-122.750244140625
-0.19032,2.706723908323575,-30.222,-122.750244140625
-0.18483,2.380552033323575,-30.39,-123.7434768676758
-0.20862,2.641538361448575,-30.336,-124.71439361572266
-0.19764,2.315244416136075,-30.306,-125.69320678710938
-0.18849,2.282651642698575,-30.3,-126.64730072021484
-0.19581,2.772031525511075,-30.42,-127.63160705566403
-0.21045,2.772031525511075,-30.276,-128.594970703125
-0.21045,2.380552033323575,-30.276,-128.594970703125
-0.19215,2.869809845823575,-30.288,-129.59678649902344
-0.19398,3.065610627073575,-30.372,-130.58589935302734
-0.18849,3.000303009886075,-30.414,-131.56917572021484
-0.21045,3.000303009886075,-30.234,-132.54180908203125
-0.21045,2.935117463011075,-30.234,-132.54180908203125
-0.19398,2.739316681761075,-30.192,-133.5271453857422
-0.16836,2.739316681761075,-30.09,-134.461669921875
-0.16836,2.478330353636075,-30.09,-134.461669921875
-0.17934,2.706723908323575,-29.406,-135.41885375976562
-0.16287,2.119565705198575,-28.59,-136.35475158691406
-0.17385,2.184751252073575,-27.768,-137.24258422851562
-0.14823,2.184751252073575,-26.964,-138.11668395996094
-0.15738,1.9890725411360748,-25.914,-139.00211334228516
-0.1464,2.184751252073575,-24.924,-139.78076934814453
-0.13725,2.184751252073575,-24.03,-140.56114196777344
-0.15372,2.315244416136075,-23.1,-141.31336212158203
-0.12993,2.641538361448575,-22.242,-142.02232360839844
-0.13542,2.641538361448575,-21.102,-142.73231506347656
-0.13542,2.706723908323575,-21.102,-142.73231506347656
-0.11895,2.706723908323575,-20.112,-143.3774185180664
-0.13542,2.576230744261075,-19.134,-144.01016235351562
-0.14274,2.641538361448575,-18.18,-144.60102081298828
-0.12078,2.184751252073575,-17.286,-145.1784896850586
-0.12627,2.054258088011075,-16.35,-145.69793701171875
-0.10797,2.380552033323575,-15.084,-146.22047424316406
-0.12993,2.217466095823575,-14.178,-146.6626739501953
-0.12261,2.184751252073575,-13.296,-147.1072769165039
-0.12078,2.184751252073575,-12.378,-147.51754760742188
-0.1098,2.380552033323575,-11.268,-147.89451599121094
-0.11346,2.706723908323575,-10.488,-148.21826934814453
-0.10065,2.641538361448575,-9.546,-148.54854583740234
-0.08601,2.739316681761075,-8.448,-148.82869720458984
-0.08784,2.837217072386075,-7.266,-149.08172607421875
-0.08052,2.739316681761075,-6.3180000000000005,-149.29630279541016
-0.08601,2.706723908323575,-5.334,-149.47105407714844
-0.08601,2.315244416136075,-4.482,-149.62074279785156
-0.08601,2.315244416136075,-3.306,-149.73953247070312
-0.08601,2.445737580198575,-3.306,-149.73953247070312
-0.0549,2.380552033323575,-2.556,-149.83325958251953
-0.06039,2.543637970823575,-1.644,-149.8974609375
-0.06039,2.706723908323575,-1.14,-149.9359130859375
-0.03294,2.706723908323575,-0.888,-149.9692153930664
-0.03294,2.641538361448575,-0.888,-149.9692153930664
-0.04941,2.706723908323575,-0.228,-149.98226165771484
-0.06954,2.739316681761075,-0.03,-149.98329162597656
-0.06954,2.739316681761075,-0.054,-149.9846649169922
-0.07503,2.869809845823575,-0.054,-149.9853515625
-0.0732,2.706723908323575,-0.054,-149.98638153076172
-0.06954,2.804624298948575,-0.0479999999999999,-149.98947143554688
-0.07686,2.706723908323575,-0.036,-149.9905014038086
-0.08052,2.706723908323575,-0.036,-149.9911880493164
-0.07686,2.706723908323575,-0.042,-149.99290466308594
-0.08052,2.706723908323575,-0.036,-149.99393463134766
-0.07869,2.706723908323575,-0.036,-149.99462127685547
-0.08052,2.706723908323575,-0.036,-149.996337890625
-0.08052,2.706723908323575,-0.0239999999999999,-149.99874114990234
-0.07869,2.706723908323575,-0.018,-149.99805450439453
-0.07686,2.739316681761075,-0.0239999999999999,-149.99874114990234
-0.07869,2.706723908323575,-0.0119999999999999,-149.99874114990234
-0.06954,2.706723908323575,0.0059999999999999,-149.99874114990234
-0.04026,2.706723908323575,0.018,-150.00045776367188
0.00732,2.706723908323575,0.132,-149.99771118164062
0.07503,2.706723908323575,0.888,-149.9795150756836
0.16104,2.478330353636075,1.872,-149.93488311767578
0.15555,2.315244416136075,3.816,-149.83428955078125
0.13359,2.315244416136075,5.07,-149.67979431152344
0.12993,2.315244416136075,6.096,-149.50023651123047
0.14823,2.511045197386075,6.888,-149.28497314453125
0.13359,2.706723908323575,7.692,-149.04842376708984
0.14091,2.315244416136075,8.531999999999998,-148.77479553222656
0.15006,2.315244416136075,9.342,-148.48400115966797
0.1464,2.445737580198575,10.296,-148.17604064941406
0.1647,2.576230744261075,11.268,-147.83374786376953
0.16653,2.445737580198575,12.342,-147.44064331054688
0.17934,2.380552033323575,13.206,-147.0238494873047
0.18483,2.347959259886075,14.16,-146.58714294433594
0.17568,2.380552033323575,15.228,-146.1243438720703
0.17934,2.380552033323575,16.266000000000002,-145.59974670410156
0.17934,2.086972931761075,16.266000000000002,-145.59974670410156
0.17202,2.184751252073575,17.088,-145.0686264038086
0.18849,2.184751252073575,18.102,-144.49012756347656
0.18849,2.413144806761075,18.102,-144.49012756347656
0.19032,2.184751252073575,19.068,-143.8776397705078
0.19032,2.184751252073575,20.052,-143.24901580810547
0.18483,2.119565705198575,20.988,-142.5867462158203
0.18483,1.7932717598860748,22.194,-141.87881469726562
0.18849,1.8585793770735748,23.070000000000004,-141.14994049072266
0.2013,2.217466095823575,24.006,-140.4004669189453
0.20496,2.315244416136075,24.894,-139.60739135742188
0.22692,2.184751252073575,25.974,-138.77758026123047
0.20679,2.315244416136075,27.054,-137.94708251953125
0.21411,2.674131134886075,27.93,-137.05753326416016
0.21228,2.706723908323575,28.733999999999995,-136.1528778076172
0.21045,2.772031525511075,29.472,-135.2080535888672
0.18483,2.739316681761075,29.856,-134.2694091796875
0.183,2.804624298948575,29.976000000000003,-133.3019256591797
0.20679,2.706723908323575,29.982,-132.34474182128906
0.20496,2.543637970823575,30.132000000000005,-131.3580322265625
0.18117,2.706723908323575,30.276,-130.41526794433594
0.19581,1.7606789864485748,30.222,-129.4083023071289
0.2013,2.706723908323575,30.192,-128.46622467041016
0.18849,2.054258088011075,30.294,-127.47779846191408
0.17934,2.804624298948575,30.312,-126.51580810546876
0.18666,2.739316681761075,30.186,-125.52257537841798
0.20679,2.869809845823575,30.228,-124.53174591064452
0.19215,2.869809845823575,30.414,-123.54881286621097
0.19215,2.837217072386075,30.414,-123.54881286621097
0.18666,3.261289338011075,30.336,-122.5847625732422
0.18849,2.706723908323575,30.288,-121.60869598388672
0.19947,3.000303009886075,30.372,-120.62473297119142
0.18666,3.000303009886075,30.354,-119.65518951416014
0.18666,2.641538361448575,30.354,-119.65518951416014
0.183,2.282651642698575,30.258,-118.6859893798828
0.19947,2.315244416136075,30.306,-117.74356842041016
0.20313,2.054258088011075,30.36,-116.7788314819336
0.17934,2.347959259886075,30.366,-115.77632904052736
0.183,2.511045197386075,30.312,-114.81262207031249
0.19947,2.772031525511075,30.24,-113.83140563964844
0.19764,2.935117463011075,30.378,-112.8402328491211
0.18666,3.000303009886075,30.294,-111.88304901123048
0.18849,2.706723908323575,30.264000000000003,-110.90526580810548
0.19947,2.935117463011075,30.354,-109.91958618164062
0.18117,2.641538361448575,30.408,-108.93836975097656
0.18483,2.250058869261075,30.264000000000003,-107.95646667480467
0.19032,2.250058869261075,30.264000000000003,-106.97010040283205
0.18483,1.9564797676985748,30.402,-105.9734344482422
0.19581,2.837217072386075,30.366,-104.98363494873048
0.19215,2.706723908323575,30.282,-103.98971557617188
0.19032,2.869809845823575,30.282,-103.02085876464844
0.17751,3.000303009886075,30.444,-102.03311920166016
0.20496,2.869809845823575,30.288,-101.07318878173828
0.18849,2.641538361448575,30.264000000000003,-100.12733459472656
0.17934,2.837217072386075,30.324,-99.1574478149414
0.19398,2.413144806761075,30.39,-98.16593170166016
0.19581,2.543637970823575,30.234,-97.22728729248048
0.18849,2.282651642698575,30.252,-96.20624542236328
0.183,1.8911721505110748,30.366,-95.26451110839844
0.2013,2.380552033323575,30.336,-94.27711486816406
0.18849,2.315244416136075,30.24,-93.30276489257812
0.17934,2.772031525511075,30.288,-92.33631134033205
0.18849,2.869809845823575,30.318,-91.34857177734376
0.2013,2.869809845823575,30.222,-90.40477752685548
0.18483,2.837217072386075,30.318,-89.4118881225586
0.18483,2.804624298948575,30.324,-88.42689514160156
0.18849,2.511045197386075,30.33,-87.45838165283203
0.2013,2.706723908323575,30.24,-86.46480560302734
0.18117,2.054258088011075,30.288,-85.49972534179688
0.18483,2.021665314573575,30.324,-84.56108093261719
0.19032,2.315244416136075,30.372,-83.55926513671875
0.18666,1.7932717598860748,30.264000000000003,-82.59590148925781
0.18849,2.315244416136075,30.264000000000003,-81.61125183105469
0.18483,2.478330353636075,30.33,-80.65681457519531
0.19581,2.869809845823575,30.24,-79.6677017211914
0.18849,2.739316681761075,30.234,-78.70708465576172
0.18483,2.706723908323575,30.276,-77.71419525146484
0.17934,2.706723908323575,30.414,-76.74018859863281
0.20679,2.772031525511075,30.228,-75.75862884521484
0.18666,2.184751252073575,30.252,-74.78874206542969
0.18483,2.282651642698575,30.336,-73.79791259765625
0.18849,2.184751252073575,30.348,-72.85377502441406
0.20313,1.8259866036360748,30.234,-71.86981201171875
0.183,2.315244416136075,30.306,-70.872802734375
0.17385,1.7932717598860748,30.408,-69.88197326660156
0.19032,2.315244416136075,30.246,-68.91826629638672
0.19215,2.315244416136075,30.246,-67.92434692382812
0.18117,2.380552033323575,30.312,-66.93317413330078
0.17385,2.315244416136075,30.372,-65.99006652832031
0.19947,2.608823517698575,30.15,-65.00267028808594
0.19947,2.054258088011075,30.294,-64.00566101074219
0.19032,2.119565705198575,30.324,-63.00006866455078
0.18483,2.119565705198575,30.276,-62.0343017578125
0.18483,1.6301858223860748,30.27,-61.0125732421875
0.2013,2.119565705198575,30.324,-60.02655029296874
0.19215,1.6301858223860748,30.384,-59.03949737548828
0.18483,2.119565705198575,30.186,-58.09123992919922
0.19032,2.152158478636075,30.264000000000003,-57.12272644042969
0.20862,2.184751252073575,30.276,-56.13945007324219
0.183,2.282651642698575,30.384,-55.16681671142578
0.18117,2.315244416136075,30.21,-54.21958923339844
0.19398,2.184751252073575,30.27,-53.23493957519531
0.19581,2.315244416136075,30.312,-52.2451400756836
0.17751,2.054258088011075,30.24,-51.27113342285156
0.18849,1.4670998848860748,30.27,-50.29163360595703
0.2013,1.4670998848860748,30.348,-49.32106018066406
0.2013,1.6301858223860748,30.348,-49.32106018066406
0.19581,1.1082131661360748,30.366,-48.326454162597656
0.183,1.6301858223860748,30.234,-47.38197326660156
0.18849,1.3040139473860748,30.24,-46.39663696289063
0.20496,1.6629006661360748,30.264000000000003,-45.42469024658203
0.18483,1.7932717598860748,30.378,-44.43214416503906
0.18849,1.9890725411360748,30.174000000000003,-43.45058441162109
0.18849,1.8911721505110748,30.276,-42.458038330078125
0.2013,2.282651642698575,30.36,-41.48506164550781
0.19947,1.7932717598860748,30.264000000000003,-40.49594879150391
0.19947,1.8585793770735748,30.192,-39.539794921875
0.17934,1.6301858223860748,30.318,-38.53900909423828
0.19398,0.9778420723860748,30.414,-37.54817962646485
0.18666,1.6301858223860748,30.168,-36.58550262451172
0.17934,1.2061135567610748,30.21,-35.612525939941406
0.18117,1.4996926583235748,30.234,-34.61997985839844
0.19398,1.5650002755110748,30.306,-33.65730285644531
0.183,1.6301858223860748,30.126,-32.71282196044922
0.18483,1.7932717598860748,30.276,-31.71649932861328
0.19581,1.7932717598860748,30.312,-30.75519561767578
0.19947,1.7932717598860748,30.24,-29.786338806152344
0.19947,1.6301858223860748,30.24,-29.786338806152344
0.18849,1.6301858223860748,30.204,-28.794136047363285
0.183,1.6301858223860748,30.258,-27.82699584960937
0.2013,0.7168557442610748,30.36,-26.86809539794922
0.17934,1.2714211739485748,30.144,-25.86490631103516
0.183,0.6841409005110748,30.24,-24.90325927734375
0.19398,0.6841409005110748,30.27,-23.938865661621094
0.19398,1.0756203926985748,30.27,-23.938865661621094
0.19215,0.9451272286360748,30.294,-22.94116973876953
0.19032,1.2387063301985748,30.15,-22.001495361328125
0.18849,1.4345071114485748,30.246,-21.03504180908203
0.19764,1.4345071114485748,30.222,-20.0442123413086
0.19764,1.4345071114485748,30.228,-19.071578979492188
0.19398,1.6301858223860748,30.192,-18.1109619140625
0.18666,1.3691994942610748,30.228,-17.097816467285156
0.19581,1.1735207833235748,30.384,-16.14269256591797
0.18666,1.0756203926985748,30.234,-15.180358886718752
0.18849,0.5210549630110748,30.21,-14.198455810546877
0.18849,1.0756203926985748,30.3,-13.245735168457031
0.19215,0.4884621895735748,30.318,-12.232589721679688
0.19032,0.7820412911360748,30.144,-11.294631958007812
0.183,0.9778420723860748,30.276,-10.298995971679688
0.18849,0.8473489083235748,30.282,-9.309196472167969
0.2013,1.2387063301985748,30.264000000000003,-8.321456909179688
0.19032,1.2061135567610748,30.174000000000003,-7.356719970703125
0.17934,1.0756203926985748,30.3,-6.357994079589844
0.19581,1.0756203926985748,30.318,-5.397377014160156
0.20862,0.9125344551985748,30.162000000000003,-4.408950805664063
0.18666,0.2927834786360748,30.3,-3.46343994140625
0.17751,0.5210549630110748,30.336,-2.470893859863281
0.2013,0.1295754708235748,30.306,-1.505126953125
0.19032,0.5536477364485748,30.15,-0.512237548828125
0.18483,0.3905617989485748,30.282,0.4301834106445312
0.19032,0.5863625801985748,30.3,1.4237594604492188
0.18849,0.9778420723860748,30.234,2.3933029174804688
0.18666,0.7494485176985748,30.186,3.3789825439453125
0.183,0.7494485176985748,30.306,4.3471527099609375
0.18849,0.7168557442610748,30.312,5.333518981933594
0.20496,0.5210549630110748,30.18,6.331558227539063
0.19947,0.5210549630110748,30.276,7.309341430664062
0.18483,0.4558694161360748,30.33,8.303604125976562
0.18483,-0.1640036307389252,30.348,9.253921508789062
0.20862,0.1295754708235748,30.132000000000005,10.266380310058594
0.18483,0.0317971505110747,30.222,11.206398010253906
0.183,0.0317971505110747,30.27,12.2003173828125
0.183,0.1295754708235748,30.27,12.2003173828125
0.18483,0.3253762520735748,30.246,13.170890808105469
0.22875,0.3253762520735748,29.586,14.14215087890625
0.22875,0.5863625801985748,29.586,14.14215087890625
0.19581,0.6515481270735748,30.336,15.088348388671871
0.17751,0.6841409005110748,30.534,16.084327697753906
0.2013,0.5210549630110748,30.294,17.055587768554688
0.19398,0.5210549630110748,30.252,18.03749084472656
0.19398,0.4558694161360748,30.252,18.03749084472656
0.183,0.1622903145735748,30.378,19.038619995117188
0.18117,-0.1640036307389252,30.43200000000001,20.0002670288086
0.21045,-0.0009176932389252,30.198000000000004,20.99040985107422
0.19215,-0.5227682791764252,30.324,21.939353942871094
0.18666,-0.0009176932389252,30.372,22.95215606689453
0.18849,-0.0009176932389252,30.27,23.89698028564453
0.18849,-0.1314108573014252,30.27,23.89698028564453
0.20679,0.1295754708235748,30.168,24.86652374267578
0.18483,0.1295754708235748,30.234,25.85975646972656
0.19032,0.0317971505110747,30.318,26.81968688964844
0.19581,0.1295754708235748,30.222,27.81017303466797
0.20862,0.3905617989485748,30.282,28.799972534179688
0.183,-0.0009176932389252,30.354,29.74857330322266
0.183,0.0317971505110747,30.36,30.70781707763672
0.19947,-0.1965964041764252,30.21,31.709976196289062
0.19581,-0.5554831229264252,30.312,32.646217346191406
0.183,-0.5554831229264252,30.324,33.61198425292969
0.183,-0.8490622244889252,30.252,34.611053466796875
0.21045,-0.4249899588639252,30.216,35.59295654296875
0.19581,-0.2291891776139252,30.3,36.58172607421875
0.183,-0.1640036307389252,30.378,37.57598876953125
0.17568,0.1295754708235748,30.24,38.54827880859375
0.19947,0.3253762520735748,30.33,39.527435302734375
0.19215,-0.0009176932389252,30.336,40.48839569091797
0.17934,0.2274758614485748,30.288,41.495704650878906
0.18849,-0.2619040213639252,30.174000000000003,42.43812561035156
0.20313,-0.5880758963639252,30.276,43.42208862304688
0.17568,-0.5554831229264252,30.336,44.4012451171875
0.183,-1.1100485526139252,30.222,45.38864135742188
0.20496,-0.5554831229264252,30.18,46.34857177734375
0.18849,-0.4901755057389252,30.294,47.303009033203125
0.18483,-0.3270895682389252,30.324,48.26534271240234
0.18666,-0.1640036307389252,30.174000000000003,49.25376892089844
0.20862,0.1295754708235748,30.234,50.22262573242188
0.17934,0.0969826973860747,30.312,51.17053985595703
0.183,0.1295754708235748,30.288,52.15381622314453
0.19947,-0.2944967948014252,30.174000000000003,53.12267303466797
0.19764,-0.1965964041764252,30.348,54.0688705444336
0.18849,-0.7185690604264252,30.372,55.062103271484375
0.19215,-1.1426413260514252,30.21,56.0464096069336
0.20862,-0.9469626151139252,30.228,57.018699645996094
0.19764,-1.1426413260514252,30.324,58.00781249999999
0.19215,-0.9469626151139252,30.3,58.9691162109375
0.18483,-0.3596823416764252,30.21,59.97093200683593
0.20496,0.0643899239485747,30.228,60.90957641601563
0.19764,0.1295754708235748,30.348,61.91928863525391
0.183,0.1295754708235748,30.306,62.86823272705078
0.19032,-0.3270895682389252,30.216,63.86283874511718
0.21228,-0.3270895682389252,30.264000000000003,64.81521606445312
0.21228,-0.2291891776139252,30.264000000000003,64.81521606445312
0.18666,-0.8816549979264252,30.366,65.8139419555664
0.19581,-1.0447409354264252,30.24,66.78382873535156
0.20496,-1.2405417166764252,30.228,67.7475357055664
0.20496,-1.2405417166764252,30.348,68.71570587158203
0.20496,-1.4036276541764252,30.348,68.71570587158203
0.183,-0.7837546073014252,30.288,69.72026824951172
0.19032,-0.7837546073014252,30.192,70.69976806640625
0.2013,-0.1314108573014252,30.21,71.65935516357422
0.19581,-0.1314108573014252,30.306,72.64572143554688
0.19581,0.1295754708235748,30.306,72.64572143554688
0.19032,0.1295754708235748,30.282,73.62350463867188
0.18849,-0.0009176932389252,30.222,74.5858383178711
0.19764,-0.0009176932389252,30.282,75.57666778564453
0.19947,-0.8490622244889252,30.354,76.59908294677734
0.19764,-0.8816549979264252,30.234,77.58064270019531
0.19398,-1.1752340994889252,30.192,78.52581024169922
0.19947,-1.1100485526139252,30.3,79.52041625976562
0.19764,-0.6859762869889252,30.324,80.46283721923828
0.2013,-0.6859762869889252,30.174000000000003,81.4529800415039
0.19398,-0.2291891776139252,30.204,82.3978042602539
0.20313,0.0969826973860747,30.336,83.39069366455078
0.19764,0.0969826973860747,30.228,84.3478775024414
0.19764,0.1295754708235748,30.228,84.3478775024414
0.18849,0.0317971505110747,30.24,85.34351348876953
0.183,-0.0009176932389252,30.354,86.33674621582031
0.20496,-0.5554831229264252,30.372,87.27848052978516
0.19398,-0.2944967948014252,30.204,88.24562072753906
0.18666,-0.7837546073014252,30.24,89.24057006835938
0.19947,-0.7185690604264252,30.384,90.22178649902344
0.20496,-0.7511618338639252,30.33,91.19441986083984
0.19581,-0.9469626151139252,30.198000000000004,92.164306640625
0.19764,-0.1314108573014252,30.258,93.12629699707033
0.2013,-0.2944967948014252,30.36,94.13909912109376
0.20313,0.1295754708235748,30.252,95.08769989013672
0.19032,0.1295754708235748,30.276,96.07681274414062
0.19398,0.0317971505110747,30.318,97.06008911132812
0.19581,-0.0009176932389252,30.426,98.05641174316406
0.2013,-0.0661032401139252,30.258,99.02835845947266
0.19398,-0.6206686698014252,30.234,100.03326416015624
0.18849,-0.6532614432389252,30.366,100.99834442138672
0.20313,-0.5554831229264252,30.341999999999995,101.9534683227539
0.20313,-0.9469626151139252,30.234,102.9364013671875
0.19947,-0.0661032401139252,30.282,103.94474029541016
0.17934,-0.1314108573014252,30.384,104.90192413330078
0.19947,0.1295754708235748,30.24,105.88485717773438
0.21045,0.1295754708235748,30.282,106.87328338623048
0.183,0.3253762520735748,30.33,107.84454345703124
0.17934,0.0317971505110747,30.426,108.8360595703125
0.20862,0.1295754708235748,30.228,109.7966766357422
0.19947,-0.0661032401139252,30.228,110.7421875
0.19032,-0.0661032401139252,30.384,111.71241760253906
0.19032,-0.2944967948014252,30.36,112.70256042480467
0.2196,-0.5554831229264252,30.222,113.66592407226562
0.19947,-0.1314108573014252,30.276,114.66224670410158
0.18483,-0.3923971854264252,30.402,115.62973022460938
0.2013,0.0969826973860747,30.186,116.61369323730467
0.20679,0.1948830880110748,30.27,117.6089859008789
0.20496,0.2927834786360748,30.341999999999995,118.62247467041016
0.18483,0.3905617989485748,30.42,119.564208984375
0.19581,0.5863625801985748,30.234,120.55538177490234
0.2013,0.2600686348860748,30.336,121.52664184570312
0.18666,0.4558694161360748,30.378,122.46494293212892
0.18666,0.1295754708235748,30.312,123.45542907714844
0.20313,-0.1965964041764252,30.27,124.42462921142577
0.21228,0.0317971505110747,30.341999999999995,125.4096221923828
0.18666,-0.2944967948014252,30.444,126.37847900390624
0.18849,0.1295754708235748,30.246,127.33257293701172
0.21228,-0.0335104666764252,30.216,128.31584930419922
0.19398,0.2927834786360748,30.312,129.27783966064453
0.18117,0.6189553536360748,30.450000000000003,130.27828216552734
0.19215,0.6515481270735748,30.24,131.2419891357422
0.20862,0.6515481270735748,30.318,132.22869873046875
0.20862,0.6841409005110748,30.318,132.22869873046875
0.19032,0.9451272286360748,30.318,133.20030212402344
0.17934,0.8146340645735748,30.09,134.18598175048828
0.18483,0.9125344551985748,29.58,135.10814666748047
0.17019,0.8799416817610748,28.836,136.06189727783203
0.13908,0.5536477364485748,28.212,136.9662094116211
0.17385,0.5210549630110748,27.102,137.86296844482422
0.14457,0.5210549630110748,26.124,138.7305450439453
0.15189,0.8473489083235748,25.248,139.56138610839844
0.16287,0.5536477364485748,24.336,140.3331756591797
0.14457,1.1409280098860748,23.448,141.10702514648438
0.15738,1.1409280098860748,22.23,141.85718536376953
0.15738,1.0756203926985748,22.23,141.85718536376953
0.14823,1.0756203926985748,21.450000000000003,142.53662109375
0.15921,1.0756203926985748,20.412,143.2126235961914
0.15921,0.7494485176985748,20.412,143.2126235961914
0.1281,0.7168557442610748,19.47,143.8488006591797
0.11346,0.6515481270735748,18.516,144.45133209228516
0.13908,0.6841409005110748,17.37,145.02639770507812
0.13176,1.0430276192610748,16.392,145.5750274658203
0.13908,0.8473489083235748,15.552,146.06529235839844
0.10614,0.6841409005110748,14.562,146.55899047851562
0.10797,1.1082131661360748,13.434,147.0029067993164
0.11895,1.1082131661360748,12.492,147.4138641357422
0.11895,1.2387063301985748,12.492,147.4138641357422
0.10797,1.1735207833235748,11.664,147.80284881591797
0.10248,1.1735207833235748,10.65,148.1502914428711
0.10248,1.1409280098860748,10.65,148.1502914428711
0.10797,1.0756203926985748,9.408,148.4630584716797
0.1098,1.2387063301985748,8.568,148.7497329711914
0.08418,1.3040139473860748,7.728,149.00653839111328
0.09333,1.2387063301985748,6.72,149.2321014404297
0.08601,1.3040139473860748,5.604,149.43225860595703
0.08601,1.3040139473860748,4.572,149.59705352783203
0.06588,1.5650002755110748,3.756,149.7223663330078
0.06954,1.5650002755110748,2.76,149.8198699951172
0.06954,1.0756203926985748,2.76,149.8198699951172
0.05673,1.1409280098860748,1.884,149.88853454589844
0.07137,1.0756203926985748,0.864,149.92870330810547
0.08967,1.0756203926985748,0.468,149.94243621826172
0.08601,1.0756203926985748,0.522,149.96097564697266
0.0732,1.0756203926985748,0.444,149.9740219116211
0.05673,1.0756203926985748,0.468,149.98741149902344
0.05673,1.0430276192610748,0.468,149.98741149902344
0.06954,1.0756203926985748,0.0959999999999999,149.99736785888672
0.07137,1.1409280098860748,0.018,149.996337890625
0.0732,1.0756203926985748,0.018,149.99908447265625
0.07503,1.0756203926985748,0.018,149.99736785888672
0.06954,1.0756203926985748,0.018,149.99874114990234
0.0732,1.0756203926985748,0.0119999999999999,149.99771118164062
0.07503,1.0756203926985748,0.0119999999999999,149.99874114990234
0.06954,1.0756203926985748,0.0059999999999999,149.99874114990234
0.0732,1.0756203926985748,0.0059999999999999,149.99977111816406
0.07137,1.0104348458235748,0.0059999999999999,150.00045776367188
0.0732,1.0756203926985748,0.0059999999999999,150.00045776367188
0.06954,1.0756203926985748,-0.0,150.00011444091797
0.06954,1.1082131661360748,0.0059999999999999,149.99977111816406
0.06771,1.0756203926985748,-0.0,149.99874114990234
0.04758,1.0756203926985748,-0.0059999999999999,149.99908447265625
-0.00183,1.0756203926985748,-0.042,149.99977111816406
-0.08052,1.1735207833235748,-0.582,149.98947143554688
-0.12993,1.2387063301985748,-1.866,149.95342254638672
-0.12993,1.5650002755110748,-3.438,149.85763549804688
-0.15189,1.2387063301985748,-4.608,149.7213363647461
-0.14274,1.2387063301985748,-5.682,149.54418182373047
-0.15189,1.0756203926985748,-6.545999999999999,149.3364715576172
-0.13542,1.7932717598860748,-7.41,149.10919189453125
-0.1647,1.7932717598860748,-8.322000000000001,148.8479232788086
-0.16287,1.7932717598860748,-9.227999999999998,148.56983184814453
-0.16287,1.4996926583235748,-10.248,148.25157165527344
-0.15921,1.1409280098860748,-11.172,147.90206909179688
-0.15189,1.1082131661360748,-12.03,147.51617431640625
-0.16836,1.1409280098860748,-13.038,147.12032318115234
-0.17385,1.0104348458235748,-14.046,146.66988372802734
-0.16104,1.0104348458235748,-14.928,146.1954116821289
-0.16104,1.1735207833235748,-14.928,146.1954116821289
-0.18483,1.0756203926985748,-15.773999999999996,145.69416046142578
-0.17751,1.1735207833235748,-16.986,145.14209747314453
-0.18849,0.8473489083235748,-18.006,144.59003448486328
-0.17934,0.5863625801985748,-19.086,143.96827697753906
-0.17751,0.8146340645735748,-20.004,143.3221435546875
-0.18849,0.8473489083235748,-20.982,142.66674041748047
-0.19764,0.6841409005110748,-21.774,141.9594955444336
-0.21228,1.0430276192610748,-22.914,141.2343978881836
-0.18849,1.2387063301985748,-23.988000000000003,140.46844482421875
-0.2013,1.4019143380110748,-24.99,139.65408325195312
-0.21594,1.2387063301985748,-25.89,138.8390350341797
-0.20313,1.0756203926985748,-26.85,137.97008514404297
-0.21777,1.1082131661360748,-27.936,137.07504272460938
-0.19764,1.0756203926985748,-28.8,136.16077423095703
-0.20679,1.1409280098860748,-29.472,135.2039337158203
-0.21045,0.8473489083235748,-29.646000000000004,134.24297332763672
-0.18117,0.6841409005110748,-30.0,133.30535888671875
-0.18849,0.8146340645735748,-30.15,132.30079650878906
-0.19032,0.7494485176985748,-30.036,131.3642120361328
-0.19215,0.7494485176985748,-30.042,130.38402557373047
-0.19215,1.0104348458235748,-30.042,130.38402557373047
-0.17934,0.5210549630110748,-30.228,129.41688537597656
-0.19581,0.0969826973860747,-30.324,128.43257904052734
-0.19947,0.4231545723860748,-30.192,127.46990203857423
-0.17934,0.0317971505110747,-30.354,126.49658203125
-0.18666,0.1948830880110748,-30.312,125.51158905029295
-0.19947,0.1948830880110748,-30.3,124.54925537109376
-0.19947,0.3579690255110748,-30.3,124.54925537109376
-0.19581,0.1948830880110748,-30.252,123.55430603027344
-0.18483,0.5536477364485748,-30.384,122.5861358642578
-0.18666,0.6841409005110748,-30.366,121.60285949707033
-0.20496,0.6841409005110748,-30.27,120.6470489501953
-0.20313,0.7168557442610748,-30.24,119.63905334472656
-0.18849,0.5210549630110748,-30.396,118.6526870727539
-0.18483,0.0317971505110747,-30.318,117.70305633544922
-0.20862,0.0317971505110747,-30.168,116.7348861694336
-0.20862,0.2600686348860748,-30.168,116.7348861694336
-0.19032,-0.1965964041764252,-30.396,115.751953125
-0.18849,-0.0009176932389252,-30.318,114.7796630859375
-0.18849,-0.1965964041764252,-30.318,113.7847137451172
-0.19947,0.1295754708235748,-30.216,112.84503936767578
-0.18666,0.1295754708235748,-30.336,111.87995910644533
-0.17568,0.1295754708235748,-30.341999999999995,110.8856964111328
-0.20679,0.1948830880110748,-30.3,109.91580963134766
-0.20862,0.1948830880110748,-30.222,108.92601013183594
-0.20862,0.5536477364485748,-30.222,108.92601013183594
-0.18849,0.1295754708235748,-30.372,107.93930053710938
-0.18483,0.3579690255110748,-30.354,106.99138641357422
-0.20862,0.0969826973860747,-30.168,106.02699279785156
-0.19581,-0.1640036307389252,-30.288,105.08766174316406
-0.17934,-0.0009176932389252,-30.43200000000001,104.06455993652344
-0.19032,-0.3923971854264252,-30.36,103.12419891357422
-0.20862,-0.0009176932389252,-30.192,102.13611602783205
-0.18483,-0.0335104666764252,-30.378,101.16348266601562
-0.18483,-0.0009176932389252,-30.348,100.17608642578124
-0.20313,-0.0009176932389252,-30.27,99.21306610107422
-0.20313,0.1295754708235748,-30.27,99.21306610107422
-0.20496,0.1295754708235748,-30.264000000000003,98.21983337402344
-0.18849,0.1295754708235748,-30.366,97.2502899169922
-0.19032,0.0643899239485747,-30.33,96.2628936767578
-0.19947,0.0643899239485747,-30.204,95.29197692871094
-0.19947,-0.0009176932389252,-30.204,95.29197692871094
-0.20313,-0.4575827323014252,-30.288,94.30389404296876
-0.19032,-0.2291891776139252,-30.372,93.31478118896484
-0.18117,-0.6859762869889252,-30.312,92.34661102294922
-0.19581,-0.4901755057389252,-30.234,91.3516616821289
-0.19581,-0.3923971854264252,-30.341999999999995,90.41370391845705
-0.19215,-0.4249899588639252,-30.318,89.40055847167969
-0.18117,0.0317971505110747,-30.276,88.44989776611328
-0.20313,0.0317971505110747,-30.258,87.49065399169922
-0.18849,0.1948830880110748,-30.354,86.49845123291016
-0.18483,0.1948830880110748,-30.288,85.50247192382812
-0.18483,0.1295754708235748,-30.288,85.50247192382812
-0.18849,-0.0009176932389252,-30.234,84.5559310913086
-0.21228,-0.2291891776139252,-30.282,83.57643127441406
-0.18483,-0.0661032401139252,-30.324,82.60173797607422
-0.18666,-0.8164694510514252,-30.228,81.61022186279297
-0.19215,-0.5554831229264252,-30.246,80.62179565429688
-0.2013,-0.7837546073014252,-30.336,79.63680267333984
-0.18849,-0.5554831229264252,-30.306,78.63807678222656
-0.18117,-0.1965964041764252,-30.24,77.6736831665039
-0.19398,-0.1640036307389252,-30.228,76.69212341308594
-0.19947,0.1295754708235748,-30.36,75.73734283447266
-0.19581,0.1295754708235748,-30.282,74.72591400146484
-0.19032,0.0969826973860747,-30.156,73.78211975097656
-0.19032,-0.0009176932389252,-30.27,72.79266357421875
-0.2013,-0.4249899588639252,-30.336,71.79908752441406
-0.18849,-0.8816549979264252,-30.246,70.8343505859375
-0.19032,-0.7837546073014252,-30.186,69.8452377319336
-0.18483,-0.9469626151139252,-30.36,68.85269165039062
-0.19947,-0.9469626151139252,-30.27,67.906494140625
-0.19398,-0.1314108573014252,-30.21,66.92665100097656
-0.19032,-0.2291891776139252,-30.3,65.90869903564453
-0.19215,0.1295754708235748,-30.402,64.95838165283203
-0.20679,0.1622903145735748,-30.246,63.97579193115234
-0.19032,0.1948830880110748,-30.186,62.99697875976562
-0.18483,0.0643899239485747,-30.282,62.057647705078125
-0.2013,-0.1640036307389252,-30.294,61.04827880859374
-0.19215,-0.5880758963639252,-30.186,60.102081298828125
-0.18849,-0.5554831229264252,-30.21,59.12979125976562
-0.18849,-1.1752340994889252,-30.372,58.150634765625
-0.20496,-1.1100485526139252,-30.312,57.17628479003906
-0.19215,-0.8164694510514252,-30.21,56.18442535400391
-0.19032,-0.8164694510514252,-30.294,55.22449493408203
-0.19032,-0.6532614432389252,-30.294,55.22449493408203
-0.19032,-0.0661032401139252,-30.402,54.2559814453125
-0.19764,-0.0661032401139252,-30.264000000000003,53.28094482421875
-0.19764,-0.1965964041764252,-30.264000000000003,53.28094482421875
-0.19581,0.3253762520735748,-30.222,52.29114532470703
-0.19215,0.3253762520735748,-30.246,51.33224487304688
-0.19215,0.3905617989485748,-30.246,51.33224487304688
-0.19764,0.1295754708235748,-30.312,50.35377502441406
-0.19398,0.0317971505110747,-30.222,49.38972473144531
-0.18483,-0.2944967948014252,-30.228,48.40267181396485
-0.183,-0.8490622244889252,-30.276,47.41596221923828
-0.18666,-0.6859762869889252,-30.306,46.41551971435547
-0.19032,-0.8816549979264252,-30.198000000000004,45.45833587646485
-0.19398,-0.5554831229264252,-30.234,44.47093963623047
-0.17202,-0.1640036307389252,-30.402,43.49555969238281
-0.19947,-0.1965964041764252,-30.27,42.52876281738281
-0.20313,0.2600686348860748,-30.174000000000003,41.52008056640625
-0.19032,0.2600686348860748,-30.246,40.572509765625
-0.17934,0.3253762520735748,-30.348,39.57584381103516
-0.21228,0.3905617989485748,-30.18,38.59668731689453
-0.19764,-0.0009176932389252,-30.216,37.62474060058594
-0.18666,-0.2944967948014252,-30.33,36.68025970458984
-0.18849,-0.5554831229264252,-30.312,35.66780090332031
-0.21228,-0.6532614432389252,-30.246,34.68212127685547
-0.18483,-0.5554831229264252,-30.33,33.729400634765625
-0.17751,-0.3270895682389252,-30.42,32.769813537597656
-0.2013,-0.3923971854264252,-30.24,31.821899414062496
-0.19215,0.3579690255110748,-30.24,30.84823608398438
-0.18849,-0.0009176932389252,-30.306,29.866676330566406
-0.18483,0.3905617989485748,-30.341999999999995,28.89610290527344
-0.20313,0.2927834786360748,-30.24,27.949562072753903
-0.18483,0.5210549630110748,-30.276,26.98036193847656
-0.19032,0.4884621895735748,-30.288,26.022491455078125
-0.19032,0.0317971505110747,-30.324,25.019989013671875
-0.19215,0.1295754708235748,-30.204,24.0765380859375
-0.19398,-0.0009176932389252,-30.234,23.06098937988281
-0.18849,-0.3923971854264252,-30.312,22.08080291748047
-0.20313,-0.4249899588639252,-30.276,21.12842559814453
-0.19947,0.1295754708235748,-30.27,20.122833251953125
-0.18849,0.0317971505110747,-30.27,19.15809631347656
-0.17934,0.1295754708235748,-30.384,18.182373046875
-0.20862,0.1948830880110748,-30.276,17.1990966796875
-0.20313,0.2600686348860748,-30.288,16.208267211914062
-0.18666,0.6841409005110748,-30.306,15.26103973388672
-0.183,0.2600686348860748,-30.348,14.242401123046877
-0.21045,0.5210549630110748,-30.156,13.306846618652344
-0.19032,0.5210549630110748,-30.24,12.30915069580078
-0.19032,0.2274758614485748,-30.24,12.30915069580078
-0.183,0.1622903145735748,-30.348,11.34441375732422
-0.19581,-0.0009176932389252,-30.228,10.374870300292969
-0.20862,0.1295754708235748,-30.186,9.388504028320312
-0.18483,0.5210549630110748,-30.24,8.438529968261719
-0.18117,0.5210549630110748,-30.36,7.450447082519531
-0.20862,0.0969826973860747,-30.168,6.4874267578125
-0.2013,0.5210549630110748,-30.216,5.4897308349609375
-0.18666,0.8473489083235748,-30.306,4.505767822265625
-0.19032,0.5536477364485748,-30.306,3.5595703125
-0.21411,1.0756203926985748,-30.21,2.54608154296875
-0.2013,0.5536477364485748,-30.312,1.5538787841796875
-0.19032,0.6841409005110748,-30.258,0.5925750732421875
-0.18849,0.5863625801985748,-30.204,-0.3783416748046875
-0.19947,0.5210549630110748,-30.228,-1.3695144653320312
-0.19215,0.5210549630110748,-30.252,-2.33184814453125
-0.18483,0.5536477364485748,-30.348,-3.3226776123046875
-0.18117,0.5536477364485748,-30.192,-4.317626953125
-0.18117,0.2600686348860748,-30.192,-4.317626953125
-0.2013,0.6515481270735748,-30.264000000000003,-5.28167724609375
-0.19398,0.6515481270735748,-30.324,-6.2409210205078125
-0.19398,1.1409280098860748,-30.324,-6.2409210205078125
-0.18117,0.6841409005110748,-30.312,-7.27020263671875
-0.19581,0.6841409005110748,-30.144,-8.205757141113281
-0.19581,1.2387063301985748,-30.144,-8.205757141113281
-0.20496,0.8146340645735748,-30.312,-9.193153381347656
-0.19032,0.8146340645735748,-30.3,-10.167160034179688
-0.19032,1.3691994942610748,-30.3,-10.167160034179688
-0.18666,0.8799416817610748,-30.24,-11.16107940673828
-0.21228,0.8799416817610748,-30.186,-12.095947265625
-0.21228,0.9451272286360748,-30.186,-12.095947265625
-0.19764,1.0104348458235748,-30.246,-13.068580627441406
-0.18483,0.5210549630110748,-30.33,-14.061126708984377
-0.18666,0.5210549630110748,-30.186,-15.027580261230469
-0.20862,0.8473489083235748,-30.234,-16.013259887695312
-0.19398,0.6841409005110748,-30.312,-16.95911407470703
-0.18117,0.9451272286360748,-30.348,-17.953720092773438
-0.19581,1.2387063301985748,-30.186,-18.91571044921875
-0.19581,1.1409280098860748,-30.246,-19.914779663085938
-0.19764,1.6954934395735748,-30.3,-20.900115966796875
-0.19398,1.2061135567610748,-30.198000000000004,-21.866912841796875
-0.19581,1.2387063301985748,-30.168,-22.853965759277344
-0.21594,1.1409280098860748,-30.3,-23.82488250732422
-0.19581,1.0756203926985748,-30.33,-24.83631134033203
-0.18483,0.8799416817610748,-30.108000000000004,-25.8013916015625
-0.19032,1.1082131661360748,-30.27,-26.776084899902344
-0.20313,1.1735207833235748,-30.276,-27.73773193359375
-0.19032,1.1735207833235748,-30.282,-28.727531433105472
-0.18483,1.4670998848860748,-30.204,-29.699478149414062
-0.2013,1.2387063301985748,-30.288,-30.666275024414062
-0.19398,1.9564797676985748,-30.276,-31.60354614257812
-0.18483,1.4345071114485748,-30.234,-32.58270263671875
-0.19764,1.9890725411360748,-30.18,-33.56666564941406
-0.2196,1.6301858223860748,-30.276,-34.530029296875
-0.18483,1.3040139473860748,-30.294,-35.482749938964844
-0.18483,1.5650002755110748,-30.15,-36.477012634277344
-0.20679,1.1082131661360748,-30.252,-37.43110656738281
-0.19398,1.2061135567610748,-30.222,-38.38176727294922
-0.183,1.2387063301985748,-30.282,-39.37568664550781
-0.20496,1.2387063301985748,-30.174000000000003,-40.33424377441406
-0.21045,1.6301858223860748,-30.312,-41.32301330566406
-0.19032,1.8585793770735748,-30.348,-42.29564666748047
-0.18849,1.7932717598860748,-30.324,-43.26484680175781
-0.21228,2.217466095823575,-30.18,-44.20177459716797
-0.19398,1.8585793770735748,-30.276,-45.177154541015625
-0.18849,2.184751252073575,-30.384,-46.16489410400391
-0.18666,1.6301858223860748,-30.228,-47.13031768798828
-0.20313,1.4019143380110748,-30.246,-48.144493103027344
-0.19398,1.9564797676985748,-30.312,-49.09069061279297
-0.18483,1.4019143380110748,-30.378,-50.07568359375
-0.19581,1.6301858223860748,-30.168,-51.04591369628906
-0.20679,1.7932717598860748,-30.366,-52.01683044433594
-0.19581,1.7932717598860748,-30.294,-53.00422668457031
-0.19764,2.315244416136075,-30.246,-53.970680236816406
-0.19947,2.315244416136075,-30.234,-54.96150970458984
-0.19764,2.184751252073575,-30.3,-55.90873718261719
-0.19398,2.250058869261075,-30.318,-56.892356872558594
-0.18666,2.184751252073575,-30.222,-57.89108276367187
-0.19947,1.8259866036360748,-30.324,-58.85478973388672
-0.20862,2.282651642698575,-30.3,-59.84218597412109
-0.18117,1.6629006661360748,-30.324,-60.83679199218749
-0.19032,2.054258088011075,-30.156,-61.82762145996093
-0.19947,2.282651642698575,-30.341999999999995,-62.78583526611328
-0.19398,2.184751252073575,-30.288,-63.73306274414063
-0.183,2.315244416136075,-30.288,-64.70809936523438
-0.19581,2.315244416136075,-30.228,-65.69103240966797
-0.20313,2.576230744261075,-30.341999999999995,-66.68220520019531
-0.19947,2.315244416136075,-30.324,-67.65518188476562
-0.19398,2.315244416136075,-30.258,-68.61957550048828
-0.19764,2.184751252073575,-30.276,-69.62791442871094
-0.2013,2.347959259886075,-30.312,-70.57926177978516
-0.18483,1.7606789864485748,-30.348,-71.54502868652344
-0.19032,2.282651642698575,-30.18,-72.4874496459961
-0.19581,2.054258088011075,-30.318,-73.47827911376953
-0.19215,2.217466095823575,-30.336,-74.44816589355469
-0.19581,2.511045197386075,-30.3,-75.47916412353516
-0.19032,2.315244416136075,-30.252,-76.4205551147461
-0.18483,2.706723908323575,-30.378,-77.41859436035156
-0.20496,2.478330353636075,-30.341999999999995,-78.3816146850586
-0.19215,2.608823517698575,-30.21,-79.3710708618164
-0.18483,2.608823517698575,-30.306,-80.32173156738281
-0.19215,2.706723908323575,-30.341999999999995,-81.33590698242188
-0.21045,2.119565705198575,-30.27,-82.3040771484375
-0.19947,2.543637970823575,-30.144,-83.31378936767578
-0.18666,2.543637970823575,-30.336,-84.2538070678711
-0.18666,2.184751252073575,-30.336,-84.2538070678711
-0.19581,2.511045197386075,-30.318,-85.242919921875
-0.19947,2.380552033323575,-30.294,-86.209716796875
-0.19032,2.315244416136075,-30.252,-87.18303680419922
-0.18666,2.837217072386075,-30.39,-88.14502716064453
-0.19764,2.445737580198575,-30.354,-89.11319732666016
-0.19215,2.445737580198575,-30.234,-90.11123657226562
-0.19215,2.772031525511075,-30.234,-90.11123657226562
-0.18849,2.869809845823575,-30.282,-91.0708236694336
-0.18666,2.869809845823575,-30.33,-92.0595932006836
-0.19581,2.478330353636075,-30.324,-93.05763244628906
-0.19398,2.706723908323575,-30.15,-94.04708862304688
-0.19398,2.217466095823575,-30.318,-95.00495910644533
-0.18849,2.217466095823575,-30.306,-95.95905303955078
-0.18849,2.608823517698575,-30.306,-95.95905303955078
-0.20862,2.315244416136075,-30.288,-96.94782257080078
-0.19581,2.282651642698575,-30.24,-97.90878295898438
-0.18666,2.674131134886075,-30.36,-98.90201568603516
-0.18483,2.674131134886075,-30.36,-99.87258911132812
-0.18483,2.543637970823575,-30.36,-99.87258911132812
-0.20496,2.869809845823575,-30.252,-100.83698272705078
-0.19764,2.869809845823575,-30.312,-101.79794311523438
-0.17568,2.902524689573575,-30.438,-102.77469635009766
-0.2013,2.935117463011075,-30.354,-103.74149322509766
-0.19581,2.837217072386075,-30.186,-104.68254089355467
-0.18849,2.478330353636075,-30.306,-105.67577362060548
-0.19398,2.706723908323575,-30.354,-106.6439437866211
-0.21228,2.184751252073575,-30.252,-107.60627746582033
-0.19764,2.184751252073575,-30.216,-108.59745025634766
-0.19764,2.380552033323575,-30.216,-108.59745025634766
-0.18117,2.315244416136075,-30.468,-109.52133178710938
-0.19947,2.543637970823575,-30.341999999999995,-110.51010131835938
-0.19764,2.837217072386075,-30.264000000000003,-111.4789581298828
-0.18849,2.706723908323575,-30.36,-112.44747161865234
-0.19032,3.098203400511075,-30.414,-113.41323852539062
-0.20862,3.033017853636075,-30.318,-114.40200805664062
-0.19215,3.000303009886075,-30.258,-115.3997039794922
-0.19215,3.098203400511075,-30.324,-116.35929107666016
-0.18849,2.804624298948575,-30.341999999999995,-117.34909057617188
-0.20496,2.315244416136075,-30.234,-118.30078125
-0.19398,2.608823517698575,-30.234,-119.28577423095705
-0.19215,2.315244416136075,-30.43200000000001,-120.29136657714844
-0.18483,2.511045197386075,-30.306,-121.29215240478514
-0.21045,2.772031525511075,-30.258,-122.28057861328124
-0.2013,2.772031525511075,-30.36,-123.24188232421876
-0.2013,2.641538361448575,-30.36,-123.24188232421876
-0.18117,3.033017853636075,-30.414,-124.21382904052734
-0.183,3.228696564573575,-30.318,-125.20534515380858
-0.20496,2.869809845823575,-30.282,-126.19342803955078
-0.20313,2.739316681761075,-30.294,-127.18151092529295
-0.183,2.837217072386075,-30.36,-128.177490234375
-0.183,2.315244416136075,-30.318,-129.144287109375
-0.2013,2.706723908323575,-30.264000000000003,-130.12893676757812
-0.19581,2.445737580198575,-30.414,-131.11976623535156
-0.18483,2.445737580198575,-30.36,-132.1157455444336
-0.18483,2.543637970823575,-30.36,-132.1157455444336
-0.19215,2.869809845823575,-30.246,-133.07636260986328
-0.19215,2.869809845823575,-30.186,-134.03732299804688
-0.19215,2.706723908323575,-30.186,-134.03732299804688
-0.17019,2.869809845823575,-29.778,-135.02403259277344
-0.15555,2.869809845823575,-28.974,-135.94757080078125
-0.17751,2.869809845823575,-28.074,-136.87454223632812
-0.15006,2.706723908323575,-27.288,-137.77748107910156
-0.15738,2.706723908323575,-26.346,-138.6471176147461
-0.13542,2.706723908323575,-25.29,-139.4655990600586
-0.15372,2.706723908323575,-24.354000000000003,-140.27240753173828
-0.16287,2.413144806761075,-23.364,-141.0421371459961
-0.15372,2.413144806761075,-22.56,-141.7888641357422
-0.15372,2.706723908323575,-22.56,-141.7888641357422
-0.15189,1.6954934395735748,-21.492,-142.48477935791016
-0.13725,2.282651642698575,-20.466,-143.14979553222656
-0.13359,2.315244416136075,-19.464,-143.78562927246094
-0.1281,2.674131134886075,-18.564,-144.39640045166016
-0.12444,2.608823517698575,-17.663999999999998,-144.9704360961914
-0.1098,2.739316681761075,-16.746,-145.5077362060547
-0.12078,2.315244416136075,-15.576,-146.02649688720703
-0.11529,2.869809845823575,-14.490000000000002,-146.5198516845703
-0.12444,2.543637970823575,-13.596,-146.94660186767578
-0.11346,2.706723908323575,-12.702,-147.36785888671875
-0.11346,2.608823517698575,-11.64,-147.76268005371094
-0.11712,2.706723908323575,-10.656,-148.10462951660156
-0.09333,2.478330353636075,-9.948,-148.42082977294922
-0.08601,1.9890725411360748,-8.808000000000002,-148.7270736694336
-0.0732,2.184751252073575,-7.77,-148.9917755126953
-0.08784,2.054258088011075,-6.672,-149.2221450805664
-0.08235,2.184751252073575,-5.627999999999999,-149.4147491455078
-0.08784,2.021665314573575,-4.746,-149.56890106201172
-0.07686,2.184751252073575,-3.708,-149.70382690429688
-0.06771,2.543637970823575,-3.0120000000000005,-149.80682373046875
-0.06039,2.674131134886075,-1.9020000000000004,-149.8802947998047
-0.06039,2.837217072386075,-1.248,-149.9245834350586
-0.04026,2.804624298948575,-1.044,-149.9571990966797
-0.04758,2.804624298948575,-0.39,-149.9795150756836
-0.06588,2.804624298948575,-0.054,-149.98329162597656
-0.06954,2.739316681761075,-0.0479999999999999,-149.9853515625
-0.06954,2.706723908323575,-0.042,-149.98672485351562
-0.0732,2.706723908323575,-0.06,-149.98672485351562
-0.07503,2.706723908323575,-0.066,-149.98947143554688
-0.07686,2.706723908323575,-0.036,-149.9905014038086
-0.08052,2.706723908323575,-0.018,-149.99221801757812
-0.08052,2.706723908323575,-0.036,-149.99187469482422
-0.07869,2.869809845823575,-0.018,-149.99462127685547
-0.08235,2.739316681761075,-0.0119999999999999,-149.99427795410156
-0.08052,2.739316681761075,-0.018,-149.99427795410156
-0.07869,2.739316681761075,-0.0239999999999999,-149.99462127685547
-0.08784,2.706723908323575,-0.03,-149.99530792236328
-0.07869,2.804624298948575,-0.03,-149.996337890625
-0.08052,2.804624298948575,-0.03,-149.99736785888672
-0.0732,2.706723908323575,-0.0239999999999999,-149.99942779541016
-0.05856,2.706723908323575,0.018,-149.99942779541016
-0.00549,2.706723908323575,0.0959999999999999,-149.996337890625
0.0549,2.739316681761075,0.6839999999999999,-149.98638153076172
0.13359,2.608823517698575,1.4939999999999998,-149.95410919189453
0.15738,2.184751252073575,3.264,-149.87308502197266
0.13542,2.315244416136075,4.662,-149.7330093383789
0.12993,2.315244416136075,5.844,-149.55928802490234
0.13908,2.478330353636075,6.66,-149.35535430908203
0.13542,2.576230744261075,7.524000000000001,-149.1167449951172
0.15189,2.706723908323575,8.249999999999998,-148.8589096069336
0.15555,2.315244416136075,9.084,-148.56639862060547
0.15555,2.511045197386075,10.002,-148.26324462890625
0.15921,2.445737580198575,10.98,-147.9312515258789
0.16836,2.380552033323575,12.138,-147.5515365600586
0.16836,2.706723908323575,12.954,-147.14950561523438
0.17568,2.315244416136075,13.794,-146.7165756225586
0.18666,2.380552033323575,14.952,-146.2496566772461
0.1647,2.054258088011075,16.068,-145.7439422607422
0.19215,2.347959259886075,16.86,-145.22483825683594
0.18117,2.347959259886075,17.796,-144.67243194580078
0.18666,2.706723908323575,18.756,-144.0850067138672
0.20679,2.641538361448575,19.776,-143.4536361694336
0.19398,2.445737580198575,20.676,-142.81230926513672
0.19032,2.347959259886075,21.774,-142.1407699584961
0.18483,2.413144806761075,22.764000000000003,-141.41361236572266
0.20679,2.413144806761075,23.664,-140.64594268798828
0.22509,2.315244416136075,24.642,-139.85870361328125
0.2196,2.282651642698575,25.608,-139.06116485595703
0.20313,2.282651642698575,26.712,-138.23650360107422
0.21411,2.543637970823575,27.72,-137.34249114990234
0.21411,2.315244416136075,28.506,-136.44641876220703
0.21594,2.315244416136075,29.508000000000003,-135.51395416259766
0.23058,2.576230744261075,30.69,-134.52346801757812
0.21594,2.478330353636075,31.536,-133.55667114257812
0.20679,2.837217072386075,32.202000000000005,-132.5122833251953
0.19581,2.935117463011075,32.748,-131.44283294677734
0.18849,2.869809845823575,32.99999999999999,-130.37029266357422
0.19032,2.217466095823575,33.006,-129.32281494140625
0.2013,2.543637970823575,33.006,-128.2440948486328
0.19215,2.869809845823575,33.282000000000004,-127.20348358154295
0.19215,3.065610627073575,33.245999999999995,-126.0966110229492
0.19947,2.445737580198575,33.174,-125.06149291992188
0.19947,2.608823517698575,33.324000000000005,-124.00611877441406
0.17934,2.706723908323575,33.408,-122.9092025756836
0.18666,2.837217072386075,33.300000000000004,-121.82121276855467
0.19581,2.608823517698575,33.300000000000004,-120.78643798828124
0.19032,2.543637970823575,33.384,-119.72007751464844
0.18666,2.641538361448575,33.300000000000004,-118.63071441650392
0.18483,2.706723908323575,33.336,-117.56744384765624
0.19032,2.837217072386075,33.42,-116.47945404052734
0.19581,2.804624298948575,33.294000000000004,-115.42133331298828
0.19581,2.706723908323575,33.264,-114.34879302978516
0.18849,2.706723908323575,33.384,-113.28826904296876
0.18666,2.869809845823575,33.486000000000004,-112.19959259033205
0.19398,2.739316681761075,33.318,-111.1102294921875
0.19764,2.706723908323575,33.288000000000004,-110.04661560058594
0.18483,2.706723908323575,33.438,-108.94866943359376
0.19398,2.706723908323575,33.318,-107.91698455810548
0.19947,2.869809845823575,33.294000000000004,-106.8585205078125
0.18849,2.543637970823575,33.384,-105.76400756835938
0.19398,2.706723908323575,33.300000000000004,-104.7000503540039
0.19032,2.706723908323575,33.312000000000005,-103.61034393310548
0.20862,2.641538361448575,33.395999999999994,-102.52578735351562
0.20313,2.869809845823575,33.468,-101.45977020263672
0.18849,2.315244416136075,33.233999999999995,-100.41194915771484
0.20496,2.706723908323575,33.336,-99.33082580566406
0.19947,2.706723908323575,33.462,-98.24146270751952
0.20679,2.902524689573575,33.282000000000004,-97.17681884765624
0.20862,2.641538361448575,33.252,-96.08264923095705
0.19764,2.184751252073575,33.372,-95.04135131835938
0.20496,2.641538361448575,33.276,-93.98426055908205
0.20679,2.706723908323575,33.294000000000004,-92.89661407470705
0.20313,2.869809845823575,33.324000000000005,-91.82716369628906
0.19947,2.478330353636075,33.38999999999999,-90.73402404785156
0.21045,2.315244416136075,33.276,-89.67418670654297
0.21777,2.576230744261075,33.264,-88.59134674072266
0.19947,2.837217072386075,33.372,-87.54730224609375
0.19947,2.935117463011075,33.276,-86.48059844970703
0.21045,2.315244416136075,33.294000000000004,-85.39192199707031
0.20862,2.152158478636075,33.438,-84.30839538574219
0.21228,2.576230744261075,33.258,-83.21662902832031
0.20862,2.706723908323575,33.300000000000004,-82.1231460571289
0.20496,2.706723908323575,33.36599999999999,-81.03687286376953
0.20679,2.380552033323575,33.36599999999999,-79.9698257446289
0.21777,2.184751252073575,33.216,-78.91273498535156
0.20679,2.250058869261075,33.282000000000004,-77.81959533691406
0.19398,2.543637970823575,33.474000000000004,-76.72473907470703
0.19581,2.706723908323575,33.27,-75.64258575439453
0.19398,2.315244416136075,33.282000000000004,-74.57862854003906
0.19398,2.054258088011075,33.354,-73.51261138916016
0.2013,2.445737580198575,33.300000000000004,-72.47440338134766
0.20862,2.445737580198575,33.336,-71.38504028320312
0.20862,2.837217072386075,33.336,-71.38504028320312
0.20862,2.315244416136075,33.354,-70.32554626464844
0.18849,2.315244416136075,33.414,-69.22863006591797
0.18849,1.7932717598860748,33.27,-68.13720703125
0.18483,2.282651642698575,33.342,-67.07805633544922
0.183,2.543637970823575,33.426,-65.9893798828125
0.19581,2.315244416136075,33.198,-64.95288848876953
0.19398,1.8911721505110748,33.324000000000005,-63.88103485107422
0.19581,1.7932717598860748,33.372,-62.81879425048829
0.19032,2.315244416136075,33.276,-61.73458099365234
0.2013,2.315244416136075,33.288000000000004,-60.66993713378906
0.19032,2.152158478636075,33.336,-59.57473754882812
0.18849,2.021665314573575,33.348,-58.53309631347656
0.19398,1.9564797676985748,33.258,-57.45197296142578
0.19581,2.282651642698575,33.312000000000005,-56.36775970458984
0.18483,1.9564797676985748,33.438,-55.294189453125
0.19032,1.9237649239485748,33.216,-54.22542572021485
0.19947,1.8259866036360748,33.306,-53.19236755371094
0.19032,2.184751252073575,33.36599999999999,-52.10643768310547
0.19032,2.315244416136075,33.233999999999995,-51.03595733642578
0.20679,1.7932717598860748,33.288000000000004,-49.997406005859375
0.20313,1.5975930489485748,33.36,-48.93722534179688
0.19398,2.184751252073575,33.38999999999999,-47.84957885742188
0.19215,2.184751252073575,33.216,-46.7578125
0.18483,2.184751252073575,33.288000000000004,-45.66535949707031
0.18666,1.4345071114485748,33.426,-44.6044921875
0.19032,1.5324075020735748,33.264,-43.51856231689453
0.19581,1.8585793770735748,33.324000000000005,-42.42954254150391
0.19032,1.7606789864485748,33.384,-41.358375549316406
0.18849,1.9237649239485748,33.300000000000004,-40.26798248291016
0.19398,1.1409280098860748,33.27,-39.23629760742188
0.18849,1.6301858223860748,33.324000000000005,-38.17028045654297
0.18117,1.6301858223860748,33.312000000000005,-37.0733642578125
0.18117,1.7606789864485748,33.312000000000005,-37.0733642578125
0.19764,1.8259866036360748,33.198,-36.017303466796875
0.19581,1.4345071114485748,33.264,-34.92450714111328
0.19032,1.0430276192610748,33.348,-33.88904571533203
0.19398,1.6301858223860748,33.21,-32.82062530517578
0.19581,1.8259866036360748,33.354,-31.778297424316406
0.19215,1.5975930489485748,33.36599999999999,-30.66661834716797
0.19398,1.3040139473860748,33.24,-29.62703704833984
0.19764,1.0756203926985748,33.222,-28.55998992919922
0.19764,1.4996926583235748,33.294000000000004,-27.49500274658203
0.19947,1.5975930489485748,33.342,-26.43173217773437
0.2013,1.1409280098860748,33.138,-25.373611450195312
0.2013,1.1082131661360748,33.264,-24.305877685546875
0.20496,1.0430276192610748,33.414,-23.264923095703125
0.21045,1.7932717598860748,33.216,-22.20130920410156
0.20862,0.9778420723860748,33.264,-21.116065979003903
0.21045,1.0756203926985748,33.294000000000004,-20.04901885986328
0.21045,1.3691994942610748,33.222,-19.003944396972656
0.20679,1.4019143380110748,33.228,-17.94994354248047
0.21411,1.2387063301985748,33.27,-16.857147216796875
0.20313,1.2387063301985748,33.348,-15.79181671142578
0.20313,0.6841409005110748,33.348,-15.79181671142578
0.21594,0.9778420723860748,33.174,-14.701423645019531
0.2013,0.9778420723860748,33.342,-13.612403869628906
0.2013,1.1735207833235748,33.342,-13.612403869628906
0.20862,1.1735207833235748,33.336,-12.553253173828123
0.21045,1.0104348458235748,33.156,-11.463546752929688
0.21045,0.6189553536360748,33.306,-10.421218872070312
0.21228,0.5536477364485748,33.294000000000004,-9.33391571044922
0.19581,1.1735207833235748,33.294000000000004,-8.244895935058594
0.21045,1.1409280098860748,33.258,-7.184715270996093
0.18849,0.9125344551985748,33.306,-6.0843658447265625
0.20496,0.3579690255110748,33.324000000000005,-5.048561096191406
0.21228,0.4884621895735748,33.19200000000001,-3.991813659667968
0.20496,1.2061135567610748,33.306,-2.90313720703125
0.20496,0.6841409005110748,33.384,-1.834716796875
0.19764,0.6841409005110748,33.258,-0.740203857421875
0.20679,0.1295754708235748,33.27,0.2914810180664062
0.21228,0.4884621895735748,33.294000000000004,1.3767242431640625
0.2013,0.6841409005110748,33.258,2.4726104736328125
0.20862,0.4558694161360748,33.245999999999995,3.5358810424804688
0.20313,0.3905617989485748,33.36,4.603614807128906
0.20313,0.3905617989485748,33.36,5.686798095703125
0.20313,-0.0009176932389252,33.36,5.686798095703125
0.21045,0.7168557442610748,33.186,6.749038696289063
0.19581,0.6841409005110748,33.306,7.849044799804687
0.2013,0.3579690255110748,33.306,8.881759643554688
0.2013,0.1295754708235748,33.222,9.971466064453123
0.20679,0.1948830880110748,33.282000000000004,11.054649353027344
0.19398,0.6841409005110748,33.354,12.127532958984377
0.18666,0.6515481270735748,33.300000000000004,13.220329284667969
0.21045,0.1948830880110748,33.216,14.250984191894531
0.19764,-0.0009176932389252,33.282000000000004,15.342750549316406
0.19764,-0.0009176932389252,33.324000000000005,16.45648956298828
0.19215,0.5210549630110748,33.216,17.49744415283203
0.19032,0.3253762520735748,33.300000000000004,18.580284118652344
0.19215,-0.2944967948014252,33.372,19.639434814453125
0.19032,-0.0009176932389252,33.27,20.733604431152344
0.19032,-0.0009176932389252,33.38999999999999,21.796875
0.19032,0.4231545723860748,33.42,22.86460876464844
0.19398,0.0317971505110747,33.294000000000004,23.95225524902344
0.2013,-0.2619040213639252,33.228,25.063934326171875
0.18849,0.0643899239485747,33.282000000000004,26.11347198486328
0.18666,0.1622903145735748,33.312000000000005,27.195281982421875
0.19947,0.1948830880110748,33.264,28.25546264648437
0.19215,-0.0335104666764252,33.336,29.3499755859375
0.18666,-0.5880758963639252,33.408,30.417022705078125
0.19215,-0.0009176932389252,33.258,31.506042480468743
0.19947,0.0969826973860747,33.288000000000004,32.53772735595703
0.19398,0.1622903145735748,33.37799999999999,33.626060485839844
0.18849,0.1622903145735748,33.264,34.69928741455078
0.18849,-0.5880758963639252,33.264,34.69928741455078
0.19398,-0.6859762869889252,33.288000000000004,35.782470703125
0.19764,-0.0661032401139252,33.36599999999999,36.846771240234375
0.19398,0.0969826973860747,33.384,37.93098449707031
0.19032,0.0969826973860747,33.245999999999995,38.97777557373047
0.19032,0.3253762520735748,33.245999999999995,38.97777557373047
0.18849,-0.7185690604264252,33.384,40.07022857666016
0.18849,-0.5880758963639252,33.36,41.13109588623047
0.19947,-0.2291891776139252,33.186,42.21874237060547
0.19947,0.3253762520735748,33.276,43.27926635742188
0.17751,-0.0335104666764252,33.324000000000005,44.38030242919922
0.19764,-0.0335104666764252,33.252,45.46485900878906
0.19764,-1.0774557791764252,33.252,45.46485900878906
0.19764,-0.6206686698014252,33.216,46.49620056152344
0.18849,-0.1314108573014252,33.36,47.587623596191406
0.183,0.1948830880110748,33.36,48.65570068359375
0.19581,-0.2291891776139252,33.228,49.75021362304688
0.19398,-0.9795553885514252,33.318,50.78155517578125
0.19947,-0.7185690604264252,33.306,51.89289093017578
0.19215,0.0317971505110747,33.228,52.96474456787109
0.19398,0.2927834786360748,33.300000000000004,54.02423858642578
0.19398,-0.6859762869889252,33.354,55.11634826660156
0.19947,-1.1100485526139252,33.245999999999995,56.17618560791016
0.20862,-0.4575827323014252,33.222,57.240142822265625
0.18666,-0.4575827323014252,33.37799999999999,58.286933898925774
0.18666,0.1295754708235748,33.37799999999999,58.286933898925774
0.19215,-0.0986960135514252,33.33,59.36908721923828
0.2013,-0.5554831229264252,33.222,60.43235778808593
0.19581,-1.0447409354264252,33.306,61.52275085449218
0.19581,-0.3270895682389252,33.408,62.61486053466796
0.19398,-0.0986960135514252,33.24,63.656158447265625
0.20496,-0.3270895682389252,33.264,64.70947265625
0.19032,-0.6206686698014252,33.414,65.80570220947266
0.19947,-0.9795553885514252,33.216,66.89987182617188
0.20496,-0.0335104666764252,33.245999999999995,67.95524597167969
0.2013,-0.4575827323014252,33.318,69.049072265625
0.19947,-0.6206686698014252,33.27,70.08419036865234
0.19398,-0.6206686698014252,33.252,71.15501403808594
0.19398,-0.5554831229264252,33.252,71.15501403808594
0.19215,-0.2619040213639252,33.336,72.24128723144531
0.19764,-0.1965964041764252,33.384,73.30421447753906
0.19947,-0.6532614432389252,33.21,74.39701080322266
0.21045,-0.6532614432389252,33.228,75.4592514038086
0.21045,-0.5554831229264252,33.228,75.4592514038086
0.19947,-0.7185690604264252,33.395999999999994,76.55342102050781
0.20496,-0.0661032401139252,33.233999999999995,77.61222839355469
0.21594,0.0317971505110747,33.216,78.71910095214844
0.20679,-0.5554831229264252,33.306,79.79198455810547
0.20862,-0.8164694510514252,33.288000000000004,80.85491180419922
0.21594,-0.6206686698014252,33.216,81.91646575927734
0.21594,-0.0661032401139252,33.342,83.00102233886719
0.20679,-0.2291891776139252,33.395999999999994,84.0945053100586
0.20862,-0.5880758963639252,33.27,85.14129638671875
0.21594,-0.5554831229264252,33.306,86.25091552734375
0.20862,-0.2619040213639252,33.395999999999994,87.28843688964844
0.21594,0.0969826973860747,33.198,88.3736801147461
0.21045,-0.2619040213639252,33.258,89.44416046142578
0.21045,-0.8164694510514252,33.402,90.53524017333984
0.2196,-0.8164694510514252,33.258,91.59095764160156
0.21411,-0.0009176932389252,33.282000000000004,92.62985229492188
0.21411,0.1295754708235748,33.348,93.7017059326172
0.20862,-0.3270895682389252,33.33,94.7673797607422
0.21594,-1.0121481619889252,33.258,95.8220672607422
0.21411,-0.2291891776139252,33.288000000000004,96.88190460205078
0.20313,0.0317971505110747,33.462,97.98225402832033
0.21594,0.1295754708235748,33.282000000000004,99.0743637084961
0.21777,-0.3923971854264252,33.288000000000004,100.13179779052734
0.21777,-0.8816549979264252,33.42,101.2173843383789
0.21411,-0.1314108573014252,33.258,102.30812072753906
0.22326,0.1295754708235748,33.294000000000004,103.3978271484375
0.21594,0.4231545723860748,33.42,104.46212768554688
0.19764,-0.1640036307389252,33.38999999999999,105.57723999023438
0.21411,-0.1640036307389252,33.264,106.61235809326172
0.21411,-0.6859762869889252,33.264,106.61235809326172
0.20496,-0.0009176932389252,33.336,107.68352508544922
0.20679,0.1948830880110748,33.498,108.77185821533205
0.20679,0.1948830880110748,33.294000000000004,109.86602783203124
0.20862,0.1948830880110748,33.264,110.92277526855467
0.20862,-0.3270895682389252,33.264,110.92277526855467
0.19581,-0.5554831229264252,33.395999999999994,112.01351165771484
0.2013,-0.5554831229264252,33.300000000000004,113.05171966552734
0.2013,0.0317971505110747,33.300000000000004,113.05171966552734
0.20496,0.3253762520735748,33.27,114.13936614990234
0.19947,0.3253762520735748,33.372,115.25207519531249
0.19947,0.3905617989485748,33.372,115.25207519531249
0.18849,0.0317971505110747,33.36599999999999,116.30264282226562
0.19947,0.0317971505110747,33.264,117.35767364501952
0.19947,-0.2944967948014252,33.264,117.35767364501952
0.19947,0.3579690255110748,33.37799999999999,118.44566345214842
0.19764,0.3579690255110748,33.486000000000004,119.48421478271484
0.19764,0.4558694161360748,33.486000000000004,119.48421478271484
0.19947,0.1948830880110748,33.258,120.59795379638672
0.19398,0.1948830880110748,33.336,121.64302825927734
0.19398,0.0317971505110747,33.336,121.64302825927734
0.19947,-0.0661032401139252,33.456,122.7275848388672
0.2013,-0.0661032401139252,33.294000000000004,123.81282806396484
0.2013,0.5210549630110748,33.294000000000004,123.81282806396484
0.19581,0.6515481270735748,33.282000000000004,124.87953186035156
0.19398,0.2927834786360748,33.354,125.9963607788086
0.18666,0.2600686348860748,33.414,127.0634078979492
0.19947,-0.1640036307389252,33.27,128.14315795898438
0.19764,0.6515481270735748,33.402,129.18136596679688
0.17202,0.8799416817610748,33.462,130.28377532958984
0.18117,0.2927834786360748,32.922000000000004,131.3360595703125
0.16836,0.5210549630110748,32.309999999999995,132.3965835571289
0.15738,0.6515481270735748,31.626,133.41041564941406
0.16104,0.9125344551985748,30.642,134.43557739257812
0.17568,0.3579690255110748,29.748,135.40958404541016
0.16287,0.6515481270735748,28.854,136.3351821899414
0.1647,0.6515481270735748,28.092,137.24361419677734
0.1647,0.5210549630110748,28.092,137.24361419677734
0.15189,1.0756203926985748,26.868,138.13488006591797
0.17385,0.7494485176985748,25.89,138.966064453125
0.14091,1.1082131661360748,25.05,139.79965209960938
0.14274,0.6841409005110748,24.162000000000003,140.58895111083984
0.13908,0.9451272286360748,23.034,141.34803771972656
0.15738,0.9451272286360748,22.008,142.05013275146484
0.15738,1.0104348458235748,22.008,142.05013275146484
0.1464,1.0756203926985748,21.168,142.75978088378906
0.12627,1.0756203926985748,20.160000000000004,143.39458465576172
0.12627,0.7494485176985748,20.160000000000004,143.39458465576172
0.11895,1.0430276192610748,19.224,144.0362548828125
0.13908,1.4670998848860748,18.162,144.62265014648438
0.13359,1.5650002755110748,17.07,145.19359588623047
0.14274,1.7932717598860748,16.139999999999997,145.70720672607422
0.11529,1.7932717598860748,15.324,146.22425079345703
0.11712,1.7932717598860748,14.232,146.68636322021484
0.11712,1.3040139473860748,14.232,146.68636322021484
0.11895,1.2387063301985748,13.206,147.12032318115234
0.11895,1.2387063301985748,12.366,147.5237274169922
0.11895,1.4670998848860748,12.366,147.5237274169922
0.10797,1.3040139473860748,11.466,147.89108276367188
0.10248,1.3040139473860748,10.296,148.24195861816406
0.10248,1.0756203926985748,10.296,148.24195861816406
0.11895,0.9125344551985748,9.186,148.5578155517578
0.10614,1.0756203926985748,8.315999999999999,148.82183074951172
0.10797,1.1409280098860748,7.35,149.0738296508789
0.08784,1.3691994942610748,6.534,149.2938995361328
0.08052,1.0756203926985748,5.436000000000001,149.47620391845703
0.08052,1.0756203926985748,4.428,149.6286392211914
0.06039,1.3040139473860748,3.342,149.7553253173828
0.06588,1.1082131661360748,2.496,149.842529296875
0.05124,1.1082131661360748,1.668,149.9022674560547
0.05124,1.0756203926985748,1.668,149.9022674560547
0.08052,1.0756203926985748,0.648,149.93213653564453
0.09333,1.0430276192610748,0.456,149.9465560913086
0.08601,1.0756203926985748,0.504,149.9626922607422
0.07686,1.0756203926985748,0.426,149.97745513916016
0.06222,1.2061135567610748,0.408,149.99187469482422
0.06954,1.2061135567610748,0.06,149.9970245361328
0.0732,1.1082131661360748,0.0239999999999999,149.99736785888672
0.0732,1.0756203926985748,0.018,149.99839782714844
0.0732,1.0756203926985748,0.0119999999999999,149.9970245361328
0.0732,1.0756203926985748,0.0119999999999999,149.99805450439453
0.07137,1.0756203926985748,0.0119999999999999,149.99908447265625
0.0732,1.0756203926985748,0.0119999999999999,149.99942779541016
0.07503,1.0756203926985748,0.0059999999999999,150.00045776367188
0.0732,1.0756203926985748,0.0059999999999999,149.99977111816406
0.07503,1.0756203926985748,0.0119999999999999,150.00045776367188
0.0732,1.0756203926985748,0.0059999999999999,149.99942779541016
0.0732,1.1409280098860748,-0.0,150.0021743774414
0.06954,1.0756203926985748,-0.0,150.00045776367188
0.06954,1.0756203926985748,-0.0,149.99942779541016
0.04575,1.0756203926985748,-0.0059999999999999,149.99977111816406
0.00183,1.0756203926985748,-0.042,149.99839782714844
-0.07137,1.1082131661360748,-0.51,149.99221801757812
-0.11712,1.2387063301985748,-1.644,149.96097564697266
-0.12993,1.2387063301985748,-3.33,149.87136840820312
-0.12993,1.5650002755110748,-3.33,149.87136840820312
-0.15006,1.2387063301985748,-4.356,149.74468231201172
-0.15189,1.2387063301985748,-5.526000000000001,149.57096099853516
-0.13359,0.6841409005110748,-6.414,149.37149047851562
-0.16287,1.2387063301985748,-7.2,149.14661407470703
-0.1464,1.7932717598860748,-8.184,148.87950897216797
-0.16836,1.8259866036360748,-9.096,148.612060546875
-0.14457,1.7932717598860748,-10.146,148.2992935180664
-0.15555,1.3040139473860748,-11.124,147.9425811767578
-0.15738,0.9125344551985748,-11.874,147.56938934326172
-0.1647,1.0756203926985748,-12.882,147.1666717529297
-0.16287,1.0756203926985748,-13.92,146.74335479736328
-0.15555,1.0756203926985748,-14.826,146.26201629638672
-0.183,1.0756203926985748,-15.647999999999998,145.76522827148438
-0.19947,1.2061135567610748,-16.733999999999998,145.24269104003906
-0.183,0.6841409005110748,-17.856,144.66934204101562
-0.17751,0.7168557442610748,-18.93,144.06681060791016
-0.19581,0.9451272286360748,-19.824,143.43852996826172
-0.19215,0.5210549630110748,-20.718,142.8064727783203
-0.18849,0.1948830880110748,-21.624,142.119140625
-0.21045,0.5210549630110748,-22.572,141.42288208007812
-0.18849,1.0756203926985748,-23.742,140.68302154541016
-0.21228,1.1735207833235748,-24.63,139.89543914794922
-0.19947,1.1082131661360748,-25.674000000000003,139.08416748046875
-0.21594,0.8473489083235748,-26.568,138.23238372802734
-0.22692,0.7494485176985748,-27.6,137.36446380615234
-0.21045,0.7494485176985748,-28.596,136.4560317993164
-0.21228,1.0430276192610748,-29.622,135.53009033203125
-0.23607,1.0430276192610748,-30.414,134.5440673828125
-0.23607,0.6841409005110748,-30.414,134.5440673828125
-0.21411,0.9451272286360748,-31.554,133.5446548461914
-0.20862,0.6841409005110748,-32.328,132.50370025634766
-0.19581,0.8799416817610748,-32.645999999999994,131.45965576171875
-0.19947,1.4019143380110748,-32.778,130.43861389160156
-0.19398,0.7494485176985748,-33.041999999999994,129.3856430053711
-0.19398,0.3253762520735748,-33.216,128.30520629882812
-0.19581,0.4231545723860748,-33.12,127.2536087036133
-0.18117,0.7820412911360748,-33.233999999999995,126.16218566894533
-0.18849,0.8473489083235748,-33.306,125.12672424316406
-0.19398,0.1948830880110748,-33.282000000000004,124.0411376953125
-0.19764,-0.0009176932389252,-33.336,122.98061370849612
-0.19398,0.3253762520735748,-33.324000000000005,121.915283203125
-0.19215,0.6515481270735748,-33.324000000000005,120.82077026367188
-0.19581,0.3905617989485748,-33.288000000000004,119.78805541992186
-0.19032,0.1295754708235748,-33.432,118.70349884033202
-0.18849,-0.1640036307389252,-33.37799999999999,117.63336181640624
-0.19032,0.5210549630110748,-33.19200000000001,116.5426254272461
-0.19032,0.2927834786360748,-33.426,115.50613403320312
-0.19032,0.1948830880110748,-33.384,114.4449234008789
-0.19032,-0.0661032401139252,-33.27,113.35350036621094
-0.19215,-0.0661032401139252,-33.294000000000004,112.28645324707033
-0.19215,0.3905617989485748,-33.294000000000004,112.28645324707033
-0.18666,0.5536477364485748,-33.37799999999999,111.22077941894533
-0.19032,0.0643899239485747,-33.36,110.18600463867188
-0.19764,-0.1314108573014252,-33.228,109.0993881225586
-0.18666,-0.1314108573014252,-33.37799999999999,108.02959442138672
-0.19764,0.5210549630110748,-33.408,106.98932647705078
-0.19032,0.4231545723860748,-33.233999999999995,105.8539581298828
-0.2013,-0.1640036307389252,-33.37799999999999,104.8212432861328
-0.18849,-0.4901755057389252,-33.414,103.72398376464844
-0.18483,-0.0661032401139252,-33.300000000000004,102.65487670898438
-0.19947,0.6515481270735748,-33.336,101.59847259521484
-0.18849,0.1948830880110748,-33.414,100.53451538085938
-0.18849,-0.2619040213639252,-33.324000000000005,99.44549560546876
-0.19032,-0.1314108573014252,-33.276,98.40179443359376
-0.18666,0.0969826973860747,-33.408,97.33783721923828
-0.19398,0.1295754708235748,-33.354,96.25396728515624
-0.183,-0.1640036307389252,-33.24,95.2130126953125
-0.19764,-0.6206686698014252,-33.372,94.09927368164062
-0.18666,-0.3270895682389252,-33.408,93.00304412841795
-0.19032,0.0969826973860747,-33.27,91.9672393798828
-0.19581,0.1295754708235748,-33.294000000000004,90.88302612304688
-0.17751,-0.2291891776139252,-33.36599999999999,89.78748321533203
-0.18666,-0.7185690604264252,-33.342,88.72421264648438
-0.19764,-0.1640036307389252,-33.276,87.68806457519531
-0.19947,0.1295754708235748,-33.384,86.57466888427734
-0.18849,-0.1314108573014252,-33.324000000000005,85.52993774414062
-0.18666,-0.4249899588639252,-33.252,84.4625473022461
-0.20313,-0.5227682791764252,-33.33,83.40717315673828
-0.18483,-0.0009176932389252,-33.336,82.36518859863281
-0.19032,0.0969826973860747,-33.228,81.27445220947266
-0.18849,-0.5554831229264252,-33.33,80.18611907958984
-0.18849,-0.5554831229264252,-33.38999999999999,79.11941528320312
-0.18849,-0.6206686698014252,-33.38999999999999,79.11941528320312
-0.19581,-0.1640036307389252,-33.27,78.08395385742188
-0.19398,-0.0009176932389252,-33.21,76.98806762695312
-0.19032,-0.0986960135514252,-33.336,75.90145111083984
-0.19215,-0.7185690604264252,-33.318,74.8443603515625
-0.19032,-0.4575827323014252,-33.228,73.75019073486328
-0.19947,-0.0009176932389252,-33.24,72.69207000732422
-0.17751,-0.0009176932389252,-33.402,71.59069061279297
-0.18849,-0.2291891776139252,-33.282000000000004,70.53050994873047
-0.20313,-0.9469626151139252,-33.282000000000004,69.47513580322266
-0.18483,-0.9469626151139252,-33.342,68.40396881103516
-0.18483,-0.4901755057389252,-33.342,68.40396881103516
-0.19032,-0.0009176932389252,-33.252,67.31151580810547
-0.19032,0.1295754708235748,-33.258,66.25202178955078
-0.19032,-0.4575827323014252,-33.395999999999994,65.16265869140625
-0.19398,-0.8490622244889252,-33.288000000000004,64.12479400634766
-0.18849,-0.2291891776139252,-33.24,63.052597045898445
-0.19398,0.2274758614485748,-33.276,61.96838378906249
-0.19032,-0.0335104666764252,-33.36599999999999,60.90614318847656
-0.19764,-0.8490622244889252,-33.264,59.820556640625
-0.19581,-0.7185690604264252,-33.294000000000004,58.77513885498047
-0.18117,-0.1314108573014252,-33.395999999999994,57.68302917480469
-0.19032,0.2927834786360748,-33.27,56.624908447265625
-0.19947,-0.2619040213639252,-33.264,55.564727783203125
-0.19398,-0.5554831229264252,-33.312000000000005,54.49939727783203
-0.19032,-0.5554831229264252,-33.336,53.40248107910156
-0.19032,-0.0009176932389252,-33.288000000000004,52.36427307128906
-0.19764,0.3253762520735748,-33.288000000000004,51.28314971923828
-0.18117,-0.4575827323014252,-33.324000000000005,50.18898010253906
-0.19215,-0.4575827323014252,-33.245999999999995,49.12261962890625
-0.19215,-0.5554831229264252,-33.245999999999995,49.12261962890625
-0.18666,-0.5227682791764252,-33.324000000000005,48.03325653076172
-0.18483,-0.5227682791764252,-33.348,46.99676513671875
-0.18483,0.0969826973860747,-33.348,46.99676513671875
-0.19398,0.2274758614485748,-33.24,45.91083526611328
-0.18666,0.2274758614485748,-33.276,44.79263305664063
-0.18666,-0.4575827323014252,-33.276,44.79263305664063
-0.19215,-0.4575827323014252,-33.37799999999999,43.753395080566406
-0.18483,-0.4575827323014252,-33.318,42.66265869140625
-0.18483,-0.5554831229264252,-33.318,42.66265869140625
-0.2013,0.2927834786360748,-33.186,41.60144805908203
-0.19764,0.0643899239485747,-33.294000000000004,40.504188537597656
-0.18117,-0.5554831229264252,-33.36,39.41448211669922
-0.20313,-0.3270895682389252,-33.24,38.36048126220703
-0.20679,-0.1965964041764252,-33.27,37.27214813232422
-0.18849,0.2927834786360748,-33.36599999999999,36.22638702392578
-0.18666,-0.2619040213639252,-33.294000000000004,35.14183044433594
-0.19398,-0.3923971854264252,-33.324000000000005,34.05006408691406
-0.19581,-0.0009176932389252,-33.354,32.99468994140625
-0.19032,-0.0661032401139252,-33.288000000000004,31.89949035644531
-0.19581,0.4558694161360748,-33.276,30.833473205566406
-0.20313,-0.0335104666764252,-33.33,29.750633239746094
-0.20496,-0.0335104666764252,-33.384,28.656806945800778
-0.20496,-0.3923971854264252,-33.384,28.656806945800778
-0.22143,-0.1640036307389252,-33.21,27.572593688964844
-0.20313,0.2600686348860748,-33.282000000000004,26.5261459350586
-0.20313,0.4558694161360748,-33.402,25.436782836914062
-0.21045,0.4558694161360748,-33.294000000000004,24.37660217285156
-0.21045,-0.0009176932389252,-33.294000000000004,24.37660217285156
-0.21045,-0.2619040213639252,-33.27,23.2855224609375
-0.21228,0.1295754708235748,-33.264,22.22087860107422
-0.19947,0.4558694161360748,-33.324000000000005,21.178550720214844
-0.21228,0.2600686348860748,-33.27,20.09674072265625
-0.21045,0.1295754708235748,-33.336,19.035186767578125
-0.19764,-0.1965964041764252,-33.372,17.984275817871094
-0.21594,0.8146340645735748,-33.264,16.875686645507812
-0.20313,0.3579690255110748,-33.36,15.837478637695314
-0.20679,0.2600686348860748,-33.354,14.751548767089846
-0.20496,-0.1314108573014252,-33.24,13.683128356933594
-0.20862,0.0969826973860747,-33.282000000000004,12.584152221679688
-0.21228,1.0430276192610748,-33.306,11.530838012695312
-0.21777,0.1948830880110748,-33.294000000000004,10.414695739746094
-0.21411,0.1948830880110748,-33.222,9.327049255371094
-0.21411,0.3905617989485748,-33.222,9.327049255371094
-0.20679,0.1948830880110748,-33.276,8.238716125488281
-0.19032,0.2600686348860748,-33.348,7.138023376464844
-0.21411,1.0104348458235748,-33.19200000000001,6.085052490234375
-0.20862,0.6515481270735748,-33.294000000000004,5.022468566894531
-0.2013,0.6189553536360748,-33.342,3.926925659179688
-0.20496,-0.0009176932389252,-33.27,2.863998413085937
-0.2013,0.5863625801985748,-33.324000000000005,1.7993545532226565
-0.20313,1.2387063301985748,-33.306,0.7165145874023438
-0.19032,0.6841409005110748,-33.276,-0.3525924682617187
-0.20862,0.6515481270735748,-33.252,-1.4426422119140625
-0.2013,0.3905617989485748,-33.282000000000004,-2.501792907714844
-0.19947,0.7820412911360748,-33.318,-3.5688400268554688
-0.20679,1.1082131661360748,-33.228,-4.6307373046875
-0.19398,0.6189553536360748,-33.33,-5.7245635986328125
-0.20862,0.5536477364485748,-33.384,-6.761054992675781
-0.20679,0.5536477364485748,-33.186,-7.826385498046875
-0.20862,1.0756203926985748,-33.264,-8.910255432128906
-0.20679,1.2387063301985748,-33.354,-9.98004913330078
-0.21594,0.6189553536360748,-33.294000000000004,-11.022377014160156
-0.21045,0.6841409005110748,-33.258,-12.126846313476562
-0.2013,1.1082131661360748,-33.294000000000004,-13.21758270263672
-0.2013,1.0756203926985748,-33.342,-14.265403747558594
-0.2013,1.2387063301985748,-33.24,-15.350303649902344
-0.19764,0.6515481270735748,-33.33,-16.413230895996094
-0.20496,1.0756203926985748,-33.33,-17.49950408935547
-0.19947,1.1735207833235748,-33.19200000000001,-18.57410430908203
-0.19947,1.2714211739485748,-33.233999999999995,-19.63703155517578
-0.19398,1.4019143380110748,-33.336,-20.74390411376953
-0.19581,0.6189553536360748,-33.24,-21.785888671875
-0.19947,1.4670998848860748,-33.198,-22.87216186523437
-0.19215,1.3691994942610748,-33.36,-23.94092559814453
-0.20313,1.4345071114485748,-33.36599999999999,-24.980506896972656
-0.20679,1.2387063301985748,-33.18000000000001,-26.0870361328125
-0.19581,1.0104348458235748,-33.27,-27.13451385498047
-0.20679,1.6954934395735748,-33.276,-28.19812774658203
-0.19947,1.6954934395735748,-33.24,-29.28817749023437
-0.19947,1.3691994942610748,-33.24,-29.28817749023437
-0.19764,1.4670998848860748,-33.288000000000004,-30.37239074707032
-0.20679,1.2387063301985748,-33.282000000000004,-31.40785217285156
-0.19032,1.2387063301985748,-33.276,-32.512664794921875
-0.20862,1.2387063301985748,-33.216,-33.56769561767578
-0.20862,2.054258088011075,-33.216,-33.56769561767578
-0.20496,1.7606789864485748,-33.306,-34.62787628173828
-0.20679,1.7606789864485748,-33.306,-35.66883087158203
-0.20679,1.1735207833235748,-33.306,-35.66883087158203
-0.2013,1.3040139473860748,-33.168000000000006,-36.78703308105469
-0.20496,1.6301858223860748,-33.300000000000004,-37.82558441162109
-0.21411,2.086972931761075,-33.318,-38.88473510742188
-0.22143,1.4996926583235748,-33.216,-39.94800567626953
-0.21045,1.3040139473860748,-33.306,-40.99273681640625
-0.21594,1.6954934395735748,-33.33,-42.080039978027344
-0.21228,1.6301858223860748,-33.33,-43.14468383789063
-0.21228,2.119565705198575,-33.24,-44.226837158203125
-0.20679,1.4996926583235748,-33.318,-45.32135009765625
-0.21594,1.8911721505110748,-33.384,-46.3623046875
-0.2196,1.8911721505110748,-33.228,-47.42351531982422
-0.21228,2.086972931761075,-33.354,-48.5101318359375
-0.20862,1.8585793770735748,-33.36599999999999,-49.575462341308594
-0.21594,1.4019143380110748,-33.276,-50.64628601074219
-0.21411,2.184751252073575,-33.306,-51.729469299316406
-0.21594,2.282651642698575,-33.300000000000004,-52.765960693359375
-0.20679,2.021665314573575,-33.288000000000004,-53.85910034179688
-0.21777,1.7932717598860748,-33.276,-54.92374420166016
-0.21228,1.7932717598860748,-33.372,-55.965728759765625
-0.21228,2.021665314573575,-33.372,-55.965728759765625
-0.21411,2.184751252073575,-33.342,-57.024192810058594
-0.2196,2.282651642698575,-33.204,-58.09123992919922
-0.21045,1.9564797676985748,-33.348,-59.184036254882805
-0.21411,1.9237649239485748,-33.372,-60.26962280273438
-0.21411,2.184751252073575,-33.258,-61.31023406982422
-0.21411,2.511045197386075,-33.27,-62.36904144287109
-0.20862,2.380552033323575,-33.384,-63.46527099609374
-0.21045,1.7606789864485748,-33.36599999999999,-64.52922821044922
-0.21411,2.184751252073575,-33.216,-65.6155014038086
-0.21594,2.478330353636075,-33.354,-66.65542602539062
-0.20679,2.706723908323575,-33.294000000000004,-67.72212982177734
-0.21777,2.119565705198575,-33.21,-68.81046295166016
-0.21411,1.9890725411360748,-33.372,-69.87167358398438
-0.21045,2.445737580198575,-33.336,-70.95726013183594
-0.2196,2.445737580198575,-33.300000000000004,-72.03048706054688
-0.21228,2.543637970823575,-33.294000000000004,-73.11641693115234
-0.21045,2.315244416136075,-33.408,-74.14981842041016
-0.21228,2.184751252073575,-33.36599999999999,-75.21377563476562
-0.21411,2.413144806761075,-33.216,-76.30760192871094
-0.21045,2.706723908323575,-33.38999999999999,-77.34855651855469
-0.21228,2.511045197386075,-33.395999999999994,-78.43551635742188
-0.21228,2.217466095823575,-33.233999999999995,-79.49775695800781
-0.21411,2.217466095823575,-33.324000000000005,-80.58746337890625
-0.21411,2.184751252073575,-33.324000000000005,-80.58746337890625
-0.20862,2.706723908323575,-33.318,-81.65828704833984
-0.2196,2.608823517698575,-33.306,-82.72052764892578
-0.21411,2.315244416136075,-33.288000000000004,-83.75083923339844
-0.21045,2.445737580198575,-33.324000000000005,-84.84432220458984
-0.2013,2.380552033323575,-33.336,-85.91239929199219
-0.21045,2.869809845823575,-33.24,-87.00141906738281
-0.21777,2.706723908323575,-33.384,-88.08494567871094
-0.21411,2.315244416136075,-33.36599999999999,-89.12384033203125
-0.20862,2.250058869261075,-33.233999999999995,-90.24547576904295
-0.2013,2.576230744261075,-33.342,-91.3300323486328
-0.21228,2.869809845823575,-33.36,-92.36892700195312
-0.21045,2.869809845823575,-33.252,-93.45657348632812
-0.21045,2.315244416136075,-33.252,-93.45657348632812
-0.2013,2.315244416136075,-33.312000000000005,-94.5212173461914
-0.19398,2.445737580198575,-33.45,-95.61607360839844
-0.20496,2.706723908323575,-33.36,-96.6518783569336
-0.20679,2.869809845823575,-33.228,-97.73712158203124
-0.19947,2.543637970823575,-33.36,-98.8271713256836
-0.19764,2.315244416136075,-33.33,-99.8935317993164
-0.19398,2.347959259886075,-33.306,-100.98392486572266
-0.20313,2.869809845823575,-33.354,-102.08976745605467
-0.19032,2.869809845823575,-33.402,-103.1557846069336
-0.18483,2.478330353636075,-33.324000000000005,-104.25304412841795
-0.19032,2.478330353636075,-33.372,-105.3365707397461
-0.19032,2.315244416136075,-33.372,-105.3365707397461
-0.183,2.608823517698575,-33.426,-106.4019012451172
-0.19398,2.837217072386075,-33.294000000000004,-107.48817443847656
-0.19581,2.837217072386075,-33.245999999999995,-108.57959747314452
-0.18666,2.772031525511075,-33.48,-109.62020874023438
-0.18849,2.478330353636075,-33.402,-110.70648193359376
-0.19581,2.641538361448575,-33.264,-111.81987762451172
-0.19032,3.000303009886075,-33.36,-112.85911560058594
-0.18849,2.869809845823575,-33.372,-113.95191192626952
-0.19215,2.804624298948575,-33.33,-115.04024505615232
-0.19398,2.315244416136075,-33.348,-116.09664916992188
-0.19581,2.315244416136075,-33.402,-117.18978881835938
-0.19581,2.706723908323575,-33.402,-117.18978881835938
-0.19947,2.869809845823575,-33.306,-118.28567504882812
-0.20679,2.739316681761075,-33.294000000000004,-119.36954498291016
-0.20679,2.869809845823575,-33.462,-120.45547485351562
-0.21777,2.511045197386075,-33.342,-121.54415130615236
-0.21411,2.576230744261075,-33.24,-122.61497497558594
-0.21411,2.837217072386075,-33.426,-123.67652893066406
-0.21411,2.837217072386075,-33.37799999999999,-124.73911285400388
-0.2196,2.837217072386075,-33.300000000000004,-125.7989501953125
-0.2196,2.804624298948575,-33.300000000000004,-125.7989501953125
-0.21228,2.347959259886075,-33.36599999999999,-126.89208984375
-0.21045,2.706723908323575,-33.38999999999999,-127.96154022216795
-0.2196,3.196103791136075,-33.336,-129.02034759521484
-0.20862,3.196103791136075,-33.276,-130.08224487304688
-0.20862,2.869809845823575,-33.276,-130.08224487304688
-0.19764,2.706723908323575,-33.156,-131.1661148071289
-0.18483,2.282651642698575,-32.508,-132.21805572509766
-0.17934,2.706723908323575,-31.668,-133.26038360595703
-0.16104,2.869809845823575,-30.852,-134.26734924316406
-0.14823,2.739316681761075,-30.036,-135.22247314453125
-0.17934,2.641538361448575,-28.980000000000004,-136.15459442138672
-0.15189,2.576230744261075,-28.074,-137.0757293701172
-0.15006,2.347959259886075,-27.192,-137.97832489013672
-0.13725,2.380552033323575,-26.256,-138.82530212402344
-0.1647,2.282651642698575,-25.134,-139.65545654296875
-0.15189,2.706723908323575,-24.228,-140.4269027709961
-0.14274,2.706723908323575,-23.286,-141.16985321044922
-0.14274,2.315244416136075,-23.286,-141.16985321044922
-0.1281,2.641538361448575,-22.452,-141.9158935546875
-0.13176,2.315244416136075,-21.354,-142.6032257080078
-0.1464,2.608823517698575,-20.334,-143.2678985595703
-0.13725,2.380552033323575,-19.29,-143.90682220458984
-0.1281,2.869809845823575,-18.354,-144.48875427246094
-0.13176,2.869809845823575,-17.526,-145.05695343017578
-0.11895,2.935117463011075,-16.524,-145.60420989990234
-0.12261,2.641538361448575,-15.419999999999998,-146.1020278930664
-0.11346,2.608823517698575,-14.364,-146.57032012939453
-0.12444,2.315244416136075,-13.464,-147.00393676757812
-0.11712,2.576230744261075,-12.57,-147.4303436279297
-0.11712,2.315244416136075,-11.544,-147.80181884765625
-0.10797,2.608823517698575,-10.554,-148.1403350830078
-0.09882,2.315244416136075,-9.707999999999998,-148.48228454589844
-0.08784,1.8585793770735748,-8.652,-148.76861572265625
-0.07869,2.054258088011075,-7.542,-149.03263092041016
-0.08601,2.184751252073575,-6.498,-149.25819396972656
-0.08235,2.119565705198575,-5.502,-149.44393157958984
-0.08052,2.315244416136075,-4.626,-149.59911346435547
-0.07137,2.445737580198575,-3.432,-149.72339630126953
-0.06588,2.478330353636075,-2.76,-149.82192993164062
-0.05673,2.674131134886075,-1.74,-149.88956451416016
-0.06771,2.869809845823575,-1.14,-149.9297332763672
-0.0366,2.706723908323575,-1.002,-149.96475219726562
-0.05124,2.706723908323575,-0.3,-149.98226165771484
-0.06405,2.706723908323575,-0.036,-149.98432159423828
-0.06954,2.706723908323575,-0.06,-149.9853515625
-0.07137,2.837217072386075,-0.036,-149.98638153076172
-0.07503,2.837217072386075,-0.054,-149.98809814453125
-0.07503,2.739316681761075,-0.054,-149.98809814453125
-0.06954,2.739316681761075,-0.042,-149.9901580810547
-0.07503,2.739316681761075,-0.03,-149.99187469482422
-0.07686,2.837217072386075,-0.0479999999999999,-149.9905014038086
-0.07869,2.837217072386075,-0.042,-149.99256134033203
-0.07869,2.772031525511075,-0.042,-149.99256134033203
-0.07686,2.706723908323575,-0.0479999999999999,-149.99496459960938
-0.07869,2.706723908323575,-0.036,-149.996337890625
-0.07869,2.706723908323575,-0.036,-149.99771118164062
-0.07869,2.706723908323575,-0.0239999999999999,-149.99771118164062
-0.08052,2.772031525511075,-0.018,-149.99839782714844
-0.08052,2.706723908323575,-0.0119999999999999,-149.99908447265625
-0.08235,2.706723908323575,-0.0119999999999999,-149.99874114990234
-0.07503,2.706723908323575,-0.0,-149.99874114990234
-0.05856,2.739316681761075,0.0059999999999999,-149.99874114990234
-0.01647,2.869809845823575,0.06,-149.99874114990234
0.03843,2.706723908323575,0.414,-149.99359130859375
0.10614,2.706723908323575,1.194,-149.96749877929688
0.15372,2.217466095823575,2.568,-149.90467071533203
0.12993,2.217466095823575,4.35,-149.78347778320312
0.12993,2.282651642698575,4.35,-149.78347778320312
0.12993,2.250058869261075,5.5440000000000005,-149.6169662475586
0.12444,2.315244416136075,6.474,-149.4195556640625
0.1464,2.380552033323575,7.218,-149.1991424560547
0.13542,2.706723908323575,7.968000000000001,-148.9358139038086
0.15189,2.217466095823575,8.748,-148.65875244140625
0.14091,2.217466095823575,9.798,-148.34976196289062
0.17202,2.315244416136075,10.716,-148.01570892333984
0.15006,2.315244416136075,11.916,-147.64801025390625
0.15921,2.869809845823575,12.756,-147.25147247314453
0.17202,2.315244416136075,13.62,-146.8041229248047
0.18483,2.576230744261075,14.724,-146.34441375732422
0.1647,2.706723908323575,15.9,-145.83492279052734
0.17751,2.706723908323575,16.697999999999997,-145.294189453125
0.16836,2.706723908323575,17.646,-144.75963592529297
0.20313,2.706723908323575,18.588,-144.16431427001953
0.19032,2.804624298948575,19.596,-143.53843688964844
0.18666,2.706723908323575,20.616,-142.86792755126953
0.18849,2.706723908323575,21.72,-142.18196868896484
0.17934,2.902524689573575,22.728,-141.4606475830078
0.19581,2.608823517698575,23.58,-140.71014404296875
0.21411,2.608823517698575,24.522,-139.90951538085938
0.22143,2.706723908323575,25.584,-139.09481048583984
0.19947,2.250058869261075,26.748,-138.22998046875
0.21045,2.674131134886075,27.654,-137.33699798583984
0.21228,2.315244416136075,28.572,-136.41929626464844
0.21777,2.478330353636075,29.556,-135.50811767578125
0.23058,2.641538361448575,30.708,-134.51385498046875
0.22143,2.837217072386075,31.566,-133.50139617919922
0.22692,2.869809845823575,32.22,-132.43091583251953
0.2013,2.869809845823575,32.736,-131.38721466064453
0.2013,2.967710236448575,32.736,-131.38721466064453
0.20496,2.837217072386075,33.023999999999994,-130.2875518798828
0.2013,2.837217072386075,32.964,-129.26239013671875
0.2013,2.315244416136075,32.964,-129.26239013671875
0.20679,2.347959259886075,33.03,-128.1881332397461
0.19032,2.706723908323575,33.252,-127.12142944335938
0.19947,3.098203400511075,33.216,-126.06227874755858
0.19764,2.543637970823575,33.174,-125.00415802001952
0.21228,2.413144806761075,33.348,-123.89694213867188
0.19398,2.641538361448575,33.37799999999999,-122.8271484375
0.19215,2.869809845823575,33.282000000000004,-121.761474609375
0.20862,2.869809845823575,33.306,-120.6796646118164
0.20313,2.706723908323575,33.36,-119.61570739746092
0.19947,2.543637970823575,33.264,-118.5740661621094
0.21411,2.706723908323575,33.300000000000004,-117.46204376220705
0.18666,2.869809845823575,33.45,-116.4217758178711
0.21045,2.869809845823575,33.342,-115.33927917480467
0.20313,2.380552033323575,33.288000000000004,-114.2684555053711
0.21045,2.511045197386075,33.38999999999999,-113.17806243896484
0.19947,2.511045197386075,33.444,-112.1147918701172
0.19947,2.772031525511075,33.444,-112.1147918701172
0.21228,2.869809845823575,33.24,-111.0552978515625
0.21045,2.739316681761075,33.312000000000005,-109.99237060546876
0.19032,2.706723908323575,33.468,-108.91708374023438
0.21228,2.706723908323575,33.276,-107.85999298095705
0.21228,2.413144806761075,33.276,-107.85999298095705
0.20679,2.869809845823575,33.354,-106.75277709960938
0.20862,2.869809845823575,33.395999999999994,-105.68367004394533
0.20862,2.706723908323575,33.395999999999994,-105.68367004394533
0.20313,2.706723908323575,33.312000000000005,-104.64134216308594
0.20862,2.706723908323575,33.312000000000005,-103.5512924194336
0.21045,2.478330353636075,33.348,-102.49282836914062
0.20679,2.478330353636075,33.395999999999994,-101.40689849853516
0.20679,2.869809845823575,33.395999999999994,-101.40689849853516
0.2013,2.608823517698575,33.36,-100.30723571777344
0.20862,2.706723908323575,33.348,-99.2453384399414
0.20313,2.641538361448575,33.456,-98.18069458007812
0.20862,2.576230744261075,33.258,-97.0697021484375
0.20313,2.869809845823575,33.264,-96.00471496582033
0.19764,2.641538361448575,33.408,-94.9332046508789
0.19947,2.706723908323575,33.294000000000004,-93.8503646850586
0.19947,2.576230744261075,33.294000000000004,-92.7634048461914
0.19581,2.576230744261075,33.354,-91.69944763183594
0.18849,2.935117463011075,33.395999999999994,-90.60287475585938
0.19398,2.315244416136075,33.288000000000004,-89.53857421875
0.20496,2.315244416136075,33.245999999999995,-88.50826263427734
0.2013,2.543637970823575,33.42,-87.44327545166016
0.19032,2.869809845823575,33.318,-86.3470458984375
0.19032,2.772031525511075,33.336,-85.25768280029297
0.19215,2.315244416136075,33.42,-84.19647216796875
0.20496,2.413144806761075,33.27,-83.15963745117188
0.2013,2.641538361448575,33.282000000000004,-82.09087371826172
0.19215,2.869809845823575,33.348,-81.0018539428711
0.20313,2.576230744261075,33.36,-79.93789672851562
0.20862,1.9237649239485748,33.245999999999995,-78.90174865722656
0.19764,2.315244416136075,33.318,-77.8103256225586
0.19032,2.706723908323575,33.444,-76.74087524414062
0.19581,2.837217072386075,33.222,-75.65803527832031
0.19581,2.380552033323575,33.294000000000004,-74.5697021484375
0.183,1.9237649239485748,33.36,-73.47999572753906
0.19032,2.445737580198575,33.282000000000004,-72.43904113769531
0.19215,2.511045197386075,33.324000000000005,-71.35139465332031
0.19215,2.511045197386075,33.348,-70.29327392578125
0.183,2.250058869261075,33.37799999999999,-69.1970443725586
0.18849,1.7932717598860748,33.264,-68.13034057617188
0.19032,2.478330353636075,33.348,-67.04475402832031
0.18666,2.315244416136075,33.414,-66.00482940673828
0.19581,2.543637970823575,33.222,-64.918212890625
0.18483,2.315244416136075,33.342,-63.79726409912109
0.18666,1.6954934395735748,33.395999999999994,-62.70755767822265
0.18483,1.6954934395735748,33.245999999999995,-61.675872802734375
0.18483,2.217466095823575,33.245999999999995,-61.675872802734375
0.19398,2.315244416136075,33.258,-60.56385040283202
0.18666,2.315244416136075,33.354,-59.49268341064453
0.183,2.054258088011075,33.354,-58.40023040771485
0.18666,1.6301858223860748,33.27,-57.31704711914063
0.19398,2.184751252073575,33.306,-56.2335205078125
0.18483,2.184751252073575,33.408,-55.14106750488281
0.19032,2.347959259886075,33.21,-54.04792785644531
0.19398,1.7932717598860748,33.288000000000004,-52.98431396484375
0.18666,1.4996926583235748,33.402,-51.95056915283203
0.19947,1.9237649239485748,33.222,-50.861549377441406
0.20862,2.217466095823575,33.294000000000004,-49.74231719970703
0.19032,2.054258088011075,33.36599999999999,-48.70136260986328
0.19581,1.6301858223860748,33.348,-47.64015197753906
0.20679,1.6301858223860748,33.228,-46.55387878417969
0.2013,1.9564797676985748,33.300000000000004,-45.48442840576172
0.17934,2.119565705198575,33.45,-44.44381713867188
0.19398,1.6954934395735748,33.216,-43.38329315185547
0.2013,1.6301858223860748,33.264,-42.31967926025391
0.19215,1.6629006661360748,33.414,-41.25434875488281
0.18483,1.6629006661360748,33.27,-40.18730163574219
0.18483,2.217466095823575,33.27,-40.18730163574219
0.19398,1.5324075020735748,33.282000000000004,-39.12712097167969
0.19215,1.5324075020735748,33.324000000000005,-38.039817810058594
0.19215,1.4345071114485748,33.324000000000005,-38.039817810058594
0.18117,1.7932717598860748,33.312000000000005,-36.99062347412109
0.19764,1.8585793770735748,33.198,-35.933189392089844
0.18849,1.8911721505110748,33.306,-34.86408233642578
0.18483,1.1735207833235748,33.37799999999999,-33.829307556152344
0.19032,1.4019143380110748,33.198,-32.76329040527344
0.183,1.8911721505110748,33.306,-31.668777465820312
0.18483,1.7932717598860748,33.348,-30.61168670654297
0.18483,1.3366067208235748,33.216,-29.52163696289062
0.18666,1.0756203926985748,33.216,-28.4820556640625
0.19032,1.2714211739485748,33.288000000000004,-27.388916015625
0.183,1.7932717598860748,33.312000000000005,-26.32530212402344
0.19581,1.4345071114485748,33.144,-25.265121459960938
0.18849,1.3040139473860748,33.300000000000004,-24.17438507080078
0.18666,0.6515481270735748,33.395999999999994,-23.10596466064453
0.19032,1.3691994942610748,33.21,-22.021408081054688
0.19032,1.6954934395735748,33.27,-20.984230041503903
0.18666,1.2387063301985748,33.306,-19.89692687988281
0.18483,1.2387063301985748,33.21,-18.797950744628903
0.18117,0.5863625801985748,33.276,-17.7374267578125
0.19581,1.2714211739485748,33.27,-16.67724609375
0.18483,1.2714211739485748,33.318,-15.611915588378906
0.18483,1.3040139473860748,33.318,-15.611915588378906
0.18483,1.0430276192610748,33.19200000000001,-14.543838500976562
0.18117,0.6841409005110748,33.318,-13.475418090820312
0.18483,0.6189553536360748,33.36,-12.394638061523438
0.19032,0.6189553536360748,33.204,-11.308364868164062
0.19032,1.2387063301985748,33.204,-11.308364868164062
0.18849,1.2387063301985748,33.276,-10.24028778076172
0.18666,0.9125344551985748,33.354,-9.14886474609375
0.19032,0.6189553536360748,33.228,-8.06121826171875
0.19032,0.6189553536360748,33.264,-7.030220031738281
0.19032,0.8473489083235748,33.264,-7.030220031738281
0.18483,1.0756203926985748,33.33,-5.959739685058594
0.18117,0.8799416817610748,33.27,-4.865570068359375
0.19764,0.5536477364485748,33.216,-3.808135986328125
0.18483,0.9451272286360748,33.324000000000005,-2.767524719238281
0.18483,0.7494485176985748,33.384,-1.6819381713867188
0.18483,1.0756203926985748,33.24,-0.6080245971679688
0.19398,0.4558694161360748,33.294000000000004,0.454559326171875
0.18666,0.2927834786360748,33.33,1.511993408203125
0.18666,1.0756203926985748,33.21,2.5800704956054688
0.18849,0.6841409005110748,33.276,3.643341064453125
0.183,0.6841409005110748,33.348,4.688072204589844
0.19032,0.0317971505110747,33.318,5.747566223144531
0.19398,0.5536477364485748,33.18000000000001,6.805686950683594
0.18849,0.6841409005110748,33.306,7.9046630859375
0.18666,0.5863625801985748,33.348,8.941154479980469
0.19215,0.1622903145735748,33.19200000000001,10.004425048828123
0.2013,0.2927834786360748,33.276,11.061515808105469
0.17934,0.5210549630110748,33.294000000000004,12.158775329589844
0.19032,0.6841409005110748,33.282000000000004,13.224449157714844
0.20679,-0.0335104666764252,33.216,14.258880615234377
0.19581,0.1295754708235748,33.306,15.347900390624998
0.18849,-0.0009176932389252,33.414,16.41357421875
0.18483,0.5210549630110748,33.222,17.50396728515625
0.20496,0.3905617989485748,33.324000000000005,18.54045867919922
0.19398,-0.1965964041764252,33.414,19.6490478515625
0.19398,0.3579690255110748,33.258,20.698585510253903
0.19947,0.3579690255110748,33.348,21.7580795288086
0.183,0.5210549630110748,33.37799999999999,22.846755981445312
0.2013,-0.0661032401139252,33.294000000000004,23.88736724853516
0.19764,-0.3270895682389252,33.216,25.02239227294922
0.18849,0.0317971505110747,33.27,26.07330322265625
0.19398,0.3253762520735748,33.37799999999999,27.127647399902344
0.18666,0.3253762520735748,33.245999999999995,28.212890625
0.19581,-0.4901755057389252,33.33,29.281997680664062
0.19581,-0.4901755057389252,33.395999999999994,30.32329559326172
0.19215,-0.4901755057389252,33.282000000000004,31.43943786621093
0.19215,-0.0009176932389252,33.282000000000004,31.43943786621093
0.19215,0.3905617989485748,33.300000000000004,32.495155334472656
0.19032,-0.0661032401139252,33.33,33.56117248535156
0.19032,-0.5880758963639252,33.312000000000005,34.654998779296875
0.19581,-0.4575827323014252,33.318,35.715179443359375
0.19398,0.1295754708235748,33.402,36.78153991699219
0.19398,0.1295754708235748,33.372,37.84172058105469
0.19215,-0.3923971854264252,33.186,38.93726348876953
0.19032,-0.3923971854264252,33.402,40.00087738037109
0.19032,-0.6206686698014252,33.402,40.00087738037109
0.183,-0.5554831229264252,33.438,41.08921051025391
0.19032,0.2927834786360748,33.21,42.152137756347656
0.19398,0.1622903145735748,33.282000000000004,43.24012756347656
0.18483,-0.4575827323014252,33.306,44.2910385131836
0.19398,-0.9469626151139252,33.245999999999995,45.39997100830078
0.19581,-0.9469626151139252,33.228,46.42856597900391
0.19581,-0.4575827323014252,33.228,46.42856597900391
0.18849,0.1295754708235748,33.354,47.52342224121094
0.18849,-0.0661032401139252,33.354,48.59081268310547
0.183,-0.4575827323014252,33.24,49.682579040527344
0.19398,-0.9469626151139252,33.33,50.765419006347656
0.18849,-0.4575827323014252,33.36,51.85100555419922
0.19215,0.0969826973860747,33.198,52.92491912841797
0.19032,-0.2291891776139252,33.312000000000005,53.9590072631836
0.19215,-0.5227682791764252,33.36,55.04940032958984
0.19581,-0.9142477713639252,33.228,56.10820770263672
0.19398,-0.2291891776139252,33.282000000000004,57.19963073730469
0.17934,-0.1965964041764252,33.342,58.297233581542976
0.19398,-0.3270895682389252,33.342,59.35192108154297
0.19764,-0.6532614432389252,33.24,60.4193115234375
0.18849,-0.7837546073014252,33.336,61.48223876953125
0.183,-0.0986960135514252,33.37799999999999,62.57160186767578
0.18666,-0.3270895682389252,33.222,63.63899230957031
0.19947,-0.3270895682389252,33.24,64.71668243408203
0.18483,-0.6206686698014252,33.408,65.8135986328125
0.19764,-0.5227682791764252,33.222,66.9063949584961
0.19398,-0.1965964041764252,33.318,67.94048309326172
0.18483,-0.3270895682389252,33.372,69.00959014892578
0.19032,-0.6206686698014252,33.252,70.06977081298828
0.19581,-0.5554831229264252,33.18000000000001,71.16497039794922
0.19032,-0.1965964041764252,33.294000000000004,72.19905853271484
0.19764,-0.2291891776139252,33.37799999999999,73.31279754638672
0.19764,-0.7185690604264252,33.252,74.3503189086914
0.19764,-0.6206686698014252,33.233999999999995,75.44242858886719
0.18483,-0.3596823416764252,33.402,76.50775909423828
0.19764,-0.0661032401139252,33.245999999999995,77.5960922241211
0.19947,-0.3923971854264252,33.216,78.629150390625
0.19032,-0.7185690604264252,33.318,79.70203399658203
0.19581,-0.6859762869889252,33.27,80.7883071899414
0.2013,-0.0009176932389252,33.258,81.85089111328125
0.20313,0.0317971505110747,33.300000000000004,82.93785095214844
0.18849,-0.3923971854264252,33.36599999999999,83.98326873779297
0.2013,-1.0121481619889252,33.252,85.09941101074219
0.19581,-0.4901755057389252,33.324000000000005,86.13143920898438
0.19398,0.0643899239485747,33.395999999999994,87.19642639160156
0.19947,0.1295754708235748,33.198,88.28441619873047
0.2013,-0.3923971854264252,33.198,89.32811737060547
0.19398,-1.1426413260514252,33.468,90.38864135742188
0.19215,-0.0661032401139252,33.342,91.47388458251952
0.19947,0.1295754708235748,33.204,92.54024505615234
0.19032,0.1295754708235748,33.354,93.61106872558594
0.19398,-0.7837546073014252,33.42,94.70008850097656
0.20496,-0.7185690604264252,33.27,95.7564926147461
0.2013,0.0643899239485747,33.252,96.81770324707033
0.19032,0.1948830880110748,33.444,97.91805267333984
0.19398,-0.0986960135514252,33.264,98.9813232421875
0.20679,-0.6859762869889252,33.276,100.06450653076172
0.19947,-0.2291891776139252,33.414,101.12503051757812
0.19215,0.4558694161360748,33.336,102.19619750976562
0.19398,0.1295754708235748,33.312000000000005,103.26221466064452
0.19764,0.1295754708235748,33.342,104.32205200195312
0.19764,-0.3270895682389252,33.342,104.32205200195312
0.18849,-0.4575827323014252,33.408,105.40969848632812
0.20496,-0.2291891776139252,33.252,106.47811889648438
0.20496,0.5536477364485748,33.342,107.5667953491211
0.19398,0.3579690255110748,33.438,108.60637664794922
0.20679,-0.3923971854264252,33.252,109.69127655029295
0.20496,-0.4249899588639252,33.288000000000004,110.78235626220705
0.19764,-0.0335104666764252,33.408,111.84974670410156
0.20496,0.5210549630110748,33.312000000000005,112.93773651123048
0.21411,0.2600686348860748,33.233999999999995,114.02503967285156
0.22143,-0.0661032401139252,33.288000000000004,115.11028289794922
0.20313,-0.0661032401139252,33.402,116.20960235595702
0.22143,-0.1640036307389252,33.222,117.29175567626952
0.22326,0.5536477364485748,33.33,118.32653045654295
0.20862,0.2927834786360748,33.474000000000004,119.4426727294922
0.22143,-0.0009176932389252,33.264,120.48431396484376
0.21045,-0.0009176932389252,33.354,121.57642364501956
0.2196,0.1622903145735748,33.444,122.6348876953125
0.2013,0.6841409005110748,33.318,123.7235641479492
0.21228,0.2927834786360748,33.276,124.79095458984374
0.21411,0.1622903145735748,33.33,125.82950592041014
0.2013,0.4558694161360748,33.462,126.9205856323242
0.22509,0.4231545723860748,33.258,127.97664642333984
0.21411,0.6841409005110748,33.342,129.02000427246094
0.19947,0.1295754708235748,33.468,130.09151458740234
0.20496,0.4558694161360748,32.994,131.14482879638672
0.183,1.0104348458235748,32.532000000000004,132.16175079345703
0.16287,1.1735207833235748,31.74000000000001,133.21231842041016
0.15921,0.9451272286360748,30.894,134.23233032226562
0.15738,0.4558694161360748,29.910000000000004,135.1922607421875
0.18483,0.8799416817610748,29.004,136.15013122558594
0.15006,0.4558694161360748,28.278,137.06130981445312
0.16104,0.5210549630110748,27.108,137.95772552490234
0.15921,0.5210549630110748,26.118,138.8232421875
0.16287,0.7494485176985748,25.278,139.6194076538086
0.15738,0.6841409005110748,24.324,140.3997802734375
0.13542,1.2387063301985748,23.364,141.18324279785156
0.13542,1.0756203926985748,22.176,141.91246032714844
0.12993,1.0756203926985748,21.36,142.62279510498047
0.13542,0.6841409005110748,20.31,143.2939910888672
0.13542,0.6841409005110748,19.362,143.92810821533203
0.12627,0.9125344551985748,18.3,144.53475952148438
0.12444,1.2387063301985748,17.220000000000002,145.1077651977539
0.13542,1.4670998848860748,16.248,145.65296173095703
0.12261,1.5650002755110748,15.468,146.13876342773438
0.11163,1.3691994942610748,14.333999999999998,146.63829803466797
0.11346,1.6301858223860748,13.314,147.06539154052734
0.12078,1.7606789864485748,12.42,147.47154235839844
0.11346,1.4670998848860748,11.568,147.85160064697266
0.10797,1.4670998848860748,10.404,148.20762634277344
0.10797,1.3691994942610748,10.404,148.20762634277344
0.11346,1.0104348458235748,9.27,148.52005004882812
0.10797,1.0756203926985748,8.454,148.7885284423828
0.09516,1.2061135567610748,7.524000000000001,149.03881072998047
0.09333,1.1735207833235748,6.606,149.26677703857422
0.08235,1.1735207833235748,5.466,149.46178436279297
0.08052,1.0756203926985748,4.464,149.62039947509766
0.05856,1.3691994942610748,3.48,149.7443389892578
0.06222,1.2387063301985748,2.58,149.83531951904297
0.04575,1.1409280098860748,1.7519999999999998,149.89883422851562
0.08418,1.0756203926985748,0.66,149.93316650390625
0.0915,1.1409280098860748,0.456,149.9465560913086
0.08052,1.0756203926985748,0.48,149.9630355834961
0.0732,1.1082131661360748,0.408,149.97608184814453
0.06039,1.2061135567610748,0.432,149.9911880493164
0.06954,1.2061135567610748,0.09,149.9966812133789
0.06954,1.1735207833235748,0.018,149.99736785888672
0.0732,1.0756203926985748,0.018,149.99874114990234
0.07137,1.0756203926985748,0.0059999999999999,149.99839782714844
0.0732,1.0756203926985748,0.0119999999999999,149.99805450439453
0.07503,1.1409280098860748,0.0059999999999999,149.99805450439453
0.07503,1.1082131661360748,0.0059999999999999,149.99977111816406
0.0732,1.0756203926985748,0.0059999999999999,149.99942779541016
0.0732,1.0756203926985748,0.0059999999999999,149.99874114990234
0.07503,1.1082131661360748,-0.0,150.00080108642578
0.0732,1.0756203926985748,0.0059999999999999,150.00011444091797
0.0732,1.0756203926985748,0.0059999999999999,149.99977111816406
0.06771,1.0756203926985748,-0.0,149.99977111816406
0.05124,1.0756203926985748,-0.0059999999999999,149.99977111816406
0.00183,1.0756203926985748,-0.042,149.99771118164062
-0.06405,1.2387063301985748,-0.48,149.99290466308594
-0.11895,1.2387063301985748,-1.632,149.96131896972656
-0.13176,1.2387063301985748,-3.306,149.87171173095703
-0.13176,1.6301858223860748,-3.306,149.87171173095703
-0.13725,1.5650002755110748,-4.434,149.74021911621094
-0.1464,1.2387063301985748,-5.5200000000000005,149.57096099853516
-0.13359,0.8799416817610748,-6.39,149.36668395996094
-0.15555,1.3691994942610748,-7.271999999999999,149.139404296875
-0.14274,1.8585793770735748,-8.202,148.8819122314453
-0.16104,1.8585793770735748,-9.126,148.6069107055664
-0.1464,1.8585793770735748,-10.164,148.29036712646484
-0.1464,1.5975930489485748,-10.164,148.29036712646484
-0.14457,1.2387063301985748,-11.094,147.92850494384766
-0.15738,1.0756203926985748,-11.886,147.5625228881836
-0.16104,1.3691994942610748,-12.923999999999998,147.1622085571289
-0.16836,1.1735207833235748,-13.986,146.72550201416016
-0.16287,1.4345071114485748,-14.868,146.25205993652344
-0.17751,1.2387063301985748,-15.6,145.777587890625
-0.19581,1.2387063301985748,-16.656000000000002,145.25848388671875
-0.19581,0.7494485176985748,-16.656000000000002,145.25848388671875
-0.17385,0.5210549630110748,-17.766,144.7126007080078
-0.183,1.0104348458235748,-18.840000000000003,144.1131591796875
-0.183,1.1735207833235748,-19.728,143.48865509033203
-0.18483,0.6841409005110748,-20.658,142.84423828125
-0.18849,0.5210549630110748,-21.6,142.14111328125
-0.20679,0.9451272286360748,-22.542,141.4431381225586
-0.19215,0.9778420723860748,-23.706,140.7077407836914
-0.20679,1.2387063301985748,-24.594,139.9215316772461
-0.21045,0.9451272286360748,-25.632,139.11094665527344
-0.2013,0.8473489083235748,-26.46,138.3007049560547
-0.23607,0.6841409005110748,-27.546,137.39227294921875
-0.20496,0.8146340645735748,-28.578,136.50684356689453
-0.21777,1.0756203926985748,-29.610000000000003,135.5599594116211
-0.21777,0.7494485176985748,-30.354,134.5941925048828
-0.20862,0.7494485176985748,-31.482000000000003,133.62361907958984
-0.20313,0.5536477364485748,-32.286,132.58197784423828
-0.19032,0.9451272286360748,-32.669999999999995,131.5399932861328
-0.2013,1.3040139473860748,-32.802,130.47157287597656
-0.18666,1.3040139473860748,-33.054,129.41585540771484
-0.18666,0.5863625801985748,-33.054,129.41585540771484
-0.19581,0.3253762520735748,-33.156,128.36151123046875
-0.20496,0.8473489083235748,-33.072,127.3088836669922
-0.19215,0.6841409005110748,-33.27,126.2445831298828
-0.19947,0.6841409005110748,-33.294000000000004,125.1840591430664
-0.21594,0.0969826973860747,-33.27,124.14894104003906
-0.21045,0.4231545723860748,-33.312000000000005,123.08738708496094
-0.21045,0.4231545723860748,-33.36,122.02205657958984
-0.21045,0.6841409005110748,-33.36,122.02205657958984
-0.19398,0.2927834786360748,-33.36,120.92857360839844
-0.21228,0.2927834786360748,-33.245999999999995,119.8728561401367
-0.21228,0.1295754708235748,-33.245999999999995,119.8728561401367
-0.21411,0.1295754708235748,-33.402,118.83190155029298
-0.20679,0.1295754708235748,-33.354,117.74185180664062
-0.20679,0.6515481270735748,-33.354,117.74185180664062
-0.21777,0.6841409005110748,-33.216,116.67617797851562
-0.20313,0.6841409005110748,-33.426,115.59162139892578
-0.20313,0.1295754708235748,-33.426,115.59162139892578
-0.19764,-0.1314108573014252,-33.372,114.50260162353516
-0.20496,0.0969826973860747,-33.276,113.4345245361328
-0.20679,0.7494485176985748,-33.300000000000004,112.39459991455078
-0.20496,0.1948830880110748,-33.414,111.30558013916016
-0.20313,-0.1640036307389252,-33.318,110.24436950683594
-0.20679,-0.3270895682389252,-33.19200000000001,109.15672302246094
-0.21045,0.2927834786360748,-33.372,108.1106185913086
-0.20862,0.6841409005110748,-33.402,107.0514678955078
-0.21228,0.0643899239485747,-33.252,105.9634780883789
-0.2013,-0.3923971854264252,-33.37799999999999,104.88029479980467
-0.19398,-0.1965964041764252,-33.38999999999999,103.8039779663086
-0.18849,-0.1965964041764252,-33.282000000000004,102.7115249633789
-0.18849,0.2274758614485748,-33.282000000000004,102.7115249633789
-0.2013,0.6841409005110748,-33.324000000000005,101.6348648071289
-0.19398,0.0969826973860747,-33.444,100.5685043334961
-0.18849,-0.2944967948014252,-33.38999999999999,99.50214385986328
-0.19581,-0.1640036307389252,-33.264,98.4096908569336
-0.19032,0.1948830880110748,-33.384,97.34642028808594
-0.19215,0.2927834786360748,-33.395999999999994,96.28623962402344
-0.19764,-0.1640036307389252,-33.252,95.21747589111328
-0.19032,-0.5880758963639252,-33.36599999999999,94.12879943847656
-0.19032,-0.0009176932389252,-33.348,93.08887481689452
-0.19032,0.1295754708235748,-33.300000000000004,92.00225830078124
-0.19398,0.1295754708235748,-33.306,90.94139099121094
-0.183,-0.3270895682389252,-33.36599999999999,89.84413146972656
-0.18849,-0.6859762869889252,-33.36,88.80695343017578
-0.2013,-0.0986960135514252,-33.27,87.72205352783203
-0.19215,0.1295754708235748,-33.372,86.65878295898438
-0.19398,-0.0335104666764252,-33.342,85.56427001953125
-0.18666,-0.4249899588639252,-33.27,84.4467544555664
-0.19398,-0.5554831229264252,-33.336,83.39000701904297
-0.18666,-0.1314108573014252,-33.354,82.30064392089844
-0.19581,0.1295754708235748,-33.21,81.23050689697266
-0.19398,0.1295754708235748,-33.276,80.14389038085938
-0.19398,-0.0009176932389252,-33.276,80.14389038085938
-0.18849,-0.3270895682389252,-33.36599999999999,79.05521392822266
-0.19398,-0.3270895682389252,-33.300000000000004,77.96825408935547
-0.19398,-0.6532614432389252,-33.300000000000004,77.96825408935547
-0.19764,-0.1314108573014252,-33.216,76.90189361572266
-0.19032,0.0643899239485747,-33.36,75.83518981933594
-0.19398,-0.2291891776139252,-33.336,74.7732925415039
-0.19398,-0.5554831229264252,-33.24,73.70864868164062
-0.19947,-0.1965964041764252,-33.306,72.62271881103516
-0.18483,-0.1314108573014252,-33.348,71.52408599853516
-0.19215,-0.0335104666764252,-33.282000000000004,70.48553466796875
-0.19398,-0.7185690604264252,-33.282000000000004,69.43187713623047
-0.19032,-0.5554831229264252,-33.348,68.3349609375
-0.19032,-0.0009176932389252,-33.228,67.24285125732422
-0.19398,-0.0009176932389252,-33.24,66.18232727050781
-0.19215,-0.1314108573014252,-33.354,65.09708404541016
-0.20313,-0.8164694510514252,-33.312000000000005,64.03587341308594
-0.19032,-0.4249899588639252,-33.245999999999995,62.95955657958985
-0.18849,-0.0009176932389252,-33.294000000000004,61.89937591552735
-0.19398,-0.0009176932389252,-33.324000000000005,60.81447601318359
-0.20313,-0.2291891776139252,-33.276,59.75429534912109
-0.20313,-0.9142477713639252,-33.264,58.66767883300781
-0.17934,-0.2619040213639252,-33.414,57.61608123779297
-0.2013,-0.0009176932389252,-33.252,56.50646209716797
-0.21045,0.1295754708235748,-33.276,55.42156219482422
-0.19398,-0.4249899588639252,-33.354,54.383697509765625
-0.19398,-0.9795553885514252,-33.282000000000004,53.311500549316406
-0.19947,-0.0661032401139252,-33.24,52.22145080566406
-0.20862,0.3579690255110748,-33.276,51.139984130859375
-0.19764,0.3579690255110748,-33.342,50.09765625
-0.19764,0.1295754708235748,-33.342,50.09765625
-0.21411,-0.4901755057389252,-33.24,48.982200622558594
-0.20679,-0.9469626151139252,-33.27,47.89215087890625
-0.19764,-0.1640036307389252,-33.36599999999999,46.85462951660156
-0.2196,0.2274758614485748,-33.252,45.72132110595703
-0.21228,0.1622903145735748,-33.252,44.67487335205078
-0.21045,-0.2291891776139252,-33.38999999999999,43.58722686767578
-0.20862,-0.6206686698014252,-33.306,42.52189636230469
-0.20679,-0.0009176932389252,-33.18000000000001,41.435279846191406
-0.21411,0.5210549630110748,-33.264,40.42144775390625
-0.19947,-0.2619040213639252,-33.354,39.3252182006836
-0.21045,-0.5554831229264252,-33.233999999999995,38.26709747314453
-0.2196,-0.5554831229264252,-33.306,37.20897674560547
-0.2196,-0.2291891776139252,-33.306,37.20897674560547
-0.19398,0.4231545723860748,-33.37799999999999,36.16390228271485
-0.20496,0.2600686348860748,-33.282000000000004,35.07213592529297
-0.21045,-0.5227682791764252,-33.27,34.01023864746094
-0.21045,-0.2291891776139252,-33.36599999999999,32.92808532714844
-0.21045,-0.3596823416764252,-33.318,31.834945678710938
-0.20313,-0.3596823416764252,-33.276,30.787811279296875
-0.20313,0.5210549630110748,-33.276,30.787811279296875
-0.20496,0.2927834786360748,-33.36,29.73175048828125
-0.20313,0.2927834786360748,-33.384,28.637924194335938
-0.20313,-0.4901755057389252,-33.384,28.637924194335938
-0.20862,-0.0335104666764252,-33.228,27.578086853027344
-0.20862,0.1295754708235748,-33.288000000000004,26.481857299804688
-0.21045,0.5863625801985748,-33.318,25.417213439941406
-0.20679,-0.0661032401139252,-33.264,24.384841918945312
-0.21594,-0.0661032401139252,-33.288000000000004,23.290328979492188
-0.20862,0.2927834786360748,-33.27,22.20165252685547
-0.21045,0.4231545723860748,-33.324000000000005,21.13597869873047
-0.21411,0.6841409005110748,-33.288000000000004,20.05313873291016
-0.21411,0.2600686348860748,-33.348,18.96961212158203
-0.20313,-0.1314108573014252,-33.36599999999999,17.874412536621094
-0.21594,0.2274758614485748,-33.288000000000004,16.80736541748047
-0.20862,0.5210549630110748,-33.354,15.742034912109377
-0.2196,0.3579690255110748,-33.324000000000005,14.684600830078123
-0.21594,0.0317971505110747,-33.264,13.618927001953123
-0.19947,0.0317971505110747,-33.342,12.519264221191406
-0.22143,0.7820412911360748,-33.300000000000004,11.462173461914062
-0.21228,0.5210549630110748,-33.276,10.423622131347656
-0.21228,0.5863625801985748,-33.245999999999995,9.359664916992188
-0.22143,0.1295754708235748,-33.264,8.291587829589844
-0.20862,0.2274758614485748,-33.354,7.196388244628905
-0.22143,1.0430276192610748,-33.198,6.167449951171875
-0.21045,0.1295754708235748,-33.27,5.104866027832031
-0.19398,0.5210549630110748,-33.324000000000005,4.058418273925781
-0.20679,0.4231545723860748,-33.24,2.968711853027344
-0.21228,0.9778420723860748,-33.294000000000004,1.9075012207031248
-0.20313,1.0104348458235748,-33.33,0.8469772338867188
-0.20862,0.1948830880110748,-33.245999999999995,-0.24993896484375
-0.20679,0.5863625801985748,-33.228,-1.285400390625
-0.2196,0.8146340645735748,-33.312000000000005,-2.398109436035156
-0.20862,0.9125344551985748,-33.324000000000005,-3.435287475585937
-0.21228,0.8473489083235748,-33.186,-4.5284271240234375
-0.21045,0.4231545723860748,-33.342,-5.617790222167969
-0.20679,1.0104348458235748,-33.37799999999999,-6.6803741455078125
-0.22326,1.0756203926985748,-33.162000000000006,-7.744331359863281
-0.20313,0.9778420723860748,-33.24,-8.786659240722656
-0.19581,0.8146340645735748,-33.300000000000004,-9.849929809570312
-0.20496,0.3905617989485748,-33.354,-10.9423828125
-0.20862,1.6301858223860748,-33.174,-11.97235107421875
-0.20313,1.4670998848860748,-33.306,-13.040771484375
-0.19032,0.8799416817610748,-33.342,-14.108161926269531
-0.2013,0.6841409005110748,-33.233999999999995,-15.194435119628906
-0.20862,0.6841409005110748,-33.312000000000005,-16.283798217773438
-0.19947,1.7280862130110748,-33.33,-17.320632934570312
-0.20679,1.0104348458235748,-33.228,-18.4185791015625
-0.20496,0.9451272286360748,-33.264,-19.47978973388672
-0.19947,1.1082131661360748,-33.294000000000004,-20.561599731445312
-0.20862,0.7820412911360748,-33.24,-21.658859252929688
-0.21594,1.7606789864485748,-33.174,-22.74444580078125
-0.21594,1.2387063301985748,-33.312000000000005,-23.835182189941406
-0.20862,1.2387063301985748,-33.342,-24.899139404296875
-0.22143,1.0104348458235748,-33.186,-25.983009338378903
-0.21045,1.3691994942610748,-33.276,-27.032203674316406
-0.20496,1.7932717598860748,-33.258,-28.093414306640625
-0.21045,1.2387063301985748,-33.19200000000001,-29.15565490722656
-0.21594,1.2061135567610748,-33.228,-30.238494873046875
-0.19764,1.3366067208235748,-33.258,-31.282882690429688
-0.21045,1.2387063301985748,-33.336,-32.40486145019531
-0.22143,1.7932717598860748,-33.174,-33.458518981933594
-0.21411,1.5650002755110748,-33.324000000000005,-34.51835632324219
-0.20679,1.2061135567610748,-33.306,-35.59089660644531
-0.2196,1.5650002755110748,-33.168000000000006,-36.68472290039063
-0.21228,1.7932717598860748,-33.318,-37.768592834472656
-0.21411,2.086972931761075,-33.288000000000004,-38.82877349853516
-0.22143,1.3691994942610748,-33.222,-39.91813659667969
-0.20679,1.4670998848860748,-33.288000000000004,-40.98655700683594
-0.21228,2.184751252073575,-33.348,-42.04914093017578
-0.21411,1.7932717598860748,-33.318,-43.111724853515625
-0.22143,1.8585793770735748,-33.222,-44.19490814208984
-0.21777,1.4670998848860748,-33.294000000000004,-45.28976440429688
-0.21411,1.8911721505110748,-33.395999999999994,-46.35612487792969
-0.2196,2.086972931761075,-33.233999999999995,-47.41973876953125
-0.22143,1.8585793770735748,-33.324000000000005,-48.478546142578125
-0.21411,1.9890725411360748,-33.36,-49.571685791015625
-0.20313,1.3040139473860748,-33.306,-50.66619873046875
-0.20313,2.054258088011075,-33.318,-51.72466278076172
-0.21228,2.282651642698575,-33.294000000000004,-52.81024932861328
-0.19764,2.054258088011075,-33.300000000000004,-53.90201568603516
-0.19398,1.9564797676985748,-33.228,-54.99137878417969
-0.19215,1.7932717598860748,-33.372,-56.08314514160156
-0.19947,1.9890725411360748,-33.402,-57.16667175292969
-0.19764,2.315244416136075,-33.228,-58.23028564453125
-0.18117,2.184751252073575,-33.38999999999999,-59.28050994873047
-0.18849,2.315244416136075,-33.36,-60.364723205566406
-0.19215,1.7280862130110748,-33.258,-61.429023742675774
-0.19947,2.184751252073575,-33.27,-62.51014709472656
-0.19215,2.315244416136075,-33.33,-63.60500335693359
-0.19947,2.217466095823575,-33.395999999999994,-64.64595794677734
-0.20313,1.9237649239485748,-33.294000000000004,-65.70545196533203
-0.19032,1.9890725411360748,-33.36,-66.7972183227539
-0.18666,2.543637970823575,-33.276,-67.88555145263672
-0.19581,2.445737580198575,-33.216,-68.95225524902344
-0.19032,2.445737580198575,-33.42,-70.03921508789062
-0.19032,2.543637970823575,-33.42,-70.03921508789062
-0.19032,2.250058869261075,-33.36599999999999,-71.12342834472656
-0.19764,1.9564797676985748,-33.282000000000004,-72.19425201416016
-0.19947,2.641538361448575,-33.294000000000004,-73.30799102783203
-0.19032,2.869809845823575,-33.37799999999999,-74.34619903564453
-0.19398,2.543637970823575,-33.336,-75.43212890625
-0.2013,2.184751252073575,-33.27,-76.51737213134766
-0.18666,2.380552033323575,-33.38999999999999,-77.6407241821289
-0.19581,2.608823517698575,-33.348,-78.68133544921875
-0.2013,2.608823517698575,-33.24,-79.7665786743164
-0.2013,2.772031525511075,-33.24,-79.7665786743164
-0.19581,2.706723908323575,-33.342,-80.8267593383789
-0.2013,2.706723908323575,-33.306,-81.9195556640625
-0.2013,2.315244416136075,-33.306,-81.9195556640625
-0.18849,2.413144806761075,-33.228,-82.9632568359375
-0.2013,2.413144806761075,-33.342,-84.04678344726562
-0.2013,2.706723908323575,-33.342,-84.04678344726562
-0.19947,2.869809845823575,-33.342,-85.13408660888672
-0.19215,2.869809845823575,-33.33,-86.19701385498047
-0.19215,2.543637970823575,-33.33,-86.19701385498047
-0.19581,2.184751252073575,-33.288000000000004,-87.26646423339844
-0.19581,2.706723908323575,-33.354,-88.35617065429688
-0.2013,2.706723908323575,-33.36,-89.39197540283203
-0.20679,2.869809845823575,-33.233999999999995,-90.50640106201172
-0.19947,2.641538361448575,-33.348,-91.54632568359376
-0.2013,2.184751252073575,-33.36599999999999,-92.61234283447266
-0.20862,2.641538361448575,-33.252,-93.69998931884766
-0.2196,2.641538361448575,-33.318,-94.78351593017578
-0.2196,2.869809845823575,-33.318,-94.78351593017578
-0.20679,2.869809845823575,-33.336,-95.85845947265624
-0.21777,2.380552033323575,-33.318,-96.96739196777344
-0.20862,2.250058869261075,-33.294000000000004,-98.02928924560548
-0.21594,2.706723908323575,-33.36,-99.1179656982422
-0.21777,3.000303009886075,-33.300000000000004,-100.1846694946289
-0.20862,2.869809845823575,-33.282000000000004,-101.30046844482422
-0.2196,2.674131134886075,-33.42,-102.33421325683594
-0.21411,2.511045197386075,-33.384,-103.39542388916016
-0.21411,2.706723908323575,-33.27,-104.48993682861328
-0.21411,3.098203400511075,-33.37799999999999,-105.52814483642578
-0.21594,2.869809845823575,-33.395999999999994,-106.62059783935548
-0.21777,2.608823517698575,-33.336,-107.67974853515624
-0.20679,2.282651642698575,-33.318,-108.76602172851562
-0.20862,2.935117463011075,-33.444,-109.84268188476562
-0.19764,3.065610627073575,-33.342,-110.92689514160156
-0.20679,2.869809845823575,-33.318,-112.01179504394533
-0.20679,2.641538361448575,-33.384,-113.04931640625
-0.19947,2.576230744261075,-33.342,-114.1204833984375
-0.20313,2.837217072386075,-33.318,-115.21190643310544
-0.19947,2.869809845823575,-33.354,-116.26590728759766
-0.19398,2.869809845823575,-33.438,-117.35733032226564
-0.19581,2.347959259886075,-33.33,-118.42781066894533
-0.20496,2.706723908323575,-33.318,-119.5147705078125
-0.20862,2.935117463011075,-33.462,-120.54885864257812
-0.20496,2.869809845823575,-33.336,-121.63856506347656
-0.20313,2.674131134886075,-33.300000000000004,-122.7289581298828
-0.19032,2.445737580198575,-33.42,-123.79806518554688
-0.20313,2.804624298948575,-33.37799999999999,-124.83352661132812
-0.2013,2.869809845823575,-33.324000000000005,-125.91808319091795
-0.20679,2.902524689573575,-33.348,-127.03250885009768
-0.18849,2.674131134886075,-33.395999999999994,-128.0792999267578
-0.20313,2.576230744261075,-33.318,-129.16488647460938
-0.19398,2.837217072386075,-33.294000000000004,-130.22506713867188
-0.17385,2.869809845823575,-33.078,-131.3037872314453
-0.16287,2.869809845823575,-32.454,-132.35332489013672
-0.16287,2.706723908323575,-32.454,-132.35332489013672
-0.15006,2.478330353636075,-31.596000000000004,-133.41796875
-0.18849,2.478330353636075,-30.792,-134.3792724609375
-0.18849,2.706723908323575,-30.792,-134.3792724609375
-0.17934,2.641538361448575,-29.772,-135.39207458496094
-0.15372,2.347959259886075,-28.836,-136.32007598876953
-0.17019,2.315244416136075,-27.918000000000003,-137.2144317626953
-0.13542,2.184751252073575,-27.12,-138.0926513671875
-0.16836,2.086972931761075,-26.076,-138.95679473876953
-0.15189,2.315244416136075,-25.056,-139.7409439086914
-0.12993,2.347959259886075,-24.12,-140.5309295654297
-0.1464,2.478330353636075,-23.166,-141.2677001953125
-0.12993,2.706723908323575,-22.26,-142.01168060302734
-0.13908,2.869809845823575,-21.174,-142.70793914794922
-0.12444,2.772031525511075,-20.112,-143.38462829589844
-0.13725,2.739316681761075,-19.182,-143.98921966552734
-0.13725,2.706723908323575,-18.18,-144.59381103515625
-0.12078,2.706723908323575,-17.274,-145.18123626708984
-0.12078,2.282651642698575,-17.274,-145.18123626708984
-0.1281,2.250058869261075,-16.356,-145.70068359375
-0.10797,2.706723908323575,-15.12,-146.21532440185547
-0.12627,2.511045197386075,-14.142,-146.67743682861328
-0.12261,2.217466095823575,-13.29,-147.11139678955078
-0.11163,2.315244416136075,-12.342,-147.5295639038086
-0.10614,2.478330353636075,-11.286,-147.89039611816406
-0.10797,2.608823517698575,-10.482,-148.23097229003906
-0.09882,2.380552033323575,-9.54,-148.54511260986328
-0.08418,2.641538361448575,-8.399999999999999,-148.8369369506836
-0.08784,2.869809845823575,-7.23,-149.0896224975586
-0.07869,2.869809845823575,-6.294,-149.30282592773438
-0.0732,2.869809845823575,-5.292,-149.4792938232422
-0.07137,2.706723908323575,-4.404000000000001,-149.63138580322266
-0.08418,2.706723908323575,-3.312,-149.74605560302734
-0.05673,2.706723908323575,-2.43,-149.83943939208984
-0.05673,2.543637970823575,-2.43,-149.83943939208984
-0.06771,2.608823517698575,-1.572,-149.8974609375
-0.06039,2.608823517698575,-1.122,-149.9365997314453
-0.06039,2.706723908323575,-1.122,-149.9365997314453
-0.03111,2.706723908323575,-0.888,-149.97058868408203
-0.0549,2.706723908323575,-0.21,-149.98226165771484
-0.06771,2.739316681761075,-0.042,-149.98363494873047
-0.07137,2.739316681761075,-0.054,-149.98363494873047
-0.07137,2.869809845823575,-0.054,-149.98363494873047
-0.07137,2.869809845823575,-0.0479999999999999,-149.98672485351562
-0.0732,2.837217072386075,-0.036,-149.98809814453125
-0.07503,2.739316681761075,-0.042,-149.98912811279297
-0.08235,2.706723908323575,-0.0479999999999999,-149.9908447265625
-0.08235,2.706723908323575,-0.054,-149.99256134033203
-0.08052,2.804624298948575,-0.0479999999999999,-149.99324798583984
-0.08052,2.869809845823575,-0.036,-149.99496459960938
-0.08052,2.804624298948575,-0.03,-149.9959945678711
-0.08052,2.739316681761075,-0.0239999999999999,-149.9966812133789
-0.07869,2.739316681761075,-0.018,-149.99805450439453
-0.07869,2.869809845823575,-0.018,-149.99805450439453
-0.08052,2.706723908323575,-0.0119999999999999,-149.99771118164062
-0.08052,2.706723908323575,-0.0119999999999999,-149.99805450439453
-0.07869,2.706723908323575,-0.0119999999999999,-149.99874114990234
-0.07686,2.804624298948575,-0.0,-149.99771118164062
-0.05307,2.706723908323575,0.0119999999999999,-149.996337890625
-0.0,2.739316681761075,0.0959999999999999,-149.9970245361328
0.06405,2.706723908323575,0.714,-149.98432159423828
0.1281,2.706723908323575,1.596,-149.94827270507812
0.14091,2.315244416136075,3.426,-149.86312866210938
0.13542,2.315244416136075,4.77,-149.7158432006836
0.13725,2.315244416136075,5.928,-149.53903198242188
0.13359,2.576230744261075,6.708,-149.33338165283203
0.13908,2.869809845823575,7.601999999999999,-149.09854888916016
0.14457,2.608823517698575,8.274,-148.84483337402344
0.15921,2.217466095823575,9.114,-148.56124877929688
0.15189,2.445737580198575,10.104,-148.24058532714844
0.16653,2.608823517698575,11.07,-147.90481567382812
0.15921,2.445737580198575,12.156,-147.52063751220703
0.16287,2.674131134886075,13.056,-147.0952606201172
0.18483,2.380552033323575,13.872,-146.67400360107422
0.17385,2.380552033323575,15.066000000000004,-146.2012481689453
0.16653,2.380552033323575,16.145999999999997,-145.68008422851562
0.16653,2.119565705198575,16.145999999999997,-145.68008422851562
0.17019,2.315244416136075,16.98,-145.14930725097656
0.183,2.543637970823575,17.958,-144.57733154296875
0.18666,2.315244416136075,18.894,-143.98578643798828
0.18483,2.282651642698575,19.956,-143.34754943847656
0.20313,2.641538361448575,20.856,-142.7017593383789
0.21045,2.119565705198575,22.002,-142.00481414794922
0.20679,2.184751252073575,22.896,-141.27559661865234
0.20679,2.184751252073575,23.826,-140.51959991455078
0.19215,2.315244416136075,24.804,-139.72686767578125
0.20679,2.217466095823575,25.746,-138.9437484741211
0.21777,2.315244416136075,26.892000000000003,-138.0758285522461
0.19398,2.706723908323575,27.822,-137.19348907470703
0.22143,2.837217072386075,28.74,-136.27063751220703
0.22509,2.380552033323575,29.706,-135.31757354736328
0.20496,2.706723908323575,30.864000000000004,-134.35901641845703
0.2196,2.869809845823575,31.794,-133.31737518310547
0.22875,2.706723908323575,32.622,-132.30731964111328
0.22326,2.706723908323575,33.756,-131.2158966064453
0.22326,2.217466095823575,33.756,-131.2158966064453
0.2196,2.706723908323575,34.77,-130.09254455566406
0.21228,2.706723908323575,35.37,-128.9688491821289
0.21228,2.804624298948575,35.37,-128.9688491821289
0.23241,2.869809845823575,35.706,-127.7878189086914
0.21777,2.674131134886075,36.054,-126.6404342651367
0.19764,3.000303009886075,36.06,-125.45597076416014
0.19947,2.380552033323575,36.144,-124.28043365478516
0.21045,2.772031525511075,36.3,-123.1467819213867
0.21777,2.511045197386075,36.216,-121.96506500244142
0.19947,2.641538361448575,36.24,-120.78643798828124
0.20862,2.706723908323575,36.354,-119.6246337890625
0.20679,2.706723908323575,36.27,-118.44326019287112
0.21045,2.543637970823575,36.342,-117.27973937988284
0.19398,2.706723908323575,36.51,-116.08772277832033
0.21045,2.641538361448575,36.348,-114.90428924560548
0.21228,2.608823517698575,36.318000000000005,-113.72257232666016
0.20313,2.706723908323575,36.492,-112.5600814819336
0.21594,2.706723908323575,36.348,-111.39724731445312
0.20679,2.772031525511075,36.312,-110.2090072631836
0.19032,2.869809845823575,36.492,-109.0396499633789
0.21411,2.837217072386075,36.324,-107.85690307617188
0.21228,2.869809845823575,36.324,-106.70402526855467
0.18666,2.869809845823575,36.48,-105.5123519897461
0.20496,2.869809845823575,36.324,-104.3254852294922
0.21045,2.869809845823575,36.348,-103.18496704101562
0.19032,3.000303009886075,36.468,-101.9696044921875
0.19764,2.869809845823575,36.378,-100.8383560180664
0.21777,2.608823517698575,36.36,-99.65286254882812
0.2013,2.478330353636075,36.438,-98.49071502685548
0.20496,2.739316681761075,36.318000000000005,-97.33062744140624
0.19581,2.347959259886075,36.276,-96.1911392211914
0.21411,2.413144806761075,36.43200000000001,-95.00289916992188
0.21045,2.706723908323575,36.324,-93.84693145751952
0.20862,2.576230744261075,36.312,-92.7129364013672
0.20313,2.478330353636075,36.43200000000001,-91.55250549316406
0.21045,2.804624298948575,36.348,-90.38761138916016
0.20313,2.837217072386075,36.330000000000005,-89.19593811035156
0.2013,2.706723908323575,36.42,-88.03550720214844
0.2013,2.869809845823575,36.354,-86.90631866455078
0.21594,2.869809845823575,36.306,-85.74588775634766
0.20679,2.543637970823575,36.354,-84.56005096435547
0.19398,2.869809845823575,36.36,-83.42090606689453
0.20862,2.837217072386075,36.342,-82.20382690429688
0.21228,2.445737580198575,36.45,-81.04373931884766
0.19947,2.641538361448575,36.414,-79.87918853759766
0.21045,2.511045197386075,36.222,-78.69644165039062
0.22875,2.315244416136075,36.306,-77.51300811767578
0.19947,2.315244416136075,36.438,-76.34296417236328
0.20679,2.250058869261075,36.3,-75.18081665039062
0.20862,2.119565705198575,36.312,-74.02313232421875
0.21777,2.184751252073575,36.414,-72.83763885498047
0.20496,1.9564797676985748,36.324,-71.68132781982422
0.20862,2.184751252073575,36.354,-70.4941177368164
0.20679,2.184751252073575,36.438,-69.29729461669922
0.19215,2.184751252073575,36.258,-68.13549041748047
0.2013,2.445737580198575,36.36,-66.95137023925781
0.20862,2.445737580198575,36.402,-65.78990936279297
0.22143,2.315244416136075,36.24,-64.6596908569336
0.20679,2.608823517698575,36.330000000000005,-63.49788665771485
0.18849,2.445737580198575,36.408,-62.30587005615234
0.20496,2.478330353636075,36.318000000000005,-61.17187499999999
0.21045,2.380552033323575,36.39,-59.98363494873047
0.19032,2.380552033323575,36.462,-58.82354736328125
0.19032,2.184751252073575,36.462,-58.82354736328125
0.20496,1.9237649239485748,36.222,-57.66586303710938
0.21228,1.8911721505110748,36.336,-56.53083801269531
0.20313,1.7932717598860748,36.426,-55.36422729492188
0.2013,1.9564797676985748,36.27,-54.20379638671875
0.19764,1.7280862130110748,36.330000000000005,-53.01830291748047
0.21777,1.6301858223860748,36.456,-51.86199188232422
0.20862,1.7606789864485748,36.246,-50.70087432861328
0.19398,1.9890725411360748,36.36,-49.537353515625
0.20313,1.6301858223860748,36.43200000000001,-48.34259033203125
0.21777,2.184751252073575,36.264,-47.18456268310547
0.19947,2.184751252073575,36.366,-45.99666595458984
0.20313,1.7280862130110748,36.414,-44.867820739746094
0.20313,2.315244416136075,36.276,-43.70635986328125
0.20496,2.184751252073575,36.282,-42.51605987548828
0.19764,1.7932717598860748,36.378,-41.32678985595703
0.19215,2.086972931761075,36.312,-40.16223907470703
0.2196,1.8259866036360748,36.288,-39.034767150878906
0.20496,1.5650002755110748,36.438,-37.84687042236328
0.19398,1.8585793770735748,36.3,-36.68128967285156
0.20313,1.3691994942610748,36.258,-35.519142150878906
0.2196,1.2387063301985748,36.276,-34.326438903808594
0.21045,1.3691994942610748,36.3,-33.19244384765625
0.20496,1.0756203926985748,36.288,-32.037506103515625
0.20496,1.2061135567610748,36.324,-30.85269927978516
0.20496,1.6301858223860748,36.306,-29.68917846679687
0.20313,1.3691994942610748,36.216,-28.524627685546875
0.20313,1.4996926583235748,36.318000000000005,-27.3391342163086
0.21411,1.9237649239485748,36.342,-26.19861602783203
0.21777,1.3691994942610748,36.246,-25.017242431640625
0.2013,1.7932717598860748,36.330000000000005,-23.859214782714844
0.19398,1.8585793770735748,36.306,-22.66651153564453
0.21045,1.3691994942610748,36.21,-21.535606384277344
0.19947,1.6629006661360748,36.306,-20.31269073486328
0.19215,1.3691994942610748,36.3,-19.179725646972656
0.21411,1.0430276192610748,36.24,-18.025131225585938
0.21777,1.1735207833235748,36.312,-16.83483123779297
0.19581,0.8799416817610748,36.366,-15.700836181640629
0.19764,0.7820412911360748,36.216,-14.536628723144531
0.20496,1.0104348458235748,36.348,-13.346328735351562
0.19215,0.7820412911360748,36.336,-12.158432006835938
0.19947,0.6841409005110748,36.174,-11.007614135742188
0.19398,0.9125344551985748,36.324,-9.818344116210938
0.21228,0.5210549630110748,36.402,-8.657569885253906
0.20313,1.0756203926985748,36.228,-7.494392395019531
0.19947,1.1735207833235748,36.348,-6.326408386230469
0.20313,0.7168557442610748,36.408,-5.170783996582031
0.22509,1.1735207833235748,36.204,-3.987007141113281
0.19581,1.2387063301985748,36.336,-2.79876708984375
0.19764,0.6841409005110748,36.438,-1.63970947265625
0.2013,1.2061135567610748,36.222,-0.4978179931640625
0.19398,1.1409280098860748,36.342,0.690765380859375
0.18849,0.4884621895735748,36.444,1.8772888183593748
0.2013,0.7494485176985748,36.17999999999999,3.035316467285156
0.21594,0.6841409005110748,36.348,4.220466613769531
0.19032,0.1948830880110748,36.43200000000001,5.408706665039063
0.2013,0.6841409005110748,36.222,6.548881530761719
0.21594,0.6841409005110748,36.294,7.738151550292968
0.21594,0.4231545723860748,36.294,7.738151550292968
0.20313,0.1295754708235748,36.42,8.923988342285156
0.2013,0.1295754708235748,36.258,10.083389282226562
0.2013,0.2600686348860748,36.258,10.083389282226562
0.21228,0.1295754708235748,36.282,11.269912719726562
0.21411,-0.0661032401139252,36.366,12.455406188964844
0.19581,0.3905617989485748,36.228,13.624420166015623
0.20679,0.3253762520735748,36.294,14.782791137695314
0.20862,0.3579690255110748,36.36,15.91266632080078
0.20496,0.4558694161360748,36.276,17.10193634033203
0.20313,0.0643899239485747,36.330000000000005,18.280563354492188
0.21594,0.3253762520735748,36.438,19.46983337402344
0.21045,0.6189553536360748,36.324,20.64159393310547
0.20313,0.1948830880110748,36.36,21.82605743408203
0.2013,0.4231545723860748,36.438,22.98614501953125
0.22509,0.5210549630110748,36.264,24.17713165283203
0.2196,0.1622903145735748,36.276,25.30357360839844
0.20313,0.3579690255110748,36.348,26.495590209960938
0.19581,-0.0009176932389252,36.27,27.664947509765625
0.22692,-0.2291891776139252,36.318000000000005,28.81885528564453
0.19398,-0.2944967948014252,36.43200000000001,30.03833770751953
0.19032,-0.2944967948014252,36.336,31.172332763671875
0.19032,-0.4249899588639252,36.336,31.172332763671875
0.22509,-0.3923971854264252,36.246,32.322120666503906
0.20862,-0.2944967948014252,36.39,33.539886474609375
0.20496,-0.5554831229264252,36.258,34.70649719238281
0.21411,-0.5554831229264252,36.330000000000005,35.89027404785156
0.19947,-0.1965964041764252,36.462,37.08366394042969
0.2013,-0.5554831229264252,36.354,38.24237823486328
0.22509,-0.5227682791764252,36.234,39.42203521728516
0.21411,-0.3923971854264252,36.408,40.61576843261719
0.19947,-0.2944967948014252,36.3,41.78203582763672
0.19947,-0.2619040213639252,36.288,42.912254333496094
0.2013,0.1295754708235748,36.354,44.10839080810547
0.20679,-0.2619040213639252,36.306,45.291481018066406
0.21594,-0.0009176932389252,36.246,46.445045471191406
0.20679,0.2600686348860748,36.378,47.63465881347656
0.21594,-0.0009176932389252,36.318000000000005,48.80058288574219
0.20496,-0.0335104666764252,36.276,49.93732452392578
0.19398,-0.0986960135514252,36.396,51.12659454345703
0.21411,-0.3923971854264252,36.306,52.28118896484375
0.22326,-0.3923971854264252,36.21,53.468055725097656
0.20862,-0.2944967948014252,36.348,54.65801239013672
0.20313,-0.2944967948014252,36.342,55.82050323486328
0.20313,-0.3923971854264252,36.342,55.82050323486328
0.22326,-0.5227682791764252,36.216,57.01011657714844
0.21228,-0.5227682791764252,36.384,58.1451416015625
0.21228,-0.6206686698014252,36.384,58.1451416015625
0.20496,-0.6206686698014252,36.43200000000001,59.32685852050782
0.20862,-0.6206686698014252,36.234,60.48866271972657
0.20862,-0.6859762869889252,36.234,60.48866271972657
0.21228,-0.7837546073014252,36.342,61.675872802734375
0.19764,-0.5554831229264252,36.396,62.86720275878906
0.21045,-0.2619040213639252,36.246,64.00634765625
0.2196,-0.5554831229264252,36.402,65.19184112548828
0.20862,-0.4249899588639252,36.39,66.34883880615234
0.21777,-0.0009176932389252,36.216,67.53467559814453
0.21228,-0.4575827323014252,36.330000000000005,68.69647979736328
0.19947,-0.3270895682389252,36.372,69.8895263671875
0.20862,-0.0009176932389252,36.27,71.07913970947266
0.19947,-0.2619040213639252,36.318000000000005,72.23854064941406
0.21594,-0.2944967948014252,36.396,73.42060089111328
0.21594,-0.1965964041764252,36.282,74.55768585205078
0.20313,-0.2944967948014252,36.348,75.74214935302734
0.20313,-0.2944967948014252,36.396,76.91047668457031
0.22143,-0.3923971854264252,36.222,78.07537078857422
0.20679,-0.5554831229264252,36.312,79.20249938964844
0.20862,-0.7511618338639252,36.414,80.39176940917969
0.21411,-0.8164694510514252,36.228,81.55082702636719
0.22326,-0.5554831229264252,36.282,82.70782470703125
0.19581,-0.5554831229264252,36.468,83.85005950927734
0.20496,-0.5554831229264252,36.294,85.01152038574219
0.22143,-0.0661032401139252,36.288,86.1935806274414
0.22143,-0.1314108573014252,36.426,87.3299789428711
0.21777,-0.2944967948014252,36.24,88.51238250732422
0.21411,0.2274758614485748,36.264,89.67247009277344
0.21045,0.0317971505110747,36.504,90.8682632446289
0.20496,-0.1965964041764252,36.336,92.02938079833984
0.2013,0.1295754708235748,36.324,93.21624755859376
0.21228,0.0317971505110747,36.42,94.40277099609376
0.22326,-0.2291891776139252,36.264,95.5587387084961
0.2013,0.0643899239485747,36.312,96.74663543701172
0.21045,-0.2619040213639252,36.426,97.9153060913086
0.2196,-0.3270895682389252,36.258,99.0740203857422
0.22326,-0.3923971854264252,36.36,100.23067474365234
0.20313,-0.3923971854264252,36.53399999999999,101.41925811767578
0.2196,-0.4901755057389252,36.306,102.60509490966795
0.2196,-0.5227682791764252,36.336,103.79436492919922
0.19947,-0.5227682791764252,36.45,104.93797302246094
0.19947,-0.4575827323014252,36.45,104.93797302246094
0.20313,-0.3923971854264252,36.3,106.12106323242188
0.22509,-0.2291891776139252,36.342,107.30690002441406
0.20496,-0.4575827323014252,36.426,108.46527099609376
0.21045,-0.0986960135514252,36.294,109.65076446533205
0.22509,0.0317971505110747,36.312,110.81291198730467
0.2013,-0.1640036307389252,36.456,112.0330810546875
0.20862,0.2927834786360748,36.312,113.19488525390624
0.2196,0.2274758614485748,36.318000000000005,114.38003540039062
0.22143,0.0317971505110747,36.444,115.51574707031249
0.21045,0.4558694161360748,36.294,116.72630310058594
0.2196,0.4884621895735748,36.306,117.88501739501952
0.2196,0.1295754708235748,36.462,119.05471801757812
0.19581,0.5863625801985748,36.39,120.21617889404295
0.2013,0.3905617989485748,36.354,121.40476226806642
0.21777,0.2600686348860748,36.396,122.53223419189452
0.21411,0.6841409005110748,36.324,123.74759674072266
0.21594,0.2927834786360748,36.3,124.93309020996092
0.20313,0.2927834786360748,36.438,126.07086181640624
0.20862,0.7494485176985748,36.216,127.26219177246094
0.18666,0.1948830880110748,35.724000000000004,128.42880249023438
0.18117,0.3579690255110748,35.088,129.55181121826172
0.15738,0.5863625801985748,34.176,130.67928314208984
0.17751,0.3905617989485748,33.216,131.7755126953125
0.17751,0.8146340645735748,32.256,132.8459930419922
0.15921,1.2387063301985748,31.482000000000003,133.87664794921875
0.16836,0.8473489083235748,30.341999999999995,134.8794937133789
0.16287,1.2387063301985748,29.478000000000005,135.8342742919922
0.15189,1.0756203926985748,28.596,136.72931671142578
0.15189,1.2714211739485748,27.624,137.64049530029297
0.15006,1.0756203926985748,26.502,138.5053253173828
0.17202,1.2387063301985748,25.668,139.32449340820312
0.13542,1.4019143380110748,24.654000000000003,140.1422882080078
0.13359,1.0756203926985748,23.862,140.89244842529297
0.13359,1.2387063301985748,22.518,141.64329528808594
0.13725,1.0756203926985748,21.678,142.34058380126953
0.12993,1.4345071114485748,20.724,143.03237915039062
0.12627,1.3366067208235748,19.8,143.67233276367188
0.13908,0.9451272286360748,18.798,144.3002700805664
0.12993,0.7494485176985748,17.669999999999998,144.85576629638672
0.13542,0.8799416817610748,16.758,145.41366577148438
0.12444,1.1409280098860748,15.864000000000004,145.92453002929688
0.12078,1.2387063301985748,14.94,146.42749786376953
0.10614,1.0756203926985748,13.728,146.89510345458984
0.12444,0.9451272286360748,12.678,147.3040008544922
0.11346,1.0756203926985748,11.898,147.69779205322266
0.09699,1.2061135567610748,10.914,148.05519104003906
0.11346,1.2387063301985748,9.738,148.37997436523438
0.09516,1.2387063301985748,8.814,148.67626190185547
0.10248,1.4019143380110748,8.069999999999999,148.9313507080078
0.08601,1.3040139473860748,6.941999999999999,149.183349609375
0.07503,1.2387063301985748,6.0120000000000005,149.38316345214844
0.08052,1.2387063301985748,4.890000000000001,149.56066131591797
0.06954,1.2387063301985748,3.954,149.70073699951172
0.07503,1.5650002755110748,2.862,149.79961395263672
0.06405,1.4996926583235748,2.034,149.87857818603516
0.06954,1.4019143380110748,1.014,149.9256134033203
0.0915,1.0756203926985748,0.432,149.9407196044922
0.08418,1.0756203926985748,0.486,149.95513916015625
0.07503,1.0756203926985748,0.474,149.97127532958984
0.06588,1.0756203926985748,0.4619999999999999,149.9853515625
0.06039,1.1082131661360748,0.252,149.9959945678711
0.06954,1.1082131661360748,0.03,149.99839782714844
0.06771,1.1082131661360748,0.0119999999999999,149.99874114990234
0.06954,1.0756203926985748,0.0119999999999999,149.99908447265625
0.06771,1.0756203926985748,0.0059999999999999,149.99977111816406
0.06954,1.0756203926985748,0.0059999999999999,149.99942779541016
0.06954,1.0756203926985748,0.0119999999999999,149.99874114990234
0.06954,1.0756203926985748,0.0059999999999999,149.99839782714844
0.06771,1.0756203926985748,-0.0,150.00011444091797
0.06954,1.0756203926985748,-0.0,149.99839782714844
0.06954,1.0756203926985748,0.0059999999999999,149.99942779541016
0.06771,1.1735207833235748,-0.0,149.99977111816406
0.06771,1.0756203926985748,-0.0,149.99874114990234
0.06954,1.0756203926985748,0.0059999999999999,150.00080108642578
0.06954,1.0756203926985748,-0.0059999999999999,149.99977111816406
0.06954,1.1082131661360748,-0.0059999999999999,149.99977111816406
0.06588,1.0756203926985748,-0.0,150.00045776367188
0.04209,1.1409280098860748,-0.0059999999999999,149.99977111816406
-0.0,1.1082131661360748,-0.036,149.99977111816406
-0.0732,1.2387063301985748,-0.5700000000000001,149.98981475830078
-0.12627,1.3040139473860748,-1.8300000000000003,149.95342254638672
-0.1281,1.6301858223860748,-3.396,149.8583221435547
-0.1464,1.6301858223860748,-4.578,149.7264862060547
-0.13176,1.2387063301985748,-5.664,149.54830169677734
-0.14091,0.9778420723860748,-6.474,149.34677124023438
-0.14457,1.7932717598860748,-7.332,149.12567138671875
-0.15372,1.8585793770735748,-8.214,148.87332916259766
-0.15372,1.8585793770735748,-9.144,148.59146118164062
-0.15921,1.3040139473860748,-10.2,148.27526092529297
-0.14457,1.2714211739485748,-11.142,147.91820526123047
-0.15921,0.9451272286360748,-11.91,147.5515365600586
-0.16104,1.0756203926985748,-12.918,147.15980529785156
-0.17019,1.0756203926985748,-13.974,146.71314239501953
-0.1647,1.2714211739485748,-14.892,146.24107360839844
-0.18117,1.1082131661360748,-15.647999999999998,145.76248168945312
-0.19764,1.1082131661360748,-16.733999999999998,145.2444076538086
-0.19764,0.9451272286360748,-16.733999999999998,145.2444076538086
-0.18117,0.6841409005110748,-17.886000000000003,144.6456527709961
-0.17751,0.7168557442610748,-18.912,144.0685272216797
-0.19398,0.8473489083235748,-19.83,143.4426498413086
-0.19581,0.5210549630110748,-20.778,142.77935028076172
-0.19398,0.3579690255110748,-21.636,142.09064483642578
-0.20313,0.3579690255110748,-22.65,141.3878631591797
-0.20313,0.8473489083235748,-22.65,141.3878631591797
-0.20679,1.2387063301985748,-23.796000000000003,140.6133270263672
-0.22143,1.2387063301985748,-24.75,139.84359741210938
-0.19398,1.2387063301985748,-25.77,139.0093231201172
-0.21228,1.2387063301985748,-26.604000000000003,138.17333221435547
-0.22326,1.1082131661360748,-27.648,137.32532501220703
-0.21411,1.1082131661360748,-28.62,136.3949203491211
-0.21411,1.2061135567610748,-28.62,136.3949203491211
-0.21411,1.3040139473860748,-29.76,135.4236602783203
-0.22692,0.6841409005110748,-30.546,134.4774627685547
-0.2379,1.1409280098860748,-31.662,133.47461700439453
-0.22692,0.9451272286360748,-32.688,132.42507934570312
-0.22692,0.9778420723860748,-33.474000000000004,131.3861846923828
-0.25437,0.9778420723860748,-34.422,130.24944305419922
-0.25437,1.2061135567610748,-34.422,130.24944305419922
-0.24156,1.2714211739485748,-35.25,129.15355682373047
-0.21228,0.6841409005110748,-35.742,128.01647186279297
-0.21411,0.7494485176985748,-35.952000000000005,126.88007354736328
-0.20496,0.1295754708235748,-36.12,125.6993865966797
-0.22326,0.2274758614485748,-36.114,124.57775115966795
-0.2196,0.3253762520735748,-36.138,123.3932876586914
-0.20496,-0.0009176932389252,-36.3,122.23388671875
-0.20862,-0.0009176932389252,-36.378,121.0466766357422
-0.2196,0.5210549630110748,-36.264,119.86358642578124
-0.20313,0.0969826973860747,-36.372,118.7079620361328
-0.21045,0.2274758614485748,-36.384,117.54615783691408
-0.21594,0.2274758614485748,-36.294,116.35894775390624
-0.21594,0.5210549630110748,-36.294,116.35894775390624
-0.20313,0.2600686348860748,-36.408,115.1902770996094
-0.19764,0.5210549630110748,-36.294,114.0054702758789
-0.21411,0.6841409005110748,-36.234,112.84915924072266
-0.22509,0.5863625801985748,-36.384,111.71825408935548
-0.20496,0.6841409005110748,-36.426,110.53207397460938
-0.19947,0.4558694161360748,-36.294,109.36203002929688
-0.21045,0.2600686348860748,-36.402,108.2040023803711
-0.21411,0.1948830880110748,-36.396,107.07138061523438
-0.21594,0.2927834786360748,-36.276,105.88520050048828
-0.21594,0.0969826973860747,-36.372,104.67498779296876
-0.21411,-0.0335104666764252,-36.426,103.48468780517578
-0.20862,-0.3923971854264252,-36.312,102.34416961669922
-0.19398,-0.2291891776139252,-36.462,101.15764617919922
-0.21594,-0.3923971854264252,-36.378,99.99893188476562
-0.21777,-0.2944967948014252,-36.318000000000005,98.8113784790039
-0.21411,-0.2944967948014252,-36.414,97.68184661865234
-0.20313,-0.3596823416764252,-36.378,96.51832580566406
-0.21228,-0.2944967948014252,-36.330000000000005,95.32184600830078
-0.20679,-0.0986960135514252,-36.396,94.1641616821289
-0.20496,-0.0661032401139252,-36.408,93.00167083740234
-0.20862,0.1295754708235748,-36.264,91.83952331542967
-0.21411,0.4558694161360748,-36.336,90.68733215332033
-0.20313,0.1295754708235748,-36.39,89.52381134033203
-0.20862,0.0643899239485747,-36.348,88.38226318359375
-0.2196,0.0643899239485747,-36.378,87.16827392578125
-0.2196,0.1295754708235748,-36.378,87.16827392578125
-0.20313,-0.0009176932389252,-36.414,85.97969055175781
-0.20313,-0.2291891776139252,-36.282,84.8477554321289
-0.21594,-0.3270895682389252,-36.288,83.66741180419922
-0.21777,-0.3923971854264252,-36.384,82.49977111816406
-0.2013,-0.3923971854264252,-36.318000000000005,81.30775451660156
-0.21228,-0.3923971854264252,-36.330000000000005,80.17719268798828
-0.21411,-0.5227682791764252,-36.36,78.95977020263672
-0.21228,-0.4575827323014252,-36.312,77.77427673339844
-0.21045,-0.5554831229264252,-36.306,76.64371490478516
-0.21045,-0.5554831229264252,-36.348,75.45204162597656
-0.22143,-0.3596823416764252,-36.234,74.26071166992188
-0.21228,-0.3270895682389252,-36.282,73.10234069824219
-0.19215,-0.2619040213639252,-36.408,71.91410064697266
-0.22509,-0.0661032401139252,-36.306,70.75469970703125
-0.2196,-0.0335104666764252,-36.312,69.62413787841797
-0.20496,-0.0009176932389252,-36.366,68.43212127685547
-0.2013,0.0643899239485747,-36.294,67.26791381835938
-0.22509,-0.1640036307389252,-36.276,66.10713958740234
-0.22143,-0.1314108573014252,-36.354,64.9734878540039
-0.21411,-0.1314108573014252,-36.348,63.79108428955077
-0.21411,0.0969826973860747,-36.348,63.79108428955077
-0.21228,-0.3270895682389252,-36.324,62.59975433349609
-0.21777,-0.3270895682389252,-36.348,61.44035339355469
-0.20862,-0.2291891776139252,-36.330000000000005,60.2219009399414
-0.20313,-0.3923971854264252,-36.288,59.03366088867188
-0.21777,-0.3923971854264252,-36.378,57.877006530761726
-0.20496,-0.3270895682389252,-36.378,56.689453125
-0.19947,-0.4575827323014252,-36.312,55.50224304199219
-0.22326,-0.4249899588639252,-36.372,54.31640625
-0.20496,-0.5554831229264252,-36.324,53.12267303466797
-0.2013,-0.6859762869889252,-36.324,51.92928314208984
-0.21411,-0.3923971854264252,-36.294,50.798377990722656
-0.20862,-0.3923971854264252,-36.342,49.58850860595703
-0.20862,-0.5554831229264252,-36.342,49.58850860595703
-0.21411,-0.6859762869889252,-36.294,48.42292785644531
-0.21411,-0.6859762869889252,-36.36,47.2412109375
-0.21411,-0.2291891776139252,-36.36,47.2412109375
-0.2196,-0.4249899588639252,-36.306,46.07288360595703
-0.2013,-0.2291891776139252,-36.318000000000005,44.88361358642578
-0.21045,0.0643899239485747,-36.354,43.6981201171875
-0.22326,-0.0009176932389252,-36.288,42.51022338867188
-0.20496,0.0317971505110747,-36.258,41.34979248046875
-0.20496,0.1948830880110748,-36.336,40.16498565673828
-0.2196,0.1948830880110748,-36.294,38.97502899169922
-0.2196,-0.0009176932389252,-36.294,38.97502899169922
-0.20679,0.0317971505110747,-36.3,37.78266906738281
-0.21045,0.4558694161360748,-36.348,36.65313720703125
-0.22143,0.1295754708235748,-36.39,35.4364013671875
-0.21411,0.1295754708235748,-36.282,34.3048095703125
-0.21411,0.3905617989485748,-36.282,34.3048095703125
-0.21411,0.4558694161360748,-36.342,33.123779296875
-0.20313,-0.0661032401139252,-36.396,31.956825256347656
-0.2196,0.1295754708235748,-36.276,30.763092041015625
-0.22143,0.1295754708235748,-36.354,29.63596343994141
-0.22143,0.2927834786360748,-36.354,29.63596343994141
-0.21045,-0.3923971854264252,-36.366,28.44669342041016
-0.22692,0.1295754708235748,-36.312,27.235450744628903
-0.22509,-0.0009176932389252,-36.39,26.103858947753903
-0.19398,-0.4901755057389252,-36.378,24.907379150390625
-0.21594,0.0317971505110747,-36.234,23.714675903320312
-0.22143,-0.0009176932389252,-36.3,22.55870819091797
-0.20679,-0.4575827323014252,-36.396,21.36909484863281
-0.21777,0.0317971505110747,-36.258,20.2423095703125
-0.21228,0.0969826973860747,-36.330000000000005,19.08187866210937
-0.22143,-0.1314108573014252,-36.414,17.88951873779297
-0.19581,0.4558694161360748,-36.342,16.726341247558594
-0.20496,0.4558694161360748,-36.354,15.538787841796871
-0.21777,0.5210549630110748,-36.378,14.348831176757812
-0.20313,0.9451272286360748,-36.252,13.194236755371094
-0.21045,0.6841409005110748,-36.324,12.00531005859375
-0.20313,0.6841409005110748,-36.39,10.863761901855469
-0.22326,0.8146340645735748,-36.24,9.674835205078123
-0.19764,0.6841409005110748,-36.306,8.4869384765625
-0.21045,0.6841409005110748,-36.294,7.299385070800781
-0.23058,0.9778420723860748,-36.19199999999999,6.1475372314453125
-0.21411,0.4884621895735748,-36.312,4.9603271484375
-0.20496,0.6841409005110748,-36.39,3.7930297851562496
-0.21594,0.5210549630110748,-36.24,2.6305389404296875
-0.20496,0.1295754708235748,-36.378,1.4663314819335938
-0.20496,0.5210549630110748,-36.366,0.3069305419921875
-0.2196,0.6515481270735748,-36.246,-0.8205413818359375
-0.22692,0.2927834786360748,-36.324,-2.0379638671875
-0.21411,0.9125344551985748,-36.342,-3.17230224609375
-0.21411,0.5210549630110748,-36.234,-4.364662170410156
-0.20679,0.5536477364485748,-36.348,-5.523033142089844
-0.2196,1.2061135567610748,-36.372,-6.70989990234375
-0.21045,0.8799416817610748,-36.258,-7.897796630859375
-0.21045,1.0430276192610748,-36.324,-9.030075073242188
-0.22143,1.5324075020735748,-36.366,-10.246810913085938
-0.22143,1.0756203926985748,-36.258,-11.38458251953125
-0.21411,1.1409280098860748,-36.312,-12.570762634277344
-0.21228,1.5975930489485748,-36.378,-13.727073669433594
-0.20496,1.1409280098860748,-36.294,-14.86244201660156
-0.23058,1.1735207833235748,-36.264,-16.02184295654297
-0.20679,1.1735207833235748,-36.336,-17.183990478515625
-0.20679,1.2387063301985748,-36.336,-17.183990478515625
-0.20862,0.6841409005110748,-36.312,-18.379440307617188
-0.22143,1.0756203926985748,-36.276,-19.511375427246094
-0.22509,1.0756203926985748,-36.318000000000005,-20.666656494140625
-0.21411,0.7168557442610748,-36.264,-21.857986450195312
-0.20862,1.2387063301985748,-36.246,-23.01464080810547
-0.21411,1.4019143380110748,-36.324,-24.15618896484375
-0.20496,1.0756203926985748,-36.324,-25.37567138671875
-0.19947,1.6954934395735748,-36.276,-26.503143310546875
-0.21045,1.7606789864485748,-36.282,-27.66220092773437
-0.22692,1.4345071114485748,-36.312,-28.82400512695312
-0.21228,1.9237649239485748,-36.252,-30.012931823730465
-0.20496,1.7932717598860748,-36.276,-31.14761352539062
-0.20313,1.2387063301985748,-36.348,-32.340660095214844
-0.22875,1.8585793770735748,-36.246,-33.49525451660156
-0.21777,1.2387063301985748,-36.324,-34.61620330810547
-0.20862,1.2387063301985748,-36.324,-35.79002380371094
-0.20862,1.4670998848860748,-36.21,-36.94805145263672
-0.21594,1.1735207833235748,-36.288,-38.14384460449219
-0.21411,1.4670998848860748,-36.3,-39.27406311035156
-0.21411,1.6301858223860748,-36.228,-40.428314208984375
-0.21045,1.4670998848860748,-36.378,-41.58943176269531
-0.22509,1.9564797676985748,-36.378,-42.72239685058594
-0.2196,2.152158478636075,-36.276,-43.918190002441406
-0.20679,2.021665314573575,-36.36,-45.08136749267578
-0.21411,2.282651642698575,-36.354,-46.26480102539063
-0.22509,2.152158478636075,-36.24,-47.42454528808594
-0.21411,2.119565705198575,-36.378,-48.580169677734375
-0.21045,2.119565705198575,-36.396,-49.71519470214844
-0.21045,1.6629006661360748,-36.276,-50.90995788574219
-0.21228,1.8585793770735748,-36.438,-52.07141876220703
-0.21411,2.021665314573575,-36.396,-53.20507049560547
-0.21411,1.7606789864485748,-36.24,-54.41631317138672
-0.21045,1.6301858223860748,-36.324,-55.54790496826172
-0.2196,2.021665314573575,-36.324,-56.70833587646485
-0.20679,1.6301858223860748,-36.348,-57.9034423828125
-0.21045,1.8585793770735748,-36.384,-59.06696319580077
-0.21594,2.086972931761075,-36.354,-60.194435119628906
-0.20679,2.021665314573575,-36.3,-61.439323425292976
-0.21228,2.184751252073575,-36.348,-62.56679534912109
-0.21594,2.576230744261075,-36.354,-63.7591552734375
-0.21228,2.282651642698575,-36.318000000000005,-64.92816925048828
-0.20862,2.511045197386075,-36.342,-66.082763671875
-0.20862,2.804624298948575,-36.348,-67.27237701416016
-0.22509,2.315244416136075,-36.282,-68.39984893798828
-0.21777,2.674131134886075,-36.372,-69.58465576171875
-0.20862,2.511045197386075,-36.336,-70.74989318847656
-0.20313,2.315244416136075,-36.366,-71.88697814941406
-0.22326,2.315244416136075,-36.39,-73.07418823242188
-0.21228,2.315244416136075,-36.414,-74.23187255859375
-0.20862,2.217466095823575,-36.39,-75.4214859008789
-0.21777,2.250058869261075,-36.348,-76.5802001953125
-0.21777,2.184751252073575,-36.384,-77.74406433105469
-0.20496,2.184751252073575,-36.354,-78.88664245605469
-0.20862,2.282651642698575,-36.330000000000005,-80.06904602050781
-0.20862,2.576230744261075,-36.36,-81.23291015625
-0.22143,2.608823517698575,-36.330000000000005,-82.386474609375
-0.21228,2.641538361448575,-36.282,-83.57471466064453
-0.20496,2.772031525511075,-36.396,-84.715576171875
-0.21594,2.739316681761075,-36.372,-85.87635040283203
-0.21411,2.869809845823575,-36.294,-87.06356048583984
-0.20496,2.869809845823575,-36.378,-88.19446563720703
-0.21411,2.869809845823575,-36.36,-89.40673828125
-0.22143,2.706723908323575,-36.258,-90.53970336914062
-0.20313,2.674131134886075,-36.39,-91.72966003417967
-0.20313,2.478330353636075,-36.396,-92.89318084716795
-0.22143,2.478330353636075,-36.276,-94.0817642211914
-0.22143,2.576230744261075,-36.276,-94.0817642211914
-0.21228,2.674131134886075,-36.426,-95.23910522460938
-0.21045,2.674131134886075,-36.372,-96.42597198486328
-0.21411,2.543637970823575,-36.312,-97.56202697753906
-0.22143,2.608823517698575,-36.36,-98.75473022460938
-0.20862,2.608823517698575,-36.36,-99.93988037109376
-0.20862,2.543637970823575,-36.312,-101.1288070678711
-0.22326,2.641538361448575,-36.330000000000005,-102.28374481201172
-0.21777,2.706723908323575,-36.444,-103.4421157836914
-0.20496,2.706723908323575,-36.384,-104.58126068115234
-0.20496,2.869809845823575,-36.42,-105.7427215576172
-0.21228,2.869809845823575,-36.36,-106.93370819091795
-0.20862,2.869809845823575,-36.336,-108.09345245361328
-0.21411,2.935117463011075,-36.378,-109.21783447265624
-0.21411,2.869809845823575,-36.378,-110.40847778320312
-0.22692,2.869809845823575,-36.372,-111.57234191894533
-0.19581,2.869809845823575,-36.43200000000001,-112.7643585205078
-0.20862,2.869809845823575,-36.408,-113.9004135131836
-0.21594,2.869809845823575,-36.336,-115.11234283447266
-0.21777,2.739316681761075,-36.396,-116.26590728759766
-0.20313,2.837217072386075,-36.444,-117.42874145507812
-0.21411,2.772031525511075,-36.36,-118.6197280883789
-0.21411,2.543637970823575,-36.378,-119.80659484863284
-0.19947,2.641538361448575,-36.438,-120.9718322753906
-0.20862,2.641538361448575,-36.318000000000005,-122.15904235839842
-0.20862,2.608823517698575,-36.318000000000005,-122.15904235839842
-0.22143,2.706723908323575,-36.43200000000001,-123.34144592285156
-0.21411,2.706723908323575,-36.414,-124.47818756103516
-0.20679,2.706723908323575,-36.366,-125.68874359130858
-0.20313,2.543637970823575,-36.336,-126.82857513427732
-0.19764,2.706723908323575,-36.036,-127.9852294921875
-0.18666,2.706723908323575,-35.274,-129.11373138427734
-0.18666,2.804624298948575,-35.274,-129.11373138427734
-0.18483,2.804624298948575,-34.50000000000001,-130.24532318115234
-0.17019,2.869809845823575,-33.708,-131.35562896728516
-0.16836,2.837217072386075,-32.754,-132.3907470703125
-0.16653,2.315244416136075,-31.704,-133.48560333251953
-0.16287,2.347959259886075,-30.912,-134.4499969482422
-0.17934,2.706723908323575,-29.886,-135.44048309326172
-0.15738,2.315244416136075,-28.86,-136.3956069946289
-0.15006,2.282651642698575,-27.948,-137.29167938232422
-0.1464,2.282651642698575,-27.036,-138.18397521972656
-0.1464,2.445737580198575,-27.036,-138.18397521972656
-0.1464,2.315244416136075,-25.998,-139.02957916259766
-0.14091,2.315244416136075,-24.96,-139.8281478881836
-0.14091,2.054258088011075,-24.0,-140.61573028564453
-0.15006,2.380552033323575,-23.088,-141.3665771484375
-0.13542,2.641538361448575,-22.2,-142.0923614501953
-0.13725,2.772031525511075,-21.0,-142.78484344482422
-0.13176,2.772031525511075,-20.01,-143.4261703491211
-0.1281,2.706723908323575,-19.05,-144.07161712646484
-0.14274,2.706723908323575,-18.174,-144.6466827392578
-0.12261,2.706723908323575,-17.250000000000004,-145.2176284790039
-0.12261,2.380552033323575,-17.250000000000004,-145.2176284790039
-0.11895,2.315244416136075,-16.272,-145.7501220703125
-0.11712,2.184751252073575,-15.012,-146.2551498413086
-0.11712,2.282651642698575,-14.04,-146.72035217285156
-0.12993,2.282651642698575,-13.23,-147.14950561523438
-0.12993,2.315244416136075,-13.23,-147.14950561523438
-0.10797,2.282651642698575,-12.287999999999998,-147.55840301513672
-0.1098,2.772031525511075,-11.202000000000002,-147.92301177978516
-0.10431,2.837217072386075,-10.38,-148.2608413696289
-0.10248,2.837217072386075,-9.45,-148.5739517211914
-0.10248,2.804624298948575,-9.45,-148.5739517211914
-0.0915,2.706723908323575,-8.28,-148.86337280273438
-0.08967,2.706723908323575,-7.188,-149.1006088256836
-0.07686,2.641538361448575,-6.204,-149.31964874267578
-0.0732,2.641538361448575,-5.244,-149.48856353759766
-0.0732,2.608823517698575,-5.244,-149.48856353759766
-0.06771,2.608823517698575,-4.338,-149.63790893554688
-0.08052,2.576230744261075,-3.252,-149.75189208984375
-0.06954,2.315244416136075,-2.364,-149.842529296875
-0.06222,2.315244416136075,-1.53,-149.90192413330078
-0.06039,2.706723908323575,-1.152,-149.93900299072266
-0.03111,2.706723908323575,-0.84,-149.97196197509766
-0.05673,2.706723908323575,-0.168,-149.98294830322266
-0.06588,2.804624298948575,-0.03,-149.98397827148438
-0.06771,2.739316681761075,-0.0479999999999999,-149.98432159423828
-0.0732,2.739316681761075,-0.06,-149.9856948852539
-0.0732,2.804624298948575,-0.06,-149.9856948852539
-0.07137,2.706723908323575,-0.066,-149.98844146728516
-0.07503,2.706723908323575,-0.054,-149.9905014038086
-0.07503,2.772031525511075,-0.054,-149.9905014038086
-0.07686,2.706723908323575,-0.0239999999999999,-149.9915313720703
-0.07869,2.706723908323575,-0.0239999999999999,-149.99187469482422
-0.07869,2.739316681761075,-0.0239999999999999,-149.99256134033203
-0.07686,2.739316681761075,-0.018,-149.99324798583984
-0.07686,2.869809845823575,-0.018,-149.99324798583984
-0.07686,2.804624298948575,-0.018,-149.99427795410156
-0.07869,2.804624298948575,-0.018,-149.99393463134766
-0.07869,2.706723908323575,-0.018,-149.99393463134766
-0.08052,2.869809845823575,-0.0239999999999999,-149.99530792236328
-0.08052,2.772031525511075,-0.0239999999999999,-149.9966812133789
-0.07869,2.739316681761075,-0.0239999999999999,-149.99771118164062
-0.08052,2.739316681761075,-0.0239999999999999,-149.99839782714844
-0.08235,2.706723908323575,-0.018,-150.00011444091797
-0.07869,2.706723908323575,-0.018,-149.99908447265625
-0.07869,2.804624298948575,-0.018,-149.99908447265625
-0.07503,2.837217072386075,-0.0059999999999999,-149.99942779541016
-0.04392,2.869809845823575,0.018,-149.99874114990234
-0.0,2.772031525511075,0.0959999999999999,-149.99736785888672
0.07503,2.706723908323575,0.7979999999999999,-149.98191833496094
0.13908,2.706723908323575,1.74,-149.94243621826172
0.15372,2.315244416136075,3.684,-149.84664916992188
0.15189,2.315244416136075,4.962,-149.7003936767578
0.13908,2.315244416136075,6.048,-149.512939453125
0.12993,2.478330353636075,6.75,-149.31415557861328
0.1281,2.739316681761075,7.643999999999999,-149.06936645507812
0.15738,2.641538361448575,8.405999999999999,-148.80844116210938
0.15189,2.282651642698575,9.258,-148.51181030273438
0.15738,2.315244416136075,10.242,-148.19664001464844
0.17019,2.478330353636075,11.19,-147.85812377929688
0.1647,2.543637970823575,12.24,-147.4749755859375
0.17934,2.641538361448575,13.194,-147.0296859741211
0.18666,2.641538361448575,14.124,-146.60533905029297
0.17568,2.445737580198575,15.228,-146.12194061279297
0.18117,2.282651642698575,16.278,-145.59425354003906
0.17751,2.315244416136075,17.099999999999998,-145.05077362060547
0.19032,2.511045197386075,18.132,-144.47124481201172
0.19215,2.217466095823575,19.068,-143.87386322021484
0.19032,1.9890725411360748,20.046,-143.25828552246094
0.19398,2.184751252073575,21.03,-142.5647735595703
0.19398,1.7932717598860748,22.248,-141.85649871826172
0.18483,1.9890725411360748,23.064,-141.1310577392578
0.20862,2.184751252073575,24.006,-140.37952423095703
0.20679,2.511045197386075,24.948000000000004,-139.58541870117188
0.21777,2.315244416136075,26.07,-138.75354766845703
0.20313,2.380552033323575,27.078,-137.8997039794922
0.21594,2.380552033323575,27.918000000000003,-137.03350067138672
0.21594,2.674131134886075,27.918000000000003,-137.03350067138672
0.21594,2.706723908323575,28.884,-136.12403869628906
0.23058,2.772031525511075,29.964,-135.1651382446289
0.22692,2.706723908323575,31.02,-134.176025390625
0.23058,2.706723908323575,31.884,-133.17867279052734
0.23241,2.706723908323575,32.82,-132.14183807373047
0.23424,2.706723908323575,33.894,-131.04389190673828
0.23424,1.9890725411360748,33.894,-131.04389190673828
0.22509,2.217466095823575,34.788,-129.94216918945312
0.22875,2.217466095823575,35.394000000000005,-128.79066467285156
0.22875,2.478330353636075,35.394000000000005,-128.79066467285156
0.21411,2.706723908323575,35.82,-127.6295471191406
0.20496,2.837217072386075,36.078,-126.4581298828125
0.21777,3.261289338011075,36.0,-125.27915954589844
0.21228,2.869809845823575,36.17999999999999,-124.1568374633789
0.19947,3.196103791136075,36.342,-122.96688079833984
0.21045,3.033017853636075,36.258,-121.75460815429688
0.2196,2.869809845823575,36.312,-120.59967041015624
0.20496,2.869809845823575,36.396,-119.44129943847656
0.2013,2.869809845823575,36.282,-118.26747894287108
0.22143,2.478330353636075,36.348,-117.09640502929688
0.19947,2.772031525511075,36.474,-115.90301513671876
0.19947,2.706723908323575,36.342,-114.7418975830078
0.21411,2.706723908323575,36.342,-113.61888885498048
0.21594,2.641538361448575,36.504,-112.42549896240234
0.20679,2.706723908323575,36.336,-111.23794555664062
0.20862,2.706723908323575,36.318000000000005,-110.05348205566406
0.20496,2.706723908323575,36.486,-108.8628387451172
0.20862,2.706723908323575,36.294,-107.70000457763672
0.20679,2.706723908323575,36.372,-106.51691436767578
0.21594,2.706723908323575,36.462,-105.35511016845705
0.21777,2.706723908323575,36.330000000000005,-104.19673919677734
0.20679,2.739316681761075,36.318000000000005,-102.9803466796875
0.20862,2.837217072386075,36.498,-101.7934799194336
0.21228,2.869809845823575,36.384,-100.6512451171875
0.20679,2.869809845823575,36.324,-99.49596405029295
0.19947,2.935117463011075,36.456,-98.31562042236328
0.22509,2.837217072386075,36.294,-97.1462631225586
0.21411,2.869809845823575,36.324,-96.00780487060548
0.19947,2.869809845823575,36.414,-94.8442840576172
0.2013,2.869809845823575,36.330000000000005,-93.6859130859375
0.22143,2.869809845823575,36.324,-92.50900268554688
0.22143,2.511045197386075,36.324,-92.50900268554688
0.2013,2.445737580198575,36.456,-91.36436462402344
0.20679,2.543637970823575,36.294,-90.17955780029295
0.20313,2.315244416136075,36.294,-88.98719787597656
0.20862,2.217466095823575,36.42,-87.79621124267578
0.2013,2.445737580198575,36.330000000000005,-86.63681030273438
0.20862,2.347959259886075,36.294,-85.45269012451172
0.22143,2.184751252073575,36.444,-84.27543640136719
0.20862,2.511045197386075,36.318000000000005,-83.10745239257812
0.20679,2.576230744261075,36.318000000000005,-81.94324493408203
0.20862,2.641538361448575,36.43200000000001,-80.7766342163086
0.20862,2.706723908323575,36.294,-79.58942413330078
0.19581,2.804624298948575,36.330000000000005,-78.4152603149414
0.20862,2.706723908323575,36.384,-77.2452163696289
0.21594,2.837217072386075,36.336,-76.12186431884766
0.21045,2.869809845823575,36.306,-74.9435806274414
0.19947,2.576230744261075,36.36,-73.7845230102539
0.20862,2.641538361448575,36.378,-72.59868621826172
0.21228,2.380552033323575,36.324,-71.47258758544922
0.20862,2.315244416136075,36.372,-70.3183364868164
0.18849,2.315244416136075,36.372,-69.11670684814453
0.2013,2.184751252073575,36.27,-67.9617691040039
0.21777,2.217466095823575,36.378,-66.79206848144531
0.20313,2.184751252073575,36.426,-65.6271743774414
0.20862,1.7606789864485748,36.282,-64.4732666015625
0.2196,2.086972931761075,36.330000000000005,-63.29601287841797
0.20679,2.184751252073575,36.39,-62.097129821777344
0.2013,1.9890725411360748,36.3,-60.93257904052735
0.20496,2.184751252073575,36.324,-59.743309020996094
0.21045,2.217466095823575,36.43200000000001,-58.61000061035156
0.20679,2.184751252073575,36.288,-57.40150451660157
0.20679,2.315244416136075,36.342,-56.26750946044922
0.20679,2.315244416136075,36.45,-55.10433197021485
0.21777,2.315244416136075,36.246,-53.93806457519531
0.2013,2.315244416136075,36.366,-52.74982452392578
0.19581,2.021665314573575,36.426,-51.61548614501953
0.21594,1.7932717598860748,36.222,-50.44612884521485
0.20862,1.8585793770735748,36.354,-49.272308349609375
0.19581,1.7932717598860748,36.43200000000001,-48.11050415039063
0.20862,1.7932717598860748,36.234,-46.97273254394531
0.20862,1.7280862130110748,36.234,-46.97273254394531
0.21411,1.8259866036360748,36.36,-45.80921173095703
0.19581,1.4996926583235748,36.48,-44.626121520996094
0.20862,1.8911721505110748,36.27,-43.49384307861328
0.20679,1.9890725411360748,36.288,-42.33341217041016
0.20862,1.4996926583235748,36.426,-41.17057800292969
0.20679,2.184751252073575,36.246,-40.00534057617188
0.2013,2.086972931761075,36.336,-38.82122039794922
0.19032,1.4345071114485748,36.444,-37.69718170166016
0.21045,1.9890725411360748,36.234,-36.52679443359375
0.2196,1.7280862130110748,36.24,-35.36670684814453
0.19764,1.4019143380110748,36.366,-34.18224334716797
0.18483,1.9564797676985748,36.312,-33.04618835449219
0.21777,1.9564797676985748,36.294,-31.84970855712891
0.21777,1.3040139473860748,36.294,-31.84970855712891
0.2013,1.2387063301985748,36.318000000000005,-30.69408416748047
0.20313,1.3040139473860748,36.246,-29.504127502441406
0.2196,1.2061135567610748,36.21,-28.317604064941406
0.2196,0.9125344551985748,36.276,-27.184295654296875
0.19398,1.2061135567610748,36.294,-25.960693359375
0.21045,0.8146340645735748,36.312,-24.831504821777344
0.21411,1.2061135567610748,36.342,-23.67382049560547
0.20679,1.2061135567610748,36.276,-22.482147216796875
0.20679,1.3366067208235748,36.276,-22.482147216796875
0.20862,0.9451272286360748,36.288,-21.32755279541016
0.20313,1.4345071114485748,36.282,-20.157508850097656
0.20313,1.4996926583235748,36.246,-18.94248962402344
0.20679,1.2061135567610748,36.276,-17.75836944580078
0.20496,1.6301858223860748,36.330000000000005,-16.625404357910156
0.21411,1.6301858223860748,36.306,-15.447120666503904
0.20679,1.1409280098860748,36.234,-14.252357482910156
0.19947,1.6629006661360748,36.324,-13.094329833984377
0.20496,1.6629006661360748,36.342,-11.892013549804688
0.20496,1.6301858223860748,36.342,-11.892013549804688
0.20862,1.0430276192610748,36.246,-10.71063995361328
0.2013,1.3691994942610748,36.354,-9.521713256835938
0.21228,1.2061135567610748,36.288,-8.361282348632812
0.22692,0.9778420723860748,36.19800000000001,-7.209091186523437
0.19947,1.0104348458235748,36.354,-5.985145568847656
0.19764,0.7494485176985748,36.330000000000005,-4.84771728515625
0.21411,0.6841409005110748,36.24,-3.666000366210938
0.19947,0.6515481270735748,36.39,-2.503852844238281
0.19398,0.4558694161360748,36.348,-1.3152694702148438
0.21594,0.5210549630110748,36.19800000000001,-0.1871109008789062
0.21411,0.6841409005110748,36.36,0.9819030761718752
0.19764,0.5210549630110748,36.366,2.199668884277344
0.21045,0.6189553536360748,36.162,3.3542633056640625
0.21411,0.7168557442610748,36.366,4.5160675048828125
0.19947,0.5210549630110748,36.408,5.69091796875
0.21228,0.7494485176985748,36.19199999999999,6.859931945800781
0.20313,0.8473489083235748,36.3,8.029289245605469
0.20679,0.8473489083235748,36.408,9.188690185546877
0.20679,0.5210549630110748,36.408,9.188690185546877
0.2013,0.9125344551985748,36.252,10.3765869140625
0.2013,0.7168557442610748,36.318000000000005,11.538734436035156
0.20679,0.4231545723860748,36.39,12.691612243652344
0.22143,0.4231545723860748,36.21,13.856849670410156
0.22143,0.2600686348860748,36.21,13.856849670410156
0.20313,0.2600686348860748,36.306,15.022087097167969
0.20313,-0.0986960135514252,36.39,16.20655059814453
0.20862,0.0969826973860747,36.276,17.369384765625
0.21228,0.0643899239485747,36.330000000000005,18.52603912353516
0.20862,-0.1965964041764252,36.408,19.65282440185547
0.20862,0.0969826973860747,36.282,20.84552764892578
0.2196,-0.0009176932389252,36.366,22.00870513916016
0.20862,0.0317971505110747,36.48,23.169479370117188
0.20496,0.3579690255110748,36.282,24.307937622070312
0.20862,0.1295754708235748,36.306,25.463218688964844
0.21228,0.2600686348860748,36.366,26.621246337890625
0.21045,0.5210549630110748,36.294,27.779617309570312
0.20679,0.1295754708235748,36.3,28.95000457763672
0.2013,0.3253762520735748,36.438,30.11249542236328
0.21777,0.1948830880110748,36.306,31.30279541015625
0.20862,-0.1640036307389252,36.342,32.48176574707031
0.20862,-0.1314108573014252,36.366,33.64288330078125
0.2196,-0.1314108573014252,36.228,34.83146667480469
0.22326,-0.2944967948014252,36.348,35.98915100097656
0.19032,-0.2619040213639252,36.492,37.1499252319336
0.2013,-0.2619040213639252,36.312,38.348121643066406
0.2013,-0.3923971854264252,36.312,38.348121643066406
0.22326,-0.4575827323014252,36.324,39.51507568359375
0.20313,-0.5554831229264252,36.438,40.71945190429688
0.20679,-0.5554831229264252,36.228,41.88434600830078
0.22326,-0.5554831229264252,36.252,43.06983947753906
0.20496,-0.3923971854264252,36.348,44.23713684082031
0.20679,-0.5554831229264252,36.276,45.422630310058594
0.22692,-0.4249899588639252,36.288,46.60091400146485
0.20496,-0.2291891776139252,36.414,47.79224395751953
0.20496,-0.2619040213639252,36.306,48.92692565917969
0.20679,-0.2619040213639252,36.246,50.11619567871094
0.21594,-0.2619040213639252,36.384,51.31095886230469
0.21594,0.1295754708235748,36.384,51.31095886230469
0.20496,-0.4901755057389252,36.330000000000005,52.49645233154297
0.21228,-0.4901755057389252,36.24,53.67851257324219
0.21228,-0.0335104666764252,36.24,53.67851257324219
0.21594,0.1295754708235748,36.366,54.84272003173828
0.20679,-0.1965964041764252,36.282,56.02684020996094
0.21045,0.1295754708235748,36.258,57.190704345703125
0.20862,-0.0009176932389252,36.39,58.358345031738274
0.21228,-0.2291891776139252,36.366,59.51259613037109
0.20496,-0.4575827323014252,36.228,60.69019317626954
0.2013,-0.3270895682389252,36.39,61.85028076171874
0.2196,-0.4575827323014252,36.348,63.03680419921876
0.21045,-0.5554831229264252,36.234,64.18830871582031
0.20496,-0.5554831229264252,36.342,65.34873962402344
0.20313,-0.5554831229264252,36.342,66.50676727294922
0.22326,-0.5554831229264252,36.264,67.69088745117188
0.20496,-0.5554831229264252,36.348,68.8784408569336
0.20496,-0.5554831229264252,36.36,70.03887176513672
0.20679,-0.1965964041764252,36.282,71.20891571044922
0.21777,-0.3596823416764252,36.336,72.37037658691406
0.20862,-0.0661032401139252,36.342,73.54934692382812
0.21228,-0.0661032401139252,36.27,74.71183776855469
0.2196,-0.2619040213639252,36.384,75.89149475097656
0.20862,-0.0335104666764252,36.36,77.08831787109375
0.20496,0.0969826973860747,36.216,78.28136444091797
0.21594,-0.0335104666764252,36.312,79.41329956054688
0.21777,-0.1314108573014252,36.378,80.57235717773438
0.21045,-0.2619040213639252,36.264,81.75956726074219
0.21228,-0.1965964041764252,36.348,82.9471206665039
0.21594,-0.2619040213639252,36.408,84.12643432617188
0.20862,-0.3596823416764252,36.27,85.30197143554688
0.20862,-0.3923971854264252,36.348,86.48918151855469
0.20496,-0.4901755057389252,36.402,87.61287689208984
0.21777,-0.6859762869889252,36.252,88.83476257324219
0.22143,-0.6206686698014252,36.354,89.989013671875
0.21045,-0.6206686698014252,36.474,91.18274688720705
0.22326,-0.6206686698014252,36.264,92.34867095947266
0.22326,-0.5554831229264252,36.264,92.34867095947266
0.20862,-0.5554831229264252,36.354,93.53416442871094
0.20496,-0.3596823416764252,36.426,94.72412109375
0.23058,-0.5554831229264252,36.252,95.90583801269533
0.2196,-0.3923971854264252,36.366,97.08927154541016
0.21228,-0.0661032401139252,36.456,98.28197479248048
0.22326,-0.3923971854264252,36.282,99.4475555419922
0.21594,-0.0986960135514252,36.39,100.65811157226562
0.19947,-0.1314108573014252,36.522,101.8219757080078
0.22875,-0.3270895682389252,36.276,103.0071258544922
0.20679,0.3579690255110748,36.36,104.18163299560548
0.21594,0.3579690255110748,36.414,105.3262710571289
0.20862,0.1295754708235748,36.354,106.48052215576172
0.2196,0.6189553536360748,36.366,107.67871856689452
0.20313,0.3253762520735748,36.558,108.8408660888672
0.21045,0.1295754708235748,36.324,109.9724578857422
0.22875,0.3905617989485748,36.318000000000005,111.18507385253906
0.21228,0.0317971505110747,36.486,112.32112884521484
0.20862,-0.0335104666764252,36.246,113.48602294921876
0.21411,0.1295754708235748,36.306,114.6196746826172
0.21411,-0.3270895682389252,36.498,115.80997467041016
0.21411,-0.3270895682389252,36.276,116.9559860229492
0.21777,-0.0986960135514252,36.312,118.12191009521484
0.20313,-0.2291891776139252,36.504,119.25006866455077
0.22143,0.0643899239485747,36.312,120.42354583740236
0.21045,0.4558694161360748,36.378,121.60629272460938
0.2013,0.3253762520735748,36.474,122.7715301513672
0.21411,0.5210549630110748,36.318000000000005,123.90209197998048
0.2196,0.6841409005110748,36.330000000000005,125.10749816894533
0.21045,0.5210549630110748,36.444,126.24904632568358
0.19032,0.8799416817610748,36.12,127.41634368896484
0.19581,0.9778420723860748,35.616,128.58158111572266
0.19032,1.0104348458235748,35.04,129.6767807006836
0.183,0.8146340645735748,34.062,130.8258819580078
0.19032,0.1948830880110748,33.114,131.868896484375
0.183,0.8799416817610748,32.226000000000006,132.91259765625
0.17019,1.2061135567610748,31.446,133.9178466796875
0.16836,1.2061135567610748,30.33,134.87571716308594
0.16836,1.0756203926985748,30.33,134.87571716308594
0.16104,1.1082131661360748,29.442,135.85281372070312
0.15738,1.1082131661360748,28.56,136.78081512451172
0.15738,1.1409280098860748,28.56,136.78081512451172
0.13908,1.0756203926985748,27.594,137.67620086669922
0.14823,1.0756203926985748,26.43,138.56094360351562
0.14823,1.0756203926985748,25.602,139.3952178955078
0.14091,1.0756203926985748,24.534,140.21095275878906
0.13176,1.0756203926985748,23.712,140.99166870117188
0.14091,1.2061135567610748,22.488,141.69960021972656
0.14457,1.2061135567610748,21.618,142.40341186523438
0.14457,1.0756203926985748,21.618,142.40341186523438
0.13725,1.0756203926985748,20.598,143.0910873413086
0.13359,1.0756203926985748,19.614,143.7451171875
0.13359,0.6189553536360748,18.69,144.35348510742188
0.12993,0.4558694161360748,17.544,144.93301391601562
0.11895,0.5210549630110748,16.644000000000002,145.46310424804688
0.12261,0.5210549630110748,15.75,145.9701919555664
0.12261,0.5863625801985748,15.75,145.9701919555664
0.11346,1.0104348458235748,14.849999999999998,146.46835327148438
0.10614,1.1082131661360748,13.656,146.9198226928711
0.12444,1.1082131661360748,12.63,147.3204803466797
0.11529,1.2387063301985748,11.862,147.72045135498047
0.10614,1.3040139473860748,10.836,148.07682037353516
0.10065,1.1409280098860748,9.624,148.40641021728516
0.09333,1.3040139473860748,8.76,148.6951446533203
0.10065,1.6301858223860748,7.979999999999999,148.95709991455078
0.08601,1.4345071114485748,6.93,149.18575286865234
0.08052,1.3040139473860748,5.862,149.39929962158203
0.08052,1.4019143380110748,4.8180000000000005,149.5682144165039
0.0732,1.4019143380110748,3.93,149.7000503540039
0.06954,1.5650002755110748,2.8679999999999994,149.8033905029297
0.06039,1.4996926583235748,2.01,149.87789154052734
0.06954,1.4019143380110748,1.02,149.9242401123047
0.09699,1.1735207833235748,0.42,149.9407196044922
0.0915,1.2061135567610748,0.492,149.95445251464844
0.08052,1.0756203926985748,0.48,149.97058868408203
0.06771,1.0756203926985748,0.48,149.9853515625
0.06039,1.0756203926985748,0.234,149.9966812133789
0.06039,1.2387063301985748,0.234,149.9966812133789
0.06954,1.0756203926985748,0.018,149.9966812133789
0.06954,1.1735207833235748,0.0119999999999999,149.99839782714844
0.07137,1.0756203926985748,0.0059999999999999,149.99977111816406
0.06954,1.2387063301985748,0.0119999999999999,149.99942779541016
0.06954,1.2387063301985748,0.0059999999999999,149.99771118164062
0.06954,1.1735207833235748,0.0059999999999999,150.00011444091797
0.0732,1.0756203926985748,0.0059999999999999,149.99839782714844
0.06954,1.0756203926985748,-0.0,149.99977111816406
0.0732,1.1409280098860748,0.0059999999999999,150.00011444091797
0.06954,1.0756203926985748,-0.0,149.99977111816406
0.06771,1.1082131661360748,-0.0,150.00011444091797
0.06954,1.1082131661360748,-0.0,149.99977111816406
0.06954,1.0756203926985748,-0.0,150.0014877319336
0.06954,1.2061135567610748,-0.0,150.00011444091797
0.0549,1.0756203926985748,-0.0,149.99874114990234
0.01098,1.1082131661360748,-0.042,149.99908447265625
-0.04941,1.2061135567610748,-0.336,149.9966812133789
-0.11712,1.3040139473860748,-1.248,149.97333526611328
-0.1281,1.6301858223860748,-2.922,149.90089416503906
-0.14091,1.6301858223860748,-3.984,149.7882843017578
-0.14274,1.4670998848860748,-5.19,149.63001251220703
-0.14457,1.4670998848860748,-6.198,149.4353485107422
-0.14457,0.9451272286360748,-6.198,149.4353485107422
-0.15555,0.6841409005110748,-6.93,149.22042846679688
-0.15921,0.8473489083235748,-7.74,148.97701263427734
-0.14274,0.8799416817610748,-8.808000000000002,148.7105941772461
-0.15738,1.0756203926985748,-9.828,148.40435028076172
-0.17019,1.1409280098860748,-10.806,148.07750701904297
-0.1647,0.7494485176985748,-11.628,147.6943588256836
-0.17385,1.3040139473860748,-12.54,147.31121063232422
-0.15555,1.5324075020735748,-13.674,146.88411712646484
-0.1647,1.3691994942610748,-14.568,146.42131805419922
-0.17934,1.4996926583235748,-15.36,145.92453002929688
-0.18483,1.6301858223860748,-16.314,145.41915893554688
-0.19581,1.7932717598860748,-17.465999999999998,144.85919952392578
-0.18483,1.6301858223860748,-18.534,144.28516387939453
-0.16836,1.5650002755110748,-19.488,143.67198944091797
-0.19947,1.6301858223860748,-20.376,143.02928924560547
-0.19764,1.3366067208235748,-21.378,142.33509063720703
-0.21777,1.1735207833235748,-22.206,141.6299057006836
-0.19398,1.0756203926985748,-23.52,140.86875915527344
-0.19581,1.0756203926985748,-24.372,140.10005950927734
-0.19581,1.0104348458235748,-24.372,140.10005950927734
-0.19581,1.0756203926985748,-25.416,139.28226470947266
-0.22509,1.0756203926985748,-26.28,138.4383773803711
-0.22509,0.4231545723860748,-26.28,138.4383773803711
-0.20496,0.8799416817610748,-27.336,137.55088806152344
-0.22509,0.5210549630110748,-28.428,136.63593292236328
-0.22143,1.1082131661360748,-29.358,135.73780059814453
-0.2196,0.6841409005110748,-30.294,134.75006103515625
-0.23058,0.5210549630110748,-31.362,133.76506805419922
-0.23241,0.5210549630110748,-32.370000000000005,132.7481460571289
-0.23973,0.9451272286360748,-33.312000000000005,131.66942596435547
-0.24522,0.9451272286360748,-34.158,130.56941986083984
-0.23241,0.6189553536360748,-35.136,129.47490692138672
-0.20679,0.2274758614485748,-35.688,128.29044342041016
-0.2196,0.7820412911360748,-35.808,127.18048095703126
-0.21777,0.5863625801985748,-36.048,126.00013732910156
-0.21777,1.0756203926985748,-36.084,124.84760284423828
-0.2013,1.1082131661360748,-36.12,123.67584228515624
-0.20862,0.7494485176985748,-36.294,122.53772735595705
-0.2196,0.7168557442610748,-36.354,121.3560104370117
-0.2196,0.5536477364485748,-36.186,120.19798278808597
-0.21411,0.2600686348860748,-36.372,119.0142059326172
-0.20496,0.4884621895735748,-36.396,117.84690856933594
-0.2196,0.1948830880110748,-36.288,116.65901184082033
-0.20862,0.1295754708235748,-36.438,115.52879333496094
-0.20679,0.1295754708235748,-36.39,114.36767578125
-0.2196,-0.0009176932389252,-36.276,113.1808090209961
-0.2013,-0.0009176932389252,-36.342,112.00355529785156
-0.19947,-0.0009176932389252,-36.348,110.8307647705078
-0.20313,-0.1314108573014252,-36.312,109.64664459228516
-0.22326,-0.0661032401139252,-36.378,108.50921630859376
-0.2013,-0.1640036307389252,-36.408,107.3247528076172
-0.21228,0.0643899239485747,-36.318000000000005,106.15917205810548
-0.22326,0.1948830880110748,-36.330000000000005,104.97848510742188
-0.21228,0.4558694161360748,-36.384,103.809814453125
-0.20313,0.1622903145735748,-36.372,102.61917114257812
-0.20313,0.2600686348860748,-36.414,101.49169921875
-0.21594,0.2600686348860748,-36.402,100.27496337890624
-0.21045,0.3253762520735748,-36.342,99.14440155029295
-0.21228,0.2274758614485748,-36.354,97.95856475830078
-0.21411,0.1295754708235748,-36.378,96.76998138427734
-0.20679,0.1295754708235748,-36.36,95.57178497314452
-0.20313,0.1295754708235748,-36.36,94.39178466796876
-0.21411,-0.1314108573014252,-36.408,93.2303237915039
-0.21411,-0.1965964041764252,-36.342,92.06851959228516
-0.21594,-0.1640036307389252,-36.330000000000005,90.90911865234376
-0.2013,-0.4575827323014252,-36.402,89.74010467529297
-0.2196,-0.3923971854264252,-36.36,88.55255126953125
-0.21228,-0.4575827323014252,-36.330000000000005,87.39452362060547
-0.20496,-0.5227682791764252,-36.39,86.23340606689453
-0.21411,-0.4575827323014252,-36.288,85.07434844970703
-0.22326,-0.1640036307389252,-36.282,83.89537811279297
-0.19581,-0.2291891776139252,-36.408,82.71949768066406
-0.20313,-0.0661032401139252,-36.336,81.55872344970703
-0.22326,-0.0009176932389252,-36.276,80.37357330322266
-0.20679,-0.0009176932389252,-36.36,79.18567657470703
-0.21411,-0.0009176932389252,-36.330000000000005,78.08395385742188
-0.21411,0.0969826973860747,-36.312,76.8380355834961
-0.21411,0.0969826973860747,-36.324,75.69751739501953
-0.20862,0.1295754708235748,-36.3,74.51305389404297
-0.20679,0.1295754708235748,-36.276,73.32481384277344
-0.20679,0.0317971505110747,-36.276,73.32481384277344
-0.21411,0.0643899239485747,-36.372,72.17605590820312
-0.21228,0.0317971505110747,-36.324,70.97991943359375
-0.2013,-0.1314108573014252,-36.3,69.7909927368164
-0.20862,-0.1640036307389252,-36.348,68.6264419555664
-0.21228,-0.1640036307389252,-36.312,67.43717193603516
-0.21411,-0.3270895682389252,-36.27,66.2801742553711
-0.21228,-0.3270895682389252,-36.366,65.06515502929688
-0.22326,-0.5880758963639252,-36.318000000000005,63.93562316894531
-0.20679,-0.5554831229264252,-36.288,62.74120330810548
-0.20862,-0.4901755057389252,-36.36,61.55330657958984
-0.22143,-0.5554831229264252,-36.336,60.365753173828125
-0.20862,-0.4249899588639252,-36.324,59.173736572265625
-0.20679,-0.4575827323014252,-36.426,58.01811218261719
-0.22143,-0.5554831229264252,-36.342,56.82918548583984
-0.22326,-0.4249899588639252,-36.252,55.69416046142578
-0.21045,-0.1314108573014252,-36.348,54.50729370117188
-0.20313,-0.2619040213639252,-36.342,53.34171295166016
-0.21777,-0.0009176932389252,-36.282,52.15278625488281
-0.21411,0.2927834786360748,-36.3,50.99887847900391
-0.20496,-0.0009176932389252,-36.342,49.81269836425781
-0.21777,-0.0009176932389252,-36.252,48.6474609375
-0.21777,0.2600686348860748,-36.252,48.6474609375
-0.2196,0.3905617989485748,-36.354,47.48634338378906
-0.20496,-0.0335104666764252,-36.366,46.32179260253906
-0.20862,0.1948830880110748,-36.288,45.13458251953125
-0.22509,0.1948830880110748,-36.336,43.98033142089844
-0.22509,0.1295754708235748,-36.336,43.98033142089844
-0.20496,-0.3923971854264252,-36.348,42.78694152832031
-0.21045,-0.3923971854264252,-36.24,41.65706634521485
-0.21045,-0.1965964041764252,-36.24,41.65706634521485
-0.21228,-0.1965964041764252,-36.306,40.439300537109375
-0.21228,-0.1965964041764252,-36.324,39.298439025878906
-0.21228,-0.7511618338639252,-36.324,39.298439025878906
-0.21045,-0.3596823416764252,-36.252,38.14453125
-0.20862,-0.3923971854264252,-36.384,36.963157653808594
-0.21045,-0.5227682791764252,-36.414,35.82366943359375
-0.22509,-0.1965964041764252,-36.3,34.665985107421875
-0.20679,0.0643899239485747,-36.294,33.503150939941406
-0.20313,0.1948830880110748,-36.45,32.33585357666016
-0.21228,0.4231545723860748,-36.354,31.179199218750004
-0.21411,0.5210549630110748,-36.342,29.993705749511715
-0.20862,0.5210549630110748,-36.384,28.831558227539062
-0.21411,0.6515481270735748,-36.252,27.64537811279297
-0.22143,0.4558694161360748,-36.324,26.45061492919922
-0.19215,0.3253762520735748,-36.408,25.26958465576172
-0.21228,0.6841409005110748,-36.246,24.10263061523437
-0.22692,0.1295754708235748,-36.258,22.91851043701172
-0.2196,0.2927834786360748,-36.36,21.76116943359375
-0.21228,0.2927834786360748,-36.318000000000005,20.628890991210938
-0.20496,-0.0986960135514252,-36.426,19.45953369140625
-0.22143,0.1295754708235748,-36.384,18.29944610595703
-0.21594,0.0317971505110747,-36.372,17.14313507080078
-0.20862,-0.0009176932389252,-36.402,15.980300903320312
-0.21045,0.5210549630110748,-36.36,14.830856323242188
-0.22692,0.2274758614485748,-36.228,13.641929626464844
-0.21045,0.3253762520735748,-36.324,12.489395141601562
-0.19947,0.8473489083235748,-36.354,11.332740783691406
-0.20679,0.5536477364485748,-36.312,10.171279907226562
-0.22509,0.5863625801985748,-36.282,9.038658142089844
-0.22143,1.0756203926985748,-36.318000000000005,7.882347106933593
-0.20496,0.6841409005110748,-36.264,6.685523986816406
-0.21045,0.6841409005110748,-36.282,5.495567321777344
-0.2196,1.1082131661360748,-36.378,4.313163757324219
-0.20313,0.4884621895735748,-36.336,3.1492996215820312
-0.21228,0.6841409005110748,-36.306,1.9644927978515625
-0.21777,0.9125344551985748,-36.312,0.8349609375
-0.19764,0.1295754708235748,-36.264,-0.3755950927734375
-0.21045,0.6515481270735748,-36.264,-1.5209197998046875
-0.20862,0.8473489083235748,-36.384,-2.704010009765625
-0.21594,0.3579690255110748,-36.366,-3.871307373046875
-0.21228,0.6189553536360748,-36.27,-5.0516510009765625
-0.21411,0.9451272286360748,-36.348,-6.183929443359375
-0.21777,0.3253762520735748,-36.330000000000005,-7.408561706542969
-0.22326,1.0756203926985748,-36.216,-8.567962646484375
-0.2013,1.2387063301985748,-36.336,-9.7283935546875
-0.21045,0.9125344551985748,-36.324,-10.919036865234377
-0.23241,1.6301858223860748,-36.234,-12.069168090820312
-0.22143,1.4996926583235748,-36.336,-13.206253051757812
-0.20679,1.0430276192610748,-36.354,-14.375953674316406
-0.21411,1.6629006661360748,-36.252,-15.561447143554688
-0.22143,1.2387063301985748,-36.342,-16.72222137451172
-0.20679,1.2061135567610748,-36.378,-17.85381317138672
-0.21228,1.2387063301985748,-36.228,-19.011154174804688
-0.21045,0.9125344551985748,-36.282,-20.201454162597656
-0.21777,1.1409280098860748,-36.318000000000005,-21.36943817138672
-0.20862,1.2061135567610748,-36.19199999999999,-22.551841735839844
-0.21045,0.9125344551985748,-36.342,-23.6865234375
-0.20862,1.0756203926985748,-36.354,-24.847640991210938
-0.22326,1.3040139473860748,-36.228,-26.02386474609375
-0.2013,1.0756203926985748,-36.294,-27.18944549560547
-0.21045,1.4670998848860748,-36.276,-28.38729858398437
-0.22143,1.4345071114485748,-36.228,-29.576911926269528
-0.21411,1.4670998848860748,-36.318000000000005,-30.70987701416016
-0.21411,1.8911721505110748,-36.336,-31.892967224121097
-0.22692,1.7280862130110748,-36.19199999999999,-33.080177307128906
-0.2196,1.7280862130110748,-36.330000000000005,-34.239234924316406
-0.20496,2.184751252073575,-36.336,-35.43434143066406
-0.21228,1.8259866036360748,-36.222,-36.62567138671875
-0.2196,1.8585793770735748,-36.324,-37.78438568115234
-0.20862,2.152158478636075,-36.318000000000005,-38.96747589111328
-0.21411,1.7280862130110748,-36.186,-40.09838104248047
-0.21777,1.7932717598860748,-36.384,-41.2591552734375
-0.2196,1.7932717598860748,-36.378,-42.44842529296875
-0.19947,1.2387063301985748,-36.288,-43.60713958740234
-0.21045,1.6629006661360748,-36.378,-44.74628448486328
-0.21411,1.8911721505110748,-36.378,-45.90122222900391
-0.22143,1.3040139473860748,-36.3,-47.093238830566406
-0.21228,1.7606789864485748,-36.336,-48.25023651123047
-0.20679,2.184751252073575,-36.408,-49.416160583496094
-0.20496,1.7606789864485748,-36.342,-50.556678771972656
-0.22509,2.315244416136075,-36.336,-51.708526611328125
-0.20679,2.315244416136075,-36.342,-52.89573669433594
-0.20496,2.217466095823575,-36.324,-54.02252197265625
-0.22326,2.217466095823575,-36.288,-55.21831512451172
-0.22326,2.315244416136075,-36.288,-55.21831512451172
-0.20496,2.315244416136075,-36.324,-56.41033172607422
-0.20496,2.021665314573575,-36.354,-57.57110595703124
-0.21228,2.315244416136075,-36.324,-58.755569458007805
-0.22326,2.315244416136075,-36.36,-59.91291046142578
-0.20862,2.021665314573575,-36.366,-61.10458374023438
-0.21045,2.315244416136075,-36.306,-62.237548828125
-0.21411,1.9237649239485748,-36.378,-63.40175628662109
-0.21228,1.9237649239485748,-36.366,-64.56356048583984
-0.21228,1.8259866036360748,-36.366,-64.56356048583984
-0.21228,2.119565705198575,-36.294,-65.7473373413086
-0.20313,2.119565705198575,-36.396,-66.90948486328125
-0.20313,2.184751252073575,-36.396,-66.90948486328125
-0.21777,2.184751252073575,-36.354,-68.04244995117188
-0.21777,2.445737580198575,-36.288,-69.20631408691406
-0.19947,2.478330353636075,-36.39,-70.39936065673828
-0.20496,2.706723908323575,-36.384,-71.55635833740234
-0.22143,2.706723908323575,-36.258,-72.68932342529297
-0.21594,2.706723908323575,-36.372,-73.8717269897461
-0.21228,2.804624298948575,-36.366,-75.03215789794922
-0.20862,2.869809845823575,-36.312,-76.21833801269531
-0.22509,2.674131134886075,-36.39,-77.38906860351562
-0.20679,2.804624298948575,-36.402,-78.54949951171875
-0.21411,2.543637970823575,-36.318000000000005,-79.70855712890625
-0.22143,2.445737580198575,-36.372,-80.89336395263672
-0.21411,2.445737580198575,-36.318000000000005,-82.08194732666016
-0.20496,2.315244416136075,-36.258,-83.2489013671875
-0.19581,2.315244416136075,-36.39,-84.37225341796875
-0.21777,2.315244416136075,-36.39,-85.54023742675781
-0.20679,2.184751252073575,-36.342,-86.69174194335938
-0.21045,2.347959259886075,-36.348,-87.83088684082031
-0.21411,2.608823517698575,-36.348,-89.04693603515625
-0.21411,2.706723908323575,-36.330000000000005,-90.18917083740234
-0.20679,2.772031525511075,-36.39,-91.3461685180664
-0.20313,2.837217072386075,-36.378,-92.53509521484376
-0.2196,2.869809845823575,-36.288,-93.66737365722656
-0.22326,2.869809845823575,-36.324,-94.822998046875
-0.20496,2.869809845823575,-36.342,-95.99063873291016
-0.20862,2.837217072386075,-36.312,-97.14111328125
-0.21594,2.869809845823575,-36.384,-98.33690643310548
-0.21777,2.804624298948575,-36.378,-99.47124481201172
-0.21228,2.674131134886075,-36.372,-100.62858581542967
-0.20862,2.576230744261075,-36.366,-101.78043365478516
-0.21411,2.706723908323575,-36.408,-102.98240661621094
-0.22143,2.608823517698575,-36.348,-104.11846160888672
-0.20862,2.608823517698575,-36.39,-105.27511596679688
-0.21045,2.706723908323575,-36.43200000000001,-106.40911102294922
-0.21045,2.706723908323575,-36.348,-107.59288787841795
-0.21045,2.869809845823575,-36.348,-107.59288787841795
-0.2196,2.706723908323575,-36.366,-108.753662109375
-0.18849,2.869809845823575,-36.462,-109.91374969482422
-0.20496,2.935117463011075,-36.324,-111.07418060302734
-0.22326,2.869809845823575,-36.39,-112.26757049560548
-0.21228,2.935117463011075,-36.486,-113.4012222290039
-0.20496,3.000303009886075,-36.342,-114.55924987792967
-0.21045,2.869809845823575,-36.3,-115.69667816162112
-0.2196,2.869809845823575,-36.43200000000001,-116.88526153564452
-0.21228,2.608823517698575,-36.39,-118.04672241210938
-0.2013,2.706723908323575,-36.36,-119.20646667480467
-0.20496,2.706723908323575,-36.486,-120.36243438720705
-0.20496,2.869809845823575,-36.486,-120.36243438720705
-0.22143,2.706723908323575,-36.384,-121.50020599365234
-0.21411,2.706723908323575,-36.348,-122.69187927246097
-0.21411,2.576230744261075,-36.348,-122.69187927246097
-0.20313,2.706723908323575,-36.456,-123.8818359375
-0.20862,2.706723908323575,-36.402,-125.03917694091798
-0.22326,2.772031525511075,-36.330000000000005,-126.1728286743164
-0.19398,2.837217072386075,-36.21,-127.32570648193358
-0.18849,2.837217072386075,-35.634,-128.49506378173828
-0.17019,2.869809845823575,-34.968,-129.64656829833984
-0.17934,2.869809845823575,-34.14600000000001,-130.75000762939453
-0.18483,2.869809845823575,-33.276,-131.84452056884766
-0.17385,2.315244416136075,-32.274,-132.85972595214844
-0.16653,2.315244416136075,-31.332,-133.88694763183594
-0.16653,2.282651642698575,-31.332,-133.88694763183594
-0.14091,2.706723908323575,-30.534,-134.8956298828125
-0.15372,2.869809845823575,-29.412000000000003,-135.86551666259766
-0.16287,2.869809845823575,-28.464,-136.78150177001953
-0.14823,2.739316681761075,-27.564000000000004,-137.69062042236328
-0.15189,2.869809845823575,-26.604000000000003,-138.56815338134766
-0.1464,2.706723908323575,-25.542,-139.40311431884766
-0.13908,2.869809845823575,-24.54,-140.21060943603516
-0.15189,2.641538361448575,-23.466,-140.98651885986328
-0.13359,2.804624298948575,-22.692,-141.71436309814453
-0.12993,2.184751252073575,-21.642,-142.42298126220703
-0.13908,2.706723908323575,-20.604,-143.08319091796875
-0.12261,2.315244416136075,-19.602,-143.72966766357422
-0.13359,2.315244416136075,-18.666,-144.32842254638672
-0.12444,2.380552033323575,-17.772,-144.90211486816406
-0.11163,2.869809845823575,-16.914,-145.44353485107422
-0.10431,2.380552033323575,-15.756,-145.97843170166016
-0.1281,2.739316681761075,-14.592,-146.45427703857422
-0.11163,2.576230744261075,-13.656,-146.91673278808594
-0.1098,2.837217072386075,-12.738,-147.34966278076172
-0.11346,2.445737580198575,-11.688,-147.7383041381836
-0.11712,2.445737580198575,-10.71,-148.0744171142578
-0.11712,2.706723908323575,-10.71,-148.0744171142578
-0.09333,2.706723908323575,-9.99,-148.41327667236328
-0.08418,2.282651642698575,-8.844000000000001,-148.72055053710938
-0.0732,2.608823517698575,-7.872,-148.97735595703125
-0.08418,2.641538361448575,-6.666,-149.2108154296875
-0.07869,2.576230744261075,-5.706,-149.40444946289062
-0.08784,2.184751252073575,-4.758,-149.56409454345703
-0.07137,2.315244416136075,-3.8040000000000007,-149.6942138671875
-0.07137,2.478330353636075,-3.102,-149.79755401611328
-0.06771,2.706723908323575,-1.992,-149.87205505371094
-0.06588,2.804624298948575,-1.266,-149.9187469482422
-0.05124,2.869809845823575,-1.08,-149.9527359008789
-0.04575,2.837217072386075,-0.48,-149.97711181640625
-0.06405,2.837217072386075,-0.084,-149.98191833496094
-0.06405,2.869809845823575,-0.084,-149.98191833496094
-0.06954,2.869809845823575,-0.042,-149.98329162597656
-0.06954,2.869809845823575,-0.06,-149.9853515625
-0.07503,2.869809845823575,-0.0479999999999999,-149.98672485351562
-0.0732,2.869809845823575,-0.03,-149.98844146728516
-0.08052,2.837217072386075,-0.06,-149.98981475830078
-0.07869,2.804624298948575,-0.06,-149.9911880493164
-0.08052,2.739316681761075,-0.0479999999999999,-149.99221801757812
-0.08418,2.804624298948575,-0.03,-149.99462127685547
-0.07686,2.739316681761075,-0.018,-149.99462127685547
-0.08052,2.706723908323575,-0.018,-149.99530792236328
-0.07869,2.804624298948575,-0.018,-149.99530792236328
-0.07869,2.869809845823575,-0.018,-149.9970245361328
-0.08601,2.869809845823575,-0.018,-149.9959945678711
-0.08601,2.837217072386075,-0.0239999999999999,-149.99736785888672
-0.08418,2.837217072386075,-0.018,-149.99736785888672
-0.07869,2.869809845823575,-0.018,-149.99977111816406
-0.07869,2.837217072386075,-0.0119999999999999,-149.99839782714844
-0.06954,2.869809845823575,0.0059999999999999,-149.99977111816406
-0.02379,2.739316681761075,0.03,-149.99942779541016
0.02379,2.706723908323575,0.282,-149.9956512451172
0.10248,2.706723908323575,1.038,-149.9736785888672
0.15921,2.706723908323575,2.22,-149.9197769165039
0.13359,2.250058869261075,4.236,-149.80270385742188
0.13725,2.184751252073575,5.364,-149.64271545410156
0.12993,2.315244416136075,6.342,-149.4477081298828
0.1464,2.608823517698575,7.056000000000001,-149.2327880859375
0.15189,2.706723908323575,7.866000000000001,-148.98250579833984
0.13542,2.608823517698575,8.681999999999999,-148.70372772216797
0.15189,2.315244416136075,9.6,-148.41259002685547
0.17019,2.608823517698575,10.554,-148.08574676513672
0.17385,2.315244416136075,11.676,-147.72869110107422
0.16836,2.315244416136075,12.624,-147.3215103149414
0.16287,2.576230744261075,13.416,-146.90196990966797
0.17568,2.315244416136075,14.448,-146.4583969116211
0.183,2.315244416136075,15.612,-145.9701919555664
0.15921,2.380552033323575,16.499999999999996,-145.44113159179688
0.19215,2.511045197386075,17.334,-144.89696502685547
0.17385,2.869809845823575,17.831999999999997,-144.3277359008789
0.21228,2.380552033323575,19.332,-143.74683380126953
0.20496,2.315244416136075,20.478,-143.0811309814453
0.2013,2.315244416136075,21.414,-142.41130828857422
0.19398,2.543637970823575,22.464,-141.70372009277344
0.21045,2.869809845823575,23.31,-140.95870971679688
0.20679,2.380552033323575,24.282,-140.20957946777344
0.19581,2.478330353636075,25.158,-139.4000244140625
0.2013,2.315244416136075,26.256,-138.57501983642578
0.2196,2.608823517698575,27.228,-137.7352523803711
0.20679,2.706723908323575,28.182,-136.80622100830078
0.23058,2.739316681761075,29.082,-135.90431213378906
0.22509,2.315244416136075,30.24,-134.94300842285156
0.21228,2.543637970823575,31.206,-133.94805908203125
0.21777,1.7932717598860748,32.088,-132.95001983642578
0.2196,2.576230744261075,33.018,-131.92005157470703
0.2196,2.445737580198575,34.116,-130.81661224365234
0.21777,2.608823517698575,35.046,-129.71111297607422
0.23058,2.380552033323575,35.94599999999999,-128.52802276611328
0.24522,2.315244416136075,37.080000000000005,-127.36038208007812
0.22509,2.445737580198575,37.956,-126.17076873779295
0.23424,2.706723908323575,38.466,-124.881591796875
0.21045,2.772031525511075,38.922,-123.68614196777342
0.21777,2.869809845823575,39.066,-122.41344451904295
0.20862,2.837217072386075,39.066,-121.16477966308594
0.21411,3.065610627073575,39.252,-119.87869262695312
0.20496,2.869809845823575,39.234,-118.65680694580077
0.21411,2.739316681761075,39.282,-117.3460006713867
0.20679,2.706723908323575,39.42,-116.05751037597656
0.20862,2.706723908323575,39.306,-114.8342514038086
0.22509,2.511045197386075,39.318,-113.55571746826172
0.19581,2.804624298948575,39.504,-112.269287109375
0.22326,2.869809845823575,39.36,-110.99899291992188
0.20679,2.706723908323575,39.438,-109.72766876220705
0.21411,2.869809845823575,39.468,-108.45806121826172
0.20679,2.739316681761075,39.318,-107.18124389648438
0.20496,2.804624298948575,39.438,-105.919189453125
0.22143,2.706723908323575,39.438,-104.60391998291016
0.2013,2.706723908323575,39.372,-103.3707046508789
0.21594,2.804624298948575,39.462,-102.07500457763672
0.19947,2.869809845823575,39.432,-100.821533203125
0.21594,2.869809845823575,39.378,-99.54814910888672
0.20313,2.869809845823575,39.486,-98.31836700439452
0.21228,2.739316681761075,39.336,-97.0590591430664
0.21411,2.804624298948575,39.33,-95.80490112304688
0.20679,2.706723908323575,39.444,-94.54181671142578
0.21594,2.706723908323575,39.336,-93.2516098022461
0.20496,2.641538361448575,39.36,-92.0221710205078
0.20862,2.869809845823575,39.486,-90.7367706298828
0.20496,2.706723908323575,39.372,-89.4778060913086
0.22509,2.576230744261075,39.36600000000001,-88.19343566894531
0.2013,2.869809845823575,39.402,-86.90975189208984
0.20496,2.706723908323575,39.34799999999999,-85.62023162841797
0.21228,2.674131134886075,39.426,-84.3643569946289
0.20862,2.576230744261075,39.372,-83.13663482666016
0.21594,2.543637970823575,39.324,-81.84814453125
0.19947,2.413144806761075,39.438,-80.584716796875
0.2196,2.315244416136075,39.294,-79.29656982421875
0.20313,2.511045197386075,39.372,-78.07125091552734
0.20862,2.543637970823575,39.45,-76.80301666259766
0.20496,2.576230744261075,39.34799999999999,-75.52860260009766
0.21411,2.772031525511075,39.414,-74.27169799804688
0.20496,2.608823517698575,39.492,-72.97565460205078
0.2196,2.250058869261075,39.318,-71.75891876220703
0.21411,2.315244416136075,39.36,-70.4714584350586
0.20313,2.576230744261075,39.42,-69.2080307006836
0.20862,2.315244416136075,39.294,-67.950439453125
0.19032,2.315244416136075,39.438,-66.66641235351562
0.21594,2.380552033323575,39.396,-65.43285369873047
0.2013,2.315244416136075,39.336,-64.17457580566406
0.21228,2.217466095823575,39.462,-62.91011810302734
0.20496,2.380552033323575,39.33,-61.65252685546875
0.22692,2.315244416136075,39.318,-60.39665222167969
0.20496,1.9237649239485748,39.408,-59.15348052978515
0.21777,2.250058869261075,39.294,-57.85606384277344
0.2013,2.086972931761075,39.36,-56.60430908203125
0.19947,1.6301858223860748,39.51,-55.31581878662109
0.20862,1.9237649239485748,39.288,-54.04552459716797
0.20496,2.184751252073575,39.384,-52.82604217529297
0.19947,2.152158478636075,39.48,-51.5643310546875
0.21228,1.8259866036360748,39.264,-50.27961730957031
0.21594,2.315244416136075,39.34799999999999,-49.03095245361328
0.20679,2.315244416136075,39.444,-47.79430389404297
0.20679,2.119565705198575,39.444,-47.79430389404297
0.21777,1.6629006661360748,39.318,-46.514739990234375
0.20862,1.7280862130110748,39.378,-45.22762298583984
0.20862,2.184751252073575,39.402,-43.96385192871094
0.21045,1.7932717598860748,39.276,-42.6763916015625
0.20313,1.6954934395735748,39.426,-41.3909912109375
0.21594,2.054258088011075,39.354000000000006,-40.10112762451172
0.21411,1.9564797676985748,39.39,-38.87683868408203
0.21411,1.4996926583235748,39.474,-37.556419372558594
0.21045,1.6629006661360748,39.252,-36.27410888671875
0.21411,1.6301858223860748,39.3,-35.01445770263672
0.20679,1.1735207833235748,39.396,-33.760643005371094
0.2196,1.4670998848860748,39.192,-32.505455017089844
0.21045,1.6954934395735748,39.372,-31.212501525878903
0.19581,1.7606789864485748,39.39,-29.921607971191406
0.2196,1.2387063301985748,39.27,-28.633804321289062
0.20496,1.7932717598860748,39.336,-27.374496459960938
0.21045,1.6301858223860748,39.33,-26.086349487304688
0.20679,1.1082131661360748,39.252,-24.86309051513672
0.21228,1.0756203926985748,39.372,-23.51898193359375
0.21045,1.4996926583235748,39.318,-22.28851318359375
0.21045,1.2387063301985748,39.324,-21.0333251953125
0.21045,1.1082131661360748,39.384,-19.805259704589844
0.21045,1.5324075020735748,39.198,-18.51848602294922
0.2196,1.6629006661360748,39.258,-17.256431579589844
0.19947,1.6629006661360748,39.396,-16.001930236816406
0.19947,1.0756203926985748,39.396,-16.001930236816406
0.21228,1.5650002755110748,39.3,-14.76837158203125
0.19764,1.2387063301985748,39.408,-13.482284545898438
0.20679,0.6841409005110748,39.414,-12.222633361816406
0.2196,0.6189553536360748,39.174,-10.934486389160156
0.22143,1.0756203926985748,39.36,-9.684791564941406
0.20313,0.9451272286360748,39.336,-8.397674560546875
0.21411,0.6189553536360748,39.282,-7.116737365722656
0.21411,1.3040139473860748,39.372,-5.825843811035156
0.20496,1.1735207833235748,39.294,-4.5929718017578125
0.22143,0.6841409005110748,39.318,-3.276329040527344
0.20496,0.5863625801985748,39.408,-1.9905853271484373
0.21594,1.0756203926985748,39.288,-0.7570266723632812
0.22509,0.6189553536360748,39.336,0.5870819091796875
0.20496,0.3905617989485748,39.48,1.814117431640625
0.22143,0.7820412911360748,39.228,3.0978012084960938
0.21045,0.9451272286360748,39.354000000000006,4.355049133300781
0.2196,0.5210549630110748,39.42,5.5810546875
0.20679,0.6841409005110748,39.252,6.83624267578125
0.22509,0.8473489083235748,39.372,8.131942749023438
0.19581,0.0969826973860747,39.354000000000006,9.393310546875
0.21594,0.2600686348860748,39.24,10.618972778320312
0.20313,0.5210549630110748,39.342,11.87896728515625
0.20862,0.4558694161360748,39.294,13.16436767578125
0.20313,0.1295754708235748,39.288,14.414405822753908
0.20679,0.5210549630110748,39.402,15.702209472656248
0.2196,0.5536477364485748,39.276,16.99207305908203
0.2196,0.1295754708235748,39.318,18.24176788330078
0.22143,0.5210549630110748,39.456,19.524078369140625
0.21045,0.5210549630110748,39.312,20.77342987060547
0.22143,-0.0009176932389252,39.36,22.05059051513672
0.19764,-0.3596823416764252,39.51,23.337364196777344
0.21777,0.2600686348860748,39.324,24.60044860839844
0.20313,0.3579690255110748,39.34799999999999,25.89031219482422
0.19947,-0.0009176932389252,39.414,27.168502807617188
0.22326,-0.0009176932389252,39.246,28.45561981201172
0.22326,0.3253762520735748,39.246,28.45561981201172
0.21594,0.2600686348860748,39.384,29.71527099609375
0.22509,0.2600686348860748,39.36600000000001,30.970458984375
0.22509,0.0317971505110747,39.36600000000001,30.970458984375
0.21228,-0.2619040213639252,39.294,32.22393035888672
0.21594,0.1948830880110748,39.438,33.513450622558594
0.21045,-0.0986960135514252,39.312,34.806060791015625
0.20862,-0.3923971854264252,39.342,36.08837127685547
0.21411,0.1295754708235748,39.45,37.37857818603516
0.2013,0.1295754708235748,39.372,38.66981506347656
0.21411,-0.2944967948014252,39.42,39.92328643798828
0.20679,-0.2291891776139252,39.438,41.21280670166016
0.20862,-0.3270895682389252,39.216,42.49820709228516
0.21411,-0.4575827323014252,39.336,43.726959228515625
0.20679,-0.5227682791764252,39.39,44.97905731201172
0.22326,-0.2944967948014252,39.252,46.26686096191406
0.20679,0.0317971505110747,39.372,47.52719879150391
0.21777,-0.4901755057389252,39.378,48.81637573242188
0.21045,0.1295754708235748,39.258,50.08220672607422
0.21777,0.0643899239485747,39.414,51.36314392089844
0.19581,-0.3923971854264252,39.324,52.59464263916016
0.21594,-0.4575827323014252,39.318,53.87386322021485
0.20313,-0.4575827323014252,39.456,55.135231018066406
0.21411,-0.5554831229264252,39.21,56.41857147216797
0.22326,-0.4901755057389252,39.354000000000006,57.64045715332031
0.20496,-0.3923971854264252,39.51,58.962249755859375
0.2196,0.1295754708235748,39.258,60.19134521484376
0.20862,-0.5227682791764252,39.342,61.481895446777344
0.21411,-0.0661032401139252,39.396,62.73674011230469
0.21045,-0.2619040213639252,39.294,63.97064208984374
0.22509,-0.4575827323014252,39.432,65.22651672363281
0.20313,-0.5554831229264252,39.396,66.51260375976562
0.2196,-0.5554831229264252,39.294,67.76779174804688
0.21411,-0.3923971854264252,39.372,69.05834197998047
0.21411,-0.5227682791764252,39.306,70.3399658203125
0.23058,-0.1640036307389252,39.288,71.6250228881836
0.20862,-0.2619040213639252,39.39,72.8554916381836
0.22143,-0.4901755057389252,39.306,74.17213439941406
0.21594,-0.4901755057389252,39.312,75.4324722290039
0.21594,-0.3923971854264252,39.312,75.4324722290039
0.20679,-0.5554831229264252,39.474,76.72576904296875
0.22509,-0.5227682791764252,39.27,78.04378509521484
0.21228,-0.4249899588639252,39.354000000000006,79.29313659667969
0.22143,-0.2291891776139252,39.432,80.56377410888672
0.20862,-0.2291891776139252,39.264,81.83853149414062
0.21594,-0.3923971854264252,39.36,83.12496185302734
0.2196,-0.1640036307389252,39.36600000000001,84.40727233886719
0.21594,-0.2291891776139252,39.288,85.69679260253906
0.22326,-0.5554831229264252,39.408,86.95438385009766
0.20862,-0.5554831229264252,39.33,88.18519592285156
0.22509,-0.3270895682389252,39.33,89.47334289550781
0.19947,-0.2619040213639252,39.522,90.79238891601562
0.21228,-0.3923971854264252,39.354000000000006,92.0207977294922
0.21411,0.1295754708235748,39.324,93.3072280883789
0.19764,0.1295754708235748,39.444,94.56344604492188
0.19764,-0.0661032401139252,39.444,94.56344604492188
0.22509,-0.5554831229264252,39.264,95.8443832397461
0.22143,-0.5554831229264252,39.372,97.09819793701172
0.22143,-0.2944967948014252,39.372,97.09819793701172
0.21594,-0.2291891776139252,39.498000000000005,98.33038330078124
0.21045,-0.4575827323014252,39.342,99.58866119384766
0.22509,-0.2619040213639252,39.444,100.8761215209961
0.2013,0.1295754708235748,39.474,102.11036682128906
0.22692,0.1295754708235748,39.306,103.42391967773438
0.20862,0.0643899239485747,39.468,104.66331481933594
0.20679,0.2600686348860748,39.34799999999999,105.93807220458984
0.21594,0.0969826973860747,39.34799999999999,107.1932601928711
0.22326,-0.0661032401139252,39.48,108.41720581054688
0.22143,-0.1314108573014252,39.396,109.70809936523438
0.21777,-0.0009176932389252,39.354000000000006,110.9955596923828
0.2196,0.1295754708235748,39.474,112.2531509399414
0.21045,-0.0335104666764252,39.276,113.54198455810548
0.22326,0.3905617989485748,39.372,114.8019790649414
0.20496,0.3253762520735748,39.504,116.06300354003908
0.22692,0.0643899239485747,39.318,117.31578826904295
0.21594,0.2927834786360748,39.438,118.60290527343749
0.21045,0.1295754708235748,39.534,119.86186981201172
0.22509,0.0969826973860747,39.33,121.146240234375
0.20679,0.1295754708235748,39.396,122.42992401123044
0.21411,0.5863625801985748,39.156,123.68511199951172
0.19398,0.5863625801985748,38.508,124.9523162841797
0.19398,0.6515481270735748,38.508,124.9523162841797
0.20862,0.5863625801985748,37.914,126.16939544677734
0.17385,1.0104348458235748,37.056,127.36690521240234
0.17934,0.8146340645735748,36.096,128.5242462158203
0.17019,0.9125344551985748,35.315999999999995,129.68433380126953
0.19032,0.6841409005110748,34.272,130.7870864868164
0.19398,0.3253762520735748,33.228,131.8853759765625
0.18117,0.7820412911360748,32.322,132.95860290527344
0.18117,0.7820412911360748,31.46400000000001,133.96453857421875
0.18117,1.2387063301985748,31.46400000000001,133.96453857421875
0.16836,0.8799416817610748,30.354,134.94300842285156
0.1464,1.2061135567610748,29.448,135.90087890625
0.17202,1.0756203926985748,28.542,136.8350601196289
0.14823,1.0756203926985748,27.522,137.74349212646484
0.16104,0.8799416817610748,26.406,138.6042022705078
0.13725,1.0756203926985748,25.554,139.44156646728516
0.13908,0.8799416817610748,24.51,140.2521514892578
0.14274,1.0756203926985748,23.598,141.01776123046875
0.15738,1.1409280098860748,22.362,141.74217224121094
0.14091,1.2387063301985748,21.6,142.43946075439453
0.13359,1.0756203926985748,20.586,143.12679290771484
0.1281,1.0756203926985748,19.59,143.76846313476562
0.1281,0.9125344551985748,19.59,143.76846313476562
0.13542,0.6515481270735748,18.678,144.35726165771484
0.12444,0.6189553536360748,17.568,144.9374771118164
0.11712,0.7494485176985748,16.548,145.50533294677734
0.1281,0.8473489083235748,15.666,145.997314453125
0.11163,0.8146340645735748,14.784,146.49547576904297
0.11895,1.1735207833235748,13.572,146.9589614868164
0.11895,1.0756203926985748,12.576,147.36236572265625
0.10065,1.1082131661360748,11.801999999999998,147.75238037109375
0.09699,1.2387063301985748,10.728,148.11939239501953
0.11346,1.2387063301985748,9.48,148.44383239746094
0.10797,1.7932717598860748,8.622,148.72467041015625
0.08601,1.7606789864485748,7.829999999999999,148.98284912109375
0.09333,1.7606789864485748,6.798,149.21218872070312
0.09333,1.6301858223860748,6.798,149.21218872070312
0.08052,1.4345071114485748,5.754,149.4147491455078
0.08052,1.7932717598860748,4.698,149.58057403564453
0.06771,1.7280862130110748,3.822,149.7158432006836
0.06771,1.5650002755110748,2.82,149.81369018554688
0.0549,1.6301858223860748,1.926,149.88269805908203
0.07137,1.6301858223860748,0.978,149.92630004882812
0.09333,1.2061135567610748,0.426,149.9417495727539
0.08418,1.0756203926985748,0.504,149.95651245117188
0.07503,1.1409280098860748,0.492,149.97093200683594
0.06771,1.0756203926985748,0.51,149.98844146728516
0.06405,1.0756203926985748,0.162,149.9970245361328
0.06405,1.2387063301985748,0.162,149.9970245361328
0.06588,1.1082131661360748,0.0119999999999999,149.99805450439453
0.06771,1.0756203926985748,0.0059999999999999,149.99874114990234
0.06954,1.0756203926985748,0.0059999999999999,149.99874114990234
0.06954,1.0756203926985748,0.0059999999999999,149.99736785888672
0.06954,1.1735207833235748,0.0059999999999999,149.99874114990234
0.06771,1.2061135567610748,0.0059999999999999,149.99736785888672
0.0732,1.1082131661360748,0.0059999999999999,149.99942779541016
0.06954,1.0756203926985748,0.0059999999999999,149.99942779541016
0.06954,1.0756203926985748,0.0059999999999999,149.99874114990234
0.0732,1.2387063301985748,-0.0,149.99874114990234
0.07137,1.2387063301985748,0.0119999999999999,150.00011444091797
0.06954,1.0756203926985748,0.0059999999999999,149.99874114990234
0.06954,1.0756203926985748,0.0059999999999999,150.0011444091797
0.05124,1.1082131661360748,-0.0,149.99977111816406
0.00915,1.1735207833235748,-0.036,149.99908447265625
-0.04392,1.2387063301985748,-0.324,149.99496459960938
-0.12444,1.2387063301985748,-1.236,149.97196197509766
-0.12993,1.6301858223860748,-2.982,149.89986419677734
-0.13176,1.5650002755110748,-4.044,149.77970123291016
-0.13542,1.2387063301985748,-5.256,149.6179962158203
-0.13542,0.6841409005110748,-6.192,149.4195556640625
-0.1464,0.9778420723860748,-6.966,149.20360565185547
-0.15555,1.1735207833235748,-7.829999999999999,148.95572662353516
-0.15738,1.1735207833235748,-8.844000000000001,148.68484497070312
-0.15738,1.2387063301985748,-8.844000000000001,148.68484497070312
-0.15189,1.2387063301985748,-9.966,148.37310791015625
-0.14274,1.2387063301985748,-10.956,148.03150177001953
-0.15921,1.2387063301985748,-11.742,147.65316009521484
-0.15738,1.4345071114485748,-12.648,147.25936889648438
-0.16836,1.6301858223860748,-13.752,146.8267822265625
-0.17019,1.4670998848860748,-14.652,146.3591766357422
-0.16836,1.3366067208235748,-15.474,145.86376190185547
-0.18483,1.0756203926985748,-16.445999999999998,145.36251068115234
-0.19032,1.2061135567610748,-17.55,144.8101043701172
-0.18666,1.6301858223860748,-18.558,144.24705505371094
-0.183,1.7606789864485748,-19.596,143.59817504882812
-0.183,1.4670998848860748,-20.478,142.97229766845703
-0.183,1.1409280098860748,-21.462,142.2901153564453
-0.22143,1.0756203926985748,-22.248,141.6130828857422
-0.19947,1.1082131661360748,-23.508,140.8498764038086
-0.19032,1.1409280098860748,-24.42,140.08838653564453
-0.19581,1.0756203926985748,-25.44,139.28741455078125
-0.22509,0.4231545723860748,-26.322,138.44249725341797
-0.20496,1.0104348458235748,-27.294,137.57389068603516
-0.21594,0.6189553536360748,-28.308,136.70425415039062
-0.20862,1.0756203926985748,-29.322,135.76526641845703
-0.21228,0.6189553536360748,-30.246,134.8019027709961
-0.22509,0.5210549630110748,-31.314,133.79425048828125
-0.23424,0.5210549630110748,-32.316,132.75604248046875
-0.24156,0.8473489083235748,-33.245999999999995,131.70238494873047
-0.24705,0.7494485176985748,-34.116,130.61851501464844
-0.24705,0.6841409005110748,-35.232000000000006,129.50546264648438
-0.23058,0.6841409005110748,-36.264,128.3374786376953
-0.2379,1.0104348458235748,-37.14,127.16571807861328
-0.23241,0.5210549630110748,-38.142,125.92735290527344
-0.22326,0.9451272286360748,-38.604,124.70203399658205
-0.2196,0.6841409005110748,-38.868,123.40324401855467
-0.23241,0.3579690255110748,-38.964,122.04265594482423
-0.20679,0.2274758614485748,-39.174,120.82077026367188
-0.21411,0.6841409005110748,-39.198,119.5738220214844
-0.21228,0.6841409005110748,-39.288,118.26370239257814
-0.21594,0.4558694161360748,-39.36,117.00611114501952
-0.21777,0.3905617989485748,-39.354000000000006,115.72689056396484
-0.20862,0.2274758614485748,-39.378,114.44183349609376
-0.22326,0.1295754708235748,-39.33,113.18252563476562
-0.2196,0.1295754708235748,-39.372,111.9287109375
-0.19032,0.2927834786360748,-39.168,110.5561065673828
-0.25254,-0.4575827323014252,-37.506,109.41387176513672
-0.25254,0.3253762520735748,-39.768,108.17447662353516
-0.19581,0.1295754708235748,-40.206,106.82762145996094
-0.19581,0.8473489083235748,-39.702,105.5559539794922
-0.20313,-0.0009176932389252,-39.552,104.26506042480467
-0.20862,-0.0009176932389252,-39.456,103.03699493408205
-0.22326,-0.0335104666764252,-39.402,101.68464660644533
-0.21045,-0.0335104666764252,-39.456,100.43495178222656
-0.21045,0.1948830880110748,-39.456,100.43495178222656
-0.20679,0.1295754708235748,-39.408,99.14680480957033
-0.21045,0.1295754708235748,-39.384,97.921142578125
-0.21045,0.3253762520735748,-39.384,97.921142578125
-0.20313,-0.3923971854264252,-39.426,96.6299057006836
-0.21594,-0.0009176932389252,-39.36600000000001,95.33763885498048
-0.20679,-0.0661032401139252,-39.414,94.05155181884766
-0.21777,-0.0009176932389252,-39.408,92.76443481445312
-0.20862,-0.0986960135514252,-39.318,91.5054702758789
-0.20496,-0.0335104666764252,-39.456,90.1919174194336
-0.22509,-0.0009176932389252,-39.432,88.90617370605469
-0.21045,0.2927834786360748,-39.36,87.61871337890625
-0.21411,-0.0009176932389252,-39.426,86.32919311523438
-0.21411,-0.0009176932389252,-39.294,85.07400512695312
-0.21411,-0.3923971854264252,-39.33,83.79169464111328
-0.21777,-0.3923971854264252,-39.402,82.50011444091797
-0.21411,-0.1640036307389252,-39.342,81.23737335205078
-0.2196,0.1295754708235748,-39.36,79.95025634765625
-0.21228,-0.0986960135514252,-39.384,78.6617660522461
-0.21594,0.0969826973860747,-39.342,77.43301391601562
-0.20862,-0.0009176932389252,-39.336,76.14898681640625
-0.21228,-0.3596823416764252,-39.36,74.89208221435547
-0.22326,-0.2944967948014252,-39.288,73.60565185546875
-0.21228,-0.0661032401139252,-39.378,72.38170623779297
-0.22509,-0.2944967948014252,-39.36,71.09321594238281
-0.21411,-0.3923971854264252,-39.312,69.77485656738281
-0.22692,-0.2291891776139252,-39.384,68.5433578491211
-0.20679,0.0317971505110747,-39.318,67.25521087646484
-0.21045,-0.0335104666764252,-39.342,65.99899291992188
-0.21411,-0.0335104666764252,-39.342,64.73796844482422
-0.21411,-0.0009176932389252,-39.342,64.73796844482422
-0.21777,-0.0009176932389252,-39.36,63.48518371582031
-0.21411,-0.1965964041764252,-39.36600000000001,62.22656250000001
-0.21045,-0.4901755057389252,-39.378,60.97171783447266
-0.22326,-0.1965964041764252,-39.36600000000001,59.65438842773438
-0.21228,-0.1314108573014252,-39.336,58.40057373046875
-0.21777,-0.3923971854264252,-39.372,57.137489318847656
-0.21594,0.1295754708235748,-39.312,55.85002899169922
-0.22326,0.1295754708235748,-39.408,54.62230682373047
-0.22326,-0.0009176932389252,-39.408,54.62230682373047
-0.20313,-0.0661032401139252,-39.342,53.33381652832031
-0.20862,-0.1965964041764252,-39.33,52.04292297363281
-0.21594,-0.0009176932389252,-39.372,50.75889587402344
-0.20679,-0.3596823416764252,-39.36,49.50508117675781
-0.22509,-0.5554831229264252,-39.34799999999999,48.24440002441406
-0.20496,0.0643899239485747,-39.408,46.988525390625
-0.22875,0.0969826973860747,-39.252,45.733680725097656
-0.20679,0.0317971505110747,-39.34799999999999,44.44622039794922
-0.21411,-0.0009176932389252,-39.42,43.181419372558594
-0.21045,0.0317971505110747,-39.24,41.897735595703125
-0.20862,-0.0009176932389252,-39.318,40.60821533203125
-0.21594,-0.5227682791764252,-39.34799999999999,39.3475341796875
-0.20862,0.1295754708235748,-39.318,38.12324523925781
-0.21411,0.0317971505110747,-39.414,36.86908721923828
-0.20862,-0.3923971854264252,-39.402,35.57098388671875
-0.22692,0.0317971505110747,-39.342,34.35493469238281
-0.20862,0.4884621895735748,-39.39,33.102149963378906
-0.22509,0.0317971505110747,-39.384,31.841125488281246
-0.20862,0.2600686348860748,-39.336,30.577354431152344
-0.22143,0.4558694161360748,-39.396,29.292297363281246
-0.20313,-0.0009176932389252,-39.378,28.05976867675781
-0.2196,-0.3596823416764252,-39.402,26.800460815429688
-0.20496,0.3905617989485748,-39.402,25.575485229492188
-0.22143,0.0643899239485747,-39.306,24.261932373046875
-0.20679,-0.0335104666764252,-39.336,23.03043365478516
-0.2196,0.4558694161360748,-39.36,21.777305603027344
-0.21228,0.4558694161360748,-39.318,20.491905212402344
-0.21228,0.6841409005110748,-39.318,20.491905212402344
-0.20313,0.1295754708235748,-39.39,19.20513153076172
-0.2196,0.1295754708235748,-39.39,17.913894653320312
-0.2196,0.1948830880110748,-39.39,17.913894653320312
-0.20679,0.6189553536360748,-39.36,16.687545776367188
-0.2196,0.4231545723860748,-39.39,15.36884307861328
-0.19947,-0.0009176932389252,-39.414,14.13494110107422
-0.2196,0.5210549630110748,-39.312,12.850914001464844
-0.21411,0.8146340645735748,-39.372,11.58782958984375
-0.20496,0.1948830880110748,-39.342,10.336418151855469
-0.21411,0.6841409005110748,-39.3,9.110755920410156
-0.21228,1.1409280098860748,-39.336,7.824668884277344
-0.21594,0.6841409005110748,-39.282,6.563644409179688
-0.21045,0.4231545723860748,-39.34799999999999,5.3015899658203125
-0.21777,0.9125344551985748,-39.378,4.0161895751953125
-0.20862,0.5210549630110748,-39.288,2.7592849731445312
-0.21594,0.1295754708235748,-39.384,1.4388656616210938
-0.20496,0.7494485176985748,-39.34799999999999,0.2121734619140625
-0.22143,1.1409280098860748,-39.312,-1.0691070556640625
-0.20862,0.8146340645735748,-39.34799999999999,-2.3562240600585938
-0.21594,0.6841409005110748,-39.372,-3.64471435546875
-0.22509,1.0756203926985748,-39.288,-4.9294281005859375
-0.21228,1.0756203926985748,-39.318,-6.184272766113281
-0.21594,0.1295754708235748,-39.306,-7.475852966308594
-0.21228,1.0756203926985748,-39.282,-8.762283325195312
-0.22143,1.4345071114485748,-39.39,-10.020904541015623
-0.22509,0.7494485176985748,-39.336,-11.340293884277344
-0.21045,1.0756203926985748,-39.414,-12.568016052246094
-0.2196,1.6301858223860748,-39.378,-13.88397216796875
-0.21777,1.2387063301985748,-39.246,-15.177268981933594
-0.21594,0.8799416817610748,-39.39,-16.396408081054688
-0.21411,1.2387063301985748,-39.378,-17.68146514892578
-0.21228,1.2387063301985748,-39.258,-18.969955444335938
-0.22692,0.8799416817610748,-39.294,-20.254669189453125
-0.2013,1.2387063301985748,-39.312,-21.518783569335938
-0.22509,1.7606789864485748,-39.246,-22.745819091796875
-0.20496,1.6301858223860748,-39.336,-24.004440307617188
-0.21777,1.0756203926985748,-39.36,-25.26580810546875
-0.20862,1.6301858223860748,-39.324,-26.551551818847656
-0.22326,1.6301858223860748,-39.312,-27.77652740478516
-0.20862,0.9451272286360748,-39.324,-29.03549194335938
-0.2196,1.6301858223860748,-39.318,-30.319175720214844
-0.21228,1.6954934395735748,-39.342,-31.572303771972653
-0.22143,1.2061135567610748,-39.252,-32.80963897705078
-0.21228,1.5650002755110748,-39.33,-34.092979431152344
-0.21228,1.7932717598860748,-39.384,-35.355377197265625
-0.21228,1.6629006661360748,-39.222,-36.6445541381836
-0.20496,1.7932717598860748,-39.36,-37.92892456054688
-0.22326,1.7932717598860748,-39.336,-39.18514251708984
-0.22326,1.6954934395735748,-39.336,-39.18514251708984
-0.2196,1.7932717598860748,-39.246,-40.468482971191406
-0.23607,1.3691994942610748,-39.414,-41.72504425048828
-0.21228,1.6629006661360748,-39.432,-42.98263549804688
-0.22326,1.6629006661360748,-39.34799999999999,-44.23816680908203
-0.22326,2.152158478636075,-39.34799999999999,-44.23816680908203
-0.21045,1.8585793770735748,-39.342,-45.52768707275391
-0.20862,1.8585793770735748,-39.354000000000006,-46.81720733642578
-0.20862,1.7932717598860748,-39.354000000000006,-46.81720733642578
-0.22326,2.184751252073575,-39.36,-48.07514190673828
-0.20862,2.184751252073575,-39.432,-49.33273315429688
-0.20862,2.380552033323575,-39.432,-49.33273315429688
-0.21228,1.6629006661360748,-39.372,-50.56629180908203
-0.20862,2.184751252073575,-39.372,-51.84516906738281
-0.22326,2.184751252073575,-39.36600000000001,-53.13159942626953
-0.21411,1.7606789864485748,-39.324,-54.41871643066406
-0.20679,1.9564797676985748,-39.402,-55.70823669433594
-0.22143,2.315244416136075,-39.34799999999999,-56.959991455078125
-0.21228,2.315244416136075,-39.336,-58.24882507324218
-0.22692,2.184751252073575,-39.414,-59.540748596191406
-0.21045,2.315244416136075,-39.378,-60.7986831665039
-0.2196,2.184751252073575,-39.294,-62.085800170898445
-0.20862,2.282651642698575,-39.396,-63.344764709472656
-0.21411,2.184751252073575,-39.378,-64.60269927978516
-0.21594,2.347959259886075,-39.384,-65.88706970214844
-0.20679,2.315244416136075,-39.414,-67.14637756347656
-0.23058,2.445737580198575,-39.34799999999999,-68.42971801757812
-0.20679,2.511045197386075,-39.414,-69.71683502197266
-0.23241,2.511045197386075,-39.336,-70.97236633300781
-0.23241,2.706723908323575,-39.336,-70.97236633300781
-0.20496,2.250058869261075,-39.39,-72.23270416259766
-0.21411,2.250058869261075,-39.396,-73.48857879638672
-0.21411,2.282651642698575,-39.396,-73.48857879638672
-0.20679,2.445737580198575,-39.432,-74.77947235107422
-0.20679,2.315244416136075,-39.318,-76.0415267944336
-0.21594,2.641538361448575,-39.39,-77.32315063476562
-0.21228,2.641538361448575,-39.42,-78.58280181884766
-0.21228,2.739316681761075,-39.42,-78.58280181884766
-0.2196,2.478330353636075,-39.354000000000006,-79.83833312988281
-0.20862,2.478330353636075,-39.372,-81.09695434570312
-0.20862,2.837217072386075,-39.372,-81.09695434570312
-0.22875,2.706723908323575,-39.342,-82.37960815429688
-0.21777,2.706723908323575,-39.372,-83.67496490478516
-0.21228,2.543637970823575,-39.378,-84.9246597290039
-0.21228,2.706723908323575,-39.372,-86.21417999267578
-0.21045,2.413144806761075,-39.396,-87.47314453125
-0.2196,2.413144806761075,-39.36600000000001,-88.7640380859375
-0.2196,2.869809845823575,-39.36600000000001,-88.7640380859375
-0.20313,2.869809845823575,-39.372,-89.99279022216797
-0.22326,2.772031525511075,-39.402,-91.24523162841795
-0.20313,2.869809845823575,-39.426,-92.53337860107422
-0.22509,2.869809845823575,-39.306,-93.7631607055664
-0.22509,2.641538361448575,-39.306,-93.7631607055664
-0.21228,2.706723908323575,-39.402,-95.0434112548828
-0.2196,2.706723908323575,-39.36,-96.29997253417967
-0.20862,2.706723908323575,-39.34799999999999,-97.56031036376952
-0.21411,2.706723908323575,-39.408,-98.81996154785156
-0.2196,2.869809845823575,-39.384,-100.10948181152344
-0.21228,2.739316681761075,-39.342,-101.34098052978516
-0.20313,2.869809845823575,-39.468,-102.59376525878906
-0.20679,2.869809845823575,-39.426,-103.91040802001952
-0.22143,2.869809845823575,-39.432,-105.16593933105467
-0.20862,2.837217072386075,-39.42,-106.39572143554688
-0.23058,2.706723908323575,-39.378,-107.6776885986328
-0.21045,2.608823517698575,-39.414,-108.93047332763672
-0.21594,2.706723908323575,-39.45,-110.22480010986328
-0.21045,2.869809845823575,-39.372,-111.51226043701172
-0.20496,3.130796173948575,-39.45,-112.774658203125
-0.22143,2.869809845823575,-39.414,-114.06177520751952
-0.19947,2.869809845823575,-39.402,-115.323486328125
-0.22509,2.902524689573575,-39.426,-116.57455444335936
-0.20679,2.706723908323575,-39.432,-117.83180236816406
-0.22143,2.706723908323575,-39.354000000000006,-119.11754608154295
-0.21228,2.967710236448575,-39.492,-120.36998748779295
-0.20862,2.869809845823575,-39.408,-121.66019439697266
-0.21411,2.706723908323575,-39.264,-122.88688659667967
-0.19032,2.935117463011075,-39.084,-124.16645050048828
-0.18666,2.869809845823575,-38.37,-125.40035247802734
-0.17568,2.869809845823575,-37.59,-126.63906097412108
-0.16836,2.869809845823575,-36.732,-127.8485870361328
-0.19215,2.869809845823575,-35.688,-128.99185180664062
-0.17934,2.869809845823575,-34.788,-130.13545989990234
-0.16653,2.804624298948575,-33.948,-131.25469207763672
-0.15738,2.380552033323575,-32.958000000000006,-132.3196792602539
-0.16836,2.380552033323575,-31.937999999999995,-133.37642669677734
-0.16836,2.706723908323575,-31.937999999999995,-133.37642669677734
-0.17934,2.706723908323575,-31.056,-134.3682861328125
-0.15921,2.706723908323575,-30.036,-135.34469604492188
-0.14457,2.543637970823575,-28.998,-136.29981994628906
-0.16653,2.315244416136075,-28.032,-137.22026824951172
-0.13542,2.282651642698575,-27.186,-138.1036376953125
-0.16287,2.152158478636075,-26.106,-138.9653778076172
-0.15189,2.315244416136075,-25.026,-139.74987030029297
-0.1281,2.184751252073575,-24.138,-140.54122924804688
-0.14823,2.315244416136075,-23.172,-141.2790298461914
-0.1281,2.739316681761075,-22.29,-142.02266693115234
-0.12993,2.869809845823575,-21.144,-142.7185821533203
-0.11895,2.869809845823575,-20.148,-143.37913513183594
-0.13542,2.869809845823575,-19.17,-143.98372650146484
-0.13542,2.706723908323575,-18.204,-144.58900451660156
-0.1098,2.608823517698575,-17.334,-145.15342712402344
-0.11895,2.706723908323575,-16.398000000000003,-145.67218780517578
-0.11346,2.706723908323575,-15.15,-146.1998748779297
-0.11712,2.576230744261075,-14.22,-146.64653778076172
-0.12444,2.641538361448575,-13.362,-147.07775115966797
-0.11712,2.315244416136075,-12.414,-147.49935150146484
-0.11529,2.576230744261075,-11.358,-147.86361694335938
-0.12078,2.706723908323575,-10.494,-148.20453643798828
-0.0915,2.608823517698575,-9.612,-148.52210998535156
-0.08601,2.184751252073575,-8.526,-148.8105010986328
-0.08418,2.347959259886075,-7.41,-149.0566635131836
-0.0915,2.217466095823575,-6.371999999999999,-149.2822265625
-0.0915,2.184751252073575,-5.4,-149.45697784423828
-0.08235,2.315244416136075,-4.5600000000000005,-149.60906982421875
-0.07869,2.445737580198575,-3.366,-149.73026275634766
-0.06588,2.706723908323575,-2.67,-149.82742309570312
-0.05673,2.706723908323575,-1.74,-149.8919677734375
-0.06588,2.869809845823575,-1.152,-149.9311065673828
-0.03843,2.706723908323575,-0.984,-149.96543884277344
-0.0549,2.772031525511075,-0.27,-149.98123168945312
-0.06954,2.869809845823575,-0.0479999999999999,-149.98363494873047
-0.07137,2.772031525511075,-0.042,-149.9846649169922
-0.07503,2.772031525511075,-0.054,-149.98638153076172
-0.07503,2.869809845823575,-0.054,-149.98638153076172
-0.0732,2.869809845823575,-0.036,-149.98947143554688
-0.07503,2.869809845823575,-0.042,-149.98878479003906
-0.08052,2.869809845823575,-0.054,-149.9911880493164
-0.08052,2.869809845823575,-0.054,-149.99359130859375
-0.08418,2.804624298948575,-0.036,-149.99427795410156
-0.07869,2.804624298948575,-0.0239999999999999,-149.99427795410156
-0.07869,2.804624298948575,-0.018,-149.99496459960938
-0.07869,2.772031525511075,-0.018,-149.99496459960938
-0.08052,2.869809845823575,-0.018,-149.9956512451172
-0.07869,2.706723908323575,-0.0119999999999999,-149.9959945678711
-0.07869,2.869809845823575,-0.0119999999999999,-149.9959945678711
-0.08235,2.869809845823575,-0.0119999999999999,-149.9970245361328
-0.08052,2.869809845823575,-0.018,-149.99736785888672
-0.07869,2.837217072386075,-0.0059999999999999,-149.99771118164062
-0.06588,2.837217072386075,0.018,-149.9959945678711
-0.0183,2.837217072386075,0.054,-149.99736785888672
0.04758,2.706723908323575,0.456,-149.9905014038086
0.11346,2.706723908323575,1.242,-149.9640655517578
0.15921,2.282651642698575,2.622,-149.90055084228516
0.13542,2.315244416136075,4.422000000000001,-149.77970123291016
0.1281,2.315244416136075,5.627999999999999,-149.60906982421875
0.12444,2.478330353636075,6.534,-149.41680908203125
0.14091,2.706723908323575,7.302,-149.1943359375
0.14823,2.706723908323575,7.973999999999999,-148.93341064453125
0.1464,2.576230744261075,8.748,-148.66493225097656
0.15921,2.315244416136075,9.786,-148.36212158203125
0.17385,2.511045197386075,10.68,-148.02841186523438
0.16836,2.576230744261075,11.85,-147.67032623291016
0.15006,2.869809845823575,12.732,-147.2779083251953
0.17751,2.641538361448575,13.542,-146.84085845947266
0.17568,2.641538361448575,14.586,-146.39728546142578
0.17751,2.804624298948575,15.773999999999996,-145.8929443359375
0.17019,2.869809845823575,16.614,-145.36319732666016
0.18483,2.706723908323575,17.538,-144.80941772460938
0.19398,2.739316681761075,18.504,-144.2288589477539
0.19398,2.608823517698575,19.53,-143.6019515991211
0.18483,2.706723908323575,20.484,-142.93933868408203
0.19398,2.837217072386075,21.54,-142.2894287109375
0.17568,3.130796173948575,22.626,-141.55574798583984
0.18849,3.065610627073575,23.472,-140.82721710205078
0.19215,2.706723908323575,24.444,-140.03036499023438
0.21228,2.706723908323575,25.296,-139.2565155029297
0.21594,2.184751252073575,26.514,-138.40370178222656
0.20496,2.511045197386075,27.552,-137.4945831298828
0.2196,2.184751252073575,28.38,-136.58409118652344
0.21411,2.282651642698575,29.334,-135.67394256591797
0.21228,2.282651642698575,30.546,-134.6927261352539
0.21228,1.7932717598860748,30.546,-134.6927261352539
0.20862,2.347959259886075,31.44,-133.68267059326172
0.21045,2.772031525511075,32.316,-132.65338897705078
0.22509,2.869809845823575,33.354,-131.57638549804688
0.21411,2.706723908323575,34.458,-130.46367645263672
0.23058,2.576230744261075,35.358,-129.35199737548828
0.24156,2.706723908323575,36.24,-128.17920684814453
0.23973,2.869809845823575,37.362,-127.01946258544923
0.21777,2.706723908323575,38.154,-125.77835083007814
0.22875,2.706723908323575,38.598,-124.55646514892578
0.2013,2.706723908323575,39.024,-123.28170776367186
0.22692,2.739316681761075,39.042,-122.04128265380858
0.21411,2.674131134886075,39.120000000000005,-120.76892852783205
0.21594,2.869809845823575,39.276,-119.54326629638672
0.20862,2.869809845823575,39.192,-118.26404571533205
0.21411,2.739316681761075,39.306,-117.01263427734374
0.19947,2.869809845823575,39.438,-115.72105407714844
0.19947,2.869809845823575,39.33,-114.43359375
0.22143,2.869809845823575,39.312,-113.20930480957033
0.20862,2.739316681761075,39.492,-111.89472198486328
0.2196,2.706723908323575,39.36600000000001,-110.63438415527344
0.19947,2.706723908323575,39.468,-109.3802261352539
0.21594,2.804624298948575,39.384,-108.12503814697266
0.20862,2.706723908323575,39.342,-106.84101104736328
0.21228,2.935117463011075,39.468,-105.58170318603516
0.20679,2.869809845823575,39.414,-104.35672760009766
0.20679,2.869809845823575,39.354000000000006,-103.09158325195312
0.20313,2.902524689573575,39.51,-101.80240631103516
0.20313,2.902524689573575,39.39,-100.57125091552734
0.20313,2.739316681761075,39.39,-100.57125091552734
0.21594,2.706723908323575,39.378,-99.32086944580078
0.19764,2.706723908323575,39.516,-98.031005859375
0.2196,2.739316681761075,39.34799999999999,-96.7727279663086
0.21411,2.739316681761075,39.354000000000006,-95.55187225341795
0.21045,2.869809845823575,39.474,-94.29325103759766
0.20679,2.869809845823575,39.342,-93.00098419189452
0.2196,2.706723908323575,39.408,-91.74373626708984
0.19398,3.000303009886075,39.378,-90.45387268066406
0.21411,2.706723908323575,39.324,-89.19525146484375
0.20313,2.804624298948575,39.414,-87.93525695800781
0.2013,2.543637970823575,39.384,-86.68109893798828
0.20862,2.608823517698575,39.342,-85.42316436767578
0.19947,2.511045197386075,39.498000000000005,-84.13742065429688
0.22692,2.478330353636075,39.336,-82.8812026977539
0.20313,2.706723908323575,39.342,-81.65382385253906
0.21594,2.869809845823575,39.468,-80.30799865722656
0.19764,2.706723908323575,39.288,-79.07821655273438
0.21228,2.772031525511075,39.288,-77.81890869140625
0.19764,2.706723908323575,39.504,-76.58432006835938
0.2196,2.478330353636075,39.342,-75.32878875732422
0.19947,2.250058869261075,39.402,-74.0749740600586
0.20862,2.706723908323575,39.492,-72.8448486328125
0.21045,2.282651642698575,39.306,-71.56185150146484
0.21594,2.315244416136075,39.42,-70.29705047607422
0.2013,2.511045197386075,39.432,-69.04529571533203
0.21411,2.511045197386075,39.306,-67.81654357910156
0.21411,2.315244416136075,39.306,-67.81654357910156
0.19764,2.184751252073575,39.414,-66.55689239501953
0.2013,2.543637970823575,39.324,-65.26702880859375
0.21411,2.315244416136075,39.33,-64.01012420654297
0.19398,2.315244416136075,39.468,-62.72266387939453
0.19398,2.250058869261075,39.468,-62.72266387939453
0.22692,2.184751252073575,39.312,-61.46850585937499
0.20313,2.184751252073575,39.372,-60.23975372314453
0.21045,1.8911721505110748,39.462,-58.95366668701172
0.20496,1.9890725411360748,39.264,-57.69744873046876
0.21594,2.315244416136075,39.34799999999999,-56.412391662597656
0.19398,2.315244416136075,39.516,-55.17951965332031
0.20862,2.021665314573575,39.27,-53.8604736328125
0.2196,2.315244416136075,39.354000000000006,-52.57198333740234
0.19947,2.184751252073575,39.39,-51.2786865234375
0.2196,1.8911721505110748,39.288,-50.05851745605469
0.2013,1.6629006661360748,39.402,-48.7734603881836
0.20679,2.054258088011075,39.378,-47.488059997558594
0.21411,2.021665314573575,39.324,-46.19956970214844
0.2013,1.7280862130110748,39.438,-44.92000579833984
0.22509,1.7280862130110748,39.34799999999999,-43.626708984375
0.22509,2.119565705198575,39.34799999999999,-43.626708984375
0.20313,2.054258088011075,39.342,-42.339935302734375
0.2013,1.6301858223860748,39.432,-41.05487823486328
0.20862,1.6629006661360748,39.246,-39.79351043701172
0.19947,1.8259866036360748,39.426,-38.50399017333984
0.21045,1.9237649239485748,39.456,-37.211036682128906
0.20679,1.5650002755110748,39.294,-35.92975616455078
0.19764,2.119565705198575,39.324,-34.639549255371094
0.20313,1.8585793770735748,39.3,-33.41560363769531
0.21594,1.3040139473860748,39.294,-32.10205078125
0.2196,1.3040139473860748,39.408,-30.814247131347656
0.19947,1.3040139473860748,39.306,-29.584465026855465
0.19947,1.6301858223860748,39.306,-29.584465026855465
0.2196,1.2387063301985748,39.294,-28.326187133789062
0.20862,1.2387063301985748,39.36,-27.071685791015625
0.21411,1.7932717598860748,39.252,-25.8340072631836
0.19947,1.5650002755110748,39.294,-24.54620361328125
0.21045,1.0756203926985748,39.414,-23.290328979492188
0.20496,1.7932717598860748,39.276,-22.06501007080078
0.21228,1.7932717598860748,39.336,-20.805015563964844
0.19947,1.1735207833235748,39.402,-19.517555236816406
0.22509,1.4345071114485748,39.198,-18.267173767089844
0.21045,1.3366067208235748,39.306,-17.004432678222656
0.21045,1.3366067208235748,39.402,-15.719375610351562
0.21045,1.0756203926985748,39.402,-15.719375610351562
0.2013,0.7820412911360748,39.246,-14.488563537597658
0.19947,1.2387063301985748,39.372,-13.196296691894531
0.20313,1.3691994942610748,39.324,-11.9366455078125
0.20679,1.3691994942610748,39.294,-10.660858154296877
0.20679,0.8146340645735748,39.294,-10.660858154296877
0.21594,1.2387063301985748,39.402,-9.39983367919922
0.2013,1.3040139473860748,39.33,-8.141555786132812
0.21777,0.8146340645735748,39.264,-6.887397766113281
0.20313,0.7494485176985748,39.378,-5.601310729980469
0.20862,1.0756203926985748,39.27,-4.3416595458984375
0.20862,0.6189553536360748,39.294,-3.1129074096679688
0.21228,0.5210549630110748,39.45,-1.8518829345703125
0.19764,1.1409280098860748,39.288,-0.5609893798828125
0.20496,1.0756203926985748,39.276,0.720977783203125
0.20313,0.5210549630110748,39.474,1.9809722900390625
0.19947,1.0756203926985748,39.246,3.262939453125
0.22509,0.6515481270735748,39.36600000000001,4.5538330078125
0.19764,0.3905617989485748,39.414,5.83648681640625
0.22692,0.3905617989485748,39.276,7.060089111328125
0.20862,0.5210549630110748,39.36,8.3935546875
0.20862,0.5536477364485748,39.282,9.64496612548828
0.22143,0.2927834786360748,39.264,10.92315673828125
0.20313,0.6515481270735748,39.378,12.24529266357422
0.21228,0.7494485176985748,39.282,13.537559509277344
0.2013,0.1295754708235748,39.306,14.763565063476564
0.21411,-0.0009176932389252,39.444,16.044845581054688
0.20496,0.4231545723860748,39.288,17.33745574951172
0.21045,0.1295754708235748,39.36,18.5888671875
0.21411,0.1295754708235748,39.492,19.8687744140625
0.20862,0.5210549630110748,39.324,21.161041259765625
0.21411,0.6841409005110748,39.36600000000001,22.44678497314453
0.19947,0.1295754708235748,39.438,23.67416381835937
0.21411,0.1295754708235748,39.294,24.99183654785156
0.21411,0.1622903145735748,39.34799999999999,26.28753662109375
0.20313,0.0317971505110747,39.306,27.51697540283203
0.2196,-0.0009176932389252,39.306,28.769073486328125
0.2013,0.1295754708235748,39.45,30.06752014160156
0.22143,0.3253762520735748,39.342,31.28631591796875
0.20679,-0.2944967948014252,39.36,32.539100646972656
0.21228,0.1295754708235748,39.438,33.795318603515625
0.20862,0.1622903145735748,39.312,35.08586883544922
0.22692,-0.0009176932389252,39.372,36.31050109863281
0.19764,-0.3270895682389252,39.498000000000005,37.60002136230469
0.20679,-0.0009176932389252,39.306,38.894004821777344
0.2013,-0.3923971854264252,39.402,40.15331268310547
0.19947,-0.3923971854264252,39.408,41.43699645996094
0.21777,-0.0986960135514252,39.264,42.69561767578125
0.20496,0.1948830880110748,39.36600000000001,43.98445129394531
0.22509,-0.3923971854264252,39.34799999999999,45.23826599121094
0.21228,-0.0009176932389252,39.234,46.490020751953125
0.22143,-0.0009176932389252,39.42,47.75104522705078
0.2013,-0.3923971854264252,39.34799999999999,49.037818908691406
0.21411,-0.4575827323014252,39.312,50.29197692871094
0.20313,-0.3270895682389252,39.42,51.58802032470703
0.20496,-0.4575827323014252,39.282,52.84904479980469
0.21228,-0.3923971854264252,39.312,54.070587158203125
0.19581,-0.3923971854264252,39.444,55.35804748535156
0.22692,0.0643899239485747,39.288,56.643104553222656
0.20679,-0.5554831229264252,39.408,57.90035247802735
0.22143,-0.2619040213639252,39.45,59.154167175292976
0.21228,-0.3923971854264252,39.3,60.41587829589843
0.20496,-0.3923971854264252,39.36,61.73046112060547
0.20496,-0.4901755057389252,39.36,61.73046112060547
0.20679,-0.5554831229264252,39.402,62.95783996582031
0.20862,-0.5227682791764252,39.27,64.25045013427734
0.21045,-0.3270895682389252,39.426,65.51284790039062
0.20679,-0.5554831229264252,39.33,66.74022674560547
0.2196,0.0643899239485747,39.324,68.0218505859375
0.2013,0.0643899239485747,39.438,69.28424835205078
0.2013,0.0317971505110747,39.438,69.28424835205078
0.22509,-0.4249899588639252,39.306,70.5706787109375
0.21228,-0.4249899588639252,39.264,71.82037353515625
0.21228,-0.2291891776139252,39.264,71.82037353515625
0.22326,-0.5554831229264252,39.42,73.04946899414062
0.20679,-0.5554831229264252,39.294,74.36885833740234
0.21594,-0.4901755057389252,39.34799999999999,75.62541961669922
0.2013,-0.3923971854264252,39.456,76.88987731933594
0.20862,-0.1965964041764252,39.24,78.17630767822266
0.22509,-0.3923971854264252,39.36,79.43218231201172
0.20313,0.0643899239485747,39.42,80.72101593017578
0.22509,-0.1965964041764252,39.306,82.00607299804688
0.20862,-0.4575827323014252,39.42,83.2928466796875
0.21045,-0.5554831229264252,39.34799999999999,84.57687377929688
0.21594,-0.4575827323014252,39.3,85.80596923828125
0.21045,-0.1965964041764252,39.378,87.09239959716797
0.23058,-0.1965964041764252,39.288,88.3743667602539
0.23058,-0.3923971854264252,39.288,88.3743667602539
0.21045,-0.1965964041764252,39.33,89.63436126708984
0.22143,-0.0009176932389252,39.534,90.89916229248048
0.20496,-0.3270895682389252,39.342,92.18524932861328
0.2196,-0.0661032401139252,39.36,93.41194152832033
0.19947,-0.1314108573014252,39.48,94.67296600341795
0.21777,-0.5554831229264252,39.3,95.95699310302734
0.21594,-0.4901755057389252,39.36600000000001,97.23896026611328
0.21228,-0.1314108573014252,39.414,98.49620819091795
0.22875,-0.0009176932389252,39.324,99.78229522705078
0.20862,-0.0335104666764252,39.462,101.0683822631836
0.22326,0.3579690255110748,39.378,102.32940673828124
0.21045,-0.0009176932389252,39.336,103.58871459960938
0.20862,-0.0335104666764252,39.456,104.87754821777344
0.2196,-0.1640036307389252,39.36,106.16363525390624
0.20862,0.1295754708235748,39.384,107.48096466064452
0.21594,0.0317971505110747,39.522,108.70594024658205
0.21045,-0.2291891776139252,39.354000000000006,109.99168395996094
0.22692,0.2927834786360748,39.324,111.2472152709961
0.20496,0.1295754708235748,39.552,112.47665405273438
0.22692,-0.0009176932389252,39.33,113.7359619140625
0.21045,0.2927834786360748,39.34799999999999,115.0217056274414
0.19947,-0.0009176932389252,39.438,116.28684997558594
0.22143,-0.0009176932389252,39.318,117.5423812866211
0.2013,-0.0009176932389252,39.456,118.82606506347656
0.21228,0.2600686348860748,39.468,120.0579071044922
0.21045,0.2600686348860748,39.384,121.31446838378903
0.22509,0.5210549630110748,39.402,122.5960922241211
0.2013,0.6189553536360748,39.120000000000005,123.848876953125
0.19581,0.6841409005110748,38.508,125.05634307861328
0.17751,0.7168557442610748,37.88400000000001,126.29917144775388
0.16287,1.1409280098860748,36.822,127.49256134033205
0.183,1.1409280098860748,36.0,128.6492156982422
0.183,1.0756203926985748,35.21399999999999,129.77703094482422
0.17019,1.0756203926985748,34.152,130.92853546142578
0.16653,0.6841409005110748,33.186,132.0233917236328
0.15189,0.6841409005110748,32.256,133.04683685302734
0.15555,1.0756203926985748,31.338,134.07611846923828
0.17934,1.0756203926985748,30.216,135.06866455078125
0.16104,1.0756203926985748,29.256,136.04061126708984
0.14091,1.0756203926985748,28.47,136.95247650146484
0.14091,0.9125344551985748,28.47,136.95247650146484
0.16287,0.7820412911360748,27.342,137.85919189453125
0.15738,0.8473489083235748,26.334,138.69380950927734
0.14091,0.8146340645735748,25.404,139.5476531982422
0.16653,0.8473489083235748,24.360000000000003,140.3510284423828
0.1464,1.1082131661360748,23.49,141.10015869140625
0.15738,1.2387063301985748,22.278,141.83212280273438
0.1464,1.2387063301985748,21.444000000000003,142.54898071289062
0.1464,1.0756203926985748,21.444000000000003,142.54898071289062
0.15555,0.5210549630110748,20.394,143.22429656982422
0.12627,0.5536477364485748,19.446,143.87523651123047
0.11712,0.7494485176985748,18.474,144.47399139404297
0.13725,0.7494485176985748,17.328,145.05043029785156
0.13725,0.8799416817610748,17.328,145.05043029785156
0.13542,0.6841409005110748,16.362000000000002,145.5849838256836
0.13359,0.6841409005110748,15.546,146.0848617553711
0.10431,1.2387063301985748,14.562,146.56723022460938
0.11712,1.6629006661360748,13.403999999999998,147.02281951904297
0.11895,1.4019143380110748,12.468,147.42347717285156
0.10797,1.2387063301985748,11.658,147.8093719482422
0.10248,1.4670998848860748,10.596,148.1561279296875
0.11163,1.1735207833235748,9.348,148.48159790039062
0.10248,1.6301858223860748,8.531999999999998,148.7607192993164
0.09333,1.7606789864485748,7.643999999999999,149.02164459228516
0.09516,1.5975930489485748,6.69,149.24755096435547
0.08235,1.6301858223860748,5.6160000000000005,149.44496154785156
0.08235,1.6629006661360748,4.542,149.60391998291016
0.07137,1.7932717598860748,3.6,149.73403930664062
0.06771,1.4996926583235748,2.682,149.82433319091797
0.05673,1.5650002755110748,1.872,149.88990783691406
0.07503,1.2714211739485748,0.81,149.9307632446289
0.0915,1.0756203926985748,0.4379999999999999,149.94415283203125
0.08784,1.0756203926985748,0.486,149.95925903320312
0.07503,1.0756203926985748,0.444,149.9747085571289
0.06222,1.2387063301985748,0.468,149.9901580810547
0.06954,1.2387063301985748,0.0959999999999999,149.9970245361328
0.07137,1.2061135567610748,0.0119999999999999,149.9970245361328
0.0732,1.1735207833235748,0.0119999999999999,149.9966812133789
0.0732,1.2061135567610748,0.0119999999999999,149.99805450439453
0.0732,1.1735207833235748,0.0119999999999999,149.99908447265625
0.0732,1.2387063301985748,0.0119999999999999,149.99874114990234
0.07503,1.2061135567610748,0.0119999999999999,149.99908447265625
0.07503,1.0756203926985748,0.0059999999999999,150.00045776367188
0.0732,1.0756203926985748,0.0059999999999999,149.99977111816406
0.07137,1.1082131661360748,0.0059999999999999,150.00011444091797
0.06954,1.2061135567610748,-0.0,150.00045776367188
0.06954,1.1735207833235748,0.0059999999999999,149.99874114990234
0.06954,1.2387063301985748,0.0059999999999999,149.99977111816406
0.06954,1.0756203926985748,-0.0,149.99942779541016
0.05124,1.0756203926985748,-0.0059999999999999,150.0014877319336
-0.0,1.1735207833235748,-0.036,150.00080108642578
-0.05673,1.2387063301985748,-0.4379999999999999,149.99324798583984
-0.11712,1.3691994942610748,-1.4460000000000002,149.96646881103516
-0.13542,1.6629006661360748,-3.174,149.8861312866211
-0.13908,1.6301858223860748,-4.17,149.7652816772461
-0.15189,1.1082131661360748,-5.388000000000001,149.59396362304688
-0.13725,1.1082131661360748,-6.3,149.3972396850586
-0.13725,0.6841409005110748,-6.3,149.3972396850586
-0.15921,0.8473489083235748,-7.062,149.17648315429688
-0.16287,1.2387063301985748,-8.022,148.92414093017578
-0.15555,1.4345071114485748,-8.97,148.64742279052734
-0.14457,1.4019143380110748,-10.037999999999998,148.3315658569336
-0.13908,1.4019143380110748,-10.98,147.98755645751953
-0.15006,1.0756203926985748,-11.796,147.60852813720703
-0.1647,1.2714211739485748,-12.756,147.20993041992188
-0.17019,1.6301858223860748,-13.872,146.78043365478516
-0.17385,1.5975930489485748,-14.784,146.3104248046875
-0.17202,1.3366067208235748,-15.576,145.81363677978516
-0.19398,1.2387063301985748,-16.590000000000003,145.294189453125
-0.17568,1.0756203926985748,-17.729999999999997,144.7390365600586
-0.20496,1.0756203926985748,-18.72,144.17255401611328
-0.18117,1.1735207833235748,-19.698,143.51886749267578
-0.183,0.8799416817610748,-20.586,142.8888702392578
-0.183,0.7820412911360748,-21.546,142.18814849853516
-0.19947,0.8799416817610748,-22.47,141.49188995361328
-0.19032,1.1082131661360748,-23.676,140.7245635986328
-0.20313,1.2387063301985748,-24.594,139.9376678466797
-0.21777,1.2387063301985748,-25.572,139.1480255126953
-0.2013,0.6841409005110748,-26.46,138.3185577392578
-0.21594,0.8146340645735748,-27.51,137.43003845214844
-0.19764,0.6189553536360748,-28.542,136.52572631835938
-0.21777,1.1735207833235748,-29.586,135.58055877685547
-0.21777,0.8799416817610748,-30.384,134.59487915039062
-0.21594,0.9125344551985748,-31.554,133.5992431640625
-0.21411,0.6841409005110748,-32.472,132.60292053222656
-0.21228,1.1409280098860748,-33.37799999999999,131.54308319091797
-0.22326,1.7280862130110748,-34.308,130.43312072753906
-0.22326,1.1082131661360748,-35.436,129.28573608398438
-0.24888,0.6841409005110748,-36.42,128.13560485839844
-0.24156,0.7820412911360748,-37.29,126.98959350585936
-0.22326,0.4231545723860748,-38.214,125.74745178222658
-0.23058,0.5536477364485748,-38.652,124.52178955078124
-0.21228,0.8146340645735748,-38.886,123.25286865234376
-0.22509,0.5863625801985748,-39.06,122.03201293945312
-0.21411,0.3579690255110748,-39.198,120.7184600830078
-0.21045,0.5210549630110748,-39.228,119.443359375
-0.20862,0.6841409005110748,-39.3,118.22147369384764
-0.2013,0.5210549630110748,-39.27,116.96697235107422
-0.22326,0.4231545723860748,-39.396,115.68706512451172
-0.19947,0.1948830880110748,-39.372,114.39960479736328
-0.23241,0.0643899239485747,-39.258,113.1427001953125
-0.21228,0.1948830880110748,-39.378,111.85798645019533
-0.21411,0.4231545723860748,-39.414,110.60245513916016
-0.20496,0.5863625801985748,-39.306,109.33696746826172
-0.20313,0.1948830880110748,-39.42,108.0512237548828
-0.21045,0.3253762520735748,-39.414,106.79328918457033
-0.2196,0.3579690255110748,-39.318,105.56934356689452
-0.21045,0.0643899239485747,-39.432,104.27982330322266
-0.20679,0.2927834786360748,-39.426,102.99476623535156
-0.22509,0.0643899239485747,-39.384,101.73992156982422
-0.20313,-0.0661032401139252,-39.456,100.47992706298828
-0.22143,0.0643899239485747,-39.372,99.1958999633789
-0.21411,0.1948830880110748,-39.39,97.93659210205078
-0.20496,0.1295754708235748,-39.384,96.6463851928711
-0.21228,-0.0009176932389252,-39.318,95.3839874267578
-0.19947,-0.1965964041764252,-39.462,94.1315460205078
-0.21411,-0.3923971854264252,-39.438,92.84236907958984
-0.20679,-0.2291891776139252,-39.324,91.58065795898438
-0.22875,-0.0335104666764252,-39.342,90.30006408691406
-0.20313,0.1295754708235748,-39.42,89.07508850097656
-0.2196,-0.0335104666764252,-39.36600000000001,87.75741577148438
-0.19947,0.1295754708235748,-39.444,86.52591705322266
-0.21045,0.1295754708235748,-39.312,85.2703857421875
-0.21777,0.1295754708235748,-39.318,83.98429870605469
-0.19947,-0.2619040213639252,-39.456,82.74730682373047
-0.21594,-0.2944967948014252,-39.336,81.46224975585938
-0.20862,-0.4575827323014252,-39.34799999999999,80.20500183105469
-0.21228,-0.3923971854264252,-39.396,78.9144515991211
-0.20679,-0.1965964041764252,-39.34799999999999,77.63076782226562
-0.20862,0.1295754708235748,-39.384,76.34742736816406
-0.21228,-0.1640036307389252,-39.324,75.06134033203125
-0.20679,0.0317971505110747,-39.228,73.80168914794922
-0.22509,-0.0009176932389252,-39.378,72.51869201660156
-0.2013,-0.5554831229264252,-39.39,71.22814178466797
-0.21411,-0.3923971854264252,-39.3,69.9386215209961
-0.19398,0.0317971505110747,-39.354000000000006,68.65013122558594
-0.21045,-0.0335104666764252,-39.294,67.39356994628906
-0.21228,-0.2619040213639252,-39.39,66.13529205322266
-0.19764,0.1295754708235748,-39.444,64.87289428710938
-0.22509,-0.0009176932389252,-39.288,63.5943603515625
-0.20496,-0.1314108573014252,-39.378,62.30484008789063
-0.22326,-0.1965964041764252,-39.396,61.04862213134766
-0.21777,-0.0009176932389252,-39.312,59.79206085205077
-0.2196,-0.1314108573014252,-39.36600000000001,58.50975036621094
-0.2013,-0.4901755057389252,-39.414,57.27413177490234
-0.21411,-0.2619040213639252,-39.33,56.01310729980469
-0.19764,-0.2619040213639252,-39.378,54.78984832763672
-0.19764,0.1295754708235748,-39.378,54.78984832763672
-0.20862,-0.3923971854264252,-39.36600000000001,53.52813720703125
-0.20862,-0.3923971854264252,-39.34799999999999,52.23930358886719
-0.20862,0.1295754708235748,-39.34799999999999,52.23930358886719
-0.20313,0.1295754708235748,-39.384,50.98548889160156
-0.21228,-0.0335104666764252,-39.36,49.75811004638672
-0.20862,-0.3270895682389252,-39.3,48.49674224853516
-0.20862,-0.1965964041764252,-39.336,47.247047424316406
-0.20862,-0.5554831229264252,-39.336,45.95993041992188
-0.21411,-0.5554831229264252,-39.34799999999999,44.723968505859375
-0.19947,0.0969826973860747,-39.408,43.46466064453125
-0.2196,0.1295754708235748,-39.33,42.20569610595703
-0.20862,-0.2944967948014252,-39.36600000000001,40.94844818115234
-0.21411,0.1295754708235748,-39.36,39.688453674316406
-0.20862,0.0969826973860747,-39.264,38.441505432128906
-0.22692,0.1295754708235748,-39.36600000000001,37.18597412109375
-0.20496,-0.0009176932389252,-39.408,35.921173095703125
-0.2196,0.2274758614485748,-39.306,34.69791412353516
-0.20862,-0.0009176932389252,-39.378,33.40599060058594
-0.20862,-0.3596823416764252,-39.45,32.14599609375
-0.20862,0.1295754708235748,-39.342,30.888748168945312
-0.21777,0.1295754708235748,-39.384,29.60540771484375
-0.19947,-0.3270895682389252,-39.414,28.37390899658203
-0.20313,0.4884621895735748,-39.318,27.0864486694336
-0.21228,0.5863625801985748,-39.354000000000006,25.835723876953125
-0.20862,0.2274758614485748,-39.33,24.547576904296875
-0.2196,-0.0335104666764252,-39.354000000000006,23.2851791381836
-0.21594,-0.0335104666764252,-39.342,22.00355529785156
-0.21594,0.5210549630110748,-39.342,22.00355529785156
-0.2196,0.1295754708235748,-39.34799999999999,20.715065002441406
-0.19947,-0.1314108573014252,-39.432,19.47944641113281
-0.20862,0.5210549630110748,-39.438,18.222885131835938
-0.21045,0.5536477364485748,-39.36600000000001,16.938858032226562
-0.19947,0.1295754708235748,-39.384,15.67955017089844
-0.22143,0.1295754708235748,-39.396,14.393463134765623
-0.22143,0.5210549630110748,-39.396,14.393463134765623
-0.21411,0.6841409005110748,-39.288,13.138961791992188
-0.22692,0.6841409005110748,-39.354000000000006,11.88446044921875
-0.2013,0.1948830880110748,-39.372,10.590476989746094
-0.22875,0.5210549630110748,-39.264,9.333229064941406
-0.20313,0.6841409005110748,-39.354000000000006,8.104820251464844
-0.21411,0.1295754708235748,-39.318,6.840362548828125
-0.20862,0.6841409005110748,-39.324,5.556678771972656
-0.2196,1.1082131661360748,-39.384,4.300804138183594
-0.20496,0.6841409005110748,-39.288,3.0136871337890625
-0.21594,0.5536477364485748,-39.372,1.7845916748046875
-0.21228,1.0756203926985748,-39.336,0.4998779296875
-0.21045,0.8799416817610748,-39.294,-0.7546234130859375
-0.22509,0.4558694161360748,-39.36,-2.042427062988281
-0.20496,1.0104348458235748,-39.36,-3.3010482788085938
-0.22875,0.9125344551985748,-39.27,-4.561042785644531
-0.20679,0.6189553536360748,-39.36600000000001,-5.820350646972656
-0.21411,0.7168557442610748,-39.408,-7.082061767578125
-0.21045,1.4996926583235748,-39.276,-8.362655639648438
-0.21594,1.2387063301985748,-39.36,-9.618873596191406
-0.20862,0.9451272286360748,-39.34799999999999,-10.913200378417969
-0.2196,1.4345071114485748,-39.306,-12.163925170898438
-0.21411,1.1735207833235748,-39.336,-13.419456481933594
-0.21045,0.6841409005110748,-39.312,-14.738502502441406
-0.22143,1.0756203926985748,-39.34799999999999,-15.966224670410156
-0.20862,1.5650002755110748,-39.36600000000001,-17.282180786132812
-0.21045,0.9451272286360748,-39.27,-18.60706329345703
-0.20862,1.2387063301985748,-39.318,-19.834442138671875
-0.19947,1.6301858223860748,-39.36,-21.12224578857422
-0.22509,1.5324075020735748,-39.246,-22.405929565429688
-0.20496,0.8146340645735748,-39.378,-23.66249084472656
-0.2196,1.1735207833235748,-39.36,-24.949951171875
-0.21594,1.4670998848860748,-39.288,-26.203765869140625
-0.22509,1.3040139473860748,-39.288,-27.43595123291016
-0.21045,1.4019143380110748,-39.318,-28.719291687011715
-0.2196,1.7932717598860748,-39.258,-29.97722625732422
-0.20862,1.7932717598860748,-39.318,-31.26777648925781
-0.20862,1.1735207833235748,-39.324,-32.53223419189453
-0.2196,1.6301858223860748,-39.318,-33.784332275390625
-0.2013,2.054258088011075,-39.414,-35.03986358642578
-0.22143,1.1409280098860748,-39.306,-36.33144378662109
-0.20862,1.6301858223860748,-39.33,-37.6171875
-0.22692,2.250058869261075,-39.318,-38.869285583496094
-0.21594,1.4670998848860748,-39.24,-40.15434265136719
-0.20862,1.7932717598860748,-39.384,-41.441802978515625
-0.21411,2.184751252073575,-39.34799999999999,-42.66986846923828
-0.21411,2.119565705198575,-39.288,-43.98582458496094
-0.20862,1.4019143380110748,-39.354000000000006,-45.221099853515625
-0.20862,1.7280862130110748,-39.39,-46.50203704833984
-0.22143,1.9237649239485748,-39.354000000000006,-47.763404846191406
-0.20496,2.086972931761075,-39.456,-49.049835205078125
-0.22143,1.9890725411360748,-39.396,-50.30845642089844
-0.22326,2.380552033323575,-39.318,-51.59008026123047
-0.21777,2.315244416136075,-39.426,-52.81883239746094
-0.20313,1.9564797676985748,-39.336,-54.07814025878906
-0.21411,2.184751252073575,-39.33,-55.36388397216797
-0.20862,2.315244416136075,-39.36,-56.5957260131836
-0.2013,1.8259866036360748,-39.36,-57.85709381103516
-0.2196,2.184751252073575,-39.444,-59.14318084716797
-0.20313,2.282651642698575,-39.384,-60.39665222167969
-0.23058,2.250058869261075,-39.318,-61.68857574462891
-0.21045,2.315244416136075,-39.432,-62.90874481201172
-0.21777,2.445737580198575,-39.414,-64.2264175415039
-0.21045,2.706723908323575,-39.276,-65.45448303222656
-0.21228,2.347959259886075,-39.396,-66.74297332763672
-0.21411,2.282651642698575,-39.354000000000006,-68.02837371826172
-0.20862,2.217466095823575,-39.33,-69.31480407714844
-0.22143,2.217466095823575,-39.396,-70.6087875366211
-0.22143,2.315244416136075,-39.396,-70.6087875366211
-0.20313,2.184751252073575,-39.336,-71.8948745727539
-0.21228,2.445737580198575,-39.396,-73.18130493164062
-0.20862,2.674131134886075,-39.426,-74.43614959716797
-0.20313,2.706723908323575,-39.378,-75.7565689086914
-0.22326,2.706723908323575,-39.432,-77.0086669921875
-0.20679,2.608823517698575,-39.384,-78.29544067382812
-0.21045,2.608823517698575,-39.372,-79.58221435546875
-0.21045,2.347959259886075,-39.372,-79.58221435546875
-0.21045,2.706723908323575,-39.414,-80.8428955078125
-0.21045,2.706723908323575,-39.336,-82.09774017333984
-0.21045,2.837217072386075,-39.336,-82.09774017333984
-0.21045,2.837217072386075,-39.294,-83.35739135742188
-0.2013,2.869809845823575,-39.426,-84.64862823486328
-0.2196,2.706723908323575,-39.384,-85.90553283691406
-0.20496,2.804624298948575,-39.34799999999999,-87.13359832763672
-0.21228,2.706723908323575,-39.42,-88.39118957519531
-0.20313,2.706723908323575,-39.402,-89.64603424072266
-0.22326,2.543637970823575,-39.36600000000001,-90.93143463134766
-0.21045,2.804624298948575,-39.408,-92.18730926513672
-0.22692,2.706723908323575,-39.378,-93.41812133789062
-0.20679,2.706723908323575,-39.396,-94.6743392944336
-0.21594,2.706723908323575,-39.378,-95.96763610839844
-0.20862,2.837217072386075,-39.372,-97.22454071044922
-0.20679,2.837217072386075,-39.408,-98.48281860351562
-0.21594,2.869809845823575,-39.396,-99.7671890258789
-0.21228,2.706723908323575,-39.36600000000001,-101.08692169189452
-0.22326,2.837217072386075,-39.456,-102.30949401855467
-0.20313,2.706723908323575,-39.45,-103.5955810546875
-0.21777,2.739316681761075,-39.39,-104.88304138183594
-0.20679,2.935117463011075,-39.456,-106.1385726928711
-0.21228,2.869809845823575,-39.36600000000001,-107.36766815185548
-0.21594,2.869809845823575,-39.354000000000006,-108.65375518798828
-0.2013,3.000303009886075,-39.492,-109.9185562133789
-0.2196,2.772031525511075,-39.402,-111.20258331298828
-0.2013,2.706723908323575,-39.438,-112.46257781982422
-0.21411,2.641538361448575,-39.42,-113.74832153320312
-0.20862,2.869809845823575,-39.414,-114.97535705566406
-0.2196,2.869809845823575,-39.438,-116.2298583984375
-0.20496,2.869809845823575,-39.45,-117.51869201660156
-0.20862,2.869809845823575,-39.342,-118.80409240722656
-0.22143,3.098203400511075,-39.402,-120.08399963378903
-0.19215,2.869809845823575,-39.444,-121.34948730468751
-0.21594,2.706723908323575,-39.33,-122.64141082763672
-0.19032,3.130796173948575,-39.168,-123.91960144042967
-0.18849,3.130796173948575,-38.496,-125.18199920654295
-0.18849,2.706723908323575,-38.496,-125.18199920654295
-0.17751,2.608823517698575,-37.728,-126.39701843261716
-0.19032,2.706723908323575,-36.948,-127.60757446289062
-0.17202,2.608823517698575,-35.952000000000005,-128.76079559326172
-0.16653,2.184751252073575,-34.962,-129.91573333740234
-0.15555,2.413144806761075,-34.116,-131.0672378540039
-0.15555,2.641538361448575,-33.138,-132.11162567138672
-0.16653,2.641538361448575,-32.094,-133.16871643066406
-0.16653,2.869809845823575,-32.094,-133.16871643066406
-0.16653,2.967710236448575,-31.122,-134.18804168701172
-0.14091,2.706723908323575,-30.246,-135.19672393798828
-0.17385,2.706723908323575,-29.142000000000003,-136.153564453125
-0.15372,2.706723908323575,-28.242,-137.06096649169922
-0.16653,2.478330353636075,-27.36,-137.9275131225586
-0.12993,2.641538361448575,-26.358,-138.79852294921875
-0.16287,2.641538361448575,-25.14,-139.647216796875
-0.15189,2.641538361448575,-24.252,-140.42037963867188
-0.15189,2.706723908323575,-24.252,-140.42037963867188
-0.13908,2.608823517698575,-23.274,-141.18083953857422
-0.12261,2.772031525511075,-22.464,-141.92859649658203
-0.12627,2.380552033323575,-21.324,-142.613525390625
-0.13908,2.869809845823575,-20.28,-143.29261779785156
-0.14823,2.869809845823575,-19.248,-143.93016815185547
-0.12993,3.000303009886075,-18.312,-144.52754974365234
-0.11529,2.935117463011075,-17.448,-145.09334564208984
-0.11895,2.869809845823575,-16.499999999999996,-145.62618255615234
-0.11163,2.706723908323575,-15.348,-146.14734649658203
-0.12078,2.706723908323575,-14.28,-146.60911560058594
-0.11529,2.380552033323575,-13.422,-147.0526885986328
-0.11346,2.413144806761075,-12.456,-147.4753189086914
-0.11346,2.576230744261075,-11.37,-147.8488540649414
-0.11712,2.837217072386075,-10.506,-148.17707061767578
-0.10065,2.674131134886075,-9.702,-148.49498748779297
-0.08601,2.608823517698575,-8.585999999999999,-148.7940216064453
-0.08052,2.641538361448575,-7.452000000000001,-149.04945373535156
-0.08784,2.608823517698575,-6.438,-149.2609405517578
-0.08601,2.511045197386075,-5.43,-149.4466781616211
-0.08601,2.706723908323575,-4.595999999999999,-149.59911346435547
-0.07503,2.706723908323575,-3.432,-149.72408294677734
-0.06771,2.772031525511075,-2.7180000000000004,-149.82158660888672
-0.06771,2.706723908323575,-1.7939999999999998,-149.88750457763672
-0.06771,2.706723908323575,-1.158,-149.930419921875
-0.04026,2.706723908323575,-1.008,-149.9637222290039
-0.0549,2.739316681761075,-0.288,-149.9798583984375
-0.06771,2.869809845823575,-0.042,-149.98329162597656
-0.06954,2.869809845823575,-0.042,-149.9856948852539
-0.07503,2.869809845823575,-0.054,-149.9856948852539
-0.07869,2.869809845823575,-0.036,-149.98706817626953
-0.07686,2.869809845823575,-0.054,-149.98878479003906
-0.07503,2.869809845823575,-0.06,-149.9915313720703
-0.07686,2.869809845823575,-0.042,-149.99221801757812
-0.07869,2.869809845823575,-0.03,-149.99496459960938
-0.07869,2.869809845823575,-0.0239999999999999,-149.99462127685547
-0.07869,2.869809845823575,-0.0119999999999999,-149.99530792236328
-0.08235,2.869809845823575,-0.0119999999999999,-149.99530792236328
-0.08235,2.869809845823575,-0.0119999999999999,-149.9966812133789
-0.08418,2.804624298948575,-0.018,-149.99771118164062
-0.08052,2.869809845823575,-0.0239999999999999,-149.99839782714844
-0.08418,2.869809845823575,-0.018,-149.99805450439453
-0.07869,2.869809845823575,-0.0,-149.99805450439453
-0.06405,2.869809845823575,0.0119999999999999,-149.99874114990234
-0.06405,2.706723908323575,0.0119999999999999,-149.99874114990234
-0.00915,2.869809845823575,0.078,-149.996337890625
0.05307,2.706723908323575,0.522,-149.98947143554688
0.11163,2.706723908323575,1.32,-149.96028900146484
0.16287,2.315244416136075,2.9160000000000004,-149.88853454589844
0.15372,2.282651642698575,4.595999999999999,-149.75704193115234
0.13176,2.315244416136075,5.706,-149.5901870727539
0.12627,2.315244416136075,6.564,-149.38934326171875
0.1464,2.739316681761075,7.421999999999999,-149.16343688964844
0.15189,2.706723908323575,8.118,-148.9028549194336
0.15921,2.772031525511075,8.861999999999998,-148.62133026123047
0.1464,2.869809845823575,9.906,-148.31439971923828
0.15372,2.739316681761075,10.944,-147.97794342041016
0.15006,2.706723908323575,12.036,-147.6006317138672
0.16653,2.706723908323575,12.864,-147.19104766845703
0.17385,2.706723908323575,13.674,-146.7550277709961
0.18483,2.608823517698575,14.861999999999998,-146.29188537597656
0.1647,2.315244416136075,16.014,-145.80093383789062
0.17568,2.706723908323575,16.722,-145.26878356933594
0.17751,2.706723908323575,17.723999999999997,-144.70951080322266
0.19764,2.869809845823575,18.762,-144.10663604736328
0.19947,2.706723908323575,19.674,-143.4917449951172
0.19398,2.869809845823575,20.664,-142.8215789794922
0.18483,2.739316681761075,21.786,-142.14866638183594
0.18483,2.739316681761075,22.704000000000004,-141.44107818603516
0.19581,2.706723908323575,23.658,-140.69263458251953
0.21045,2.706723908323575,24.564,-139.90711212158203
0.21777,2.641538361448575,25.566,-139.09412384033203
0.19947,2.315244416136075,26.688,-138.24886322021484
0.21594,2.739316681761075,27.654,-137.3565673828125
0.20496,2.315244416136075,28.512,-136.48109436035156
0.2196,2.674131134886075,29.46,-135.52906036376953
0.22509,2.315244416136075,30.624,-134.56226348876953
0.2196,2.739316681761075,31.542,-133.55083465576172
0.2196,2.869809845823575,32.448,-132.5442123413086
0.21411,3.098203400511075,33.504,-131.45828247070312
0.21777,2.869809845823575,34.49399999999999,-130.36823272705078
0.2379,2.315244416136075,35.472,-129.2273712158203
0.23607,2.315244416136075,36.372,-128.0792999267578
0.22509,2.347959259886075,37.51199999999999,-126.8642807006836
0.23973,2.608823517698575,38.316,-125.67089080810548
0.23973,2.250058869261075,39.396,-124.37381744384766
0.23607,2.804624298948575,40.488,-123.08910369873048
0.22326,2.837217072386075,41.148,-121.7841339111328
0.21228,2.576230744261075,41.706,-120.4273223876953
0.21228,2.772031525511075,42.03,-119.0928268432617
0.22143,2.869809845823575,42.066,-117.7181625366211
0.21411,2.869809845823575,42.27,-116.40460968017578
0.20862,2.804624298948575,42.24,-115.02891540527344
0.21228,2.706723908323575,42.192,-113.65047454833984
0.20496,2.869809845823575,42.438,-112.2970962524414
0.21777,2.935117463011075,42.3,-110.91419219970705
0.22326,2.706723908323575,42.432,-109.5330047607422
0.2196,2.706723908323575,42.456,-108.1827163696289
0.21594,2.869809845823575,42.36,-106.79603576660156
0.21045,2.869809845823575,42.486,-105.47046661376952
0.21411,2.804624298948575,42.438,-104.08653259277344
0.21594,2.804624298948575,42.378,-102.733154296875
0.21594,2.706723908323575,42.378,-102.733154296875
0.21594,2.935117463011075,42.492,-101.348876953125
0.23058,2.804624298948575,42.37200000000001,-99.9591064453125
0.21594,2.739316681761075,42.48,-98.60401153564452
0.20862,2.837217072386075,42.42,-97.2231674194336
0.21411,2.935117463011075,42.348,-95.83614349365234
0.20862,2.804624298948575,42.510000000000005,-94.44740295410156
0.21594,2.739316681761075,42.37200000000001,-93.12423706054688
0.22326,2.739316681761075,42.438,-91.7035675048828
0.21411,2.869809845823575,42.456,-90.37971496582033
0.20679,2.706723908323575,42.3,-89.02359008789062
0.21045,2.706723908323575,42.444,-87.66952514648438
0.21045,2.706723908323575,42.384,-86.31099700927734
0.21045,2.837217072386075,42.384,-86.31099700927734
0.2196,2.837217072386075,42.384,-84.96002197265625
0.21045,2.837217072386075,42.546,-83.60149383544922
0.21045,2.706723908323575,42.546,-83.60149383544922
0.20862,2.804624298948575,42.37200000000001,-82.2158432006836
0.20862,2.804624298948575,42.48,-80.83259582519531
0.20862,2.543637970823575,42.48,-80.83259582519531
0.20679,2.706723908323575,42.384,-79.50496673583984
0.21777,2.739316681761075,42.36,-78.08979034423828
0.19947,2.576230744261075,42.510000000000005,-76.70551300048828
0.2196,2.674131134886075,42.348,-75.38372039794922
0.21777,2.413144806761075,42.402,-73.99772644042969
0.20313,2.869809845823575,42.474,-72.6141357421875
0.20679,2.511045197386075,42.36599999999999,-71.25663757324219
0.21594,2.217466095823575,42.456,-69.90428924560547
0.22326,2.543637970823575,42.396,-68.57975006103516
0.22143,2.543637970823575,42.438,-67.19615936279297
0.22143,2.478330353636075,42.438,-67.19615936279297
0.2013,2.315244416136075,42.45,-65.84312438964844
0.21411,2.184751252073575,42.318,-64.52030181884766
0.21228,2.184751252073575,42.438,-63.1658935546875
0.21045,2.511045197386075,42.396,-61.77818298339844
0.22326,2.380552033323575,42.282,-60.42789459228516
0.21228,2.119565705198575,42.510000000000005,-59.073829650878906
0.21045,2.217466095823575,42.336,-57.74963378906249
0.21594,2.315244416136075,42.378,-56.365699768066406
0.21045,2.315244416136075,42.504000000000005,-55.006141662597656
0.22143,1.9564797676985748,42.312000000000005,-53.68366241455078
0.20679,1.9564797676985748,42.426,-52.32753753662109
0.20679,1.8911721505110748,42.426,-52.32753753662109
0.20496,2.380552033323575,42.348,-50.97175598144531
0.21228,2.282651642698575,42.36599999999999,-49.58610534667969
0.21045,1.7932717598860748,42.474,-48.29143524169922
0.21411,1.9564797676985748,42.33,-46.90509796142578
0.2013,2.315244416136075,42.37200000000001,-45.550689697265625
0.21228,2.315244416136075,42.456,-44.22924041748047
0.21777,2.315244416136075,42.396,-42.87277221679688
0.21777,1.6954934395735748,42.396,-42.87277221679688
0.22326,1.7280862130110748,42.438,-41.45519256591797
0.21411,1.7280862130110748,42.36,-40.10044097900391
0.21411,2.315244416136075,42.36,-40.10044097900391
0.21045,2.152158478636075,42.42,-38.71513366699219
0.18483,1.4670998848860748,42.528,-37.35523223876953
0.21228,1.5650002755110748,42.276,-35.97747802734375
0.21411,1.8585793770735748,42.36,-34.617919921875
0.2196,2.021665314573575,42.342,-33.228492736816406
0.21594,1.2387063301985748,42.348,-31.9097900390625
0.20313,1.2387063301985748,42.45,-30.52894592285157
0.21228,1.9564797676985748,42.288,-29.169044494628903
0.21411,1.6301858223860748,42.35399999999999,-27.78305053710937
0.21228,1.2387063301985748,42.37200000000001,-26.39842987060547
0.23607,1.2061135567610748,42.27,-25.045394897460938
0.22326,1.4019143380110748,42.396,-23.661460876464844
0.20862,1.4670998848860748,42.336,-22.30499267578125
0.21045,1.3691994942610748,42.35399999999999,-20.94955444335937
0.20496,1.3691994942610748,42.42,-19.56390380859375
0.20496,1.0756203926985748,42.42,-19.56390380859375
0.22143,1.2387063301985748,42.21,-18.21395874023437
0.22326,1.4345071114485748,42.348,-16.822128295898438
0.22143,1.4345071114485748,42.36599999999999,-15.44300079345703
0.22143,1.0430276192610748,42.312000000000005,-14.051856994628906
0.20862,0.7168557442610748,42.432,-12.670669555664062
0.21411,1.6301858223860748,42.258,-11.34441375732422
0.20496,1.4670998848860748,42.35399999999999,-9.92889404296875
0.21594,1.4670998848860748,42.462,-8.601264953613281
0.21594,0.7494485176985748,42.462,-8.601264953613281
0.22326,0.5536477364485748,42.24,-7.254753112792968
0.21045,0.5536477364485748,42.39,-5.8975982666015625
0.21045,1.2387063301985748,42.39,-5.8975982666015625
0.20862,1.2387063301985748,42.36,-4.539756774902344
0.21045,0.6841409005110748,42.324,-3.1541061401367188
0.21777,0.5210549630110748,42.432,-1.8007278442382812
0.23058,0.5210549630110748,42.252,-0.4446029663085937
0.23058,1.2387063301985748,42.252,-0.4446029663085937
0.21594,1.1735207833235748,42.37200000000001,0.943450927734375
0.21045,0.5536477364485748,42.444,2.3012924194335938
0.21228,0.5210549630110748,42.3,3.619651794433593
0.20496,0.9451272286360748,42.426,5.008392333984375
0.22143,1.0756203926985748,42.294,6.365890502929688
0.21777,0.3905617989485748,42.324,7.71892547607422
0.20862,0.1295754708235748,42.426,9.09942626953125
0.21594,0.1295754708235748,42.294,10.489540100097656
0.21594,0.6189553536360748,42.294,10.489540100097656
0.20496,0.6189553536360748,42.408,11.814079284667969
0.21228,0.2600686348860748,42.35399999999999,13.198356628417969
0.2196,0.1295754708235748,42.324,14.548301696777344
0.21777,0.5210549630110748,42.456,15.938072204589842
0.21228,0.5210549630110748,42.33,17.293853759765625
0.21411,0.2927834786360748,42.35399999999999,18.61186981201172
0.21228,0.0317971505110747,42.504000000000005,19.992713928222656
0.23058,0.4231545723860748,42.336,21.37802124023437
0.22143,0.5210549630110748,42.492,22.73517608642578
0.21411,0.5210549630110748,42.378,24.12666320800781
0.21411,0.3579690255110748,42.378,24.12666320800781
0.21411,0.0643899239485747,42.36599999999999,25.445709228515625
0.20679,-0.1640036307389252,42.462,26.897964477539062
0.2196,0.3579690255110748,42.3,28.219757080078125
0.2196,0.5210549630110748,42.408,29.63733673095703
0.2196,-0.1640036307389252,42.426,30.99140167236328
0.2196,-0.1640036307389252,42.35399999999999,32.4041748046875
0.22692,0.1295754708235748,42.45,33.7884521484375
0.21411,0.4231545723860748,42.318,35.11402130126953
0.21045,-0.2619040213639252,42.408,36.49967193603516
0.20679,-0.4575827323014252,42.486,37.85442352294922
0.22326,0.1295754708235748,42.336,39.23629760742188
0.22143,0.0643899239485747,42.498,40.56529998779297
0.2196,-0.2619040213639252,42.324,41.98768615722656
0.21411,-0.2944967948014252,42.294,43.30501556396485
0.20496,-0.0009176932389252,42.432,44.69169616699219
0.21411,-0.0009176932389252,42.258,46.05297088623047
0.21411,-0.1965964041764252,42.342,47.434844970703125
0.2196,-0.3270895682389252,42.444,48.75835418701172
0.21777,-0.0009176932389252,42.318,50.11138916015625
0.19947,-0.0009176932389252,42.444,51.46888732910156
0.21594,-0.1965964041764252,42.318,52.7944564819336
0.22326,-0.4575827323014252,42.378,54.20757293701172
0.21594,-0.1640036307389252,42.456,55.53382873535156
0.21594,-0.1314108573014252,42.312000000000005,56.88343048095703
0.21594,-0.3270895682389252,42.42,58.24092864990234
0.2196,-0.3923971854264252,42.45,59.62760925292969
0.22509,-0.2291891776139252,42.36,60.97721099853515
0.2196,-0.5554831229264252,42.474,62.33402252197265
0.21045,-0.3923971854264252,42.3,63.725852966308594
0.21045,-0.4901755057389252,42.396,65.07408142089844
0.20862,-0.5554831229264252,42.462,66.4614486694336
0.23058,-0.3923971854264252,42.264,67.8131103515625
0.22326,-0.0661032401139252,42.474,69.19979095458984
0.2196,-0.3923971854264252,42.33,70.5208969116211
0.2196,-0.4575827323014252,42.324,71.90689086914062
0.20862,-0.3923971854264252,42.45,73.26473236083984
0.21594,-0.1965964041764252,42.318,74.64866638183594
0.22875,-0.4901755057389252,42.402,75.97148895263672
0.22143,-0.5554831229264252,42.408,77.38666534423828
0.22509,-0.3923971854264252,42.27,78.70948791503906
0.21594,-0.1640036307389252,42.402,80.09479522705078
0.21411,-0.3923971854264252,42.33,81.48387908935547
0.21777,-0.5554831229264252,42.37200000000001,82.83485412597656
0.21594,-0.1314108573014252,42.48,84.16179656982422
0.23424,0.0317971505110747,42.294,85.54882049560547
0.21045,-0.3923971854264252,42.414,86.90391540527344
0.20862,-0.3923971854264252,42.36599999999999,88.28716278076172
0.21594,0.0969826973860747,42.324,89.64122772216797
0.20496,-0.0661032401139252,42.552,91.0320281982422
0.22875,-0.3596823416764252,42.336,92.35588073730467
0.22875,-0.2619040213639252,42.414,93.77208709716795
0.21045,0.1295754708235748,42.432,95.09525299072266
0.21411,-0.0009176932389252,42.35399999999999,96.45034790039062
0.21045,-0.2291891776139252,42.486,97.83462524414062
0.2196,-0.0986960135514252,42.396,99.15950775146484
0.22509,-0.0986960135514252,42.396,100.54309844970705
0.22509,0.1622903145735748,42.396,100.54309844970705
0.22509,0.1295754708235748,42.546,101.9634246826172
0.21594,-0.3270895682389252,42.336,103.28418731689452
0.21411,-0.1965964041764252,42.498,104.6389389038086
0.20679,0.0643899239485747,42.456,106.02149963378906
0.22143,0.0643899239485747,42.378,107.34638214111328
0.22509,0.1295754708235748,42.558,108.73306274414062
0.22143,-0.0009176932389252,42.36599999999999,110.08609771728516
0.21411,0.2600686348860748,42.42,111.47037506103516
0.20679,0.1295754708235748,42.498,112.8289031982422
0.21228,0.2927834786360748,42.35399999999999,114.1802215576172
0.23424,0.0317971505110747,42.462,115.50235748291016
0.22692,0.1295754708235748,42.348,116.85539245605467
0.2196,0.2274758614485748,42.37200000000001,118.23966979980467
0.19947,0.1948830880110748,42.324,119.58927154541016
0.20496,0.2927834786360748,41.61,120.8935546875
0.20313,0.6515481270735748,40.896,122.23834991455078
0.17751,0.5210549630110748,40.086000000000006,123.52855682373048
0.19947,0.6189553536360748,39.108,124.76280212402342
0.18117,0.6189553536360748,38.274,126.04888916015624
0.18117,0.6841409005110748,37.332,127.22545623779295
0.17019,0.5210549630110748,36.348,128.4185028076172
0.17202,0.5863625801985748,35.49,129.5566177368164
0.1647,0.5863625801985748,34.428000000000004,130.69232940673828
0.17202,0.4884621895735748,33.37799999999999,131.77379608154297
0.15372,1.2387063301985748,32.496,132.80101776123047
0.14823,0.9451272286360748,31.638,133.83716583251953
0.15738,0.7494485176985748,30.468,134.81975555419922
0.16836,1.2387063301985748,29.574,135.8026885986328
0.15189,1.2387063301985748,28.638,136.73995971679688
0.1464,1.3691994942610748,27.708,137.61234283447266
0.14457,1.0756203926985748,26.544,138.49811553955078
0.1647,1.1409280098860748,25.65,139.3560791015625
0.1281,1.3040139473860748,24.654000000000003,140.15602111816406
0.12444,1.0756203926985748,23.802,140.92266082763672
0.14457,1.2387063301985748,22.47,141.67144775390625
0.1464,1.0756203926985748,21.666,142.38452911376953
0.12993,1.2387063301985748,20.676,143.05984497070312
0.12261,1.3366067208235748,19.692,143.7128448486328
0.13176,1.0756203926985748,18.72,144.32430267333984
0.1281,1.0756203926985748,17.652,144.88082885742188
0.1281,0.6189553536360748,16.686,145.43701171875
0.12444,0.7168557442610748,15.828,145.94444274902344
0.12078,1.0104348458235748,14.88,146.44363403320312
0.11346,1.0756203926985748,13.704,146.90093994140625
0.12444,1.3691994942610748,12.66,147.32013702392578
0.10614,1.2387063301985748,11.946,147.69641876220703
0.10248,1.4996926583235748,10.854,148.07098388671875
0.10248,1.4019143380110748,9.653999999999998,148.3919906616211
0.09882,1.2387063301985748,8.735999999999999,148.68656158447266
0.10065,1.2714211739485748,8.028,148.95126342773438
0.08052,1.3040139473860748,6.99,149.18128967285156
0.07503,1.3691994942610748,5.892,149.39552307128906
0.07869,1.4996926583235748,4.824,149.5675277709961
0.06588,1.4996926583235748,3.93,149.70245361328125
0.06588,1.4345071114485748,3.93,149.70245361328125
0.0732,1.6301858223860748,2.862,149.8047637939453
0.0549,1.6301858223860748,1.992,149.8806381225586
0.06954,1.6301858223860748,0.996,149.9252700805664
0.09333,1.6301858223860748,0.408,149.9407196044922
0.09333,1.2387063301985748,0.408,149.9407196044922
0.09333,1.1735207833235748,0.486,149.95376586914062
0.08418,1.1082131661360748,0.474,149.96990203857422
0.06954,1.0756203926985748,0.456,149.98432159423828
0.06039,1.2387063301985748,0.264,149.99496459960938
0.06954,1.2387063301985748,0.0239999999999999,149.99805450439453
0.0732,1.2387063301985748,0.018,149.9959945678711
0.06954,1.2387063301985748,0.0119999999999999,149.99977111816406
0.0732,1.2387063301985748,0.0059999999999999,149.99908447265625
0.06954,1.2387063301985748,0.0059999999999999,150.00045776367188
0.0732,1.2387063301985748,0.0119999999999999,149.99942779541016
0.07503,1.2387063301985748,0.0059999999999999,149.99908447265625
0.07137,1.1082131661360748,0.0059999999999999,149.99908447265625
0.06954,1.0756203926985748,0.0059999999999999,150.00080108642578
0.06954,1.2387063301985748,-0.0,149.99908447265625
0.06954,1.2387063301985748,-0.0,149.99874114990234
0.06954,1.1082131661360748,0.0059999999999999,149.99908447265625
0.06954,1.1735207833235748,-0.0,149.99839782714844
0.06771,1.0756203926985748,-0.0,149.99839782714844
0.06039,1.2061135567610748,-0.0059999999999999,149.99977111816406
0.04026,1.2387063301985748,-0.0119999999999999,149.99908447265625
-0.00549,1.2387063301985748,-0.066,150.00011444091797
-0.07869,1.2387063301985748,-0.6779999999999999,149.98809814453125
-0.13359,1.7606789864485748,-2.136,149.9468994140625
-0.13176,1.6629006661360748,-3.48,149.84527587890625
-0.14457,1.7932717598860748,-4.692,149.71446990966797
-0.13542,1.3691994942610748,-5.802,149.52838897705078
-0.14091,1.3691994942610748,-6.618,149.32823181152344
-0.14091,1.3040139473860748,-6.618,149.32823181152344
-0.14091,1.7932717598860748,-7.428000000000001,149.095458984375
-0.15372,1.9564797676985748,-8.34,148.83522033691406
-0.16104,2.054258088011075,-9.306,148.55369567871094
-0.1464,1.6301858223860748,-10.368,148.22582244873047
-0.14823,1.2061135567610748,-11.208,147.8814697265625
-0.15372,1.0756203926985748,-12.048000000000002,147.5020980834961
-0.1647,1.1735207833235748,-13.08,147.0962905883789
-0.17568,1.1735207833235748,-14.112000000000002,146.6558074951172
-0.17568,1.1082131661360748,-14.112000000000002,146.6558074951172
-0.16287,1.3691994942610748,-14.964,146.17961883544922
-0.183,1.3691994942610748,-15.792000000000002,145.67699432373047
-0.183,1.0756203926985748,-15.792000000000002,145.67699432373047
-0.183,1.2061135567610748,-16.974,145.13626098632812
-0.18483,1.1409280098860748,-18.036,144.5859146118164
-0.18117,0.9451272286360748,-19.05,143.97754669189453
-0.17568,1.1409280098860748,-19.95,143.33484649658203
-0.18849,1.0756203926985748,-21.024,142.6633071899414
-0.19764,0.8473489083235748,-21.816000000000003,141.96910858154297
-0.20862,1.4345071114485748,-22.938,141.2244415283203
-0.183,1.4019143380110748,-23.946,140.4608917236328
-0.19398,1.4019143380110748,-24.93,139.66781616210938
-0.22143,1.2714211739485748,-25.866,138.83251190185547
-0.20496,1.2714211739485748,-26.844,138.00579071044922
-0.20496,1.2387063301985748,-26.844,138.00579071044922
-0.21594,1.3691994942610748,-27.954,137.0870590209961
-0.20313,1.4019143380110748,-28.926,136.17313385009766
-0.21411,1.4019143380110748,-29.952,135.1596450805664
-0.23607,1.5324075020735748,-30.792,134.16950225830078
-0.22509,0.7820412911360748,-31.950000000000003,133.14022064208984
-0.22509,1.1735207833235748,-32.99999999999999,132.06493377685547
-0.23607,1.3040139473860748,-33.78,130.97042083740234
-0.24705,1.2387063301985748,-34.89,129.9020004272461
-0.23241,0.8146340645735748,-35.916,128.71788024902344
-0.22875,0.1295754708235748,-36.81,127.57495880126952
-0.23424,0.1622903145735748,-37.92,126.37298583984376
-0.23241,0.7168557442610748,-38.886,125.1177978515625
-0.25254,0.6841409005110748,-39.75,123.8272476196289
-0.2379,0.6841409005110748,-40.794,122.53772735595705
-0.22509,0.7494485176985748,-41.478,121.2557601928711
-0.23424,0.6841409005110748,-41.778,119.89139556884768
-0.2196,0.3905617989485748,-42.024,118.5531234741211
-0.21411,0.6841409005110748,-42.102,117.1794891357422
-0.21594,0.7494485176985748,-42.288,115.80345153808594
-0.22326,0.5210549630110748,-42.27,114.48646545410156
-0.23241,0.1295754708235748,-42.228,113.10115814208984
-0.22875,0.2600686348860748,-42.336,111.7206573486328
-0.21594,0.5210549630110748,-42.33,110.3689956665039
-0.21045,0.5210549630110748,-42.342,108.9847183227539
-0.21045,0.5863625801985748,-42.342,108.9847183227539
-0.20862,0.1295754708235748,-42.414,107.63408660888672
-0.20862,0.1295754708235748,-42.342,106.24500274658205
-0.23607,0.1622903145735748,-42.35399999999999,104.92835998535156
-0.21777,0.0969826973860747,-42.462,103.56983184814452
-0.21777,0.1295754708235748,-42.378,102.1831512451172
-0.21045,0.1295754708235748,-42.48,100.82805633544922
-0.21411,-0.0009176932389252,-42.402,99.4430923461914
-0.22143,-0.0009176932389252,-42.432,98.08868408203124
-0.22143,0.1295754708235748,-42.492,96.7294692993164
-0.20496,-0.0009176932389252,-42.36,95.37094116210938
-0.21228,-0.0009176932389252,-42.438,93.99284362792967
-0.20679,-0.0009176932389252,-42.444,92.63328552246094
-0.21228,0.0643899239485747,-42.36,91.24935150146484
-0.21777,-0.0661032401139252,-42.468,89.9227523803711
-0.23058,0.0317971505110747,-42.402,88.54019165039062
-0.21594,0.1295754708235748,-42.402,87.18578338623047
-0.20496,-0.0335104666764252,-42.426,85.79944610595703
-0.20862,-0.2291891776139252,-42.384,84.44091796875
-0.21594,-0.0335104666764252,-42.45,83.12496185302734
-0.22509,0.1295754708235748,-42.402,81.73416137695312
-0.22326,-0.0009176932389252,-42.378,80.3818130493164
-0.20862,-0.1314108573014252,-42.39,78.9920425415039
-0.21777,0.0643899239485747,-42.37200000000001,77.63900756835938
-0.21045,0.1295754708235748,-42.36599999999999,76.25679016113281
-0.21594,-0.1640036307389252,-42.36599999999999,74.86839294433594
-0.21411,-0.1640036307389252,-42.342,73.47862243652344
-0.22509,0.1295754708235748,-42.402,72.1636962890625
-0.21594,0.1295754708235748,-42.37200000000001,70.77392578125
-0.21594,-0.0009176932389252,-42.37200000000001,70.77392578125
-0.2196,-0.1314108573014252,-42.396,69.35874938964844
-0.21411,-0.1314108573014252,-42.378,67.96966552734375
-0.21411,-0.3923971854264252,-42.378,67.96966552734375
-0.21777,-0.0009176932389252,-42.294,66.61903381347656
-0.21228,0.0317971505110747,-42.426,65.26702880859375
-0.21777,-0.3923971854264252,-42.37200000000001,63.87863159179687
-0.22509,-0.0986960135514252,-42.318,62.48989105224609
-0.22509,-0.0661032401139252,-42.384,61.107330322265625
-0.21777,0.0643899239485747,-42.342,59.71893310546875
-0.21045,0.0317971505110747,-42.408,58.34117889404297
-0.21228,-0.3923971854264252,-42.36599999999999,56.97990417480469
-0.21228,-0.3596823416764252,-42.396,55.592193603515625
-0.22692,0.1295754708235748,-42.456,54.24190521240234
-0.23241,0.1295754708235748,-42.3,52.852821350097656
-0.2196,-0.2619040213639252,-42.348,51.46991729736328
-0.20862,-0.5554831229264252,-42.39,50.1416015625
-0.21045,0.0969826973860747,-42.342,48.75457763671875
-0.21045,0.2274758614485748,-42.408,47.401885986328125
-0.21411,-0.2944967948014252,-42.348,46.01863861083984
-0.2196,-0.5227682791764252,-42.396,44.62680816650391
-0.20862,0.1295754708235748,-42.414,43.29883575439453
-0.21594,0.1295754708235748,-42.294,41.9179916381836
-0.20313,-0.0009176932389252,-42.336,40.563926696777344
-0.20679,-0.3923971854264252,-42.36599999999999,39.20299530029297
-0.21777,0.0317971505110747,-42.336,37.82215118408203
-0.2196,0.2600686348860748,-42.396,36.50070190429688
-0.21045,-0.0009176932389252,-42.342,35.11608123779297
-0.20862,-0.0009176932389252,-42.42,33.73008728027344
-0.21045,0.2274758614485748,-42.510000000000005,32.341346740722656
-0.21228,0.5210549630110748,-42.408,30.98831176757813
-0.21228,0.1948830880110748,-42.438,29.57313537597656
-0.21411,-0.0009176932389252,-42.426,28.21392059326172
-0.22143,-0.0335104666764252,-42.426,26.828269958496094
-0.2196,0.5863625801985748,-42.42,25.440902709960938
-0.21228,0.5210549630110748,-42.3,24.08924102783203
-0.21228,0.1948830880110748,-42.318,22.70427703857422
-0.2196,-0.2291891776139252,-42.36,21.38385772705078
-0.23058,0.6189553536360748,-42.39,19.99958038330078
-0.22509,0.6841409005110748,-42.462,18.649978637695312
-0.2196,0.1948830880110748,-42.42,17.26055145263672
-0.20862,0.0317971505110747,-42.48,15.900650024414062
-0.20862,0.5210549630110748,-42.444,14.517059326171877
-0.21777,0.7494485176985748,-42.33,13.131065368652344
-0.22875,0.5863625801985748,-42.306,11.781120300292969
-0.22875,0.0317971505110747,-42.402,10.4534912109375
-0.2196,0.6841409005110748,-42.384,9.097023010253906
-0.21777,1.0756203926985748,-42.336,7.713432312011719
-0.2196,0.6841409005110748,-42.306,6.3892364501953125
-0.22143,0.1295754708235748,-42.396,5.002212524414063
-0.22326,0.6841409005110748,-42.414,3.6471176147460938
-0.22143,1.1409280098860748,-42.306,2.260093688964844
-0.21411,0.9125344551985748,-42.36,0.907745361328125
-0.21228,0.2600686348860748,-42.336,-0.476531982421875
-0.21045,0.7168557442610748,-42.42,-1.87042236328125
-0.22692,1.0756203926985748,-42.342,-3.187408447265625
-0.23058,1.1409280098860748,-42.282,-4.604301452636719
-0.23424,0.7494485176985748,-42.396,-5.9882354736328125
-0.20313,0.6189553536360748,-42.408,-7.322731018066406
-0.21411,1.0756203926985748,-42.288,-8.703575134277344
-0.21411,1.4345071114485748,-42.348,-10.057296752929688
-0.21411,0.8473489083235748,-42.348,-11.441574096679688
-0.23241,0.7494485176985748,-42.426,-12.798385620117188
-0.21411,1.0756203926985748,-42.414,-14.122238159179688
-0.21045,1.3691994942610748,-42.3,-15.475959777832031
-0.21045,1.3040139473860748,-42.37200000000001,-16.89044952392578
-0.21045,0.6841409005110748,-42.432,-18.253097534179688
-0.22692,1.4345071114485748,-42.342,-19.57042694091797
-0.21411,1.7932717598860748,-42.36,-20.925521850585938
-0.21045,1.3691994942610748,-42.276,-22.312889099121094
-0.21228,0.8799416817610748,-42.36,-23.664894104003903
-0.21777,1.5650002755110748,-42.36599999999999,-25.053634643554688
-0.22326,1.8585793770735748,-42.336,-26.43585205078125
-0.2379,1.8585793770735748,-42.342,-27.789230346679688
-0.2196,1.1409280098860748,-42.33,-29.210243225097653
-0.21411,1.6301858223860748,-42.348,-30.531005859375
-0.21411,1.6301858223860748,-42.36599999999999,-31.915969848632816
-0.21411,1.9890725411360748,-42.36599999999999,-31.915969848632816
-0.22326,1.7932717598860748,-42.318,-33.33320617675781
-0.21594,1.5975930489485748,-42.378,-34.72160339355469
-0.21228,1.5650002755110748,-42.348,-36.08013153076172
-0.23058,1.9890725411360748,-42.312000000000005,-37.48912811279297
-0.22509,2.184751252073575,-42.33,-38.81401062011719
-0.2196,1.6954934395735748,-42.282,-40.19622802734375
-0.21411,1.6301858223860748,-42.444,-41.55303955078125
-0.21411,1.8585793770735748,-42.438,-42.93731689453125
-0.22875,2.054258088011075,-42.36,-44.25945281982422
-0.22875,1.9890725411360748,-42.336,-45.61077117919922
-0.22509,1.6629006661360748,-42.378,-47.00363159179688
-0.21777,1.8585793770735748,-42.438,-48.35529327392578
-0.2196,2.315244416136075,-42.402,-49.73957061767578
-0.21411,2.315244416136075,-42.348,-51.125221252441406
-0.20862,1.8911721505110748,-42.432,-52.51636505126953
-0.23058,2.119565705198575,-42.37200000000001,-53.83712768554688
-0.23058,2.119565705198575,-42.39,-55.25264739990234
-0.23058,2.282651642698575,-42.39,-55.25264739990234
-0.21777,2.347959259886075,-42.36599999999999,-56.60980224609375
-0.21411,2.347959259886075,-42.37200000000001,-57.99854278564453
-0.21411,1.7606789864485748,-42.37200000000001,-57.99854278564453
-0.20679,2.250058869261075,-42.438,-59.35157775878906
-0.21411,2.250058869261075,-42.396,-60.74031829833984
-0.21411,2.315244416136075,-42.396,-60.74031829833984
-0.22509,2.315244416136075,-42.36599999999999,-62.0940399169922
-0.22692,2.315244416136075,-42.45,-63.48175048828126
-0.22509,2.315244416136075,-42.37200000000001,-64.8684310913086
-0.21777,2.413144806761075,-42.42,-66.19159698486328
-0.21045,2.576230744261075,-42.432,-67.57587432861328
-0.21411,2.315244416136075,-42.33,-68.9333724975586
-0.21594,2.478330353636075,-42.42,-70.28881072998047
-0.22509,2.543637970823575,-42.45,-71.67034149169922
-0.22143,2.543637970823575,-42.396,-73.02200317382812
-0.2196,2.641538361448575,-42.426,-74.40662384033203
-0.21594,2.608823517698575,-42.36599999999999,-75.79811096191406
-0.20862,2.608823517698575,-42.48,-77.11647033691406
-0.21411,2.837217072386075,-42.438,-78.5031509399414
-0.23058,2.739316681761075,-42.378,-79.89051818847656
-0.22143,2.706723908323575,-42.39,-81.27754211425781
-0.2013,2.706723908323575,-42.37200000000001,-82.63092041015625
-0.21411,2.869809845823575,-42.426,-84.0127944946289
-0.21411,2.772031525511075,-42.408,-85.39878845214844
-0.21777,2.576230744261075,-42.426,-86.72264099121094
-0.2196,2.706723908323575,-42.468,-88.1100082397461
-0.22326,2.869809845823575,-42.408,-89.461669921875
-0.21411,2.706723908323575,-42.37200000000001,-90.81436157226562
-0.21228,2.804624298948575,-42.432,-92.20413208007812
-0.21594,2.739316681761075,-42.35399999999999,-93.55579376220705
-0.22143,2.869809845823575,-42.384,-94.90848541259766
-0.22326,2.706723908323575,-42.42,-96.26323699951172
-0.22143,2.706723908323575,-42.37200000000001,-97.65129089355467
-0.21045,2.869809845823575,-42.42,-99.00398254394533
-0.21228,2.869809845823575,-42.39,-100.39066314697266
-0.22326,2.706723908323575,-42.432,-101.74266815185548
-0.22143,2.706723908323575,-42.468,-103.0678939819336
-0.22509,2.869809845823575,-42.444,-104.45697784423828
-0.21411,2.706723908323575,-42.444,-105.81069946289062
-0.20862,2.739316681761075,-42.426,-107.19635009765624
-0.2196,2.706723908323575,-42.408,-108.54972839355467
-0.19764,2.869809845823575,-42.54,-109.9127197265625
-0.21411,2.804624298948575,-42.408,-111.324462890625
-0.22143,2.804624298948575,-42.486,-112.64728546142578
-0.21411,2.837217072386075,-42.432,-114.00341033935548
-0.21045,2.869809845823575,-42.432,-115.32794952392578
-0.21045,2.869809845823575,-42.486,-116.70948028564452
-0.21045,2.869809845823575,-42.432,-118.0649185180664
-0.21228,2.772031525511075,-42.186,-119.41314697265624
-0.19764,2.772031525511075,-41.82,-120.7558822631836
-0.18666,2.706723908323575,-40.986,-122.10170745849608
-0.18483,2.706723908323575,-40.176,-123.38607788085938
-0.18117,2.706723908323575,-39.282,-124.65190887451172
-0.17751,2.837217072386075,-38.304,-125.9091567993164
-0.17202,2.739316681761075,-37.434000000000005,-127.11456298828124
-0.18849,2.739316681761075,-36.456,-128.2928466796875
-0.18849,2.608823517698575,-36.456,-128.2928466796875
-0.17568,2.608823517698575,-35.478,-129.46460723876953
-0.16104,2.576230744261075,-34.59,-130.54676055908203
-0.15738,2.641538361448575,-33.666000000000004,-131.65328979492188
-0.15555,2.641538361448575,-32.538,-132.72926330566406
-0.15372,2.706723908323575,-31.578,-133.75099182128906
-0.17202,2.706723908323575,-30.798000000000005,-134.76207733154297
-0.17202,2.869809845823575,-30.798000000000005,-134.76207733154297
-0.16287,2.511045197386075,-29.664,-135.69351196289062
-0.14457,2.869809845823575,-28.668,-136.62357330322266
-0.17019,2.674131134886075,-27.786,-137.53646850585938
-0.13176,2.869809845823575,-26.856,-138.4006118774414
-0.14091,2.869809845823575,-25.758,-139.2190933227539
-0.16836,2.869809845823575,-24.702,-140.05027770996094
-0.13908,2.608823517698575,-23.736,-140.82550048828125
-0.1281,2.608823517698575,-22.914,-141.5536880493164
-0.1281,2.869809845823575,-22.914,-141.5536880493164
-0.11529,2.641538361448575,-21.9,-142.28702545166016
-0.12627,2.837217072386075,-20.76,-142.9712677001953
-0.13542,2.478330353636075,-19.746,-143.63113403320312
-0.14091,2.315244416136075,-18.786,-144.23744201660156
-0.12627,2.315244416136075,-17.892,-144.8320770263672
-0.12444,2.739316681761075,-16.992,-145.38928985595703
-0.11163,2.380552033323575,-15.948,-145.90530395507812
-0.12627,2.674131134886075,-14.646,-146.40827178955078
-0.11895,2.837217072386075,-13.842,-146.84120178222656
-0.10431,2.869809845823575,-12.972,-147.26451873779297
-0.10797,2.641538361448575,-11.88,-147.67169952392578
-0.11346,2.706723908323575,-10.89,-148.01502227783203
-0.10065,2.641538361448575,-10.146,-148.3480453491211
-0.07869,2.576230744261075,-9.108000000000002,-148.66355895996094
-0.08601,2.869809845823575,-7.985999999999999,-148.94474029541016
-0.08052,2.869809845823575,-6.816000000000001,-149.1778564453125
-0.07503,2.804624298948575,-5.826,-149.3759536743164
-0.08235,2.706723908323575,-4.824,-149.5400619506836
-0.07869,2.706723908323575,-3.9779999999999993,-149.68219757080078
-0.07869,2.641538361448575,-3.9779999999999993,-149.68219757080078
-0.07137,2.706723908323575,-3.162,-149.7869110107422
-0.06588,2.706723908323575,-2.076,-149.86656188964844
-0.06222,2.869809845823575,-1.338,-149.91634368896484
-0.04941,2.837217072386075,-1.0739999999999998,-149.9527359008789
-0.04758,2.739316681761075,-0.48,-149.9791717529297
-0.06405,2.869809845823575,-0.084,-149.98260498046875
-0.06771,2.869809845823575,-0.06,-149.98363494873047
-0.06954,2.869809845823575,-0.06,-149.9856948852539
-0.0732,2.869809845823575,-0.042,-149.98878479003906
-0.07686,2.869809845823575,-0.0479999999999999,-149.98878479003906
-0.07686,2.837217072386075,-0.0479999999999999,-149.98878479003906
-0.0732,2.869809845823575,-0.042,-149.98947143554688
-0.07869,2.869809845823575,-0.03,-149.9908447265625
-0.07869,2.869809845823575,-0.036,-149.99187469482422
-0.08052,2.869809845823575,-0.042,-149.99496459960938
-0.08052,2.869809845823575,-0.042,-149.99462127685547
-0.07869,2.869809845823575,-0.042,-149.9970245361328
-0.07869,2.772031525511075,-0.042,-149.9970245361328
-0.07869,2.837217072386075,-0.03,-149.9966812133789
-0.07869,2.837217072386075,-0.0239999999999999,-149.99736785888672
-0.07869,2.869809845823575,-0.0239999999999999,-149.99736785888672
-0.07869,2.869809845823575,-0.0119999999999999,-149.9970245361328
-0.08235,2.869809845823575,-0.0059999999999999,-149.99874114990234
-0.08052,2.869809845823575,-0.0059999999999999,-149.99839782714844
-0.08052,2.869809845823575,-0.0119999999999999,-150.00080108642578
-0.07503,2.869809845823575,-0.0,-149.99942779541016
-0.05307,2.869809845823575,0.0119999999999999,-149.99839782714844
-0.00549,2.869809845823575,0.078,-149.99839782714844
0.0549,2.804624298948575,0.624,-149.98741149902344
0.11346,2.706723908323575,1.38,-149.95582580566406
0.15738,2.445737580198575,2.994,-149.8857879638672
0.14823,2.315244416136075,4.608,-149.7553253173828
0.13176,2.511045197386075,5.742,-149.58881378173828
0.1281,2.674131134886075,6.552,-149.39105987548828
0.14457,2.772031525511075,7.391999999999999,-149.1610336303711
0.15555,2.837217072386075,8.052,-148.9093780517578
0.15738,2.641538361448575,8.808000000000002,-148.63025665283203
0.14091,2.869809845823575,9.87,-148.32401275634766
0.15006,2.869809845823575,10.884,-147.98721313476562
0.15921,2.837217072386075,12.012,-147.6229476928711
0.15738,2.706723908323575,12.852,-147.21542358398438
0.17385,2.641538361448575,13.656,-146.77871704101562
0.18483,2.511045197386075,14.736,-146.33926391601562
0.16653,2.543637970823575,15.918,-145.8277130126953
0.17385,2.706723908323575,16.704,-145.29762268066406
0.17202,2.706723908323575,17.688000000000002,-144.73834991455078
0.2013,2.706723908323575,18.624,-144.15504455566406
0.19764,2.869809845823575,19.638,-143.5247039794922
0.18666,2.869809845823575,20.460000000000004,-142.84423828125
0.23424,2.935117463011075,20.676,-142.2293472290039
0.19581,2.935117463011075,23.022,-141.4932632446289
0.19398,3.065610627073575,24.018,-140.74825286865234
0.18849,2.641538361448575,24.756,-139.93663787841797
0.23241,2.869809845823575,25.542,-139.14012908935547
0.19764,2.413144806761075,26.706000000000003,-138.27632904052734
0.20313,2.413144806761075,27.612,-137.42660522460938
0.20313,2.739316681761075,27.612,-137.42660522460938
0.20679,2.021665314573575,28.47,-136.51199340820312
0.22875,2.380552033323575,29.412000000000003,-135.57884216308594
0.21411,2.250058869261075,30.576,-134.5931625366211
0.21228,2.706723908323575,31.542,-133.58070373535156
0.21594,2.869809845823575,32.46,-132.5284194946289
0.2196,3.130796173948575,33.462,-131.49227142333984
0.2196,3.033017853636075,34.476,-130.37681579589844
0.24156,2.543637970823575,35.478,-129.2105484008789
0.23973,2.413144806761075,36.402,-128.08788299560547
0.2196,2.608823517698575,37.524,-126.87389373779295
0.23607,2.706723908323575,38.364,-125.6502914428711
0.22875,2.184751252073575,39.372,-124.3817138671875
0.23241,2.837217072386075,40.446,-123.13030242919922
0.22692,2.869809845823575,41.124,-121.79443359375
0.21777,2.706723908323575,41.694,-120.4702377319336
0.21777,2.772031525511075,41.99999999999999,-119.10587310791016
0.22692,2.772031525511075,42.06,-117.76004791259766
0.21411,2.869809845823575,42.276,-116.38538360595705
0.21045,2.772031525511075,42.258,-115.06736755371097
0.21594,2.706723908323575,42.204,-113.66146087646484
0.20679,2.772031525511075,42.444,-112.34001159667967
0.21777,2.935117463011075,42.33,-110.95710754394533
0.22875,2.706723908323575,42.42,-109.57077026367188
0.21411,2.706723908323575,42.402,-108.21739196777344
0.21228,2.869809845823575,42.35399999999999,-106.83792114257812
0.20496,2.869809845823575,42.510000000000005,-105.51406860351562
0.20313,2.869809845823575,42.414,-104.09683227539062
0.21777,2.706723908323575,42.37200000000001,-102.7444839477539
0.2196,2.706723908323575,42.504000000000005,-101.33033752441406
0.2196,2.935117463011075,42.504000000000005,-101.33033752441406
0.20862,2.837217072386075,42.36,-100.0027084350586
0.21411,2.869809845823575,42.456,-98.61740112304688
0.20496,2.772031525511075,42.396,-97.23072052001952
0.20862,2.869809845823575,42.36599999999999,-95.877685546875
0.2013,2.869809845823575,42.534000000000006,-94.48516845703124
0.2196,2.869809845823575,42.342,-93.15925598144533
0.22692,2.804624298948575,42.378,-91.77703857421876
0.20496,2.869809845823575,42.462,-90.42228698730467
0.20679,2.706723908323575,42.39,-89.0335464477539
0.2013,2.772031525511075,42.462,-87.67982482910156
0.21777,2.804624298948575,42.36599999999999,-86.35597229003906
0.22143,2.804624298948575,42.36,-84.9404525756836
0.22143,2.772031525511075,42.36,-84.9404525756836
0.20496,2.706723908323575,42.54,-83.61042022705078
0.20862,2.706723908323575,42.37200000000001,-82.22854614257812
0.20862,2.804624298948575,42.37200000000001,-82.22854614257812
0.20862,2.478330353636075,42.48,-80.87276458740234
0.20313,2.706723908323575,42.39,-79.48677062988281
0.21777,2.706723908323575,42.35399999999999,-78.16497802734375
0.21228,2.608823517698575,42.48,-76.80919647216797
0.20496,2.543637970823575,42.342,-75.45753479003906
0.20313,2.576230744261075,42.396,-74.1031265258789
0.20862,2.641538361448575,42.516,-72.71919250488281
0.21777,2.511045197386075,42.408,-71.39362335205078
0.22143,2.315244416136075,42.468,-70.0429916381836
0.20862,2.511045197386075,42.37200000000001,-68.65047454833984
0.20862,2.347959259886075,42.384,-67.33314514160156
0.20496,2.380552033323575,42.486,-65.91453552246094
0.21777,2.380552033323575,42.276,-64.59651947021484
0.23058,2.217466095823575,42.42,-63.24073791503907
0.21411,2.576230744261075,42.456,-61.85302734375001
0.21411,2.315244416136075,42.33,-60.499305725097656
0.21411,2.184751252073575,42.486,-59.11262512207031
0.21411,2.315244416136075,42.318,-57.7884292602539
0.21594,2.315244416136075,42.384,-56.405181884765625
0.21594,2.380552033323575,42.384,-56.405181884765625
0.21411,2.315244416136075,42.498,-55.04940032958984
0.21594,1.9890725411360748,42.294,-53.66203308105469
0.19215,1.8585793770735748,42.414,-52.337493896484375
0.19947,2.315244416136075,42.348,-50.91991424560547
0.21228,2.315244416136075,42.342,-49.59674835205078
0.21228,1.7932717598860748,42.528,-48.206634521484375
0.22509,2.184751252073575,42.294,-46.82373046875
0.21045,2.380552033323575,42.384,-45.4669189453125
0.19581,2.184751252073575,42.462,-44.082298278808594
0.20313,1.8585793770735748,42.282,-42.69355773925781
0.20862,1.7280862130110748,42.438,-41.315460205078125
0.21045,2.250058869261075,42.378,-39.95246887207031
0.21594,2.119565705198575,42.408,-38.56922149658203
0.20862,1.9564797676985748,42.510000000000005,-37.21240997314453
0.22326,1.9564797676985748,42.282,-35.79792022705078
0.22326,1.4996926583235748,42.282,-35.79792022705078
0.20313,1.5650002755110748,42.37200000000001,-34.469261169433594
0.20313,1.8585793770735748,42.342,-33.08292388916016
0.21045,1.8911721505110748,42.35399999999999,-31.697273254394528
0.19764,1.2387063301985748,42.486,-30.311622619628903
0.21777,1.4670998848860748,42.27,-28.927345275878903
0.21777,1.9564797676985748,42.36599999999999,-27.572593688964844
0.21411,1.9564797676985748,42.348,-26.153297424316406
0.21411,1.9237649239485748,42.348,-26.153297424316406
0.21228,1.2387063301985748,42.264,-24.800949096679688
0.20862,1.0756203926985748,42.378,-23.41495513916016
0.20862,1.8911721505110748,42.306,-22.03067779541016
0.21411,1.5650002755110748,42.402,-20.671463012695312
0.21594,1.2061135567610748,42.426,-19.315338134765625
0.22509,1.0104348458235748,42.276,-17.93621063232422
0.20679,1.6301858223860748,42.33,-16.58008575439453
0.20313,1.5650002755110748,42.35399999999999,-15.222244262695312
0.20679,1.2387063301985748,42.342,-13.84174346923828
0.21228,0.6515481270735748,42.42,-12.45574951171875
0.23058,1.4345071114485748,42.24,-11.103401184082031
0.22326,1.3366067208235748,42.39,-9.747962951660156
0.20496,0.8473489083235748,42.408,-8.393211364746094
0.21411,0.5210549630110748,42.294,-7.0429229736328125
0.21594,1.0756203926985748,42.37200000000001,-5.7218170166015625
0.22326,1.2061135567610748,42.324,-4.328269958496094
0.2196,1.0430276192610748,42.33,-2.9766082763671875
0.21411,1.0430276192610748,42.48,-1.5933609008789062
0.21411,0.5210549630110748,42.48,-1.5933609008789062
0.21228,1.0756203926985748,42.27,-0.2351760864257812
0.21411,1.0756203926985748,42.384,1.1202621459960938
0.21045,0.8799416817610748,42.39,2.4492645263671875
0.2196,0.6515481270735748,42.288,3.8283920288085938
0.20862,0.5536477364485748,42.42,5.1821136474609375
0.21045,1.0756203926985748,42.33,6.543731689453125
0.21411,0.6841409005110748,42.324,7.898826599121094
0.21411,0.3253762520735748,42.42,9.250831604003906
0.2196,0.5210549630110748,42.24,10.601463317871094
0.21045,0.6841409005110748,42.39,11.993293762207031
0.20679,0.7494485176985748,42.378,13.380661010742188
0.21411,0.1295754708235748,42.33,14.730262756347658
0.2013,-0.0009176932389252,42.492,16.1444091796875
0.2196,0.6189553536360748,42.312000000000005,17.503623962402344
0.21045,0.6841409005110748,42.39,18.88824462890625
0.22143,0.0643899239485747,42.462,20.21278381347656
0.21411,-0.0009176932389252,42.348,21.588478088378903
0.21045,0.5210549630110748,42.516,22.946319580078125
0.2196,0.6189553536360748,42.39,24.307937622070312
0.22326,0.0969826973860747,42.36599999999999,25.630760192871094
0.2196,-0.2291891776139252,42.426,27.010574340820312
0.20862,0.3579690255110748,42.264,28.363609313964844
0.22143,0.4558694161360748,42.39,29.717330932617184
0.21411,-0.1640036307389252,42.444,31.106414794921875
0.22509,-0.3270895682389252,42.36599999999999,32.453956604003906
0.22509,0.1948830880110748,42.504000000000005,33.80973815917969
0.21777,0.2600686348860748,42.336,35.19916534423828
0.21045,-0.1640036307389252,42.396,36.551856994628906
0.20679,-0.3923971854264252,42.474,37.87330627441406
0.22326,0.1295754708235748,42.336,39.22565460205078
0.21594,0.1295754708235748,42.444,40.62091827392578
0.22326,-0.1965964041764252,42.264,42.006568908691406
0.22326,-0.3923971854264252,42.324,43.35548400878906
0.20679,-0.0009176932389252,42.462,44.74422454833984
0.21411,-0.0009176932389252,42.294,46.100006103515625
0.2196,-0.2619040213639252,42.39,47.4884033203125
0.2196,-0.4575827323014252,42.414,48.810882568359375
0.2196,-0.0009176932389252,42.306,50.16666412353516
0.20496,-0.0009176932389252,42.456,51.55231475830078
0.20679,-0.0335104666764252,42.306,52.94414520263672
0.21045,-0.4249899588639252,42.36599999999999,54.32533264160156
0.21411,-0.2291891776139252,42.432,55.64403533935547
0.22875,-0.1314108573014252,42.264,57.00084686279297
0.21594,0.0969826973860747,42.456,58.38924407958984
0.20679,-0.3923971854264252,42.432,59.74193572998047
0.21228,-0.5227682791764252,42.36,61.1275863647461
0.21411,-0.3270895682389252,42.498,62.484054565429695
0.21594,-0.1640036307389252,42.336,63.87348175048828
0.22326,-0.1640036307389252,42.408,65.19287109375
0.22326,-0.3923971854264252,42.408,65.19287109375
0.20496,-0.5554831229264252,42.42,66.54693603515625
0.21777,-0.3270895682389252,42.288,67.86563873291016
0.20862,-0.0009176932389252,42.468,69.25918579101562
0.22143,-0.4575827323014252,42.348,70.6094741821289
0.22875,-0.4249899588639252,42.336,71.95838928222656
0.21411,-0.3923971854264252,42.474,73.31279754638672
0.2196,-0.1965964041764252,42.3,74.67269897460938
0.21411,-0.4901755057389252,42.396,76.0250473022461
0.22143,-0.5554831229264252,42.384,77.37808227539062
0.22692,-0.2944967948014252,42.294,78.7005615234375
0.21411,-0.2619040213639252,42.438,80.0570297241211
0.22692,-0.4575827323014252,42.336,81.44542694091797
0.22143,-0.4575827323014252,42.312000000000005,82.7933120727539
0.22875,-0.0986960135514252,42.426,84.1494369506836
0.2196,-0.1640036307389252,42.336,85.47534942626953
0.21045,-0.3923971854264252,42.438,86.85997009277344
0.21045,-0.4575827323014252,42.342,88.2473373413086
0.2196,0.0969826973860747,42.336,89.59968566894531
0.21594,-0.0009176932389252,42.552,90.9884262084961
0.23058,-0.3923971854264252,42.35399999999999,92.34798431396484
0.22326,-0.3270895682389252,42.384,93.69998931884766
0.21411,0.1295754708235748,42.402,95.05130767822266
0.20862,-0.0009176932389252,42.36,96.44039154052734
0.21045,-0.1640036307389252,42.498,97.79548645019533
0.20496,-0.0661032401139252,42.36599999999999,99.18148040771484
0.23424,0.1948830880110748,42.378,100.5300521850586
0.20862,-0.0009176932389252,42.588,101.920166015625
0.2196,-0.1314108573014252,42.324,103.24024200439452
0.21777,-0.0009176932389252,42.522000000000006,104.62898254394533
0.20679,0.1295754708235748,42.444,106.01119995117188
0.22326,0.1295754708235748,42.378,107.3697280883789
0.22326,-0.0009176932389252,42.378,107.3697280883789
0.21777,0.1295754708235748,42.57,108.75572204589844
0.23058,-0.0009176932389252,42.402,110.14171600341795
0.22509,0.0643899239485747,42.414,111.4947509765625
0.20679,0.1948830880110748,42.510000000000005,112.8515625
0.21594,0.2600686348860748,42.318,114.19979095458984
0.21411,0.0643899239485747,42.444,115.59059143066406
0.22875,0.0969826973860747,42.348,116.9388198852539
0.22509,0.3905617989485748,42.384,118.32378387451172
0.19947,0.3579690255110748,42.306,119.6404266357422
0.21228,0.1295754708235748,41.52,121.03912353515626
0.19398,0.5863625801985748,40.89,122.32040405273438
0.19764,0.8146340645735748,39.978,123.63739013671874
0.18483,0.6841409005110748,38.994,124.89429473876952
0.18666,0.6841409005110748,38.232,126.1223602294922
0.17202,1.0430276192610748,37.188,127.35557556152344
0.183,1.0430276192610748,36.252,128.51943969726562
0.183,0.7494485176985748,36.252,128.51943969726562
0.17019,0.9125344551985748,35.454,129.65412139892578
0.183,0.7494485176985748,34.428000000000004,130.76030731201172
0.17751,0.2600686348860748,33.354,131.8146514892578
0.17934,0.2600686348860748,32.370000000000005,132.88787841796875
0.17934,1.0756203926985748,32.370000000000005,132.88787841796875
0.16287,1.1082131661360748,31.559999999999995,133.92230987548828
0.17202,1.2387063301985748,30.36,134.94781494140625
0.15372,1.2387063301985748,29.424,135.9280014038086
0.16836,1.2061135567610748,28.59,136.81926727294922
0.1464,1.0756203926985748,27.498,137.72769927978516
0.1647,1.3040139473860748,26.418,138.60729217529297
0.14274,1.1082131661360748,25.554,139.42611694335938
0.13908,1.0756203926985748,24.564,140.2401351928711
0.14274,1.0756203926985748,23.616,141.02256774902344
0.14274,1.1082131661360748,23.616,141.02256774902344
0.16287,1.4019143380110748,22.356,141.76105499267578
0.14823,1.4019143380110748,21.546,142.47756958007812
0.14823,1.2061135567610748,21.546,142.47756958007812
0.13725,1.0756203926985748,20.520000000000003,143.14430236816406
0.13359,1.0756203926985748,19.59,143.78253936767578
0.12078,0.6841409005110748,18.576,144.404296875
0.13725,0.6841409005110748,17.477999999999998,144.96562957763672
0.11712,0.5536477364485748,16.535999999999998,145.52181243896484
0.13176,0.5210549630110748,15.606,146.03473663330078
0.10431,1.0756203926985748,14.724,146.52053833007812
0.10797,1.4345071114485748,13.518,146.98230743408203
0.12261,1.3040139473860748,12.528,147.37506866455078
0.10431,1.3040139473860748,11.766,147.76439666748047
0.09333,1.6301858223860748,10.71,148.12179565429688
0.1098,1.4019143380110748,9.492,148.43765258789062
0.10431,1.6301858223860748,8.652,148.7274169921875
0.08967,1.6301858223860748,7.806,148.98456573486328
0.09516,1.6629006661360748,6.822,149.20978546142578
0.08052,1.5975930489485748,5.784000000000001,149.4147491455078
0.08235,1.7606789864485748,4.704,149.5781707763672
0.06222,1.8585793770735748,3.87,149.7100067138672
0.07137,1.6301858223860748,2.8380000000000005,149.8102569580078
0.0549,1.6301858223860748,1.938,149.88235473632812
0.06954,1.6301858223860748,0.99,149.9256134033203
0.0915,1.3040139473860748,0.426,149.94140625
0.08784,1.2061135567610748,0.498,149.95651245117188
0.08052,1.1082131661360748,0.474,149.97127532958984
0.06588,1.2387063301985748,0.486,149.98741149902344
0.06588,1.2061135567610748,0.204,149.9956512451172
0.06954,1.2387063301985748,0.018,149.99805450439453
0.06954,1.2387063301985748,0.018,149.99771118164062
0.0732,1.2387063301985748,0.0119999999999999,149.99839782714844
0.0732,1.0756203926985748,0.0059999999999999,150.00011444091797
0.07137,1.2061135567610748,0.0119999999999999,149.99839782714844
0.06954,1.2061135567610748,0.0059999999999999,149.99771118164062
0.0732,1.2387063301985748,0.0059999999999999,149.99942779541016
0.06954,1.2061135567610748,0.0059999999999999,149.99874114990234
0.07503,1.1082131661360748,0.0059999999999999,149.99839782714844
0.0732,1.2387063301985748,0.0059999999999999,149.99977111816406
0.0732,1.2387063301985748,-0.0,150.00045776367188
0.06954,1.2387063301985748,-0.0,149.99942779541016
0.07137,1.2387063301985748,-0.0,150.00011444091797
0.06771,1.2387063301985748,-0.0,150.00045776367188
0.06039,1.2387063301985748,-0.0059999999999999,149.99908447265625
0.02196,1.2387063301985748,-0.018,149.99977111816406
-0.02562,1.2061135567610748,-0.162,149.99839782714844
-0.09516,1.2061135567610748,-0.858,149.98432159423828
-0.09516,1.2387063301985748,-0.858,149.98432159423828
-0.12261,1.8259866036360748,-2.526,149.92801666259766
-0.13908,1.7932717598860748,-3.732,149.8202133178711
-0.1281,1.6954934395735748,-4.974,149.67361450195312
-0.1281,1.6301858223860748,-6.036,149.4902801513672
-0.14457,1.6301858223860748,-6.732,149.28909301757812
-0.13908,1.6301858223860748,-7.494000000000001,149.04945373535156
-0.1647,1.4996926583235748,-8.52,148.78921508789062
-0.16287,1.3366067208235748,-9.474,148.51112365722656
-0.15372,1.6301858223860748,-10.494,148.18496704101562
-0.15372,1.2061135567610748,-11.298,147.81761169433594
-0.16104,1.0756203926985748,-12.18,147.44064331054688
-0.17751,1.2387063301985748,-13.278,147.02865600585938
-0.16836,1.2387063301985748,-14.226,146.58954620361328
-0.17202,1.7606789864485748,-15.054000000000002,146.11164093017578
-0.21045,1.2387063301985748,-16.02,145.58120727539062
-0.18849,1.2387063301985748,-17.124000000000002,145.0576400756836
-0.17751,1.2387063301985748,-18.258,144.47742462158203
-0.17751,1.5324075020735748,-18.258,144.47742462158203
-0.18117,1.4670998848860748,-19.212,143.87592315673828
-0.183,1.5324075020735748,-20.064,143.22601318359375
-0.18849,1.5324075020735748,-21.090000000000003,142.56752014160156
-0.19581,1.6629006661360748,-21.936,141.8547821044922
-0.2013,1.8585793770735748,-23.124,141.12041473388672
-0.18483,1.2387063301985748,-24.09,140.37094116210938
-0.20679,1.6954934395735748,-25.044,139.5709991455078
-0.20313,1.4670998848860748,-26.016,138.7518310546875
-0.21411,1.2387063301985748,-26.94,137.87979125976562
-0.22143,1.4996926583235748,-28.002,137.01942443847656
-0.20862,1.4996926583235748,-28.968,136.10790252685547
-0.20862,1.6301858223860748,-29.916,135.15792846679688
-0.23424,1.2387063301985748,-30.822,134.16709899902344
-0.22326,1.0756203926985748,-31.98,133.13507080078125
-0.22143,1.1735207833235748,-32.934000000000005,132.08759307861328
-0.24339,1.3366067208235748,-33.76199999999999,130.99342346191406
-0.24156,0.6841409005110748,-34.908,129.87178802490234
-0.23058,0.8146340645735748,-35.916,128.7151336669922
-0.22326,0.1295754708235748,-36.858,127.5739288330078
-0.24522,0.2600686348860748,-37.87799999999999,126.3427734375
-0.22692,0.6515481270735748,-38.916,125.0848388671875
-0.24705,0.8146340645735748,-39.816,123.79291534423828
-0.23241,0.7494485176985748,-40.812,122.47318267822266
-0.22326,0.7494485176985748,-41.538,121.1572265625
-0.21777,0.7168557442610748,-41.796,119.79354858398438
-0.22875,0.5863625801985748,-42.09,118.42540740966798
-0.2196,0.5210549630110748,-42.102,117.1080780029297
-0.21411,0.5210549630110748,-42.18000000000001,115.73856353759766
-0.21411,0.5210549630110748,-42.216,114.3903350830078
-0.21777,0.2927834786360748,-42.27,113.00743103027344
-0.20862,0.1295754708235748,-42.408,111.62315368652344
-0.23058,0.1295754708235748,-42.39,110.269775390625
-0.23058,0.5210549630110748,-42.39,110.269775390625
-0.22326,0.5210549630110748,-42.36,108.88790130615234
-0.22143,0.5210549630110748,-42.39,107.5019073486328
-0.21228,0.2274758614485748,-42.384,106.1176300048828
-0.22509,0.1295754708235748,-42.408,104.76768493652344
-0.21777,0.3253762520735748,-42.414,103.44245910644533
-0.22509,0.3253762520735748,-42.36599999999999,102.05543518066406
-0.22509,0.4231545723860748,-42.36599999999999,102.05543518066406
-0.2196,-0.0009176932389252,-42.48,100.7013702392578
-0.21411,0.0317971505110747,-42.42,99.31537628173828
-0.22143,0.1295754708235748,-42.402,97.93109893798828
-0.21411,0.1295754708235748,-42.438,96.57669067382812
-0.21228,-0.1314108573014252,-42.396,95.25043487548828
-0.22692,-0.1314108573014252,-42.444,93.89705657958984
-0.22692,-0.0009176932389252,-42.444,93.89705657958984
-0.22692,0.1295754708235748,-42.426,92.50694274902344
-0.2196,0.0969826973860747,-42.36599999999999,91.15528106689452
-0.21777,-0.2291891776139252,-42.492,89.76070404052734
-0.2196,-0.2291891776139252,-42.426,88.43719482421875
-0.2196,0.0969826973860747,-42.426,88.43719482421875
-0.22509,-0.0009176932389252,-42.39,87.05669403076172
-0.22326,-0.0009176932389252,-42.42,85.70056915283203
-0.21777,-0.1965964041764252,-42.37200000000001,84.30976867675781
-0.2196,0.1295754708235748,-42.444,82.98797607421875
-0.21411,-0.0009176932389252,-42.36599999999999,81.6061019897461
-0.23058,0.0969826973860747,-42.37200000000001,80.25238037109375
-0.22692,-0.1965964041764252,-42.438,78.86157989501953
-0.23058,0.1295754708235748,-42.37200000000001,77.4752426147461
-0.22326,-0.0009176932389252,-42.35399999999999,76.12186431884766
-0.21045,-0.0009176932389252,-42.39,74.73930358886719
-0.21045,-0.2619040213639252,-42.39,74.73930358886719
-0.2196,0.0317971505110747,-42.294,73.3835220336914
-0.22875,0.0969826973860747,-42.384,72.02980041503906
-0.21777,-0.0009176932389252,-42.396,70.6149673461914
-0.23058,-0.0009176932389252,-42.444,69.29454803466797
-0.23058,0.1295754708235748,-42.444,69.29454803466797
-0.21411,-0.3270895682389252,-42.39,67.89962768554688
-0.22143,0.0969826973860747,-42.35399999999999,66.51741027832031
-0.21777,-0.0009176932389252,-42.432,65.16300201416016
-0.21594,-0.0986960135514252,-42.36599999999999,63.77838134765626
-0.20862,-0.1314108573014252,-42.39,62.38964080810548
-0.2196,-0.1965964041764252,-42.37200000000001,61.00811004638671
-0.23607,0.0969826973860747,-42.36,59.61833953857422
-0.21777,0.0969826973860747,-42.37200000000001,58.302040100097656
-0.2196,-0.3270895682389252,-42.42,56.87931060791016
-0.21777,-0.3923971854264252,-42.384,55.55923461914063
-0.21411,-0.3923971854264252,-42.414,54.20310974121094
-0.21411,0.0969826973860747,-42.414,54.20310974121094
-0.22326,0.1295754708235748,-42.288,52.820892333984375
-0.23241,-0.0009176932389252,-42.378,51.4324951171875
-0.22326,-0.4249899588639252,-42.42,50.07465362548828
-0.23058,0.0643899239485747,-42.324,48.691062927246094
-0.21411,0.2927834786360748,-42.37200000000001,47.37030029296875
-0.21411,-0.2291891776139252,-42.37200000000001,46.01451873779297
-0.22143,-0.3923971854264252,-42.37200000000001,44.68585968017578
-0.21594,0.1295754708235748,-42.432,43.29505920410156
-0.20862,0.0643899239485747,-42.276,41.941680908203125
-0.21228,-0.0009176932389252,-42.384,40.588645935058594
-0.21045,-0.4249899588639252,-42.36599999999999,39.19990539550781
-0.2196,0.3579690255110748,-42.33,37.88154602050781
-0.2196,0.5210549630110748,-42.408,36.52782440185547
-0.21594,0.0643899239485747,-42.402,35.14423370361328
-0.20862,-0.3923971854264252,-42.396,33.7554931640625
-0.20862,-0.0009176932389252,-42.486,32.368125915527344
-0.20862,0.5210549630110748,-42.384,30.98316192626953
-0.22692,0.5210549630110748,-42.37200000000001,29.63218688964844
-0.22692,0.1948830880110748,-42.37200000000001,29.63218688964844
-0.22875,-0.1314108573014252,-42.444,28.24378967285156
-0.22143,0.1295754708235748,-42.426,26.85504913330078
-0.21228,0.5210549630110748,-42.39,25.470428466796875
-0.22509,0.6841409005110748,-42.36,24.085464477539062
-0.21045,0.1622903145735748,-42.37200000000001,22.69844055175781
-0.22326,-0.0661032401139252,-42.414,21.34471893310547
-0.2379,0.5210549630110748,-42.396,19.992027282714844
-0.22692,1.0430276192610748,-42.432,18.60980987548828
-0.22326,0.1948830880110748,-42.378,17.25677490234375
-0.21594,-0.0009176932389252,-42.456,15.86597442626953
-0.21411,0.5210549630110748,-42.432,14.51362609863281
-0.21411,1.0756203926985748,-42.336,13.126258850097656
-0.21594,0.6841409005110748,-42.36599999999999,11.74541473388672
-0.21411,0.1295754708235748,-42.408,10.35358428955078
-0.22143,0.5863625801985748,-42.396,9.028358459472656
-0.23058,1.1082131661360748,-42.348,7.679100036621094
-0.21777,0.6841409005110748,-42.264,6.259117126464844
-0.2196,0.3253762520735748,-42.336,4.906768798828125
-0.21228,0.5210549630110748,-42.426,3.5489273071289062
-0.22326,1.0756203926985748,-42.35399999999999,2.164306640625
-0.23058,1.0430276192610748,-42.318,0.7789993286132812
-0.2196,0.6841409005110748,-42.282,-0.57403564453125
-0.20862,0.5210549630110748,-42.396,-1.89788818359375
-0.20496,1.0756203926985748,-42.36,-3.2842254638671875
-0.22143,1.0756203926985748,-42.3,-4.6369171142578125
-0.22143,1.1082131661360748,-42.3,-4.6369171142578125
-0.22509,0.8799416817610748,-42.456,-5.9930419921875
-0.22509,0.4884621895735748,-42.36599999999999,-7.417831420898438
-0.21228,1.1735207833235748,-42.306,-8.740997314453125
-0.21594,1.3691994942610748,-42.33,-10.12287139892578
-0.21228,1.0756203926985748,-42.306,-11.478996276855469
-0.21594,0.5863625801985748,-42.426,-12.837867736816406
-0.23058,1.0756203926985748,-42.384,-14.22077178955078
-0.22875,1.0756203926985748,-42.3,-15.543251037597656
-0.22875,1.6629006661360748,-42.3,-15.543251037597656
-0.2196,1.5324075020735748,-42.39,-16.893882751464844
-0.21045,0.7168557442610748,-42.408,-18.25653076171875
-0.21594,1.4019143380110748,-42.336,-19.64149475097656
-0.22509,1.7932717598860748,-42.378,-20.962257385253903
-0.21228,1.4345071114485748,-42.276,-22.34825134277344
-0.21411,1.0104348458235748,-42.342,-23.702316284179688
-0.21594,1.4996926583235748,-42.36599999999999,-25.086593627929688
-0.2196,1.7932717598860748,-42.36,-26.44031524658203
-0.23058,1.7932717598860748,-42.36,-27.82630920410156
-0.22875,1.0756203926985748,-42.336,-29.1851806640625
-0.21228,1.6301858223860748,-42.36599999999999,-30.536842346191406
-0.21594,2.054258088011075,-42.342,-31.88953399658203
-0.22143,1.7932717598860748,-42.3,-33.241539001464844
-0.22143,1.5650002755110748,-42.37200000000001,-34.628562927246094
-0.22509,1.6301858223860748,-42.336,-36.02073669433594
-0.22326,2.021665314573575,-42.276,-37.33463287353516
-0.21411,2.184751252073575,-42.342,-38.75358581542969
-0.22143,1.3366067208235748,-42.306,-40.10833740234375
-0.21228,1.7932717598860748,-42.414,-41.46240234375
-0.2196,1.7932717598860748,-42.432,-42.846336364746094
-0.2196,2.021665314573575,-42.432,-42.846336364746094
-0.23607,2.184751252073575,-42.33,-44.19902801513672
-0.21594,1.8585793770735748,-42.37200000000001,-45.58605194091797
-0.2196,1.7932717598860748,-42.37200000000001,-46.94389343261719
-0.21411,2.184751252073575,-42.42,-48.26499938964844
-0.22875,2.315244416136075,-42.456,-49.65099334716797
-0.2379,1.9890725411360748,-42.35399999999999,-51.009864807128906
-0.22509,2.021665314573575,-42.414,-52.42710113525391
-0.22692,2.184751252073575,-42.37200000000001,-53.78288269042969
-0.22143,2.315244416136075,-42.35399999999999,-55.16681671142578
-0.22143,2.315244416136075,-42.36,-56.49066925048828
-0.21594,1.9564797676985748,-42.432,-57.84713745117188
-0.22143,2.184751252073575,-42.45,-59.23450469970703
-0.22875,2.608823517698575,-42.408,-60.58719635009765
-0.21594,2.380552033323575,-42.324,-61.97490692138671
-0.22509,2.217466095823575,-42.414,-63.29395294189454
-0.21411,2.184751252073575,-42.45,-64.65385437011719
-0.22509,2.641538361448575,-42.42,-66.03469848632812
-0.22509,2.706723908323575,-42.396,-67.3904800415039
-0.2196,2.217466095823575,-42.384,-68.74591827392578
-0.20862,2.608823517698575,-42.462,-70.12985229492188
-0.21045,2.772031525511075,-42.462,-71.51618957519531
-0.22875,2.706723908323575,-42.384,-72.8396987915039
-0.21594,2.576230744261075,-42.444,-74.22294616699219
-0.23058,2.543637970823575,-42.39,-75.57804107666016
-0.22692,2.869809845823575,-42.468,-76.89640045166016
-0.22509,2.706723908323575,-42.444,-78.3163833618164
-0.22692,2.315244416136075,-42.33,-79.67010498046875
-0.21228,2.706723908323575,-42.432,-81.02794647216797
-0.22692,2.772031525511075,-42.36599999999999,-82.44209289550781
-0.23607,2.706723908323575,-42.384,-83.79478454589844
-0.23241,2.869809845823575,-42.35399999999999,-85.17974853515625
-0.21594,2.706723908323575,-42.36599999999999,-86.53656005859375
-0.21777,2.706723908323575,-42.462,-87.92255401611328
-0.22875,2.706723908323575,-42.45,-89.24468994140625
-0.22875,2.772031525511075,-42.45,-89.24468994140625
-0.2196,2.869809845823575,-42.378,-90.66364288330078
-0.23424,2.869809845823575,-42.36599999999999,-91.98371887207033
-0.22326,2.869809845823575,-42.432,-93.3401870727539
-0.21411,2.869809845823575,-42.456,-94.72618103027344
-0.21411,2.804624298948575,-42.456,-94.72618103027344
-0.21045,2.869809845823575,-42.378,-96.11492156982422
-0.22326,2.706723908323575,-42.384,-97.43980407714844
-0.21594,2.869809845823575,-42.456,-98.85635375976562
-0.22143,2.869809845823575,-42.384,-100.18089294433594
-0.21411,2.869809845823575,-42.378,-101.5349578857422
-0.20679,2.706723908323575,-42.468,-102.9192352294922
-0.21777,2.869809845823575,-42.438,-104.3093490600586
-0.20862,2.869809845823575,-42.456,-105.68950653076172
-0.22326,2.869809845823575,-42.432,-107.0452880859375
-0.23058,2.706723908323575,-42.414,-108.4017562866211
-0.23058,2.869809845823575,-42.492,-109.7856903076172
-0.23607,2.935117463011075,-42.42,-111.20223999023438
-0.20496,2.706723908323575,-42.528,-112.52849578857422
-0.20313,2.739316681761075,-42.456,-113.91517639160156
-0.20496,2.739316681761075,-42.45,-115.3022003173828
-0.20496,3.065610627073575,-42.45,-115.3022003173828
-0.20679,2.935117463011075,-42.468,-116.6861343383789
-0.20313,2.869809845823575,-42.426,-118.0377960205078
-0.21045,2.869809845823575,-42.234,-119.41795349121097
-0.18666,2.706723908323575,-41.826,-120.79261779785156
-0.17934,2.869809845823575,-40.944,-122.1360397338867
-0.17934,2.772031525511075,-40.11,-123.45439910888672
-0.19215,2.576230744261075,-39.18,-124.74357604980467
-0.183,2.935117463011075,-38.274,-125.9699249267578
-0.17934,2.869809845823575,-37.374,-127.1722412109375
-0.18483,2.869809845823575,-36.45,-128.34915161132812
-0.15189,2.772031525511075,-35.484,-129.49687957763672
-0.16104,2.641538361448575,-34.506,-130.62847137451172
-0.15372,2.511045197386075,-33.629999999999995,-131.68418884277344
-0.15921,2.511045197386075,-32.478,-132.73303985595703
-0.15555,2.706723908323575,-31.584000000000003,-133.75511169433594
-0.16836,2.869809845823575,-30.78,-134.76619720458984
-0.17385,2.641538361448575,-29.652,-135.7408905029297
-0.1464,2.869809845823575,-28.626,-136.669921875
-0.15921,2.772031525511075,-27.744,-137.58007049560547
-0.13725,3.000303009886075,-26.784,-138.4442138671875
-0.16104,2.869809845823575,-25.674000000000003,-139.2791748046875
-0.16104,3.000303009886075,-24.69,-140.08872985839844
-0.1281,2.869809845823575,-23.64,-140.88077545166016
-0.12993,2.935117463011075,-22.836,-141.60655975341797
-0.11712,2.543637970823575,-21.834,-142.3381805419922
-0.12993,2.706723908323575,-20.718,-143.01795959472656
-0.12261,2.641538361448575,-19.656,-143.67919921875
-0.15555,2.380552033323575,-18.69,-144.29271697998047
-0.12444,2.608823517698575,-17.825999999999997,-144.88597869873047
-0.12261,2.608823517698575,-16.962000000000003,-145.42705535888672
-0.12261,2.869809845823575,-16.962000000000003,-145.42705535888672
-0.1098,2.380552033323575,-15.828,-145.953369140625
-0.12993,2.772031525511075,-14.609999999999998,-146.4319610595703
-0.11712,2.869809845823575,-13.746,-146.87278747558594
-0.10797,2.869809845823575,-12.87,-147.30571746826172
-0.11163,2.641538361448575,-11.85,-147.69092559814453
-0.11346,2.706723908323575,-10.829999999999998,-148.040771484375
-0.10431,2.543637970823575,-10.080000000000002,-148.37345123291016
-0.08601,2.315244416136075,-9.012,-148.6776351928711
-0.08784,2.641538361448575,-8.052,-148.94027709960938
-0.08418,2.739316681761075,-6.828,-149.17922973632812
-0.07137,2.641538361448575,-5.826,-149.3759536743164
-0.08418,2.641538361448575,-4.878,-149.53628540039062
-0.07686,2.576230744261075,-4.032,-149.6729278564453
-0.0732,2.804624298948575,-3.156,-149.7824478149414
-0.06588,2.869809845823575,-2.112,-149.8638153076172
-0.06588,2.869809845823575,-1.356,-149.91188049316406
-0.04941,2.869809845823575,-1.11,-149.94930267333984
-0.04209,2.837217072386075,-0.558,-149.97539520263672
-0.06405,2.869809845823575,-0.09,-149.98226165771484
-0.06771,2.869809845823575,-0.036,-149.98397827148438
-0.06771,2.869809845823575,-0.0479999999999999,-149.9856948852539
-0.06771,2.837217072386075,-0.0479999999999999,-149.9856948852539
-0.07503,2.869809845823575,-0.054,-149.98706817626953
-0.0732,2.869809845823575,-0.042,-149.98844146728516
-0.07503,2.837217072386075,-0.03,-149.98981475830078
-0.07503,2.837217072386075,-0.054,-149.99221801757812
-0.07503,2.869809845823575,-0.054,-149.99221801757812
-0.07869,2.837217072386075,-0.0479999999999999,-149.99427795410156
-0.07503,2.869809845823575,-0.0479999999999999,-149.99427795410156
-0.07869,2.869809845823575,-0.042,-149.99530792236328
-0.07869,2.869809845823575,-0.03,-149.9970245361328
-0.07869,2.837217072386075,-0.0239999999999999,-149.9966812133789
-0.07869,2.837217072386075,-0.018,-149.9970245361328
-0.07869,2.869809845823575,-0.018,-149.9970245361328
-0.08052,2.869809845823575,-0.0119999999999999,-149.99805450439453
-0.07869,2.869809845823575,-0.0119999999999999,-149.99805450439453
-0.08235,2.869809845823575,-0.0059999999999999,-149.99839782714844
-0.07869,2.869809845823575,-0.0059999999999999,-149.99839782714844
-0.0732,2.869809845823575,0.0059999999999999,-149.99805450439453
-0.04392,2.869809845823575,0.018,-149.99874114990234
-0.0,2.869809845823575,0.09,-149.9966812133789
0.06588,2.869809845823575,0.738,-149.98432159423828
0.1281,2.706723908323575,1.59,-149.94792938232422
0.14274,2.445737580198575,3.474,-149.86038208007812
0.13359,2.576230744261075,4.788,-149.71790313720703
0.13176,2.674131134886075,5.8740000000000006,-149.5462417602539
0.13542,2.804624298948575,6.66,-149.34059143066406
0.14091,2.837217072386075,7.571999999999999,-149.10850524902344
0.15006,2.706723908323575,8.255999999999998,-148.85032653808594
0.14091,2.445737580198575,9.084,-148.57223510742188
0.15921,2.445737580198575,10.068,-148.2546615600586
0.15921,2.641538361448575,10.068,-148.2546615600586
0.16836,2.543637970823575,11.052,-147.91889190673828
0.15738,2.184751252073575,12.168,-147.535400390625
0.15555,2.706723908323575,12.996,-147.1117401123047
0.17934,2.315244416136075,13.854,-146.69048309326172
0.17751,2.511045197386075,15.042000000000002,-146.21017456054688
0.16653,2.380552033323575,16.11,-145.7010269165039
0.17934,2.739316681761075,16.932,-145.16921997070312
0.17568,2.869809845823575,17.934,-144.59999084472656
0.17934,2.869809845823575,18.9,-143.99333953857422
0.17934,2.706723908323575,18.9,-143.99333953857422
0.183,2.739316681761075,19.95,-143.35647583007812
0.20313,2.706723908323575,20.874,-142.69695281982422
0.20679,2.217466095823575,22.026,-141.9989776611328
0.20679,2.217466095823575,22.854,-141.2848663330078
0.20679,2.445737580198575,22.854,-141.2848663330078
0.20862,2.184751252073575,23.856,-140.5312728881836
0.19032,2.706723908323575,24.78,-139.72103118896484
0.21045,2.478330353636075,25.824,-138.9159393310547
0.21228,2.380552033323575,26.934,-138.04733276367188
0.18849,2.804624298948575,27.834,-137.16636657714844
0.21777,2.804624298948575,28.758,-136.2630844116211
0.21777,2.804624298948575,29.7,-135.33061981201172
0.20496,2.869809845823575,30.84,-134.32571411132812
0.21594,2.935117463011075,31.770000000000003,-133.33213806152344
0.21594,2.935117463011075,32.645999999999994,-132.27745056152344
0.21594,2.869809845823575,32.645999999999994,-132.27745056152344
0.22326,2.380552033323575,33.78,-131.20697021484375
0.21228,2.967710236448575,34.848,-130.08224487304688
0.22326,2.869809845823575,35.634,-128.9788055419922
0.24522,2.641538361448575,36.606,-127.8269577026367
0.24156,2.315244416136075,37.734,-126.63803100585938
0.23241,2.869809845823575,38.58,-125.38284301757812
0.24522,2.315244416136075,39.558,-124.1338348388672
0.24339,2.869809845823575,40.704,-122.81375885009766
0.24888,2.641538361448575,41.532,-121.46587371826172
0.24705,2.772031525511075,42.612,-120.1131820678711
0.24156,2.706723908323575,43.572,-118.67671966552736
0.24705,2.739316681761075,44.232,-117.29999542236328
0.22692,2.869809845823575,44.916,-115.84259033203124
0.2196,3.261289338011075,44.976,-114.40544128417967
0.21777,2.935117463011075,45.15,-112.9343032836914
0.2196,2.869809845823575,45.192,-111.4617919921875
0.22692,2.641538361448575,45.228,-110.0222396850586
0.23058,2.869809845823575,45.438,-108.57135772705078
0.24339,2.706723908323575,45.3,-107.0940399169922
0.22692,2.869809845823575,45.402,-105.64350128173828
0.23607,2.869809845823575,45.38999999999999,-104.19536590576172
0.20679,2.706723908323575,45.42,-102.71392822265624
0.21594,2.935117463011075,45.52199999999999,-101.2613296508789
0.23058,2.804624298948575,45.426,-99.80976104736328
0.22326,2.869809845823575,45.588,-98.35922241210938
0.21777,2.869809845823575,45.42,-96.86885833740234
0.2379,2.641538361448575,45.384,-95.38707733154295
0.22509,2.804624298948575,45.444,-93.90357971191406
0.23424,2.869809845823575,45.384,-92.4492645263672
0.22326,2.739316681761075,45.558,-90.9616470336914
0.21777,2.869809845823575,45.402,-89.54509735107422
0.22509,2.413144806761075,45.468,-88.05782318115234
0.20862,2.706723908323575,45.438,-86.60934448242188
0.22143,2.869809845823575,45.42,-85.1224136352539
0.21045,2.869809845823575,45.588,-83.63513946533203
0.21045,2.706723908323575,45.588,-83.63513946533203
0.22143,2.869809845823575,45.384,-82.1828842163086
0.22143,2.674131134886075,45.48,-80.69938659667969
0.21777,2.739316681761075,45.378,-79.21588897705078
0.21777,2.706723908323575,45.366,-77.73204803466797
0.20679,2.837217072386075,45.504,-76.24923706054688
0.2196,2.706723908323575,45.324,-74.79938507080078
0.21594,2.413144806761075,45.52199999999999,-73.3169174194336
0.23058,2.706723908323575,45.38999999999999,-71.89933776855469
0.23058,2.576230744261075,45.462,-70.41446685791016
0.22509,2.837217072386075,45.468,-68.9608383178711
0.22692,2.576230744261075,45.396,-67.5106430053711
0.21777,2.315244416136075,45.552,-66.0226821899414
0.23241,2.217466095823575,45.384,-64.6047592163086
0.21777,2.347959259886075,45.426,-63.15353393554687
0.21777,2.641538361448575,45.38999999999999,-61.66934967041016
0.22326,2.641538361448575,45.402,-60.21778106689453
0.22326,2.184751252073575,45.402,-60.21778106689453
0.20313,2.315244416136075,45.57,-58.798484802246094
0.21411,1.8259866036360748,45.366,-57.34691619873048
0.21777,2.119565705198575,45.498,-55.86685180664063
0.21777,2.380552033323575,45.42,-54.40635681152344
0.2379,2.217466095823575,45.378,-52.95684814453125
0.2196,2.315244416136075,45.486,-51.50218963623047
0.22875,1.7932717598860748,45.366,-50.05474090576172
0.22326,1.6301858223860748,45.462,-48.56849670410156
0.21411,2.282651642698575,45.402,-47.08259582519531
0.21411,2.315244416136075,45.432,-45.62999725341797
0.20679,2.217466095823575,45.498,-44.1815185546875
0.21411,1.7932717598860748,45.366,-42.72926330566406
0.21045,1.6301858223860748,45.486,-41.24439239501953
0.22692,2.021665314573575,45.348,-39.76020812988281
0.23607,2.315244416136075,45.432,-38.28048706054688
0.22509,2.217466095823575,45.462,-36.82342529296875
0.22143,2.184751252073575,45.33,-35.342674255371094
0.22692,1.2387063301985748,45.438,-33.889732360839844
0.23241,1.4670998848860748,45.3,-32.44159698486328
0.22692,2.184751252073575,45.378,-30.987281799316403
0.22143,2.086972931761075,45.348,-29.50138092041016
0.23058,1.7932717598860748,45.324,-28.01788330078125
0.21594,1.2387063301985748,45.486,-26.56597137451172
0.24156,0.9125344551985748,45.294,-25.08281707763672
0.24156,1.4019143380110748,45.432,-23.63021850585937
0.2196,1.7932717598860748,45.348,-22.140884399414062
0.2196,1.6301858223860748,45.414,-20.650863647460938
0.21411,1.3040139473860748,45.42,-19.234657287597656
0.22509,0.6515481270735748,45.294,-17.75115966796875
0.22326,0.8799416817610748,45.426,-16.267662048339844
0.20679,1.7932717598860748,45.336,-14.813690185546871
0.22692,1.5650002755110748,45.366,-13.326759338378906
0.23424,1.4670998848860748,45.372,-11.910552978515623
0.23424,0.7494485176985748,45.336,-10.463790893554688
0.23058,0.5210549630110748,45.504,-8.981666564941406
0.23058,1.4019143380110748,45.276,-7.495079040527344
0.21594,1.2387063301985748,45.414,-6.040077209472656
0.21228,1.4019143380110748,45.414,-4.559669494628906
0.2196,1.4019143380110748,45.318000000000005,-3.073768615722656
0.2196,0.8473489083235748,45.318000000000005,-3.073768615722656
0.22509,0.4884621895735748,45.48,-1.6599655151367188
0.22143,0.8146340645735748,45.306,-0.2080535888671875
0.22692,1.2387063301985748,45.432,1.2754440307617188
0.22875,1.2387063301985748,45.378,2.7349090576171875
0.23058,0.9125344551985748,45.33,4.214630126953125
0.23241,0.1295754708235748,45.48,5.629119873046875
0.23058,0.3253762520735748,45.3,7.145576477050781
0.22692,0.8799416817610748,45.438,8.602981567382812
0.22509,1.0756203926985748,45.354,10.126991271972656
0.22692,0.8146340645735748,45.354,11.577873229980469
0.21777,0.1295754708235748,45.42,13.025665283203123
0.22509,-0.0009176932389252,45.336,14.508132934570314
0.23058,0.3253762520735748,45.486,15.993690490722656
0.22143,0.6841409005110748,45.318000000000005,17.482681274414062
0.22509,0.6841409005110748,45.432,18.966522216796875
0.21411,0.2927834786360748,45.426,20.418434143066406
0.22692,0.0643899239485747,45.40800000000001,21.89952850341797
0.22143,-0.0009176932389252,45.588,23.380279541015625
0.23058,0.5210549630110748,45.306,24.86858367919922
0.23424,0.6515481270735748,45.432,26.32221221923828
0.22692,0.6841409005110748,45.336,27.83832550048828
0.23058,-0.0009176932389252,45.396,29.25487518310547
0.22509,-0.2619040213639252,45.51,30.738716125488285
0.2196,-0.0009176932389252,45.372,32.22221374511719
0.2196,0.3905617989485748,45.486,33.740386962890625
0.22509,0.4558694161360748,45.324,35.16002655029297
0.23973,0.1295754708235748,45.372,36.64283752441406
0.23607,-0.4249899588639252,45.468,38.09200286865234
0.22509,-0.5227682791764252,45.396,39.57172393798828
0.21777,0.0317971505110747,45.582,41.06689453125
0.20862,-0.0009176932389252,45.336,42.55622863769531
0.21228,0.2600686348860748,45.432,44.04521942138672
0.22509,-0.3270895682389252,45.336,45.49610137939453
0.24156,-0.4575827323014252,45.36,46.97444915771485
0.23058,-0.0661032401139252,45.546,48.425331115722656
0.22326,0.1295754708235748,45.318000000000005,49.94659423828125
0.22509,-0.0009176932389252,45.474,51.399192810058594
0.21594,0.0317971505110747,45.378,52.85934448242188
0.2196,-0.3923971854264252,45.366,54.33666229248047
0.22326,-0.5554831229264252,45.42,55.81844329833984
0.23607,0.0317971505110747,45.306,57.2988510131836
0.22692,-0.1314108573014252,45.546,58.754539489746094
0.23424,0.1295754708235748,45.342,60.27305603027344
0.22326,0.1295754708235748,45.40800000000001,61.72119140625
0.22326,-0.3923971854264252,45.40800000000001,61.72119140625
0.23058,-0.5554831229264252,45.468,63.13671112060546
0.23241,-0.5554831229264252,45.378,64.62364196777344
0.23241,-0.0009176932389252,45.378,64.62364196777344
0.21594,-0.1314108573014252,45.51,66.07864379882812
0.22875,-0.1314108573014252,45.3,67.52849578857422
0.22509,-0.3923971854264252,45.462,69.0164566040039
0.23058,-0.5227682791764252,45.36,70.46562194824219
0.23607,-0.3923971854264252,45.348,71.91410064697266
0.23241,-0.0661032401139252,45.498,73.37047576904297
0.23058,-0.2944967948014252,45.348,74.8550033569336
0.23607,-0.2944967948014252,45.426,76.30897521972656
0.22509,-0.5227682791764252,45.342,77.79521942138672
0.23241,-0.5554831229264252,45.366,79.2059326171875
0.22875,-0.0661032401139252,45.498,80.69561004638672
0.22692,-0.3270895682389252,45.33,82.1444320678711
0.21594,-0.3923971854264252,45.51,83.63513946533203
0.22143,-0.3923971854264252,45.372,85.0832748413086
0.22692,-0.3923971854264252,45.414,86.5671157836914
0.2379,-0.0009176932389252,45.462,87.98572540283203
0.23241,0.1295754708235748,45.348,89.4675064086914
0.22326,-0.0009176932389252,45.516,90.98396301269533
0.21777,-0.3923971854264252,45.378,92.40394592285156
0.22692,-0.3270895682389252,45.468,93.88675689697266
0.21594,-0.1965964041764252,45.456,95.33489227294922
0.23058,0.1295754708235748,45.372,96.81873321533205
0.21777,-0.0009176932389252,45.57,98.2733917236328
0.23058,-0.0009176932389252,45.354,99.6892547607422
0.23058,0.0317971505110747,45.354,99.6892547607422
0.23241,-0.0009176932389252,45.462,101.2397003173828
0.24339,-0.0661032401139252,45.402,102.65384674072266
0.23241,0.1948830880110748,45.486,104.1061019897461
0.23058,0.1948830880110748,45.576,105.5950927734375
0.23058,0.1295754708235748,45.576,105.5950927734375
0.22875,0.1295754708235748,45.336,107.0785903930664
0.22875,-0.0009176932389252,45.52199999999999,108.52947235107422
0.2196,-0.0661032401139252,45.462,109.984130859375
0.23058,0.2600686348860748,45.438,111.4346694946289
0.22509,0.1622903145735748,45.492,112.92160034179688
0.22326,0.1295754708235748,45.324,114.40544128417967
0.21045,0.1295754708235748,45.084,115.84842681884766
0.20862,0.0969826973860747,44.190000000000005,117.30239868164062
0.20313,0.5210549630110748,43.506,118.73062133789064
0.19764,0.8146340645735748,42.648,120.13275146484376
0.19398,0.6841409005110748,41.664,121.47411346435548
0.19032,0.5210549630110748,40.836,122.81513214111328
0.19947,0.6515481270735748,39.834,124.06585693359376
0.18483,0.8146340645735748,38.886,125.31349182128906
0.18483,0.5210549630110748,38.076,126.56215667724608
0.17751,0.5863625801985748,36.876,127.7548599243164
0.17019,0.6189553536360748,36.024,128.8916015625
0.17568,0.5210549630110748,35.172000000000004,130.04894256591797
0.19215,0.9451272286360748,33.977999999999994,131.14070892333984
0.183,0.9451272286360748,33.078,132.20569610595703
0.183,1.5324075020735748,33.078,132.20569610595703
0.17385,1.4019143380110748,32.106,133.22124481201172
0.15372,1.0756203926985748,31.17,134.22752380371094
0.15738,0.7494485176985748,30.15,135.2193832397461
0.18117,1.0756203926985748,29.202,136.14086151123047
0.16287,0.5210549630110748,28.362,137.0537567138672
0.16104,0.7494485176985748,27.234,137.95429229736328
0.14274,0.5210549630110748,26.172,138.80126953125
0.16104,0.5863625801985748,25.284,139.63623046875
0.16836,0.6841409005110748,24.336,140.41763305664062
0.13725,1.2714211739485748,23.364,141.18083953857422
0.13542,1.1082131661360748,22.188,141.92859649658203
0.13359,1.1082131661360748,21.408,142.60700225830078
0.13725,0.9125344551985748,20.316,143.28060150146484
0.13176,0.9451272286360748,19.356,143.91231536865234
0.11895,1.2387063301985748,18.396,144.5083236694336
0.12993,1.0104348458235748,17.37,145.0737762451172
0.13176,0.8473489083235748,16.326,145.60832977294922
0.12993,0.9451272286360748,15.485999999999995,146.1064910888672
0.1098,1.1409280098860748,14.496,146.5854263305664
0.10797,1.7280862130110748,13.398,147.0403289794922
0.11895,1.5975930489485748,12.426,147.4306869506836
0.11163,1.2387063301985748,11.634,147.80799865722656
0.09882,1.5975930489485748,10.638,148.15372467041016
0.1098,1.4019143380110748,9.354,148.48194122314453
0.10614,1.7606789864485748,8.526,148.75350952148438
0.08601,2.152158478636075,7.656,149.0134048461914
0.09699,1.7932717598860748,6.696,149.2386245727539
0.08784,1.7280862130110748,5.646,149.43328857421875
0.08418,1.7606789864485748,4.578,149.59945678710938
0.06039,1.7606789864485748,3.75,149.7264862060547
0.06039,1.7932717598860748,3.75,149.7264862060547
0.06771,1.6301858223860748,2.748,149.82158660888672
0.05673,1.5650002755110748,1.884,149.89093780517578
0.07137,1.5650002755110748,0.858,149.92767333984375
0.09333,1.1735207833235748,0.42,149.94243621826172
0.08601,1.0756203926985748,0.504,149.95651245117188
0.07503,1.0756203926985748,0.468,149.97299194335938
0.06405,1.2061135567610748,0.486,149.98706817626953
0.06039,1.2387063301985748,0.18,149.9970245361328
0.06954,1.2387063301985748,0.018,149.99771118164062
0.06954,1.2387063301985748,0.0119999999999999,149.99942779541016
0.06954,1.2387063301985748,0.0059999999999999,149.99908447265625
0.07137,1.2387063301985748,-0.0,149.99977111816406
0.06954,1.2387063301985748,0.0059999999999999,150.0011444091797
0.06954,1.2387063301985748,0.0059999999999999,149.99942779541016
0.06954,1.2061135567610748,0.0059999999999999,149.99908447265625
0.07137,1.2061135567610748,0.0059999999999999,149.99942779541016
0.07137,1.2387063301985748,0.0059999999999999,149.99942779541016
0.06954,1.1082131661360748,-0.0,150.0011444091797
0.06954,1.2387063301985748,0.0059999999999999,150.00011444091797
0.06954,1.2387063301985748,-0.0,150.00045776367188
0.06954,1.2387063301985748,0.0059999999999999,149.99908447265625
0.06954,1.1082131661360748,-0.0,149.99874114990234
0.06588,1.2387063301985748,-0.0,149.99874114990234
0.04941,1.2387063301985748,-0.0059999999999999,149.99977111816406
-0.00732,1.2387063301985748,-0.072,149.99874114990234
-0.08052,1.2387063301985748,-0.6839999999999999,149.98775482177734
-0.12993,1.7932717598860748,-2.148,149.94483947753906
-0.12993,1.7932717598860748,-3.5280000000000005,149.84115600585938
-0.14091,1.7932717598860748,-4.77,149.70314025878906
-0.13908,1.7606789864485748,-5.79,149.53285217285156
-0.13542,1.5975930489485748,-6.648000000000001,149.31827545166016
-0.15555,1.7932717598860748,-7.44,149.09271240234375
-0.15372,1.7280862130110748,-8.34,148.83899688720703
-0.16104,1.7932717598860748,-9.312,148.55026245117188
-0.15555,1.6301858223860748,-10.32,148.2381820678711
-0.15189,1.4996926583235748,-11.184,147.86808013916016
-0.16287,1.0756203926985748,-12.072,147.49385833740234
-0.17019,1.2387063301985748,-13.170000000000002,147.07500457763672
-0.17934,1.3040139473860748,-14.154,146.63829803466797
-0.15738,1.3040139473860748,-14.993999999999998,146.15318298339844
-0.15738,1.6301858223860748,-14.993999999999998,146.15318298339844
-0.19764,1.1409280098860748,-15.858000000000002,145.6505584716797
-0.17751,0.9451272286360748,-17.04,145.10570526123047
-0.19398,1.2061135567610748,-18.156,144.5254898071289
-0.18849,1.0756203926985748,-19.134,143.92845153808594
-0.17568,1.2061135567610748,-20.028,143.28025817871094
-0.18483,1.2387063301985748,-21.018,142.6076889038086
-0.18483,1.3366067208235748,-21.894,141.91486358642578
-0.21411,1.5975930489485748,-22.926,141.2189483642578
-0.18666,1.5650002755110748,-23.994000000000003,140.43720245361328
-0.2013,1.7280862130110748,-24.978,139.6417236328125
-0.21411,1.2387063301985748,-25.902,138.82495880126953
-0.19947,1.3366067208235748,-26.916,137.955322265625
-0.21777,1.6301858223860748,-27.93,137.07744598388672
-0.20313,1.5650002755110748,-28.872,136.1865234375
-0.22875,1.7932717598860748,-29.85,135.24341583251953
-0.22875,1.3040139473860748,-30.69,134.27833557128906
-0.21594,1.3366067208235748,-31.836,133.2909393310547
-0.21594,1.6301858223860748,-32.838,132.23041534423828
-0.23058,1.1409280098860748,-33.678000000000004,131.1664581298828
-0.2379,0.8473489083235748,-34.656,130.10009765625
-0.23241,0.8473489083235748,-35.663999999999994,128.96987915039062
-0.25071,0.8146340645735748,-36.726000000000006,127.7775192260742
-0.22692,1.0756203926985748,-37.632,126.58721923828124
-0.23607,1.0756203926985748,-38.64,125.36705017089844
-0.24888,0.8473489083235748,-39.588,124.11563873291014
-0.27084,1.0104348458235748,-40.638,122.80414581298828
-0.23973,0.6841409005110748,-41.676,121.4864730834961
-0.2690099999999999,0.7494485176985748,-42.516,120.10597229003906
-0.23973,0.5210549630110748,-43.566,118.72650146484374
-0.22875,0.6189553536360748,-44.352,117.28385925292967
-0.22875,0.7820412911360748,-44.796,115.86318969726564
-0.23241,0.6189553536360748,-44.958,114.46037292480467
-0.22692,0.3905617989485748,-45.102,112.98580169677734
-0.22326,0.2274758614485748,-45.228,111.54281616210938
-0.22326,0.5210549630110748,-45.246,110.06275177001952
-0.21411,0.6515481270735748,-45.3,108.65203857421876
-0.22692,0.5536477364485748,-45.384,107.20630645751952
-0.22326,0.3905617989485748,-45.366,105.7210922241211
-0.24522,0.0317971505110747,-45.534,104.2379379272461
-0.23607,0.2274758614485748,-45.45,102.78430938720705
-0.23424,0.2274758614485748,-45.40800000000001,101.33514404296876
-0.23424,0.5210549630110748,-45.40800000000001,101.33514404296876
-0.23607,0.4231545723860748,-45.438,99.8873519897461
-0.23058,0.2600686348860748,-45.414,98.4371566772461
-0.22875,-0.1314108573014252,-45.48,96.98284149169922
-0.24522,0.1295754708235748,-45.396,95.53024291992188
-0.22326,-0.0009176932389252,-45.498,94.09172058105467
-0.22143,0.1295754708235748,-45.468,92.62950897216795
-0.22326,0.1295754708235748,-45.414,91.17691040039062
-0.22875,-0.3596823416764252,-45.456,89.6923828125
-0.22692,0.0969826973860747,-45.432,88.23978424072266
-0.23058,-0.0009176932389252,-45.42,86.82701110839844
-0.23607,-0.0009176932389252,-45.432,85.341796875
-0.23241,0.1295754708235748,-45.36,83.89503479003906
-0.23607,0.1295754708235748,-45.45,82.44003295898438
-0.23607,-0.1965964041764252,-45.45,82.44003295898438
-0.24522,-0.0009176932389252,-45.426,81.01696014404297
-0.23241,-0.0009176932389252,-45.414,79.53758239746094
-0.22143,0.0317971505110747,-45.294,78.08738708496094
-0.23424,0.1295754708235748,-45.384,76.6739273071289
-0.22326,-0.3923971854264252,-45.45,75.15129089355469
-0.22326,-0.0009176932389252,-45.324,73.73062133789062
-0.23058,0.1295754708235748,-45.396,72.24952697753906
-0.23607,0.1295754708235748,-45.348,70.79795837402344
-0.23058,0.0643899239485747,-45.486,69.34673309326172
-0.23058,-0.3270895682389252,-45.402,67.85636901855469
-0.23607,-0.1965964041764252,-45.354,66.4394760131836
-0.23058,0.1295754708235748,-45.426,64.95185852050781
-0.23241,0.1295754708235748,-45.366,63.50406646728515
-0.22326,0.0317971505110747,-45.402,62.01747894287109
-0.2196,-0.2291891776139252,-45.45,60.53398132324218
-0.20862,-0.3923971854264252,-45.456,59.1119384765625
-0.22143,-0.0009176932389252,-45.486,57.62672424316407
-0.23607,0.1295754708235748,-45.366,56.178932189941406
-0.22509,0.0643899239485747,-45.414,54.69440460205078
-0.23607,0.0643899239485747,-45.348,53.20919036865234
-0.23607,-0.3270895682389252,-45.348,53.20919036865234
-0.22875,-0.3923971854264252,-45.36,51.72260284423828
-0.22326,-0.4901755057389252,-45.45,50.24185180664063
-0.21411,0.1295754708235748,-45.36,48.755950927734375
-0.24156,0.2600686348860748,-45.40800000000001,47.30918884277344
-0.21777,-0.1314108573014252,-45.402,45.823974609375
-0.23424,-0.0335104666764252,-45.396,44.338417053222656
-0.24156,-0.4901755057389252,-45.438,42.915000915527344
-0.24156,0.0969826973860747,-45.36,41.43081665039063
-0.23058,0.5210549630110748,-45.354,39.98199462890625
-0.22692,0.1948830880110748,-45.402,38.501243591308594
-0.2196,0.1295754708235748,-45.468,37.048301696777344
-0.21777,-0.3923971854264252,-45.366,35.55999755859375
-0.24156,0.1295754708235748,-45.378,34.1455078125
-0.21594,0.5536477364485748,-45.576,32.69325256347656
-0.22509,0.6515481270735748,-45.396,31.209068298339844
-0.22509,0.1948830880110748,-45.432,29.757843017578125
-0.22326,-0.1640036307389252,-45.444,28.267478942871094
-0.22875,-0.1640036307389252,-45.426,26.84680938720703
-0.2379,0.5210549630110748,-45.432,25.363311767578125
-0.23058,0.6841409005110748,-45.348,23.91071319580078
-0.22509,0.4231545723860748,-45.38999999999999,22.46498107910156
-0.24156,0.0643899239485747,-45.396,21.046371459960938
-0.21777,-0.2944967948014252,-45.468,19.52442169189453
-0.2196,0.5210549630110748,-45.40800000000001,18.10924530029297
-0.22326,1.0104348458235748,-45.468,16.66351318359375
-0.22509,0.6841409005110748,-45.486,15.24421691894531
-0.23607,0.1295754708235748,-45.372,13.75591278076172
-0.22326,0.0969826973860747,-45.456,12.301254272460938
-0.23058,0.5210549630110748,-45.432,10.820846557617188
-0.2379,1.0104348458235748,-45.366,9.370994567871094
-0.23607,1.2387063301985748,-45.45,7.888183593749999
-0.24522,0.4884621895735748,-45.42,6.464424133300781
-0.22875,0.1295754708235748,-45.348,5.012168884277344
-0.23058,0.4231545723860748,-45.312,3.52935791015625
-0.22326,1.0756203926985748,-45.342,2.083282470703125
-0.23241,1.5975930489485748,-45.366,0.6324005126953125
-0.23058,0.6841409005110748,-45.38999999999999,-0.8510971069335938
-0.23241,0.2927834786360748,-45.456,-2.272796630859375
-0.21045,0.2600686348860748,-45.45,-3.764190673828125
-0.23424,1.1082131661360748,-45.38999999999999,-5.212326049804688
-0.23607,1.7932717598860748,-45.354,-6.694793701171875
-0.2379,1.2387063301985748,-45.366,-8.1463623046875
-0.23058,1.1082131661360748,-45.384,-9.623680114746094
-0.23607,0.5210549630110748,-45.396,-11.055335998535156
-0.21411,0.5210549630110748,-45.432,-12.538490295410156
-0.21411,1.1735207833235748,-45.432,-12.538490295410156
-0.22875,1.6301858223860748,-45.36,-13.989028930664062
-0.22509,1.5975930489485748,-45.294,-15.47218322753906
-0.22509,1.3040139473860748,-45.402,-16.921348571777344
-0.23058,0.5210549630110748,-45.414,-18.38081359863281
-0.22326,1.1735207833235748,-45.432,-19.833755493164062
-0.23058,1.1735207833235748,-45.396,-21.319656372070312
-0.23058,1.4670998848860748,-45.396,-21.319656372070312
-0.22692,1.9564797676985748,-45.282,-22.767105102539062
-0.23058,1.9564797676985748,-45.36,-24.24888610839844
-0.23058,1.7932717598860748,-45.36,-24.24888610839844
-0.23607,0.7494485176985748,-45.372,-25.70148468017578
-0.22143,1.2714211739485748,-45.384,-27.155799865722656
-0.23058,1.6301858223860748,-45.306,-28.598785400390625
-0.23058,1.7606789864485748,-45.348,-30.08434295654297
-0.2379,2.086972931761075,-45.396,-31.59976959228516
-0.24156,1.6301858223860748,-45.366,-33.122406005859375
-0.23241,1.0756203926985748,-45.42,-34.543418884277344
-0.25071,1.6301858223860748,-45.342,-36.03206634521485
-0.23424,2.184751252073575,-45.396,-37.47779846191406
-0.23058,2.380552033323575,-45.312,-38.96369934082031
-0.23973,2.315244416136075,-45.3,-40.40977478027344
-0.22509,1.7932717598860748,-45.52199999999999,-41.896705627441406
-0.22875,1.7606789864485748,-45.426,-43.317718505859375
-0.2196,2.315244416136075,-45.486,-44.75486755371094
-0.23241,2.380552033323575,-45.42,-46.217079162597656
-0.2379,2.315244416136075,-45.372,-47.66796112060547
-0.23424,1.7932717598860748,-45.414,-49.118499755859375
-0.22326,1.8585793770735748,-45.534,-50.5752182006836
-0.22875,2.282651642698575,-45.552,-52.02678680419922
-0.22875,2.706723908323575,-45.336,-53.44367980957031
-0.24156,2.478330353636075,-45.318000000000005,-54.92546081542969
-0.22692,2.315244416136075,-45.516,-56.37908935546875
-0.23607,1.7932717598860748,-45.402,-57.80010223388672
-0.2196,2.217466095823575,-45.396,-59.27982330322266
-0.22692,2.576230744261075,-45.426,-60.72898864746095
-0.22875,2.315244416136075,-45.444,-62.181243896484375
-0.21411,2.380552033323575,-45.492,-63.66371154785156
-0.22326,2.184751252073575,-45.414,-65.10635375976562
-0.22509,2.413144806761075,-45.42,-66.53594970703125
-0.23607,2.706723908323575,-45.40800000000001,-68.01395416259766
-0.24705,2.641538361448575,-45.432,-69.50054168701172
-0.23607,2.869809845823575,-45.40800000000001,-70.94902038574219
-0.25254,2.380552033323575,-45.402,-72.43766784667969
-0.22875,2.706723908323575,-45.438,-73.92219543457031
-0.22692,2.706723908323575,-45.498,-75.37445068359375
-0.22875,2.869809845823575,-45.540000000000006,-76.85623168945312
-0.22326,2.837217072386075,-45.444,-78.27587127685547
-0.23241,2.804624298948575,-45.366,-79.76177215576172
-0.22143,2.706723908323575,-45.48,-81.2160873413086
-0.22692,2.706723908323575,-45.38999999999999,-82.62096405029297
-0.2379,2.869809845823575,-45.504,-84.15149688720703
-0.23973,2.804624298948575,-45.444,-85.56804656982422
-0.2379,2.869809845823575,-45.48,-87.02339172363281
-0.23607,2.706723908323575,-45.438,-88.44097137451172
-0.22326,2.706723908323575,-45.384,-89.96223449707031
-0.22326,2.739316681761075,-45.384,-89.96223449707031
-0.22509,2.869809845823575,-45.42,-91.3726043701172
-0.21594,2.869809845823575,-45.456,-92.82451629638672
-0.22692,2.837217072386075,-45.438,-94.27745819091795
-0.2196,2.772031525511075,-45.444,-95.69572448730467
-0.22509,2.869809845823575,-45.40800000000001,-97.14557647705078
-0.2196,2.869809845823575,-45.51,-98.6301040649414
-0.22509,2.869809845823575,-45.498,-100.08098602294922
-0.23424,2.772031525511075,-45.45,-101.53186798095705
-0.23607,2.706723908323575,-45.456,-102.98412322998048
-0.23607,2.869809845823575,-45.45,-104.4683074951172
-0.23058,2.804624298948575,-45.426,-105.90167999267578
-0.23607,2.869809845823575,-45.42,-107.36286163330078
-0.23058,2.869809845823575,-45.558,-108.84429931640624
-0.2196,2.706723908323575,-45.504,-110.26805877685548
-0.21777,2.706723908323575,-45.45,-111.7206573486328
-0.21777,2.869809845823575,-45.45,-111.7206573486328
-0.22326,2.935117463011075,-45.504,-113.2027816772461
-0.22143,2.935117463011075,-45.3,-114.68284606933594
-0.22143,2.869809845823575,-45.3,-114.68284606933594
-0.21594,2.837217072386075,-44.952000000000005,-116.08978271484376
-0.20862,2.706723908323575,-44.184,-117.5760269165039
-0.20496,2.706723908323575,-43.284,-119.0032196044922
-0.19032,2.869809845823575,-42.510000000000005,-120.39230346679688
-0.19032,2.869809845823575,-41.46,-121.76284790039062
-0.20313,2.869809845823575,-40.566,-123.06335449218749
-0.19581,2.739316681761075,-39.75,-124.3436050415039
-0.17568,2.804624298948575,-38.67,-125.61424255371094
-0.183,2.804624298948575,-37.698,-126.83200836181642
-0.183,2.641538361448575,-37.698,-126.83200836181642
-0.17934,2.706723908323575,-36.798,-128.0185317993164
-0.16653,2.706723908323575,-35.784,-129.14119720458984
-0.16836,2.804624298948575,-34.842,-130.25012969970703
-0.1647,3.033017853636075,-33.984,-131.3686752319336
-0.16287,2.739316681761075,-32.94,-132.41958618164062
-0.16104,2.315244416136075,-31.884,-133.4461212158203
-0.16836,2.576230744261075,-31.026,-134.43866729736328
-0.16287,2.869809845823575,-29.97,-135.43292999267578
-0.15555,2.608823517698575,-28.932,-136.36882781982422
-0.15921,2.576230744261075,-27.96,-137.28687286376953
-0.14457,2.511045197386075,-27.114,-138.14311981201172
-0.14457,2.511045197386075,-26.094,-139.00279998779297
-0.13908,2.543637970823575,-25.002,-139.80892181396484
-0.13725,2.217466095823575,-24.006,-140.6143569946289
-0.14457,2.706723908323575,-23.130000000000003,-141.3329315185547
-0.13542,2.869809845823575,-22.23,-142.0539093017578
-0.1281,2.869809845823575,-21.078000000000003,-142.73643493652344
-0.12627,2.837217072386075,-20.082,-143.41175079345703
-0.12993,2.869809845823575,-19.146,-144.01565551757812
-0.13908,3.000303009886075,-18.186,-144.60617065429688
-0.1098,2.739316681761075,-17.34,-145.16372680664062
-0.12627,2.902524689573575,-16.332,-145.68729400634766
-0.1098,2.641538361448575,-15.192,-146.19094848632812
-0.12261,2.576230744261075,-14.172,-146.6571807861328
-0.11712,2.706723908323575,-13.35,-147.09182739257812
-0.11895,2.576230744261075,-12.414,-147.50072479248047
-0.11346,2.706723908323575,-11.358,-147.86842346191406
-0.11712,2.837217072386075,-10.506,-148.2004165649414
-0.0915,2.315244416136075,-9.624,-148.50940704345703
-0.08601,2.315244416136075,-8.526,-148.8039779663086
-0.08235,2.347959259886075,-7.404,-149.05597686767578
-0.08967,2.315244416136075,-6.420000000000001,-149.27433013916016
-0.08418,2.315244416136075,-5.418,-149.4573211669922
-0.08235,2.772031525511075,-4.572,-149.61009979248047
-0.0732,2.869809845823575,-3.426,-149.7278594970703
-0.06771,2.869809845823575,-2.6940000000000004,-149.82467651367188
-0.0549,2.869809845823575,-1.734,-149.88922119140625
-0.06405,2.869809845823575,-1.152,-149.9307632446289
-0.03477,2.772031525511075,-0.966,-149.96543884277344
-0.04941,2.869809845823575,-0.27,-149.98088836669922
-0.06405,2.869809845823575,-0.042,-149.98432159423828
-0.06771,2.869809845823575,-0.054,-149.9853515625
-0.0732,2.869809845823575,-0.0479999999999999,-149.98432159423828
-0.07503,2.869809845823575,-0.054,-149.98809814453125
-0.07137,2.869809845823575,-0.0479999999999999,-149.98809814453125
-0.0732,2.869809845823575,-0.042,-149.9901580810547
-0.07686,2.837217072386075,-0.0479999999999999,-149.99221801757812
-0.07869,2.869809845823575,-0.042,-149.99496459960938
-0.07686,2.869809845823575,-0.036,-149.9956512451172
-0.08052,2.869809845823575,-0.036,-149.9966812133789
-0.08052,2.869809845823575,-0.018,-149.99908447265625
-0.08052,2.869809845823575,-0.018,-149.99805450439453
-0.07869,2.869809845823575,-0.0119999999999999,-149.99908447265625
-0.08052,2.869809845823575,-0.0119999999999999,-149.99908447265625
-0.07869,2.869809845823575,-0.0059999999999999,-150.00011444091797
-0.06954,2.869809845823575,0.0059999999999999,-149.99977111816406
-0.04392,2.869809845823575,0.0239999999999999,-149.99771118164062
0.00366,2.869809845823575,0.114,-149.9966812133789
0.07503,2.869809845823575,0.858,-149.9791717529297
0.13908,2.869809845823575,1.788,-149.93934631347656
0.13908,2.706723908323575,1.788,-149.93934631347656
0.15189,2.380552033323575,3.678,-149.84355926513672
0.13542,2.576230744261075,5.01,-149.6938705444336
0.13176,2.706723908323575,6.078,-149.50984954833984
0.13359,2.804624298948575,6.804,-149.30419921875
0.12444,2.772031525511075,7.667999999999999,-149.06387329101562
0.15738,2.706723908323575,8.454,-148.80054473876953
0.15738,2.706723908323575,9.282,-148.50357055664062
0.14823,2.706723908323575,10.236,-148.19011688232422
0.16836,2.706723908323575,11.268,-147.83958435058594
0.15921,2.706723908323575,12.3,-147.46707916259766
0.17019,2.706723908323575,13.164,-147.03929901123047
0.18666,2.543637970823575,14.154,-146.59366607666016
0.17385,2.641538361448575,15.234,-146.1229705810547
0.18483,2.380552033323575,16.266000000000002,-145.59528350830078
0.17568,2.608823517698575,17.082,-145.04905700683594
0.19032,2.706723908323575,18.108,-144.47364807128906
0.19215,2.282651642698575,19.044,-143.87454986572266
0.19398,2.347959259886075,20.118,-143.2291030883789
0.18666,2.543637970823575,21.048,-142.5702667236328
0.19398,2.119565705198575,22.206,-141.87400817871094
0.19398,2.478330353636075,23.124,-141.0919189453125
0.19947,2.315244416136075,24.102,-140.3396987915039
0.22326,2.315244416136075,24.966,-139.54662322998047
0.22326,2.706723908323575,24.966,-139.54662322998047
0.20862,2.445737580198575,26.058,-138.7291717529297
0.20496,2.869809845823575,27.12,-137.8567886352539
0.21228,2.837217072386075,28.008,-136.97032928466797
0.21411,2.837217072386075,28.974,-136.0330581665039
0.21411,2.869809845823575,28.974,-136.0330581665039
0.2196,2.772031525511075,30.0,-135.10059356689453
0.21228,2.706723908323575,31.09800000000001,-134.08435821533203
0.23607,2.347959259886075,31.937999999999995,-133.1041717529297
0.2379,2.706723908323575,32.892,-132.0439910888672
0.23424,2.282651642698575,33.965999999999994,-130.97557067871094
0.22692,2.217466095823575,34.998000000000005,-129.8467254638672
0.22875,2.184751252073575,35.892,-128.66981506347656
0.23424,2.445737580198575,36.942,-127.4802017211914
0.24705,2.576230744261075,37.95,-126.31324768066406
0.24339,2.706723908323575,38.796,-125.05256652832033
0.2562,2.478330353636075,39.864,-123.79669189453124
0.23607,2.674131134886075,40.878,-122.50408172607422
0.24888,2.641538361448575,41.766,-121.14864349365234
0.24156,2.869809845823575,42.888000000000005,-119.75852966308597
0.24888,2.706723908323575,43.69799999999999,-118.40721130371094
0.24156,2.706723908323575,44.448,-116.92783355712888
0.23241,2.869809845823575,44.940000000000005,-115.53531646728516
0.22509,2.902524689573575,44.976,-114.0652084350586
0.22509,3.098203400511075,45.246,-112.6263427734375
0.22509,2.869809845823575,45.216,-111.14387512207033
0.22875,2.706723908323575,45.276,-109.7043228149414
0.2196,2.902524689573575,45.38999999999999,-108.25618743896484
0.23607,2.869809845823575,45.306,-106.74179077148438
0.22326,3.000303009886075,45.498,-105.33245086669922
0.23424,2.869809845823575,45.396,-103.8376235961914
0.22875,2.706723908323575,45.42,-102.39051818847656
0.22692,2.706723908323575,45.492,-100.90530395507812
0.22143,2.869809845823575,45.468,-99.4204330444336
0.20679,2.837217072386075,45.624,-97.96302795410156
0.2196,2.869809845823575,45.342,-96.54544830322266
0.21411,2.706723908323575,45.40800000000001,-95.0749969482422
0.23058,2.739316681761075,45.40800000000001,-93.6138153076172
0.23241,2.869809845823575,45.38999999999999,-92.15984344482422
0.22509,2.869809845823575,45.51,-90.7412338256836
0.22875,2.869809845823575,45.42,-89.2913818359375
0.22509,2.869809845823575,45.540000000000006,-87.80479431152344
0.23607,2.804624298948575,45.378,-86.38652801513672
0.22692,2.706723908323575,45.36,-84.88414764404297
0.22143,2.869809845823575,45.582,-83.45111846923828
0.2196,2.837217072386075,45.414,-81.96624755859375
0.21411,2.706723908323575,45.528000000000006,-80.51673889160156
0.2196,2.706723908323575,45.324,-79.03427124023438
0.23241,2.608823517698575,45.378,-77.55146026611328
0.22326,2.869809845823575,45.438,-76.06761932373047
0.23058,2.706723908323575,45.402,-74.6136474609375
0.23058,2.739316681761075,45.552,-73.1634521484375
0.23058,2.576230744261075,45.366,-71.6806411743164
0.22692,2.413144806761075,45.498,-70.1974868774414
0.20862,2.706723908323575,45.432,-68.75003814697266
0.23241,2.641538361448575,45.354,-67.25898742675781
0.2196,2.511045197386075,45.576,-65.8026123046875
0.22875,2.315244416136075,45.372,-64.32872772216797
0.22509,2.315244416136075,45.486,-62.84008026123046
0.22509,2.119565705198575,45.486,-62.84008026123046
0.21777,2.641538361448575,45.366,-61.380958557128906
0.22326,2.641538361448575,45.40800000000001,-59.94140624999999
0.22326,2.380552033323575,45.40800000000001,-59.94140624999999
0.21777,2.315244416136075,45.498,-58.47610473632813
0.21594,2.250058869261075,45.378,-57.02625274658203
0.21777,1.7932717598860748,45.564,-55.53966522216797
0.22326,2.184751252073575,45.36,-54.05548095703125
0.22692,2.347959259886075,45.426,-52.57095336914063
0.22509,2.315244416136075,45.45,-51.11869812011719
0.22875,2.445737580198575,45.402,-49.63554382324219
0.2196,1.7932717598860748,45.552,-48.15135955810547
0.22875,1.7280862130110748,45.342,-46.67026519775391
0.22509,2.054258088011075,45.42,-45.25440216064453
0.21777,2.315244416136075,45.40800000000001,-43.765411376953125
0.21777,2.250058869261075,45.384,-42.3134994506836
0.22143,2.250058869261075,45.468,-40.82862854003906
0.22143,1.9890725411360748,45.468,-40.82862854003906
0.23241,1.6301858223860748,45.354,-39.416542053222656
0.22875,1.6301858223860748,45.492,-37.89562225341797
0.23058,2.315244416136075,45.36,-36.44062042236328
0.22692,1.9564797676985748,45.38999999999999,-34.98664855957031
0.2196,2.021665314573575,45.402,-33.5357666015625
0.22875,1.2387063301985748,45.306,-32.05329895019531
0.22326,1.0756203926985748,45.474,-30.60344696044922
0.22692,2.184751252073575,45.36,-29.17865753173828
0.2196,1.7932717598860748,45.384,-27.693099975585938
0.2196,1.7932717598860748,45.42,-26.241188049316406
0.23058,1.2387063301985748,45.282,-24.756317138671875
0.22875,0.7494485176985748,45.45,-23.30474853515625
0.23424,1.4996926583235748,45.258,-21.82090759277344
0.2196,1.7932717598860748,45.40800000000001,-20.41088104248047
0.22326,1.7606789864485748,45.372,-18.91674041748047
0.22509,1.2061135567610748,45.33,-17.463111877441406
0.22326,0.5536477364485748,45.48,-16.018409729003906
0.22509,1.0756203926985748,45.306,-14.53113555908203
0.22326,1.7606789864485748,45.414,-13.078880310058594
0.22692,1.6301858223860748,45.318000000000005,-11.559333801269531
0.23058,1.3691994942610748,45.306,-10.147933959960938
0.22143,0.6841409005110748,45.492,-8.6627197265625
0.23607,0.6189553536360748,45.312,-7.181968688964845
0.2196,1.4996926583235748,45.40800000000001,-5.727996826171875
0.22692,1.3691994942610748,45.336,-4.2414093017578125
0.22692,1.2387063301985748,45.366,-2.7908706665039062
0.22326,0.6841409005110748,45.45,-1.373291015625
0.23058,0.4558694161360748,45.336,0.1074600219726562
0.22509,0.7494485176985748,45.48,1.5950775146484375
0.22509,1.2387063301985748,45.33,3.0483627319335938
0.2379,1.0756203926985748,45.426,4.53460693359375
0.23241,0.6515481270735748,45.45,5.9566497802734375
0.23424,0.1295754708235748,45.342,7.471046447753905
0.23241,0.0969826973860747,45.468,8.888282775878906
0.22326,1.0756203926985748,45.324,10.375900268554688
0.22143,0.6841409005110748,45.384,11.83124542236328
0.2196,0.5210549630110748,45.354,13.315086364746094
0.22326,0.1295754708235748,45.354,14.762535095214844
0.21594,-0.0661032401139252,45.534,16.177024841308594
0.22509,0.6841409005110748,45.294,17.663955688476562
0.2196,0.6515481270735748,45.45,19.11449432373047
0.21411,0.6841409005110748,45.414,20.52349090576172
0.24156,0.1295754708235748,45.402,22.04818725585937
0.22875,-0.0009176932389252,45.546,23.530311584472656
0.23424,0.4231545723860748,45.36,24.950294494628903
0.2196,0.5536477364485748,45.396,26.435508728027344
0.22692,0.5863625801985748,45.342,27.91900634765625
0.22692,0.1295754708235748,45.354,29.368858337402344
0.21777,-0.3923971854264252,45.516,30.82008361816406
0.23607,-0.0009176932389252,45.366,32.30289459228516
0.22692,0.3905617989485748,45.492,33.71978759765625
0.23607,0.5210549630110748,45.378,35.208091735839844
0.2379,0.1948830880110748,45.456,36.69330596923828
0.22509,-0.3923971854264252,45.492,38.14865112304688
0.23058,-0.3923971854264252,45.40800000000001,39.59266662597656
0.21777,-0.0009176932389252,45.528000000000006,41.007843017578125
0.22509,-0.0009176932389252,45.3,42.46971130371094
0.22143,0.1295754708235748,45.378,43.92539978027344
0.22326,-0.4249899588639252,45.36,45.40752410888672
0.23058,-0.5554831229264252,45.366,46.8182373046875
0.2196,-0.0661032401139252,45.546,48.30860137939453
0.21594,-0.0661032401139252,45.336,49.76188659667969
0.22692,-0.0661032401139252,45.40800000000001,51.24813079833984
0.22692,0.1295754708235748,45.40800000000001,51.24813079833984
0.23241,-0.3923971854264252,45.38999999999999,52.701416015625
0.22143,-0.3923971854264252,45.396,54.18148040771485
0.22143,-0.4575827323014252,45.396,54.18148040771485
0.22326,-0.0986960135514252,45.492,55.599403381347656
0.23424,-0.0986960135514252,45.336,57.05028533935547
0.23424,-0.0335104666764252,45.336,57.05028533935547
0.23241,0.0969826973860747,45.468,58.47129821777344
0.22509,-0.2944967948014252,45.414,59.97985839843749
0.22692,-0.5554831229264252,45.384,61.406021118164055
0.22143,-0.2944967948014252,45.474,62.88402557373047
0.22509,0.0969826973860747,45.294,64.33799743652344
0.22509,-0.0009176932389252,45.456,65.7919692993164
0.23058,-0.2291891776139252,45.336,67.24113464355469
0.22509,-0.3923971854264252,45.40800000000001,68.68892669677734
0.23424,-0.5554831229264252,45.45,70.17414093017578
0.23973,0.0969826973860747,45.336,71.65901184082031
0.23607,-0.1640036307389252,45.456,73.1136703491211
0.23424,-0.3270895682389252,45.354,74.56146240234375
0.23424,-0.4249899588639252,45.366,76.01337432861328
0.22692,-0.4249899588639252,45.40800000000001,77.53189086914062
0.22692,-0.5554831229264252,45.40800000000001,77.53189086914062
0.23607,-0.0661032401139252,45.372,79.04937744140625
0.22875,-0.0661032401139252,45.474,80.53733825683594
0.24339,-0.1965964041764252,45.318000000000005,81.9906234741211
0.23241,-0.3923971854264252,45.462,83.47652435302734
0.22692,-0.4249899588639252,45.432,84.88140106201172
0.22875,-0.2944967948014252,45.468,86.37897491455078
0.2196,0.1295754708235748,45.462,87.83191680908203
0.23058,-0.0661032401139252,45.3,89.31575775146484
0.2196,-0.2944967948014252,45.516,90.7961654663086
0.22509,-0.3923971854264252,45.432,92.2525405883789
0.23058,-0.2291891776139252,45.444,93.77002716064452
0.23241,-0.0009176932389252,45.384,95.18451690673828
0.24156,-0.0009176932389252,45.378,96.66561126708984
0.24156,0.1295754708235748,45.378,96.66561126708984
0.22692,0.0643899239485747,45.594,98.1521987915039
0.22875,-0.2291891776139252,45.354,99.60308074951172
0.22692,-0.0009176932389252,45.528000000000006,101.05018615722656
0.22692,-0.0009176932389252,45.396,102.5350570678711
0.24339,0.1948830880110748,45.42,104.0182113647461
0.23058,0.1295754708235748,45.546,105.50514221191406
0.23973,0.0643899239485747,45.38999999999999,106.9573974609375
0.24156,0.0317971505110747,45.51,108.37566375732422
0.24156,0.0317971505110747,45.438,109.82551574707033
0.23058,0.0317971505110747,45.414,111.24309539794922
0.23058,0.4231545723860748,45.414,111.24309539794922
0.23241,0.1622903145735748,45.576,112.73414611816406
0.22692,0.1295754708235748,45.318000000000005,114.18228149414062
0.2013,0.0969826973860747,45.12,115.61874389648438
0.20496,0.1622903145735748,44.382,117.01709747314452
0.21411,0.6841409005110748,43.620000000000005,118.45252990722656
0.19581,0.6515481270735748,42.918,119.827880859375
0.20496,0.2927834786360748,41.826,121.20666503906249
0.19947,0.2927834786360748,40.98,122.5535202026367
0.19947,0.5863625801985748,40.98,122.5535202026367
0.18849,0.9451272286360748,39.95400000000001,123.86947631835938
0.2013,0.9451272286360748,38.994,125.11470794677736
0.2013,1.1735207833235748,38.994,125.11470794677736
0.18117,0.5536477364485748,38.172,126.36646270751952
0.19398,0.5536477364485748,37.008,127.60517120361328
0.19398,0.9451272286360748,37.008,127.60517120361328
0.17934,1.0756203926985748,36.114,128.74053955078125
0.17019,0.9778420723860748,35.328,129.89994049072266
0.17019,1.1735207833235748,34.188,130.99822998046875
0.17202,1.2387063301985748,33.162000000000006,132.09239959716797
0.15921,0.9451272286360748,32.184,133.16253662109375
0.15372,0.9451272286360748,31.271999999999995,134.16812896728516
0.16287,1.0756203926985748,30.24,135.13870239257812
0.17019,1.2387063301985748,29.25,136.05640411376953
0.14091,0.7494485176985748,28.428,136.99813842773438
0.17568,1.0104348458235748,27.27,137.90176391601562
0.13908,0.6841409005110748,26.286,138.75423431396484
0.14091,1.0104348458235748,25.374,139.56928253173828
0.16104,0.9451272286360748,24.366,140.37334442138672
0.14457,1.3040139473860748,23.430000000000003,141.12041473388672
0.16104,1.1409280098860748,22.266,141.8286895751953
0.15921,1.1735207833235748,21.534,142.51808166503906
0.15189,1.0104348458235748,20.496,143.18172454833984
0.13359,1.0756203926985748,19.548,143.81549835205078
0.11346,0.9125344551985748,18.534,144.4375991821289
0.14457,0.6841409005110748,17.454,144.986572265625
0.11895,0.6841409005110748,16.499999999999996,145.52799224853516
0.13542,0.5210549630110748,15.582000000000004,146.0302734375
0.10614,1.0756203926985748,14.67,146.52568817138672
0.11712,1.5650002755110748,13.566,146.97269439697266
0.12078,1.4019143380110748,12.593999999999998,147.3699188232422
0.10431,1.2387063301985748,11.814,147.74860382080078
0.09516,1.7606789864485748,10.722,148.11527252197266
0.1098,1.7606789864485748,9.51,148.43524932861328
0.1098,1.6301858223860748,9.51,148.43524932861328
0.10065,1.6954934395735748,8.67,148.7116241455078
0.0915,1.6954934395735748,7.914,148.9698028564453
0.0915,1.8585793770735748,7.914,148.9698028564453
0.09333,1.7932717598860748,6.8580000000000005,149.19776916503906
0.08052,1.4345071114485748,5.802,149.4078826904297
0.0732,1.6629006661360748,4.806,149.57096099853516
0.06222,1.6954934395735748,3.9,149.70657348632812
0.07137,1.6301858223860748,2.844,149.80854034423828
0.05673,1.5650002755110748,1.962,149.87995147705078
0.06954,1.6301858223860748,1.0319999999999998,149.9242401123047
0.0915,1.2387063301985748,0.474,149.9410629272461
0.08967,1.2061135567610748,0.492,149.9582290649414
0.07137,1.2387063301985748,0.444,149.9736785888672
0.06588,1.1735207833235748,0.474,149.9856948852539
0.06222,1.2387063301985748,0.18,149.99771118164062
0.07137,1.2387063301985748,0.0239999999999999,149.99874114990234
0.06954,1.2387063301985748,0.0119999999999999,149.99839782714844
0.06954,1.2061135567610748,0.0059999999999999,149.99805450439453
0.06954,1.2387063301985748,0.0059999999999999,149.99771118164062
0.06954,1.2387063301985748,0.0059999999999999,149.99908447265625
0.06954,1.2061135567610748,0.0059999999999999,149.99805450439453
0.06771,1.2061135567610748,0.0059999999999999,149.99977111816406
0.06954,1.2387063301985748,0.0059999999999999,150.00045776367188
0.06954,1.1735207833235748,0.0059999999999999,150.00011444091797
0.06771,1.2387063301985748,0.0059999999999999,149.99942779541016
0.06771,1.2387063301985748,-0.0,149.99771118164062
0.06954,1.2387063301985748,-0.0,149.99908447265625
0.06771,1.2387063301985748,-0.0,149.99908447265625
0.06588,1.2387063301985748,-0.0,149.99942779541016
0.04758,1.2387063301985748,-0.0119999999999999,149.99942779541016
0.00183,1.2387063301985748,-0.0479999999999999,149.99942779541016
-0.05856,1.3040139473860748,-0.474,149.99359130859375
-0.11346,1.5975930489485748,-1.548,149.96200561523438
-0.12993,1.6629006661360748,-3.222,149.87686157226562
-0.14823,1.7280862130110748,-4.199999999999999,149.75704193115234
-0.15555,1.4670998848860748,-5.4,149.58847045898438
-0.14091,1.1082131661360748,-6.33,149.3917465209961
-0.15189,1.2387063301985748,-7.128,149.1665267944336
-0.15921,1.7606789864485748,-7.998,148.9255142211914
-0.16287,1.7932717598860748,-8.946,148.64948272705078
-0.14274,1.7932717598860748,-10.062,148.33946228027344
-0.14274,1.7932717598860748,-11.01,147.9861831665039
-0.15372,1.6629006661360748,-11.808,147.6068115234375
-0.16287,1.7280862130110748,-12.726,147.21988677978516
-0.17202,2.021665314573575,-13.842,146.78009033203125
-0.17568,1.7932717598860748,-14.766000000000002,146.30081176757812
-0.17568,1.6301858223860748,-15.546,145.8263397216797
-0.18483,1.1409280098860748,-16.578,145.3106689453125
-0.17751,0.8473489083235748,-17.7,144.75139617919922
-0.20313,1.2714211739485748,-18.726,144.17015075683594
-0.183,1.4670998848860748,-19.668,143.54942321777344
-0.18666,1.3040139473860748,-20.544,142.90569305419922
-0.18666,0.7168557442610748,-21.522,142.20565795898438
-0.20313,1.0756203926985748,-22.452,141.4977264404297
-0.18666,1.0756203926985748,-23.712,140.72559356689453
-0.20496,1.2387063301985748,-24.528,139.95792388916016
-0.21411,1.1735207833235748,-25.596,139.12982940673828
-0.20862,0.6841409005110748,-26.454,138.31993103027344
-0.22143,1.0756203926985748,-27.462,137.45166778564453
-0.20496,0.7494485176985748,-28.554,136.5277862548828
-0.22509,1.2387063301985748,-29.562,135.60218811035156
-0.21777,0.9125344551985748,-30.36,134.63642120361328
-0.2196,0.8473489083235748,-31.44,133.64730834960938
-0.22509,0.6841409005110748,-32.49,132.60360717773438
-0.2196,1.2387063301985748,-33.444,131.54308319091797
-0.23058,1.6629006661360748,-34.26,130.43071746826172
-0.23058,1.2714211739485748,-35.424,129.28539276123047
-0.24522,0.6841409005110748,-36.426,128.13594818115234
-0.24156,0.9778420723860748,-37.38,126.9308853149414
-0.23424,0.6189553536360748,-38.424,125.71380615234374
-0.23973,1.0756203926985748,-39.282,124.48265075683592
-0.26169,1.0756203926985748,-40.278,123.17012786865234
-0.25437,1.0756203926985748,-41.382,121.80438995361328
-0.24705,0.3253762520735748,-42.324,120.48465728759768
-0.25071,0.5863625801985748,-43.296,119.11788940429686
-0.24522,0.7494485176985748,-44.148,117.68211364746092
-0.24156,0.6841409005110748,-44.658,116.26556396484374
-0.23058,0.1948830880110748,-45.0,114.85828399658205
-0.22692,0.4231545723860748,-45.0,113.3902359008789
-0.22875,0.4558694161360748,-45.168,111.9510269165039
-0.23058,0.6515481270735748,-45.252,110.50666809082033
-0.23424,0.6841409005110748,-45.264,109.06230926513672
-0.22509,0.4231545723860748,-45.36,107.61383056640624
-0.22326,0.0969826973860747,-45.372,106.14028930664062
-0.23058,0.5210549630110748,-45.438,104.64889526367188
-0.2379,0.2274758614485748,-45.384,103.16436767578124
-0.23607,0.5210549630110748,-45.40800000000001,101.68018341064452
-0.23424,0.1948830880110748,-45.438,100.19771575927734
-0.22692,0.1295754708235748,-45.438,98.74271392822266
-0.22326,0.0969826973860747,-45.534,97.2568130493164
-0.22692,0.1295754708235748,-45.372,95.77400207519533
-0.23058,0.1948830880110748,-45.492,94.28947448730467
-0.23241,-0.0009176932389252,-45.462,92.80426025390624
-0.22875,0.0643899239485747,-45.402,91.31629943847656
-0.22326,-0.2619040213639252,-45.48,89.8623275756836
-0.22509,0.1295754708235748,-45.456,88.44474792480469
-0.2196,0.1295754708235748,-45.462,86.95987701416016
-0.22326,0.0317971505110747,-45.402,85.51105499267578
-0.22509,0.0643899239485747,-45.378,84.05742645263672
-0.22509,-0.3270895682389252,-45.45,82.54199981689453
-0.23607,0.0317971505110747,-45.40800000000001,81.08905792236328
-0.23973,0.0317971505110747,-45.40800000000001,79.64229583740234
-0.2379,0.0643899239485747,-45.396,78.15536499023438
-0.22326,-0.0661032401139252,-45.366,76.71512603759766
-0.22509,-0.3923971854264252,-45.432,75.25222778320312
-0.22326,-0.0009176932389252,-45.384,73.76392364501953
-0.22875,0.1295754708235748,-45.372,72.2845458984375
-0.23058,0.1295754708235748,-45.366,70.8669662475586
-0.23241,-0.0009176932389252,-45.42,69.34947967529297
-0.23424,-0.1965964041764252,-45.438,67.8676986694336
-0.23424,-0.1314108573014252,-45.366,66.44153594970703
-0.23607,0.1948830880110748,-45.456,64.95220184326172
-0.22692,0.1295754708235748,-45.38999999999999,63.47419738769532
-0.21777,0.1295754708235748,-45.444,61.98348999023437
-0.22143,-0.3270895682389252,-45.38999999999999,60.53535461425782
-0.2196,-0.3923971854264252,-45.396,59.04361724853515
-0.22692,-0.0009176932389252,-45.444,57.62775421142578
-0.23424,0.0969826973860747,-45.378,56.10923767089844
-0.23058,0.0969826973860747,-45.40800000000001,54.69646453857422
-0.22509,-0.2944967948014252,-45.396,53.22223663330078
-0.22509,-0.3270895682389252,-45.432,51.75556182861328
-0.21777,-0.2944967948014252,-45.42,50.27240753173828
-0.22509,0.1295754708235748,-45.348,48.82358551025391
-0.22875,0.1295754708235748,-45.372,47.34455108642578
-0.22875,-0.0986960135514252,-45.378,45.85968017578125
-0.22509,-0.0986960135514252,-45.45,44.37652587890625
-0.22509,0.0317971505110747,-45.45,44.37652587890625
-0.22875,-0.4249899588639252,-45.432,42.88444519042969
-0.22326,0.0317971505110747,-45.384,41.39854431152344
-0.22875,0.4231545723860748,-45.38999999999999,39.91504669189453
-0.23607,0.2600686348860748,-45.336,38.502960205078125
-0.23058,0.0969826973860747,-45.42,37.01499938964844
-0.21777,-0.3270895682389252,-45.438,35.539398193359375
-0.22692,-0.0661032401139252,-45.468,34.0411376953125
-0.23058,0.5210549630110748,-45.462,32.55695343017578
-0.2379,0.5210549630110748,-45.396,31.107101440429688
-0.2379,0.6841409005110748,-45.396,31.107101440429688
-0.2379,0.1948830880110748,-45.45,29.65587615966797
-0.22692,0.1295754708235748,-45.426,28.169288635253903
-0.22326,-0.1965964041764252,-45.462,26.748275756835938
-0.2196,0.5210549630110748,-45.45,25.2960205078125
-0.23241,0.6841409005110748,-45.36,23.880844116210938
-0.21777,0.5863625801985748,-45.36,22.441635131835938
-0.22326,0.1295754708235748,-45.40800000000001,20.98011016845703
-0.21777,-0.1314108573014252,-45.516,19.493865966796875
-0.22143,-0.1314108573014252,-45.444,18.04161071777344
-0.22143,0.5210549630110748,-45.444,18.04161071777344
-0.22875,0.9125344551985748,-45.40800000000001,16.628150939941406
-0.22326,0.8146340645735748,-45.45,15.14568328857422
-0.23058,0.1295754708235748,-45.378,13.69171142578125
-0.2379,0.0969826973860747,-45.444,12.205810546875
-0.23607,0.3253762520735748,-45.384,10.78960418701172
-0.23973,0.3253762520735748,-45.366,9.303359985351562
-0.23973,1.0756203926985748,-45.366,9.303359985351562
-0.23424,1.2387063301985748,-45.38999999999999,7.856597900390625
-0.23058,0.6841409005110748,-45.318000000000005,6.371383666992188
-0.22692,0.1295754708235748,-45.384,4.88616943359375
-0.22875,0.1622903145735748,-45.40800000000001,3.430824279785156
-0.23058,1.0756203926985748,-45.378,1.9456100463867188
-0.23607,1.0756203926985748,-45.366,0.5321502685546875
-0.23607,1.4996926583235748,-45.366,0.5321502685546875
-0.22509,1.2387063301985748,-45.336,-0.918731689453125
-0.23241,0.9451272286360748,-45.396,-2.3943328857421875
-0.23973,0.4231545723860748,-45.426,-3.8603210449218746
-0.22875,1.0756203926985748,-45.456,-5.348625183105469
-0.23241,1.5650002755110748,-45.402,-6.7971038818359375
-0.23424,1.5650002755110748,-45.342,-8.213653564453125
-0.23424,1.4670998848860748,-45.342,-8.213653564453125
-0.21594,1.3040139473860748,-45.402,-9.68719482421875
-0.22143,1.3040139473860748,-45.372,-11.186141967773438
-0.22143,0.5210549630110748,-45.372,-11.186141967773438
-0.21777,1.0430276192610748,-45.426,-12.638053894042969
-0.23241,1.0430276192610748,-45.414,-14.053230285644531
-0.23241,1.5650002755110748,-45.414,-14.053230285644531
-0.23241,1.7932717598860748,-45.348,-15.57415008544922
-0.23424,1.7932717598860748,-45.40800000000001,-17.055587768554688
-0.23607,0.7494485176985748,-45.372,-18.511962890625
-0.22509,0.7168557442610748,-45.366,-20.029449462890625
-0.22509,1.3366067208235748,-45.372,-21.446685791015625
-0.23424,1.7280862130110748,-45.276,-22.926063537597656
-0.21777,1.7932717598860748,-45.384,-24.364585876464844
-0.22509,1.3691994942610748,-45.342,-25.85151672363281
-0.22509,0.8146340645735748,-45.384,-27.317848205566406
-0.22692,1.4019143380110748,-45.366,-28.757057189941406
-0.24339,1.6301858223860748,-45.354,-30.251884460449222
-0.24156,2.217466095823575,-45.336,-31.699676513671875
-0.23607,1.7932717598860748,-45.36,-33.18695068359375
-0.23058,1.3040139473860748,-45.402,-34.672508239746094
-0.22692,1.6301858223860748,-45.372,-36.131629943847656
-0.22326,1.8585793770735748,-45.372,-37.6113510131836
-0.22692,2.282651642698575,-45.366,-39.09690856933594
-0.23241,2.282651642698575,-45.366,-40.49938201904297
-0.22692,2.282651642698575,-45.444,-41.96125030517578
-0.22692,2.184751252073575,-45.444,-41.96125030517578
-0.24156,1.4996926583235748,-45.396,-43.48491668701172
-0.23607,2.184751252073575,-45.438,-44.93442535400391
-0.22509,2.184751252073575,-45.45,-46.38427734375
-0.23058,2.184751252073575,-45.38999999999999,-47.867774963378906
-0.23058,2.315244416136075,-45.38999999999999,-47.867774963378906
-0.23058,2.347959259886075,-45.462,-49.28501129150391
-0.23058,1.4345071114485748,-45.402,-50.77537536621094
-0.21777,2.119565705198575,-45.504,-52.21355438232422
-0.21777,2.184751252073575,-45.402,-53.67473602294922
-0.23424,2.347959259886075,-45.432,-55.0909423828125
-0.22692,2.511045197386075,-45.426,-56.6070556640625
-0.22692,1.7932717598860748,-45.414,-58.025665283203125
-0.23424,2.184751252073575,-45.444,-59.51259613037109
-0.2379,2.184751252073575,-45.40800000000001,-60.99403381347657
-0.23424,2.380552033323575,-45.438,-62.442512512207024
-0.23607,2.706723908323575,-45.38999999999999,-63.89339447021484
-0.23241,2.152158478636075,-45.384,-65.3140640258789
-0.22326,2.184751252073575,-45.45,-66.7910385131836
-0.22875,2.511045197386075,-45.414,-68.28311920166016
-0.21777,2.641538361448575,-45.462,-69.72335815429688
-0.22326,2.641538361448575,-45.414,-71.20651245117188
-0.22326,2.706723908323575,-45.414,-71.20651245117188
-0.2379,2.641538361448575,-45.40800000000001,-72.70477294921875
-0.23607,2.641538361448575,-45.516,-74.190673828125
-0.22509,2.641538361448575,-45.426,-75.68035125732422
-0.22509,2.706723908323575,-45.474,-77.16453552246094
-0.2196,2.869809845823575,-45.48,-78.6507797241211
-0.23241,2.706723908323575,-45.396,-80.13359069824219
-0.22692,2.804624298948575,-45.38999999999999,-81.62361145019531
-0.23607,2.576230744261075,-45.402,-83.07106018066406
-0.24339,2.706723908323575,-45.372,-84.52194213867188
-0.23424,2.706723908323575,-45.462,-85.97110748291016
-0.21411,2.706723908323575,-45.52199999999999,-87.4456787109375
-0.21411,2.772031525511075,-45.52199999999999,-87.4456787109375
-0.2196,2.869809845823575,-45.438,-88.94256591796875
-0.22509,2.869809845823575,-45.38999999999999,-90.39276123046876
-0.22509,2.641538361448575,-45.38999999999999,-90.39276123046876
-0.22509,2.869809845823575,-45.438,-91.84192657470705
-0.22326,2.869809845823575,-45.378,-93.29280853271484
-0.22326,2.706723908323575,-45.378,-93.29280853271484
-0.24156,2.869809845823575,-45.438,-94.77287292480467
-0.23607,2.869809845823575,-45.462,-96.22512817382812
-0.23058,2.739316681761075,-45.402,-97.7127456665039
-0.23424,2.739316681761075,-45.468,-99.16603088378906
-0.23424,2.935117463011075,-45.468,-99.16603088378906
-0.22875,2.804624298948575,-45.438,-100.64678192138672
-0.22692,2.869809845823575,-45.462,-102.06298828125
-0.22875,2.869809845823575,-45.492,-103.58184814453124
-0.22509,2.869809845823575,-45.462,-105.00080108642578
-0.22509,3.098203400511075,-45.432,-106.45339965820312
-0.22509,2.869809845823575,-45.456,-107.93655395507812
-0.23241,2.902524689573575,-45.534,-109.3524169921875
-0.2379,2.869809845823575,-45.498,-110.84003448486328
-0.23058,2.869809845823575,-45.516,-112.36129760742188
-0.22692,2.706723908323575,-45.48,-113.7799072265625
-0.20679,2.869809845823575,-45.21,-115.21568298339844
-0.19764,2.739316681761075,-44.682,-116.6912841796875
-0.20679,2.869809845823575,-43.884,-118.06594848632812
-0.19032,2.869809845823575,-43.068,-119.5096206665039
-0.18483,2.706723908323575,-42.228,-120.8266067504883
-0.17934,2.804624298948575,-41.166,-122.18376159667967
-0.17934,2.869809845823575,-40.29,-123.48289489746092
-0.18849,2.869809845823575,-39.354000000000006,-124.77962493896484
-0.18849,2.869809845823575,-38.286,-126.03824615478516
-0.19215,2.869809845823575,-37.482,-127.20554351806642
-0.17934,2.869809845823575,-36.42,-128.44356536865234
-0.17019,2.837217072386075,-35.406000000000006,-129.5669174194336
-0.1647,2.869809845823575,-34.53,-130.67035675048828
-0.16104,2.869809845823575,-33.576,-131.7696762084961
-0.17019,2.315244416136075,-32.43000000000001,-132.8470230102539
-0.16836,2.641538361448575,-31.446,-133.86634826660156
-0.14457,2.869809845823575,-30.672,-134.87571716308594
-0.17202,2.739316681761075,-29.526,-135.79856872558594
-0.15921,2.869809845823575,-28.542,-136.74476623535156
-0.1464,2.706723908323575,-27.69,-137.65663146972656
-0.15189,3.000303009886075,-26.67,-138.52008819580078
-0.16104,2.772031525511075,-25.59,-139.34886932373047
-0.13908,3.130796173948575,-24.624,-140.1416015625
-0.13359,2.869809845823575,-23.574,-140.9267807006836
-0.1281,2.935117463011075,-22.794,-141.65462493896484
-0.12261,2.543637970823575,-21.72,-142.38006591796875
-0.14274,2.641538361448575,-20.652,-143.04302215576172
-0.1281,2.706723908323575,-19.656,-143.68915557861328
-0.14823,2.315244416136075,-18.672,-144.3170928955078
-0.1281,2.445737580198575,-17.802,-144.89593505859375
-0.11895,2.706723908323575,-16.956000000000003,-145.42499542236328
-0.1098,2.478330353636075,-15.81,-145.9585189819336
-0.1281,2.772031525511075,-14.609999999999998,-146.44912719726562
-0.10797,2.706723908323575,-13.698,-146.89098358154297
-0.11346,2.837217072386075,-12.828,-147.31979370117188
-0.10614,2.772031525511075,-11.76,-147.7218246459961
-0.10614,2.706723908323575,-10.764,-148.05828094482422
-0.10065,2.837217072386075,-10.008,-148.40091705322266
-0.08967,2.706723908323575,-8.91,-148.6951446533203
-0.0732,2.772031525511075,-7.907999999999999,-148.96808624267578
-0.08418,2.772031525511075,-6.762,-149.1943359375
-0.08418,2.869809845823575,-6.762,-149.1943359375
-0.08052,2.608823517698575,-5.748,-149.3968963623047
-0.08235,2.282651642698575,-4.788,-149.55585479736328
-0.07686,2.315244416136075,-3.864,-149.69284057617188
-0.06405,2.641538361448575,-3.108,-149.79549407958984
-0.06954,2.739316681761075,-2.022,-149.8693084716797
-0.06771,2.804624298948575,-1.254,-149.9187469482422
-0.04941,2.869809845823575,-1.0739999999999998,-149.9530792236328
-0.04392,2.869809845823575,-0.498,-149.97814178466797
-0.06405,2.869809845823575,-0.066,-149.98432159423828
-0.06954,2.869809845823575,-0.054,-149.9853515625
-0.07137,2.869809845823575,-0.042,-149.9856948852539
-0.07686,2.869809845823575,-0.054,-149.98878479003906
-0.0732,2.869809845823575,-0.03,-149.98809814453125
-0.07869,2.869809845823575,-0.042,-149.98912811279297
-0.07869,2.869809845823575,-0.0479999999999999,-149.9915313720703
-0.07503,2.869809845823575,-0.042,-149.99359130859375
-0.07503,2.869809845823575,-0.042,-149.99462127685547
-0.07869,2.869809845823575,-0.036,-149.9959945678711
-0.07869,2.837217072386075,-0.036,-149.996337890625
-0.07869,2.837217072386075,-0.0239999999999999,-149.99908447265625
-0.07869,2.869809845823575,-0.0239999999999999,-149.99908447265625
-0.08052,2.869809845823575,-0.018,-149.99736785888672
-0.07869,2.869809845823575,-0.018,-149.99771118164062
