m_t_3,jts3,v3,q3
-0.00642,-0.0001501263199397,0.1379999999999999,-0.00274658203125
-0.00749,-0.0001501263199397,-0.054,-0.0
-0.00749,-0.0111059368668147,-0.054,-0.0
-0.00642,-0.0001501263199397,-0.162,-0.0
-0.0,-0.0001501263199397,-0.0,-0.0020599365234375
0.01284,-0.0220617474136897,0.1379999999999999,0.001373291015625
0.03745,-0.3014959515152522,0.6300000000000001,0.001373291015625
0.06313,-0.6576208294449397,1.4580000000000002,0.0377655029296875
0.07276,-1.3205846966324395,2.61,0.1023101806640625
0.0749,-1.4246801556168147,3.786,0.2094268798828125
0.06313,-0.9808782757340022,5.274,0.3577423095703125
0.05885,-0.1042455853043147,5.928,0.5472564697265625
0.06634,0.4272180377425603,6.864,0.759429931640625
0.07062,0.2792840777816228,7.77,0.984649658203125
0.06848,-0.1152013958511897,8.346,1.2476348876953125
0.07276,-0.1809515179215022,10.104,1.5277862548828125
0.06955,-0.1809515179215022,10.872000000000002,1.8628692626953125
0.06955,-0.0658849896011897,10.872000000000002,1.8628692626953125
0.05885,0.4436517535628728,12.054,2.23846435546875
0.05029,0.4436517535628728,12.384,2.6470184326171875
0.05029,1.1449609576644353,12.384,2.6470184326171875
0.04922,1.6326013385238105,12.876,3.05419921875
0.05992,1.8681970416488105,14.55,3.497772216796875
0.06527,1.1285272418441228,15.294,3.962631225585937
0.06099,1.3586450396956853,16.554,4.4666290283203125
0.07169,2.147631245750373,17.574,5.0042724609375
0.04815,2.88180788149256,18.972,5.590667724609375
0.0428,2.88180788149256,19.44,6.2237548828125
0.0428,2.9804254352034976,19.44,6.2237548828125
0.05136,3.59408815493006,20.544,6.8671417236328125
0.0428,3.59408815493006,21.966,7.560653686523437
0.0428,3.80227907289881,21.966,7.560653686523437
0.04173,5.067934590476935,22.02,8.279571533203125
0.03745,5.024096089500373,23.748,9.019775390625
0.03317,5.062456685203498,24.66,9.759292602539062
0.03531,5.862383443015998,25.644,10.542755126953123
0.04387,5.517214375633185,26.364,11.37908935546875
0.02568,7.900576192039435,27.618,12.231216430664062
0.02247,6.963671284812873,29.214,13.154754638671877
0.00214,9.631945210594123,29.568,14.100265502929688
0.00321,9.073076802390998,29.436,15.062255859375
-0.00107,11.330431538719123,30.012,15.979614257812502
-0.0,10.316820698875372,29.628,16.942291259765625
-0.00963,11.692049580711313,30.42,17.854843139648438
-0.00749,11.505755025047248,30.216,18.85116577148437
-0.02461,13.291903096336313,30.804,19.83924865722656
-0.02782,13.401491719383186,29.628,20.837631225585938
-0.03531,13.97677858461756,30.48,21.76254272460937
-0.02033,13.987749653953498,29.874,22.74169921875
-0.02996,14.058977681297248,30.918000000000003,23.736648559570312
-0.03959,14.058977681297248,30.341999999999995,24.713058471679688
-0.03959,15.352007466453498,30.341999999999995,24.713058471679688
-0.05885,16.321795064109747,30.066,25.745086669921875
-0.05457,17.855913716453497,30.918000000000003,26.68853759765625
-0.05671,17.49978883852381,30.282,27.677993774414062
-0.06206,18.34355409731287,31.056,28.65097045898437
-0.05885,17.92166383852381,30.15,29.61227416992188
-0.08667,19.47769411196131,30.672,30.620269775390625
-0.08132,19.768084126609747,29.982,31.63787841796875
-0.08774,20.502276021141,30.42,32.56622314453125
-0.08132,20.858416157859747,29.706,33.54949951171875
-0.08988,20.578981953758184,30.042,34.50599670410156
-0.09095,21.69121034731287,30.012,35.49407958984375
-0.09416,22.11310060610193,30.012,36.48628234863281
-0.11235,23.833513814109747,30.288,37.472991943359375
-0.11021,23.428057271141,29.628,38.41712951660156
-0.11128,24.50741823305506,30.096000000000004,39.37568664550781
-0.107,23.88829286684412,30.504,40.35415649414063
-0.12626,25.33474977602381,31.134,41.348419189453125
-0.12733,25.42241151918787,30.528,42.34954833984375
-0.13161,26.44699342836756,30.066,43.330078125
-0.12412,26.56204469789881,30.312,44.30992126464844
-0.14445,26.34288271059412,30.504,45.226593017578125
-0.13054,27.16473634828944,30.804,46.19956970214844
-0.1391,27.34555299868006,29.796000000000003,47.208251953125
-0.15408,28.87419374575037,30.696,48.20457458496094
-0.15194,28.87419374575037,30.228,49.17961120605469
-0.15194,28.49066408266444,30.228,49.17961120605469
-0.15729,29.685076314109747,30.396,50.18211364746094
-0.14659,29.685076314109747,30.09,51.15165710449219
-0.14659,29.00567873110193,30.09,51.15165710449219
-0.16264,30.34256227602381,30.858,52.12532043457031
-0.16478,30.07408388246912,30.174000000000003,53.1134033203125
-0.17655,31.383562642234747,31.188,54.073333740234375
-0.16157,31.04387148012537,30.234,55.020904541015625
-0.18297,31.37260683168787,30.450000000000003,55.97465515136719
-0.1712,31.646563130516,30.006,56.93527221679688
-0.16799,31.75065858950037,29.652,57.900009155273445
-0.18511,32.72592409243006,29.76,58.88877868652343
-0.18511,32.60537965883631,30.372,59.85282897949219
-0.18618,33.54229982485194,29.658,60.81207275390625
-0.18083,33.120409566062875,30.144,61.78916931152343
-0.18832,34.232653218406625,30.558,62.71888732910156
-0.18725,33.32313783754725,29.736,63.68911743164063
-0.18404,35.059984761375375,30.99,64.69230651855469
-0.20116,34.26004274477381,29.814,65.65155029296875
-0.20437,35.481859761375375,30.450000000000003,66.59843444824219
-0.1926,34.94491823305506,29.928,67.57347106933594
-0.2033,35.837999898094125,30.042,68.53134155273438
-0.20223,35.268175679344125,30.174000000000003,69.4940185546875
-0.21186,36.05716188539881,30.174000000000003,70.47248840332031
-0.2033,35.8927789508285,29.982,71.43035888671875
-0.21079,36.06811769594569,30.288,72.40196228027344
-0.20972,36.56669862856288,30.48,73.39553833007812
-0.2033,35.91470583071131,29.844000000000005,74.33692932128906
-0.2033,37.14747865785975,30.096000000000004,75.34561157226562
-0.20651,36.53383119692225,29.982,76.343994140625
-0.21721,37.72824342836756,30.366,77.27645874023438
-0.20972,36.7475152789535,30.066,78.29681396484375
-0.2247,38.39120729555506,29.844000000000005,79.25880432128906
-0.21614,36.80777223696131,30.450000000000003,80.23384094238281
-0.21828,38.11178835024256,30.834,81.20269775390625
-0.21614,37.33375795473475,29.682,82.17361450195312
-0.22042,37.936449605125375,30.066,83.18504333496094
-0.22898,38.035082417625375,29.244000000000003,84.13330078125
-0.23219,38.1610894977035,28.638,85.12138366699219
-0.22577,38.56653078188319,27.948,86.05247497558594
-0.23112,38.08438356508631,27.042,86.97257995605469
-0.23326,38.08438356508631,26.718,87.83981323242188
-0.23326,38.84596498598475,26.718,87.83981323242188
-0.23326,37.68442018618006,25.698,88.71391296386719
-0.23968,37.68442018618006,24.852,89.53651428222656
-0.23968,39.11992128481288,24.852,89.53651428222656
-0.2461,39.18567140688319,24.276,90.31723022460938
-0.2354,38.56653078188319,22.788,91.07460021972656
-0.24717,40.051348286766,23.088,91.78459167480467
-0.22791,40.051348286766,20.814,92.46986389160156
-0.22791,37.63510377993006,20.814,92.46986389160156
-0.24931,39.88150270571131,20.376,93.16818237304688
-0.23219,37.936449605125375,18.888,93.7786102294922
-0.24824,38.54461916078944,18.558,94.39590454101562
-0.24931,40.01298769106288,17.214000000000002,95.00015258789062
-0.24182,38.56653078188319,16.392,95.537109375
-0.25038,38.56653078188319,15.264,96.06170654296876
-0.25038,38.61036928285975,15.264,96.06170654296876
-0.2568,38.73639162172694,13.728,96.54991149902344
-0.22898,38.52270753969569,12.738,96.98524475097656
-0.23968,38.31450136293788,11.724,97.39036560058594
-0.25466,38.4953180133285,11.586,97.78106689453124
-0.26429,38.82953127016444,10.902,98.1353759765625
-0.25573,38.714464741844125,9.636,98.45260620117188
-0.25038,39.06512697328944,8.154,98.73756408691406
-0.24931,37.99672182192225,7.086,98.9875030517578
-0.2600099999999999,37.76660402407069,6.834,99.2168426513672
-0.26643,38.64872987856288,5.489999999999999,99.41940307617188
-0.27071,39.14731081118006,4.338,99.58763122558594
-0.26322,38.19945009340663,3.018,99.7174072265625
-0.2675,37.64605959047694,2.826,99.80255126953124
-0.26857,38.08438356508631,1.374,99.8712158203125
-0.27392,38.71994264711756,1.2600000000000002,99.9261474609375
-0.25359,37.547442036766,0.246,99.942626953125
-0.2568,37.73373659243006,0.108,99.94880676269533
-0.25466,37.30636842836756,0.3839999999999999,99.96322631835938
-0.26215,37.54196413149256,0.33,99.97077941894533
-0.26536,37.54196413149256,0.3,99.9872589111328
-0.26536,37.47073610414881,0.3,99.9872589111328
-0.26215,37.82687624086756,0.246,99.99755859375
-0.26108,37.82687624086756,-0.054,99.99412536621094
-0.26108,37.547442036766,-0.054,99.99412536621094
-0.26215,37.56935365785975,-0.1379999999999999,99.99755859375
-0.26215,37.56935365785975,0.054,99.9982452392578
-0.26215,37.42141969789881,0.054,99.9982452392578
-0.26108,37.54196413149256,0.03,99.99755859375
-0.26108,37.60771425356288,0.054,99.9982452392578
-0.26429,37.44882448305506,-0.1379999999999999,100.0030517578125
-0.26215,37.44882448305506,0.162,99.9982452392578
-0.26215,37.55291994203944,0.162,99.9982452392578
-0.26215,37.52005251039881,0.084,100.00099182128906
-0.26215,37.52005251039881,-0.054,99.9968719482422
-0.26215,37.596758443016,-0.054,99.9968719482422
-0.26643,37.443346577781625,-0.054,100.00099182128906
-0.26429,37.443346577781625,0.054,99.99893188476562
-0.26429,37.54196413149256,0.054,99.99893188476562
-0.26429,37.56935365785975,0.03,100.00579833984376
-0.26429,37.514574605125375,-0.108,100.00099182128906
-0.27178,37.514574605125375,0.054,100.00099182128906
-0.2953199999999999,37.53100832094569,-0.162,99.99893188476562
-0.33384,37.63510377993006,-0.03,99.9982452392578
-0.3852,37.89262636293788,-0.7679999999999999,99.98794555664062
-0.42586,38.85144289125819,-1.758,99.9591064453125
-0.4387,39.333605366844125,-3.732,99.87533569335938
-0.42693,39.14731081118006,-5.735999999999999,99.71054077148438
-0.41837,38.27615602602381,-6.510000000000001,99.51210021972656
-0.42372,38.31997926821131,-7.608000000000001,99.2827606201172
-0.40339,38.435045796531625,-8.514000000000001,99.02183532714844
-0.4066,38.16656740297694,-9.198,98.74099731445312
-0.40125,37.88714845766444,-9.636,98.41964721679688
-0.41409,38.12822206606288,-9.912,98.1072235107422
-0.43335,39.03225954164881,-10.488,97.76870727539062
-0.42907,38.977465230125375,-12.354,97.39585876464844
-0.42693,39.04321535219569,-13.836,96.96189880371094
-0.42586,38.254229146141,-14.604,96.5203857421875
-0.43335,38.80214174379725,-15.186,96.03561401367188
-0.43549,38.87335451235194,-16.2,95.51101684570312
-0.41944,38.89528139223475,-17.076,94.94728088378906
-0.43977,38.33093507875819,-17.789999999999996,94.36569213867188
-0.44084,38.977465230125375,-18.81,93.76556396484376
-0.42693,39.12539919008631,-20.154,93.153076171875
-0.43549,39.1034723102035,-21.222,92.4774169921875
-0.43442,38.78021486391444,-22.212,91.76536560058594
-0.42907,38.99389894594569,-22.626,91.03683471679688
-0.44833,39.22401674379725,-24.384,90.26641845703124
-0.42907,39.284288960594125,-25.368,89.44450378417969
-0.45689,39.245928364891,-24.96,88.63151550292969
-0.43121,38.588457661766,-27.21,87.7642822265625
-0.44619,39.02128847231288,-27.624,86.84005737304688
-0.43228,38.19945009340663,-29.868,85.9515380859375
-0.45154,38.87335451235194,-29.406,85.02662658691406
-0.41195,37.84330995668788,-30.012,84.04060363769531
-0.43014,38.32545717348475,-29.346000000000004,83.05252075195312
-0.42479,37.67894228090663,-29.712000000000003,82.09190368652344
-0.43014,38.36929567446131,-29.982,81.15325927734375
-0.41516,37.63510377993006,-30.672,80.12741088867188
-0.43228,38.36381776918788,-30.341999999999995,79.17572021484375
-0.42907,37.54196413149256,-29.85,78.22471618652344
-0.4173,37.67346437563319,-29.958,77.22427368164062
-0.41837,37.18582399477381,-29.952,76.25198364257812
-0.42372,37.13104494203944,-29.736,75.25772094726562
-0.41944,37.08172853578944,-29.952,74.29985046386719
-0.41837,37.03789003481288,-30.012,73.31039428710938
-0.41088,36.758471089500375,-30.012,72.36007690429688
-0.41409,36.09550722231288,-30.15,71.38641357421875
-0.41088,36.09550722231288,-29.844000000000005,70.42922973632812
-0.41088,36.68724306215663,-29.844000000000005,70.42922973632812
-0.40125,35.77224977602381,-30.341999999999995,69.43359375
-0.41623,36.473558980125375,-30.341999999999995,68.49838256835938
-0.39376,35.5202203570785,-30.918000000000003,67.53433227539062
-0.40446,35.788683491844125,-29.928,66.53182983398438
-0.38841,34.85177858461756,-29.982,65.54924011230469
-0.41088,35.49829347719569,-30.174000000000003,64.58038330078125
-0.39055,34.41345461000819,-30.750000000000004,63.62594604492188
-0.39269,34.9503961383285,-30.006,62.669448852539055
-0.39804,33.997057515281625,-29.79,61.71020507812499
-0.38092,33.95321901430506,-29.844000000000005,60.72624206542969
-0.3841299999999999,33.580645161766,-30.12,59.74845886230469
-0.38199,33.120409566062875,-30.918000000000003,58.79196166992188
-0.37664,33.120409566062875,-29.82,57.80731201171875
-0.37664,32.96151979555506,-29.82,57.80731201171875
-0.37236,32.33143861879725,-30.15,56.84051513671875
-0.36273,32.638262349266,-29.652,55.86341857910156
-0.37129,31.52054079164881,-30.996,54.89387512207031
-0.36487,32.06296022524256,-30.012,53.90098571777344
-0.34882,30.654863911766,-29.682,52.94929504394531
-0.34989,30.654863911766,-30.12,51.94816589355469
-0.34989,31.20823915590662,-30.12,51.94816589355469
-0.35738,30.20010622133631,-30.282,51.00334167480469
-0.34775,30.20010622133631,-30.204,50.008392333984375
-0.34775,30.682253438133184,-30.204,50.008392333984375
-0.34561,29.58645876039881,-30.204,49.052581787109375
-0.33919,29.454958516258184,-30.672,48.05488586425781
-0.33277,28.550921040672247,-29.898000000000003,47.10044860839844
-0.32528,28.04686220278162,-30.336,46.11305236816406
-0.33384,28.134523945945684,-30.12,45.142822265625
-0.321,27.29623659243006,-30.42,44.14649963378906
-0.33491,27.586626607078497,-30.228,43.17970275878906
-0.30388,26.17851503481287,-30.096000000000004,42.1929931640625
-0.30602,26.50177248110193,-30.366,41.21040344238281
-0.30388,25.14299257387537,-30.258,40.24566650390625
-0.31565,25.931963521141,-29.982,39.285736083984375
-0.2889,24.704668599266,-30.918000000000003,38.331298828125
-0.28997,24.797808247703497,-30.648,37.36587524414063
-0.29425,23.51024110903162,-30.396,36.3922119140625
-0.27927,22.85277040590662,-30.42,35.40000915527344
-0.27606,22.370607930320684,-30.726000000000003,34.44488525390625
-0.28141,21.806276875633184,-30.618,33.50761413574219
-0.28141,21.90489442934412,-30.036,32.52777099609375
-0.26215,20.809099751609747,-30.696,31.56646728515625
-0.2568,20.78171022524256,-30.066,30.55023193359375
-0.24717,19.203753071922247,-30.48,29.574508666992188
-0.26108,19.70782716860193,-30.204,28.620758056640625
-0.24075,18.661333638328497,-30.48,27.6800537109375
-0.24182,19.07773073305506,-29.544000000000004,26.70501708984375
-0.23861,17.790163594383184,-30.612,25.74165344238281
-0.2354,16.919008809226934,-29.844000000000005,24.745330810546875
-0.21507,15.993059712547248,-30.174000000000003,23.792953491210938
-0.21079,15.291750508445686,-29.736,22.82135009765625
-0.22149,15.384890156883186,-30.312,21.86485290527344
-0.20223,14.568514424461313,-30.942,20.910415649414062
-0.19581,14.54660280336756,-30.426,19.952545166015625
-0.19474,12.733049946922248,-30.972,18.969268798828125
-0.1926,12.667299824851936,-30.558,17.964706420898438
-0.17976,11.653688985008186,-30.918000000000003,17.022628784179688
-0.18725,12.283770161765998,-30.15,16.079177856445312
-0.17869,11.368776875633186,-30.81,15.11444091796875
-0.18083,10.86471803774256,-30.012,14.111251831054688
-0.1476599999999999,9.374422627586313,-31.002,13.10943603515625
-0.15301,8.032076436180061,-30.228,12.14813232421875
-0.15408,8.032076436180061,-30.12,11.220474243164062
-0.15408,7.895098286765998,-30.12,11.220474243164062
-0.14659,7.31979616274256,-30.672,10.254364013671877
-0.13803,7.65402467836756,-30.942,9.288253784179688
-0.13161,6.147295552390998,-30.78,8.281631469726562
-0.13054,5.747332173484748,-30.612,7.303848266601562
-0.11342,4.361147481101935,-30.312,6.3480377197265625
-0.11235,4.361147481101935,-30.450000000000003,5.362701416015625
-0.11235,4.55838258852381,-30.450000000000003,5.362701416015625
-0.10593,3.983095723289435,-31.416,4.404144287109375
-0.11877,3.988573628562873,-30.504,3.437347412109375
-0.09523,2.71744020571131,-30.504,2.468490600585937
-0.09095,1.2271600543441228,-30.036,1.4536285400390625
-0.07918,0.4381738482894353,-31.14,0.50262451171875
-0.08132,0.4381738482894353,-30.426,-0.506744384765625
-0.08132,-0.5151647747574397,-30.426,-0.506744384765625
-0.08988,0.4272180377425603,-30.78,-1.4481353759765625
-0.06955,-0.6959814251480647,-30.672,-2.4259185791015625
-0.05992,-1.0904668987808772,-30.204,-3.46343994140625
-0.04387,-3.030026835304315,-30.888,-4.443283081054688
-0.05778,-3.128659647804315,-30.834,-5.416259765625
-0.04815,-3.764218729835565,-31.11,-6.378936767578125
-0.05671,-3.65463010678869,-30.450000000000003,-7.305908203125
-0.03638,-4.240888041359002,-30.534,-8.306350708007812
-0.03103,-4.240888041359002,-30.81,-9.35211181640625
-0.03103,-6.196896952491815,-30.81,-9.35211181640625
-0.02461,-6.777661722999627,-29.736,-10.306549072265623
-0.01498,-8.010434550148064,-30.942,-11.267852783203123
-0.01712,-7.144757670265252,-30.618,-12.243576049804688
-0.01284,-7.895383280616815,-30.804,-13.187026977539062
-0.01712,-8.087140482765252,-30.144,-14.212875366210938
-0.0,-9.889737528663687,-30.204,-15.235977172851562
-0.00107,-10.854047221046502,-30.204,-16.198654174804688
0.00535,-11.23757688413244,-30.42,-17.136611938476562
-0.0,-11.51699582944494,-30.972,-18.097915649414062
0.00107,-11.012936991554314,-30.612,-19.068832397460938
0.01284,-12.952496928077752,-30.726000000000003,-20.076828002929688
0.0321,-13.544232767921502,-30.396,-21.090316772460938
0.03531,-15.166013163429314,-30.48,-22.05780029296875
0.02354,-14.535931986671502,-30.258,-22.9888916015625
0.03103,-14.963300150734002,-30.612,-23.92822265625
0.03317,-14.963300150734002,-30.174000000000003,-24.918365478515625
0.03317,-14.815366190773064,-30.174000000000003,-24.918365478515625
0.05136,-16.36044065366369,-31.326,-25.927734375
0.04922,-17.784970682960566,-30.228,-26.93572998046875
0.05778,-18.124677103859003,-30.258,-27.90321350097656
0.05671,-18.65066282163244,-30.996,-28.82057189941406
0.05457,-17.64252988706213,-31.218,-29.78462219238281
0.05778,-19.36840574155432,-31.271999999999995,-30.762405395507816
0.06955,-19.724545878273062,-31.056,-31.809539794921875
0.08667,-21.66958372006994,-30.864000000000004,-32.77839660644531
0.08667,-21.32441465268713,-30.396,-33.75
0.07811,-21.57644407163244,-31.248,-34.65843200683594
0.07062,-21.51617185483557,-31.356,-35.657501220703125
0.0963,-22.414731425148062,-31.572,-36.63047790527344
0.10486,-24.27210752378088,-30.15,-37.65769958496094
0.11984,-24.19540159116369,-30.474,-38.65264892578125
0.10165,-25.16518918881994,-30.774,-39.60845947265625
0.107,-23.647504252296503,-30.312,-40.56358337402344
0.10379,-25.176144999366816,-31.086,-41.52488708496094
0.12198,-25.56515256772619,-30.696,-42.53974914550781
0.1391,-27.444455546241816,-31.11,-43.559417724609375
0.12519,-27.51568357358557,-30.312,-44.496002197265625
0.12412,-27.29652158628088,-30.942,-45.457305908203125
0.12198,-27.329389017921503,-31.086,-46.41792297363281
0.1476599999999999,-27.34036008725744,-30.81,-47.39982604980469
0.14338,-29.70181028256994,-31.332,-48.41468811035156
0.15836,-29.46072141538244,-30.15,-49.40483093261719
0.14659,-30.69349424253088,-31.218,-50.3338623046875
0.14445,-29.09364072690588,-30.396,-51.329498291015625
0.14659,-30.10177366147619,-31.302,-52.25852966308594
0.1498,-30.10177366147619,-31.380000000000003,-53.24592590332031
0.1498,-30.370236796241816,-31.380000000000003,-53.24592590332031
0.17976,-32.0522894085465,-31.248,-54.28482055664063
0.17013,-32.0522894085465,-29.874,-55.2392578125
0.17013,-32.5234808147965,-29.874,-55.2392578125
0.17548,-32.090650004249625,-30.450000000000003,-56.20262145996094
0.15408,-32.29336301694494,-30.750000000000004,-57.13920593261719
0.17227,-31.55918638120276,-31.218,-58.09226989746093
0.17548,-33.72338621030431,-31.74000000000001,-59.09751892089844
0.19153,-33.61929075131994,-30.234,-60.121994018554695
0.19046,-35.087659281593375,-30.726000000000003,-61.06132507324219
0.17869,-33.55901853452306,-29.238,-62.008895874023445
0.17976,-34.26580564389806,-31.05,-62.96539306640624
0.18297,-33.96993772397619,-30.204,-63.90129089355468
0.19795,-35.33421079526525,-31.578,-64.92233276367188
0.19688,-36.08483640561681,-30.81,-65.93101501464844
0.19795,-35.641034525734,-29.988,-66.90605163574219
0.18618,-35.964307230812125,-30.642,-67.86392211914062
0.19902,-34.91781370053869,-30.81,-68.81767272949219
0.19046,-36.75327817807775,-31.716000000000005,-69.78790283203125
0.20651,-36.3533147991715,-30.042,-70.78628540039062
0.21935,-38.03536741147619,-31.026,-71.82861328125
0.20865,-36.53411619077306,-29.628,-72.75627136230469
0.19688,-37.12585203061681,-30.834,-73.71620178222656
0.19795,-36.67657224546056,-31.164000000000005,-74.674072265625
0.20758,-37.28474180112463,-31.086,-75.66490173339844
0.21828,-38.33123533139806,-30.341999999999995,-76.64749145507812
0.21935,-37.88743345151525,-30.672,-77.67745971679688
0.20009,-38.40794126401525,-29.982,-78.63670349121094
0.20116,-37.01626340756994,-30.588,-79.56573486328125
0.20972,-38.55038205991369,-30.942,-80.50163269042969
0.21828,-37.63538877378088,-30.750000000000004,-81.54396057128906
0.23005,-39.61330930600744,-30.78,-82.55195617675781
0.214,-38.44080869565588,-30.174000000000003,-83.49884033203125
0.22042,-38.901044291359,-30.036,-84.43336486816406
0.22256,-38.44628660092931,-30.09,-85.35896301269531
0.22577,-39.175000590187125,-29.328,-86.28044128417969
0.23433,-39.53112546811681,-27.978,-87.17445373535156
0.24182,-39.78864805112463,-27.21,-88.07258605957031
0.24075,-39.78864805112463,-25.176,-88.94393920898438
0.24075,-39.67358152280431,-25.176,-88.94393920898438
0.22684,-39.175000590187125,-24.522,-89.74319458007812
0.22684,-38.84624997983556,-23.97,-90.52459716796876
0.24075,-40.024243754249625,-23.748,-91.25518798828124
0.22684,-38.46819822202306,-22.764000000000003,-91.98989868164062
0.24289,-41.41590635190588,-21.774,-92.69027709960938
0.23112,-38.68188230405431,-19.578,-93.36799621582033
0.23968,-40.13929502378088,-19.056,-94.031982421875
0.23968,-39.67358152280431,-17.298,-94.6025848388672
0.22577,-38.41341916928869,-17.298,-95.15533447265624
0.23861,-39.66262571225744,-15.870000000000005,-95.701904296875
0.22898,-39.66262571225744,-15.54,-96.20040893554688
0.22898,-39.410596293312125,-15.54,-96.20040893554688
0.24931,-38.418897074562125,-14.388,-96.65153503417967
0.23861,-38.77502195249181,-13.865999999999998,-97.0978546142578
0.24717,-39.71742002378088,-12.384,-97.5091552734375
0.2461,-39.7009710491715,-11.37,-97.88818359375
0.24824,-39.12020627866369,-10.104,-98.2232666015625
0.24503,-38.851727885109,-9.168,-98.53843688964844
0.25466,-39.48182432065588,-8.898,-98.83438110351562
0.26429,-39.21334592710119,-6.779999999999999,-99.08843994140624
0.25038,-39.322919291359,-5.574,-99.30885314941406
0.25145,-38.00796262631994,-4.584,-99.48600769042967
0.25145,-38.72572080503088,-3.87,-99.62745666503906
0.2461,-39.33389036069494,-3.24,-99.73114013671876
0.24503,-39.311963480812125,-1.866,-99.8272705078125
0.23968,-39.25170652280431,-1.2899999999999998,-99.87533569335938
0.23968,-36.81902830014806,-1.014,-99.90966796875
0.26215,-37.95318357358556,-1.2899999999999998,-99.94468688964844
0.25894,-39.26814023862463,-0.414,-99.97283935546876
0.25038,-38.28191892514806,-0.2759999999999999,-99.98245239257812
0.25038,-38.4736761272965,-0.108,-99.97833251953124
0.24503,-38.09014646421056,-0.0,-99.98245239257812
0.2461,-38.09014646421056,-0.246,-99.98931884765624
0.2461,-38.02439634214025,-0.246,-99.98931884765624
0.24396,-38.22712461362463,-0.1919999999999999,-99.98794555664062
0.24182,-38.22712461362463,0.1379999999999999,-99.9872589111328
0.24182,-38.09014646421056,0.1379999999999999,-99.9872589111328
0.23754,-38.21616880307775,-0.084,-99.98931884765624
0.23968,-38.21616880307775,-0.054,-99.99549865722656
0.23968,-38.13946287046056,-0.054,-99.99549865722656
0.23968,-38.133984965187125,-0.246,-99.98451232910156
0.23861,-38.183301371437125,-0.108,-99.99343872070312
0.23754,-38.11755124936681,0.162,-99.99275207519533
0.23754,-38.183301371437125,0.3,-99.99481201171876
0.23754,-38.144940775734,0.222,-99.99618530273438
0.23968,-38.144940775734,-0.054,-99.9872589111328
0.23968,-38.133984965187125,-0.054,-99.9872589111328
0.23861,-38.15041868100744,-0.1379999999999999,-99.99549865722656
0.24075,-38.15041868100744,0.03,-99.99549865722656
0.24075,-38.18877927671056,0.03,-99.99549865722656
0.25038,-38.183301371437125,0.03,-99.99275207519533
0.27285,-38.183301371437125,-0.084,-99.9982452392578
0.31672,-38.2380804241715,0.2759999999999999,-99.99481201171876
0.36594,-38.583264750343375,0.66,-99.98519897460938
0.40981,-39.596875590187125,1.7040000000000002,-99.95018005371094
0.41623,-40.539258402687125,3.678,-99.8664093017578
0.42586,-39.454419535499625,5.712,-99.70298767089844
0.41409,-38.61065427671056,7.278,-99.4928741455078
0.41516,-38.769544047218375,7.77,-99.25666809082033
0.44084,-38.81338254819494,8.322000000000001,-98.98887634277344
0.42051,-39.44346372495275,9.474,-98.70391845703124
0.41195,-39.44346372495275,10.788,-98.3722686767578
0.41195,-39.09829465756994,11.064,-98.03443908691406
0.41623,-39.054456156593375,11.886,-97.66433715820312
0.43442,-39.43798581967931,12.468,-97.28874206542967
0.44726,-39.859876078468375,13.95,-96.88568115234376
0.43442,-39.7502874554215,15.678,-96.42906188964844
0.41837,-39.22430173764806,16.476,-95.91888427734376
0.4376300000000001,-39.2790960491715,16.668,-95.39291381835938
0.43121,-39.68453733335119,17.844,-94.85458374023438
0.43977,-39.4653753460465,19.086,-94.26612854003906
0.45261,-39.4653753460465,19.002,-93.65570068359376
0.45261,-39.58591977964025,19.002,-93.65570068359376
0.43335,-39.87630979428869,21.090000000000003,-93.00888061523438
0.42586,-39.66810361753088,21.966,-92.32772827148438
0.43977,-39.7996038616715,21.858,-91.62803649902344
0.43977,-39.657147806984,23.64,-90.911865234375
0.46117,-40.08999387631994,24.546,-90.16204833984376
0.45047,-40.26531736264806,25.728,-89.37721252441406
0.45047,-40.314618510109,26.91,-88.53744506835938
0.44726,-39.58591977964025,27.048,-87.62283325195312
0.44298,-38.91200010190588,27.816,-86.71165466308594
0.44726,-39.73933164487463,28.752,-85.80184936523438
0.44619,-39.832471293312125,29.76,-84.89479064941406
0.44084,-39.35032407651525,30.366,-83.93280029296875
0.45261,-38.91747800717931,30.942,-82.95021057128906
0.42265,-38.38601438413244,30.78,-81.97792053222656
0.43442,-38.5723089397965,29.766,-80.95550537109375
0.42372,-38.29287473569494,29.568,-80.02098083496094
0.45368,-39.21882383237463,30.672,-79.06242370605469
0.42158,-38.27096311460119,30.972,-78.08876037597656
0.4387,-38.87365476499181,30.78,-77.080078125
0.40874,-37.1094183147965,30.174000000000003,-76.08512878417969
0.41623,-37.70113889585119,30.504,-75.08468627929688
0.428,-37.80524961362463,30.642,-74.13368225097656
0.43121,-38.16137449155431,30.450000000000003,-73.16070556640625
0.43121,-37.88743345151525,30.804,-72.18017578125
0.39697,-37.021741312843375,30.474,-71.20994567871094
0.41088,-36.71491758237463,30.804,-70.17723083496094
0.4173,-36.04649106870275,30.972,-69.17747497558594
0.42158,-37.43267576108556,30.696,-68.21891784667969
0.40446,-36.336865824562125,30.864000000000004,-67.29743957519531
0.41088,-36.81355039487463,30.450000000000003,-66.30867004394531
0.40018,-35.19723264585119,31.602,-65.31784057617188
0.39376,-35.06026975522619,30.341999999999995,-64.28169250488281
0.3959,-34.96163694272619,30.072,-63.35678100585938
0.39376,-35.42735044370275,30.174000000000003,-62.39685058593749
0.39911,-35.49310056577306,30.726000000000003,-61.4520263671875
0.3852,-34.47948972592931,31.026,-60.46119689941406
0.36915,-34.24937192807775,30.288,-59.43672180175781
0.36915,-32.62759153256994,30.450000000000003,-58.438339233398445
0.38092,-33.83297483335119,30.78,-57.51274108886719
0.38092,-33.12069455991369,31.026,-56.53633117675781
0.3852,-33.72886411557775,31.164000000000005,-55.597686767578125
0.36059,-32.161878031593375,30.972,-54.608917236328125
0.34454,-31.696164530616816,31.05,-53.59199523925781
0.34561,-30.72089902768713,30.672,-52.609405517578125
0.35096,-30.72089902768713,30.534,-51.69410705566406
0.35096,-30.99484006772619,30.534,-51.69410705566406
0.35738,-31.54275266538244,30.72,-50.73554992675781
0.34133,-30.682538431984003,31.248,-49.78385925292969
0.34347,-30.61678830991369,30.996,-48.78204345703125
0.32849,-28.49642698178869,30.582,-47.80288696289063
0.3317,-28.912824076515253,30.864000000000004,-46.81480407714844
0.31351,-28.200559061866816,29.958,-45.874786376953125
0.34882,-29.27992002378088,30.666,-44.92652893066406
0.3220699999999999,-27.93208066831213,30.996,-44.009857177734375
0.31458,-27.72388975034338,30.834,-43.00941467285156
0.29425,-26.00347654233557,31.164000000000005,-41.96502685546875
0.31137,-25.61994687924963,30.096000000000004,-41.033935546875
0.30174,-25.99252073178869,30.198000000000004,-40.09529113769531
0.30602,-25.55967466245276,31.164000000000005,-39.13604736328125
0.30174,-26.06374875913244,30.696,-38.16719055175781
0.28248,-26.06374875913244,32.370000000000005,-37.15232849121094
0.28248,-23.85023252378088,32.370000000000005,-37.15232849121094
0.27606,-23.46670286069494,30.672,-36.16081237792969
0.26536,-22.21200315366369,30.972,-35.16792297363281
0.29425,-23.126996439796503,30.534,-34.19975280761719
0.26108,-22.45856992612463,30.972,-33.29681396484375
0.27499,-22.34350339780432,30.942,-32.2998046875
0.25038,-20.951840800148062,30.612,-31.28425598144531
0.25038,-19.324582499366816,30.204,-30.273513793945312
0.24182,-19.57113401303869,29.85,-29.321823120117188
0.24075,-19.00130979428869,31.11,-28.383865356445312
0.26108,-19.916303080421503,30.588,-27.404022216796875
0.23326,-18.20138303647619,31.518,-26.445465087890625
0.22791,-17.64252988706213,30.534,-25.40245056152344
0.19902,-15.993344706398064,30.258,-24.39239501953125
0.22363,-16.03718320737463,29.898000000000003,-23.45375061035156
0.21293,-15.922116679054314,30.750000000000004,-22.489013671875
0.21507,-15.741315287452752,31.218,-21.54212951660156
0.19367,-15.237241190773064,30.972,-20.561599731445312
0.19474,-13.034680765968377,31.026,-19.5721435546875
0.18939,-12.673077982765252,30.942,-18.59710693359375
0.17762,-11.632062357765252,30.942,-17.6605224609375
0.17762,-12.426511210304314,30.258,-16.699905395507812
0.18083,-11.626584452491814,30.78,-15.770187377929688
0.17548,-11.369061869484002,30.09,-14.738159179687502
0.15087,-9.72536985288244,31.356,-13.73291015625
0.15836,-8.810376566749627,30.366,-12.755813598632812
0.13803,-8.328229349952752,31.218,-11.834335327148438
0.15729,-8.415891093116814,30.366,-10.861358642578123
0.14231,-8.399457377296502,30.81,-9.891815185546877
0.13054,-6.531110209327752,30.834,-8.886566162109375
0.10914,-6.531110209327752,30.450000000000003,-7.9026031494140625
0.10914,-5.802411478859002,30.450000000000003,-7.9026031494140625
0.11449,-4.240888041359002,31.164000000000005,-6.9083404541015625
0.11663,-4.240888041359002,30.534,-5.9552764892578125
0.11663,-4.712079447609002,30.534,-5.9552764892578125
0.11021,-4.328549784523065,31.271999999999995,-5.0186920166015625
0.10807,-4.328549784523065,30.642,-4.0216827392578125
0.10807,-4.564145487648065,30.642,-4.0216827392578125
0.09523,-3.1450933636246274,30.972,-3.01849365234375
0.10058,-3.1450933636246274,29.904,-2.018051147460937
0.10058,-1.7917761028824395,29.904,-2.018051147460937
0.07062,-0.8329443157730647,30.996,-1.056060791015625
0.07811,-0.3124517620621272,30.78,-0.089263916015625
0.08025,-0.8219885052261897,30.15,0.8658599853515625
0.07597,0.7066522418441228,30.504,1.8505096435546875
0.05885,1.0572992145003728,30.834,2.863311767578125
0.04494,2.914690571922248,30.804,3.851394653320313
0.05457,2.761278706687873,29.958,4.8175048828125
0.04494,3.363955098289435,31.11,5.7808685302734375
0.0535,2.8763299762191226,30.204,6.735992431640625
0.03103,2.8763299762191226,30.450000000000003,7.701416015625001
0.03103,3.8680291949691226,30.450000000000003,7.701416015625001
0.02675,5.36380251039881,30.012,8.71490478515625
0.01819,6.388369160789435,30.366,9.682388305664062
0.01819,7.44034059633631,30.15,10.652618408203123
0.01819,6.886965352195685,30.12,11.63726806640625
0.00856,7.988237935203498,31.134,12.596511840820312
0.00428,7.867693501609748,30.696,13.60382080078125
0.00107,9.675768452781623,30.504,14.612503051757812
-0.0,10.01547487368006,29.766,15.547027587890629
-0.01391,10.683901387351936,30.834,16.517257690429688
-0.0,10.470232564109748,30.48,17.474441528320312
-0.00749,10.788012105125372,30.834,18.460464477539062
-0.01177,12.508410054344123,30.504,19.427261352539062
-0.03531,13.154940205711313,30.366,20.42152404785156
-0.03424,14.68905885805506,30.396,21.393814086914062
-0.02461,14.053484517234748,30.258,22.35992431640625
-0.03638,15.286272603172248,30.612,23.305435180664062
-0.03959,14.458941060203498,30.888,24.27772521972656
-0.05243,16.40397890200037,30.588,25.27061462402344
-0.04708,16.63957460512537,30.096000000000004,26.273117065429688
-0.06741,17.75729616274256,30.612,27.220687866210938
-0.06206,17.510744649070684,30.204,28.164825439453125
-0.06206,17.68606813539881,29.904,29.118576049804688
-0.06206,18.69967897524256,30.474,30.1080322265625
-0.08774,19.302370625633184,30.474,31.11396789550781
-0.08239,20.86937196840662,30.642,32.07115173339844
-0.07704,20.56254823793787,30.312,33.05992126464844
-0.08774,21.822710591453497,31.164000000000005,34.02946472167969
-0.09095,21.822710591453497,30.06,34.992828369140625
-0.09095,20.814577656883184,30.06,34.992828369140625
-0.10165,22.63908632387537,30.558,36.01524353027344
-0.09844,22.814409810203497,30.726000000000003,36.98616027832031
-0.10807,23.76776369203944,30.918000000000003,37.96051025390625
-0.11128,23.877337056297247,30.288,38.95683288574219
-0.12198,23.806109028953497,30.474,39.93873596191406
-0.1177,24.76494081606287,30.372,40.88768005371094
-0.13054,24.85808046450037,29.82,41.90254211425781
-0.13375,26.62779481996912,30.012,42.85560607910156
-0.1284,26.06894167055506,29.766,43.86497497558594
-0.13589,27.66881044496912,30.588,44.79881286621094
-0.1284,26.545610982078497,29.898000000000003,45.7855224609375
-0.14338,28.10711916078944,30.366,46.767425537109375
-0.14445,28.10711916078944,30.426,47.775421142578125
-0.14445,28.05234010805506,30.426,47.775421142578125
-0.16157,28.96185548891444,30.888,48.75389099121094
-0.14338,29.06047304262537,30.42,49.733734130859375
-0.1498,29.120745259422247,30.036,50.72181701660156
-0.15729,29.91519411196131,30.066,51.69342041015625
-0.16799,29.58098085512537,30.396,52.65953063964844
-0.1605,29.58098085512537,30.288,53.63594055175781
-0.1605,31.25755556215662,30.288,53.63594055175781
-0.16906,30.726091939109747,29.652,54.60205078125
-0.17441,32.23829897035975,30.972,55.53314208984375
-0.1712,31.14248903383631,30.096000000000004,56.53633117675781
-0.17334,32.66017397035975,30.864000000000004,57.52304077148437
-0.17976,31.98077638735193,30.042,58.47747802734375
-0.19153,33.41627748598475,30.972,59.486846923828125
-0.18618,32.97247560610194,29.46,60.47218322753907
-0.18404,33.5368219195785,30.558,61.45065307617188
-0.18725,33.71762331118006,29.406,62.41401672363282
-0.19367,33.394365864891,30.341999999999995,63.37051391601562
-0.18725,34.59425600160975,29.574,64.3634033203125
-0.1926,34.27099855532069,30.312,65.36247253417969
-0.20116,35.54213197817225,29.706,66.31553649902344
-0.20223,34.54495485414881,30.504,67.3297119140625
-0.20009,36.21057375063319,30.144,68.2855224609375
-0.20223,34.906572896141,30.204,69.27154541015625
-0.20865,36.659838277000375,30.51,70.22186279296875
-0.2033,35.66815431703944,29.736,71.21406555175781
-0.21079,36.72011049379725,29.628,72.20008850097656
-0.20651,36.34753664125819,29.298,73.17031860351562
-0.21721,36.52835329164881,29.49,74.16114807128906
-0.20223,36.81326540102381,30.012,75.11489868164062
-0.22042,36.53383119692225,30.12,76.07757568359375
-0.20865,37.33375795473475,30.534,77.02995300292969
-0.21828,36.495470601219125,30.066,78.03794860839844
-0.21079,38.243273335594125,30.09,79.01298522949219
-0.22042,36.780382710594125,30.39,79.96330261230469
-0.22149,38.24875124086756,30.282,80.9033203125
-0.21186,36.87900026430506,30.341999999999995,81.87629699707031
-0.22256,38.79117067446131,30.258,82.81631469726562
-0.21721,37.48169191469569,30.012,83.83941650390625
-0.24075,39.41578920473475,30.372,84.83161926269531
-0.23326,37.99124391664881,28.56,85.7318115234375
-0.24396,39.481524068016,27.84,86.66290283203125
-0.23647,38.385729390281625,26.712,87.56584167480469
-0.2461,39.49249513735194,26.664,88.42002868652344
-0.23647,38.41861208071131,24.822,89.25979614257812
-0.25359,40.53349550356288,24.93,90.0762176513672
-0.23861,37.92001588930506,22.788,90.823974609375
-0.24182,40.02395876039881,23.01,91.5497589111328
-0.23326,36.369463521141,21.006,92.25906372070312
-0.24824,39.50892885317225,20.592,92.95806884765624
-0.25038,39.45961244692225,19.272,93.59527587890624
-0.24396,38.18300111879725,18.864,94.22355651855467
-0.2461,39.56372316469569,17.382,94.8017120361328
-0.24182,38.172045308250375,15.57,95.36338806152344
-0.24396,38.08986147035975,15.21,95.8893585205078
-0.26215,39.16922243227381,14.718,96.38992309570312
-0.24289,38.78569276918788,12.99,96.82044982910156
-0.24824,38.55009706606288,12.33,97.24205017089844
-0.25145,37.79947145571131,11.562,97.62863159179688
-0.25359,38.813097554344125,11.064,98.00628662109376
-0.26108,38.60489137758631,9.858,98.33587646484376
-0.25038,38.86239870180506,8.591999999999999,98.64006042480467
-0.25145,38.02411134828944,7.386000000000001,98.89892578125
-0.25466,38.270678120750375,7.002,99.1289520263672
-0.27071,37.95288332094569,6.15,99.35279846191406
-0.27606,38.71994264711756,5.106,99.525146484375
-0.26857,38.04056032289881,3.792,99.67620849609376
-0.26322,38.98842104067225,2.472,99.77096557617188
-0.26857,37.87069948305506,2.196,99.8492431640625
-0.26857,39.163744527000375,1.2899999999999998,99.8979949951172
-0.25894,39.163744527000375,0.3,99.93576049804688
-0.25894,37.16391237368006,0.3,99.93576049804688
-0.25573,37.85426576723475,0.4379999999999999,99.9529266357422
-0.25466,37.85426576723475,0.3839999999999999,99.95841979980467
-0.25466,37.28445680727381,0.3839999999999999,99.95841979980467
-0.25787,37.71728761782069,0.4379999999999999,99.9700927734375
-0.26536,37.514574605125375,0.3839999999999999,99.98176574707033
-0.26429,37.76112611879725,0.354,99.99481201171876
-0.26429,37.60771425356288,-0.054,99.99412536621094
-0.26108,37.54196413149256,0.3,99.99549865722656
-0.26536,37.596758443016,-0.054,100.00236511230467
-0.26429,37.44882448305506,0.03,99.9968719482422
-0.26536,37.700853902000375,0.03,100.00442504882812
-0.26536,37.43786867250819,0.03,99.99755859375
-0.26643,37.498125630516,-0.03,100.00373840332033
-0.26536,37.536486226219125,-0.0,99.9982452392578
-0.26643,37.62962587465663,-0.054,99.99618530273438
-0.26643,37.53100832094569,-0.084,100.00236511230467
-0.26643,37.45978029360194,0.084,100.0030517578125
-0.26857,37.61867006410975,0.108,99.99549865722656
-0.27071,37.547442036766,-0.03,100.00442504882812
-0.28462,37.52553041567225,0.084,100.00373840332033
-0.31137,37.54196413149256,0.162,100.01060485839844
-0.35631,37.54196413149256,-0.1919999999999999,100.00236511230467
-0.35631,37.6898980914535,-0.1919999999999999,100.00236511230467
-0.40125,38.33093507875819,-0.8220000000000001,99.98519897460938
-0.43014,39.19114931215663,-2.61,99.93026733398438
-0.44298,39.44317873110194,-4.284,99.81422424316406
-0.43442,39.02128847231288,-6.0120000000000005,99.6453094482422
-0.42693,38.303545552391,-7.163999999999999,99.4207763671875
-0.41302,38.24875124086756,-7.853999999999999,99.18319702148438
-0.40553,38.52270753969569,-8.538,98.91403198242188
-0.39483,38.24875124086756,-9.498,98.61465454101562
-0.40874,38.19945009340663,-9.774,98.28849792480467
-0.428,38.42956789125819,-10.458,97.96234130859376
-0.43442,38.42956789125819,-12.0,97.59979248046876
-0.43442,38.62132509340663,-12.0,97.59979248046876
-0.41944,38.83500917543788,-13.26,97.18986511230467
-0.42372,38.83500917543788,-14.472,96.74148559570312
-0.42372,38.8678766070785,-14.472,96.74148559570312
-0.42372,38.41861208071131,-14.909999999999998,96.26907348632812
-0.43121,38.824053364891,-15.785999999999998,95.77674865722656
-0.4173,38.73639162172694,-17.490000000000002,95.22331237792967
-0.41837,38.58297975649256,-17.982000000000003,94.64035034179688
-0.43549,38.824053364891,-17.604,94.0594482421875
-0.44191,39.21853883852381,-19.578,93.45451354980467
-0.43335,39.16922243227381,-20.484,92.80426025390624
-0.43442,38.999376851219125,-21.99,92.1086883544922
-0.428,39.02128847231288,-23.286,91.41311645507812
-0.43121,39.12539919008631,-23.64,90.67771911621094
-0.4376300000000001,38.7309137164535,-25.368,89.89425659179688
-0.43121,38.93910463442225,-24.936,89.05242919921875
-0.45582,39.01581056703944,-26.442,88.23532104492188
-0.44298,39.40481813539881,-27.564000000000004,87.35092163085938
-0.46117,39.50345094789881,-28.362,86.46034240722656
-0.43121,39.50345094789881,-29.628,85.51826477050781
-0.43121,38.96103151430506,-29.628,85.51826477050781
-0.44405,38.88980348696131,-29.766,84.58580017089844
-0.43014,37.85426576723475,-29.574,83.58879089355469
-0.43656,38.21588380922694,-29.382,82.65220642089844
-0.42372,38.19397218813319,-28.746,81.71287536621094
-0.42586,38.28711183657069,-29.598000000000003,80.74333190917969
-0.428,37.79947145571131,-29.874,79.81636047363281
-0.43014,37.865221577781625,-29.844000000000005,78.84063720703125
-0.428,37.60223634828944,-30.282,77.8546142578125
-0.40981,37.26800783266444,-30.588,76.86996459960938
-0.41837,37.700853902000375,-29.928,75.90866088867188
-0.42693,36.82422121157069,-30.48,74.96383666992188
-0.428,37.72824342836756,-30.09,73.98536682128906
-0.40767,36.780382710594125,-30.312,72.99385070800781
-0.4173,37.33923586000819,-29.844000000000005,72.02293395996094
-0.41516,36.46808107485194,-30.096000000000004,71.03622436523438
-0.4173,37.04886110414881,-29.736,70.06942749023438
-0.40553,35.9914117633285,-30.288,69.049072265625
-0.41302,36.57765443910975,-29.352,68.08982849121094
-0.41088,35.83252199282069,-30.228,67.09831237792969
-0.40018,35.71197755922694,-29.904,66.12258911132812
-0.39911,35.50924928774256,-30.258,65.14480590820312
-0.41088,34.78602846254725,-30.366,64.18487548828125
-0.3852,35.00519044985194,-30.78,63.19335937500001
-0.38627,34.24908693422694,-30.258,62.24578857421875
-0.38627,34.78055055727381,-29.844000000000005,61.25633239746094
-0.38841,33.4381891070785,-30.78,60.25794982910156
-0.3852,34.17785890688319,-30.15,59.31037902832032
-0.37664,34.17785890688319,-30.582,58.31817626953124
-0.37664,32.70401247133631,-30.582,58.31817626953124
-0.3852,33.569689351219125,-30.012,57.350006103515625
-0.38092,32.51224001039881,-30.228,56.37977600097656
-0.36594,32.873858052391,-30.012,55.40336608886719
-0.36487,31.87120302309412,-31.271999999999995,54.400177001953125
-0.36701,31.46574648012537,-30.18,53.42788696289063
-0.36166,30.967165547508184,-30.696,52.42332458496094
-0.3531,30.34256227602381,-30.558,51.48605346679688
-0.35952,30.769915181297247,-29.682,50.4876708984375
-0.3531,29.57550294985193,-29.874,49.53941345214844
-0.34668,30.20010622133631,-30.42,48.55270385742188
-0.33063,28.550921040672247,-30.756,47.55638122558594
-0.32742,29.11526735414881,-30.474,46.57585144042969
-0.3317,27.81126649965662,-30.534,45.60836791992188
-0.32742,28.51805360903162,-29.82,44.649810791015625
-0.3220699999999999,27.31267030825037,-30.558,43.65486145019531
-0.321,27.29623659243006,-29.958,42.70866394042969
-0.31458,26.189470845359747,-31.056,41.72538757324219
-0.29853,26.189470845359747,-30.48,40.777130126953125
-0.29853,25.44981630434412,-30.48,40.777130126953125
-0.30388,25.33474977602381,-30.06,39.80278015136719
-0.30816,24.64439638246912,-31.08,38.835296630859375
-0.29746,25.00601442446131,-30.204,37.87193298339844
-0.29211,23.663652974266,-30.366,36.93946838378906
-0.28248,23.76776369203944,-29.82,35.89164733886719
-0.28569,22.19528444399256,-30.341999999999995,34.94819641113281
-0.28141,22.99522646059412,-30.144,33.97178649902344
-0.27499,22.99522646059412,-30.366,33.01666259765625
-0.27499,21.76243837465662,-30.366,33.01666259765625
-0.26857,21.95968874086756,-29.844000000000005,32.02789306640625
-0.26108,21.95968874086756,-31.11,31.03706359863281
-0.26108,20.74334962953944,-31.11,31.03706359863281
-0.25573,19.932451802391,-30.396,30.06683349609375
-0.2461,19.18731935610193,-30.534,29.10140991210937
-0.24289,18.55174501528162,-30.228,28.13667297363281
-0.25038,18.76542909731287,-30.288,27.164382934570312
-0.23647,17.82852419008631,-30.888,26.239471435546875
-0.23433,17.724428731101934,-30.12,25.204010009765625
-0.21721,15.998537617820686,-30.642,24.23652648925781
-0.23112,16.23961122621912,-29.874,23.253250122070312
-0.20544,15.20956667055506,-30.918000000000003,22.31529235839844
-0.21828,15.625963765281623,-30.258,21.32652282714844
-0.20544,14.754808980125372,-31.002,20.351486206054688
-0.21186,14.754808980125372,-30.48,19.376449584960938
-0.21186,13.582293110984748,-30.48,19.376449584960938
-0.18725,12.530336934226936,-31.164000000000005,18.320388793945312
-0.18618,11.396181660789436,-30.450000000000003,17.37213134765625
-0.17334,11.927645283836313,-30.942,16.412200927734375
-0.17976,10.996203023094123,-30.15,15.449523925781252
-0.17655,11.319475728172248,-30.534,14.473114013671877
-0.15301,9.516878682273813,-30.78,13.460311889648438
-0.15943,9.231966572898813,-29.568,12.45025634765625
-0.14445,8.026598530906623,-30.588,11.514358520507812
-0.15408,8.136171895164436,-30.450000000000003,10.57708740234375
-0.14338,7.686892110008185,-30.78,9.57183837890625
-0.14231,6.689714985984748,-30.804,8.60504150390625
-0.11984,5.725405293601935,-30.942,7.596359252929687
-0.12198,4.06527956118006,-30.396,6.6034698486328125
-0.10379,4.141985493797248,-30.504,5.651092529296875
-0.11235,3.47354372133631,-30.750000000000004,4.7138214111328125
-0.11235,4.070757466453498,-30.612,3.728485107421875
-0.10486,2.97494752993006,-31.356,2.7500152587890625
-0.09416,2.098314839500373,-30.48,1.7173004150390625
-0.08239,0.5915857135238103,-30.942,0.7367706298828125
-0.08239,0.0930047809066227,-30.036,-0.2108001708984375
-0.07811,0.1368280230941227,-30.834,-1.1872100830078125
-0.09309,-0.5644811810074397,-30.588,-2.132720947265625
-0.06206,-0.5644811810074397,-30.672,-3.160629272460937
-0.06206,-1.0466283978043147,-30.672,-3.160629272460937
-0.0535,-3.101254862648065,-31.326,-4.1205596923828125
-0.05564,-3.101254862648065,-30.78,-5.134048461914063
-0.05564,-3.21084348569494,-30.78,-5.134048461914063
-0.05564,-4.147748392921502,-30.834,-6.071319580078125
-0.05564,-3.3423284710465024,-30.258,-7.029876708984375
-0.04173,-4.164182108741815,-30.534,-7.980194091796875
-0.04387,-4.783307474952752,-30.318,-8.988189697265625
-0.02782,-6.60781614194494,-30.066,-9.946060180664062
-0.02675,-7.489941996437127,-30.228,-10.9149169921875
-0.01391,-7.424191874366815,-30.528,-11.877593994140623
-0.02461,-8.048795145851189,-31.547999999999995,-12.839584350585938
-0.01819,-7.780316752296502,-29.766,-13.835220336914062
-0.0,-9.829465311866814,-31.05,-14.843902587890623
0.00107,-10.38833372006994,-29.79,-15.850524902343748
0.00642,-11.538922709327752,-31.002,-16.761016845703125
-0.0,-10.958142680030877,-30.012,-17.736053466796875
0.00321,-11.23757688413244,-30.834,-18.6822509765625
0.00642,-11.823819559913687,-30.396,-19.68475341796875
0.02782,-13.36343137631994,-31.44,-20.66390991210937
0.02033,-14.875623148780877,-30.15,-21.658859252929688
0.03638,-14.766049784523064,-31.032,-22.613296508789062
0.02354,-15.445447367530877,-30.888,-23.57460021972656
0.02675,-14.574277323585564,-30.834,-24.536590576171875
0.04173,-16.34400693784338,-31.686,-25.5487060546875
0.05136,-17.02338926206213,-30.012,-26.561508178710938
0.05671,-18.60134641538244,-30.336,-27.53379821777344
0.05778,-18.60134641538244,-30.09,-28.45664978027344
0.05778,-18.14111081967932,-30.09,-28.45664978027344
0.05671,-18.29452268491369,-31.386,-29.42344665527344
0.04922,-18.56300107846838,-30.504,-30.380630493164062
0.07597,-19.60400144467932,-31.248,-31.409912109375004
0.0856,-21.499738139015253,-30.282,-32.37602233886719
0.09095,-21.23127500424963,-30.726000000000003,-33.380584716796875
0.08025,-21.23127500424963,-30.341999999999995,-34.2828369140625
0.08025,-22.091473978859003,-30.341999999999995,-34.2828369140625
0.0738299999999999,-20.80938474546057,-29.928,-35.26542663574219
0.08774,-22.31063596616369,-31.302,-36.22673034667969
0.10379,-23.192746561866816,-30.804,-37.27043151855469
0.10914,-24.82549802671057,-31.218,-38.23173522949219
0.09737,-24.759747904640253,-30.366,-39.2047119140625
0.11021,-24.496747416359003,-31.356,-40.14747619628906
0.10272,-24.69399778256994,-30.450000000000003,-41.112213134765625
0.12091,-24.96246091733557,-31.188,-42.09274291992188
0.11984,-27.36227170835119,-31.002,-43.12408447265625
0.13589,-26.973264139991816,-30.534,-44.105987548828125
0.12733,-28.11837522397619,-31.11,-45.05836486816406
0.12198,-26.60069028745276,-31.026,-45.987396240234375
0.12412,-27.74032346616369,-31.547999999999995,-46.92741394042969
0.13589,-28.33753721128088,-30.834,-47.9278564453125
0.15194,-30.10725156674963,-30.864000000000004,-48.94065856933594
0.16264,-30.22230283628088,-30.144,-49.90402221679688
0.1476599999999999,-29.948361796241816,-31.164000000000005,-50.85090637207031
0.14445,-29.95931760678869,-31.194000000000003,-51.78268432617188
0.14873,-29.641538065773062,-31.11,-52.76252746582031
0.17013,-31.99201719174963,-31.632,-53.734130859375
0.17548,-31.937238139015253,-30.48,-54.78401184082031
0.16799,-33.07139341245275,-30.228,-55.7171630859375
0.15943,-31.48248044858557,-30.366,-56.68876647949219
0.17013,-32.31528989682775,-30.336,-57.60475158691406
0.16799,-32.47417966733556,-31.026,-58.5955810546875
0.18725,-34.05212156186681,-31.188,-59.65438842773438
0.18832,-34.05212156186681,-29.958,-60.62805175781251
0.18832,-34.51235715756994,-29.958,-60.62805175781251
0.18939,-34.07952634702306,-30.804,-61.59759521484375
0.18725,-34.24937192807775,-30.18,-62.52799987792969
0.17227,-33.44944517026525,-30.450000000000003,-63.46595764160157
0.18404,-35.515027445655875,-31.194000000000003,-64.45404052734375
0.19367,-35.32873288999181,-30.642,-65.5169677734375
0.20009,-36.64916746030431,-31.188,-66.48582458496094
0.18939,-35.14793149839025,-30.672,-67.43682861328125
0.18511,-35.88760129819494,-30.558,-68.3953857421875
0.19367,-35.59173337827306,-31.002,-69.35050964355469
0.20544,-36.64368955503088,-31.326,-70.36125183105469
0.21721,-37.5806097210465,-30.504,-71.35002136230469
0.21186,-36.99435178647619,-30.258,-72.36076354980469
0.19153,-37.4819769085465,-30.450000000000003,-73.27743530273438
0.19902,-36.17249814878088,-30.864000000000004,-74.234619140625
0.20544,-37.88743345151525,-32.154,-75.201416015625
0.20651,-37.31213132749181,-30.696,-76.18675231933594
0.21935,-39.005139750343375,-31.05,-77.17689514160156
0.20544,-37.44363157163244,-30.48,-78.16291809082031
0.21721,-38.095624369484,-30.558,-79.10087585449219
0.21079,-37.59704343686681,-30.918000000000003,-80.06973266601562
0.21079,-38.0518011272965,-31.271999999999995,-81.01181030273438
0.21828,-39.08184568296056,-30.341999999999995,-82.01774597167969
0.2247,-38.72572080503088,-30.096000000000004,-83.04222106933594
0.22898,-39.42703000913244,-29.544000000000004,-83.99734497070312
0.214,-38.013440531593375,-29.682,-84.95384216308594
0.22149,-40.05711118589025,-28.968,-85.86227416992188
0.23326,-38.4736761272965,-28.284,-86.80091857910156
0.23754,-41.037854594093375,-27.648,-87.69905090332031
0.24717,-38.82433835874181,-25.95,-88.582763671875
0.23968,-41.26797239194494,-24.984,-89.4232177734375
0.22577,-38.04632322202306,-24.216,-90.17784118652344
0.2247,-41.14195005307775,-23.664,-90.93795776367188
0.22898,-37.876477640968375,-23.118,-91.6815948486328
0.2461,-40.2214788616715,-21.996,-92.384033203125
0.25038,-39.38319150815588,-20.784,-93.0878448486328
0.23754,-39.2790960491715,-19.356,-93.7628173828125
0.24182,-41.03237668881994,-18.504,-94.3718719482422
0.23754,-38.21069089780431,-17.022000000000002,-94.93629455566406
0.24075,-38.21069089780431,-16.362000000000002,-95.4718780517578
0.24075,-38.96131650815588,-16.362000000000002,-95.4718780517578
0.25359,-39.85438291440588,-15.57,-95.97793579101562
0.23647,-39.607831400734,-14.856000000000002,-96.45240783691406
0.23754,-39.032544535499625,-14.112000000000002,-96.89666748046876
0.25038,-39.49825803647619,-12.798,-97.31277465820312
0.25252,-39.09280149350744,-11.502,-97.71583557128906
0.24931,-39.65166990171056,-10.188,-98.06121826171876
0.25466,-38.57778684506994,-9.912,-98.38943481445312
0.25573,-39.06541196714025,-9.336,-98.69979858398438
0.25573,-38.868176859718375,-7.878,-98.98063659667967
0.25252,-40.17217771421056,-6.342,-99.20516967773438
0.25359,-39.30100767026525,-5.5440000000000005,-99.40086364746094
0.25038,-39.26814023862463,-4.476,-99.56016540527344
0.24289,-39.4653753460465,-3.3240000000000003,-99.6892547607422
0.24931,-38.17780820737463,-2.826,-99.78126525878906
0.2461,-38.90652219663244,-1.62,-99.85267639160156
0.24182,-38.52847043881994,-1.206,-99.8876953125
0.25038,-38.45724241147619,-1.182,-99.92820739746094
0.2568,-39.2790960491715,-0.7979999999999999,-99.96322631835938
0.24824,-38.22164670835119,-0.3,-99.97695922851562
0.24717,-37.5806097210465,-0.054,-99.9810791015625
0.25038,-38.54490415464025,0.054,-99.97970581054688
0.2461,-38.183301371437125,-0.246,-99.98931884765624
0.24396,-38.38601438413244,-0.1919999999999999,-99.9872589111328
0.24503,-38.09014646421056,-0.0,-99.98931884765624
0.24075,-38.11755124936681,-0.33,-99.986572265625
0.24182,-38.27096311460119,0.03,-99.99275207519533
0.23968,-38.183301371437125,-0.0,-99.99412536621094
0.23754,-38.20521299253088,0.054,-99.98794555664062
0.23861,-38.183301371437125,0.1379999999999999,-99.99618530273438
0.23861,-38.183301371437125,-0.108,-99.99343872070312
0.23861,-38.20521299253088,-0.108,-99.99343872070312
0.24075,-38.183301371437125,-0.1379999999999999,-99.9920654296875
0.2354,-38.18877927671056,-0.108,-99.9968719482422
0.23861,-38.183301371437125,-0.054,-99.9920654296875
0.23968,-38.19973508725744,0.108,-99.99549865722656
0.24289,-38.21069089780431,0.246,-99.99137878417967
0.2600099999999999,-38.21069089780431,-0.0,-99.9920654296875
0.2600099999999999,-38.183301371437125,-0.0,-99.9920654296875
0.29318,-38.21616880307775,-0.1379999999999999,-99.99755859375
0.33919,-38.39149228940588,0.414,-99.99549865722656
0.39055,-38.950360697609,1.266,-99.97077941894533
0.42265,-39.56948606381994,2.826,-99.91584777832033
0.41516,-40.166699808937125,5.22,-99.77920532226562
0.41409,-39.4653753460465,6.371999999999999,-99.59381103515624
0.42586,-39.08184568296056,7.332,-99.36309814453124
0.4173,-38.70379392514806,7.8,-99.11865234375
0.42586,-39.3284124554215,8.729999999999999,-98.85223388671876
0.42051,-39.5640081585465,10.134,-98.54873657226562
0.41516,-38.63805906186681,10.848,-98.21090698242188
0.41944,-38.72024289975744,11.532,-97.8607177734375
0.43121,-38.950360697609,12.354,-97.47344970703124
0.44726,-39.49278013120275,13.398,-97.10128784179688
0.45154,-40.13381711850744,14.526,-96.6741943359375
0.42372,-39.73933164487463,16.23,-96.19285583496094
0.43335,-39.339368265968375,16.53,-95.67031860351562
0.43121,-39.339368265968375,17.244,-95.1519012451172
0.43121,-39.20239011655431,17.244,-95.1519012451172
0.44726,-39.49278013120275,18.834000000000003,-94.56619262695312
0.4376300000000001,-39.454419535499625,19.332,-93.96881103515624
0.4601,-39.65166990171056,20.316,-93.3295440673828
0.428,-39.58591977964025,21.138,-92.64358520507812
0.43442,-39.832471293312125,21.252,-91.96792602539062
0.44512,-40.21600095639806,23.034,-91.24008178710938
0.45368,-39.843427103859,24.0,-90.52528381347656
0.46331,-39.94753782163244,25.566,-89.75486755371094
0.45261,-39.66262571225744,27.234,-88.94187927246094
0.45582,-39.95301572690588,27.594,-88.07052612304688
0.44298,-38.72024289975744,28.446,-87.1490478515625
0.46331,-39.95849363217931,28.002,-86.24679565429688
0.44833,-39.83794919858556,30.642,-85.32051086425781
0.47722,-40.72007505307775,31.302,-84.33723449707031
0.45475,-39.15307371030431,33.306,-83.34915161132812
0.45261,-39.607831400734,33.168000000000006,-82.25601196289062
0.45154,-39.19143430600744,33.822,-81.1285400390625
0.46224,-39.30648557553869,34.956,-80.08071899414062
0.45903,-39.82151548276525,35.802,-78.93608093261719
0.45903,-39.892743510109,37.944,-77.79487609863281
0.45154,-38.74215452085119,38.382000000000005,-76.5692138671875
0.4376300000000001,-38.24355832944494,39.702,-75.28312683105469
0.44191,-39.125684183937125,39.156,-74.01214599609375
0.43977,-37.5806097210465,40.854,-72.7679443359375
0.428,-37.46006528745275,40.2,-71.48597717285156
0.41195,-37.39979307065588,40.416,-70.13397216796875
0.42158,-37.39979307065588,40.284,-68.89869689941406
0.42158,-36.52316038022619,40.284,-68.89869689941406
0.42372,-36.5889105022965,40.938,-67.62359619140625
0.41409,-36.21633664975744,40.5,-66.31965637207031
0.41195,-36.64916746030431,40.5,-65.00129699707031
0.39804,-35.37804929624181,40.692,-63.67744445800782
0.39055,-33.82200376401525,41.076,-62.4078369140625
0.41088,-34.99999753842931,40.77,-61.16706848144532
0.40018,-35.772534769874625,41.05200000000001,-59.80476379394531
0.37985,-33.1426214397965,40.13999999999999,-58.51043701171875
0.38627,-32.63854734311681,40.5,-57.20924377441406
0.38199,-33.20835630307775,40.968,-55.94856262207031
0.3852,-33.50970212827306,40.638,-54.6405029296875
0.3745,-31.89887754331213,40.884,-53.3331298828125
0.36059,-30.22778074155432,41.05200000000001,-52.038116455078125
0.35631,-31.13729612241369,41.322,-50.79116821289063
0.36594,-31.13729612241369,41.376,-49.51812744140625
0.36594,-31.016766947609003,41.376,-49.51812744140625
0.3424,-29.53194944272619,40.776,-48.17916870117188
0.33598,-29.071713847023062,40.13999999999999,-46.87385559082031
0.34561,-28.655316752296503,41.514,-45.61317443847656
0.34026,-27.734845560890253,41.214000000000006,-44.35661315917969
0.33063,-27.729367655616816,40.554,-43.04374694824219
0.321,-27.093793314796503,40.692,-41.70478820800781
0.31672,-26.008954447609003,40.824,-40.4571533203125
0.30602,-24.90768186460119,41.298,-39.15321350097656
0.29211,-24.53510801206213,41.262,-37.82524108886719
0.30388,-24.76522580991369,40.13999999999999,-36.53160095214844
0.28569,-23.28040830503088,40.884,-35.19401550292969
0.28569,-21.93258420835119,41.268,-33.899688720703125
0.28569,-22.014768046241816,41.436,-32.660980224609375
0.26429,-21.87231199155432,41.406000000000006,-31.326828002929684
0.26215,-20.16834775815588,40.968,-30.051040649414062
0.26322,-19.18760434995276,40.938,-28.76426696777344
0.24503,-18.62875120053869,40.938,-27.476806640625
0.24075,-18.79311887631994,40.908,-26.163253784179688
0.2247,-17.16036741147619,41.1,-24.8291015625
0.23112,-15.785138529640252,40.692,-23.52447509765625
0.21935,-15.648160380226187,40.746,-22.228775024414062
0.20651,-15.193417948585564,41.568000000000005,-20.952301025390625
0.20865,-13.949674052101187,40.392,-19.582443237304688
0.19581,-12.815518778663687,40.692,-18.321075439453125
0.18511,-12.196393412452752,40.854,-17.028121948242188
0.1819,-11.511517924171502,41.046,-15.769500732421877
0.17762,-10.76638547788244,40.416,-14.398956298828129
0.15836,-9.276090067726187,40.692,-13.11767578125
0.15408,-8.848721903663689,40.17,-11.795883178710938
0.15729,-7.747449320655877,41.292,-10.535888671875
0.15622,-7.303647440773065,40.224,-9.2010498046875
0.12626,-6.213330668312127,40.5,-7.871704101562499
0.13589,-5.413388651710565,41.65200000000001,-6.57257080078125
0.11984,-5.413388651710565,41.982,-5.310516357421875
0.11984,-3.977902811866815,41.982,-5.310516357421875
0.11128,-3.6875127972183774,40.776,-3.9825439453125
0.10807,-2.723203104835565,40.584,-2.646331787109375
0.08774,-1.7041143597183772,41.076,-1.34857177734375
0.09095,-0.6302313030777522,40.662,-0.1078033447265625
0.09202,0.1203943072738102,40.722,1.20574951171875
0.0738299999999999,0.4162622271956853,41.268,2.522735595703125
0.05885,2.10379274477381,41.13,3.8204956054687504
0.06527,2.963991719383185,40.13999999999999,5.129241943359375
0.05243,3.80227907289881,41.268,6.3727569580078125
0.03959,3.8789850055159976,41.16,7.672576904296875
0.0428,5.52817018618006,40.032,8.95660400390625
0.0321,6.240435200828498,40.278,10.290069580078123
0.02033,7.308840352195685,40.908,11.544570922851562
0.01926,7.53348024477381,40.83,12.840957641601562
0.01177,8.755297261375373,40.632,14.178543090820312
0.00428,9.977114277976936,40.446,15.49827575683594
-0.00214,10.404482442039436,40.938,16.790542602539062
-0.00107,11.555071431297248,41.46,18.057403564453125
-0.00749,11.555071431297248,40.278,19.353103637695312
-0.00749,12.004351216453498,40.278,19.353103637695312
-0.01819,13.291903096336313,40.584,20.6597900390625
-0.02033,13.615175801414436,40.746,21.991195678710938
-0.02889,14.990404683250372,40.692,23.262176513671875
-0.03745,15.291750508445686,40.362,24.594268798828125
-0.04387,16.491640645164434,40.386,25.918121337890625
-0.04494,16.87517030825037,40.938,27.212448120117188
-0.05457,18.25039919008631,40.308,28.46763610839844
-0.05457,18.90788515200037,41.406000000000006,29.78599548339844
-0.06848,18.84213502993006,40.13999999999999,31.10435485839844
-0.0738299999999999,20.33243044008631,40.83,32.380828857421875
-0.06955,21.17619569887537,40.440000000000005,33.70124816894531
-0.08988,21.93777711977381,40.308,35.01068115234375
-0.0856,21.74052675356287,40.662,36.287841796875
-0.09416,23.20341737856287,40.854,37.602081298828125
-0.10165,24.12388856996912,39.732000000000006,38.9300537109375
-0.11128,24.80328615297693,40.794,40.21476745605469
-0.10807,24.46359499086756,40.854,41.5283203125
-0.12198,25.910051900047247,40.47,42.83638000488281
-0.12091,26.994890767234747,39.918,44.09431457519531
-0.13054,26.53465517153162,40.224,45.38108825683594
-0.13696,27.60306032289881,40.116,46.679534912109375
-0.13268,28.34820802797693,40.032,47.99308776855469
-0.14231,28.98924501528162,40.5,49.28398132324219
-0.14445,28.94540651430506,40.854,50.57899475097656
-0.14445,29.96451051821131,40.224,51.84173583984375
-0.15836,30.824709492820684,41.046,53.18824768066406
-0.15515,31.07126100649256,40.662,54.51347351074219
-0.15194,30.97812135805506,40.13999999999999,55.76042175292969
-0.16264,32.33143861879725,40.392,57.086334228515625
-0.17013,32.720446187156625,40.716,58.375167846679695
-0.16692,32.14514406313319,40.164,59.70726013183593
-0.17655,33.37793214907069,39.624,61.01875305175782
-0.18083,34.440844136375375,40.47,62.35359191894531
-0.16906,33.9093805133285,40.224,63.63349914550781
-0.18725,34.051836568016,39.816,64.96009826660156
-0.18832,35.03805788149256,41.298,66.23519897460938
-0.19581,35.72293336977381,40.524,67.52403259277344
-0.18725,35.27365358461756,40.638,68.80050659179688
-0.18939,35.22983034243006,40.662,70.11405944824219
-0.20223,36.873522359031625,39.54,71.43104553222656
-0.20116,36.889971333641,39.786,72.75558471679688
-0.20116,36.68724306215663,38.964,73.98674011230469
-0.21507,37.68442018618006,38.442,75.27763366699219
-0.22042,38.31997926821131,37.068000000000005,76.50192260742188
-0.21507,38.31997926821131,36.438,77.7117919921875
-0.21507,37.52005251039881,36.438,77.7117919921875
-0.22898,38.435045796531625,35.44799999999999,78.88046264648438
-0.23005,38.29806764711756,33.995999999999995,80.02098083496094
-0.23219,38.45147951235194,33.582,81.112060546875
-0.22684,38.55009706606288,32.154,82.19902038574219
-0.23112,38.270678120750375,32.592000000000006,83.26263427734375
-0.23968,38.84048708071131,30.72,84.29397583007812
-0.2354,38.44052370180506,29.49,85.27381896972656
-0.22791,39.377428609031625,28.992,86.21726989746094
-0.23433,38.007677632469125,27.678,87.14767456054688
-0.22898,39.60754640688319,27.102,88.01971435546875
-0.23219,37.56935365785975,25.452,88.89312744140625
-0.24289,40.0951715289535,25.314000000000004,89.76242065429688
-0.23005,37.59128053774256,23.202,90.5596160888672
-0.23326,39.41578920473475,22.512,91.26686096191406
-0.23861,38.72543581118006,22.128,91.99607849121094
-0.2354,39.00485475649256,21.42,92.69302368164062
-0.24396,40.1938043414535,20.346,93.34465026855467
-0.23861,37.251574116844125,18.918,93.9763641357422
-0.25466,38.97198732485194,17.85,94.57237243652344
-0.24824,39.31715639223475,17.16,95.1416015625
-0.25252,39.31715639223475,15.978,95.6682586669922
-0.25252,38.56653078188319,15.978,95.6682586669922
-0.25573,39.08156068910975,14.304,96.185302734375
-0.24182,39.245928364891,13.728,96.64466857910156
-0.24075,38.45147951235194,12.792,97.0525360107422
-0.2461,37.772081929344125,12.246,97.46864318847656
-0.25145,38.435045796531625,11.424,97.85041809082033
-0.26215,38.91171510805506,10.818,98.19580078125
-0.25894,38.955553609031625,9.174,98.51234436035156
-0.25038,38.65420778383631,8.208,98.7787628173828
-0.25145,38.292589741844125,7.002,99.02870178222656
-0.25894,38.02411134828944,6.342,99.25323486328124
-0.26322,39.048693257469125,5.627999999999999,99.4475555419922
-0.26964,39.27881105532069,4.338,99.60479736328124
-0.26215,38.48434694399256,2.802,99.72976684570312
-0.27285,37.49264772524256,2.688,99.82177734375
-0.26429,38.34738405336756,1.2899999999999998,99.88151550292967
-0.27285,38.456957417625375,1.068,99.91928100585938
-0.25466,38.456957417625375,0.36,99.93988037109376
-0.25466,37.585802632469125,0.36,99.93988037109376
-0.2568,37.64605959047694,0.222,99.95567321777344
-0.25573,37.64605959047694,0.33,99.9639129638672
-0.25573,37.37759645571131,0.33,99.9639129638672
-0.26643,37.52553041567225,0.6300000000000001,99.97901916503906
-0.26857,37.52553041567225,0.414,99.99549865722656
-0.26857,37.63510377993006,0.414,99.99549865722656
-0.26857,37.78851564516444,0.1919999999999999,99.99481201171876
-0.26857,37.55839784731288,-0.054,100.0030517578125
-0.26857,37.60771425356288,0.1919999999999999,99.99961853027344
-0.2675,37.60771425356288,0.084,100.00236511230467
-0.2675,37.5036187945785,0.084,100.00236511230467
-0.26964,37.54196413149256,0.054,100.00167846679688
-0.27071,37.61867006410975,0.084,100.00167846679688
-0.26964,37.47621400942225,-0.1919999999999999,100.00442504882812
-0.27071,37.585802632469125,-0.03,100.00648498535156
-0.27178,37.536486226219125,0.084,100.00511169433594
-0.27499,37.61867006410975,-0.084,99.99961853027344
-0.27392,37.48169191469569,0.1379999999999999,99.99961853027344
-0.27392,37.55291994203944,-0.1919999999999999,99.99961853027344
-0.27178,37.60771425356288,-0.1379999999999999,100.00442504882812
-0.27499,37.56387575258631,-0.1379999999999999,100.00442504882812
-0.28248,37.514574605125375,-0.246,100.00167846679688
-0.30281,37.54196413149256,-0.084,100.00099182128906
-0.34026,37.63510377993006,-0.084,100.00442504882812
-0.3852,37.96933229555506,-0.6839999999999999,99.9920654296875
-0.41944,38.84596498598475,-1.7040000000000002,99.96116638183594
-0.43121,39.1527887164535,-3.486,99.87396240234376
-0.42265,38.9665094195785,-5.159999999999999,99.7235870361328
-0.41623,38.27615602602381,-6.534,99.5196533203125
-0.4173,38.39120729555506,-7.247999999999999,99.29580688476562
-0.4173,38.39120729555506,-8.184,99.04518127441406
-0.4173,38.46243532289881,-8.184,99.04518127441406
-0.40339,38.29806764711756,-9.198,98.7451171875
-0.40125,37.936449605125375,-9.774,98.44505310058594
-0.41944,38.30902345766444,-9.803999999999998,98.118896484375
-0.43228,38.96103151430506,-11.202000000000002,97.76870727539062
-0.43121,38.9665094195785,-12.078,97.40066528320312
-0.42158,39.08703859438319,-13.896,96.96327209472656
-0.42265,38.270678120750375,-14.166,96.5032196044922
-0.43121,38.79664857973475,-15.24,96.03973388671876
-0.4376300000000001,38.79664857973475,-16.668,95.4931640625
-0.4376300000000001,38.78021486391444,-16.668,95.4931640625
-0.42693,39.010332661766,-17.022000000000002,94.91706848144533
-0.44512,39.010332661766,-18.15,94.35539245605467
-0.44512,38.456957417625375,-18.15,94.35539245605467
-0.44084,39.15826662172694,-18.504,93.75389099121094
-0.43228,39.15826662172694,-19.824,93.13385009765624
-0.43228,39.25140627016444,-19.824,93.13385009765624
-0.43335,39.213060933250375,-21.282,92.44308471679688
-0.43121,38.9171930133285,-22.158,91.73240661621094
-0.43549,38.813097554344125,-23.142,90.98533630371094
-0.4494,39.30620058168788,-24.078,90.21766662597656
-0.43121,39.40481813539881,-25.374,89.40055847167969
-0.45689,39.426745015281625,-25.728,88.5772705078125
-0.44191,38.7309137164535,-27.15,87.70248413085938
-0.4601,39.30072267641444,-27.978,86.8194580078125
-0.44298,39.30072267641444,-29.322,85.88150024414062
-0.44298,38.62132509340663,-29.322,85.88150024414062
-0.44726,39.41578920473475,-29.898000000000003,84.92706298828125
-0.44298,38.61036928285975,-31.46400000000001,83.90121459960938
-0.46331,39.245928364891,-30.750000000000004,82.84721374511719
-0.45261,38.75282533754725,-32.922000000000004,81.79458618164062
-0.45582,38.93910463442225,-34.074,80.70762634277344
-0.45582,38.741869527000375,-35.61,79.59457397460938
-0.44833,38.741869527000375,-35.94,78.41079711914062
-0.44833,38.66516359438319,-35.94,78.41079711914062
-0.4376300000000001,38.24875124086756,-37.422,77.19406127929688
-0.43977,38.221361714500375,-37.722,75.97457885742188
-0.43228,37.96933229555506,-38.712,74.70634460449219
-0.44084,37.62414796938319,-39.756,73.49441528320312
-0.43228,37.38855226625819,-39.732000000000006,72.15751647949219
-0.42479,37.03789003481288,-39.756,70.92361450195312
-0.41409,36.12289674868006,-39.918,69.62722778320312
-0.42907,36.12289674868006,-40.308,68.32534790039062
-0.42907,36.259874898094125,-40.308,68.32534790039062
-0.42907,36.75299318422694,-39.618,67.08045959472656
-0.40018,35.092852193016,-40.716,65.78132629394531
-0.40767,35.14764650453944,-39.702,64.49729919433594
-0.40018,35.153124409812875,-40.362,63.17481994628906
-0.40767,34.92300661196131,-40.662,61.90040588378906
-0.40767,33.77789552797694,-40.608,60.62873840332032
-0.38948,33.68475587953944,-40.446,59.315185546875
-0.3852,33.64639528383631,-39.84,58.000259399414055
-0.39055,32.588945943016,-40.086000000000006,56.72309875488281
-0.37236,32.588945943016,-40.11,55.39649963378906
-0.37236,32.29855592836756,-40.11,55.39649963378906
-0.3745,32.01913698305506,-40.032,54.08294677734375
-0.37557,31.71231325258631,-40.146,52.81951904296875
-0.35096,29.95903261293787,-40.056,51.46408081054688
-0.36166,30.38090761293787,-40.17,50.21095275878906
-0.36701,30.22201784243006,-40.716,48.90083312988281
-0.34882,29.334429341453497,-40.224,47.610626220703125
-0.34775,28.276980000633184,-41.022,46.29981994628906
-0.33705,28.276980000633184,-40.638,45.00411987304688
-0.33705,28.02493532289881,-40.638,45.00411987304688
-0.33598,27.86056764711756,-40.908,43.68919372558594
-0.3317,27.86056764711756,-40.254,42.43812561035156
-0.3317,26.616839009422247,-40.254,42.43812561035156
-0.31565,26.118242818016,-40.248000000000005,41.07925415039063
-0.31458,26.118242818016,-40.5,39.814453125
-0.31458,25.488161641258184,-40.5,39.814453125
-0.31886,25.00053651918787,-40.2,38.53729248046875
-0.2953199999999999,23.882814961570684,-40.8,37.21481323242188
-0.29104,23.734881001609747,-40.13999999999999,35.93147277832031
-0.29853,23.734881001609747,-41.214000000000006,34.624786376953125
-0.29853,22.85824831118006,-41.214000000000006,34.624786376953125
-0.27927,21.78984315981287,-41.268,33.31878662109375
-0.27606,21.280291157859747,-40.524,32.02033996582031
-0.27285,20.82553346743006,-40.884,30.66146850585938
-0.25894,19.981768208641,-39.84,29.337615966796875
-0.25573,19.981768208641,-40.8,28.06732177734375
-0.25573,18.74351747621912,-40.8,28.06732177734375
-0.24824,18.20109804262537,-41.022,26.712570190429688
-0.24182,17.73538454164881,-41.292,25.432662963867188
-0.23005,16.957354146140997,-40.608,24.11705017089844
-0.23219,15.368456441062872,-40.692,22.847442626953125
-0.21935,15.039705830711313,-40.908,21.565475463867188
-0.21828,14.530169087547248,-40.992,20.29037475585937
-0.20437,13.527514058250372,-40.638,18.936996459960938
-0.2033,12.32760866274256,-40.392,17.614517211914062
-0.18404,11.626299458640998,-40.53,16.341476440429688
-0.18725,11.138659077781623,-40.884,15.019683837890623
-0.18083,10.097658711570686,-40.356,13.739776611328123
-0.15729,8.919664937156623,-40.584,12.380905151367188
-0.15943,7.938921528953498,-40.392,11.061172485351562
-0.15515,7.577318745750373,-40.818000000000005,9.77783203125
-0.14552,6.443163472312873,-41.16,8.498611450195312
-0.13375,5.725405293601935,-40.584,7.1390533447265625
-0.12947,4.60769899477381,-41.16,5.8344268798828125
-0.11877,3.796801167625373,-41.106,4.574432373046875
-0.10914,2.85989626039881,-40.776,3.2306671142578125
-0.10165,2.1804986773909976,-40.968,1.8923950195312496
-0.10486,1.1778436480941228,-40.692,0.5912017822265625
-0.08988,0.1861444293441227,-41.712,-0.67291259765625
-0.08774,-0.5590032757340022,-40.554,-1.9830322265625
-0.08239,-1.1836065472183772,-41.16,-3.275299072265625
-0.06527,-2.410901469093377,-40.254,-4.606704711914063
-0.06848,-3.79708616147619,-40.638,-5.903778076171875
-0.0642,-4.312116068702752,-41.1,-7.175445556640625
-0.04922,-4.607983988624627,-41.46,-8.449172973632812
-0.03959,-5.621594828468377,-40.968,-9.762725830078123
-0.04815,-7.161191386085565,-39.702,-11.036453247070312
-0.02354,-7.911816996437127,-40.584,-12.34039306640625
-0.02247,-8.125501078468377,-40.854,-13.583221435546877
-0.01926,-9.084332865577752,-40.722,-14.923553466796877
-0.00214,-10.651318949562128,-40.638,-16.2103271484375
-0.0,-11.270444315773064,-40.554,-17.5067138671875
-0.0,-11.270444315773064,-40.884,-18.771514892578125
-0.0,-11.719724100929314,-40.884,-18.771514892578125
0.00535,-12.634717387062128,-40.66799999999999,-20.05210876464844
0.01391,-13.823666972023064,-40.77,-21.371841430664062
0.02033,-14.486615580421502,-41.046,-22.670974731445312
0.02568,-15.050961893898064,-40.692,-23.86436462402344
0.02568,-15.96047727475744,-41.46,-25.1971435546875
0.04173,-17.00147764096838,-40.86,-26.538848876953125
0.04601,-17.724713724952753,-40.188,-27.765884399414062
0.04815,-18.573956889015253,-40.83,-29.095230102539062
0.0535,-19.26431028256994,-40.746,-30.350418090820312
0.06527,-19.54372922788244,-41.268,-31.68525695800781
0.07062,-20.61762754331213,-40.938,-32.99812316894531
0.06634,-21.899701517921503,-40.716,-34.2498779296875
0.08453,-21.899701517921503,-41.46,-35.50300598144531
0.08453,-22.513348978859003,-41.46,-35.50300598144531
0.08453,-22.277753275734003,-41.208,-36.81861877441406
0.0856,-23.33520261655432,-40.968,-38.16169738769531
0.09737,-25.01177732358557,-40.386,-39.43061828613281
0.09844,-25.510373514991816,-41.190000000000005,-40.678253173828125
0.09951,-24.946027201515253,-40.854,-41.95472717285156
0.11984,-26.00347654233557,-40.43399999999999,-43.251800537109375
0.11877,-27.92660276303869,-40.746,-44.57427978515625
0.1177,-27.608823222023062,-41.214000000000006,-45.84320068359375
0.12733,-27.608823222023062,-40.908,-47.1038818359375
0.12733,-27.53759519467932,-40.908,-47.1038818359375
0.13482,-28.66627256284338,-41.46,-48.46824645996094
0.13589,-28.66627256284338,-41.532,-49.77218627929688
0.13589,-30.496259135109003,-41.532,-49.77218627929688
0.14231,-30.140118998390253,-40.662,-51.07612609863281
0.14231,-30.140118998390253,-40.746,-52.29835510253906
0.14231,-29.86617795835119,-40.746,-52.29835510253906
0.1476599999999999,-30.945538920265253,-40.854,-53.63594055175781
0.1605,-30.945538920265253,-40.368,-54.97283935546875
0.1605,-32.3865179241715,-40.368,-54.97283935546875
0.16264,-31.85505430112463,-40.416,-56.2664794921875
0.16157,-31.85505430112463,-40.47,-57.54981994628906
0.16157,-32.36459104428869,-40.47,-57.54981994628906
0.16906,-33.45492307553869,-41.106,-58.81393432617188
0.17227,-33.73434202085119,-40.776,-60.192718505859375
0.18297,-33.811047953468375,-40.692,-61.52824401855469
0.17334,-34.2712835491715,-40.704,-62.75115966796875
0.18297,-35.394483012062125,-40.66799999999999,-64.06471252441406
0.1926,-34.747968119484,-41.208,-65.40367126464844
0.17869,-34.93972532163244,-40.992,-66.719970703125
0.18832,-36.46288816342931,-40.872,-68.00605773925781
0.1926,-37.202557963234,-41.55,-69.29420471191406
0.19046,-35.252026957374625,-40.218,-70.55488586425781
0.20009,-36.50124875913244,-40.362,-71.91375732421875
0.2033,-38.79694883237463,-39.816,-73.17100524902344
0.21293,-38.555859965187125,-39.834,-74.43580627441406
0.20437,-37.071057719093375,-38.244,-75.63262939453125
0.20972,-38.49560300717931,-37.674,-76.90498352050781
0.23005,-38.49560300717931,-36.876,-78.08944702148438
0.23005,-39.596875590187125,-36.876,-78.08944702148438
0.21828,-38.840772074562125,-35.118,-79.20661926269531
0.20437,-38.890088480812125,-35.394000000000005,-80.32173156738281
0.21721,-38.35314695249181,-34.116,-81.38465881347656
0.22363,-40.0351995647965,-33.03,-82.51419067382812
0.22149,-39.859876078468375,-31.578,-83.54415893554688
0.23326,-39.28457395444494,-30.666,-84.52125549316406
0.21614,-38.818860453468375,-30.504,-85.48324584960938
0.23433,-38.818860453468375,-30.012,-86.39167785644531
0.23433,-38.92843381772619,-30.012,-86.39167785644531
0.23112,-40.06258909116369,-28.698,-87.31315612792969
0.25466,-40.06258909116369,-27.018,-88.23463439941406
0.25466,-39.69001523862463,-27.018,-88.23463439941406
0.23433,-40.23791257749181,-25.386,-89.0771484375
0.22791,-38.62708799253088,-25.068,-89.88601684570312
0.23219,-39.53660337339025,-23.502,-90.64201354980467
0.24396,-39.290051859718375,-22.872,-91.3959503173828
0.23219,-38.65997068296056,-22.056,-92.11761474609376
0.2600099999999999,-41.67341367612463,-21.774,-92.80906677246094
0.24289,-38.78597776303869,-19.878,-93.49365234375
0.24289,-40.68171445737463,-19.056,-94.14390563964844
0.23112,-39.12020627866369,-17.544,-94.70832824707033
0.24396,-38.5723089397965,-16.86,-95.25833129882812
0.24824,-40.38036863217931,-15.954,-95.78773498535156
0.24075,-39.810559672218375,-14.934,-96.27799987792967
0.23326,-38.52847043881994,-14.028,-96.734619140625
0.25252,-38.7585882366715,-13.212,-97.15896606445312
0.24396,-38.7585882366715,-12.438,-97.58193969726562
0.24396,-39.49825803647619,-12.438,-97.58193969726562
0.24075,-40.00231687436681,-11.232,-97.94517517089844
0.24182,-38.96679441342931,-10.188,-98.27682495117188
0.24824,-38.90652219663244,-8.729999999999999,-98.59748840332033
0.2568,-39.40511838803869,-8.538,-98.8886260986328
0.2600099999999999,-39.53112546811681,-6.564,-99.13581848144533
0.25145,-39.4653753460465,-5.352,-99.34043884277344
0.2461,-38.5723089397965,-4.308,-99.51278686523438
0.2461,-38.714764994484,-3.486,-99.656982421875
0.25038,-38.39697019467931,-3.156,-99.7503662109375
0.2461,-39.240735453468375,-1.728,-99.83139038085938
0.24396,-39.240735453468375,-1.374,-99.88082885742188
0.24396,-39.50921384702306,-1.374,-99.88082885742188
0.2461,-37.827161234718375,-1.014,-99.91928100585938
0.2568,-38.27096311460119,-0.8220000000000001,-99.96047973632812
0.25252,-38.54490415464025,-0.3,-99.97352600097656
0.24717,-37.81072751889806,0.054,-99.97833251953124
0.25252,-38.68736020932775,-0.1919999999999999,-99.97970581054688
0.2461,-38.24355832944494,-0.0,-99.98382568359376
0.2461,-38.26000730405431,-0.1379999999999999,-99.986572265625
0.24503,-38.15041868100744,-0.084,-99.98451232910156
0.23968,-38.11755124936681,0.108,-99.99069213867188
0.23861,-38.11755124936681,-0.1919999999999999,-99.98863220214844
0.23861,-38.27096311460119,-0.1919999999999999,-99.98863220214844
0.24075,-38.183301371437125,-0.1919999999999999,-99.9872589111328
0.24182,-38.20521299253088,-0.246,-99.99069213867188
0.23968,-38.183301371437125,-0.1379999999999999,-99.99000549316406
0.23968,-38.20521299253088,-0.1919999999999999,-99.99137878417967
0.23647,-38.194257181984,-0.3,-99.99343872070312
0.23968,-38.183301371437125,-0.162,-99.99000549316406
0.23647,-38.20521299253088,-0.054,-99.9968719482422
0.2354,-38.20521299253088,-0.054,-99.99755859375
0.23754,-38.20521299253088,0.1379999999999999,-99.99549865722656
0.23861,-38.20521299253088,0.108,-99.9982452392578
0.25466,-38.21616880307775,0.084,-99.99137878417967
0.28569,-38.20521299253088,-0.03,-99.99481201171876
0.33063,-38.369580668312125,0.3,-99.99618530273438
0.38306,-38.81338254819494,1.098,-99.97764587402344
0.42693,-39.73385373960119,2.25,-99.92958068847656
0.41516,-40.413251322609,4.968,-99.8004913330078
0.40446,-39.596875590187125,6.234,-99.62059020996094
0.42158,-39.596875590187125,6.701999999999999,-99.38919067382812
0.42158,-39.08184568296056,6.701999999999999,-99.38919067382812
0.428,-38.714764994484,7.608000000000001,-99.1461181640625
0.42479,-39.05993406186681,8.43,-98.88999938964844
0.42693,-39.48730222592931,9.528,-98.58306884765624
0.42158,-39.48730222592931,11.094,-98.24729919433594
0.42158,-38.84624997983556,11.094,-98.24729919433594
0.42051,-38.88461057553869,11.808,-97.88475036621094
0.4376300000000001,-39.09829465756994,12.138,-97.52700805664062
0.45261,-39.49278013120275,12.743999999999998,-97.15003967285156
0.4494,-40.13381711850744,14.274,-96.71470642089844
0.41195,-39.85438291440588,15.438,-96.24984741210938
0.42693,-39.29552976499181,16.884,-95.73348999023438
0.43014,-39.125684183937125,17.105999999999998,-95.20271301269533
0.43121,-39.52016965756994,18.15,-94.64584350585938
0.44405,-39.55853025327306,18.894,-94.04708862304688
0.44512,-39.62975828061681,19.854000000000003,-93.39202880859376
0.42907,-39.59139768491369,21.474,-92.7239227294922
0.44084,-39.59139768491369,21.804,-92.02835083007812
0.44084,-39.76672117124181,21.804,-92.02835083007812
0.45582,-40.18313352475744,23.418,-91.30874633789062
0.43656,-39.69001523862463,23.802,-90.56785583496094
0.4601,-39.7996038616715,24.522,-89.77684020996094
0.44298,-39.73933164487463,27.708,-88.98651123046875
0.44405,-39.96944944272619,26.58,-88.10279846191406
0.43977,-38.75311033139806,28.584000000000003,-87.1710205078125
0.46331,-39.892743510109,28.968,-86.22756958007812
0.44726,-39.925610941749625,30.696,-85.32600402832031
0.47401,-40.73103086362463,31.578,-84.37088012695312
0.4494,-39.20786802182775,32.867999999999995,-83.37730407714844
0.45047,-39.67358152280431,33.52799999999999,-82.26081848144531
0.4494,-39.19691221128088,33.858,-81.16218566894531
0.46117,-39.19691221128088,34.764,-80.08621215820312
0.46117,-39.35580198178869,34.764,-80.08621215820312
0.46117,-39.72837583432775,36.132,-78.97178649902344
0.45582,-39.92013303647619,37.29,-77.85736083984375
0.45475,-38.78049985776525,39.456,-76.60560607910156
0.44084,-38.32574216733556,38.98800000000001,-75.32638549804688
0.44405,-39.03802244077306,39.048,-74.10484313964844
0.43335,-37.52581540952306,41.106,-72.89497375488281
0.42907,-37.67922727475744,41.214000000000006,-71.58760070800781
0.43656,-37.60252134214025,39.94799999999999,-70.26786804199219
0.41944,-36.27113096128088,40.968,-68.96942138671875
0.41409,-36.34234372983556,40.854,-67.72178649902344
0.42372,-36.41904966245275,40.638,-66.44805908203125
0.41944,-36.868329447609,40.386,-65.13725280761719
0.39269,-35.18627683530431,40.386,-63.76739501953125
0.40339,-33.86584226499181,41.184000000000005,-62.52525329589844
0.4066,-35.169843119484,40.992,-61.23779296875
0.38948,-35.83828489194494,40.212,-59.95307922363281
0.38841,-33.06591550717931,41.298,-58.60382080078125
0.3841299999999999,-32.73716489682775,40.884,-57.36717224121093
0.37985,-33.482312601905875,41.13,-56.0687255859375
0.38627,-33.197400492530875,40.86,-54.795684814453125
0.37236,-31.92080442319494,40.986,-53.4979248046875
0.3531,-30.55105344663244,41.076,-52.13630676269531
0.36808,-31.13729612241369,41.328,-50.91270446777344
0.35524,-30.75376645932776,41.322,-49.61151123046875
0.35524,-29.53194944272619,41.268,-48.24920654296875
0.33063,-29.53194944272619,40.812,-46.92329406738281
0.33063,-29.142941874366816,40.812,-46.92329406738281
0.34454,-28.68270627866369,40.43399999999999,-45.63034057617188
0.33384,-27.663617533546503,41.514,-44.36553955078125
0.32742,-27.78962461362463,41.022,-43.05473327636719
0.32314,-27.78962461362463,41.190000000000005,-41.69380187988281
0.32314,-26.956830424171503,41.190000000000005,-41.69380187988281
0.31993,-26.09113828549963,41.868,-40.4022216796875
0.30923,-24.88575498471838,41.874,-39.162139892578125
0.30174,-24.50222532163244,41.598,-37.86918640136719
0.29318,-24.754269999366816,40.968,-36.541900634765625
0.28141,-23.291379374366816,40.938,-35.20088195800781
0.28034,-22.03120176206213,41.712,-33.93402099609375
0.28355,-22.06406919370276,41.022,-32.699432373046875
0.2675,-21.79560605893713,40.83,-31.337127685546875
0.25787,-20.16834775815588,40.908,-30.02975463867188
0.26429,-19.24239866147619,41.1,-28.794479370117188
0.25145,-18.738324564796503,41.544,-27.520065307617188
0.23754,-18.79859678159338,41.28600000000001,-26.208572387695312
0.24075,-17.154889506202753,40.884,-24.86480712890625
0.22791,-15.839932841163687,40.632,-23.55537414550781
0.22149,-15.609815043312128,41.298,-22.25692749023437
0.20437,-15.226285380226187,41.46,-20.961227416992188
0.214,-13.971600931984002,40.968,-19.587936401367188
0.18939,-12.88674680600744,40.716,-18.298416137695312
0.18618,-12.234754008155877,41.736,-17.063140869140625
0.18725,-11.434811991554314,41.208,-15.77293395996094
0.16906,-10.81020872006994,40.854,-14.435348510742186
0.15729,-9.292523783546502,40.254,-13.149261474609377
0.16371,-8.941876810890252,41.022,-11.8377685546875
0.15301,-7.665265482765252,41.39999999999999,-10.54962158203125
0.14659,-7.352963847023065,40.638,-9.264907836914062
0.12947,-6.388654154640252,40.638,-7.908096313476562
0.12412,-5.396954935890252,41.406000000000006,-6.6336822509765625
0.1177,-3.977902811866815,41.268,-5.35308837890625
0.11877,-3.6765569866715024,41.214000000000006,-4.0821075439453125
0.107,-2.931409281593377,40.902,-2.698516845703125
0.0963,-1.7095922649918147,40.968,-1.4453887939453125
0.08881,-0.6247533978043147,41.328,-0.14007568359375
0.08453,0.1587549029769352,40.386,1.1432647705078125
0.06848,0.3888727008284978,40.584,2.4884033203125
0.06313,2.10379274477381,40.524,3.812942504882813
0.06741,2.10379274477381,40.494,5.107955932617188
0.06741,2.95303590883631,40.494,5.107955932617188
0.04815,3.747500020164435,40.83,6.3700103759765625
0.03959,3.857073384422248,39.94799999999999,7.662277221679688
0.0428,5.511736470359748,40.05,8.972396850585938
0.03638,6.295229512351935,40.524,10.290756225585938
0.01498,7.34720094789881,41.43,11.561737060546877
0.01712,7.544436055320685,40.74,12.800445556640623
0.00856,8.826525288719123,40.5,14.162063598632812
-0.0,9.999025899070686,40.824,15.448150634765623
-0.00107,10.377077656883186,40.776,16.753463745117188
-0.00107,11.57150514711756,40.422,18.05259704589844
-0.00749,12.097490864890998,40.164,19.331130981445312
-0.01819,13.286425191062872,40.386,20.68519592285156
-0.01819,13.686403828758186,40.440000000000005,21.952056884765625
-0.0321,15.012316304344123,41.05200000000001,23.218917846679688
-0.03852,15.286272603172248,40.992,24.559249877929688
-0.04601,16.45329530825037,40.308,25.88104248046875
-0.05136,16.92448671450037,40.746,27.176742553710938
-0.04922,18.25039919008631,40.8,28.42369079589844
-0.05671,18.84213502993006,40.086000000000006,29.74960327148437
-0.0738299999999999,18.84213502993006,40.5,31.06040954589844
-0.07276,20.32147462953944,40.47,32.405548095703125
-0.0738299999999999,21.230974751609747,40.476,33.690948486328125
-0.08988,21.93229921450037,40.614,34.94476318359375
-0.08774,21.74052675356287,40.254,36.28303527832031
-0.09202,23.15411623110193,39.894,37.560882568359375
-0.10379,24.00883730043787,41.022,38.89228820800781
-0.10593,24.71014650453944,39.786,40.20240783691406
-0.10914,24.55125673403162,40.938,41.48780822753906
-0.1177,26.008669453758184,39.978,42.769775390625
-0.12198,26.907229024070684,40.272,44.07440185546875
-0.1177,26.41411073793787,40.638,45.39756774902344
-0.13375,27.559221821922247,40.662,46.669921875
-0.13696,28.39750917543787,40.968,47.98759460449219
-0.14231,29.18649538149256,40.488,49.269561767578125
-0.14659,29.06595094789881,40.446,50.54054260253906
-0.13482,29.991900044578497,40.908,51.83967590332031
-0.1605,30.55075319399256,40.194,53.15116882324219
-0.15729,30.983599263328497,40.554,54.47433471679688
-0.15943,31.04387148012537,40.602,55.777587890625
-0.17227,32.52319582094569,39.756,57.04307556152344
-0.17334,32.75879152407069,41.106,58.36555480957031
-0.17762,32.06296022524256,40.626000000000005,59.657135009765625
-0.17548,33.30670412172694,40.086000000000006,60.980987548828125
-0.1819,33.30670412172694,40.33200000000001,62.31101989746093
-0.1819,34.56686647524256,40.33200000000001,62.31101989746093
-0.1819,33.827196675437875,40.224,63.59367370605469
-0.18297,34.07924135317225,40.194,64.92301940917969
-0.18939,34.99423463930506,39.732000000000006,66.22764587402344
-0.1926,35.77772768129725,39.744,67.53227233886719
-0.19688,35.2353082477035,39.69,68.81492614746094
-0.19153,35.2353082477035,40.33200000000001,70.10581970214844
-0.19153,35.11476381410975,40.33200000000001,70.10581970214844
-0.20437,36.96667726625819,40.284,71.42829895019531
-0.20865,36.96667726625819,39.618,72.718505859375
-0.20865,36.91736086000819,39.618,72.718505859375
-0.21079,36.68724306215663,39.432,74.00802612304688
-0.21186,36.68724306215663,38.442,75.25154113769531
-0.21186,37.67346437563319,38.442,75.25154113769531
-0.2247,38.292589741844125,38.082,76.49917602539062
-0.22149,37.54196413149256,36.492,77.70423889160156
-0.22577,38.385729390281625,35.382,78.83651733398438
-0.23647,38.385729390281625,33.989999999999995,79.991455078125
-0.23326,38.4953180133285,33.198,81.07498168945312
-0.23433,38.50079591860194,32.4,82.17361450195312
-0.23647,38.41311891664881,31.794,83.23379516601562
-0.23005,38.84048708071131,30.834,84.22050476074219
-0.23861,38.46243532289881,29.928,85.24635314941406
-0.22577,39.37195070375819,28.746,86.19735717773438
-0.22791,37.9254937945785,27.51,87.10235595703125
-0.23326,39.44317873110194,27.264000000000003,87.97645568847656
-0.23968,37.55291994203944,25.998,88.84986877441406
-0.24503,40.00750978578944,24.66,89.67864990234375
-0.23968,37.77755983461756,23.118,90.48751831054688
-0.2354,39.284288960594125,22.788,91.21330261230467
-0.2354,39.02676637758631,22.158,91.93084716796876
-0.23968,38.80761964907069,21.138,92.6264190673828
-0.24931,40.21571596254725,20.016,93.29177856445312
-0.2354,37.37759645571131,19.11,93.91868591308594
-0.24717,38.98842104067225,17.682000000000002,94.51263427734376
-0.25466,39.62945802797694,16.884,95.09559631347656
-0.25038,38.67064149965663,16.445999999999998,95.63255310058594
-0.25894,39.07608278383631,15.072,96.14479064941406
-0.24396,38.999376851219125,13.974,96.61514282226562
-0.2354,38.41311891664881,12.738,97.02781677246094
-0.24503,37.914537984031625,11.862,97.43637084960938
-0.25573,38.44052370180506,11.04,97.82020568847656
-0.26215,38.96103151430506,10.38,98.18000793457033
-0.25466,38.9665094195785,9.336,98.49861145019533
-0.24824,38.82953127016444,8.676,98.7664031982422
-0.25038,38.82953127016444,6.917999999999999,99.01771545410156
-0.25038,38.12274416078944,6.917999999999999,99.01771545410156
-0.25894,37.88165529360194,6.234,99.23744201660156
-0.26215,38.98842104067225,5.712,99.437255859375
-0.26964,39.284288960594125,4.392,99.60411071777344
-0.26215,38.51722963442225,3.102,99.72770690917967
-0.27071,37.45978029360194,2.634,99.8114776611328
-0.26536,38.28711183657069,1.152,99.87945556640624
-0.27071,38.57202394594569,1.044,99.92340087890624
-0.25359,37.61319215883631,0.222,99.93988037109376
-0.25573,37.700853902000375,0.246,99.95223999023438
-0.25466,37.35568483461756,0.414,99.9639129638672
-0.26643,37.514574605125375,0.3839999999999999,99.98313903808594
-0.26857,37.64605959047694,0.108,99.99069213867188
-0.26857,37.82687624086756,0.1379999999999999,99.99755859375
-0.26964,37.56935365785975,0.246,99.99549865722656
-0.26857,37.61319215883631,-0.054,100.00511169433594
-0.26857,37.48169191469569,-0.0239999999999999,100.00442504882812
-0.2675,37.60223634828944,-0.246,100.00442504882812
-0.26857,37.63510377993006,0.084,100.00442504882812
-0.27178,37.4543023883285,0.03,100.00373840332033
-0.26857,37.60771425356288,-0.1379999999999999,99.99755859375
-0.27178,37.54196413149256,0.1379999999999999,100.00579833984376
-0.27178,37.61319215883631,-0.168,100.00167846679688
-0.27071,37.49264772524256,-0.0,100.00167846679688
-0.27392,37.60223634828944,-0.162,100.00579833984376
-0.27499,37.596758443016,0.084,100.00236511230467
-0.27499,37.54196413149256,0.054,100.00167846679688
-0.28569,37.514574605125375,-0.03,100.00442504882812
-0.30923,37.56387575258631,-0.1379999999999999,100.00099182128906
-0.34775,37.67346437563319,-0.1919999999999999,99.9968719482422
-0.39376,38.172045308250375,-0.99,99.9920654296875
-0.42158,39.03225954164881,-2.034,99.94880676269533
-0.4376300000000001,39.03225954164881,-3.954,99.85061645507812
-0.4376300000000001,39.31715639223475,-3.954,99.85061645507812
-0.42372,39.11444337953944,-5.466,99.6892547607422
-0.42158,38.3966852008285,-6.618,99.4818878173828
-0.42372,38.31997926821131,-7.302,99.25392150878906
-0.40339,38.41311891664881,-8.706,98.99162292480467
-0.41088,38.36929567446131,-9.06,98.7066650390625
-0.41302,37.985766011375375,-9.528,98.3935546875
-0.41623,38.27615602602381,-10.488,98.07632446289062
-0.42479,38.96103151430506,-11.67,97.72750854492188
-0.42693,38.94458253969569,-12.852,97.34367370605467
-0.43442,39.010332661766,-13.782000000000002,96.91658020019533
-0.41302,38.23779543032069,-15.269999999999998,96.4702606201172
-0.43228,38.856920796531625,-15.21,95.96900939941406
-0.44298,38.714464741844125,-16.416,95.45539855957033
-0.42586,38.950060444969125,-17.490000000000002,94.8724365234375
-0.43014,38.4953180133285,-18.540000000000003,94.3073272705078
-0.4387,39.21853883852381,-18.888,93.7298583984375
-0.43335,39.28976686586756,-20.436,93.09196472167967
-0.44084,39.245928364891,-20.76,92.42591857910156
-0.43549,38.9171930133285,-22.374,91.72760009765624
-0.4376300000000001,38.79117067446131,-22.458,90.98533630371094
-0.45582,39.399340230125375,-24.408,90.252685546875
-0.43442,39.39386232485194,-24.954000000000004,89.44038391113281
-0.45689,39.38290651430506,-26.196,88.58482360839844
-0.42586,38.6815973102035,-27.564000000000004,87.73406982421875
-0.44084,39.13087709535975,-27.69,86.88262939453125
-0.44191,38.64872987856288,-28.746,85.93574523925781
-0.46224,39.43222292055506,-29.622,85.00534057617188
-0.42907,38.65968568910975,-30.942,84.01107788085938
-0.45047,39.28976686586756,-31.332,82.98179626464844
-0.44726,38.69803102602381,-33.03,81.95457458496094
-0.45154,39.13635500063319,-33.690000000000005,80.84907531738281
-0.44619,38.39120729555506,-35.226,79.75456237792969
-0.44298,38.70898683657069,-35.44799999999999,78.59687805175781
-0.45903,38.56653078188319,-37.038,77.43438720703125
-0.44298,38.28163393129725,-37.77,76.22589111328125
-0.44191,37.865221577781625,-38.22,74.98100280761719
-0.44405,37.74469240297694,-38.766000000000005,73.71139526367188
-0.43977,37.71180971254725,-39.618,72.42256164550781
-0.42265,36.66533144106288,-39.726,71.15364074707031
-0.43121,36.42972047914881,-40.002,69.88197326660156
-0.42372,36.45712526430506,-40.248000000000005,68.55537414550781
-0.42051,36.76942690004725,-39.84,67.25418090820312
-0.41302,35.06546266664881,-40.83,65.97221374511719
-0.40125,35.279131489891,-40.002,64.66346740722656
-0.40018,35.42706544985194,-40.554,63.37532043457031
-0.39483,34.490160542625375,-40.824,62.13661193847656
-0.39162,34.00253542055506,-40.278,60.77430725097656
-0.40125,33.96417482485194,-40.746,59.52117919921876
-0.38841,33.5368219195785,-40.446,58.20213317871093
-0.38627,32.35882814516444,-40.362,56.92222595214844
-0.38841,32.61635072817225,-40.002,55.62583923339844
-0.37771,32.38623293032069,-40.33200000000001,54.37889099121094
-0.37664,31.37260683168787,-39.858,53.092803955078125
-0.35096,30.50145204653162,-39.558,51.74629211425781
-0.35845,30.66581972231287,-40.458,50.51719665527344
-0.36808,30.27133424868006,-40.806,49.22286987304688
-0.34561,29.11526735414881,-40.83,47.92579650878906
-0.3424,28.797487813133184,-40.33200000000001,46.61773681640625
-0.33491,28.53448732485193,-40.386,45.38246154785156
-0.33277,27.471560078758184,-40.446,44.06890869140625
-0.33812,26.96202333559412,-40.992,42.7752685546875
-0.31458,26.50726564516444,-40.458,41.504974365234375
-0.31565,25.696367818016,-40.638,40.22300720214844
-0.31137,24.726580220359747,-40.146,38.93829345703125
-0.2996,24.52386720766444,-40.356,37.6116943359375
-0.30174,24.260866719383184,-40.68600000000001,36.3702392578125
-0.29318,22.87468202700037,-40.134,35.00038146972656
-0.27927,21.87750490297693,-40.578,33.737640380859375
-0.27178,21.50493105043787,-40.854,32.42820739746094
-0.27071,21.38438661684412,-40.992,31.150360107421875
-0.25466,19.82835634340662,-40.47,29.80247497558593
-0.26322,19.19827516664881,-40.716,28.52943420410156
-0.25038,18.546267110008184,-40.824,27.228927612304688
-0.24396,18.047686177391,-40.86,25.97991943359375
-0.24182,16.97380312075037,-41.244,24.62242126464844
-0.22042,15.921831685203498,-40.8,23.328094482421875
-0.22256,15.532824116844123,-39.444,22.1044921875
-0.22577,14.398668843406623,-40.854,20.81977844238281
-0.20223,14.031572896140998,-40.872,19.48837280273437
-0.18939,12.815233784812872,-40.218,18.174819946289062
-0.19581,12.23446901430506,-40.872,16.881179809570312
-0.1819,12.23446901430506,-40.494,15.630111694335936
-0.1819,10.809923726219123,-40.494,15.630111694335936
-0.17227,10.694857197898813,-40.242,14.277420043945312
-0.1712,9.599062520164436,-40.30199999999999,12.97760009765625
-0.1605,8.558062153953498,-40.71,11.723098754882812
-0.1605,7.48416383852381,-40.326,10.44525146484375
-0.14445,6.963671284812873,-40.476,9.1845703125
-0.14017,6.645876485008185,-40.752,7.8408050537109375
-0.13161,4.810412007469123,-40.67999999999999,6.554718017578125
-0.12626,4.163897114890998,-40.362,5.2315521240234375
-0.11663,3.243425923484748,-40.578,3.966064453125
-0.11021,3.09549196352381,-41.31,2.706756591796875
-0.10165,1.4682336627425605,-39.804,1.347198486328125
-0.09309,0.6409021197738103,-39.864,0.0762176513671875
-0.08132,0.6409021197738103,-41.538,-1.2139892578125
-0.08132,0.0053430377425602,-41.538,-1.2139892578125
-0.09095,-0.6959814251480647,-41.76,-2.468490600585937
-0.06955,-1.6931585491715022,-40.704,-3.8616943359375
-0.06206,-3.13961545835119,-40.554,-5.1216888427734375
-0.06634,-3.13961545835119,-40.974,-6.4029693603515625
-0.06634,-3.671079081398065,-40.974,-6.4029693603515625
-0.04601,-4.651807230812127,-41.586,-7.702789306640625
-0.03638,-5.029858988624627,-40.986,-9.042434692382812
-0.04387,-6.399609965187127,-39.666,-10.336761474609377
-0.03424,-7.089963358741815,-40.956,-11.65924072265625
-0.02461,-8.432324808937127,-40.776,-12.908935546875
-0.02247,-8.689832133155877,-40.464000000000006,-14.271926879882812
-0.00642,-9.955487650734002,-40.818000000000005,-15.629425048828123
-0.00428,-10.673230570655877,-40.47,-16.922378540039062
-0.0,-11.906003397804314,-41.76,-18.20228576660156
0.00749,-12.393643778663687,-41.07,-19.50279235839844
0.01605,-12.919629496437128,-40.08,-20.83213806152344
0.01926,-14.135968607765252,-40.872,-22.131271362304688
0.0214,-15.286557597023064,-40.932,-23.393325805664062
0.02461,-15.81802122006994,-40.134,-24.71099853515625
0.04708,-16.13032285581213,-41.478,-26.08428955078125
0.04494,-17.653485697609003,-40.266,-27.39097595214844
0.05029,-18.61778013120276,-40.194,-28.629684448242188
0.05778,-19.05062620053869,-40.818000000000005,-29.934310913085938
0.06099,-18.973920267921503,-40.272,-31.24168395996094
0.06741,-20.63953916440588,-40.902,-32.58476257324219
0.08025,-21.98188535581213,-40.956,-33.85368347167969
0.07704,-21.949017924171503,-41.754,-35.14457702636719
0.08881,-21.998334330421503,-41.064,-36.47117614746094
0.08774,-23.49409238706213,-39.912,-37.77717590332031
0.09737,-24.95698301206213,-41.040000000000006,-39.087982177734375
0.10593,-24.80357114682776,-41.07,-40.35346984863281
0.09844,-24.924115580421503,-40.938,-41.6107177734375
0.11449,-26.15688840756994,-41.094,-42.95654296875
0.12626,-27.680051249366816,-40.902,-44.26322937011719
0.11877,-27.208859843116816,-41.094,-45.54450988769531
0.12519,-27.943036478859003,-40.716,-46.81755065917969
0.14338,-28.92925779233557,-41.892,-48.15788269042969
0.14231,-29.43880979428869,-40.464000000000006,-49.48860168457031
0.13375,-29.55935422788244,-41.364,-50.74653625488281
0.1476599999999999,-30.64419309506994,-41.208,-51.97837829589844
0.15408,-31.30166379819494,-41.262,-53.304290771484375
0.16585,-31.17017881284338,-40.626000000000005,-54.64118957519531
0.15408,-31.603009623390253,-40.41,-55.875091552734375
0.16157,-31.603009623390253,-41.7,-57.17559814453125
0.16157,-33.08782712827306,-41.7,-57.17559814453125
0.16799,-33.59737913022619,-41.394,-58.45550537109375
0.16692,-32.35363523374181,-40.914,-59.82879638671875
0.18404,-33.87679807553869,-40.734,-61.12449645996094
0.18083,-33.87679807553869,-40.43399999999999,-62.41127014160156
0.18083,-35.33421079526525,-40.43399999999999,-62.41127014160156
0.17655,-34.85754148374181,-41.118,-63.656158447265625
0.18404,-33.739819926124625,-41.214000000000006,-65.0006103515625
0.18297,-35.49310056577306,-40.68600000000001,-66.36566162109375
0.19581,-36.92860166440588,-40.572,-67.64213562011719
0.19153,-36.39166013608556,-41.040000000000006,-68.96255493164062
0.18939,-34.74249021421056,-41.34,-70.25070190429688
0.20544,-37.25185911069494,-40.764,-71.58554077148438
0.21186,-39.09829465756994,-39.33,-72.89291381835938
0.21186,-37.71209470639806,-39.534,-74.16732788085938
0.20758,-37.26283018003088,-38.826,-75.39985656738281
0.21614,-38.64353696714025,-37.776,-76.68800354003906
0.22684,-39.41607419858556,-36.312,-77.86491394042969
0.21935,-38.933911722999625,-35.88,-78.9971923828125
0.22684,-38.7585882366715,-34.236,-80.12809753417969
0.22791,-38.2873968304215,-34.254000000000005,-81.24046325683594
0.22898,-39.98040525327306,-33.54,-82.35763549804688
0.23433,-39.89822141538244,-31.668,-83.43154907226562
0.22898,-39.89822141538244,-30.438,-84.39903259277344
0.22898,-39.421552103859,-30.438,-84.39903259277344
0.22791,-38.56683103452306,-29.832000000000004,-85.37750244140625
0.23112,-39.3284124554215,-29.532000000000004,-86.29005432128906
0.23219,-39.7502874554215,-27.858000000000004,-87.21290588378906
0.23647,-39.7502874554215,-27.252,-88.14537048339844
0.23647,-40.01876584897619,-27.252,-88.14537048339844
0.24503,-39.547559183937125,-25.596,-88.97483825683594
0.23219,-39.547559183937125,-25.686,-89.75349426269531
0.23219,-39.26814023862463,-25.686,-89.75349426269531
0.22791,-39.076367777687125,-24.258,-90.54519653320312
0.24289,-40.37489072690588,-24.036,-91.2957000732422
0.23433,-38.22712461362463,-22.248,-92.02423095703124
0.25252,-41.77204648862463,-21.756,-92.72666931152344
0.23433,-38.54490415464025,-20.166000000000004,-93.4174346923828
0.24396,-40.38036863217931,-19.008000000000003,-94.07318115234376
0.2354,-39.93658201108556,-17.634,-94.66094970703124
0.22791,-38.42437497983556,-17.448,-95.18280029296876
0.24289,-40.2214788616715,-16.428,-95.75271606445312
0.23433,-39.69001523862463,-14.922000000000002,-96.22238159179688
0.24396,-38.40794126401525,-13.98,-96.68174743652344
0.23968,-38.68736020932775,-13.542,-97.12806701660156
0.25252,-39.69001523862463,-12.414,-97.53799438476562
0.23754,-39.942059916359,-11.454,-97.90740966796876
0.24396,-39.08184568296056,-10.002,-98.24867248535156
0.24931,-38.8079046429215,-9.174,-98.5693359375
0.25466,-39.55853025327306,-8.405999999999999,-98.8652801513672
0.26215,-39.55853025327306,-6.894,-99.12002563476562
0.26215,-39.3284124554215,-6.894,-99.12002563476562
0.25252,-39.56948606381994,-5.772,-99.32395935058594
0.25038,-38.43533079038244,-3.984,-99.50042724609376
0.25038,-38.67640439878088,-3.708,-99.6405029296875
0.25145,-38.605176371437125,-3.132,-99.7393798828125
0.24503,-39.35032407651525,-1.866,-99.82521057128906
0.24182,-39.48730222592931,-1.206,-99.8773956298828
0.23968,-37.42171995053869,-0.99,-99.90280151367188
0.25787,-37.96413938413244,-0.99,-99.95155334472656
0.25466,-39.02706663022619,-0.5519999999999999,-99.97146606445312
0.24931,-39.02706663022619,0.162,-99.98039245605467
0.24931,-38.194257181984,0.162,-99.98039245605467
0.24931,-38.61065427671056,-0.2759999999999999,-99.98519897460938
0.24289,-38.144940775734,-0.0,-99.9858856201172
0.24289,-38.11755124936681,-0.03,-99.98931884765624
0.24396,-38.11755124936681,0.054,-99.98794555664062
0.24396,-38.26000730405431,0.054,-99.98794555664062
0.24289,-38.13946287046056,0.3839999999999999,-99.98931884765624
0.24182,-38.298352640968375,-0.054,-99.99000549316406
0.24075,-38.183301371437125,0.1919999999999999,-99.99069213867188
0.24182,-38.20521299253088,-0.0,-99.98863220214844
0.23861,-38.194257181984,0.03,-99.9920654296875
0.23647,-38.20521299253088,-0.03,-99.9920654296875
0.24075,-38.27096311460119,-0.054,-99.99000549316406
0.23754,-38.18877927671056,-0.03,-99.99481201171876
0.23647,-38.20521299253088,0.054,-99.9968719482422
