timestamp,m_t_3,jts3,v3,q3
13:13:15.099129,-0.00642,-0.0001501263199397,0.1379999999999999,-0.00274658203125
13:13:15.104060,-0.00642,-0.0001501263199397,0.1379999999999999,-0.00274658203125
13:13:15.109011,-0.00642,-0.0001501263199397,0.1379999999999999,-0.00274658203125
13:13:15.114038,-0.00642,-0.0001501263199397,0.1379999999999999,-0.00274658203125
13:13:15.119071,-0.00642,-0.0001501263199397,0.1379999999999999,-0.00274658203125
13:13:15.124073,-0.00642,-0.0001501263199397,0.1379999999999999,-0.00274658203125
13:13:15.129140,-0.00749,-0.0001501263199397,-0.054,-0.0
13:13:15.134006,-0.00749,-0.0111059368668147,-0.054,-0.0
13:13:15.139045,-0.00749,-0.0111059368668147,-0.054,-0.0
13:13:15.144064,-0.00749,-0.0111059368668147,-0.054,-0.0
13:13:15.149062,-0.00749,-0.0111059368668147,-0.054,-0.0
13:13:15.154062,-0.00749,-0.0111059368668147,-0.054,-0.0
13:13:15.159065,-0.00749,-0.0111059368668147,-0.054,-0.0
13:13:15.164071,-0.00642,-0.0001501263199397,-0.162,-0.0
13:13:15.169066,-0.00642,-0.0001501263199397,-0.162,-0.0
13:13:15.174059,-0.00642,-0.0001501263199397,-0.162,-0.0
13:13:15.179019,-0.00642,-0.0001501263199397,-0.162,-0.0
13:13:15.184053,-0.00642,-0.0001501263199397,-0.162,-0.0
13:13:15.189064,-0.00642,-0.0001501263199397,-0.162,-0.0
13:13:15.194156,-0.00642,-0.0001501263199397,-0.162,-0.0
13:13:15.199071,-0.0,-0.0001501263199397,-0.0,-0.0020599365234375
13:13:15.204344,-0.0,-0.0001501263199397,-0.0,-0.0020599365234375
13:13:15.209269,-0.0,-0.0001501263199397,-0.0,-0.0020599365234375
13:13:15.214216,-0.0,-0.0001501263199397,-0.0,-0.0020599365234375
13:13:15.219309,-0.0,-0.0001501263199397,-0.0,-0.0020599365234375
13:13:15.224360,-0.0,-0.0001501263199397,-0.0,-0.0020599365234375
13:13:15.229392,0.01284,-0.0220617474136897,0.1379999999999999,0.001373291015625
13:13:15.234402,0.01284,-0.0220617474136897,0.1379999999999999,0.001373291015625
13:13:15.239406,0.01284,-0.0220617474136897,0.1379999999999999,0.001373291015625
13:13:15.244416,0.01284,-0.0220617474136897,0.1379999999999999,0.001373291015625
13:13:15.249400,0.01284,-0.0220617474136897,0.1379999999999999,0.001373291015625
13:13:15.254398,0.01284,-0.0220617474136897,0.1379999999999999,0.001373291015625
13:13:15.259420,0.01284,-0.0220617474136897,0.1379999999999999,0.001373291015625
13:13:15.264350,0.03745,-0.3014959515152522,0.6300000000000001,0.001373291015625
13:13:15.269402,0.03745,-0.3014959515152522,0.6300000000000001,0.001373291015625
13:13:15.274392,0.03745,-0.3014959515152522,0.6300000000000001,0.001373291015625
13:13:15.279404,0.03745,-0.3014959515152522,0.6300000000000001,0.001373291015625
13:13:15.284417,0.03745,-0.3014959515152522,0.6300000000000001,0.001373291015625
13:13:15.289398,0.03745,-0.3014959515152522,0.6300000000000001,0.001373291015625
13:13:15.294349,0.06313,-0.6576208294449397,1.4580000000000002,0.0377655029296875
13:13:15.299361,0.06313,-0.6576208294449397,1.4580000000000002,0.0377655029296875
13:13:15.304392,0.06313,-0.6576208294449397,1.4580000000000002,0.0377655029296875
13:13:15.309395,0.06313,-0.6576208294449397,1.4580000000000002,0.0377655029296875
13:13:15.314401,0.06313,-0.6576208294449397,1.4580000000000002,0.0377655029296875
13:13:15.319408,0.06313,-0.6576208294449397,1.4580000000000002,0.0377655029296875
13:13:15.324452,0.06313,-0.6576208294449397,1.4580000000000002,0.0377655029296875
13:13:15.329345,0.07276,-1.3205846966324395,2.61,0.1023101806640625
13:13:15.334328,0.07276,-1.3205846966324395,2.61,0.1023101806640625
13:13:15.339277,0.07276,-1.3205846966324395,2.61,0.1023101806640625
13:13:15.344367,0.07276,-1.3205846966324395,2.61,0.1023101806640625
13:13:15.349386,0.07276,-1.3205846966324395,2.61,0.1023101806640625
13:13:15.354392,0.07276,-1.3205846966324395,2.61,0.1023101806640625
13:13:15.359375,0.0749,-1.4246801556168147,3.786,0.2094268798828125
13:13:15.364352,0.0749,-1.4246801556168147,3.786,0.2094268798828125
13:13:15.369444,0.0749,-1.4246801556168147,3.786,0.2094268798828125
13:13:15.374465,0.0749,-1.4246801556168147,3.786,0.2094268798828125
13:13:15.379259,0.0749,-1.4246801556168147,3.786,0.2094268798828125
13:13:15.384095,0.0749,-1.4246801556168147,3.786,0.2094268798828125
13:13:15.389156,0.0749,-1.4246801556168147,3.786,0.2094268798828125
13:13:15.394124,0.06313,-0.9808782757340022,5.274,0.3577423095703125
13:13:15.399062,0.06313,-0.9808782757340022,5.274,0.3577423095703125
13:13:15.404063,0.06313,-0.9808782757340022,5.274,0.3577423095703125
13:13:15.409064,0.06313,-0.9808782757340022,5.274,0.3577423095703125
13:13:15.414083,0.06313,-0.9808782757340022,5.274,0.3577423095703125
13:13:15.419072,0.06313,-0.9808782757340022,5.274,0.3577423095703125
13:13:15.424121,0.05885,-0.1042455853043147,5.928,0.5472564697265625
13:13:15.429090,0.05885,-0.1042455853043147,5.928,0.5472564697265625
13:13:15.434071,0.05885,-0.1042455853043147,5.928,0.5472564697265625
13:13:15.439071,0.05885,-0.1042455853043147,5.928,0.5472564697265625
13:13:15.444059,0.05885,-0.1042455853043147,5.928,0.5472564697265625
13:13:15.449061,0.05885,-0.1042455853043147,5.928,0.5472564697265625
13:13:15.454168,0.05885,-0.1042455853043147,5.928,0.5472564697265625
13:13:15.459083,0.06634,0.4272180377425603,6.864,0.759429931640625
13:13:15.464093,0.06634,0.4272180377425603,6.864,0.759429931640625
13:13:15.469060,0.06634,0.4272180377425603,6.864,0.759429931640625
13:13:15.474056,0.06634,0.4272180377425603,6.864,0.759429931640625
13:13:15.479062,0.06634,0.4272180377425603,6.864,0.759429931640625
13:13:15.484062,0.06634,0.4272180377425603,6.864,0.759429931640625
13:13:15.489092,0.07062,0.2792840777816228,7.77,0.984649658203125
13:13:15.494060,0.07062,0.2792840777816228,7.77,0.984649658203125
13:13:15.499060,0.07062,0.2792840777816228,7.77,0.984649658203125
13:13:15.504060,0.07062,0.2792840777816228,7.77,0.984649658203125
13:13:15.509083,0.07062,0.2792840777816228,7.77,0.984649658203125
13:13:15.514069,0.07062,0.2792840777816228,7.77,0.984649658203125
13:13:15.519138,0.07062,0.2792840777816228,7.77,0.984649658203125
13:13:15.524096,0.06848,-0.1152013958511897,8.346,1.2476348876953125
13:13:15.529054,0.06848,-0.1152013958511897,8.346,1.2476348876953125
13:13:15.534057,0.06848,-0.1152013958511897,8.346,1.2476348876953125
13:13:15.539198,0.06848,-0.1152013958511897,8.346,1.2476348876953125
13:13:15.544040,0.06848,-0.1152013958511897,8.346,1.2476348876953125
13:13:15.549054,0.06848,-0.1152013958511897,8.346,1.2476348876953125
13:13:15.554127,0.07276,-0.1809515179215022,10.104,1.5277862548828125
13:13:15.559062,0.07276,-0.1809515179215022,10.104,1.5277862548828125
13:13:15.564061,0.07276,-0.1809515179215022,10.104,1.5277862548828125
13:13:15.569060,0.07276,-0.1809515179215022,10.104,1.5277862548828125
13:13:15.574106,0.07276,-0.1809515179215022,10.104,1.5277862548828125
13:13:15.579060,0.07276,-0.1809515179215022,10.104,1.5277862548828125
13:13:15.585251,0.06955,-0.1809515179215022,10.872000000000002,1.8628692626953125
13:13:15.589404,0.06955,-0.0658849896011897,10.872000000000002,1.8628692626953125
13:13:15.594103,0.06955,-0.0658849896011897,10.872000000000002,1.8628692626953125
13:13:15.599130,0.06955,-0.0658849896011897,10.872000000000002,1.8628692626953125
13:13:15.604086,0.06955,-0.0658849896011897,10.872000000000002,1.8628692626953125
13:13:15.609065,0.06955,-0.0658849896011897,10.872000000000002,1.8628692626953125
13:13:15.614086,0.06955,-0.0658849896011897,10.872000000000002,1.8628692626953125
13:13:15.619125,0.05885,0.4436517535628728,12.054,2.23846435546875
13:13:15.624100,0.05885,0.4436517535628728,12.054,2.23846435546875
13:13:15.629083,0.05885,0.4436517535628728,12.054,2.23846435546875
13:13:15.634064,0.05885,0.4436517535628728,12.054,2.23846435546875
13:13:15.639084,0.05885,0.4436517535628728,12.054,2.23846435546875
13:13:15.644212,0.05885,0.4436517535628728,12.054,2.23846435546875
13:13:15.649418,0.05029,0.4436517535628728,12.384,2.6470184326171875
13:13:15.654072,0.05029,1.1449609576644353,12.384,2.6470184326171875
13:13:15.659061,0.05029,1.1449609576644353,12.384,2.6470184326171875
13:13:15.664085,0.05029,1.1449609576644353,12.384,2.6470184326171875
13:13:15.669085,0.05029,1.1449609576644353,12.384,2.6470184326171875
13:13:15.674083,0.05029,1.1449609576644353,12.384,2.6470184326171875
13:13:15.679055,0.05029,1.1449609576644353,12.384,2.6470184326171875
13:13:15.684111,0.04922,1.6326013385238105,12.876,3.05419921875
13:13:15.689059,0.04922,1.6326013385238105,12.876,3.05419921875
13:13:15.694062,0.04922,1.6326013385238105,12.876,3.05419921875
13:13:15.699062,0.04922,1.6326013385238105,12.876,3.05419921875
13:13:15.704069,0.04922,1.6326013385238105,12.876,3.05419921875
13:13:15.709087,0.04922,1.6326013385238105,12.876,3.05419921875
13:13:15.714750,0.05992,1.8681970416488105,14.55,3.497772216796875
13:13:15.719036,0.05992,1.8681970416488105,14.55,3.497772216796875
13:13:15.724047,0.05992,1.8681970416488105,14.55,3.497772216796875
13:13:15.729087,0.05992,1.8681970416488105,14.55,3.497772216796875
13:13:15.734057,0.05992,1.8681970416488105,14.55,3.497772216796875
13:13:15.739087,0.05992,1.8681970416488105,14.55,3.497772216796875
13:13:15.744081,0.05992,1.8681970416488105,14.55,3.497772216796875
13:13:15.749186,0.06527,1.1285272418441228,15.294,3.962631225585937
13:13:15.754045,0.06527,1.1285272418441228,15.294,3.962631225585937
13:13:15.759068,0.06527,1.1285272418441228,15.294,3.962631225585937
13:13:15.764107,0.06527,1.1285272418441228,15.294,3.962631225585937
13:13:15.769072,0.06527,1.1285272418441228,15.294,3.962631225585937
13:13:15.774086,0.06527,1.1285272418441228,15.294,3.962631225585937
13:13:15.779101,0.06527,1.1285272418441228,15.294,3.962631225585937
13:13:15.784261,0.06099,1.3586450396956853,16.554,4.4666290283203125
13:13:15.789088,0.06099,1.3586450396956853,16.554,4.4666290283203125
13:13:15.794071,0.06099,1.3586450396956853,16.554,4.4666290283203125
13:13:15.799059,0.06099,1.3586450396956853,16.554,4.4666290283203125
13:13:15.804089,0.06099,1.3586450396956853,16.554,4.4666290283203125
13:13:15.809070,0.06099,1.3586450396956853,16.554,4.4666290283203125
13:13:15.814302,0.07169,2.147631245750373,17.574,5.0042724609375
13:13:15.819103,0.07169,2.147631245750373,17.574,5.0042724609375
13:13:15.824050,0.07169,2.147631245750373,17.574,5.0042724609375
13:13:15.829094,0.07169,2.147631245750373,17.574,5.0042724609375
13:13:15.834068,0.07169,2.147631245750373,17.574,5.0042724609375
13:13:15.839057,0.07169,2.147631245750373,17.574,5.0042724609375
13:13:15.844071,0.07169,2.147631245750373,17.574,5.0042724609375
13:13:15.849126,0.04815,2.88180788149256,18.972,5.590667724609375
13:13:15.854108,0.04815,2.88180788149256,18.972,5.590667724609375
13:13:15.859044,0.04815,2.88180788149256,18.972,5.590667724609375
13:13:15.864050,0.04815,2.88180788149256,18.972,5.590667724609375
13:13:15.869073,0.04815,2.88180788149256,18.972,5.590667724609375
13:13:15.874072,0.04815,2.88180788149256,18.972,5.590667724609375
13:13:15.879192,0.0428,2.88180788149256,19.44,6.2237548828125
13:13:15.884087,0.0428,2.9804254352034976,19.44,6.2237548828125
13:13:15.889047,0.0428,2.9804254352034976,19.44,6.2237548828125
13:13:15.894094,0.0428,2.9804254352034976,19.44,6.2237548828125
13:13:15.899055,0.0428,2.9804254352034976,19.44,6.2237548828125
13:13:15.904070,0.0428,2.9804254352034976,19.44,6.2237548828125
13:13:15.909084,0.0428,2.9804254352034976,19.44,6.2237548828125
13:13:15.914122,0.05136,3.59408815493006,20.544,6.8671417236328125
13:13:15.919063,0.05136,3.59408815493006,20.544,6.8671417236328125
13:13:15.924060,0.05136,3.59408815493006,20.544,6.8671417236328125
13:13:15.929085,0.05136,3.59408815493006,20.544,6.8671417236328125
13:13:15.934087,0.05136,3.59408815493006,20.544,6.8671417236328125
13:13:15.939062,0.05136,3.59408815493006,20.544,6.8671417236328125
13:13:15.944363,0.0428,3.59408815493006,21.966,7.560653686523437
13:13:15.949099,0.0428,3.80227907289881,21.966,7.560653686523437
13:13:15.954139,0.0428,3.80227907289881,21.966,7.560653686523437
13:13:15.959065,0.0428,3.80227907289881,21.966,7.560653686523437
13:13:15.964045,0.0428,3.80227907289881,21.966,7.560653686523437
13:13:15.969085,0.0428,3.80227907289881,21.966,7.560653686523437
13:13:15.974087,0.0428,3.80227907289881,21.966,7.560653686523437
13:13:15.979104,0.04173,5.067934590476935,22.02,8.279571533203125
13:13:15.984088,0.04173,5.067934590476935,22.02,8.279571533203125
13:13:15.989058,0.04173,5.067934590476935,22.02,8.279571533203125
13:13:15.994063,0.04173,5.067934590476935,22.02,8.279571533203125
13:13:15.999052,0.04173,5.067934590476935,22.02,8.279571533203125
13:13:16.004082,0.04173,5.067934590476935,22.02,8.279571533203125
13:13:16.009122,0.04173,5.067934590476935,22.02,8.279571533203125
13:13:16.014247,0.03745,5.024096089500373,23.748,9.019775390625
13:13:16.019177,0.03745,5.024096089500373,23.748,9.019775390625
13:13:16.024132,0.03745,5.024096089500373,23.748,9.019775390625
13:13:16.029061,0.03745,5.024096089500373,23.748,9.019775390625
13:13:16.034171,0.03745,5.024096089500373,23.748,9.019775390625
13:13:16.039085,0.03745,5.024096089500373,23.748,9.019775390625
13:13:16.044145,0.03317,5.062456685203498,24.66,9.759292602539062
13:13:16.049135,0.03317,5.062456685203498,24.66,9.759292602539062
13:13:16.054058,0.03317,5.062456685203498,24.66,9.759292602539062
13:13:16.059217,0.03317,5.062456685203498,24.66,9.759292602539062
13:13:16.064091,0.03317,5.062456685203498,24.66,9.759292602539062
13:13:16.069050,0.03317,5.062456685203498,24.66,9.759292602539062
13:13:16.074107,0.03317,5.062456685203498,24.66,9.759292602539062
13:13:16.079118,0.03531,5.862383443015998,25.644,10.542755126953123
13:13:16.084093,0.03531,5.862383443015998,25.644,10.542755126953123
13:13:16.089063,0.03531,5.862383443015998,25.644,10.542755126953123
13:13:16.094067,0.03531,5.862383443015998,25.644,10.542755126953123
13:13:16.099091,0.03531,5.862383443015998,25.644,10.542755126953123
13:13:16.104050,0.03531,5.862383443015998,25.644,10.542755126953123
13:13:16.109050,0.04387,5.517214375633185,26.364,11.37908935546875
13:13:16.114022,0.04387,5.517214375633185,26.364,11.37908935546875
13:13:16.119011,0.04387,5.517214375633185,26.364,11.37908935546875
13:13:16.124024,0.04387,5.517214375633185,26.364,11.37908935546875
13:13:16.129029,0.04387,5.517214375633185,26.364,11.37908935546875
13:13:16.134022,0.04387,5.517214375633185,26.364,11.37908935546875
13:13:16.138998,0.04387,5.517214375633185,26.364,11.37908935546875
13:13:16.144059,0.02568,7.900576192039435,27.618,12.231216430664062
13:13:16.149039,0.02568,7.900576192039435,27.618,12.231216430664062
13:13:16.154071,0.02568,7.900576192039435,27.618,12.231216430664062
13:13:16.159198,0.02568,7.900576192039435,27.618,12.231216430664062
13:13:16.164063,0.02568,7.900576192039435,27.618,12.231216430664062
13:13:16.169115,0.02568,7.900576192039435,27.618,12.231216430664062
13:13:16.174155,0.02247,6.963671284812873,29.214,13.154754638671877
13:13:16.179060,0.02247,6.963671284812873,29.214,13.154754638671877
13:13:16.184095,0.02247,6.963671284812873,29.214,13.154754638671877
13:13:16.189170,0.02247,6.963671284812873,29.214,13.154754638671877
13:13:16.194068,0.02247,6.963671284812873,29.214,13.154754638671877
13:13:16.199068,0.02247,6.963671284812873,29.214,13.154754638671877
13:13:16.204158,0.02247,6.963671284812873,29.214,13.154754638671877
13:13:16.209134,0.00214,9.631945210594123,29.568,14.100265502929688
13:13:16.214069,0.00214,9.631945210594123,29.568,14.100265502929688
13:13:16.219176,0.00214,9.631945210594123,29.568,14.100265502929688
13:13:16.224072,0.00214,9.631945210594123,29.568,14.100265502929688
13:13:16.229090,0.00214,9.631945210594123,29.568,14.100265502929688
13:13:16.234105,0.00214,9.631945210594123,29.568,14.100265502929688
13:13:16.239130,0.00321,9.073076802390998,29.436,15.062255859375
13:13:16.244060,0.00321,9.073076802390998,29.436,15.062255859375
13:13:16.249051,0.00321,9.073076802390998,29.436,15.062255859375
13:13:16.254096,0.00321,9.073076802390998,29.436,15.062255859375
13:13:16.259049,0.00321,9.073076802390998,29.436,15.062255859375
13:13:16.264042,0.00321,9.073076802390998,29.436,15.062255859375
13:13:16.269093,0.00321,9.073076802390998,29.436,15.062255859375
13:13:16.274108,-0.00107,11.330431538719123,30.012,15.979614257812502
13:13:16.279067,-0.00107,11.330431538719123,30.012,15.979614257812502
13:13:16.284071,-0.00107,11.330431538719123,30.012,15.979614257812502
13:13:16.289103,-0.00107,11.330431538719123,30.012,15.979614257812502
13:13:16.294097,-0.00107,11.330431538719123,30.012,15.979614257812502
13:13:16.299072,-0.00107,11.330431538719123,30.012,15.979614257812502
13:13:16.304344,-0.0,10.316820698875372,29.628,16.942291259765625
13:13:16.309097,-0.0,10.316820698875372,29.628,16.942291259765625
13:13:16.314063,-0.0,10.316820698875372,29.628,16.942291259765625
13:13:16.319063,-0.0,10.316820698875372,29.628,16.942291259765625
13:13:16.324089,-0.0,10.316820698875372,29.628,16.942291259765625
13:13:16.329070,-0.0,10.316820698875372,29.628,16.942291259765625
13:13:16.334246,-0.0,10.316820698875372,29.628,16.942291259765625
13:13:16.339202,-0.00963,11.692049580711313,30.42,17.854843139648438
13:13:16.344081,-0.00963,11.692049580711313,30.42,17.854843139648438
13:13:16.349058,-0.00963,11.692049580711313,30.42,17.854843139648438
13:13:16.354042,-0.00963,11.692049580711313,30.42,17.854843139648438
13:13:16.359057,-0.00963,11.692049580711313,30.42,17.854843139648438
13:13:16.364048,-0.00963,11.692049580711313,30.42,17.854843139648438
13:13:16.369132,-0.00749,11.505755025047248,30.216,18.85116577148437
13:13:16.374035,-0.00749,11.505755025047248,30.216,18.85116577148437
13:13:16.379064,-0.00749,11.505755025047248,30.216,18.85116577148437
13:13:16.384097,-0.00749,11.505755025047248,30.216,18.85116577148437
13:13:16.389059,-0.00749,11.505755025047248,30.216,18.85116577148437
13:13:16.394061,-0.00749,11.505755025047248,30.216,18.85116577148437
13:13:16.399351,-0.00749,11.505755025047248,30.216,18.85116577148437
13:13:16.404069,-0.02461,13.291903096336313,30.804,19.83924865722656
13:13:16.409069,-0.02461,13.291903096336313,30.804,19.83924865722656
13:13:16.414036,-0.02461,13.291903096336313,30.804,19.83924865722656
13:13:16.419055,-0.02461,13.291903096336313,30.804,19.83924865722656
13:13:16.424069,-0.02461,13.291903096336313,30.804,19.83924865722656
13:13:16.429093,-0.02461,13.291903096336313,30.804,19.83924865722656
13:13:16.434113,-0.02782,13.401491719383186,29.628,20.837631225585938
13:13:16.439060,-0.02782,13.401491719383186,29.628,20.837631225585938
13:13:16.444487,-0.02782,13.401491719383186,29.628,20.837631225585938
13:13:16.449259,-0.02782,13.401491719383186,29.628,20.837631225585938
13:13:16.454430,-0.02782,13.401491719383186,29.628,20.837631225585938
13:13:16.459114,-0.02782,13.401491719383186,29.628,20.837631225585938
13:13:16.464056,-0.02782,13.401491719383186,29.628,20.837631225585938
13:13:16.469146,-0.03531,13.97677858461756,30.48,21.76254272460937
13:13:16.474053,-0.03531,13.97677858461756,30.48,21.76254272460937
13:13:16.479085,-0.03531,13.97677858461756,30.48,21.76254272460937
13:13:16.484050,-0.03531,13.97677858461756,30.48,21.76254272460937
13:13:16.489044,-0.03531,13.97677858461756,30.48,21.76254272460937
13:13:16.494051,-0.03531,13.97677858461756,30.48,21.76254272460937
13:13:16.499127,-0.02033,13.987749653953498,29.874,22.74169921875
13:13:16.504048,-0.02033,13.987749653953498,29.874,22.74169921875
13:13:16.509068,-0.02033,13.987749653953498,29.874,22.74169921875
13:13:16.514090,-0.02033,13.987749653953498,29.874,22.74169921875
13:13:16.519101,-0.02033,13.987749653953498,29.874,22.74169921875
13:13:16.524036,-0.02033,13.987749653953498,29.874,22.74169921875
13:13:16.529124,-0.02033,13.987749653953498,29.874,22.74169921875
13:13:16.534173,-0.02996,14.058977681297248,30.918000000000003,23.736648559570312
13:13:16.539140,-0.02996,14.058977681297248,30.918000000000003,23.736648559570312
13:13:16.544083,-0.02996,14.058977681297248,30.918000000000003,23.736648559570312
13:13:16.549072,-0.02996,14.058977681297248,30.918000000000003,23.736648559570312
13:13:16.554065,-0.02996,14.058977681297248,30.918000000000003,23.736648559570312
13:13:16.559051,-0.02996,14.058977681297248,30.918000000000003,23.736648559570312
13:13:16.564100,-0.03959,14.058977681297248,30.341999999999995,24.713058471679688
13:13:16.569105,-0.03959,15.352007466453498,30.341999999999995,24.713058471679688
13:13:16.574066,-0.03959,15.352007466453498,30.341999999999995,24.713058471679688
13:13:16.579089,-0.03959,15.352007466453498,30.341999999999995,24.713058471679688
13:13:16.584083,-0.03959,15.352007466453498,30.341999999999995,24.713058471679688
13:13:16.589069,-0.03959,15.352007466453498,30.341999999999995,24.713058471679688
13:13:16.594069,-0.03959,15.352007466453498,30.341999999999995,24.713058471679688
13:13:16.599358,-0.05885,16.321795064109747,30.066,25.745086669921875
13:13:16.604135,-0.05885,16.321795064109747,30.066,25.745086669921875
13:13:16.609082,-0.05885,16.321795064109747,30.066,25.745086669921875
13:13:16.614061,-0.05885,16.321795064109747,30.066,25.745086669921875
13:13:16.619085,-0.05885,16.321795064109747,30.066,25.745086669921875
13:13:16.624434,-0.05885,16.321795064109747,30.066,25.745086669921875
13:13:16.629667,-0.05457,17.855913716453497,30.918000000000003,26.68853759765625
13:13:16.634622,-0.05457,17.855913716453497,30.918000000000003,26.68853759765625
13:13:16.639396,-0.05457,17.855913716453497,30.918000000000003,26.68853759765625
13:13:16.644404,-0.05457,17.855913716453497,30.918000000000003,26.68853759765625
13:13:16.649407,-0.05457,17.855913716453497,30.918000000000003,26.68853759765625
13:13:16.654356,-0.05457,17.855913716453497,30.918000000000003,26.68853759765625
13:13:16.659381,-0.05457,17.855913716453497,30.918000000000003,26.68853759765625
13:13:16.664354,-0.05671,17.49978883852381,30.282,27.677993774414062
13:13:16.669399,-0.05671,17.49978883852381,30.282,27.677993774414062
13:13:16.674407,-0.05671,17.49978883852381,30.282,27.677993774414062
13:13:16.679402,-0.05671,17.49978883852381,30.282,27.677993774414062
13:13:16.684433,-0.05671,17.49978883852381,30.282,27.677993774414062
13:13:16.689442,-0.05671,17.49978883852381,30.282,27.677993774414062
13:13:16.694407,-0.05671,17.49978883852381,30.282,27.677993774414062
13:13:16.699313,-0.06206,18.34355409731287,31.056,28.65097045898437
13:13:16.704334,-0.06206,18.34355409731287,31.056,28.65097045898437
13:13:16.709373,-0.06206,18.34355409731287,31.056,28.65097045898437
13:13:16.714413,-0.06206,18.34355409731287,31.056,28.65097045898437
13:13:16.719325,-0.06206,18.34355409731287,31.056,28.65097045898437
13:13:16.724311,-0.06206,18.34355409731287,31.056,28.65097045898437
13:13:16.729316,-0.05885,17.92166383852381,30.15,29.61227416992188
13:13:16.734342,-0.05885,17.92166383852381,30.15,29.61227416992188
13:13:16.739265,-0.05885,17.92166383852381,30.15,29.61227416992188
13:13:16.744280,-0.05885,17.92166383852381,30.15,29.61227416992188
13:13:16.749279,-0.05885,17.92166383852381,30.15,29.61227416992188
13:13:16.754324,-0.05885,17.92166383852381,30.15,29.61227416992188
13:13:16.759312,-0.05885,17.92166383852381,30.15,29.61227416992188
13:13:16.764302,-0.08667,19.47769411196131,30.672,30.620269775390625
13:13:16.769232,-0.08667,19.47769411196131,30.672,30.620269775390625
13:13:16.774103,-0.08667,19.47769411196131,30.672,30.620269775390625
13:13:16.779069,-0.08667,19.47769411196131,30.672,30.620269775390625
13:13:16.784091,-0.08667,19.47769411196131,30.672,30.620269775390625
13:13:16.789065,-0.08667,19.47769411196131,30.672,30.620269775390625
13:13:16.794089,-0.08132,19.768084126609747,29.982,31.63787841796875
13:13:16.799453,-0.08132,19.768084126609747,29.982,31.63787841796875
13:13:16.804427,-0.08132,19.768084126609747,29.982,31.63787841796875
13:13:16.809449,-0.08132,19.768084126609747,29.982,31.63787841796875
13:13:16.814432,-0.08132,19.768084126609747,29.982,31.63787841796875
13:13:16.819373,-0.08132,19.768084126609747,29.982,31.63787841796875
13:13:16.824338,-0.08132,19.768084126609747,29.982,31.63787841796875
13:13:16.829301,-0.08774,20.502276021141,30.42,32.56622314453125
13:13:16.834271,-0.08774,20.502276021141,30.42,32.56622314453125
13:13:16.839357,-0.08774,20.502276021141,30.42,32.56622314453125
13:13:16.844335,-0.08774,20.502276021141,30.42,32.56622314453125
13:13:16.849267,-0.08774,20.502276021141,30.42,32.56622314453125
13:13:16.854265,-0.08774,20.502276021141,30.42,32.56622314453125
13:13:16.859269,-0.08132,20.858416157859747,29.706,33.54949951171875
13:13:16.864171,-0.08132,20.858416157859747,29.706,33.54949951171875
13:13:16.869103,-0.08132,20.858416157859747,29.706,33.54949951171875
13:13:16.874096,-0.08132,20.858416157859747,29.706,33.54949951171875
13:13:16.879070,-0.08132,20.858416157859747,29.706,33.54949951171875
13:13:16.884073,-0.08132,20.858416157859747,29.706,33.54949951171875
13:13:16.889460,-0.08132,20.858416157859747,29.706,33.54949951171875
13:13:16.894311,-0.08988,20.578981953758184,30.042,34.50599670410156
13:13:16.899357,-0.08988,20.578981953758184,30.042,34.50599670410156
13:13:16.904388,-0.08988,20.578981953758184,30.042,34.50599670410156
13:13:16.909399,-0.08988,20.578981953758184,30.042,34.50599670410156
13:13:16.914394,-0.08988,20.578981953758184,30.042,34.50599670410156
13:13:16.919386,-0.08988,20.578981953758184,30.042,34.50599670410156
13:13:16.924401,-0.09095,21.69121034731287,30.012,35.49407958984375
13:13:16.929388,-0.09095,21.69121034731287,30.012,35.49407958984375
13:13:16.934396,-0.09095,21.69121034731287,30.012,35.49407958984375
13:13:16.939411,-0.09095,21.69121034731287,30.012,35.49407958984375
13:13:16.944156,-0.09095,21.69121034731287,30.012,35.49407958984375
13:13:16.949311,-0.09095,21.69121034731287,30.012,35.49407958984375
13:13:16.954368,-0.09095,21.69121034731287,30.012,35.49407958984375
13:13:16.959370,-0.09416,22.11310060610193,30.012,36.48628234863281
13:13:16.964366,-0.09416,22.11310060610193,30.012,36.48628234863281
13:13:16.969290,-0.09416,22.11310060610193,30.012,36.48628234863281
13:13:16.974394,-0.09416,22.11310060610193,30.012,36.48628234863281
13:13:16.979395,-0.09416,22.11310060610193,30.012,36.48628234863281
13:13:16.984398,-0.09416,22.11310060610193,30.012,36.48628234863281
13:13:16.989401,-0.11235,23.833513814109747,30.288,37.472991943359375
13:13:16.994363,-0.11235,23.833513814109747,30.288,37.472991943359375
13:13:16.999365,-0.11235,23.833513814109747,30.288,37.472991943359375
13:13:17.004408,-0.11235,23.833513814109747,30.288,37.472991943359375
13:13:17.009404,-0.11235,23.833513814109747,30.288,37.472991943359375
13:13:17.014404,-0.11235,23.833513814109747,30.288,37.472991943359375
13:13:17.019311,-0.11235,23.833513814109747,30.288,37.472991943359375
13:13:17.024354,-0.11021,23.428057271141,29.628,38.41712951660156
13:13:17.029378,-0.11021,23.428057271141,29.628,38.41712951660156
13:13:17.034408,-0.11021,23.428057271141,29.628,38.41712951660156
13:13:17.039397,-0.11021,23.428057271141,29.628,38.41712951660156
13:13:17.044370,-0.11021,23.428057271141,29.628,38.41712951660156
13:13:17.049306,-0.11021,23.428057271141,29.628,38.41712951660156
13:13:17.054383,-0.11128,24.50741823305506,30.096000000000004,39.37568664550781
13:13:17.059393,-0.11128,24.50741823305506,30.096000000000004,39.37568664550781
13:13:17.064388,-0.11128,24.50741823305506,30.096000000000004,39.37568664550781
13:13:17.069408,-0.11128,24.50741823305506,30.096000000000004,39.37568664550781
13:13:17.074400,-0.11128,24.50741823305506,30.096000000000004,39.37568664550781
13:13:17.079356,-0.11128,24.50741823305506,30.096000000000004,39.37568664550781
13:13:17.084400,-0.11128,24.50741823305506,30.096000000000004,39.37568664550781
13:13:17.089374,-0.107,23.88829286684412,30.504,40.35415649414063
13:13:17.094371,-0.107,23.88829286684412,30.504,40.35415649414063
13:13:17.099399,-0.107,23.88829286684412,30.504,40.35415649414063
13:13:17.104366,-0.107,23.88829286684412,30.504,40.35415649414063
13:13:17.109401,-0.107,23.88829286684412,30.504,40.35415649414063
13:13:17.114406,-0.107,23.88829286684412,30.504,40.35415649414063
13:13:17.119411,-0.12626,25.33474977602381,31.134,41.348419189453125
13:13:17.124397,-0.12626,25.33474977602381,31.134,41.348419189453125
13:13:17.129396,-0.12626,25.33474977602381,31.134,41.348419189453125
13:13:17.134363,-0.12626,25.33474977602381,31.134,41.348419189453125
13:13:17.139288,-0.12626,25.33474977602381,31.134,41.348419189453125
13:13:17.144352,-0.12626,25.33474977602381,31.134,41.348419189453125
13:13:17.149137,-0.12626,25.33474977602381,31.134,41.348419189453125
13:13:17.154182,-0.12733,25.42241151918787,30.528,42.34954833984375
13:13:17.159238,-0.12733,25.42241151918787,30.528,42.34954833984375
13:13:17.164307,-0.12733,25.42241151918787,30.528,42.34954833984375
13:13:17.169387,-0.12733,25.42241151918787,30.528,42.34954833984375
13:13:17.174337,-0.12733,25.42241151918787,30.528,42.34954833984375
13:13:17.179105,-0.12733,25.42241151918787,30.528,42.34954833984375
13:13:17.184089,-0.13161,26.44699342836756,30.066,43.330078125
13:13:17.189065,-0.13161,26.44699342836756,30.066,43.330078125
13:13:17.194061,-0.13161,26.44699342836756,30.066,43.330078125
13:13:17.199094,-0.13161,26.44699342836756,30.066,43.330078125
13:13:17.204094,-0.13161,26.44699342836756,30.066,43.330078125
13:13:17.209058,-0.13161,26.44699342836756,30.066,43.330078125
13:13:17.214068,-0.13161,26.44699342836756,30.066,43.330078125
13:13:17.219071,-0.12412,26.56204469789881,30.312,44.30992126464844
13:13:17.224069,-0.12412,26.56204469789881,30.312,44.30992126464844
13:13:17.229065,-0.12412,26.56204469789881,30.312,44.30992126464844
13:13:17.234039,-0.12412,26.56204469789881,30.312,44.30992126464844
13:13:17.239062,-0.12412,26.56204469789881,30.312,44.30992126464844
13:13:17.244084,-0.12412,26.56204469789881,30.312,44.30992126464844
13:13:17.249537,-0.14445,26.34288271059412,30.504,45.226593017578125
13:13:17.254116,-0.14445,26.34288271059412,30.504,45.226593017578125
13:13:17.259069,-0.14445,26.34288271059412,30.504,45.226593017578125
13:13:17.264087,-0.14445,26.34288271059412,30.504,45.226593017578125
13:13:17.269069,-0.14445,26.34288271059412,30.504,45.226593017578125
13:13:17.274084,-0.14445,26.34288271059412,30.504,45.226593017578125
13:13:17.279421,-0.14445,26.34288271059412,30.504,45.226593017578125
13:13:17.284157,-0.13054,27.164736348289438,30.804,46.19956970214844
13:13:17.289092,-0.13054,27.164736348289438,30.804,46.19956970214844
13:13:17.294053,-0.13054,27.164736348289438,30.804,46.19956970214844
13:13:17.299055,-0.13054,27.164736348289438,30.804,46.19956970214844
13:13:17.304041,-0.13054,27.164736348289438,30.804,46.19956970214844
13:13:17.309071,-0.13054,27.164736348289438,30.804,46.19956970214844
13:13:17.314116,-0.1391,27.34555299868006,29.796000000000003,47.208251953125
13:13:17.319046,-0.1391,27.34555299868006,29.796000000000003,47.208251953125
13:13:17.324033,-0.1391,27.34555299868006,29.796000000000003,47.208251953125
13:13:17.329067,-0.1391,27.34555299868006,29.796000000000003,47.208251953125
13:13:17.334040,-0.1391,27.34555299868006,29.796000000000003,47.208251953125
13:13:17.339063,-0.1391,27.34555299868006,29.796000000000003,47.208251953125
13:13:17.344086,-0.1391,27.34555299868006,29.796000000000003,47.208251953125
13:13:17.349096,-0.15408,28.87419374575037,30.696,48.20457458496094
13:13:17.354060,-0.15408,28.87419374575037,30.696,48.20457458496094
13:13:17.359057,-0.15408,28.87419374575037,30.696,48.20457458496094
13:13:17.364067,-0.15408,28.87419374575037,30.696,48.20457458496094
13:13:17.369115,-0.15408,28.87419374575037,30.696,48.20457458496094
13:13:17.374069,-0.15408,28.87419374575037,30.696,48.20457458496094
13:13:17.379105,-0.15194,28.87419374575037,30.228,49.17961120605469
13:13:17.384041,-0.15194,28.490664082664438,30.228,49.17961120605469
13:13:17.389059,-0.15194,28.490664082664438,30.228,49.17961120605469
13:13:17.394176,-0.15194,28.490664082664438,30.228,49.17961120605469
13:13:17.399090,-0.15194,28.490664082664438,30.228,49.17961120605469
13:13:17.404058,-0.15194,28.490664082664438,30.228,49.17961120605469
13:13:17.409055,-0.15194,28.490664082664438,30.228,49.17961120605469
13:13:17.414085,-0.15729,29.685076314109747,30.396,50.18211364746094
13:13:17.419085,-0.15729,29.685076314109747,30.396,50.18211364746094
13:13:17.424140,-0.15729,29.685076314109747,30.396,50.18211364746094
13:13:17.429070,-0.15729,29.685076314109747,30.396,50.18211364746094
13:13:17.434064,-0.15729,29.685076314109747,30.396,50.18211364746094
13:13:17.439082,-0.15729,29.685076314109747,30.396,50.18211364746094
13:13:17.444686,-0.14659,29.685076314109747,30.09,51.15165710449219
13:13:17.449041,-0.14659,29.00567873110193,30.09,51.15165710449219
13:13:17.454062,-0.14659,29.00567873110193,30.09,51.15165710449219
13:13:17.459086,-0.14659,29.00567873110193,30.09,51.15165710449219
13:13:17.464068,-0.14659,29.00567873110193,30.09,51.15165710449219
13:13:17.469114,-0.14659,29.00567873110193,30.09,51.15165710449219
13:13:17.474490,-0.14659,29.00567873110193,30.09,51.15165710449219
13:13:17.479316,-0.16264,30.34256227602381,30.858,52.12532043457031
13:13:17.484373,-0.16264,30.34256227602381,30.858,52.12532043457031
13:13:17.489310,-0.16264,30.34256227602381,30.858,52.12532043457031
13:13:17.494305,-0.16264,30.34256227602381,30.858,52.12532043457031
13:13:17.499275,-0.16264,30.34256227602381,30.858,52.12532043457031
13:13:17.504269,-0.16264,30.34256227602381,30.858,52.12532043457031
13:13:17.509240,-0.16478,30.07408388246912,30.174000000000003,53.1134033203125
13:13:17.514206,-0.16478,30.07408388246912,30.174000000000003,53.1134033203125
13:13:17.519281,-0.16478,30.07408388246912,30.174000000000003,53.1134033203125
13:13:17.524316,-0.16478,30.07408388246912,30.174000000000003,53.1134033203125
13:13:17.529299,-0.16478,30.07408388246912,30.174000000000003,53.1134033203125
13:13:17.534338,-0.16478,30.07408388246912,30.174000000000003,53.1134033203125
13:13:17.539295,-0.16478,30.07408388246912,30.174000000000003,53.1134033203125
13:13:17.544279,-0.17655,31.383562642234747,31.188,54.073333740234375
13:13:17.549315,-0.17655,31.383562642234747,31.188,54.073333740234375
13:13:17.554409,-0.17655,31.383562642234747,31.188,54.073333740234375
13:13:17.559342,-0.17655,31.383562642234747,31.188,54.073333740234375
13:13:17.564333,-0.17655,31.383562642234747,31.188,54.073333740234375
13:13:17.569285,-0.17655,31.383562642234747,31.188,54.073333740234375
13:13:17.574251,-0.16157,31.04387148012537,30.234,55.020904541015625
13:13:17.579282,-0.16157,31.04387148012537,30.234,55.020904541015625
13:13:17.584270,-0.16157,31.04387148012537,30.234,55.020904541015625
13:13:17.589328,-0.16157,31.04387148012537,30.234,55.020904541015625
13:13:17.594337,-0.16157,31.04387148012537,30.234,55.020904541015625
13:13:17.599307,-0.16157,31.04387148012537,30.234,55.020904541015625
13:13:17.604284,-0.16157,31.04387148012537,30.234,55.020904541015625
13:13:17.609253,-0.18297,31.37260683168787,30.450000000000003,55.97465515136719
13:13:17.614252,-0.18297,31.37260683168787,30.450000000000003,55.97465515136719
13:13:17.619272,-0.18297,31.37260683168787,30.450000000000003,55.97465515136719
13:13:17.624299,-0.18297,31.37260683168787,30.450000000000003,55.97465515136719
13:13:17.629304,-0.18297,31.37260683168787,30.450000000000003,55.97465515136719
13:13:17.634270,-0.18297,31.37260683168787,30.450000000000003,55.97465515136719
13:13:17.639260,-0.1712,31.646563130516,30.006,56.93527221679688
13:13:17.644284,-0.1712,31.646563130516,30.006,56.93527221679688
13:13:17.649338,-0.1712,31.646563130516,30.006,56.93527221679688
13:13:17.654297,-0.1712,31.646563130516,30.006,56.93527221679688
13:13:17.659412,-0.1712,31.646563130516,30.006,56.93527221679688
13:13:17.664329,-0.1712,31.646563130516,30.006,56.93527221679688
13:13:17.669240,-0.1712,31.646563130516,30.006,56.93527221679688
13:13:17.674284,-0.16799,31.75065858950037,29.652,57.900009155273445
13:13:17.679332,-0.16799,31.75065858950037,29.652,57.900009155273445
13:13:17.684364,-0.16799,31.75065858950037,29.652,57.900009155273445
13:13:17.689436,-0.16799,31.75065858950037,29.652,57.900009155273445
13:13:17.694404,-0.16799,31.75065858950037,29.652,57.900009155273445
13:13:17.699412,-0.16799,31.75065858950037,29.652,57.900009155273445
13:13:17.704238,-0.18511,32.72592409243006,29.76,58.88877868652343
13:13:17.709271,-0.18511,32.72592409243006,29.76,58.88877868652343
13:13:17.714350,-0.18511,32.72592409243006,29.76,58.88877868652343
13:13:17.719346,-0.18511,32.72592409243006,29.76,58.88877868652343
13:13:17.724275,-0.18511,32.72592409243006,29.76,58.88877868652343
13:13:17.729244,-0.18511,32.72592409243006,29.76,58.88877868652343
13:13:17.734241,-0.18511,32.60537965883631,30.372,59.85282897949219
13:13:17.739364,-0.18511,32.60537965883631,30.372,59.85282897949219
13:13:17.744404,-0.18511,32.60537965883631,30.372,59.85282897949219
13:13:17.749353,-0.18511,32.60537965883631,30.372,59.85282897949219
13:13:17.754363,-0.18511,32.60537965883631,30.372,59.85282897949219
13:13:17.759410,-0.18511,32.60537965883631,30.372,59.85282897949219
13:13:17.764402,-0.18511,32.60537965883631,30.372,59.85282897949219
13:13:17.769384,-0.18618,33.54229982485194,29.658,60.81207275390625
13:13:17.774316,-0.18618,33.54229982485194,29.658,60.81207275390625
13:13:17.779287,-0.18618,33.54229982485194,29.658,60.81207275390625
13:13:17.784358,-0.18618,33.54229982485194,29.658,60.81207275390625
13:13:17.789306,-0.18618,33.54229982485194,29.658,60.81207275390625
13:13:17.794291,-0.18618,33.54229982485194,29.658,60.81207275390625
13:13:17.799314,-0.18083,33.120409566062875,30.144,61.78916931152343
13:13:17.804256,-0.18083,33.120409566062875,30.144,61.78916931152343
13:13:17.809333,-0.18083,33.120409566062875,30.144,61.78916931152343
13:13:17.814383,-0.18083,33.120409566062875,30.144,61.78916931152343
13:13:17.819306,-0.18083,33.120409566062875,30.144,61.78916931152343
13:13:17.824316,-0.18083,33.120409566062875,30.144,61.78916931152343
13:13:17.829404,-0.18083,33.120409566062875,30.144,61.78916931152343
13:13:17.834339,-0.18832,34.232653218406625,30.558,62.71888732910156
13:13:17.839363,-0.18832,34.232653218406625,30.558,62.71888732910156
13:13:17.844349,-0.18832,34.232653218406625,30.558,62.71888732910156
13:13:17.849421,-0.18832,34.232653218406625,30.558,62.71888732910156
13:13:17.854409,-0.18832,34.232653218406625,30.558,62.71888732910156
13:13:17.859361,-0.18832,34.232653218406625,30.558,62.71888732910156
13:13:17.864246,-0.18725,33.32313783754725,29.736,63.68911743164063
13:13:17.869269,-0.18725,33.32313783754725,29.736,63.68911743164063
13:13:17.874298,-0.18725,33.32313783754725,29.736,63.68911743164063
13:13:17.879403,-0.18725,33.32313783754725,29.736,63.68911743164063
13:13:17.884437,-0.18725,33.32313783754725,29.736,63.68911743164063
13:13:17.889312,-0.18725,33.32313783754725,29.736,63.68911743164063
13:13:17.894238,-0.18725,33.32313783754725,29.736,63.68911743164063
13:13:17.899313,-0.18404,35.059984761375375,30.99,64.69230651855469
13:13:17.904377,-0.18404,35.059984761375375,30.99,64.69230651855469
13:13:17.909336,-0.18404,35.059984761375375,30.99,64.69230651855469
13:13:17.914322,-0.18404,35.059984761375375,30.99,64.69230651855469
13:13:17.919285,-0.18404,35.059984761375375,30.99,64.69230651855469
13:13:17.924310,-0.18404,35.059984761375375,30.99,64.69230651855469
13:13:17.929346,-0.20116,34.26004274477381,29.814,65.65155029296875
13:13:17.934452,-0.20116,34.26004274477381,29.814,65.65155029296875
13:13:17.939361,-0.20116,34.26004274477381,29.814,65.65155029296875
13:13:17.944372,-0.20116,34.26004274477381,29.814,65.65155029296875
13:13:17.949347,-0.20116,34.26004274477381,29.814,65.65155029296875
13:13:17.954342,-0.20116,34.26004274477381,29.814,65.65155029296875
13:13:17.959304,-0.20437,35.481859761375375,30.450000000000003,66.59843444824219
13:13:17.964284,-0.20437,35.481859761375375,30.450000000000003,66.59843444824219
13:13:17.969138,-0.20437,35.481859761375375,30.450000000000003,66.59843444824219
13:13:17.974278,-0.20437,35.481859761375375,30.450000000000003,66.59843444824219
13:13:17.979430,-0.20437,35.481859761375375,30.450000000000003,66.59843444824219
13:13:17.984291,-0.20437,35.481859761375375,30.450000000000003,66.59843444824219
13:13:17.989470,-0.20437,35.481859761375375,30.450000000000003,66.59843444824219
13:13:17.994413,-0.1926,34.94491823305506,29.928,67.57347106933594
13:13:17.999370,-0.1926,34.94491823305506,29.928,67.57347106933594
13:13:18.004441,-0.1926,34.94491823305506,29.928,67.57347106933594
13:13:18.009489,-0.1926,34.94491823305506,29.928,67.57347106933594
13:13:18.014408,-0.1926,34.94491823305506,29.928,67.57347106933594
13:13:18.019324,-0.1926,34.94491823305506,29.928,67.57347106933594
13:13:18.024177,-0.2033,35.837999898094125,30.042,68.53134155273438
13:13:18.029351,-0.2033,35.837999898094125,30.042,68.53134155273438
13:13:18.034450,-0.2033,35.837999898094125,30.042,68.53134155273438
13:13:18.039421,-0.2033,35.837999898094125,30.042,68.53134155273438
13:13:18.044478,-0.2033,35.837999898094125,30.042,68.53134155273438
13:13:18.049397,-0.2033,35.837999898094125,30.042,68.53134155273438
13:13:18.054350,-0.2033,35.837999898094125,30.042,68.53134155273438
13:13:18.059353,-0.20223,35.268175679344125,30.174000000000003,69.4940185546875
13:13:18.064339,-0.20223,35.268175679344125,30.174000000000003,69.4940185546875
13:13:18.069402,-0.20223,35.268175679344125,30.174000000000003,69.4940185546875
13:13:18.074421,-0.20223,35.268175679344125,30.174000000000003,69.4940185546875
13:13:18.079403,-0.20223,35.268175679344125,30.174000000000003,69.4940185546875
13:13:18.084328,-0.20223,35.268175679344125,30.174000000000003,69.4940185546875
13:13:18.089271,-0.21186,36.05716188539881,30.174000000000003,70.47248840332031
13:13:18.094289,-0.21186,36.05716188539881,30.174000000000003,70.47248840332031
13:13:18.099298,-0.21186,36.05716188539881,30.174000000000003,70.47248840332031
13:13:18.104338,-0.21186,36.05716188539881,30.174000000000003,70.47248840332031
13:13:18.109379,-0.21186,36.05716188539881,30.174000000000003,70.47248840332031
13:13:18.114316,-0.21186,36.05716188539881,30.174000000000003,70.47248840332031
13:13:18.119425,-0.21186,36.05716188539881,30.174000000000003,70.47248840332031
13:13:18.124291,-0.2033,35.8927789508285,29.982,71.43035888671875
13:13:18.129273,-0.2033,35.8927789508285,29.982,71.43035888671875
13:13:18.134357,-0.2033,35.8927789508285,29.982,71.43035888671875
13:13:18.139363,-0.2033,35.8927789508285,29.982,71.43035888671875
13:13:18.144383,-0.2033,35.8927789508285,29.982,71.43035888671875
13:13:18.149281,-0.2033,35.8927789508285,29.982,71.43035888671875
13:13:18.154292,-0.21079,36.06811769594569,30.288,72.40196228027344
13:13:18.159313,-0.21079,36.06811769594569,30.288,72.40196228027344
13:13:18.164353,-0.21079,36.06811769594569,30.288,72.40196228027344
13:13:18.169433,-0.21079,36.06811769594569,30.288,72.40196228027344
13:13:18.174383,-0.21079,36.06811769594569,30.288,72.40196228027344
13:13:18.179396,-0.21079,36.06811769594569,30.288,72.40196228027344
13:13:18.184170,-0.21079,36.06811769594569,30.288,72.40196228027344
13:13:18.189316,-0.20972,36.56669862856288,30.48,73.39553833007812
13:13:18.194294,-0.20972,36.56669862856288,30.48,73.39553833007812
13:13:18.199435,-0.20972,36.56669862856288,30.48,73.39553833007812
13:13:18.204434,-0.20972,36.56669862856288,30.48,73.39553833007812
13:13:18.209424,-0.20972,36.56669862856288,30.48,73.39553833007812
13:13:18.214438,-0.20972,36.56669862856288,30.48,73.39553833007812
13:13:18.219335,-0.2033,35.91470583071131,29.844000000000005,74.33692932128906
13:13:18.224307,-0.2033,35.91470583071131,29.844000000000005,74.33692932128906
13:13:18.229393,-0.2033,35.91470583071131,29.844000000000005,74.33692932128906
13:13:18.234396,-0.2033,35.91470583071131,29.844000000000005,74.33692932128906
13:13:18.239435,-0.2033,35.91470583071131,29.844000000000005,74.33692932128906
13:13:18.244375,-0.2033,35.91470583071131,29.844000000000005,74.33692932128906
13:13:18.249405,-0.2033,35.91470583071131,29.844000000000005,74.33692932128906
13:13:18.254326,-0.2033,37.14747865785975,30.096000000000004,75.34561157226562
13:13:18.259352,-0.2033,37.14747865785975,30.096000000000004,75.34561157226562
13:13:18.264343,-0.2033,37.14747865785975,30.096000000000004,75.34561157226562
13:13:18.269332,-0.2033,37.14747865785975,30.096000000000004,75.34561157226562
13:13:18.274302,-0.2033,37.14747865785975,30.096000000000004,75.34561157226562
13:13:18.279334,-0.2033,37.14747865785975,30.096000000000004,75.34561157226562
13:13:18.284281,-0.20651,36.53383119692225,29.982,76.343994140625
13:13:18.289282,-0.20651,36.53383119692225,29.982,76.343994140625
13:13:18.294339,-0.20651,36.53383119692225,29.982,76.343994140625
13:13:18.299368,-0.20651,36.53383119692225,29.982,76.343994140625
13:13:18.304439,-0.20651,36.53383119692225,29.982,76.343994140625
13:13:18.309299,-0.20651,36.53383119692225,29.982,76.343994140625
13:13:18.314386,-0.20651,36.53383119692225,29.982,76.343994140625
13:13:18.319275,-0.21721,37.72824342836756,30.366,77.27645874023438
13:13:18.324284,-0.21721,37.72824342836756,30.366,77.27645874023438
13:13:18.329386,-0.21721,37.72824342836756,30.366,77.27645874023438
13:13:18.334416,-0.21721,37.72824342836756,30.366,77.27645874023438
13:13:18.339319,-0.21721,37.72824342836756,30.366,77.27645874023438
13:13:18.344379,-0.21721,37.72824342836756,30.366,77.27645874023438
13:13:18.349179,-0.20972,36.7475152789535,30.066,78.29681396484375
13:13:18.354120,-0.20972,36.7475152789535,30.066,78.29681396484375
13:13:18.359052,-0.20972,36.7475152789535,30.066,78.29681396484375
13:13:18.364086,-0.20972,36.7475152789535,30.066,78.29681396484375
13:13:18.369055,-0.20972,36.7475152789535,30.066,78.29681396484375
13:13:18.374071,-0.20972,36.7475152789535,30.066,78.29681396484375
13:13:18.379072,-0.20972,36.7475152789535,30.066,78.29681396484375
13:13:18.384217,-0.2247,38.39120729555506,29.844000000000005,79.25880432128906
13:13:18.389086,-0.2247,38.39120729555506,29.844000000000005,79.25880432128906
13:13:18.394069,-0.2247,38.39120729555506,29.844000000000005,79.25880432128906
13:13:18.399068,-0.2247,38.39120729555506,29.844000000000005,79.25880432128906
13:13:18.404061,-0.2247,38.39120729555506,29.844000000000005,79.25880432128906
13:13:18.409086,-0.2247,38.39120729555506,29.844000000000005,79.25880432128906
13:13:18.414141,-0.21614,36.80777223696131,30.450000000000003,80.23384094238281
13:13:18.419178,-0.21614,36.80777223696131,30.450000000000003,80.23384094238281
13:13:18.424065,-0.21614,36.80777223696131,30.450000000000003,80.23384094238281
13:13:18.429061,-0.21614,36.80777223696131,30.450000000000003,80.23384094238281
13:13:18.434070,-0.21614,36.80777223696131,30.450000000000003,80.23384094238281
13:13:18.439081,-0.21614,36.80777223696131,30.450000000000003,80.23384094238281
13:13:18.444120,-0.21614,36.80777223696131,30.450000000000003,80.23384094238281
13:13:18.449135,-0.21828,38.11178835024256,30.834,81.20269775390625
13:13:18.454071,-0.21828,38.11178835024256,30.834,81.20269775390625
13:13:18.459059,-0.21828,38.11178835024256,30.834,81.20269775390625
13:13:18.464071,-0.21828,38.11178835024256,30.834,81.20269775390625
13:13:18.469082,-0.21828,38.11178835024256,30.834,81.20269775390625
13:13:18.474093,-0.21828,38.11178835024256,30.834,81.20269775390625
13:13:18.479133,-0.21614,37.33375795473475,29.682,82.17361450195312
13:13:18.484065,-0.21614,37.33375795473475,29.682,82.17361450195312
13:13:18.489062,-0.21614,37.33375795473475,29.682,82.17361450195312
13:13:18.494064,-0.21614,37.33375795473475,29.682,82.17361450195312
13:13:18.499082,-0.21614,37.33375795473475,29.682,82.17361450195312
13:13:18.504071,-0.21614,37.33375795473475,29.682,82.17361450195312
13:13:18.509112,-0.21614,37.33375795473475,29.682,82.17361450195312
13:13:18.514388,-0.22042,37.936449605125375,30.066,83.18504333496094
13:13:18.519364,-0.22042,37.936449605125375,30.066,83.18504333496094
13:13:18.524325,-0.22042,37.936449605125375,30.066,83.18504333496094
13:13:18.529293,-0.22042,37.936449605125375,30.066,83.18504333496094
13:13:18.534113,-0.22042,37.936449605125375,30.066,83.18504333496094
13:13:18.539067,-0.22042,37.936449605125375,30.066,83.18504333496094
13:13:18.544154,-0.22898,38.035082417625375,29.244000000000003,84.13330078125
13:13:18.549135,-0.22898,38.035082417625375,29.244000000000003,84.13330078125
13:13:18.554064,-0.22898,38.035082417625375,29.244000000000003,84.13330078125
13:13:18.559091,-0.22898,38.035082417625375,29.244000000000003,84.13330078125
13:13:18.564072,-0.22898,38.035082417625375,29.244000000000003,84.13330078125
13:13:18.569195,-0.22898,38.035082417625375,29.244000000000003,84.13330078125
13:13:18.574121,-0.22898,38.035082417625375,29.244000000000003,84.13330078125
13:13:18.579112,-0.23219,38.1610894977035,28.638,85.12138366699219
13:13:18.584041,-0.23219,38.1610894977035,28.638,85.12138366699219
13:13:18.589156,-0.23219,38.1610894977035,28.638,85.12138366699219
13:13:18.594068,-0.23219,38.1610894977035,28.638,85.12138366699219
13:13:18.599086,-0.23219,38.1610894977035,28.638,85.12138366699219
13:13:18.604162,-0.23219,38.1610894977035,28.638,85.12138366699219
13:13:18.609449,-0.22577,38.56653078188319,27.948,86.05247497558594
13:13:18.614068,-0.22577,38.56653078188319,27.948,86.05247497558594
13:13:18.619095,-0.22577,38.56653078188319,27.948,86.05247497558594
13:13:18.624096,-0.22577,38.56653078188319,27.948,86.05247497558594
13:13:18.629083,-0.22577,38.56653078188319,27.948,86.05247497558594
13:13:18.634082,-0.22577,38.56653078188319,27.948,86.05247497558594
13:13:18.639088,-0.22577,38.56653078188319,27.948,86.05247497558594
13:13:18.644140,-0.23112,38.08438356508631,27.042,86.97257995605469
13:13:18.649066,-0.23112,38.08438356508631,27.042,86.97257995605469
13:13:18.654064,-0.23112,38.08438356508631,27.042,86.97257995605469
13:13:18.659059,-0.23112,38.08438356508631,27.042,86.97257995605469
13:13:18.664060,-0.23112,38.08438356508631,27.042,86.97257995605469
13:13:18.669083,-0.23112,38.08438356508631,27.042,86.97257995605469
13:13:18.674215,-0.23326,38.08438356508631,26.718,87.83981323242188
13:13:18.679045,-0.23326,38.84596498598475,26.718,87.83981323242188
13:13:18.684062,-0.23326,38.84596498598475,26.718,87.83981323242188
13:13:18.689082,-0.23326,38.84596498598475,26.718,87.83981323242188
13:13:18.694085,-0.23326,38.84596498598475,26.718,87.83981323242188
13:13:18.699146,-0.23326,38.84596498598475,26.718,87.83981323242188
13:13:18.704053,-0.23326,38.84596498598475,26.718,87.83981323242188
13:13:18.709073,-0.23326,37.68442018618006,25.698,88.71391296386719
13:13:18.714057,-0.23326,37.68442018618006,25.698,88.71391296386719
13:13:18.719059,-0.23326,37.68442018618006,25.698,88.71391296386719
13:13:18.724086,-0.23326,37.68442018618006,25.698,88.71391296386719
13:13:18.729070,-0.23326,37.68442018618006,25.698,88.71391296386719
13:13:18.734083,-0.23326,37.68442018618006,25.698,88.71391296386719
13:13:18.739776,-0.23968,37.68442018618006,24.852,89.53651428222656
13:13:18.744062,-0.23968,39.11992128481288,24.852,89.53651428222656
13:13:18.749138,-0.23968,39.11992128481288,24.852,89.53651428222656
13:13:18.754046,-0.23968,39.11992128481288,24.852,89.53651428222656
13:13:18.759062,-0.23968,39.11992128481288,24.852,89.53651428222656
13:13:18.764072,-0.23968,39.11992128481288,24.852,89.53651428222656
13:13:18.769068,-0.23968,39.11992128481288,24.852,89.53651428222656
13:13:18.774142,-0.2461,39.18567140688319,24.276,90.31723022460938
13:13:18.779111,-0.2461,39.18567140688319,24.276,90.31723022460938
13:13:18.784065,-0.2461,39.18567140688319,24.276,90.31723022460938
13:13:18.789072,-0.2461,39.18567140688319,24.276,90.31723022460938
13:13:18.794057,-0.2461,39.18567140688319,24.276,90.31723022460938
13:13:18.799180,-0.2461,39.18567140688319,24.276,90.31723022460938
13:13:18.804097,-0.2354,38.56653078188319,22.788,91.07460021972656
13:13:18.809062,-0.2354,38.56653078188319,22.788,91.07460021972656
13:13:18.814045,-0.2354,38.56653078188319,22.788,91.07460021972656
13:13:18.819086,-0.2354,38.56653078188319,22.788,91.07460021972656
13:13:18.824088,-0.2354,38.56653078188319,22.788,91.07460021972656
13:13:18.829082,-0.2354,38.56653078188319,22.788,91.07460021972656
13:13:18.834106,-0.2354,38.56653078188319,22.788,91.07460021972656
13:13:18.839223,-0.24717,40.051348286766,23.088,91.78459167480467
13:13:18.844067,-0.24717,40.051348286766,23.088,91.78459167480467
13:13:18.849056,-0.24717,40.051348286766,23.088,91.78459167480467
13:13:18.854089,-0.24717,40.051348286766,23.088,91.78459167480467
13:13:18.859071,-0.24717,40.051348286766,23.088,91.78459167480467
13:13:18.864422,-0.24717,40.051348286766,23.088,91.78459167480467
13:13:18.869275,-0.22791,40.051348286766,20.814,92.46986389160156
13:13:18.874263,-0.22791,37.63510377993006,20.814,92.46986389160156
13:13:18.879283,-0.22791,37.63510377993006,20.814,92.46986389160156
13:13:18.884121,-0.22791,37.63510377993006,20.814,92.46986389160156
13:13:18.889067,-0.22791,37.63510377993006,20.814,92.46986389160156
13:13:18.894057,-0.22791,37.63510377993006,20.814,92.46986389160156
13:13:18.899155,-0.22791,37.63510377993006,20.814,92.46986389160156
13:13:18.904111,-0.24931,39.88150270571131,20.376,93.16818237304688
13:13:18.909068,-0.24931,39.88150270571131,20.376,93.16818237304688
13:13:18.914057,-0.24931,39.88150270571131,20.376,93.16818237304688
13:13:18.919064,-0.24931,39.88150270571131,20.376,93.16818237304688
13:13:18.924086,-0.24931,39.88150270571131,20.376,93.16818237304688
13:13:18.929069,-0.24931,39.88150270571131,20.376,93.16818237304688
13:13:18.934328,-0.23219,37.936449605125375,18.888,93.7786102294922
13:13:18.939058,-0.23219,37.936449605125375,18.888,93.7786102294922
13:13:18.944069,-0.23219,37.936449605125375,18.888,93.7786102294922
13:13:18.949136,-0.23219,37.936449605125375,18.888,93.7786102294922
13:13:18.954072,-0.23219,37.936449605125375,18.888,93.7786102294922
13:13:18.959060,-0.23219,37.936449605125375,18.888,93.7786102294922
13:13:18.964056,-0.23219,37.936449605125375,18.888,93.7786102294922
13:13:18.969129,-0.24824,38.54461916078944,18.558,94.39590454101562
13:13:18.974061,-0.24824,38.54461916078944,18.558,94.39590454101562
13:13:18.979067,-0.24824,38.54461916078944,18.558,94.39590454101562
13:13:18.984084,-0.24824,38.54461916078944,18.558,94.39590454101562
13:13:18.989068,-0.24824,38.54461916078944,18.558,94.39590454101562
13:13:18.994149,-0.24824,38.54461916078944,18.558,94.39590454101562
13:13:18.999179,-0.24931,40.01298769106288,17.214000000000002,95.00015258789062
13:13:19.004082,-0.24931,40.01298769106288,17.214000000000002,95.00015258789062
13:13:19.009048,-0.24931,40.01298769106288,17.214000000000002,95.00015258789062
13:13:19.014085,-0.24931,40.01298769106288,17.214000000000002,95.00015258789062
13:13:19.019073,-0.24931,40.01298769106288,17.214000000000002,95.00015258789062
13:13:19.024057,-0.24931,40.01298769106288,17.214000000000002,95.00015258789062
13:13:19.029069,-0.24931,40.01298769106288,17.214000000000002,95.00015258789062
13:13:19.034225,-0.24182,38.56653078188319,16.392,95.537109375
13:13:19.039087,-0.24182,38.56653078188319,16.392,95.537109375
13:13:19.044039,-0.24182,38.56653078188319,16.392,95.537109375
13:13:19.049091,-0.24182,38.56653078188319,16.392,95.537109375
13:13:19.054084,-0.24182,38.56653078188319,16.392,95.537109375
13:13:19.059060,-0.24182,38.56653078188319,16.392,95.537109375
13:13:19.064121,-0.25038,38.56653078188319,15.264,96.06170654296876
13:13:19.069132,-0.25038,38.61036928285975,15.264,96.06170654296876
13:13:19.074068,-0.25038,38.61036928285975,15.264,96.06170654296876
13:13:19.079102,-0.25038,38.61036928285975,15.264,96.06170654296876
13:13:19.084066,-0.25038,38.61036928285975,15.264,96.06170654296876
13:13:19.089070,-0.25038,38.61036928285975,15.264,96.06170654296876
13:13:19.094186,-0.25038,38.61036928285975,15.264,96.06170654296876
13:13:19.099101,-0.2568,38.73639162172694,13.728,96.54991149902344
13:13:19.104060,-0.2568,38.73639162172694,13.728,96.54991149902344
13:13:19.109064,-0.2568,38.73639162172694,13.728,96.54991149902344
13:13:19.114060,-0.2568,38.73639162172694,13.728,96.54991149902344
13:13:19.119092,-0.2568,38.73639162172694,13.728,96.54991149902344
13:13:19.124069,-0.2568,38.73639162172694,13.728,96.54991149902344
13:13:19.129129,-0.2568,38.73639162172694,13.728,96.54991149902344
13:13:19.134202,-0.22898,38.52270753969569,12.738,96.98524475097656
13:13:19.139057,-0.22898,38.52270753969569,12.738,96.98524475097656
13:13:19.144064,-0.22898,38.52270753969569,12.738,96.98524475097656
13:13:19.149131,-0.22898,38.52270753969569,12.738,96.98524475097656
13:13:19.154065,-0.22898,38.52270753969569,12.738,96.98524475097656
13:13:19.159108,-0.22898,38.52270753969569,12.738,96.98524475097656
13:13:19.164136,-0.23968,38.31450136293788,11.724,97.39036560058594
13:13:19.169193,-0.23968,38.31450136293788,11.724,97.39036560058594
13:13:19.174063,-0.23968,38.31450136293788,11.724,97.39036560058594
13:13:19.179062,-0.23968,38.31450136293788,11.724,97.39036560058594
13:13:19.184065,-0.23968,38.31450136293788,11.724,97.39036560058594
13:13:19.189148,-0.23968,38.31450136293788,11.724,97.39036560058594
13:13:19.194320,-0.23968,38.31450136293788,11.724,97.39036560058594
13:13:19.199085,-0.25466,38.4953180133285,11.586,97.78106689453124
13:13:19.204097,-0.25466,38.4953180133285,11.586,97.78106689453124
13:13:19.209060,-0.25466,38.4953180133285,11.586,97.78106689453124
13:13:19.214066,-0.25466,38.4953180133285,11.586,97.78106689453124
13:13:19.219059,-0.25466,38.4953180133285,11.586,97.78106689453124
13:13:19.224057,-0.25466,38.4953180133285,11.586,97.78106689453124
13:13:19.229151,-0.26429,38.82953127016444,10.902,98.1353759765625
13:13:19.234072,-0.26429,38.82953127016444,10.902,98.1353759765625
13:13:19.239068,-0.26429,38.82953127016444,10.902,98.1353759765625
13:13:19.244083,-0.26429,38.82953127016444,10.902,98.1353759765625
13:13:19.249085,-0.26429,38.82953127016444,10.902,98.1353759765625
13:13:19.254065,-0.26429,38.82953127016444,10.902,98.1353759765625
13:13:19.259117,-0.26429,38.82953127016444,10.902,98.1353759765625
13:13:19.264256,-0.25573,38.714464741844125,9.636,98.45260620117188
13:13:19.269132,-0.25573,38.714464741844125,9.636,98.45260620117188
13:13:19.274068,-0.25573,38.714464741844125,9.636,98.45260620117188
13:13:19.279061,-0.25573,38.714464741844125,9.636,98.45260620117188
13:13:19.284067,-0.25573,38.714464741844125,9.636,98.45260620117188
13:13:19.289083,-0.25573,38.714464741844125,9.636,98.45260620117188
13:13:19.294239,-0.25038,39.06512697328944,8.154,98.73756408691406
13:13:19.299041,-0.25038,39.06512697328944,8.154,98.73756408691406
13:13:19.304038,-0.25038,39.06512697328944,8.154,98.73756408691406
13:13:19.309063,-0.25038,39.06512697328944,8.154,98.73756408691406
13:13:19.314090,-0.25038,39.06512697328944,8.154,98.73756408691406
13:13:19.319086,-0.25038,39.06512697328944,8.154,98.73756408691406
13:13:19.324099,-0.25038,39.06512697328944,8.154,98.73756408691406
13:13:19.329114,-0.24931,37.99672182192225,7.086,98.9875030517578
13:13:19.334058,-0.24931,37.99672182192225,7.086,98.9875030517578
13:13:19.339064,-0.24931,37.99672182192225,7.086,98.9875030517578
13:13:19.344072,-0.24931,37.99672182192225,7.086,98.9875030517578
13:13:19.349138,-0.24931,37.99672182192225,7.086,98.9875030517578
13:13:19.354086,-0.24931,37.99672182192225,7.086,98.9875030517578
13:13:19.359435,-0.2600099999999999,37.76660402407069,6.834,99.2168426513672
13:13:19.364196,-0.2600099999999999,37.76660402407069,6.834,99.2168426513672
13:13:19.369090,-0.2600099999999999,37.76660402407069,6.834,99.2168426513672
13:13:19.374083,-0.2600099999999999,37.76660402407069,6.834,99.2168426513672
13:13:19.379101,-0.2600099999999999,37.76660402407069,6.834,99.2168426513672
13:13:19.384082,-0.2600099999999999,37.76660402407069,6.834,99.2168426513672
13:13:19.389062,-0.2600099999999999,37.76660402407069,6.834,99.2168426513672
13:13:19.394225,-0.26643,38.64872987856288,5.489999999999999,99.41940307617188
13:13:19.399061,-0.26643,38.64872987856288,5.489999999999999,99.41940307617188
13:13:19.404056,-0.26643,38.64872987856288,5.489999999999999,99.41940307617188
13:13:19.409066,-0.26643,38.64872987856288,5.489999999999999,99.41940307617188
13:13:19.414047,-0.26643,38.64872987856288,5.489999999999999,99.41940307617188
13:13:19.419087,-0.26643,38.64872987856288,5.489999999999999,99.41940307617188
13:13:19.424166,-0.27071,39.14731081118006,4.338,99.58763122558594
13:13:19.429089,-0.27071,39.14731081118006,4.338,99.58763122558594
13:13:19.434062,-0.27071,39.14731081118006,4.338,99.58763122558594
13:13:19.439065,-0.27071,39.14731081118006,4.338,99.58763122558594
13:13:19.444085,-0.27071,39.14731081118006,4.338,99.58763122558594
13:13:19.449069,-0.27071,39.14731081118006,4.338,99.58763122558594
13:13:19.454065,-0.27071,39.14731081118006,4.338,99.58763122558594
13:13:19.459289,-0.26322,38.19945009340663,3.018,99.7174072265625
13:13:19.464090,-0.26322,38.19945009340663,3.018,99.7174072265625
13:13:19.469070,-0.26322,38.19945009340663,3.018,99.7174072265625
13:13:19.474095,-0.26322,38.19945009340663,3.018,99.7174072265625
13:13:19.479062,-0.26322,38.19945009340663,3.018,99.7174072265625
13:13:19.484065,-0.26322,38.19945009340663,3.018,99.7174072265625
13:13:19.489349,-0.2675,37.64605959047694,2.826,99.80255126953124
13:13:19.494059,-0.2675,37.64605959047694,2.826,99.80255126953124
13:13:19.499227,-0.2675,37.64605959047694,2.826,99.80255126953124
13:13:19.504022,-0.2675,37.64605959047694,2.826,99.80255126953124
13:13:19.509058,-0.2675,37.64605959047694,2.826,99.80255126953124
13:13:19.514083,-0.2675,37.64605959047694,2.826,99.80255126953124
13:13:19.519084,-0.2675,37.64605959047694,2.826,99.80255126953124
13:13:19.524118,-0.26857,38.08438356508631,1.374,99.8712158203125
13:13:19.529065,-0.26857,38.08438356508631,1.374,99.8712158203125
13:13:19.534063,-0.26857,38.08438356508631,1.374,99.8712158203125
13:13:19.539063,-0.26857,38.08438356508631,1.374,99.8712158203125
13:13:19.544061,-0.26857,38.08438356508631,1.374,99.8712158203125
13:13:19.549124,-0.26857,38.08438356508631,1.374,99.8712158203125
13:13:19.554147,-0.26857,38.08438356508631,1.374,99.8712158203125
13:13:19.559089,-0.27392,38.71994264711756,1.2600000000000002,99.9261474609375
13:13:19.564073,-0.27392,38.71994264711756,1.2600000000000002,99.9261474609375
13:13:19.569072,-0.27392,38.71994264711756,1.2600000000000002,99.9261474609375
13:13:19.574082,-0.27392,38.71994264711756,1.2600000000000002,99.9261474609375
13:13:19.579110,-0.27392,38.71994264711756,1.2600000000000002,99.9261474609375
13:13:19.584421,-0.27392,38.71994264711756,1.2600000000000002,99.9261474609375
13:13:19.589249,-0.25359,37.547442036766,0.246,99.942626953125
13:13:19.594312,-0.25359,37.547442036766,0.246,99.942626953125
13:13:19.599412,-0.25359,37.547442036766,0.246,99.942626953125
13:13:19.604402,-0.25359,37.547442036766,0.246,99.942626953125
13:13:19.609294,-0.25359,37.547442036766,0.246,99.942626953125
13:13:19.614247,-0.25359,37.547442036766,0.246,99.942626953125
13:13:19.619162,-0.25359,37.547442036766,0.246,99.942626953125
13:13:19.624283,-0.2568,37.73373659243006,0.108,99.94880676269533
13:13:19.629309,-0.2568,37.73373659243006,0.108,99.94880676269533
13:13:19.634314,-0.2568,37.73373659243006,0.108,99.94880676269533
13:13:19.639328,-0.2568,37.73373659243006,0.108,99.94880676269533
13:13:19.644299,-0.2568,37.73373659243006,0.108,99.94880676269533
13:13:19.649263,-0.2568,37.73373659243006,0.108,99.94880676269533
13:13:19.654217,-0.25466,37.30636842836756,0.3839999999999999,99.96322631835938
13:13:19.659367,-0.25466,37.30636842836756,0.3839999999999999,99.96322631835938
13:13:19.664378,-0.25466,37.30636842836756,0.3839999999999999,99.96322631835938
13:13:19.669093,-0.25466,37.30636842836756,0.3839999999999999,99.96322631835938
13:13:19.674399,-0.25466,37.30636842836756,0.3839999999999999,99.96322631835938
13:13:19.679306,-0.25466,37.30636842836756,0.3839999999999999,99.96322631835938
13:13:19.684267,-0.25466,37.30636842836756,0.3839999999999999,99.96322631835938
13:13:19.689281,-0.26215,37.54196413149256,0.33,99.97077941894533
13:13:19.694331,-0.26215,37.54196413149256,0.33,99.97077941894533
13:13:19.699392,-0.26215,37.54196413149256,0.33,99.97077941894533
13:13:19.704374,-0.26215,37.54196413149256,0.33,99.97077941894533
13:13:19.709241,-0.26215,37.54196413149256,0.33,99.97077941894533
13:13:19.714293,-0.26215,37.54196413149256,0.33,99.97077941894533
13:13:19.719257,-0.26536,37.54196413149256,0.3,99.9872589111328
13:13:19.724281,-0.26536,37.47073610414881,0.3,99.9872589111328
13:13:19.729350,-0.26536,37.47073610414881,0.3,99.9872589111328
13:13:19.734304,-0.26536,37.47073610414881,0.3,99.9872589111328
13:13:19.739281,-0.26536,37.47073610414881,0.3,99.9872589111328
13:13:19.744292,-0.26536,37.47073610414881,0.3,99.9872589111328
13:13:19.749221,-0.26536,37.47073610414881,0.3,99.9872589111328
13:13:19.754293,-0.26215,37.82687624086756,0.246,99.99755859375
13:13:19.759347,-0.26215,37.82687624086756,0.246,99.99755859375
13:13:19.764412,-0.26215,37.82687624086756,0.246,99.99755859375
13:13:19.769417,-0.26215,37.82687624086756,0.246,99.99755859375
13:13:19.774318,-0.26215,37.82687624086756,0.246,99.99755859375
13:13:19.779410,-0.26215,37.82687624086756,0.246,99.99755859375
13:13:19.784748,-0.26108,37.82687624086756,-0.054,99.99412536621094
13:13:19.789317,-0.26108,37.547442036766,-0.054,99.99412536621094
13:13:19.794103,-0.26108,37.547442036766,-0.054,99.99412536621094
13:13:19.799088,-0.26108,37.547442036766,-0.054,99.99412536621094
13:13:19.804132,-0.26108,37.547442036766,-0.054,99.99412536621094
13:13:19.809176,-0.26108,37.547442036766,-0.054,99.99412536621094
13:13:19.814058,-0.26108,37.547442036766,-0.054,99.99412536621094
13:13:19.819122,-0.26215,37.56935365785975,-0.1379999999999999,99.99755859375
13:13:19.824063,-0.26215,37.56935365785975,-0.1379999999999999,99.99755859375
13:13:19.829120,-0.26215,37.56935365785975,-0.1379999999999999,99.99755859375
13:13:19.834086,-0.26215,37.56935365785975,-0.1379999999999999,99.99755859375
13:13:19.839084,-0.26215,37.56935365785975,-0.1379999999999999,99.99755859375
13:13:19.844057,-0.26215,37.56935365785975,-0.1379999999999999,99.99755859375
13:13:19.849383,-0.26215,37.56935365785975,0.054,99.9982452392578
13:13:19.854037,-0.26215,37.42141969789881,0.054,99.9982452392578
13:13:19.859058,-0.26215,37.42141969789881,0.054,99.9982452392578
13:13:19.864082,-0.26215,37.42141969789881,0.054,99.9982452392578
13:13:19.869066,-0.26215,37.42141969789881,0.054,99.9982452392578
13:13:19.874083,-0.26215,37.42141969789881,0.054,99.9982452392578
13:13:19.879082,-0.26215,37.42141969789881,0.054,99.9982452392578
13:13:19.884110,-0.26108,37.54196413149256,0.03,99.99755859375
13:13:19.889057,-0.26108,37.54196413149256,0.03,99.99755859375
13:13:19.894058,-0.26108,37.54196413149256,0.03,99.99755859375
13:13:19.899064,-0.26108,37.54196413149256,0.03,99.99755859375
13:13:19.904085,-0.26108,37.54196413149256,0.03,99.99755859375
13:13:19.909070,-0.26108,37.54196413149256,0.03,99.99755859375
13:13:19.914310,-0.26108,37.54196413149256,0.03,99.99755859375
13:13:19.919062,-0.26108,37.60771425356288,0.054,99.9982452392578
13:13:19.924058,-0.26108,37.60771425356288,0.054,99.9982452392578
13:13:19.929084,-0.26108,37.60771425356288,0.054,99.9982452392578
13:13:19.934082,-0.26108,37.60771425356288,0.054,99.9982452392578
13:13:19.939085,-0.26108,37.60771425356288,0.054,99.9982452392578
13:13:19.944108,-0.26108,37.60771425356288,0.054,99.9982452392578
13:13:19.949146,-0.26429,37.44882448305506,-0.1379999999999999,100.0030517578125
13:13:19.954115,-0.26429,37.44882448305506,-0.1379999999999999,100.0030517578125
13:13:19.959091,-0.26429,37.44882448305506,-0.1379999999999999,100.0030517578125
13:13:19.964062,-0.26429,37.44882448305506,-0.1379999999999999,100.0030517578125
13:13:19.969083,-0.26429,37.44882448305506,-0.1379999999999999,100.0030517578125
13:13:19.974068,-0.26429,37.44882448305506,-0.1379999999999999,100.0030517578125
13:13:19.979297,-0.26215,37.44882448305506,0.162,99.9982452392578
13:13:19.984081,-0.26215,37.55291994203944,0.162,99.9982452392578
13:13:19.989062,-0.26215,37.55291994203944,0.162,99.9982452392578
13:13:19.994087,-0.26215,37.55291994203944,0.162,99.9982452392578
13:13:19.999092,-0.26215,37.55291994203944,0.162,99.9982452392578
13:13:20.004060,-0.26215,37.55291994203944,0.162,99.9982452392578
13:13:20.009056,-0.26215,37.55291994203944,0.162,99.9982452392578
13:13:20.014109,-0.26215,37.52005251039881,0.084,100.00099182128906
13:13:20.019059,-0.26215,37.52005251039881,0.084,100.00099182128906
13:13:20.024068,-0.26215,37.52005251039881,0.084,100.00099182128906
13:13:20.029055,-0.26215,37.52005251039881,0.084,100.00099182128906
13:13:20.034059,-0.26215,37.52005251039881,0.084,100.00099182128906
13:13:20.039057,-0.26215,37.52005251039881,0.084,100.00099182128906
13:13:20.044446,-0.26215,37.52005251039881,-0.054,99.9968719482422
13:13:20.049072,-0.26215,37.596758443016,-0.054,99.9968719482422
13:13:20.054060,-0.26215,37.596758443016,-0.054,99.9968719482422
13:13:20.059061,-0.26215,37.596758443016,-0.054,99.9968719482422
13:13:20.064071,-0.26215,37.596758443016,-0.054,99.9968719482422
13:13:20.069083,-0.26215,37.596758443016,-0.054,99.9968719482422
13:13:20.074071,-0.26215,37.596758443016,-0.054,99.9968719482422
13:13:20.079361,-0.26643,37.443346577781625,-0.054,100.00099182128906
13:13:20.084375,-0.26643,37.443346577781625,-0.054,100.00099182128906
13:13:20.089399,-0.26643,37.443346577781625,-0.054,100.00099182128906
13:13:20.094519,-0.26643,37.443346577781625,-0.054,100.00099182128906
13:13:20.099408,-0.26643,37.443346577781625,-0.054,100.00099182128906
13:13:20.104344,-0.26643,37.443346577781625,-0.054,100.00099182128906
13:13:20.109604,-0.26429,37.443346577781625,0.054,99.99893188476562
13:13:20.114310,-0.26429,37.54196413149256,0.054,99.99893188476562
13:13:20.119423,-0.26429,37.54196413149256,0.054,99.99893188476562
13:13:20.124362,-0.26429,37.54196413149256,0.054,99.99893188476562
13:13:20.129302,-0.26429,37.54196413149256,0.054,99.99893188476562
13:13:20.134372,-0.26429,37.54196413149256,0.054,99.99893188476562
13:13:20.139398,-0.26429,37.54196413149256,0.054,99.99893188476562
13:13:20.144341,-0.26429,37.56935365785975,0.03,100.00579833984376
13:13:20.149411,-0.26429,37.56935365785975,0.03,100.00579833984376
13:13:20.154490,-0.26429,37.56935365785975,0.03,100.00579833984376
13:13:20.159697,-0.26429,37.56935365785975,0.03,100.00579833984376
13:13:20.164405,-0.26429,37.56935365785975,0.03,100.00579833984376
13:13:20.169391,-0.26429,37.56935365785975,0.03,100.00579833984376
13:13:20.174442,-0.26429,37.56935365785975,0.03,100.00579833984376
13:13:20.179378,-0.26429,37.514574605125375,-0.108,100.00099182128906
13:13:20.184417,-0.26429,37.514574605125375,-0.108,100.00099182128906
13:13:20.189429,-0.26429,37.514574605125375,-0.108,100.00099182128906
13:13:20.194433,-0.26429,37.514574605125375,-0.108,100.00099182128906
13:13:20.199420,-0.26429,37.514574605125375,-0.108,100.00099182128906
13:13:20.204419,-0.26429,37.514574605125375,-0.108,100.00099182128906
13:13:20.209339,-0.27178,37.514574605125375,0.054,100.00099182128906
13:13:20.214338,-0.27178,37.514574605125375,0.054,100.00099182128906
13:13:20.219396,-0.27178,37.514574605125375,0.054,100.00099182128906
13:13:20.224422,-0.27178,37.514574605125375,0.054,100.00099182128906
13:13:20.229384,-0.27178,37.514574605125375,0.054,100.00099182128906
13:13:20.234389,-0.27178,37.514574605125375,0.054,100.00099182128906
13:13:20.240108,-0.2953199999999999,37.53100832094569,-0.162,99.99893188476562
13:13:20.244402,-0.2953199999999999,37.53100832094569,-0.162,99.99893188476562
13:13:20.249405,-0.2953199999999999,37.53100832094569,-0.162,99.99893188476562
13:13:20.254556,-0.2953199999999999,37.53100832094569,-0.162,99.99893188476562
13:13:20.259421,-0.2953199999999999,37.53100832094569,-0.162,99.99893188476562
13:13:20.264415,-0.2953199999999999,37.53100832094569,-0.162,99.99893188476562
13:13:20.269424,-0.2953199999999999,37.53100832094569,-0.162,99.99893188476562
13:13:20.274386,-0.33384,37.63510377993006,-0.03,99.9982452392578
13:13:20.279383,-0.33384,37.63510377993006,-0.03,99.9982452392578
13:13:20.284427,-0.33384,37.63510377993006,-0.03,99.9982452392578
13:13:20.289419,-0.33384,37.63510377993006,-0.03,99.9982452392578
13:13:20.294448,-0.33384,37.63510377993006,-0.03,99.9982452392578
13:13:20.299406,-0.33384,37.63510377993006,-0.03,99.9982452392578
13:13:20.304325,-0.33384,37.63510377993006,-0.03,99.9982452392578
13:13:20.309401,-0.3852,37.89262636293788,-0.7679999999999999,99.98794555664062
13:13:20.314485,-0.3852,37.89262636293788,-0.7679999999999999,99.98794555664062
13:13:20.319434,-0.3852,37.89262636293788,-0.7679999999999999,99.98794555664062
13:13:20.324599,-0.3852,37.89262636293788,-0.7679999999999999,99.98794555664062
13:13:20.329410,-0.3852,37.89262636293788,-0.7679999999999999,99.98794555664062
13:13:20.334597,-0.3852,37.89262636293788,-0.7679999999999999,99.98794555664062
13:13:20.339393,-0.42586,38.85144289125819,-1.758,99.9591064453125
13:13:20.344313,-0.42586,38.85144289125819,-1.758,99.9591064453125
13:13:20.349399,-0.42586,38.85144289125819,-1.758,99.9591064453125
13:13:20.354117,-0.42586,38.85144289125819,-1.758,99.9591064453125
13:13:20.359065,-0.42586,38.85144289125819,-1.758,99.9591064453125
13:13:20.364063,-0.42586,38.85144289125819,-1.758,99.9591064453125
13:13:20.369293,-0.42586,38.85144289125819,-1.758,99.9591064453125
13:13:20.374139,-0.4387,39.333605366844125,-3.732,99.87533569335938
13:13:20.379070,-0.4387,39.333605366844125,-3.732,99.87533569335938
13:13:20.384090,-0.4387,39.333605366844125,-3.732,99.87533569335938
13:13:20.389058,-0.4387,39.333605366844125,-3.732,99.87533569335938
13:13:20.394069,-0.4387,39.333605366844125,-3.732,99.87533569335938
13:13:20.399116,-0.4387,39.333605366844125,-3.732,99.87533569335938
13:13:20.404400,-0.42693,39.14731081118006,-5.735999999999999,99.71054077148438
13:13:20.409447,-0.42693,39.14731081118006,-5.735999999999999,99.71054077148438
13:13:20.414225,-0.42693,39.14731081118006,-5.735999999999999,99.71054077148438
13:13:20.419097,-0.42693,39.14731081118006,-5.735999999999999,99.71054077148438
13:13:20.424064,-0.42693,39.14731081118006,-5.735999999999999,99.71054077148438
13:13:20.429045,-0.42693,39.14731081118006,-5.735999999999999,99.71054077148438
13:13:20.434180,-0.41837,38.27615602602381,-6.510000000000001,99.51210021972656
13:13:20.439067,-0.41837,38.27615602602381,-6.510000000000001,99.51210021972656
13:13:20.444107,-0.41837,38.27615602602381,-6.510000000000001,99.51210021972656
13:13:20.449072,-0.41837,38.27615602602381,-6.510000000000001,99.51210021972656
13:13:20.454082,-0.41837,38.27615602602381,-6.510000000000001,99.51210021972656
13:13:20.459072,-0.41837,38.27615602602381,-6.510000000000001,99.51210021972656
13:13:20.464112,-0.41837,38.27615602602381,-6.510000000000001,99.51210021972656
13:13:20.469376,-0.42372,38.31997926821131,-7.608000000000001,99.2827606201172
13:13:20.474416,-0.42372,38.31997926821131,-7.608000000000001,99.2827606201172
13:13:20.479410,-0.42372,38.31997926821131,-7.608000000000001,99.2827606201172
13:13:20.484111,-0.42372,38.31997926821131,-7.608000000000001,99.2827606201172
13:13:20.489245,-0.42372,38.31997926821131,-7.608000000000001,99.2827606201172
13:13:20.494114,-0.42372,38.31997926821131,-7.608000000000001,99.2827606201172
13:13:20.499104,-0.40339,38.435045796531625,-8.514000000000001,99.02183532714844
13:13:20.504096,-0.40339,38.435045796531625,-8.514000000000001,99.02183532714844
13:13:20.509071,-0.40339,38.435045796531625,-8.514000000000001,99.02183532714844
13:13:20.514083,-0.40339,38.435045796531625,-8.514000000000001,99.02183532714844
13:13:20.519114,-0.40339,38.435045796531625,-8.514000000000001,99.02183532714844
13:13:20.524124,-0.40339,38.435045796531625,-8.514000000000001,99.02183532714844
13:13:20.529110,-0.40339,38.435045796531625,-8.514000000000001,99.02183532714844
13:13:20.534113,-0.4066,38.16656740297694,-9.198,98.74099731445312
13:13:20.539052,-0.4066,38.16656740297694,-9.198,98.74099731445312
13:13:20.544046,-0.4066,38.16656740297694,-9.198,98.74099731445312
13:13:20.549182,-0.4066,38.16656740297694,-9.198,98.74099731445312
13:13:20.554091,-0.4066,38.16656740297694,-9.198,98.74099731445312
13:13:20.559070,-0.4066,38.16656740297694,-9.198,98.74099731445312
13:13:20.564041,-0.40125,37.88714845766444,-9.636,98.41964721679688
13:13:20.569061,-0.40125,37.88714845766444,-9.636,98.41964721679688
13:13:20.574117,-0.40125,37.88714845766444,-9.636,98.41964721679688
13:13:20.579062,-0.40125,37.88714845766444,-9.636,98.41964721679688
13:13:20.584070,-0.40125,37.88714845766444,-9.636,98.41964721679688
13:13:20.589070,-0.40125,37.88714845766444,-9.636,98.41964721679688
13:13:20.594359,-0.40125,37.88714845766444,-9.636,98.41964721679688
13:13:20.599089,-0.41409,38.12822206606288,-9.912,98.1072235107422
13:13:20.604063,-0.41409,38.12822206606288,-9.912,98.1072235107422
13:13:20.609061,-0.41409,38.12822206606288,-9.912,98.1072235107422
13:13:20.614088,-0.41409,38.12822206606288,-9.912,98.1072235107422
13:13:20.619071,-0.41409,38.12822206606288,-9.912,98.1072235107422
13:13:20.624059,-0.41409,38.12822206606288,-9.912,98.1072235107422
13:13:20.629138,-0.43335,39.03225954164881,-10.488,97.76870727539062
13:13:20.634068,-0.43335,39.03225954164881,-10.488,97.76870727539062
13:13:20.639065,-0.43335,39.03225954164881,-10.488,97.76870727539062
13:13:20.644038,-0.43335,39.03225954164881,-10.488,97.76870727539062
13:13:20.649152,-0.43335,39.03225954164881,-10.488,97.76870727539062
13:13:20.654053,-0.43335,39.03225954164881,-10.488,97.76870727539062
13:13:20.659113,-0.43335,39.03225954164881,-10.488,97.76870727539062
13:13:20.664045,-0.42907,38.977465230125375,-12.354,97.39585876464844
13:13:20.669059,-0.42907,38.977465230125375,-12.354,97.39585876464844
13:13:20.674065,-0.42907,38.977465230125375,-12.354,97.39585876464844
13:13:20.679137,-0.42907,38.977465230125375,-12.354,97.39585876464844
13:13:20.684091,-0.42907,38.977465230125375,-12.354,97.39585876464844
13:13:20.689071,-0.42907,38.977465230125375,-12.354,97.39585876464844
13:13:20.694105,-0.42693,39.04321535219569,-13.836,96.96189880371094
13:13:20.699067,-0.42693,39.04321535219569,-13.836,96.96189880371094
13:13:20.704052,-0.42693,39.04321535219569,-13.836,96.96189880371094
13:13:20.709060,-0.42693,39.04321535219569,-13.836,96.96189880371094
13:13:20.714086,-0.42693,39.04321535219569,-13.836,96.96189880371094
13:13:20.719067,-0.42693,39.04321535219569,-13.836,96.96189880371094
13:13:20.724798,-0.42586,38.254229146141,-14.604,96.5203857421875
13:13:20.729336,-0.42586,38.254229146141,-14.604,96.5203857421875
13:13:20.734416,-0.42586,38.254229146141,-14.604,96.5203857421875
13:13:20.739284,-0.42586,38.254229146141,-14.604,96.5203857421875
13:13:20.744097,-0.42586,38.254229146141,-14.604,96.5203857421875
13:13:20.749046,-0.42586,38.254229146141,-14.604,96.5203857421875
13:13:20.754148,-0.42586,38.254229146141,-14.604,96.5203857421875
13:13:20.759039,-0.43335,38.80214174379725,-15.186,96.03561401367188
13:13:20.764059,-0.43335,38.80214174379725,-15.186,96.03561401367188
13:13:20.769063,-0.43335,38.80214174379725,-15.186,96.03561401367188
13:13:20.774059,-0.43335,38.80214174379725,-15.186,96.03561401367188
13:13:20.779060,-0.43335,38.80214174379725,-15.186,96.03561401367188
13:13:20.784090,-0.43335,38.80214174379725,-15.186,96.03561401367188
13:13:20.789097,-0.43335,38.80214174379725,-15.186,96.03561401367188
13:13:20.794050,-0.43549,38.87335451235194,-16.2,95.51101684570312
13:13:20.799441,-0.43549,38.87335451235194,-16.2,95.51101684570312
13:13:20.804344,-0.43549,38.87335451235194,-16.2,95.51101684570312
13:13:20.809309,-0.43549,38.87335451235194,-16.2,95.51101684570312
13:13:20.814336,-0.43549,38.87335451235194,-16.2,95.51101684570312
13:13:20.819420,-0.43549,38.87335451235194,-16.2,95.51101684570312
13:13:20.824317,-0.41944,38.89528139223475,-17.076,94.94728088378906
13:13:20.829240,-0.41944,38.89528139223475,-17.076,94.94728088378906
13:13:20.834220,-0.41944,38.89528139223475,-17.076,94.94728088378906
13:13:20.839192,-0.41944,38.89528139223475,-17.076,94.94728088378906
13:13:20.844206,-0.41944,38.89528139223475,-17.076,94.94728088378906
13:13:20.849176,-0.41944,38.89528139223475,-17.076,94.94728088378906
13:13:20.854068,-0.43977,38.33093507875819,-17.789999999999996,94.36569213867188
13:13:20.859081,-0.43977,38.33093507875819,-17.789999999999996,94.36569213867188
13:13:20.864047,-0.43977,38.33093507875819,-17.789999999999996,94.36569213867188
13:13:20.869033,-0.43977,38.33093507875819,-17.789999999999996,94.36569213867188
13:13:20.874048,-0.43977,38.33093507875819,-17.789999999999996,94.36569213867188
13:13:20.879038,-0.43977,38.33093507875819,-17.789999999999996,94.36569213867188
13:13:20.884098,-0.43977,38.33093507875819,-17.789999999999996,94.36569213867188
13:13:20.889174,-0.44084,38.977465230125375,-18.81,93.76556396484376
13:13:20.894071,-0.44084,38.977465230125375,-18.81,93.76556396484376
13:13:20.899093,-0.44084,38.977465230125375,-18.81,93.76556396484376
13:13:20.904108,-0.44084,38.977465230125375,-18.81,93.76556396484376
13:13:20.909109,-0.44084,38.977465230125375,-18.81,93.76556396484376
13:13:20.914117,-0.44084,38.977465230125375,-18.81,93.76556396484376
13:13:20.920152,-0.42693,39.12539919008631,-20.154,93.153076171875
13:13:20.924345,-0.42693,39.12539919008631,-20.154,93.153076171875
13:13:20.929384,-0.42693,39.12539919008631,-20.154,93.153076171875
13:13:20.934432,-0.42693,39.12539919008631,-20.154,93.153076171875
13:13:20.939445,-0.42693,39.12539919008631,-20.154,93.153076171875
13:13:20.944328,-0.42693,39.12539919008631,-20.154,93.153076171875
13:13:20.949102,-0.42693,39.12539919008631,-20.154,93.153076171875
13:13:20.954088,-0.43549,39.1034723102035,-21.222,92.4774169921875
13:13:20.959139,-0.43549,39.1034723102035,-21.222,92.4774169921875
13:13:20.964056,-0.43549,39.1034723102035,-21.222,92.4774169921875
13:13:20.969174,-0.43549,39.1034723102035,-21.222,92.4774169921875
13:13:20.974054,-0.43549,39.1034723102035,-21.222,92.4774169921875
13:13:20.979072,-0.43549,39.1034723102035,-21.222,92.4774169921875
13:13:20.984131,-0.43549,39.1034723102035,-21.222,92.4774169921875
13:13:20.989048,-0.43442,38.78021486391444,-22.212,91.76536560058594
13:13:20.994102,-0.43442,38.78021486391444,-22.212,91.76536560058594
13:13:20.999061,-0.43442,38.78021486391444,-22.212,91.76536560058594
13:13:21.004146,-0.43442,38.78021486391444,-22.212,91.76536560058594
13:13:21.009097,-0.43442,38.78021486391444,-22.212,91.76536560058594
13:13:21.014088,-0.43442,38.78021486391444,-22.212,91.76536560058594
13:13:21.019096,-0.42907,38.99389894594569,-22.626,91.03683471679688
13:13:21.024112,-0.42907,38.99389894594569,-22.626,91.03683471679688
13:13:21.029065,-0.42907,38.99389894594569,-22.626,91.03683471679688
13:13:21.034060,-0.42907,38.99389894594569,-22.626,91.03683471679688
13:13:21.039104,-0.42907,38.99389894594569,-22.626,91.03683471679688
13:13:21.044061,-0.42907,38.99389894594569,-22.626,91.03683471679688
13:13:21.049222,-0.42907,38.99389894594569,-22.626,91.03683471679688
13:13:21.054043,-0.44833,39.22401674379725,-24.384,90.26641845703124
13:13:21.059044,-0.44833,39.22401674379725,-24.384,90.26641845703124
13:13:21.064062,-0.44833,39.22401674379725,-24.384,90.26641845703124
13:13:21.069055,-0.44833,39.22401674379725,-24.384,90.26641845703124
13:13:21.074028,-0.44833,39.22401674379725,-24.384,90.26641845703124
13:13:21.079065,-0.44833,39.22401674379725,-24.384,90.26641845703124
13:13:21.084087,-0.42907,39.284288960594125,-25.368,89.44450378417969
13:13:21.089055,-0.42907,39.284288960594125,-25.368,89.44450378417969
13:13:21.094055,-0.42907,39.284288960594125,-25.368,89.44450378417969
13:13:21.099067,-0.42907,39.284288960594125,-25.368,89.44450378417969
13:13:21.104085,-0.42907,39.284288960594125,-25.368,89.44450378417969
13:13:21.109067,-0.42907,39.284288960594125,-25.368,89.44450378417969
13:13:21.114128,-0.42907,39.284288960594125,-25.368,89.44450378417969
13:13:21.119060,-0.45689,39.245928364891,-24.96,88.63151550292969
13:13:21.124051,-0.45689,39.245928364891,-24.96,88.63151550292969
13:13:21.129058,-0.45689,39.245928364891,-24.96,88.63151550292969
13:13:21.134069,-0.45689,39.245928364891,-24.96,88.63151550292969
13:13:21.139061,-0.45689,39.245928364891,-24.96,88.63151550292969
13:13:21.144082,-0.45689,39.245928364891,-24.96,88.63151550292969
13:13:21.149063,-0.43121,38.588457661766,-27.21,87.7642822265625
13:13:21.154092,-0.43121,38.588457661766,-27.21,87.7642822265625
13:13:21.159069,-0.43121,38.588457661766,-27.21,87.7642822265625
13:13:21.164402,-0.43121,38.588457661766,-27.21,87.7642822265625
13:13:21.169365,-0.43121,38.588457661766,-27.21,87.7642822265625
13:13:21.174375,-0.43121,38.588457661766,-27.21,87.7642822265625
13:13:21.179408,-0.43121,38.588457661766,-27.21,87.7642822265625
13:13:21.184350,-0.44619,39.02128847231288,-27.624,86.84005737304688
13:13:21.189412,-0.44619,39.02128847231288,-27.624,86.84005737304688
13:13:21.194247,-0.44619,39.02128847231288,-27.624,86.84005737304688
13:13:21.199439,-0.44619,39.02128847231288,-27.624,86.84005737304688
13:13:21.204428,-0.44619,39.02128847231288,-27.624,86.84005737304688
13:13:21.209444,-0.44619,39.02128847231288,-27.624,86.84005737304688
13:13:21.214179,-0.43228,38.19945009340663,-29.868,85.9515380859375
13:13:21.219065,-0.43228,38.19945009340663,-29.868,85.9515380859375
13:13:21.224066,-0.43228,38.19945009340663,-29.868,85.9515380859375
13:13:21.229096,-0.43228,38.19945009340663,-29.868,85.9515380859375
13:13:21.234109,-0.43228,38.19945009340663,-29.868,85.9515380859375
13:13:21.239058,-0.43228,38.19945009340663,-29.868,85.9515380859375
13:13:21.244058,-0.43228,38.19945009340663,-29.868,85.9515380859375
13:13:21.249086,-0.45154,38.87335451235194,-29.406,85.02662658691406
13:13:21.254073,-0.45154,38.87335451235194,-29.406,85.02662658691406
13:13:21.259184,-0.45154,38.87335451235194,-29.406,85.02662658691406
13:13:21.264090,-0.45154,38.87335451235194,-29.406,85.02662658691406
13:13:21.269065,-0.45154,38.87335451235194,-29.406,85.02662658691406
13:13:21.274083,-0.45154,38.87335451235194,-29.406,85.02662658691406
13:13:21.279117,-0.41195,37.84330995668788,-30.012,84.04060363769531
13:13:21.284108,-0.41195,37.84330995668788,-30.012,84.04060363769531
13:13:21.289047,-0.41195,37.84330995668788,-30.012,84.04060363769531
13:13:21.294091,-0.41195,37.84330995668788,-30.012,84.04060363769531
13:13:21.299072,-0.41195,37.84330995668788,-30.012,84.04060363769531
13:13:21.304072,-0.41195,37.84330995668788,-30.012,84.04060363769531
13:13:21.309445,-0.41195,37.84330995668788,-30.012,84.04060363769531
13:13:21.314233,-0.43014,38.32545717348475,-29.346000000000004,83.05252075195312
13:13:21.319150,-0.43014,38.32545717348475,-29.346000000000004,83.05252075195312
13:13:21.324052,-0.43014,38.32545717348475,-29.346000000000004,83.05252075195312
13:13:21.329092,-0.43014,38.32545717348475,-29.346000000000004,83.05252075195312
13:13:21.334085,-0.43014,38.32545717348475,-29.346000000000004,83.05252075195312
13:13:21.339085,-0.43014,38.32545717348475,-29.346000000000004,83.05252075195312
13:13:21.344833,-0.42479,37.67894228090663,-29.712000000000003,82.09190368652344
13:13:21.349275,-0.42479,37.67894228090663,-29.712000000000003,82.09190368652344
13:13:21.354266,-0.42479,37.67894228090663,-29.712000000000003,82.09190368652344
13:13:21.359226,-0.42479,37.67894228090663,-29.712000000000003,82.09190368652344
13:13:21.364061,-0.42479,37.67894228090663,-29.712000000000003,82.09190368652344
13:13:21.369054,-0.42479,37.67894228090663,-29.712000000000003,82.09190368652344
13:13:21.374088,-0.42479,37.67894228090663,-29.712000000000003,82.09190368652344
13:13:21.379068,-0.43014,38.36929567446131,-29.982,81.15325927734375
13:13:21.384071,-0.43014,38.36929567446131,-29.982,81.15325927734375
13:13:21.389057,-0.43014,38.36929567446131,-29.982,81.15325927734375
13:13:21.394066,-0.43014,38.36929567446131,-29.982,81.15325927734375
13:13:21.399061,-0.43014,38.36929567446131,-29.982,81.15325927734375
13:13:21.404082,-0.43014,38.36929567446131,-29.982,81.15325927734375
13:13:21.409445,-0.43014,38.36929567446131,-29.982,81.15325927734375
13:13:21.414041,-0.41516,37.63510377993006,-30.672,80.12741088867188
13:13:21.419053,-0.41516,37.63510377993006,-30.672,80.12741088867188
13:13:21.424090,-0.41516,37.63510377993006,-30.672,80.12741088867188
13:13:21.429063,-0.41516,37.63510377993006,-30.672,80.12741088867188
13:13:21.434094,-0.41516,37.63510377993006,-30.672,80.12741088867188
13:13:21.439027,-0.41516,37.63510377993006,-30.672,80.12741088867188
13:13:21.444023,-0.43228,38.36381776918788,-30.341999999999995,79.17572021484375
13:13:21.449022,-0.43228,38.36381776918788,-30.341999999999995,79.17572021484375
13:13:21.454027,-0.43228,38.36381776918788,-30.341999999999995,79.17572021484375
13:13:21.459108,-0.43228,38.36381776918788,-30.341999999999995,79.17572021484375
13:13:21.464029,-0.43228,38.36381776918788,-30.341999999999995,79.17572021484375
13:13:21.469039,-0.43228,38.36381776918788,-30.341999999999995,79.17572021484375
13:13:21.474150,-0.43228,38.36381776918788,-30.341999999999995,79.17572021484375
13:13:21.479253,-0.42907,37.54196413149256,-29.85,78.22471618652344
13:13:21.484169,-0.42907,37.54196413149256,-29.85,78.22471618652344
13:13:21.489161,-0.42907,37.54196413149256,-29.85,78.22471618652344
13:13:21.494221,-0.42907,37.54196413149256,-29.85,78.22471618652344
13:13:21.499292,-0.42907,37.54196413149256,-29.85,78.22471618652344
13:13:21.504395,-0.42907,37.54196413149256,-29.85,78.22471618652344
13:13:21.509395,-0.4173,37.67346437563319,-29.958,77.22427368164062
13:13:21.514415,-0.4173,37.67346437563319,-29.958,77.22427368164062
13:13:21.519418,-0.4173,37.67346437563319,-29.958,77.22427368164062
13:13:21.524447,-0.4173,37.67346437563319,-29.958,77.22427368164062
13:13:21.529376,-0.4173,37.67346437563319,-29.958,77.22427368164062
13:13:21.534301,-0.4173,37.67346437563319,-29.958,77.22427368164062
13:13:21.539207,-0.4173,37.67346437563319,-29.958,77.22427368164062
13:13:21.544284,-0.41837,37.18582399477381,-29.952,76.25198364257812
13:13:21.549422,-0.41837,37.18582399477381,-29.952,76.25198364257812
13:13:21.554349,-0.41837,37.18582399477381,-29.952,76.25198364257812
13:13:21.559307,-0.41837,37.18582399477381,-29.952,76.25198364257812
13:13:21.564315,-0.41837,37.18582399477381,-29.952,76.25198364257812
13:13:21.569312,-0.41837,37.18582399477381,-29.952,76.25198364257812
13:13:21.574402,-0.42372,37.13104494203944,-29.736,75.25772094726562
13:13:21.579272,-0.42372,37.13104494203944,-29.736,75.25772094726562
13:13:21.584052,-0.42372,37.13104494203944,-29.736,75.25772094726562
13:13:21.589065,-0.42372,37.13104494203944,-29.736,75.25772094726562
13:13:21.594044,-0.42372,37.13104494203944,-29.736,75.25772094726562
13:13:21.599058,-0.42372,37.13104494203944,-29.736,75.25772094726562
13:13:21.604085,-0.42372,37.13104494203944,-29.736,75.25772094726562
13:13:21.609064,-0.41944,37.08172853578944,-29.952,74.29985046386719
13:13:21.614052,-0.41944,37.08172853578944,-29.952,74.29985046386719
13:13:21.619057,-0.41944,37.08172853578944,-29.952,74.29985046386719
13:13:21.624072,-0.41944,37.08172853578944,-29.952,74.29985046386719
13:13:21.629064,-0.41944,37.08172853578944,-29.952,74.29985046386719
13:13:21.634065,-0.41944,37.08172853578944,-29.952,74.29985046386719
13:13:21.639405,-0.41837,37.03789003481288,-30.012,73.31039428710938
13:13:21.644296,-0.41837,37.03789003481288,-30.012,73.31039428710938
13:13:21.649101,-0.41837,37.03789003481288,-30.012,73.31039428710938
13:13:21.654104,-0.41837,37.03789003481288,-30.012,73.31039428710938
13:13:21.659064,-0.41837,37.03789003481288,-30.012,73.31039428710938
13:13:21.664236,-0.41837,37.03789003481288,-30.012,73.31039428710938
13:13:21.669242,-0.41837,37.03789003481288,-30.012,73.31039428710938
13:13:21.674066,-0.41088,36.758471089500375,-30.012,72.36007690429688
13:13:21.679056,-0.41088,36.758471089500375,-30.012,72.36007690429688
13:13:21.684091,-0.41088,36.758471089500375,-30.012,72.36007690429688
13:13:21.689083,-0.41088,36.758471089500375,-30.012,72.36007690429688
13:13:21.694117,-0.41088,36.758471089500375,-30.012,72.36007690429688
13:13:21.699105,-0.41088,36.758471089500375,-30.012,72.36007690429688
13:13:21.704450,-0.41409,36.09550722231288,-30.15,71.38641357421875
13:13:21.709403,-0.41409,36.09550722231288,-30.15,71.38641357421875
13:13:21.714408,-0.41409,36.09550722231288,-30.15,71.38641357421875
13:13:21.719395,-0.41409,36.09550722231288,-30.15,71.38641357421875
13:13:21.724451,-0.41409,36.09550722231288,-30.15,71.38641357421875
13:13:21.729374,-0.41409,36.09550722231288,-30.15,71.38641357421875
13:13:21.734459,-0.41088,36.09550722231288,-29.844000000000005,70.42922973632812
13:13:21.739347,-0.41088,36.68724306215663,-29.844000000000005,70.42922973632812
13:13:21.744371,-0.41088,36.68724306215663,-29.844000000000005,70.42922973632812
13:13:21.749316,-0.41088,36.68724306215663,-29.844000000000005,70.42922973632812
13:13:21.754242,-0.41088,36.68724306215663,-29.844000000000005,70.42922973632812
13:13:21.759173,-0.41088,36.68724306215663,-29.844000000000005,70.42922973632812
13:13:21.764296,-0.41088,36.68724306215663,-29.844000000000005,70.42922973632812
13:13:21.769317,-0.40125,35.77224977602381,-30.341999999999995,69.43359375
13:13:21.774293,-0.40125,35.77224977602381,-30.341999999999995,69.43359375
13:13:21.779370,-0.40125,35.77224977602381,-30.341999999999995,69.43359375
13:13:21.784326,-0.40125,35.77224977602381,-30.341999999999995,69.43359375
13:13:21.789334,-0.40125,35.77224977602381,-30.341999999999995,69.43359375
13:13:21.794365,-0.40125,35.77224977602381,-30.341999999999995,69.43359375
13:13:21.799268,-0.41623,36.473558980125375,-30.341999999999995,68.49838256835938
13:13:21.804278,-0.41623,36.473558980125375,-30.341999999999995,68.49838256835938
13:13:21.809334,-0.41623,36.473558980125375,-30.341999999999995,68.49838256835938
13:13:21.814343,-0.41623,36.473558980125375,-30.341999999999995,68.49838256835938
13:13:21.819389,-0.41623,36.473558980125375,-30.341999999999995,68.49838256835938
13:13:21.824338,-0.41623,36.473558980125375,-30.341999999999995,68.49838256835938
13:13:21.829364,-0.41623,36.473558980125375,-30.341999999999995,68.49838256835938
13:13:21.834281,-0.39376,35.5202203570785,-30.918000000000003,67.53433227539062
13:13:21.839183,-0.39376,35.5202203570785,-30.918000000000003,67.53433227539062
13:13:21.844083,-0.39376,35.5202203570785,-30.918000000000003,67.53433227539062
13:13:21.849066,-0.39376,35.5202203570785,-30.918000000000003,67.53433227539062
13:13:21.854089,-0.39376,35.5202203570785,-30.918000000000003,67.53433227539062
13:13:21.859071,-0.39376,35.5202203570785,-30.918000000000003,67.53433227539062
13:13:21.865510,-0.40446,35.788683491844125,-29.928,66.53182983398438
13:13:21.869143,-0.40446,35.788683491844125,-29.928,66.53182983398438
13:13:21.874088,-0.40446,35.788683491844125,-29.928,66.53182983398438
13:13:21.879012,-0.40446,35.788683491844125,-29.928,66.53182983398438
13:13:21.884028,-0.40446,35.788683491844125,-29.928,66.53182983398438
13:13:21.889029,-0.40446,35.788683491844125,-29.928,66.53182983398438
13:13:21.894049,-0.40446,35.788683491844125,-29.928,66.53182983398438
13:13:21.899093,-0.38841,34.85177858461756,-29.982,65.54924011230469
13:13:21.904102,-0.38841,34.85177858461756,-29.982,65.54924011230469
13:13:21.909090,-0.38841,34.85177858461756,-29.982,65.54924011230469
13:13:21.914072,-0.38841,34.85177858461756,-29.982,65.54924011230469
13:13:21.919118,-0.38841,34.85177858461756,-29.982,65.54924011230469
13:13:21.924103,-0.38841,34.85177858461756,-29.982,65.54924011230469
13:13:21.929127,-0.41088,35.49829347719569,-30.174000000000003,64.58038330078125
13:13:21.934057,-0.41088,35.49829347719569,-30.174000000000003,64.58038330078125
13:13:21.939058,-0.41088,35.49829347719569,-30.174000000000003,64.58038330078125
13:13:21.944066,-0.41088,35.49829347719569,-30.174000000000003,64.58038330078125
13:13:21.949083,-0.41088,35.49829347719569,-30.174000000000003,64.58038330078125
13:13:21.954067,-0.41088,35.49829347719569,-30.174000000000003,64.58038330078125
13:13:21.959180,-0.41088,35.49829347719569,-30.174000000000003,64.58038330078125
13:13:21.964063,-0.39055,34.41345461000819,-30.750000000000004,63.62594604492188
13:13:21.969051,-0.39055,34.41345461000819,-30.750000000000004,63.62594604492188
13:13:21.974060,-0.39055,34.41345461000819,-30.750000000000004,63.62594604492188
13:13:21.979086,-0.39055,34.41345461000819,-30.750000000000004,63.62594604492188
13:13:21.984073,-0.39055,34.41345461000819,-30.750000000000004,63.62594604492188
13:13:21.989081,-0.39055,34.41345461000819,-30.750000000000004,63.62594604492188
13:13:21.994695,-0.39269,34.9503961383285,-30.006,62.669448852539055
13:13:21.999294,-0.39269,34.9503961383285,-30.006,62.669448852539055
13:13:22.004272,-0.39269,34.9503961383285,-30.006,62.669448852539055
13:13:22.009121,-0.39269,34.9503961383285,-30.006,62.669448852539055
13:13:22.014090,-0.39269,34.9503961383285,-30.006,62.669448852539055
13:13:22.019070,-0.39269,34.9503961383285,-30.006,62.669448852539055
13:13:22.024406,-0.39269,34.9503961383285,-30.006,62.669448852539055
13:13:22.029350,-0.39804,33.997057515281625,-29.79,61.71020507812499
13:13:22.034298,-0.39804,33.997057515281625,-29.79,61.71020507812499
13:13:22.039201,-0.39804,33.997057515281625,-29.79,61.71020507812499
13:13:22.044398,-0.39804,33.997057515281625,-29.79,61.71020507812499
13:13:22.049411,-0.39804,33.997057515281625,-29.79,61.71020507812499
13:13:22.054288,-0.39804,33.997057515281625,-29.79,61.71020507812499
13:13:22.059264,-0.38092,33.95321901430506,-29.844000000000005,60.72624206542969
13:13:22.064152,-0.38092,33.95321901430506,-29.844000000000005,60.72624206542969
13:13:22.069144,-0.38092,33.95321901430506,-29.844000000000005,60.72624206542969
13:13:22.074139,-0.38092,33.95321901430506,-29.844000000000005,60.72624206542969
13:13:22.079248,-0.38092,33.95321901430506,-29.844000000000005,60.72624206542969
13:13:22.084279,-0.38092,33.95321901430506,-29.844000000000005,60.72624206542969
13:13:22.089648,-0.38092,33.95321901430506,-29.844000000000005,60.72624206542969
13:13:22.094358,-0.3841299999999999,33.580645161766,-30.12,59.74845886230469
13:13:22.099328,-0.3841299999999999,33.580645161766,-30.12,59.74845886230469
13:13:22.104259,-0.3841299999999999,33.580645161766,-30.12,59.74845886230469
13:13:22.109301,-0.3841299999999999,33.580645161766,-30.12,59.74845886230469
13:13:22.114395,-0.3841299999999999,33.580645161766,-30.12,59.74845886230469
13:13:22.119404,-0.3841299999999999,33.580645161766,-30.12,59.74845886230469
13:13:22.124381,-0.38199,33.120409566062875,-30.918000000000003,58.79196166992188
13:13:22.129492,-0.38199,33.120409566062875,-30.918000000000003,58.79196166992188
13:13:22.134353,-0.38199,33.120409566062875,-30.918000000000003,58.79196166992188
13:13:22.139423,-0.38199,33.120409566062875,-30.918000000000003,58.79196166992188
13:13:22.144393,-0.38199,33.120409566062875,-30.918000000000003,58.79196166992188
13:13:22.149368,-0.38199,33.120409566062875,-30.918000000000003,58.79196166992188
13:13:22.154842,-0.37664,33.120409566062875,-29.82,57.80731201171875
13:13:22.159304,-0.37664,32.96151979555506,-29.82,57.80731201171875
13:13:22.164366,-0.37664,32.96151979555506,-29.82,57.80731201171875
13:13:22.169336,-0.37664,32.96151979555506,-29.82,57.80731201171875
13:13:22.174343,-0.37664,32.96151979555506,-29.82,57.80731201171875
13:13:22.179393,-0.37664,32.96151979555506,-29.82,57.80731201171875
13:13:22.184375,-0.37664,32.96151979555506,-29.82,57.80731201171875
13:13:22.189283,-0.37236,32.33143861879725,-30.15,56.84051513671875
13:13:22.194376,-0.37236,32.33143861879725,-30.15,56.84051513671875
13:13:22.199383,-0.37236,32.33143861879725,-30.15,56.84051513671875
13:13:22.204414,-0.37236,32.33143861879725,-30.15,56.84051513671875
13:13:22.209300,-0.37236,32.33143861879725,-30.15,56.84051513671875
13:13:22.214373,-0.37236,32.33143861879725,-30.15,56.84051513671875
13:13:22.219273,-0.37236,32.33143861879725,-30.15,56.84051513671875
13:13:22.224288,-0.36273,32.638262349266,-29.652,55.86341857910156
13:13:22.229325,-0.36273,32.638262349266,-29.652,55.86341857910156
13:13:22.234350,-0.36273,32.638262349266,-29.652,55.86341857910156
13:13:22.239359,-0.36273,32.638262349266,-29.652,55.86341857910156
13:13:22.244359,-0.36273,32.638262349266,-29.652,55.86341857910156
13:13:22.249320,-0.36273,32.638262349266,-29.652,55.86341857910156
13:13:22.254288,-0.37129,31.52054079164881,-30.996,54.89387512207031
13:13:22.259222,-0.37129,31.52054079164881,-30.996,54.89387512207031
13:13:22.264242,-0.37129,31.52054079164881,-30.996,54.89387512207031
13:13:22.269084,-0.37129,31.52054079164881,-30.996,54.89387512207031
13:13:22.274065,-0.37129,31.52054079164881,-30.996,54.89387512207031
13:13:22.279091,-0.37129,31.52054079164881,-30.996,54.89387512207031
13:13:22.284204,-0.37129,31.52054079164881,-30.996,54.89387512207031
13:13:22.289470,-0.36487,32.06296022524256,-30.012,53.90098571777344
13:13:22.294512,-0.36487,32.06296022524256,-30.012,53.90098571777344
13:13:22.299552,-0.36487,32.06296022524256,-30.012,53.90098571777344
13:13:22.304522,-0.36487,32.06296022524256,-30.012,53.90098571777344
13:13:22.309538,-0.36487,32.06296022524256,-30.012,53.90098571777344
13:13:22.314445,-0.36487,32.06296022524256,-30.012,53.90098571777344
13:13:22.319442,-0.34882,30.654863911766,-29.682,52.94929504394531
13:13:22.324591,-0.34882,30.654863911766,-29.682,52.94929504394531
13:13:22.329319,-0.34882,30.654863911766,-29.682,52.94929504394531
13:13:22.334319,-0.34882,30.654863911766,-29.682,52.94929504394531
13:13:22.339407,-0.34882,30.654863911766,-29.682,52.94929504394531
13:13:22.344395,-0.34882,30.654863911766,-29.682,52.94929504394531
13:13:22.349805,-0.34989,30.654863911766,-30.12,51.94816589355469
13:13:22.354359,-0.34989,31.20823915590662,-30.12,51.94816589355469
13:13:22.359265,-0.34989,31.20823915590662,-30.12,51.94816589355469
13:13:22.364064,-0.34989,31.20823915590662,-30.12,51.94816589355469
13:13:22.369065,-0.34989,31.20823915590662,-30.12,51.94816589355469
13:13:22.374062,-0.34989,31.20823915590662,-30.12,51.94816589355469
13:13:22.379095,-0.34989,31.20823915590662,-30.12,51.94816589355469
13:13:22.384066,-0.35738,30.20010622133631,-30.282,51.00334167480469
13:13:22.389052,-0.35738,30.20010622133631,-30.282,51.00334167480469
13:13:22.394059,-0.35738,30.20010622133631,-30.282,51.00334167480469
13:13:22.399066,-0.35738,30.20010622133631,-30.282,51.00334167480469
13:13:22.404083,-0.35738,30.20010622133631,-30.282,51.00334167480469
13:13:22.409087,-0.35738,30.20010622133631,-30.282,51.00334167480469
13:13:22.414709,-0.34775,30.20010622133631,-30.204,50.008392333984375
13:13:22.419056,-0.34775,30.682253438133184,-30.204,50.008392333984375
13:13:22.424053,-0.34775,30.682253438133184,-30.204,50.008392333984375
13:13:22.429083,-0.34775,30.682253438133184,-30.204,50.008392333984375
13:13:22.434102,-0.34775,30.682253438133184,-30.204,50.008392333984375
13:13:22.439086,-0.34775,30.682253438133184,-30.204,50.008392333984375
13:13:22.444051,-0.34775,30.682253438133184,-30.204,50.008392333984375
13:13:22.449049,-0.34561,29.58645876039881,-30.204,49.052581787109375
13:13:22.454053,-0.34561,29.58645876039881,-30.204,49.052581787109375
13:13:22.459167,-0.34561,29.58645876039881,-30.204,49.052581787109375
13:13:22.464058,-0.34561,29.58645876039881,-30.204,49.052581787109375
13:13:22.469088,-0.34561,29.58645876039881,-30.204,49.052581787109375
13:13:22.474083,-0.34561,29.58645876039881,-30.204,49.052581787109375
13:13:22.479576,-0.34561,29.58645876039881,-30.204,49.052581787109375
13:13:22.484092,-0.33919,29.454958516258184,-30.672,48.05488586425781
13:13:22.489107,-0.33919,29.454958516258184,-30.672,48.05488586425781
13:13:22.494061,-0.33919,29.454958516258184,-30.672,48.05488586425781
13:13:22.499087,-0.33919,29.454958516258184,-30.672,48.05488586425781
13:13:22.504071,-0.33919,29.454958516258184,-30.672,48.05488586425781
13:13:22.509059,-0.33919,29.454958516258184,-30.672,48.05488586425781
13:13:22.514071,-0.33277,28.550921040672247,-29.898000000000003,47.10044860839844
13:13:22.519046,-0.33277,28.550921040672247,-29.898000000000003,47.10044860839844
13:13:22.524055,-0.33277,28.550921040672247,-29.898000000000003,47.10044860839844
13:13:22.529056,-0.33277,28.550921040672247,-29.898000000000003,47.10044860839844
13:13:22.534109,-0.33277,28.550921040672247,-29.898000000000003,47.10044860839844
13:13:22.539066,-0.33277,28.550921040672247,-29.898000000000003,47.10044860839844
13:13:22.544061,-0.33277,28.550921040672247,-29.898000000000003,47.10044860839844
13:13:22.549064,-0.32528,28.04686220278162,-30.336,46.11305236816406
13:13:22.554082,-0.32528,28.04686220278162,-30.336,46.11305236816406
13:13:22.559089,-0.32528,28.04686220278162,-30.336,46.11305236816406
13:13:22.564178,-0.32528,28.04686220278162,-30.336,46.11305236816406
13:13:22.569069,-0.32528,28.04686220278162,-30.336,46.11305236816406
13:13:22.574101,-0.32528,28.04686220278162,-30.336,46.11305236816406
13:13:22.579242,-0.33384,28.134523945945684,-30.12,45.142822265625
13:13:22.584058,-0.33384,28.134523945945684,-30.12,45.142822265625
13:13:22.589038,-0.33384,28.134523945945684,-30.12,45.142822265625
13:13:22.594070,-0.33384,28.134523945945684,-30.12,45.142822265625
13:13:22.599071,-0.33384,28.134523945945684,-30.12,45.142822265625
13:13:22.604070,-0.33384,28.134523945945684,-30.12,45.142822265625
13:13:22.609121,-0.33384,28.134523945945684,-30.12,45.142822265625
13:13:22.614473,-0.321,27.29623659243006,-30.42,44.14649963378906
13:13:22.619404,-0.321,27.29623659243006,-30.42,44.14649963378906
13:13:22.624443,-0.321,27.29623659243006,-30.42,44.14649963378906
13:13:22.629415,-0.321,27.29623659243006,-30.42,44.14649963378906
13:13:22.634380,-0.321,27.29623659243006,-30.42,44.14649963378906
13:13:22.639429,-0.321,27.29623659243006,-30.42,44.14649963378906
13:13:22.644262,-0.33491,27.586626607078497,-30.228,43.17970275878906
13:13:22.649310,-0.33491,27.586626607078497,-30.228,43.17970275878906
13:13:22.654232,-0.33491,27.586626607078497,-30.228,43.17970275878906
13:13:22.659164,-0.33491,27.586626607078497,-30.228,43.17970275878906
13:13:22.664058,-0.33491,27.586626607078497,-30.228,43.17970275878906
13:13:22.669044,-0.33491,27.586626607078497,-30.228,43.17970275878906
13:13:22.674064,-0.33491,27.586626607078497,-30.228,43.17970275878906
13:13:22.679037,-0.30388,26.17851503481287,-30.096000000000004,42.1929931640625
13:13:22.684035,-0.30388,26.17851503481287,-30.096000000000004,42.1929931640625
13:13:22.689104,-0.30388,26.17851503481287,-30.096000000000004,42.1929931640625
13:13:22.694072,-0.30388,26.17851503481287,-30.096000000000004,42.1929931640625
13:13:22.699055,-0.30388,26.17851503481287,-30.096000000000004,42.1929931640625
13:13:22.704072,-0.30388,26.17851503481287,-30.096000000000004,42.1929931640625
13:13:22.709096,-0.30602,26.50177248110193,-30.366,41.21040344238281
13:13:22.714060,-0.30602,26.50177248110193,-30.366,41.21040344238281
13:13:22.719246,-0.30602,26.50177248110193,-30.366,41.21040344238281
13:13:22.724106,-0.30602,26.50177248110193,-30.366,41.21040344238281
13:13:22.729439,-0.30602,26.50177248110193,-30.366,41.21040344238281
13:13:22.734385,-0.30602,26.50177248110193,-30.366,41.21040344238281
13:13:22.739471,-0.30602,26.50177248110193,-30.366,41.21040344238281
13:13:22.744232,-0.30388,25.14299257387537,-30.258,40.24566650390625
13:13:22.749094,-0.30388,25.14299257387537,-30.258,40.24566650390625
13:13:22.754524,-0.30388,25.14299257387537,-30.258,40.24566650390625
13:13:22.759147,-0.30388,25.14299257387537,-30.258,40.24566650390625
13:13:22.764054,-0.30388,25.14299257387537,-30.258,40.24566650390625
13:13:22.769094,-0.30388,25.14299257387537,-30.258,40.24566650390625
13:13:22.774046,-0.31565,25.931963521141,-29.982,39.285736083984375
13:13:22.779057,-0.31565,25.931963521141,-29.982,39.285736083984375
13:13:22.784097,-0.31565,25.931963521141,-29.982,39.285736083984375
13:13:22.789066,-0.31565,25.931963521141,-29.982,39.285736083984375
13:13:22.794083,-0.31565,25.931963521141,-29.982,39.285736083984375
13:13:22.799082,-0.31565,25.931963521141,-29.982,39.285736083984375
13:13:22.804088,-0.31565,25.931963521141,-29.982,39.285736083984375
13:13:22.809444,-0.2889,24.704668599266,-30.918000000000003,38.331298828125
13:13:22.814317,-0.2889,24.704668599266,-30.918000000000003,38.331298828125
13:13:22.819324,-0.2889,24.704668599266,-30.918000000000003,38.331298828125
13:13:22.824393,-0.2889,24.704668599266,-30.918000000000003,38.331298828125
13:13:22.829344,-0.2889,24.704668599266,-30.918000000000003,38.331298828125
13:13:22.834419,-0.2889,24.704668599266,-30.918000000000003,38.331298828125
13:13:22.839332,-0.28997,24.797808247703497,-30.648,37.36587524414063
13:13:22.844313,-0.28997,24.797808247703497,-30.648,37.36587524414063
13:13:22.849317,-0.28997,24.797808247703497,-30.648,37.36587524414063
13:13:22.854401,-0.28997,24.797808247703497,-30.648,37.36587524414063
13:13:22.859234,-0.28997,24.797808247703497,-30.648,37.36587524414063
13:13:22.864299,-0.28997,24.797808247703497,-30.648,37.36587524414063
13:13:22.869646,-0.29425,23.51024110903162,-30.396,36.3922119140625
13:13:22.874294,-0.29425,23.51024110903162,-30.396,36.3922119140625
13:13:22.879398,-0.29425,23.51024110903162,-30.396,36.3922119140625
13:13:22.884327,-0.29425,23.51024110903162,-30.396,36.3922119140625
13:13:22.889377,-0.29425,23.51024110903162,-30.396,36.3922119140625
13:13:22.894287,-0.29425,23.51024110903162,-30.396,36.3922119140625
13:13:22.899312,-0.29425,23.51024110903162,-30.396,36.3922119140625
13:13:22.904285,-0.27927,22.85277040590662,-30.42,35.40000915527344
13:13:22.909340,-0.27927,22.85277040590662,-30.42,35.40000915527344
13:13:22.914306,-0.27927,22.85277040590662,-30.42,35.40000915527344
13:13:22.919379,-0.27927,22.85277040590662,-30.42,35.40000915527344
13:13:22.924317,-0.27927,22.85277040590662,-30.42,35.40000915527344
13:13:22.929359,-0.27927,22.85277040590662,-30.42,35.40000915527344
13:13:22.934428,-0.27606,22.370607930320684,-30.726000000000003,34.44488525390625
13:13:22.939332,-0.27606,22.370607930320684,-30.726000000000003,34.44488525390625
13:13:22.944451,-0.27606,22.370607930320684,-30.726000000000003,34.44488525390625
13:13:22.949317,-0.27606,22.370607930320684,-30.726000000000003,34.44488525390625
13:13:22.954322,-0.27606,22.370607930320684,-30.726000000000003,34.44488525390625
13:13:22.959252,-0.27606,22.370607930320684,-30.726000000000003,34.44488525390625
13:13:22.964384,-0.27606,22.370607930320684,-30.726000000000003,34.44488525390625
13:13:22.969463,-0.28141,21.806276875633184,-30.618,33.50761413574219
13:13:22.974399,-0.28141,21.806276875633184,-30.618,33.50761413574219
13:13:22.979432,-0.28141,21.806276875633184,-30.618,33.50761413574219
13:13:22.984346,-0.28141,21.806276875633184,-30.618,33.50761413574219
13:13:22.989304,-0.28141,21.806276875633184,-30.618,33.50761413574219
13:13:22.994357,-0.28141,21.806276875633184,-30.618,33.50761413574219
13:13:22.999535,-0.28141,21.90489442934412,-30.036,32.52777099609375
13:13:23.004329,-0.28141,21.90489442934412,-30.036,32.52777099609375
13:13:23.009359,-0.28141,21.90489442934412,-30.036,32.52777099609375
13:13:23.014430,-0.28141,21.90489442934412,-30.036,32.52777099609375
13:13:23.019403,-0.28141,21.90489442934412,-30.036,32.52777099609375
13:13:23.024274,-0.28141,21.90489442934412,-30.036,32.52777099609375
13:13:23.029290,-0.28141,21.90489442934412,-30.036,32.52777099609375
13:13:23.034311,-0.26215,20.809099751609747,-30.696,31.56646728515625
13:13:23.039272,-0.26215,20.809099751609747,-30.696,31.56646728515625
13:13:23.044302,-0.26215,20.809099751609747,-30.696,31.56646728515625
13:13:23.049286,-0.26215,20.809099751609747,-30.696,31.56646728515625
13:13:23.054303,-0.26215,20.809099751609747,-30.696,31.56646728515625
13:13:23.059407,-0.26215,20.809099751609747,-30.696,31.56646728515625
13:13:23.064045,-0.2568,20.78171022524256,-30.066,30.55023193359375
13:13:23.069049,-0.2568,20.78171022524256,-30.066,30.55023193359375
13:13:23.074034,-0.2568,20.78171022524256,-30.066,30.55023193359375
13:13:23.079058,-0.2568,20.78171022524256,-30.066,30.55023193359375
13:13:23.084070,-0.2568,20.78171022524256,-30.066,30.55023193359375
13:13:23.089083,-0.2568,20.78171022524256,-30.066,30.55023193359375
13:13:23.094058,-0.2568,20.78171022524256,-30.066,30.55023193359375
13:13:23.099095,-0.24717,19.203753071922247,-30.48,29.574508666992188
13:13:23.104067,-0.24717,19.203753071922247,-30.48,29.574508666992188
13:13:23.109068,-0.24717,19.203753071922247,-30.48,29.574508666992188
13:13:23.114086,-0.24717,19.203753071922247,-30.48,29.574508666992188
13:13:23.119094,-0.24717,19.203753071922247,-30.48,29.574508666992188
13:13:23.124072,-0.24717,19.203753071922247,-30.48,29.574508666992188
13:13:23.129416,-0.26108,19.70782716860193,-30.204,28.620758056640625
13:13:23.134394,-0.26108,19.70782716860193,-30.204,28.620758056640625
13:13:23.139431,-0.26108,19.70782716860193,-30.204,28.620758056640625
13:13:23.144470,-0.26108,19.70782716860193,-30.204,28.620758056640625
13:13:23.149355,-0.26108,19.70782716860193,-30.204,28.620758056640625
13:13:23.154329,-0.26108,19.70782716860193,-30.204,28.620758056640625
13:13:23.159371,-0.26108,19.70782716860193,-30.204,28.620758056640625
13:13:23.164294,-0.24075,18.661333638328497,-30.48,27.6800537109375
13:13:23.169378,-0.24075,18.661333638328497,-30.48,27.6800537109375
13:13:23.174448,-0.24075,18.661333638328497,-30.48,27.6800537109375
13:13:23.179426,-0.24075,18.661333638328497,-30.48,27.6800537109375
13:13:23.184384,-0.24075,18.661333638328497,-30.48,27.6800537109375
13:13:23.189315,-0.24075,18.661333638328497,-30.48,27.6800537109375
13:13:23.194332,-0.24182,19.07773073305506,-29.544000000000004,26.70501708984375
13:13:23.199279,-0.24182,19.07773073305506,-29.544000000000004,26.70501708984375
13:13:23.204390,-0.24182,19.07773073305506,-29.544000000000004,26.70501708984375
13:13:23.209370,-0.24182,19.07773073305506,-29.544000000000004,26.70501708984375
13:13:23.214288,-0.24182,19.07773073305506,-29.544000000000004,26.70501708984375
13:13:23.219356,-0.24182,19.07773073305506,-29.544000000000004,26.70501708984375
13:13:23.224244,-0.24182,19.07773073305506,-29.544000000000004,26.70501708984375
13:13:23.229281,-0.23861,17.790163594383184,-30.612,25.74165344238281
13:13:23.234296,-0.23861,17.790163594383184,-30.612,25.74165344238281
13:13:23.239301,-0.23861,17.790163594383184,-30.612,25.74165344238281
13:13:23.244297,-0.23861,17.790163594383184,-30.612,25.74165344238281
13:13:23.249389,-0.23861,17.790163594383184,-30.612,25.74165344238281
13:13:23.254340,-0.23861,17.790163594383184,-30.612,25.74165344238281
13:13:23.259287,-0.2354,16.919008809226934,-29.844000000000005,24.745330810546875
13:13:23.264278,-0.2354,16.919008809226934,-29.844000000000005,24.745330810546875
13:13:23.269333,-0.2354,16.919008809226934,-29.844000000000005,24.745330810546875
13:13:23.274214,-0.2354,16.919008809226934,-29.844000000000005,24.745330810546875
13:13:23.279083,-0.2354,16.919008809226934,-29.844000000000005,24.745330810546875
13:13:23.284064,-0.2354,16.919008809226934,-29.844000000000005,24.745330810546875
13:13:23.289066,-0.2354,16.919008809226934,-29.844000000000005,24.745330810546875
13:13:23.294059,-0.21507,15.993059712547248,-30.174000000000003,23.792953491210938
13:13:23.299059,-0.21507,15.993059712547248,-30.174000000000003,23.792953491210938
13:13:23.304084,-0.21507,15.993059712547248,-30.174000000000003,23.792953491210938
13:13:23.309082,-0.21507,15.993059712547248,-30.174000000000003,23.792953491210938
13:13:23.314085,-0.21507,15.993059712547248,-30.174000000000003,23.792953491210938
13:13:23.319131,-0.21507,15.993059712547248,-30.174000000000003,23.792953491210938
13:13:23.324404,-0.21079,15.291750508445686,-29.736,22.82135009765625
13:13:23.329384,-0.21079,15.291750508445686,-29.736,22.82135009765625
13:13:23.334432,-0.21079,15.291750508445686,-29.736,22.82135009765625
13:13:23.339336,-0.21079,15.291750508445686,-29.736,22.82135009765625
13:13:23.344311,-0.21079,15.291750508445686,-29.736,22.82135009765625
13:13:23.349348,-0.21079,15.291750508445686,-29.736,22.82135009765625
13:13:23.354794,-0.22149,15.384890156883186,-30.312,21.86485290527344
13:13:23.359021,-0.22149,15.384890156883186,-30.312,21.86485290527344
13:13:23.364070,-0.22149,15.384890156883186,-30.312,21.86485290527344
13:13:23.369097,-0.22149,15.384890156883186,-30.312,21.86485290527344
13:13:23.374039,-0.22149,15.384890156883186,-30.312,21.86485290527344
13:13:23.379066,-0.22149,15.384890156883186,-30.312,21.86485290527344
13:13:23.384060,-0.22149,15.384890156883186,-30.312,21.86485290527344
13:13:23.389085,-0.20223,14.568514424461313,-30.942,20.910415649414062
13:13:23.394058,-0.20223,14.568514424461313,-30.942,20.910415649414062
13:13:23.399058,-0.20223,14.568514424461313,-30.942,20.910415649414062
13:13:23.404049,-0.20223,14.568514424461313,-30.942,20.910415649414062
13:13:23.409065,-0.20223,14.568514424461313,-30.942,20.910415649414062
13:13:23.414095,-0.20223,14.568514424461313,-30.942,20.910415649414062
13:13:23.419058,-0.19581,14.54660280336756,-30.426,19.952545166015625
13:13:23.424066,-0.19581,14.54660280336756,-30.426,19.952545166015625
13:13:23.429060,-0.19581,14.54660280336756,-30.426,19.952545166015625
13:13:23.434072,-0.19581,14.54660280336756,-30.426,19.952545166015625
13:13:23.439084,-0.19581,14.54660280336756,-30.426,19.952545166015625
13:13:23.444083,-0.19581,14.54660280336756,-30.426,19.952545166015625
13:13:23.449048,-0.19581,14.54660280336756,-30.426,19.952545166015625
13:13:23.454046,-0.19474,12.733049946922248,-30.971999999999998,18.969268798828125
13:13:23.459051,-0.19474,12.733049946922248,-30.971999999999998,18.969268798828125
13:13:23.464052,-0.19474,12.733049946922248,-30.971999999999998,18.969268798828125
13:13:23.469044,-0.19474,12.733049946922248,-30.971999999999998,18.969268798828125
13:13:23.474052,-0.19474,12.733049946922248,-30.971999999999998,18.969268798828125
13:13:23.479073,-0.19474,12.733049946922248,-30.971999999999998,18.969268798828125
13:13:23.484057,-0.1926,12.667299824851936,-30.558,17.964706420898438
13:13:23.489051,-0.1926,12.667299824851936,-30.558,17.964706420898438
13:13:23.494057,-0.1926,12.667299824851936,-30.558,17.964706420898438
13:13:23.499055,-0.1926,12.667299824851936,-30.558,17.964706420898438
13:13:23.504052,-0.1926,12.667299824851936,-30.558,17.964706420898438
13:13:23.509070,-0.1926,12.667299824851936,-30.558,17.964706420898438
13:13:23.514360,-0.1926,12.667299824851936,-30.558,17.964706420898438
13:13:23.519064,-0.17976,11.653688985008186,-30.918000000000003,17.022628784179688
13:13:23.524083,-0.17976,11.653688985008186,-30.918000000000003,17.022628784179688
13:13:23.529161,-0.17976,11.653688985008186,-30.918000000000003,17.022628784179688
13:13:23.534084,-0.17976,11.653688985008186,-30.918000000000003,17.022628784179688
13:13:23.539089,-0.17976,11.653688985008186,-30.918000000000003,17.022628784179688
13:13:23.544053,-0.17976,11.653688985008186,-30.918000000000003,17.022628784179688
13:13:23.549054,-0.18725,12.283770161765998,-30.15,16.079177856445312
13:13:23.554042,-0.18725,12.283770161765998,-30.15,16.079177856445312
13:13:23.559059,-0.18725,12.283770161765998,-30.15,16.079177856445312
13:13:23.564061,-0.18725,12.283770161765998,-30.15,16.079177856445312
13:13:23.569053,-0.18725,12.283770161765998,-30.15,16.079177856445312
13:13:23.574066,-0.18725,12.283770161765998,-30.15,16.079177856445312
13:13:23.579072,-0.18725,12.283770161765998,-30.15,16.079177856445312
13:13:23.584069,-0.17869,11.368776875633186,-30.81,15.11444091796875
13:13:23.589065,-0.17869,11.368776875633186,-30.81,15.11444091796875
13:13:23.594098,-0.17869,11.368776875633186,-30.81,15.11444091796875
13:13:23.599060,-0.17869,11.368776875633186,-30.81,15.11444091796875
13:13:23.604056,-0.17869,11.368776875633186,-30.81,15.11444091796875
13:13:23.609069,-0.17869,11.368776875633186,-30.81,15.11444091796875
13:13:23.614086,-0.18083,10.86471803774256,-30.012,14.111251831054688
13:13:23.619051,-0.18083,10.86471803774256,-30.012,14.111251831054688
13:13:23.624052,-0.18083,10.86471803774256,-30.012,14.111251831054688
13:13:23.629048,-0.18083,10.86471803774256,-30.012,14.111251831054688
13:13:23.634067,-0.18083,10.86471803774256,-30.012,14.111251831054688
13:13:23.639085,-0.18083,10.86471803774256,-30.012,14.111251831054688
13:13:23.644147,-0.18083,10.86471803774256,-30.012,14.111251831054688
13:13:23.649050,-0.1476599999999999,9.374422627586313,-31.002,13.10943603515625
13:13:23.654116,-0.1476599999999999,9.374422627586313,-31.002,13.10943603515625
13:13:23.659065,-0.1476599999999999,9.374422627586313,-31.002,13.10943603515625
13:13:23.664073,-0.1476599999999999,9.374422627586313,-31.002,13.10943603515625
13:13:23.669057,-0.1476599999999999,9.374422627586313,-31.002,13.10943603515625
13:13:23.674063,-0.1476599999999999,9.374422627586313,-31.002,13.10943603515625
13:13:23.679060,-0.15301,8.032076436180061,-30.228,12.14813232421875
13:13:23.684046,-0.15301,8.032076436180061,-30.228,12.14813232421875
13:13:23.689059,-0.15301,8.032076436180061,-30.228,12.14813232421875
13:13:23.694063,-0.15301,8.032076436180061,-30.228,12.14813232421875
13:13:23.699060,-0.15301,8.032076436180061,-30.228,12.14813232421875
13:13:23.704083,-0.15301,8.032076436180061,-30.228,12.14813232421875
13:13:23.709094,-0.15408,8.032076436180061,-30.12,11.220474243164062
13:13:23.714061,-0.15408,7.895098286765998,-30.12,11.220474243164062
13:13:23.719080,-0.15408,7.895098286765998,-30.12,11.220474243164062
13:13:23.724083,-0.15408,7.895098286765998,-30.12,11.220474243164062
13:13:23.729061,-0.15408,7.895098286765998,-30.12,11.220474243164062
13:13:23.734073,-0.15408,7.895098286765998,-30.12,11.220474243164062
13:13:23.739086,-0.15408,7.895098286765998,-30.12,11.220474243164062
13:13:23.744051,-0.14659,7.31979616274256,-30.672,10.254364013671877
13:13:23.749095,-0.14659,7.31979616274256,-30.672,10.254364013671877
13:13:23.754043,-0.14659,7.31979616274256,-30.672,10.254364013671877
13:13:23.759062,-0.14659,7.31979616274256,-30.672,10.254364013671877
13:13:23.764087,-0.14659,7.31979616274256,-30.672,10.254364013671877
13:13:23.769058,-0.14659,7.31979616274256,-30.672,10.254364013671877
13:13:23.774405,-0.13803,7.65402467836756,-30.942,9.288253784179688
13:13:23.779059,-0.13803,7.65402467836756,-30.942,9.288253784179688
13:13:23.784063,-0.13803,7.65402467836756,-30.942,9.288253784179688
13:13:23.789058,-0.13803,7.65402467836756,-30.942,9.288253784179688
13:13:23.794067,-0.13803,7.65402467836756,-30.942,9.288253784179688
13:13:23.799069,-0.13803,7.65402467836756,-30.942,9.288253784179688
13:13:23.804069,-0.13803,7.65402467836756,-30.942,9.288253784179688
13:13:23.809494,-0.13161,6.147295552390998,-30.78,8.281631469726562
13:13:23.814335,-0.13161,6.147295552390998,-30.78,8.281631469726562
13:13:23.819314,-0.13161,6.147295552390998,-30.78,8.281631469726562
13:13:23.824393,-0.13161,6.147295552390998,-30.78,8.281631469726562
13:13:23.829441,-0.13161,6.147295552390998,-30.78,8.281631469726562
13:13:23.834340,-0.13161,6.147295552390998,-30.78,8.281631469726562
13:13:23.839224,-0.13054,5.747332173484748,-30.612,7.303848266601562
13:13:23.844252,-0.13054,5.747332173484748,-30.612,7.303848266601562
13:13:23.849288,-0.13054,5.747332173484748,-30.612,7.303848266601562
13:13:23.854315,-0.13054,5.747332173484748,-30.612,7.303848266601562
13:13:23.859323,-0.13054,5.747332173484748,-30.612,7.303848266601562
13:13:23.864195,-0.13054,5.747332173484748,-30.612,7.303848266601562
13:13:23.869306,-0.13054,5.747332173484748,-30.612,7.303848266601562
13:13:23.874295,-0.11342,4.361147481101935,-30.312,6.3480377197265625
13:13:23.879346,-0.11342,4.361147481101935,-30.312,6.3480377197265625
13:13:23.884413,-0.11342,4.361147481101935,-30.312,6.3480377197265625
13:13:23.889249,-0.11342,4.361147481101935,-30.312,6.3480377197265625
13:13:23.894307,-0.11342,4.361147481101935,-30.312,6.3480377197265625
13:13:23.899279,-0.11342,4.361147481101935,-30.312,6.3480377197265625
13:13:23.904258,-0.11235,4.361147481101935,-30.450000000000003,5.362701416015625
13:13:23.909267,-0.11235,4.55838258852381,-30.450000000000003,5.362701416015625
13:13:23.914248,-0.11235,4.55838258852381,-30.450000000000003,5.362701416015625
13:13:23.919403,-0.11235,4.55838258852381,-30.450000000000003,5.362701416015625
13:13:23.924255,-0.11235,4.55838258852381,-30.450000000000003,5.362701416015625
13:13:23.929395,-0.11235,4.55838258852381,-30.450000000000003,5.362701416015625
13:13:23.934255,-0.11235,4.55838258852381,-30.450000000000003,5.362701416015625
13:13:23.939310,-0.10593,3.983095723289435,-31.416,4.404144287109375
13:13:23.944388,-0.10593,3.983095723289435,-31.416,4.404144287109375
13:13:23.949070,-0.10593,3.983095723289435,-31.416,4.404144287109375
13:13:23.954061,-0.10593,3.983095723289435,-31.416,4.404144287109375
13:13:23.959100,-0.10593,3.983095723289435,-31.416,4.404144287109375
13:13:23.964086,-0.10593,3.983095723289435,-31.416,4.404144287109375
13:13:23.969149,-0.11877,3.988573628562873,-30.504,3.437347412109375
13:13:23.974039,-0.11877,3.988573628562873,-30.504,3.437347412109375
13:13:23.979425,-0.11877,3.988573628562873,-30.504,3.437347412109375
13:13:23.984368,-0.11877,3.988573628562873,-30.504,3.437347412109375
13:13:23.989422,-0.11877,3.988573628562873,-30.504,3.437347412109375
13:13:23.994401,-0.11877,3.988573628562873,-30.504,3.437347412109375
13:13:23.999398,-0.11877,3.988573628562873,-30.504,3.437347412109375
13:13:24.004408,-0.09523,2.71744020571131,-30.504,2.468490600585937
13:13:24.009409,-0.09523,2.71744020571131,-30.504,2.468490600585937
13:13:24.014449,-0.09523,2.71744020571131,-30.504,2.468490600585937
13:13:24.019341,-0.09523,2.71744020571131,-30.504,2.468490600585937
13:13:24.024434,-0.09523,2.71744020571131,-30.504,2.468490600585937
13:13:24.029366,-0.09523,2.71744020571131,-30.504,2.468490600585937
13:13:24.034139,-0.09095,1.2271600543441228,-30.036,1.4536285400390625
13:13:24.039278,-0.09095,1.2271600543441228,-30.036,1.4536285400390625
13:13:24.044343,-0.09095,1.2271600543441228,-30.036,1.4536285400390625
13:13:24.049357,-0.09095,1.2271600543441228,-30.036,1.4536285400390625
13:13:24.054313,-0.09095,1.2271600543441228,-30.036,1.4536285400390625
13:13:24.059367,-0.09095,1.2271600543441228,-30.036,1.4536285400390625
13:13:24.064269,-0.09095,1.2271600543441228,-30.036,1.4536285400390625
13:13:24.069259,-0.07918,0.4381738482894353,-31.14,0.50262451171875
13:13:24.074327,-0.07918,0.4381738482894353,-31.14,0.50262451171875
13:13:24.079383,-0.07918,0.4381738482894353,-31.14,0.50262451171875
13:13:24.084411,-0.07918,0.4381738482894353,-31.14,0.50262451171875
13:13:24.089410,-0.07918,0.4381738482894353,-31.14,0.50262451171875
13:13:24.094403,-0.07918,0.4381738482894353,-31.14,0.50262451171875
13:13:24.100045,-0.08132,0.4381738482894353,-30.426,-0.506744384765625
13:13:24.104300,-0.08132,-0.5151647747574397,-30.426,-0.506744384765625
13:13:24.109297,-0.08132,-0.5151647747574397,-30.426,-0.506744384765625
13:13:24.114296,-0.08132,-0.5151647747574397,-30.426,-0.506744384765625
13:13:24.119287,-0.08132,-0.5151647747574397,-30.426,-0.506744384765625
13:13:24.124307,-0.08132,-0.5151647747574397,-30.426,-0.506744384765625
13:13:24.129292,-0.08132,-0.5151647747574397,-30.426,-0.506744384765625
13:13:24.134267,-0.08988,0.4272180377425603,-30.78,-1.4481353759765625
13:13:24.139262,-0.08988,0.4272180377425603,-30.78,-1.4481353759765625
13:13:24.144359,-0.08988,0.4272180377425603,-30.78,-1.4481353759765625
13:13:24.149363,-0.08988,0.4272180377425603,-30.78,-1.4481353759765625
13:13:24.154424,-0.08988,0.4272180377425603,-30.78,-1.4481353759765625
13:13:24.159351,-0.08988,0.4272180377425603,-30.78,-1.4481353759765625
13:13:24.164342,-0.08988,0.4272180377425603,-30.78,-1.4481353759765625
13:13:24.169338,-0.06955,-0.6959814251480647,-30.672,-2.4259185791015625
13:13:24.174293,-0.06955,-0.6959814251480647,-30.672,-2.4259185791015625
13:13:24.179333,-0.06955,-0.6959814251480647,-30.672,-2.4259185791015625
13:13:24.184469,-0.06955,-0.6959814251480647,-30.672,-2.4259185791015625
13:13:24.189351,-0.06955,-0.6959814251480647,-30.672,-2.4259185791015625
13:13:24.194330,-0.06955,-0.6959814251480647,-30.672,-2.4259185791015625
13:13:24.199341,-0.05992,-1.0904668987808772,-30.204,-3.46343994140625
13:13:24.204436,-0.05992,-1.0904668987808772,-30.204,-3.46343994140625
13:13:24.209413,-0.05992,-1.0904668987808772,-30.204,-3.46343994140625
13:13:24.214426,-0.05992,-1.0904668987808772,-30.204,-3.46343994140625
13:13:24.219391,-0.05992,-1.0904668987808772,-30.204,-3.46343994140625
13:13:24.224310,-0.05992,-1.0904668987808772,-30.204,-3.46343994140625
13:13:24.229333,-0.05992,-1.0904668987808772,-30.204,-3.46343994140625
13:13:24.234275,-0.04387,-3.030026835304315,-30.888,-4.443283081054688
13:13:24.239343,-0.04387,-3.030026835304315,-30.888,-4.443283081054688
13:13:24.244302,-0.04387,-3.030026835304315,-30.888,-4.443283081054688
13:13:24.249359,-0.04387,-3.030026835304315,-30.888,-4.443283081054688
13:13:24.254494,-0.04387,-3.030026835304315,-30.888,-4.443283081054688
13:13:24.259302,-0.04387,-3.030026835304315,-30.888,-4.443283081054688
13:13:24.264287,-0.05778,-3.128659647804315,-30.834,-5.416259765625
13:13:24.269334,-0.05778,-3.128659647804315,-30.834,-5.416259765625
13:13:24.274400,-0.05778,-3.128659647804315,-30.834,-5.416259765625
13:13:24.279380,-0.05778,-3.128659647804315,-30.834,-5.416259765625
13:13:24.284301,-0.05778,-3.128659647804315,-30.834,-5.416259765625
13:13:24.289365,-0.05778,-3.128659647804315,-30.834,-5.416259765625
13:13:24.294331,-0.05778,-3.128659647804315,-30.834,-5.416259765625
13:13:24.299287,-0.04815,-3.764218729835565,-31.11,-6.378936767578125
13:13:24.304304,-0.04815,-3.764218729835565,-31.11,-6.378936767578125
13:13:24.309307,-0.04815,-3.764218729835565,-31.11,-6.378936767578125
13:13:24.314346,-0.04815,-3.764218729835565,-31.11,-6.378936767578125
13:13:24.319297,-0.04815,-3.764218729835565,-31.11,-6.378936767578125
13:13:24.324361,-0.04815,-3.764218729835565,-31.11,-6.378936767578125
13:13:24.329313,-0.05671,-3.65463010678869,-30.450000000000003,-7.305908203125
13:13:24.334327,-0.05671,-3.65463010678869,-30.450000000000003,-7.305908203125
13:13:24.339258,-0.05671,-3.65463010678869,-30.450000000000003,-7.305908203125
13:13:24.344112,-0.05671,-3.65463010678869,-30.450000000000003,-7.305908203125
13:13:24.349412,-0.05671,-3.65463010678869,-30.450000000000003,-7.305908203125
13:13:24.354361,-0.05671,-3.65463010678869,-30.450000000000003,-7.305908203125
13:13:24.359468,-0.05671,-3.65463010678869,-30.450000000000003,-7.305908203125
13:13:24.364368,-0.03638,-4.240888041359002,-30.534,-8.306350708007812
13:13:24.369475,-0.03638,-4.240888041359002,-30.534,-8.306350708007812
13:13:24.374418,-0.03638,-4.240888041359002,-30.534,-8.306350708007812
13:13:24.379319,-0.03638,-4.240888041359002,-30.534,-8.306350708007812
13:13:24.384404,-0.03638,-4.240888041359002,-30.534,-8.306350708007812
13:13:24.389428,-0.03638,-4.240888041359002,-30.534,-8.306350708007812
13:13:24.394407,-0.03103,-4.240888041359002,-30.81,-9.35211181640625
13:13:24.399409,-0.03103,-6.196896952491815,-30.81,-9.35211181640625
13:13:24.404455,-0.03103,-6.196896952491815,-30.81,-9.35211181640625
13:13:24.409429,-0.03103,-6.196896952491815,-30.81,-9.35211181640625
13:13:24.414435,-0.03103,-6.196896952491815,-30.81,-9.35211181640625
13:13:24.419461,-0.03103,-6.196896952491815,-30.81,-9.35211181640625
13:13:24.424435,-0.03103,-6.196896952491815,-30.81,-9.35211181640625
13:13:24.429368,-0.02461,-6.777661722999627,-29.736,-10.306549072265623
13:13:24.434440,-0.02461,-6.777661722999627,-29.736,-10.306549072265623
13:13:24.439456,-0.02461,-6.777661722999627,-29.736,-10.306549072265623
13:13:24.444290,-0.02461,-6.777661722999627,-29.736,-10.306549072265623
13:13:24.449400,-0.02461,-6.777661722999627,-29.736,-10.306549072265623
13:13:24.454454,-0.02461,-6.777661722999627,-29.736,-10.306549072265623
13:13:24.459999,-0.01498,-8.010434550148064,-30.942,-11.267852783203123
13:13:24.464324,-0.01498,-8.010434550148064,-30.942,-11.267852783203123
13:13:24.469396,-0.01498,-8.010434550148064,-30.942,-11.267852783203123
13:13:24.474371,-0.01498,-8.010434550148064,-30.942,-11.267852783203123
13:13:24.479401,-0.01498,-8.010434550148064,-30.942,-11.267852783203123
13:13:24.484434,-0.01498,-8.010434550148064,-30.942,-11.267852783203123
13:13:24.489447,-0.01498,-8.010434550148064,-30.942,-11.267852783203123
13:13:24.494315,-0.01712,-7.144757670265252,-30.618,-12.243576049804688
13:13:24.499439,-0.01712,-7.144757670265252,-30.618,-12.243576049804688
13:13:24.504462,-0.01712,-7.144757670265252,-30.618,-12.243576049804688
13:13:24.509443,-0.01712,-7.144757670265252,-30.618,-12.243576049804688
13:13:24.514405,-0.01712,-7.144757670265252,-30.618,-12.243576049804688
13:13:24.519401,-0.01712,-7.144757670265252,-30.618,-12.243576049804688
13:13:24.524650,-0.01284,-7.895383280616815,-30.804,-13.187026977539062
13:13:24.529282,-0.01284,-7.895383280616815,-30.804,-13.187026977539062
13:13:24.534299,-0.01284,-7.895383280616815,-30.804,-13.187026977539062
13:13:24.539339,-0.01284,-7.895383280616815,-30.804,-13.187026977539062
13:13:24.544300,-0.01284,-7.895383280616815,-30.804,-13.187026977539062
13:13:24.549221,-0.01284,-7.895383280616815,-30.804,-13.187026977539062
13:13:24.554120,-0.01284,-7.895383280616815,-30.804,-13.187026977539062
13:13:24.559368,-0.01712,-8.087140482765252,-30.144,-14.212875366210938
13:13:24.564268,-0.01712,-8.087140482765252,-30.144,-14.212875366210938
13:13:24.569071,-0.01712,-8.087140482765252,-30.144,-14.212875366210938
13:13:24.574055,-0.01712,-8.087140482765252,-30.144,-14.212875366210938
13:13:24.579034,-0.01712,-8.087140482765252,-30.144,-14.212875366210938
13:13:24.584091,-0.01712,-8.087140482765252,-30.144,-14.212875366210938
13:13:24.589202,-0.01712,-8.087140482765252,-30.144,-14.212875366210938
13:13:24.594096,-0.0,-9.889737528663687,-30.204,-15.235977172851562
13:13:24.599163,-0.0,-9.889737528663687,-30.204,-15.235977172851562
13:13:24.604072,-0.0,-9.889737528663687,-30.204,-15.235977172851562
13:13:24.609061,-0.0,-9.889737528663687,-30.204,-15.235977172851562
13:13:24.614070,-0.0,-9.889737528663687,-30.204,-15.235977172851562
13:13:24.619052,-0.0,-9.889737528663687,-30.204,-15.235977172851562
13:13:24.624056,-0.00107,-10.854047221046502,-30.204,-16.198654174804688
13:13:24.629053,-0.00107,-10.854047221046502,-30.204,-16.198654174804688
13:13:24.634063,-0.00107,-10.854047221046502,-30.204,-16.198654174804688
13:13:24.639059,-0.00107,-10.854047221046502,-30.204,-16.198654174804688
13:13:24.644216,-0.00107,-10.854047221046502,-30.204,-16.198654174804688
13:13:24.649071,-0.00107,-10.854047221046502,-30.204,-16.198654174804688
13:13:24.654058,-0.00107,-10.854047221046502,-30.204,-16.198654174804688
13:13:24.659060,0.00535,-11.23757688413244,-30.42,-17.136611938476562
13:13:24.664053,0.00535,-11.23757688413244,-30.42,-17.136611938476562
13:13:24.669061,0.00535,-11.23757688413244,-30.42,-17.136611938476562
13:13:24.674067,0.00535,-11.23757688413244,-30.42,-17.136611938476562
13:13:24.679070,0.00535,-11.23757688413244,-30.42,-17.136611938476562
13:13:24.684059,0.00535,-11.23757688413244,-30.42,-17.136611938476562
13:13:24.689053,-0.0,-11.51699582944494,-30.971999999999998,-18.097915649414062
13:13:24.694416,-0.0,-11.51699582944494,-30.971999999999998,-18.097915649414062
13:13:24.699395,-0.0,-11.51699582944494,-30.971999999999998,-18.097915649414062
13:13:24.704392,-0.0,-11.51699582944494,-30.971999999999998,-18.097915649414062
13:13:24.709395,-0.0,-11.51699582944494,-30.971999999999998,-18.097915649414062
13:13:24.714385,-0.0,-11.51699582944494,-30.971999999999998,-18.097915649414062
13:13:24.719401,-0.0,-11.51699582944494,-30.971999999999998,-18.097915649414062
13:13:24.724345,0.00107,-11.012936991554314,-30.612,-19.068832397460938
13:13:24.729124,0.00107,-11.012936991554314,-30.612,-19.068832397460938
13:13:24.734444,0.00107,-11.012936991554314,-30.612,-19.068832397460938
13:13:24.739373,0.00107,-11.012936991554314,-30.612,-19.068832397460938
13:13:24.744314,0.00107,-11.012936991554314,-30.612,-19.068832397460938
13:13:24.749318,0.00107,-11.012936991554314,-30.612,-19.068832397460938
13:13:24.754226,0.01284,-12.952496928077752,-30.726000000000003,-20.076828002929688
13:13:24.759300,0.01284,-12.952496928077752,-30.726000000000003,-20.076828002929688
13:13:24.764111,0.01284,-12.952496928077752,-30.726000000000003,-20.076828002929688
13:13:24.769064,0.01284,-12.952496928077752,-30.726000000000003,-20.076828002929688
13:13:24.774086,0.01284,-12.952496928077752,-30.726000000000003,-20.076828002929688
13:13:24.779087,0.01284,-12.952496928077752,-30.726000000000003,-20.076828002929688
13:13:24.784068,0.01284,-12.952496928077752,-30.726000000000003,-20.076828002929688
13:13:24.789209,0.0321,-13.544232767921502,-30.396,-21.090316772460938
13:13:24.794082,0.0321,-13.544232767921502,-30.396,-21.090316772460938
13:13:24.799069,0.0321,-13.544232767921502,-30.396,-21.090316772460938
13:13:24.804086,0.0321,-13.544232767921502,-30.396,-21.090316772460938
13:13:24.809072,0.0321,-13.544232767921502,-30.396,-21.090316772460938
13:13:24.814065,0.0321,-13.544232767921502,-30.396,-21.090316772460938
13:13:24.819185,0.03531,-15.166013163429314,-30.48,-22.05780029296875
13:13:24.824060,0.03531,-15.166013163429314,-30.48,-22.05780029296875
13:13:24.829056,0.03531,-15.166013163429314,-30.48,-22.05780029296875
13:13:24.834091,0.03531,-15.166013163429314,-30.48,-22.05780029296875
13:13:24.839162,0.03531,-15.166013163429314,-30.48,-22.05780029296875
13:13:24.844046,0.03531,-15.166013163429314,-30.48,-22.05780029296875
13:13:24.849434,0.03531,-15.166013163429314,-30.48,-22.05780029296875
13:13:24.854416,0.02354,-14.535931986671502,-30.258,-22.9888916015625
13:13:24.859410,0.02354,-14.535931986671502,-30.258,-22.9888916015625
13:13:24.864422,0.02354,-14.535931986671502,-30.258,-22.9888916015625
13:13:24.869218,0.02354,-14.535931986671502,-30.258,-22.9888916015625
13:13:24.874427,0.02354,-14.535931986671502,-30.258,-22.9888916015625
13:13:24.879451,0.02354,-14.535931986671502,-30.258,-22.9888916015625
13:13:24.884333,0.03103,-14.963300150734002,-30.612,-23.92822265625
13:13:24.889409,0.03103,-14.963300150734002,-30.612,-23.92822265625
13:13:24.894236,0.03103,-14.963300150734002,-30.612,-23.92822265625
13:13:24.899424,0.03103,-14.963300150734002,-30.612,-23.92822265625
13:13:24.904381,0.03103,-14.963300150734002,-30.612,-23.92822265625
13:13:24.909314,0.03103,-14.963300150734002,-30.612,-23.92822265625
13:13:24.914720,0.03317,-14.963300150734002,-30.174000000000003,-24.918365478515625
13:13:24.919334,0.03317,-14.815366190773064,-30.174000000000003,-24.918365478515625
13:13:24.924430,0.03317,-14.815366190773064,-30.174000000000003,-24.918365478515625
13:13:24.929360,0.03317,-14.815366190773064,-30.174000000000003,-24.918365478515625
13:13:24.934438,0.03317,-14.815366190773064,-30.174000000000003,-24.918365478515625
13:13:24.939386,0.03317,-14.815366190773064,-30.174000000000003,-24.918365478515625
13:13:24.944293,0.03317,-14.815366190773064,-30.174000000000003,-24.918365478515625
13:13:24.949293,0.05136,-16.36044065366369,-31.326,-25.927734375
13:13:24.954406,0.05136,-16.36044065366369,-31.326,-25.927734375
13:13:24.959317,0.05136,-16.36044065366369,-31.326,-25.927734375
13:13:24.964337,0.05136,-16.36044065366369,-31.326,-25.927734375
13:13:24.969243,0.05136,-16.36044065366369,-31.326,-25.927734375
13:13:24.974268,0.05136,-16.36044065366369,-31.326,-25.927734375
13:13:24.979485,0.05136,-16.36044065366369,-31.326,-25.927734375
13:13:24.984313,0.04922,-17.784970682960566,-30.228,-26.93572998046875
13:13:24.989427,0.04922,-17.784970682960566,-30.228,-26.93572998046875
13:13:24.994361,0.04922,-17.784970682960566,-30.228,-26.93572998046875
13:13:24.999347,0.04922,-17.784970682960566,-30.228,-26.93572998046875
13:13:25.004320,0.04922,-17.784970682960566,-30.228,-26.93572998046875
13:13:25.009312,0.04922,-17.784970682960566,-30.228,-26.93572998046875
13:13:25.014314,0.05778,-18.124677103859003,-30.258,-27.90321350097656
13:13:25.019363,0.05778,-18.124677103859003,-30.258,-27.90321350097656
13:13:25.024327,0.05778,-18.124677103859003,-30.258,-27.90321350097656
13:13:25.029429,0.05778,-18.124677103859003,-30.258,-27.90321350097656
13:13:25.034340,0.05778,-18.124677103859003,-30.258,-27.90321350097656
13:13:25.039462,0.05778,-18.124677103859003,-30.258,-27.90321350097656
13:13:25.044300,0.05778,-18.124677103859003,-30.258,-27.90321350097656
13:13:25.049293,0.05671,-18.65066282163244,-30.996,-28.82057189941406
13:13:25.054380,0.05671,-18.65066282163244,-30.996,-28.82057189941406
13:13:25.059320,0.05671,-18.65066282163244,-30.996,-28.82057189941406
13:13:25.064304,0.05671,-18.65066282163244,-30.996,-28.82057189941406
13:13:25.069267,0.05671,-18.65066282163244,-30.996,-28.82057189941406
13:13:25.074278,0.05671,-18.65066282163244,-30.996,-28.82057189941406
13:13:25.079261,0.05457,-17.64252988706213,-31.218,-29.78462219238281
13:13:25.084284,0.05457,-17.64252988706213,-31.218,-29.78462219238281
13:13:25.089289,0.05457,-17.64252988706213,-31.218,-29.78462219238281
13:13:25.094357,0.05457,-17.64252988706213,-31.218,-29.78462219238281
13:13:25.099363,0.05457,-17.64252988706213,-31.218,-29.78462219238281
13:13:25.104300,0.05457,-17.64252988706213,-31.218,-29.78462219238281
13:13:25.109325,0.05457,-17.64252988706213,-31.218,-29.78462219238281
13:13:25.114366,0.05778,-19.36840574155432,-31.271999999999995,-30.762405395507816
13:13:25.119352,0.05778,-19.36840574155432,-31.271999999999995,-30.762405395507816
13:13:25.124363,0.05778,-19.36840574155432,-31.271999999999995,-30.762405395507816
13:13:25.129294,0.05778,-19.36840574155432,-31.271999999999995,-30.762405395507816
13:13:25.134269,0.05778,-19.36840574155432,-31.271999999999995,-30.762405395507816
13:13:25.139272,0.05778,-19.36840574155432,-31.271999999999995,-30.762405395507816
13:13:25.144247,0.06955,-19.724545878273062,-31.056,-31.809539794921875
13:13:25.149318,0.06955,-19.724545878273062,-31.056,-31.809539794921875
13:13:25.154331,0.06955,-19.724545878273062,-31.056,-31.809539794921875
13:13:25.159426,0.06955,-19.724545878273062,-31.056,-31.809539794921875
13:13:25.164310,0.06955,-19.724545878273062,-31.056,-31.809539794921875
13:13:25.169366,0.06955,-19.724545878273062,-31.056,-31.809539794921875
13:13:25.174348,0.06955,-19.724545878273062,-31.056,-31.809539794921875
13:13:25.179055,0.08667,-21.66958372006994,-30.864000000000004,-32.77839660644531
13:13:25.184069,0.08667,-21.66958372006994,-30.864000000000004,-32.77839660644531
13:13:25.189114,0.08667,-21.66958372006994,-30.864000000000004,-32.77839660644531
13:13:25.194059,0.08667,-21.66958372006994,-30.864000000000004,-32.77839660644531
13:13:25.199069,0.08667,-21.66958372006994,-30.864000000000004,-32.77839660644531
13:13:25.204085,0.08667,-21.66958372006994,-30.864000000000004,-32.77839660644531
13:13:25.209095,0.08667,-21.32441465268713,-30.396,-33.75
13:13:25.214059,0.08667,-21.32441465268713,-30.396,-33.75
13:13:25.219059,0.08667,-21.32441465268713,-30.396,-33.75
13:13:25.224114,0.08667,-21.32441465268713,-30.396,-33.75
13:13:25.229045,0.08667,-21.32441465268713,-30.396,-33.75
13:13:25.234068,0.08667,-21.32441465268713,-30.396,-33.75
13:13:25.239072,0.08667,-21.32441465268713,-30.396,-33.75
13:13:25.244095,0.07811,-21.57644407163244,-31.248,-34.65843200683594
13:13:25.249047,0.07811,-21.57644407163244,-31.248,-34.65843200683594
13:13:25.254052,0.07811,-21.57644407163244,-31.248,-34.65843200683594
13:13:25.259069,0.07811,-21.57644407163244,-31.248,-34.65843200683594
13:13:25.264069,0.07811,-21.57644407163244,-31.248,-34.65843200683594
13:13:25.269070,0.07811,-21.57644407163244,-31.248,-34.65843200683594
13:13:25.274411,0.07062,-21.51617185483557,-31.356,-35.657501220703125
13:13:25.279380,0.07062,-21.51617185483557,-31.356,-35.657501220703125
13:13:25.284099,0.07062,-21.51617185483557,-31.356,-35.657501220703125
13:13:25.289108,0.07062,-21.51617185483557,-31.356,-35.657501220703125
13:13:25.294098,0.07062,-21.51617185483557,-31.356,-35.657501220703125
13:13:25.299412,0.07062,-21.51617185483557,-31.356,-35.657501220703125
13:13:25.304388,0.07062,-21.51617185483557,-31.356,-35.657501220703125
13:13:25.309328,0.0963,-22.414731425148062,-31.572,-36.63047790527344
13:13:25.314388,0.0963,-22.414731425148062,-31.572,-36.63047790527344
13:13:25.319400,0.0963,-22.414731425148062,-31.572,-36.63047790527344
13:13:25.324425,0.0963,-22.414731425148062,-31.572,-36.63047790527344
13:13:25.329435,0.0963,-22.414731425148062,-31.572,-36.63047790527344
13:13:25.334409,0.0963,-22.414731425148062,-31.572,-36.63047790527344
13:13:25.339221,0.10486,-24.27210752378088,-30.15,-37.65769958496094
13:13:25.344387,0.10486,-24.27210752378088,-30.15,-37.65769958496094
13:13:25.349330,0.10486,-24.27210752378088,-30.15,-37.65769958496094
13:13:25.354366,0.10486,-24.27210752378088,-30.15,-37.65769958496094
13:13:25.359454,0.10486,-24.27210752378088,-30.15,-37.65769958496094
13:13:25.364425,0.10486,-24.27210752378088,-30.15,-37.65769958496094
13:13:25.369508,0.10486,-24.27210752378088,-30.15,-37.65769958496094
13:13:25.374370,0.11984,-24.19540159116369,-30.474,-38.65264892578125
13:13:25.379400,0.11984,-24.19540159116369,-30.474,-38.65264892578125
13:13:25.384304,0.11984,-24.19540159116369,-30.474,-38.65264892578125
13:13:25.389116,0.11984,-24.19540159116369,-30.474,-38.65264892578125
13:13:25.394061,0.11984,-24.19540159116369,-30.474,-38.65264892578125
13:13:25.399063,0.11984,-24.19540159116369,-30.474,-38.65264892578125
13:13:25.404108,0.10165,-25.16518918881994,-30.774,-39.60845947265625
13:13:25.409085,0.10165,-25.16518918881994,-30.774,-39.60845947265625
13:13:25.414034,0.10165,-25.16518918881994,-30.774,-39.60845947265625
13:13:25.419088,0.10165,-25.16518918881994,-30.774,-39.60845947265625
13:13:25.424070,0.10165,-25.16518918881994,-30.774,-39.60845947265625
13:13:25.429094,0.10165,-25.16518918881994,-30.774,-39.60845947265625
13:13:25.434062,0.10165,-25.16518918881994,-30.774,-39.60845947265625
13:13:25.439117,0.107,-23.647504252296503,-30.312,-40.56358337402344
13:13:25.444069,0.107,-23.647504252296503,-30.312,-40.56358337402344
13:13:25.449082,0.107,-23.647504252296503,-30.312,-40.56358337402344
13:13:25.454071,0.107,-23.647504252296503,-30.312,-40.56358337402344
13:13:25.459120,0.107,-23.647504252296503,-30.312,-40.56358337402344
13:13:25.464045,0.107,-23.647504252296503,-30.312,-40.56358337402344
13:13:25.469319,0.10379,-25.176144999366816,-31.086,-41.52488708496094
13:13:25.474378,0.10379,-25.176144999366816,-31.086,-41.52488708496094
13:13:25.479391,0.10379,-25.176144999366816,-31.086,-41.52488708496094
13:13:25.484393,0.10379,-25.176144999366816,-31.086,-41.52488708496094
13:13:25.489295,0.10379,-25.176144999366816,-31.086,-41.52488708496094
13:13:25.494391,0.10379,-25.176144999366816,-31.086,-41.52488708496094
13:13:25.499438,0.10379,-25.176144999366816,-31.086,-41.52488708496094
13:13:25.504517,0.12198,-25.56515256772619,-30.696,-42.53974914550781
13:13:25.509707,0.12198,-25.56515256772619,-30.696,-42.53974914550781
13:13:25.514426,0.12198,-25.56515256772619,-30.696,-42.53974914550781
13:13:25.519389,0.12198,-25.56515256772619,-30.696,-42.53974914550781
13:13:25.524385,0.12198,-25.56515256772619,-30.696,-42.53974914550781
13:13:25.529412,0.12198,-25.56515256772619,-30.696,-42.53974914550781
13:13:25.534601,0.1391,-27.444455546241816,-31.11,-43.559417724609375
13:13:25.539312,0.1391,-27.444455546241816,-31.11,-43.559417724609375
13:13:25.544406,0.1391,-27.444455546241816,-31.11,-43.559417724609375
13:13:25.549102,0.1391,-27.444455546241816,-31.11,-43.559417724609375
13:13:25.554175,0.1391,-27.444455546241816,-31.11,-43.559417724609375
13:13:25.559064,0.1391,-27.444455546241816,-31.11,-43.559417724609375
13:13:25.564059,0.1391,-27.444455546241816,-31.11,-43.559417724609375
13:13:25.569168,0.12519,-27.51568357358557,-30.312,-44.496002197265625
13:13:25.574069,0.12519,-27.51568357358557,-30.312,-44.496002197265625
13:13:25.579089,0.12519,-27.51568357358557,-30.312,-44.496002197265625
13:13:25.584058,0.12519,-27.51568357358557,-30.312,-44.496002197265625
13:13:25.589059,0.12519,-27.51568357358557,-30.312,-44.496002197265625
13:13:25.594058,0.12519,-27.51568357358557,-30.312,-44.496002197265625
13:13:25.599144,0.12412,-27.29652158628088,-30.942,-45.457305908203125
13:13:25.604085,0.12412,-27.29652158628088,-30.942,-45.457305908203125
13:13:25.609070,0.12412,-27.29652158628088,-30.942,-45.457305908203125
13:13:25.614070,0.12412,-27.29652158628088,-30.942,-45.457305908203125
13:13:25.619104,0.12412,-27.29652158628088,-30.942,-45.457305908203125
13:13:25.624443,0.12412,-27.29652158628088,-30.942,-45.457305908203125
13:13:25.629345,0.12412,-27.29652158628088,-30.942,-45.457305908203125
13:13:25.634303,0.12198,-27.329389017921503,-31.086,-46.41792297363281
13:13:25.639450,0.12198,-27.329389017921503,-31.086,-46.41792297363281
13:13:25.644383,0.12198,-27.329389017921503,-31.086,-46.41792297363281
13:13:25.649325,0.12198,-27.329389017921503,-31.086,-46.41792297363281
13:13:25.654284,0.12198,-27.329389017921503,-31.086,-46.41792297363281
13:13:25.659313,0.12198,-27.329389017921503,-31.086,-46.41792297363281
13:13:25.664605,0.1476599999999999,-27.34036008725744,-30.81,-47.39982604980469
13:13:25.669050,0.1476599999999999,-27.34036008725744,-30.81,-47.39982604980469
13:13:25.674051,0.1476599999999999,-27.34036008725744,-30.81,-47.39982604980469
13:13:25.679095,0.1476599999999999,-27.34036008725744,-30.81,-47.39982604980469
13:13:25.684069,0.1476599999999999,-27.34036008725744,-30.81,-47.39982604980469
13:13:25.689068,0.1476599999999999,-27.34036008725744,-30.81,-47.39982604980469
13:13:25.694081,0.1476599999999999,-27.34036008725744,-30.81,-47.39982604980469
13:13:25.699378,0.14338,-29.70181028256994,-31.332,-48.41468811035156
13:13:25.704402,0.14338,-29.70181028256994,-31.332,-48.41468811035156
13:13:25.709405,0.14338,-29.70181028256994,-31.332,-48.41468811035156
13:13:25.714124,0.14338,-29.70181028256994,-31.332,-48.41468811035156
13:13:25.719535,0.14338,-29.70181028256994,-31.332,-48.41468811035156
13:13:25.724386,0.14338,-29.70181028256994,-31.332,-48.41468811035156
13:13:25.729556,0.15836,-29.46072141538244,-30.15,-49.40483093261719
13:13:25.734057,0.15836,-29.46072141538244,-30.15,-49.40483093261719
13:13:25.739059,0.15836,-29.46072141538244,-30.15,-49.40483093261719
13:13:25.744097,0.15836,-29.46072141538244,-30.15,-49.40483093261719
13:13:25.749070,0.15836,-29.46072141538244,-30.15,-49.40483093261719
13:13:25.754156,0.15836,-29.46072141538244,-30.15,-49.40483093261719
13:13:25.759037,0.15836,-29.46072141538244,-30.15,-49.40483093261719
13:13:25.764141,0.14659,-30.69349424253088,-31.218,-50.3338623046875
13:13:25.769118,0.14659,-30.69349424253088,-31.218,-50.3338623046875
13:13:25.774069,0.14659,-30.69349424253088,-31.218,-50.3338623046875
13:13:25.779082,0.14659,-30.69349424253088,-31.218,-50.3338623046875
13:13:25.784046,0.14659,-30.69349424253088,-31.218,-50.3338623046875
13:13:25.789086,0.14659,-30.69349424253088,-31.218,-50.3338623046875
13:13:25.794792,0.14445,-29.09364072690588,-30.396,-51.329498291015625
13:13:25.799066,0.14445,-29.09364072690588,-30.396,-51.329498291015625
13:13:25.804056,0.14445,-29.09364072690588,-30.396,-51.329498291015625
13:13:25.809071,0.14445,-29.09364072690588,-30.396,-51.329498291015625
13:13:25.814069,0.14445,-29.09364072690588,-30.396,-51.329498291015625
13:13:25.819071,0.14445,-29.09364072690588,-30.396,-51.329498291015625
13:13:25.824109,0.14445,-29.09364072690588,-30.396,-51.329498291015625
13:13:25.829227,0.14659,-30.10177366147619,-31.302,-52.25852966308594
13:13:25.834105,0.14659,-30.10177366147619,-31.302,-52.25852966308594
13:13:25.839034,0.14659,-30.10177366147619,-31.302,-52.25852966308594
13:13:25.844062,0.14659,-30.10177366147619,-31.302,-52.25852966308594
13:13:25.849061,0.14659,-30.10177366147619,-31.302,-52.25852966308594
13:13:25.854609,0.14659,-30.10177366147619,-31.302,-52.25852966308594
13:13:25.859279,0.1498,-30.10177366147619,-31.380000000000003,-53.24592590332031
13:13:25.864390,0.1498,-30.370236796241816,-31.380000000000003,-53.24592590332031
13:13:25.869438,0.1498,-30.370236796241816,-31.380000000000003,-53.24592590332031
13:13:25.874431,0.1498,-30.370236796241816,-31.380000000000003,-53.24592590332031
13:13:25.879412,0.1498,-30.370236796241816,-31.380000000000003,-53.24592590332031
13:13:25.884424,0.1498,-30.370236796241816,-31.380000000000003,-53.24592590332031
13:13:25.889479,0.1498,-30.370236796241816,-31.380000000000003,-53.24592590332031
13:13:25.894327,0.17976,-32.0522894085465,-31.248,-54.28482055664063
13:13:25.899236,0.17976,-32.0522894085465,-31.248,-54.28482055664063
13:13:25.904265,0.17976,-32.0522894085465,-31.248,-54.28482055664063
13:13:25.909424,0.17976,-32.0522894085465,-31.248,-54.28482055664063
13:13:25.914370,0.17976,-32.0522894085465,-31.248,-54.28482055664063
13:13:25.919325,0.17976,-32.0522894085465,-31.248,-54.28482055664063
13:13:25.924460,0.17013,-32.0522894085465,-29.874,-55.2392578125
13:13:25.929317,0.17013,-32.5234808147965,-29.874,-55.2392578125
13:13:25.934451,0.17013,-32.5234808147965,-29.874,-55.2392578125
13:13:25.939388,0.17013,-32.5234808147965,-29.874,-55.2392578125
13:13:25.944312,0.17013,-32.5234808147965,-29.874,-55.2392578125
13:13:25.949324,0.17013,-32.5234808147965,-29.874,-55.2392578125
13:13:25.954292,0.17013,-32.5234808147965,-29.874,-55.2392578125
13:13:25.959262,0.17548,-32.090650004249625,-30.450000000000003,-56.20262145996094
13:13:25.964418,0.17548,-32.090650004249625,-30.450000000000003,-56.20262145996094
13:13:25.969339,0.17548,-32.090650004249625,-30.450000000000003,-56.20262145996094
13:13:25.974092,0.17548,-32.090650004249625,-30.450000000000003,-56.20262145996094
13:13:25.979088,0.17548,-32.090650004249625,-30.450000000000003,-56.20262145996094
13:13:25.984128,0.17548,-32.090650004249625,-30.450000000000003,-56.20262145996094
13:13:25.989325,0.15408,-32.29336301694494,-30.750000000000004,-57.13920593261719
13:13:25.994071,0.15408,-32.29336301694494,-30.750000000000004,-57.13920593261719
13:13:25.999059,0.15408,-32.29336301694494,-30.750000000000004,-57.13920593261719
13:13:26.004062,0.15408,-32.29336301694494,-30.750000000000004,-57.13920593261719
13:13:26.009085,0.15408,-32.29336301694494,-30.750000000000004,-57.13920593261719
13:13:26.014083,0.15408,-32.29336301694494,-30.750000000000004,-57.13920593261719
13:13:26.019099,0.15408,-32.29336301694494,-30.750000000000004,-57.13920593261719
13:13:26.024216,0.17227,-31.559186381202757,-31.218,-58.09226989746093
13:13:26.029095,0.17227,-31.559186381202757,-31.218,-58.09226989746093
13:13:26.034065,0.17227,-31.559186381202757,-31.218,-58.09226989746093
13:13:26.039070,0.17227,-31.559186381202757,-31.218,-58.09226989746093
13:13:26.044231,0.17227,-31.559186381202757,-31.218,-58.09226989746093
13:13:26.049049,0.17227,-31.559186381202757,-31.218,-58.09226989746093
13:13:26.054059,0.17548,-33.72338621030431,-31.74000000000001,-59.09751892089844
13:13:26.059093,0.17548,-33.72338621030431,-31.74000000000001,-59.09751892089844
13:13:26.064032,0.17548,-33.72338621030431,-31.74000000000001,-59.09751892089844
13:13:26.069107,0.17548,-33.72338621030431,-31.74000000000001,-59.09751892089844
13:13:26.074057,0.17548,-33.72338621030431,-31.74000000000001,-59.09751892089844
13:13:26.079071,0.17548,-33.72338621030431,-31.74000000000001,-59.09751892089844
13:13:26.084083,0.17548,-33.72338621030431,-31.74000000000001,-59.09751892089844
13:13:26.089067,0.19153,-33.61929075131994,-30.234,-60.121994018554695
13:13:26.094053,0.19153,-33.61929075131994,-30.234,-60.121994018554695
13:13:26.099057,0.19153,-33.61929075131994,-30.234,-60.121994018554695
13:13:26.104069,0.19153,-33.61929075131994,-30.234,-60.121994018554695
13:13:26.109083,0.19153,-33.61929075131994,-30.234,-60.121994018554695
13:13:26.114067,0.19153,-33.61929075131994,-30.234,-60.121994018554695
13:13:26.119058,0.19046,-35.087659281593375,-30.726000000000003,-61.06132507324219
13:13:26.124044,0.19046,-35.087659281593375,-30.726000000000003,-61.06132507324219
13:13:26.129072,0.19046,-35.087659281593375,-30.726000000000003,-61.06132507324219
13:13:26.134071,0.19046,-35.087659281593375,-30.726000000000003,-61.06132507324219
13:13:26.139064,0.19046,-35.087659281593375,-30.726000000000003,-61.06132507324219
13:13:26.144175,0.19046,-35.087659281593375,-30.726000000000003,-61.06132507324219
13:13:26.149173,0.19046,-35.087659281593375,-30.726000000000003,-61.06132507324219
13:13:26.154063,0.17869,-33.55901853452306,-29.238,-62.008895874023445
13:13:26.159055,0.17869,-33.55901853452306,-29.238,-62.008895874023445
13:13:26.164131,0.17869,-33.55901853452306,-29.238,-62.008895874023445
13:13:26.169136,0.17869,-33.55901853452306,-29.238,-62.008895874023445
13:13:26.174061,0.17869,-33.55901853452306,-29.238,-62.008895874023445
13:13:26.179057,0.17869,-33.55901853452306,-29.238,-62.008895874023445
13:13:26.184057,0.17976,-34.26580564389806,-31.05,-62.96539306640624
13:13:26.189064,0.17976,-34.26580564389806,-31.05,-62.96539306640624
13:13:26.194069,0.17976,-34.26580564389806,-31.05,-62.96539306640624
13:13:26.199058,0.17976,-34.26580564389806,-31.05,-62.96539306640624
13:13:26.204056,0.17976,-34.26580564389806,-31.05,-62.96539306640624
13:13:26.209083,0.17976,-34.26580564389806,-31.05,-62.96539306640624
13:13:26.214060,0.17976,-34.26580564389806,-31.05,-62.96539306640624
13:13:26.219060,0.18297,-33.96993772397619,-30.204,-63.90129089355468
13:13:26.224051,0.18297,-33.96993772397619,-30.204,-63.90129089355468
13:13:26.229058,0.18297,-33.96993772397619,-30.204,-63.90129089355468
13:13:26.234084,0.18297,-33.96993772397619,-30.204,-63.90129089355468
13:13:26.239200,0.18297,-33.96993772397619,-30.204,-63.90129089355468
13:13:26.244057,0.18297,-33.96993772397619,-30.204,-63.90129089355468
13:13:26.249058,0.19795,-35.33421079526525,-31.578,-64.92233276367188
13:13:26.254053,0.19795,-35.33421079526525,-31.578,-64.92233276367188
13:13:26.259128,0.19795,-35.33421079526525,-31.578,-64.92233276367188
13:13:26.264066,0.19795,-35.33421079526525,-31.578,-64.92233276367188
13:13:26.269058,0.19795,-35.33421079526525,-31.578,-64.92233276367188
13:13:26.274087,0.19795,-35.33421079526525,-31.578,-64.92233276367188
13:13:26.279070,0.19795,-35.33421079526525,-31.578,-64.92233276367188
13:13:26.284063,0.19688,-36.08483640561681,-30.81,-65.93101501464844
13:13:26.289067,0.19688,-36.08483640561681,-30.81,-65.93101501464844
13:13:26.294260,0.19688,-36.08483640561681,-30.81,-65.93101501464844
13:13:26.299123,0.19688,-36.08483640561681,-30.81,-65.93101501464844
13:13:26.304427,0.19688,-36.08483640561681,-30.81,-65.93101501464844
13:13:26.309386,0.19688,-36.08483640561681,-30.81,-65.93101501464844
13:13:26.314288,0.19795,-35.641034525734,-29.988,-66.90605163574219
13:13:26.319268,0.19795,-35.641034525734,-29.988,-66.90605163574219
13:13:26.324259,0.19795,-35.641034525734,-29.988,-66.90605163574219
13:13:26.329393,0.19795,-35.641034525734,-29.988,-66.90605163574219
13:13:26.334234,0.19795,-35.641034525734,-29.988,-66.90605163574219
13:13:26.339357,0.19795,-35.641034525734,-29.988,-66.90605163574219
13:13:26.344387,0.19795,-35.641034525734,-29.988,-66.90605163574219
13:13:26.349408,0.18618,-35.964307230812125,-30.642,-67.86392211914062
13:13:26.354137,0.18618,-35.964307230812125,-30.642,-67.86392211914062
13:13:26.359093,0.18618,-35.964307230812125,-30.642,-67.86392211914062
13:13:26.364066,0.18618,-35.964307230812125,-30.642,-67.86392211914062
13:13:26.369164,0.18618,-35.964307230812125,-30.642,-67.86392211914062
13:13:26.374087,0.18618,-35.964307230812125,-30.642,-67.86392211914062
13:13:26.379065,0.19902,-34.91781370053869,-30.81,-68.81767272949219
13:13:26.384051,0.19902,-34.91781370053869,-30.81,-68.81767272949219
13:13:26.389106,0.19902,-34.91781370053869,-30.81,-68.81767272949219
13:13:26.394059,0.19902,-34.91781370053869,-30.81,-68.81767272949219
13:13:26.399091,0.19902,-34.91781370053869,-30.81,-68.81767272949219
13:13:26.404105,0.19902,-34.91781370053869,-30.81,-68.81767272949219
13:13:26.409071,0.19902,-34.91781370053869,-30.81,-68.81767272949219
13:13:26.414342,0.19046,-36.75327817807775,-31.716000000000005,-69.78790283203125
13:13:26.419103,0.19046,-36.75327817807775,-31.716000000000005,-69.78790283203125
13:13:26.424226,0.19046,-36.75327817807775,-31.716000000000005,-69.78790283203125
13:13:26.429055,0.19046,-36.75327817807775,-31.716000000000005,-69.78790283203125
13:13:26.434055,0.19046,-36.75327817807775,-31.716000000000005,-69.78790283203125
13:13:26.439091,0.19046,-36.75327817807775,-31.716000000000005,-69.78790283203125
13:13:26.444065,0.20651,-36.3533147991715,-30.042,-70.78628540039062
13:13:26.449069,0.20651,-36.3533147991715,-30.042,-70.78628540039062
13:13:26.454063,0.20651,-36.3533147991715,-30.042,-70.78628540039062
13:13:26.459089,0.20651,-36.3533147991715,-30.042,-70.78628540039062
13:13:26.464072,0.20651,-36.3533147991715,-30.042,-70.78628540039062
13:13:26.469062,0.20651,-36.3533147991715,-30.042,-70.78628540039062
13:13:26.474172,0.20651,-36.3533147991715,-30.042,-70.78628540039062
13:13:26.479064,0.21935,-38.03536741147619,-31.026,-71.82861328125
13:13:26.484061,0.21935,-38.03536741147619,-31.026,-71.82861328125
13:13:26.489123,0.21935,-38.03536741147619,-31.026,-71.82861328125
13:13:26.494056,0.21935,-38.03536741147619,-31.026,-71.82861328125
13:13:26.499040,0.21935,-38.03536741147619,-31.026,-71.82861328125
13:13:26.504067,0.21935,-38.03536741147619,-31.026,-71.82861328125
13:13:26.509091,0.20865,-36.53411619077306,-29.628,-72.75627136230469
13:13:26.514134,0.20865,-36.53411619077306,-29.628,-72.75627136230469
13:13:26.519024,0.20865,-36.53411619077306,-29.628,-72.75627136230469
13:13:26.524061,0.20865,-36.53411619077306,-29.628,-72.75627136230469
13:13:26.529061,0.20865,-36.53411619077306,-29.628,-72.75627136230469
13:13:26.534112,0.20865,-36.53411619077306,-29.628,-72.75627136230469
13:13:26.538974,0.20865,-36.53411619077306,-29.628,-72.75627136230469
13:13:26.544049,0.19688,-37.12585203061681,-30.834,-73.71620178222656
13:13:26.549049,0.19688,-37.12585203061681,-30.834,-73.71620178222656
13:13:26.554093,0.19688,-37.12585203061681,-30.834,-73.71620178222656
13:13:26.559092,0.19688,-37.12585203061681,-30.834,-73.71620178222656
13:13:26.564073,0.19688,-37.12585203061681,-30.834,-73.71620178222656
13:13:26.569483,0.19688,-37.12585203061681,-30.834,-73.71620178222656
13:13:26.574322,0.19795,-36.67657224546056,-31.164000000000005,-74.674072265625
13:13:26.579072,0.19795,-36.67657224546056,-31.164000000000005,-74.674072265625
13:13:26.584067,0.19795,-36.67657224546056,-31.164000000000005,-74.674072265625
13:13:26.589065,0.19795,-36.67657224546056,-31.164000000000005,-74.674072265625
13:13:26.594064,0.19795,-36.67657224546056,-31.164000000000005,-74.674072265625
13:13:26.599093,0.19795,-36.67657224546056,-31.164000000000005,-74.674072265625
13:13:26.604072,0.19795,-36.67657224546056,-31.164000000000005,-74.674072265625
13:13:26.609066,0.20758,-37.28474180112463,-31.086,-75.66490173339844
13:13:26.614170,0.20758,-37.28474180112463,-31.086,-75.66490173339844
13:13:26.619063,0.20758,-37.28474180112463,-31.086,-75.66490173339844
13:13:26.624059,0.20758,-37.28474180112463,-31.086,-75.66490173339844
13:13:26.629062,0.20758,-37.28474180112463,-31.086,-75.66490173339844
13:13:26.634114,0.20758,-37.28474180112463,-31.086,-75.66490173339844
13:13:26.639270,0.21828,-38.33123533139806,-30.341999999999995,-76.64749145507812
13:13:26.644057,0.21828,-38.33123533139806,-30.341999999999995,-76.64749145507812
13:13:26.649062,0.21828,-38.33123533139806,-30.341999999999995,-76.64749145507812
13:13:26.654093,0.21828,-38.33123533139806,-30.341999999999995,-76.64749145507812
13:13:26.659091,0.21828,-38.33123533139806,-30.341999999999995,-76.64749145507812
13:13:26.664070,0.21828,-38.33123533139806,-30.341999999999995,-76.64749145507812
13:13:26.669470,0.21828,-38.33123533139806,-30.341999999999995,-76.64749145507812
13:13:26.674227,0.21935,-37.88743345151525,-30.672,-77.67745971679688
13:13:26.679360,0.21935,-37.88743345151525,-30.672,-77.67745971679688
13:13:26.684283,0.21935,-37.88743345151525,-30.672,-77.67745971679688
13:13:26.689482,0.21935,-37.88743345151525,-30.672,-77.67745971679688
13:13:26.694291,0.21935,-37.88743345151525,-30.672,-77.67745971679688
13:13:26.699274,0.21935,-37.88743345151525,-30.672,-77.67745971679688
13:13:26.704317,0.20009,-38.40794126401525,-29.982,-78.63670349121094
13:13:26.709292,0.20009,-38.40794126401525,-29.982,-78.63670349121094
13:13:26.714361,0.20009,-38.40794126401525,-29.982,-78.63670349121094
13:13:26.719306,0.20009,-38.40794126401525,-29.982,-78.63670349121094
13:13:26.724289,0.20009,-38.40794126401525,-29.982,-78.63670349121094
13:13:26.729302,0.20009,-38.40794126401525,-29.982,-78.63670349121094
13:13:26.734331,0.20009,-38.40794126401525,-29.982,-78.63670349121094
13:13:26.739299,0.20116,-37.01626340756994,-30.588,-79.56573486328125
13:13:26.744395,0.20116,-37.01626340756994,-30.588,-79.56573486328125
13:13:26.749368,0.20116,-37.01626340756994,-30.588,-79.56573486328125
13:13:26.754364,0.20116,-37.01626340756994,-30.588,-79.56573486328125
13:13:26.759319,0.20116,-37.01626340756994,-30.588,-79.56573486328125
13:13:26.764309,0.20116,-37.01626340756994,-30.588,-79.56573486328125
13:13:26.769206,0.20972,-38.55038205991369,-30.942,-80.50163269042969
13:13:26.774260,0.20972,-38.55038205991369,-30.942,-80.50163269042969
13:13:26.779256,0.20972,-38.55038205991369,-30.942,-80.50163269042969
13:13:26.784135,0.20972,-38.55038205991369,-30.942,-80.50163269042969
13:13:26.789309,0.20972,-38.55038205991369,-30.942,-80.50163269042969
13:13:26.794370,0.20972,-38.55038205991369,-30.942,-80.50163269042969
13:13:26.799314,0.20972,-38.55038205991369,-30.942,-80.50163269042969
13:13:26.804379,0.21828,-37.63538877378088,-30.750000000000004,-81.54396057128906
13:13:26.809356,0.21828,-37.63538877378088,-30.750000000000004,-81.54396057128906
13:13:26.814364,0.21828,-37.63538877378088,-30.750000000000004,-81.54396057128906
13:13:26.819316,0.21828,-37.63538877378088,-30.750000000000004,-81.54396057128906
13:13:26.824306,0.21828,-37.63538877378088,-30.750000000000004,-81.54396057128906
13:13:26.829356,0.21828,-37.63538877378088,-30.750000000000004,-81.54396057128906
13:13:26.834317,0.23005,-39.61330930600744,-30.78,-82.55195617675781
13:13:26.839342,0.23005,-39.61330930600744,-30.78,-82.55195617675781
13:13:26.844311,0.23005,-39.61330930600744,-30.78,-82.55195617675781
13:13:26.849298,0.23005,-39.61330930600744,-30.78,-82.55195617675781
13:13:26.854290,0.23005,-39.61330930600744,-30.78,-82.55195617675781
13:13:26.859274,0.23005,-39.61330930600744,-30.78,-82.55195617675781
13:13:26.864320,0.23005,-39.61330930600744,-30.78,-82.55195617675781
13:13:26.869277,0.214,-38.44080869565588,-30.174000000000003,-83.49884033203125
13:13:26.874295,0.214,-38.44080869565588,-30.174000000000003,-83.49884033203125
13:13:26.879367,0.214,-38.44080869565588,-30.174000000000003,-83.49884033203125
13:13:26.884326,0.214,-38.44080869565588,-30.174000000000003,-83.49884033203125
13:13:26.889305,0.214,-38.44080869565588,-30.174000000000003,-83.49884033203125
13:13:26.894385,0.214,-38.44080869565588,-30.174000000000003,-83.49884033203125
13:13:26.899298,0.22042,-38.901044291359,-30.036,-84.43336486816406
13:13:26.904358,0.22042,-38.901044291359,-30.036,-84.43336486816406
13:13:26.909287,0.22042,-38.901044291359,-30.036,-84.43336486816406
13:13:26.914104,0.22042,-38.901044291359,-30.036,-84.43336486816406
13:13:26.919097,0.22042,-38.901044291359,-30.036,-84.43336486816406
13:13:26.924114,0.22042,-38.901044291359,-30.036,-84.43336486816406
13:13:26.929068,0.22042,-38.901044291359,-30.036,-84.43336486816406
13:13:26.934082,0.22256,-38.44628660092931,-30.09,-85.35896301269531
13:13:26.939057,0.22256,-38.44628660092931,-30.09,-85.35896301269531
13:13:26.944058,0.22256,-38.44628660092931,-30.09,-85.35896301269531
13:13:26.949071,0.22256,-38.44628660092931,-30.09,-85.35896301269531
13:13:26.954085,0.22256,-38.44628660092931,-30.09,-85.35896301269531
13:13:26.959060,0.22256,-38.44628660092931,-30.09,-85.35896301269531
13:13:26.964063,0.22577,-39.175000590187125,-29.328,-86.28044128417969
13:13:26.969313,0.22577,-39.175000590187125,-29.328,-86.28044128417969
13:13:26.974233,0.22577,-39.175000590187125,-29.328,-86.28044128417969
13:13:26.979358,0.22577,-39.175000590187125,-29.328,-86.28044128417969
13:13:26.984387,0.22577,-39.175000590187125,-29.328,-86.28044128417969
13:13:26.989299,0.22577,-39.175000590187125,-29.328,-86.28044128417969
13:13:26.994491,0.22577,-39.175000590187125,-29.328,-86.28044128417969
13:13:26.999243,0.23433,-39.53112546811681,-27.978,-87.17445373535156
13:13:27.004341,0.23433,-39.53112546811681,-27.978,-87.17445373535156
13:13:27.009359,0.23433,-39.53112546811681,-27.978,-87.17445373535156
13:13:27.014389,0.23433,-39.53112546811681,-27.978,-87.17445373535156
13:13:27.019337,0.23433,-39.53112546811681,-27.978,-87.17445373535156
13:13:27.024113,0.23433,-39.53112546811681,-27.978,-87.17445373535156
13:13:27.029133,0.24182,-39.78864805112463,-27.21,-88.07258605957031
13:13:27.034068,0.24182,-39.78864805112463,-27.21,-88.07258605957031
13:13:27.039071,0.24182,-39.78864805112463,-27.21,-88.07258605957031
13:13:27.044060,0.24182,-39.78864805112463,-27.21,-88.07258605957031
13:13:27.049100,0.24182,-39.78864805112463,-27.21,-88.07258605957031
13:13:27.054082,0.24182,-39.78864805112463,-27.21,-88.07258605957031
13:13:27.059681,0.24075,-39.78864805112463,-25.176,-88.94393920898438
13:13:27.064157,0.24075,-39.67358152280431,-25.176,-88.94393920898438
13:13:27.069070,0.24075,-39.67358152280431,-25.176,-88.94393920898438
13:13:27.074092,0.24075,-39.67358152280431,-25.176,-88.94393920898438
13:13:27.079095,0.24075,-39.67358152280431,-25.176,-88.94393920898438
13:13:27.084062,0.24075,-39.67358152280431,-25.176,-88.94393920898438
13:13:27.089063,0.24075,-39.67358152280431,-25.176,-88.94393920898438
13:13:27.094121,0.22684,-39.175000590187125,-24.522,-89.74319458007812
13:13:27.099496,0.22684,-39.175000590187125,-24.522,-89.74319458007812
13:13:27.104280,0.22684,-39.175000590187125,-24.522,-89.74319458007812
13:13:27.109369,0.22684,-39.175000590187125,-24.522,-89.74319458007812
13:13:27.114398,0.22684,-39.175000590187125,-24.522,-89.74319458007812
13:13:27.119409,0.22684,-39.175000590187125,-24.522,-89.74319458007812
13:13:27.124417,0.22684,-39.175000590187125,-24.522,-89.74319458007812
13:13:27.129467,0.22684,-38.84624997983556,-23.97,-90.52459716796876
13:13:27.134411,0.22684,-38.84624997983556,-23.97,-90.52459716796876
13:13:27.139299,0.22684,-38.84624997983556,-23.97,-90.52459716796876
13:13:27.144359,0.22684,-38.84624997983556,-23.97,-90.52459716796876
13:13:27.149452,0.22684,-38.84624997983556,-23.97,-90.52459716796876
13:13:27.154314,0.22684,-38.84624997983556,-23.97,-90.52459716796876
13:13:27.159268,0.24075,-40.024243754249625,-23.748,-91.25518798828124
13:13:27.164327,0.24075,-40.024243754249625,-23.748,-91.25518798828124
13:13:27.169151,0.24075,-40.024243754249625,-23.748,-91.25518798828124
13:13:27.174269,0.24075,-40.024243754249625,-23.748,-91.25518798828124
13:13:27.179298,0.24075,-40.024243754249625,-23.748,-91.25518798828124
13:13:27.184288,0.24075,-40.024243754249625,-23.748,-91.25518798828124
13:13:27.189275,0.24075,-40.024243754249625,-23.748,-91.25518798828124
13:13:27.194215,0.22684,-38.46819822202306,-22.764000000000003,-91.98989868164062
13:13:27.199423,0.22684,-38.46819822202306,-22.764000000000003,-91.98989868164062
13:13:27.204426,0.22684,-38.46819822202306,-22.764000000000003,-91.98989868164062
13:13:27.209335,0.22684,-38.46819822202306,-22.764000000000003,-91.98989868164062
13:13:27.214396,0.22684,-38.46819822202306,-22.764000000000003,-91.98989868164062
13:13:27.219398,0.22684,-38.46819822202306,-22.764000000000003,-91.98989868164062
13:13:27.224435,0.24289,-41.41590635190588,-21.774,-92.69027709960938
13:13:27.229434,0.24289,-41.41590635190588,-21.774,-92.69027709960938
13:13:27.234370,0.24289,-41.41590635190588,-21.774,-92.69027709960938
13:13:27.239399,0.24289,-41.41590635190588,-21.774,-92.69027709960938
13:13:27.244424,0.24289,-41.41590635190588,-21.774,-92.69027709960938
13:13:27.249314,0.24289,-41.41590635190588,-21.774,-92.69027709960938
13:13:27.254323,0.24289,-41.41590635190588,-21.774,-92.69027709960938
13:13:27.259222,0.23112,-38.68188230405431,-19.578,-93.36799621582033
13:13:27.264094,0.23112,-38.68188230405431,-19.578,-93.36799621582033
13:13:27.269107,0.23112,-38.68188230405431,-19.578,-93.36799621582033
13:13:27.274071,0.23112,-38.68188230405431,-19.578,-93.36799621582033
13:13:27.279066,0.23112,-38.68188230405431,-19.578,-93.36799621582033
13:13:27.284087,0.23112,-38.68188230405431,-19.578,-93.36799621582033
13:13:27.289151,0.23968,-40.13929502378088,-19.056,-94.031982421875
13:13:27.294086,0.23968,-40.13929502378088,-19.056,-94.031982421875
13:13:27.299065,0.23968,-40.13929502378088,-19.056,-94.031982421875
13:13:27.304047,0.23968,-40.13929502378088,-19.056,-94.031982421875
13:13:27.309072,0.23968,-40.13929502378088,-19.056,-94.031982421875
13:13:27.314082,0.23968,-40.13929502378088,-19.056,-94.031982421875
13:13:27.319091,0.23968,-40.13929502378088,-19.056,-94.031982421875
13:13:27.324142,0.23968,-39.67358152280431,-17.298,-94.6025848388672
13:13:27.329088,0.23968,-39.67358152280431,-17.298,-94.6025848388672
13:13:27.334060,0.23968,-39.67358152280431,-17.298,-94.6025848388672
13:13:27.339080,0.23968,-39.67358152280431,-17.298,-94.6025848388672
13:13:27.344070,0.23968,-39.67358152280431,-17.298,-94.6025848388672
13:13:27.349069,0.23968,-39.67358152280431,-17.298,-94.6025848388672
13:13:27.354627,0.22577,-38.41341916928869,-17.298,-95.15533447265624
13:13:27.359383,0.22577,-38.41341916928869,-17.298,-95.15533447265624
13:13:27.364355,0.22577,-38.41341916928869,-17.298,-95.15533447265624
13:13:27.369115,0.22577,-38.41341916928869,-17.298,-95.15533447265624
13:13:27.374294,0.22577,-38.41341916928869,-17.298,-95.15533447265624
13:13:27.379090,0.22577,-38.41341916928869,-17.298,-95.15533447265624
13:13:27.384049,0.22577,-38.41341916928869,-17.298,-95.15533447265624
13:13:27.389012,0.23861,-39.66262571225744,-15.870000000000005,-95.701904296875
13:13:27.394001,0.23861,-39.66262571225744,-15.870000000000005,-95.701904296875
13:13:27.399027,0.23861,-39.66262571225744,-15.870000000000005,-95.701904296875
13:13:27.404026,0.23861,-39.66262571225744,-15.870000000000005,-95.701904296875
13:13:27.409044,0.23861,-39.66262571225744,-15.870000000000005,-95.701904296875
13:13:27.414069,0.23861,-39.66262571225744,-15.870000000000005,-95.701904296875
13:13:27.419368,0.22898,-39.66262571225744,-15.54,-96.20040893554688
13:13:27.424058,0.22898,-39.410596293312125,-15.54,-96.20040893554688
13:13:27.429067,0.22898,-39.410596293312125,-15.54,-96.20040893554688
13:13:27.434098,0.22898,-39.410596293312125,-15.54,-96.20040893554688
13:13:27.439064,0.22898,-39.410596293312125,-15.54,-96.20040893554688
13:13:27.444069,0.22898,-39.410596293312125,-15.54,-96.20040893554688
13:13:27.449115,0.22898,-39.410596293312125,-15.54,-96.20040893554688
13:13:27.454435,0.24931,-38.418897074562125,-14.388,-96.65153503417967
13:13:27.459339,0.24931,-38.418897074562125,-14.388,-96.65153503417967
13:13:27.464086,0.24931,-38.418897074562125,-14.388,-96.65153503417967
13:13:27.469072,0.24931,-38.418897074562125,-14.388,-96.65153503417967
13:13:27.474094,0.24931,-38.418897074562125,-14.388,-96.65153503417967
13:13:27.479047,0.24931,-38.418897074562125,-14.388,-96.65153503417967
13:13:27.484086,0.24931,-38.418897074562125,-14.388,-96.65153503417967
13:13:27.489120,0.23861,-38.77502195249181,-13.865999999999998,-97.0978546142578
13:13:27.494067,0.23861,-38.77502195249181,-13.865999999999998,-97.0978546142578
13:13:27.499050,0.23861,-38.77502195249181,-13.865999999999998,-97.0978546142578
13:13:27.504039,0.23861,-38.77502195249181,-13.865999999999998,-97.0978546142578
13:13:27.509067,0.23861,-38.77502195249181,-13.865999999999998,-97.0978546142578
13:13:27.514083,0.23861,-38.77502195249181,-13.865999999999998,-97.0978546142578
13:13:27.519269,0.24717,-39.71742002378088,-12.384,-97.5091552734375
13:13:27.524102,0.24717,-39.71742002378088,-12.384,-97.5091552734375
13:13:27.529069,0.24717,-39.71742002378088,-12.384,-97.5091552734375
13:13:27.534064,0.24717,-39.71742002378088,-12.384,-97.5091552734375
13:13:27.539086,0.24717,-39.71742002378088,-12.384,-97.5091552734375
13:13:27.544069,0.24717,-39.71742002378088,-12.384,-97.5091552734375
13:13:27.549631,0.24717,-39.71742002378088,-12.384,-97.5091552734375
13:13:27.554097,0.2461,-39.7009710491715,-11.37,-97.88818359375
13:13:27.559068,0.2461,-39.7009710491715,-11.37,-97.88818359375
13:13:27.564063,0.2461,-39.7009710491715,-11.37,-97.88818359375
13:13:27.569093,0.2461,-39.7009710491715,-11.37,-97.88818359375
13:13:27.574029,0.2461,-39.7009710491715,-11.37,-97.88818359375
13:13:27.579083,0.2461,-39.7009710491715,-11.37,-97.88818359375
13:13:27.584121,0.24824,-39.12020627866369,-10.104,-98.2232666015625
13:13:27.589107,0.24824,-39.12020627866369,-10.104,-98.2232666015625
13:13:27.594067,0.24824,-39.12020627866369,-10.104,-98.2232666015625
13:13:27.599067,0.24824,-39.12020627866369,-10.104,-98.2232666015625
13:13:27.604058,0.24824,-39.12020627866369,-10.104,-98.2232666015625
13:13:27.609089,0.24824,-39.12020627866369,-10.104,-98.2232666015625
13:13:27.614126,0.24824,-39.12020627866369,-10.104,-98.2232666015625
13:13:27.619125,0.24503,-38.851727885109,-9.168,-98.53843688964844
13:13:27.624071,0.24503,-38.851727885109,-9.168,-98.53843688964844
13:13:27.629064,0.24503,-38.851727885109,-9.168,-98.53843688964844
13:13:27.634050,0.24503,-38.851727885109,-9.168,-98.53843688964844
13:13:27.639071,0.24503,-38.851727885109,-9.168,-98.53843688964844
13:13:27.644070,0.24503,-38.851727885109,-9.168,-98.53843688964844
13:13:27.649155,0.25466,-39.48182432065588,-8.898,-98.83438110351562
13:13:27.654110,0.25466,-39.48182432065588,-8.898,-98.83438110351562
13:13:27.659049,0.25466,-39.48182432065588,-8.898,-98.83438110351562
13:13:27.664067,0.25466,-39.48182432065588,-8.898,-98.83438110351562
13:13:27.669072,0.25466,-39.48182432065588,-8.898,-98.83438110351562
13:13:27.674071,0.25466,-39.48182432065588,-8.898,-98.83438110351562
13:13:27.679121,0.25466,-39.48182432065588,-8.898,-98.83438110351562
13:13:27.684239,0.26429,-39.21334592710119,-6.779999999999999,-99.08843994140624
13:13:27.689088,0.26429,-39.21334592710119,-6.779999999999999,-99.08843994140624
13:13:27.694063,0.26429,-39.21334592710119,-6.779999999999999,-99.08843994140624
13:13:27.699066,0.26429,-39.21334592710119,-6.779999999999999,-99.08843994140624
13:13:27.704185,0.26429,-39.21334592710119,-6.779999999999999,-99.08843994140624
13:13:27.709065,0.26429,-39.21334592710119,-6.779999999999999,-99.08843994140624
13:13:27.714123,0.25038,-39.322919291359,-5.574,-99.30885314941406
13:13:27.719063,0.25038,-39.322919291359,-5.574,-99.30885314941406
13:13:27.724072,0.25038,-39.322919291359,-5.574,-99.30885314941406
13:13:27.729090,0.25038,-39.322919291359,-5.574,-99.30885314941406
13:13:27.734098,0.25038,-39.322919291359,-5.574,-99.30885314941406
13:13:27.739085,0.25038,-39.322919291359,-5.574,-99.30885314941406
13:13:27.744524,0.25038,-39.322919291359,-5.574,-99.30885314941406
13:13:27.749072,0.25145,-38.00796262631994,-4.584,-99.48600769042967
13:13:27.754069,0.25145,-38.00796262631994,-4.584,-99.48600769042967
13:13:27.759063,0.25145,-38.00796262631994,-4.584,-99.48600769042967
13:13:27.764084,0.25145,-38.00796262631994,-4.584,-99.48600769042967
13:13:27.769072,0.25145,-38.00796262631994,-4.584,-99.48600769042967
13:13:27.774095,0.25145,-38.00796262631994,-4.584,-99.48600769042967
13:13:27.779114,0.25145,-38.72572080503088,-3.87,-99.62745666503906
13:13:27.784093,0.25145,-38.72572080503088,-3.87,-99.62745666503906
13:13:27.789098,0.25145,-38.72572080503088,-3.87,-99.62745666503906
13:13:27.794065,0.25145,-38.72572080503088,-3.87,-99.62745666503906
13:13:27.799081,0.25145,-38.72572080503088,-3.87,-99.62745666503906
13:13:27.804072,0.25145,-38.72572080503088,-3.87,-99.62745666503906
13:13:27.809403,0.25145,-38.72572080503088,-3.87,-99.62745666503906
13:13:27.814261,0.2461,-39.33389036069494,-3.24,-99.73114013671876
13:13:27.819369,0.2461,-39.33389036069494,-3.24,-99.73114013671876
13:13:27.824402,0.2461,-39.33389036069494,-3.24,-99.73114013671876
13:13:27.829401,0.2461,-39.33389036069494,-3.24,-99.73114013671876
13:13:27.834443,0.2461,-39.33389036069494,-3.24,-99.73114013671876
13:13:27.839449,0.2461,-39.33389036069494,-3.24,-99.73114013671876
13:13:27.844319,0.24503,-39.311963480812125,-1.866,-99.8272705078125
13:13:27.849262,0.24503,-39.311963480812125,-1.866,-99.8272705078125
13:13:27.854258,0.24503,-39.311963480812125,-1.866,-99.8272705078125
13:13:27.859401,0.24503,-39.311963480812125,-1.866,-99.8272705078125
13:13:27.864384,0.24503,-39.311963480812125,-1.866,-99.8272705078125
13:13:27.869321,0.24503,-39.311963480812125,-1.866,-99.8272705078125
13:13:27.874310,0.24503,-39.311963480812125,-1.866,-99.8272705078125
13:13:27.879318,0.23968,-39.25170652280431,-1.2899999999999998,-99.87533569335938
13:13:27.884268,0.23968,-39.25170652280431,-1.2899999999999998,-99.87533569335938
13:13:27.889291,0.23968,-39.25170652280431,-1.2899999999999998,-99.87533569335938
13:13:27.894315,0.23968,-39.25170652280431,-1.2899999999999998,-99.87533569335938
13:13:27.899407,0.23968,-39.25170652280431,-1.2899999999999998,-99.87533569335938
13:13:27.904403,0.23968,-39.25170652280431,-1.2899999999999998,-99.87533569335938
13:13:27.909314,0.23968,-36.81902830014806,-1.014,-99.90966796875
13:13:27.914277,0.23968,-36.81902830014806,-1.014,-99.90966796875
13:13:27.919290,0.23968,-36.81902830014806,-1.014,-99.90966796875
13:13:27.924408,0.23968,-36.81902830014806,-1.014,-99.90966796875
13:13:27.929408,0.23968,-36.81902830014806,-1.014,-99.90966796875
13:13:27.934350,0.23968,-36.81902830014806,-1.014,-99.90966796875
13:13:27.939317,0.23968,-36.81902830014806,-1.014,-99.90966796875
13:13:27.944326,0.26215,-37.95318357358556,-1.2899999999999998,-99.94468688964844
13:13:27.949336,0.26215,-37.95318357358556,-1.2899999999999998,-99.94468688964844
13:13:27.954266,0.26215,-37.95318357358556,-1.2899999999999998,-99.94468688964844
13:13:27.959306,0.26215,-37.95318357358556,-1.2899999999999998,-99.94468688964844
13:13:27.964292,0.26215,-37.95318357358556,-1.2899999999999998,-99.94468688964844
13:13:27.969275,0.26215,-37.95318357358556,-1.2899999999999998,-99.94468688964844
13:13:27.974210,0.25894,-39.26814023862463,-0.414,-99.97283935546876
13:13:27.979258,0.25894,-39.26814023862463,-0.414,-99.97283935546876
13:13:27.984298,0.25894,-39.26814023862463,-0.414,-99.97283935546876
13:13:27.989333,0.25894,-39.26814023862463,-0.414,-99.97283935546876
13:13:27.994379,0.25894,-39.26814023862463,-0.414,-99.97283935546876
13:13:27.999270,0.25894,-39.26814023862463,-0.414,-99.97283935546876
13:13:28.004256,0.25894,-39.26814023862463,-0.414,-99.97283935546876
13:13:28.009288,0.25038,-38.28191892514806,-0.2759999999999999,-99.98245239257812
13:13:28.014267,0.25038,-38.28191892514806,-0.2759999999999999,-99.98245239257812
13:13:28.019234,0.25038,-38.28191892514806,-0.2759999999999999,-99.98245239257812
13:13:28.024270,0.25038,-38.28191892514806,-0.2759999999999999,-99.98245239257812
13:13:28.029269,0.25038,-38.28191892514806,-0.2759999999999999,-99.98245239257812
13:13:28.034282,0.25038,-38.28191892514806,-0.2759999999999999,-99.98245239257812
13:13:28.039439,0.25038,-38.4736761272965,-0.108,-99.97833251953124
13:13:28.044270,0.25038,-38.4736761272965,-0.108,-99.97833251953124
13:13:28.049295,0.25038,-38.4736761272965,-0.108,-99.97833251953124
13:13:28.054290,0.25038,-38.4736761272965,-0.108,-99.97833251953124
13:13:28.059318,0.25038,-38.4736761272965,-0.108,-99.97833251953124
13:13:28.064373,0.25038,-38.4736761272965,-0.108,-99.97833251953124
13:13:28.069306,0.25038,-38.4736761272965,-0.108,-99.97833251953124
13:13:28.074269,0.24503,-38.09014646421056,-0.0,-99.98245239257812
13:13:28.079321,0.24503,-38.09014646421056,-0.0,-99.98245239257812
13:13:28.084415,0.24503,-38.09014646421056,-0.0,-99.98245239257812
13:13:28.089388,0.24503,-38.09014646421056,-0.0,-99.98245239257812
13:13:28.094308,0.24503,-38.09014646421056,-0.0,-99.98245239257812
13:13:28.099283,0.24503,-38.09014646421056,-0.0,-99.98245239257812
13:13:28.104618,0.2461,-38.09014646421056,-0.246,-99.98931884765624
13:13:28.109271,0.2461,-38.02439634214025,-0.246,-99.98931884765624
13:13:28.114293,0.2461,-38.02439634214025,-0.246,-99.98931884765624
13:13:28.119301,0.2461,-38.02439634214025,-0.246,-99.98931884765624
13:13:28.124283,0.2461,-38.02439634214025,-0.246,-99.98931884765624
13:13:28.129282,0.2461,-38.02439634214025,-0.246,-99.98931884765624
13:13:28.134280,0.2461,-38.02439634214025,-0.246,-99.98931884765624
13:13:28.139275,0.24396,-38.22712461362463,-0.1919999999999999,-99.98794555664062
13:13:28.144303,0.24396,-38.22712461362463,-0.1919999999999999,-99.98794555664062
13:13:28.149318,0.24396,-38.22712461362463,-0.1919999999999999,-99.98794555664062
13:13:28.154400,0.24396,-38.22712461362463,-0.1919999999999999,-99.98794555664062
13:13:28.159350,0.24396,-38.22712461362463,-0.1919999999999999,-99.98794555664062
13:13:28.164284,0.24396,-38.22712461362463,-0.1919999999999999,-99.98794555664062
13:13:28.169281,0.24182,-38.22712461362463,0.1379999999999999,-99.9872589111328
13:13:28.174328,0.24182,-38.09014646421056,0.1379999999999999,-99.9872589111328
13:13:28.179381,0.24182,-38.09014646421056,0.1379999999999999,-99.9872589111328
13:13:28.184414,0.24182,-38.09014646421056,0.1379999999999999,-99.9872589111328
13:13:28.189319,0.24182,-38.09014646421056,0.1379999999999999,-99.9872589111328
13:13:28.194323,0.24182,-38.09014646421056,0.1379999999999999,-99.9872589111328
13:13:28.199330,0.24182,-38.09014646421056,0.1379999999999999,-99.9872589111328
13:13:28.204343,0.23754,-38.21616880307775,-0.084,-99.98931884765624
13:13:28.209413,0.23754,-38.21616880307775,-0.084,-99.98931884765624
13:13:28.214390,0.23754,-38.21616880307775,-0.084,-99.98931884765624
13:13:28.219356,0.23754,-38.21616880307775,-0.084,-99.98931884765624
13:13:28.224265,0.23754,-38.21616880307775,-0.084,-99.98931884765624
13:13:28.229268,0.23754,-38.21616880307775,-0.084,-99.98931884765624
13:13:28.234397,0.23968,-38.21616880307775,-0.054,-99.99549865722656
13:13:28.239414,0.23968,-38.13946287046056,-0.054,-99.99549865722656
13:13:28.244513,0.23968,-38.13946287046056,-0.054,-99.99549865722656
13:13:28.249363,0.23968,-38.13946287046056,-0.054,-99.99549865722656
13:13:28.254515,0.23968,-38.13946287046056,-0.054,-99.99549865722656
13:13:28.259332,0.23968,-38.13946287046056,-0.054,-99.99549865722656
13:13:28.264352,0.23968,-38.13946287046056,-0.054,-99.99549865722656
13:13:28.269315,0.23968,-38.133984965187125,-0.246,-99.98451232910156
13:13:28.274276,0.23968,-38.133984965187125,-0.246,-99.98451232910156
13:13:28.279321,0.23968,-38.133984965187125,-0.246,-99.98451232910156
13:13:28.284368,0.23968,-38.133984965187125,-0.246,-99.98451232910156
13:13:28.289346,0.23968,-38.133984965187125,-0.246,-99.98451232910156
13:13:28.294368,0.23968,-38.133984965187125,-0.246,-99.98451232910156
13:13:28.300488,0.23861,-38.183301371437125,-0.108,-99.99343872070312
13:13:28.304319,0.23861,-38.183301371437125,-0.108,-99.99343872070312
13:13:28.309327,0.23861,-38.183301371437125,-0.108,-99.99343872070312
13:13:28.314392,0.23861,-38.183301371437125,-0.108,-99.99343872070312
13:13:28.319334,0.23861,-38.183301371437125,-0.108,-99.99343872070312
13:13:28.324336,0.23861,-38.183301371437125,-0.108,-99.99343872070312
13:13:28.329243,0.23861,-38.183301371437125,-0.108,-99.99343872070312
13:13:28.334295,0.23754,-38.11755124936681,0.162,-99.99275207519533
13:13:28.339328,0.23754,-38.11755124936681,0.162,-99.99275207519533
13:13:28.344389,0.23754,-38.11755124936681,0.162,-99.99275207519533
13:13:28.349508,0.23754,-38.11755124936681,0.162,-99.99275207519533
13:13:28.354293,0.23754,-38.11755124936681,0.162,-99.99275207519533
13:13:28.359273,0.23754,-38.11755124936681,0.162,-99.99275207519533
13:13:28.364509,0.23754,-38.183301371437125,0.3,-99.99481201171876
13:13:28.369266,0.23754,-38.183301371437125,0.3,-99.99481201171876
13:13:28.374356,0.23754,-38.183301371437125,0.3,-99.99481201171876
13:13:28.379293,0.23754,-38.183301371437125,0.3,-99.99481201171876
13:13:28.384290,0.23754,-38.183301371437125,0.3,-99.99481201171876
13:13:28.389313,0.23754,-38.183301371437125,0.3,-99.99481201171876
13:13:28.394268,0.23754,-38.183301371437125,0.3,-99.99481201171876
13:13:28.399259,0.23754,-38.144940775734,0.222,-99.99618530273438
13:13:28.404268,0.23754,-38.144940775734,0.222,-99.99618530273438
13:13:28.409296,0.23754,-38.144940775734,0.222,-99.99618530273438
13:13:28.414130,0.23754,-38.144940775734,0.222,-99.99618530273438
13:13:28.419244,0.23754,-38.144940775734,0.222,-99.99618530273438
13:13:28.424409,0.23754,-38.144940775734,0.222,-99.99618530273438
13:13:28.429827,0.23968,-38.144940775734,-0.054,-99.9872589111328
13:13:28.434249,0.23968,-38.133984965187125,-0.054,-99.9872589111328
13:13:28.439261,0.23968,-38.133984965187125,-0.054,-99.9872589111328
13:13:28.444397,0.23968,-38.133984965187125,-0.054,-99.9872589111328
13:13:28.449444,0.23968,-38.133984965187125,-0.054,-99.9872589111328
13:13:28.454298,0.23968,-38.133984965187125,-0.054,-99.9872589111328
13:13:28.459339,0.23968,-38.133984965187125,-0.054,-99.9872589111328
13:13:28.464404,0.23861,-38.15041868100744,-0.1379999999999999,-99.99549865722656
13:13:28.469371,0.23861,-38.15041868100744,-0.1379999999999999,-99.99549865722656
13:13:28.474297,0.23861,-38.15041868100744,-0.1379999999999999,-99.99549865722656
13:13:28.479190,0.23861,-38.15041868100744,-0.1379999999999999,-99.99549865722656
13:13:28.484100,0.23861,-38.15041868100744,-0.1379999999999999,-99.99549865722656
13:13:28.489096,0.23861,-38.15041868100744,-0.1379999999999999,-99.99549865722656
13:13:28.494569,0.24075,-38.15041868100744,0.03,-99.99549865722656
13:13:28.499343,0.24075,-38.18877927671056,0.03,-99.99549865722656
13:13:28.504105,0.24075,-38.18877927671056,0.03,-99.99549865722656
13:13:28.509063,0.24075,-38.18877927671056,0.03,-99.99549865722656
13:13:28.514068,0.24075,-38.18877927671056,0.03,-99.99549865722656
13:13:28.519057,0.24075,-38.18877927671056,0.03,-99.99549865722656
13:13:28.524072,0.24075,-38.18877927671056,0.03,-99.99549865722656
13:13:28.529101,0.25038,-38.183301371437125,0.03,-99.99275207519533
13:13:28.534065,0.25038,-38.183301371437125,0.03,-99.99275207519533
13:13:28.539066,0.25038,-38.183301371437125,0.03,-99.99275207519533
13:13:28.544061,0.25038,-38.183301371437125,0.03,-99.99275207519533
13:13:28.549041,0.25038,-38.183301371437125,0.03,-99.99275207519533
13:13:28.554060,0.25038,-38.183301371437125,0.03,-99.99275207519533
13:13:28.559181,0.25038,-38.183301371437125,0.03,-99.99275207519533
13:13:28.564050,0.27285,-38.183301371437125,-0.084,-99.9982452392578
13:13:28.569062,0.27285,-38.183301371437125,-0.084,-99.9982452392578
13:13:28.574053,0.27285,-38.183301371437125,-0.084,-99.9982452392578
13:13:28.579083,0.27285,-38.183301371437125,-0.084,-99.9982452392578
13:13:28.584073,0.27285,-38.183301371437125,-0.084,-99.9982452392578
13:13:28.589062,0.27285,-38.183301371437125,-0.084,-99.9982452392578
13:13:28.594085,0.31672,-38.2380804241715,0.2759999999999999,-99.99481201171876
13:13:28.599039,0.31672,-38.2380804241715,0.2759999999999999,-99.99481201171876
13:13:28.604053,0.31672,-38.2380804241715,0.2759999999999999,-99.99481201171876
13:13:28.609055,0.31672,-38.2380804241715,0.2759999999999999,-99.99481201171876
13:13:28.614068,0.31672,-38.2380804241715,0.2759999999999999,-99.99481201171876
13:13:28.619067,0.31672,-38.2380804241715,0.2759999999999999,-99.99481201171876
13:13:28.624409,0.31672,-38.2380804241715,0.2759999999999999,-99.99481201171876
13:13:28.629073,0.36594,-38.583264750343375,0.66,-99.98519897460938
13:13:28.634057,0.36594,-38.583264750343375,0.66,-99.98519897460938
13:13:28.639067,0.36594,-38.583264750343375,0.66,-99.98519897460938
13:13:28.644059,0.36594,-38.583264750343375,0.66,-99.98519897460938
13:13:28.649073,0.36594,-38.583264750343375,0.66,-99.98519897460938
13:13:28.654095,0.36594,-38.583264750343375,0.66,-99.98519897460938
13:13:28.659068,0.40981,-39.596875590187125,1.7040000000000002,-99.95018005371094
13:13:28.664051,0.40981,-39.596875590187125,1.7040000000000002,-99.95018005371094
13:13:28.669066,0.40981,-39.596875590187125,1.7040000000000002,-99.95018005371094
13:13:28.674060,0.40981,-39.596875590187125,1.7040000000000002,-99.95018005371094
13:13:28.679069,0.40981,-39.596875590187125,1.7040000000000002,-99.95018005371094
13:13:28.684069,0.40981,-39.596875590187125,1.7040000000000002,-99.95018005371094
13:13:28.689172,0.40981,-39.596875590187125,1.7040000000000002,-99.95018005371094
13:13:28.694055,0.41623,-40.539258402687125,3.678,-99.8664093017578
13:13:28.699064,0.41623,-40.539258402687125,3.678,-99.8664093017578
13:13:28.704072,0.41623,-40.539258402687125,3.678,-99.8664093017578
13:13:28.709070,0.41623,-40.539258402687125,3.678,-99.8664093017578
13:13:28.714103,0.41623,-40.539258402687125,3.678,-99.8664093017578
13:13:28.719097,0.41623,-40.539258402687125,3.678,-99.8664093017578
13:13:28.724414,0.42586,-39.454419535499625,5.712,-99.70298767089844
13:13:28.729308,0.42586,-39.454419535499625,5.712,-99.70298767089844
13:13:28.734056,0.42586,-39.454419535499625,5.712,-99.70298767089844
13:13:28.739094,0.42586,-39.454419535499625,5.712,-99.70298767089844
13:13:28.744083,0.42586,-39.454419535499625,5.712,-99.70298767089844
13:13:28.749072,0.42586,-39.454419535499625,5.712,-99.70298767089844
13:13:28.754746,0.42586,-39.454419535499625,5.712,-99.70298767089844
13:13:28.759281,0.41409,-38.61065427671056,7.278,-99.4928741455078
13:13:28.764326,0.41409,-38.61065427671056,7.278,-99.4928741455078
13:13:28.769264,0.41409,-38.61065427671056,7.278,-99.4928741455078
13:13:28.774340,0.41409,-38.61065427671056,7.278,-99.4928741455078
13:13:28.779431,0.41409,-38.61065427671056,7.278,-99.4928741455078
13:13:28.784272,0.41409,-38.61065427671056,7.278,-99.4928741455078
13:13:28.789357,0.41516,-38.769544047218375,7.77,-99.25666809082033
13:13:28.794372,0.41516,-38.769544047218375,7.77,-99.25666809082033
13:13:28.799419,0.41516,-38.769544047218375,7.77,-99.25666809082033
13:13:28.804391,0.41516,-38.769544047218375,7.77,-99.25666809082033
13:13:28.809415,0.41516,-38.769544047218375,7.77,-99.25666809082033
13:13:28.814404,0.41516,-38.769544047218375,7.77,-99.25666809082033
13:13:28.819393,0.41516,-38.769544047218375,7.77,-99.25666809082033
13:13:28.824297,0.44084,-38.81338254819494,8.322000000000001,-98.98887634277344
13:13:28.829377,0.44084,-38.81338254819494,8.322000000000001,-98.98887634277344
13:13:28.834404,0.44084,-38.81338254819494,8.322000000000001,-98.98887634277344
13:13:28.839416,0.44084,-38.81338254819494,8.322000000000001,-98.98887634277344
13:13:28.844400,0.44084,-38.81338254819494,8.322000000000001,-98.98887634277344
13:13:28.849400,0.44084,-38.81338254819494,8.322000000000001,-98.98887634277344
13:13:28.854265,0.42051,-39.44346372495275,9.474,-98.70391845703124
13:13:28.859303,0.42051,-39.44346372495275,9.474,-98.70391845703124
13:13:28.864421,0.42051,-39.44346372495275,9.474,-98.70391845703124
13:13:28.869415,0.42051,-39.44346372495275,9.474,-98.70391845703124
13:13:28.874440,0.42051,-39.44346372495275,9.474,-98.70391845703124
13:13:28.879351,0.42051,-39.44346372495275,9.474,-98.70391845703124
13:13:28.884371,0.42051,-39.44346372495275,9.474,-98.70391845703124
13:13:28.889297,0.41195,-39.44346372495275,10.788,-98.3722686767578
13:13:28.894328,0.41195,-39.44346372495275,10.788,-98.3722686767578
13:13:28.899305,0.41195,-39.44346372495275,10.788,-98.3722686767578
13:13:28.904437,0.41195,-39.44346372495275,10.788,-98.3722686767578
13:13:28.909347,0.41195,-39.44346372495275,10.788,-98.3722686767578
13:13:28.914378,0.41195,-39.44346372495275,10.788,-98.3722686767578
13:13:28.919322,0.41195,-39.09829465756994,11.064,-98.03443908691406
13:13:28.924313,0.41195,-39.09829465756994,11.064,-98.03443908691406
13:13:28.929286,0.41195,-39.09829465756994,11.064,-98.03443908691406
13:13:28.934357,0.41195,-39.09829465756994,11.064,-98.03443908691406
13:13:28.939281,0.41195,-39.09829465756994,11.064,-98.03443908691406
13:13:28.944416,0.41195,-39.09829465756994,11.064,-98.03443908691406
13:13:28.949390,0.41195,-39.09829465756994,11.064,-98.03443908691406
13:13:28.954280,0.41623,-39.054456156593375,11.886,-97.66433715820312
13:13:28.959301,0.41623,-39.054456156593375,11.886,-97.66433715820312
13:13:28.964316,0.41623,-39.054456156593375,11.886,-97.66433715820312
13:13:28.969329,0.41623,-39.054456156593375,11.886,-97.66433715820312
13:13:28.974308,0.41623,-39.054456156593375,11.886,-97.66433715820312
13:13:28.979220,0.41623,-39.054456156593375,11.886,-97.66433715820312
13:13:28.984252,0.43442,-39.43798581967931,12.468,-97.28874206542967
13:13:28.989320,0.43442,-39.43798581967931,12.468,-97.28874206542967
13:13:28.994304,0.43442,-39.43798581967931,12.468,-97.28874206542967
13:13:28.999352,0.43442,-39.43798581967931,12.468,-97.28874206542967
13:13:29.004308,0.43442,-39.43798581967931,12.468,-97.28874206542967
13:13:29.009320,0.43442,-39.43798581967931,12.468,-97.28874206542967
13:13:29.014276,0.43442,-39.43798581967931,12.468,-97.28874206542967
13:13:29.019304,0.44726,-39.859876078468375,13.95,-96.88568115234376
13:13:29.024281,0.44726,-39.859876078468375,13.95,-96.88568115234376
13:13:29.029349,0.44726,-39.859876078468375,13.95,-96.88568115234376
13:13:29.034315,0.44726,-39.859876078468375,13.95,-96.88568115234376
13:13:29.039380,0.44726,-39.859876078468375,13.95,-96.88568115234376
13:13:29.044354,0.44726,-39.859876078468375,13.95,-96.88568115234376
13:13:29.049319,0.43442,-39.7502874554215,15.678,-96.42906188964844
13:13:29.054277,0.43442,-39.7502874554215,15.678,-96.42906188964844
13:13:29.059279,0.43442,-39.7502874554215,15.678,-96.42906188964844
13:13:29.064300,0.43442,-39.7502874554215,15.678,-96.42906188964844
13:13:29.069307,0.43442,-39.7502874554215,15.678,-96.42906188964844
13:13:29.074338,0.43442,-39.7502874554215,15.678,-96.42906188964844
13:13:29.079359,0.43442,-39.7502874554215,15.678,-96.42906188964844
13:13:29.084335,0.41837,-39.22430173764806,16.476,-95.91888427734376
13:13:29.089342,0.41837,-39.22430173764806,16.476,-95.91888427734376
13:13:29.094401,0.41837,-39.22430173764806,16.476,-95.91888427734376
13:13:29.099150,0.41837,-39.22430173764806,16.476,-95.91888427734376
13:13:29.104284,0.41837,-39.22430173764806,16.476,-95.91888427734376
13:13:29.109281,0.41837,-39.22430173764806,16.476,-95.91888427734376
13:13:29.114288,0.4376300000000001,-39.2790960491715,16.668,-95.39291381835938
13:13:29.119258,0.4376300000000001,-39.2790960491715,16.668,-95.39291381835938
13:13:29.124279,0.4376300000000001,-39.2790960491715,16.668,-95.39291381835938
13:13:29.129301,0.4376300000000001,-39.2790960491715,16.668,-95.39291381835938
13:13:29.134287,0.4376300000000001,-39.2790960491715,16.668,-95.39291381835938
13:13:29.139420,0.4376300000000001,-39.2790960491715,16.668,-95.39291381835938
13:13:29.144324,0.4376300000000001,-39.2790960491715,16.668,-95.39291381835938
13:13:29.149302,0.43121,-39.68453733335119,17.844,-94.85458374023438
13:13:29.154417,0.43121,-39.68453733335119,17.844,-94.85458374023438
13:13:29.159271,0.43121,-39.68453733335119,17.844,-94.85458374023438
13:13:29.164287,0.43121,-39.68453733335119,17.844,-94.85458374023438
13:13:29.169297,0.43121,-39.68453733335119,17.844,-94.85458374023438
13:13:29.174303,0.43121,-39.68453733335119,17.844,-94.85458374023438
13:13:29.179372,0.43977,-39.4653753460465,19.086,-94.26612854003906
13:13:29.184303,0.43977,-39.4653753460465,19.086,-94.26612854003906
13:13:29.189381,0.43977,-39.4653753460465,19.086,-94.26612854003906
13:13:29.194418,0.43977,-39.4653753460465,19.086,-94.26612854003906
13:13:29.199474,0.43977,-39.4653753460465,19.086,-94.26612854003906
13:13:29.204423,0.43977,-39.4653753460465,19.086,-94.26612854003906
13:13:29.209852,0.45261,-39.4653753460465,19.002,-93.65570068359376
13:13:29.214281,0.45261,-39.58591977964025,19.002,-93.65570068359376
13:13:29.219422,0.45261,-39.58591977964025,19.002,-93.65570068359376
13:13:29.224352,0.45261,-39.58591977964025,19.002,-93.65570068359376
13:13:29.229299,0.45261,-39.58591977964025,19.002,-93.65570068359376
13:13:29.234300,0.45261,-39.58591977964025,19.002,-93.65570068359376
13:13:29.239314,0.45261,-39.58591977964025,19.002,-93.65570068359376
13:13:29.244267,0.43335,-39.87630979428869,21.090000000000003,-93.00888061523438
13:13:29.249254,0.43335,-39.87630979428869,21.090000000000003,-93.00888061523438
13:13:29.254290,0.43335,-39.87630979428869,21.090000000000003,-93.00888061523438
13:13:29.259315,0.43335,-39.87630979428869,21.090000000000003,-93.00888061523438
13:13:29.264280,0.43335,-39.87630979428869,21.090000000000003,-93.00888061523438
13:13:29.269274,0.43335,-39.87630979428869,21.090000000000003,-93.00888061523438
13:13:29.274229,0.42586,-39.66810361753088,21.966,-92.32772827148438
13:13:29.279288,0.42586,-39.66810361753088,21.966,-92.32772827148438
13:13:29.284364,0.42586,-39.66810361753088,21.966,-92.32772827148438
13:13:29.289409,0.42586,-39.66810361753088,21.966,-92.32772827148438
13:13:29.294345,0.42586,-39.66810361753088,21.966,-92.32772827148438
13:13:29.299379,0.42586,-39.66810361753088,21.966,-92.32772827148438
13:13:29.304287,0.42586,-39.66810361753088,21.966,-92.32772827148438
13:13:29.309292,0.43977,-39.7996038616715,21.858,-91.62803649902344
13:13:29.314282,0.43977,-39.7996038616715,21.858,-91.62803649902344
13:13:29.319293,0.43977,-39.7996038616715,21.858,-91.62803649902344
13:13:29.324406,0.43977,-39.7996038616715,21.858,-91.62803649902344
13:13:29.329254,0.43977,-39.7996038616715,21.858,-91.62803649902344
13:13:29.334277,0.43977,-39.7996038616715,21.858,-91.62803649902344
13:13:29.339276,0.43977,-39.657147806984,23.64,-90.911865234375
13:13:29.344287,0.43977,-39.657147806984,23.64,-90.911865234375
13:13:29.349296,0.43977,-39.657147806984,23.64,-90.911865234375
13:13:29.354336,0.43977,-39.657147806984,23.64,-90.911865234375
13:13:29.359327,0.43977,-39.657147806984,23.64,-90.911865234375
13:13:29.364304,0.43977,-39.657147806984,23.64,-90.911865234375
13:13:29.369215,0.43977,-39.657147806984,23.64,-90.911865234375
13:13:29.374235,0.46117,-40.08999387631994,24.546,-90.16204833984376
13:13:29.379346,0.46117,-40.08999387631994,24.546,-90.16204833984376
13:13:29.384394,0.46117,-40.08999387631994,24.546,-90.16204833984376
13:13:29.389373,0.46117,-40.08999387631994,24.546,-90.16204833984376
13:13:29.394390,0.46117,-40.08999387631994,24.546,-90.16204833984376
13:13:29.399399,0.46117,-40.08999387631994,24.546,-90.16204833984376
13:13:29.404371,0.45047,-40.26531736264806,25.728,-89.37721252441406
13:13:29.409299,0.45047,-40.26531736264806,25.728,-89.37721252441406
13:13:29.414360,0.45047,-40.26531736264806,25.728,-89.37721252441406
13:13:29.419328,0.45047,-40.26531736264806,25.728,-89.37721252441406
13:13:29.424312,0.45047,-40.26531736264806,25.728,-89.37721252441406
13:13:29.429219,0.45047,-40.26531736264806,25.728,-89.37721252441406
13:13:29.434201,0.45047,-40.26531736264806,25.728,-89.37721252441406
13:13:29.439198,0.45047,-40.314618510109,26.91,-88.53744506835938
13:13:29.444123,0.45047,-40.314618510109,26.91,-88.53744506835938
13:13:29.449152,0.45047,-40.314618510109,26.91,-88.53744506835938
13:13:29.454202,0.45047,-40.314618510109,26.91,-88.53744506835938
13:13:29.459201,0.45047,-40.314618510109,26.91,-88.53744506835938
13:13:29.464211,0.45047,-40.314618510109,26.91,-88.53744506835938
13:13:29.469258,0.44726,-39.58591977964025,27.048,-87.62283325195312
13:13:29.474390,0.44726,-39.58591977964025,27.048,-87.62283325195312
13:13:29.479250,0.44726,-39.58591977964025,27.048,-87.62283325195312
13:13:29.484369,0.44726,-39.58591977964025,27.048,-87.62283325195312
13:13:29.489417,0.44726,-39.58591977964025,27.048,-87.62283325195312
13:13:29.494379,0.44726,-39.58591977964025,27.048,-87.62283325195312
13:13:29.499404,0.44726,-39.58591977964025,27.048,-87.62283325195312
13:13:29.504362,0.44298,-38.91200010190588,27.816,-86.71165466308594
13:13:29.509372,0.44298,-38.91200010190588,27.816,-86.71165466308594
13:13:29.514352,0.44298,-38.91200010190588,27.816,-86.71165466308594
13:13:29.519409,0.44298,-38.91200010190588,27.816,-86.71165466308594
13:13:29.524408,0.44298,-38.91200010190588,27.816,-86.71165466308594
13:13:29.529412,0.44298,-38.91200010190588,27.816,-86.71165466308594
13:13:29.534636,0.44726,-39.73933164487463,28.752,-85.80184936523438
13:13:29.539277,0.44726,-39.73933164487463,28.752,-85.80184936523438
13:13:29.544363,0.44726,-39.73933164487463,28.752,-85.80184936523438
13:13:29.549410,0.44726,-39.73933164487463,28.752,-85.80184936523438
13:13:29.554442,0.44726,-39.73933164487463,28.752,-85.80184936523438
13:13:29.559398,0.44726,-39.73933164487463,28.752,-85.80184936523438
13:13:29.564396,0.44726,-39.73933164487463,28.752,-85.80184936523438
13:13:29.569379,0.44619,-39.832471293312125,29.76,-84.89479064941406
13:13:29.574382,0.44619,-39.832471293312125,29.76,-84.89479064941406
13:13:29.579404,0.44619,-39.832471293312125,29.76,-84.89479064941406
13:13:29.584398,0.44619,-39.832471293312125,29.76,-84.89479064941406
13:13:29.589280,0.44619,-39.832471293312125,29.76,-84.89479064941406
13:13:29.594357,0.44619,-39.832471293312125,29.76,-84.89479064941406
13:13:29.599981,0.44084,-39.35032407651525,30.366,-83.93280029296875
13:13:29.604372,0.44084,-39.35032407651525,30.366,-83.93280029296875
13:13:29.609381,0.44084,-39.35032407651525,30.366,-83.93280029296875
13:13:29.614393,0.44084,-39.35032407651525,30.366,-83.93280029296875
13:13:29.619403,0.44084,-39.35032407651525,30.366,-83.93280029296875
13:13:29.624389,0.44084,-39.35032407651525,30.366,-83.93280029296875
13:13:29.629406,0.44084,-39.35032407651525,30.366,-83.93280029296875
13:13:29.634331,0.45261,-38.91747800717931,30.942,-82.95021057128906
13:13:29.639364,0.45261,-38.91747800717931,30.942,-82.95021057128906
13:13:29.644409,0.45261,-38.91747800717931,30.942,-82.95021057128906
13:13:29.649396,0.45261,-38.91747800717931,30.942,-82.95021057128906
13:13:29.654402,0.45261,-38.91747800717931,30.942,-82.95021057128906
13:13:29.659395,0.45261,-38.91747800717931,30.942,-82.95021057128906
13:13:29.665160,0.42265,-38.38601438413244,30.78,-81.97792053222656
13:13:29.669281,0.42265,-38.38601438413244,30.78,-81.97792053222656
13:13:29.674401,0.42265,-38.38601438413244,30.78,-81.97792053222656
13:13:29.679400,0.42265,-38.38601438413244,30.78,-81.97792053222656
13:13:29.684456,0.42265,-38.38601438413244,30.78,-81.97792053222656
13:13:29.689356,0.42265,-38.38601438413244,30.78,-81.97792053222656
13:13:29.694420,0.42265,-38.38601438413244,30.78,-81.97792053222656
13:13:29.699258,0.43442,-38.5723089397965,29.766,-80.95550537109375
13:13:29.704283,0.43442,-38.5723089397965,29.766,-80.95550537109375
13:13:29.709416,0.43442,-38.5723089397965,29.766,-80.95550537109375
13:13:29.714130,0.43442,-38.5723089397965,29.766,-80.95550537109375
13:13:29.719418,0.43442,-38.5723089397965,29.766,-80.95550537109375
13:13:29.724373,0.43442,-38.5723089397965,29.766,-80.95550537109375
13:13:29.729264,0.43442,-38.5723089397965,29.766,-80.95550537109375
13:13:29.734285,0.42372,-38.29287473569494,29.568,-80.02098083496094
13:13:29.739297,0.42372,-38.29287473569494,29.568,-80.02098083496094
13:13:29.744364,0.42372,-38.29287473569494,29.568,-80.02098083496094
13:13:29.749291,0.42372,-38.29287473569494,29.568,-80.02098083496094
13:13:29.754357,0.42372,-38.29287473569494,29.568,-80.02098083496094
13:13:29.759353,0.42372,-38.29287473569494,29.568,-80.02098083496094
13:13:29.764256,0.45368,-39.21882383237463,30.672,-79.06242370605469
13:13:29.769310,0.45368,-39.21882383237463,30.672,-79.06242370605469
13:13:29.774349,0.45368,-39.21882383237463,30.672,-79.06242370605469
13:13:29.779586,0.45368,-39.21882383237463,30.672,-79.06242370605469
13:13:29.784345,0.45368,-39.21882383237463,30.672,-79.06242370605469
13:13:29.789323,0.45368,-39.21882383237463,30.672,-79.06242370605469
13:13:29.794323,0.45368,-39.21882383237463,30.672,-79.06242370605469
13:13:29.799284,0.42158,-38.27096311460119,30.971999999999998,-78.08876037597656
13:13:29.804274,0.42158,-38.27096311460119,30.971999999999998,-78.08876037597656
13:13:29.809295,0.42158,-38.27096311460119,30.971999999999998,-78.08876037597656
13:13:29.814283,0.42158,-38.27096311460119,30.971999999999998,-78.08876037597656
13:13:29.819268,0.42158,-38.27096311460119,30.971999999999998,-78.08876037597656
13:13:29.824250,0.42158,-38.27096311460119,30.971999999999998,-78.08876037597656
13:13:29.829275,0.4387,-38.87365476499181,30.78,-77.080078125
13:13:29.834400,0.4387,-38.87365476499181,30.78,-77.080078125
13:13:29.839361,0.4387,-38.87365476499181,30.78,-77.080078125
13:13:29.844334,0.4387,-38.87365476499181,30.78,-77.080078125
13:13:29.849343,0.4387,-38.87365476499181,30.78,-77.080078125
13:13:29.854255,0.4387,-38.87365476499181,30.78,-77.080078125
13:13:29.859277,0.4387,-38.87365476499181,30.78,-77.080078125
13:13:29.864275,0.40874,-37.1094183147965,30.174000000000003,-76.08512878417969
13:13:29.869250,0.40874,-37.1094183147965,30.174000000000003,-76.08512878417969
13:13:29.874345,0.40874,-37.1094183147965,30.174000000000003,-76.08512878417969
13:13:29.879475,0.40874,-37.1094183147965,30.174000000000003,-76.08512878417969
13:13:29.884432,0.40874,-37.1094183147965,30.174000000000003,-76.08512878417969
13:13:29.889098,0.40874,-37.1094183147965,30.174000000000003,-76.08512878417969
13:13:29.894663,0.41623,-37.70113889585119,30.504,-75.08468627929688
13:13:29.899220,0.41623,-37.70113889585119,30.504,-75.08468627929688
13:13:29.904058,0.41623,-37.70113889585119,30.504,-75.08468627929688
13:13:29.909060,0.41623,-37.70113889585119,30.504,-75.08468627929688
13:13:29.914088,0.41623,-37.70113889585119,30.504,-75.08468627929688
13:13:29.919111,0.41623,-37.70113889585119,30.504,-75.08468627929688
13:13:29.924063,0.41623,-37.70113889585119,30.504,-75.08468627929688
13:13:29.929062,0.428,-37.80524961362463,30.642,-74.13368225097656
13:13:29.934064,0.428,-37.80524961362463,30.642,-74.13368225097656
13:13:29.939082,0.428,-37.80524961362463,30.642,-74.13368225097656
13:13:29.944478,0.428,-37.80524961362463,30.642,-74.13368225097656
13:13:29.949364,0.428,-37.80524961362463,30.642,-74.13368225097656
13:13:29.954306,0.428,-37.80524961362463,30.642,-74.13368225097656
13:13:29.959262,0.428,-37.80524961362463,30.642,-74.13368225097656
13:13:29.964273,0.43121,-38.16137449155431,30.450000000000003,-73.16070556640625
13:13:29.969228,0.43121,-38.16137449155431,30.450000000000003,-73.16070556640625
13:13:29.974256,0.43121,-38.16137449155431,30.450000000000003,-73.16070556640625
13:13:29.979357,0.43121,-38.16137449155431,30.450000000000003,-73.16070556640625
13:13:29.984367,0.43121,-38.16137449155431,30.450000000000003,-73.16070556640625
13:13:29.989303,0.43121,-38.16137449155431,30.450000000000003,-73.16070556640625
13:13:29.994255,0.43121,-37.88743345151525,30.804,-72.18017578125
13:13:29.999256,0.43121,-37.88743345151525,30.804,-72.18017578125
13:13:30.004332,0.43121,-37.88743345151525,30.804,-72.18017578125
13:13:30.009428,0.43121,-37.88743345151525,30.804,-72.18017578125
13:13:30.014402,0.43121,-37.88743345151525,30.804,-72.18017578125
13:13:30.019328,0.43121,-37.88743345151525,30.804,-72.18017578125
13:13:30.024325,0.43121,-37.88743345151525,30.804,-72.18017578125
13:13:30.029292,0.39697,-37.021741312843375,30.474,-71.20994567871094
13:13:30.034317,0.39697,-37.021741312843375,30.474,-71.20994567871094
13:13:30.039333,0.39697,-37.021741312843375,30.474,-71.20994567871094
13:13:30.044295,0.39697,-37.021741312843375,30.474,-71.20994567871094
13:13:30.049304,0.39697,-37.021741312843375,30.474,-71.20994567871094
13:13:30.054247,0.39697,-37.021741312843375,30.474,-71.20994567871094
13:13:30.059244,0.41088,-36.71491758237463,30.804,-70.17723083496094
13:13:30.064248,0.41088,-36.71491758237463,30.804,-70.17723083496094
13:13:30.069261,0.41088,-36.71491758237463,30.804,-70.17723083496094
13:13:30.074288,0.41088,-36.71491758237463,30.804,-70.17723083496094
13:13:30.079305,0.41088,-36.71491758237463,30.804,-70.17723083496094
13:13:30.084280,0.41088,-36.71491758237463,30.804,-70.17723083496094
13:13:30.089249,0.41088,-36.71491758237463,30.804,-70.17723083496094
13:13:30.094277,0.4173,-36.04649106870275,30.971999999999998,-69.17747497558594
13:13:30.099299,0.4173,-36.04649106870275,30.971999999999998,-69.17747497558594
13:13:30.104308,0.4173,-36.04649106870275,30.971999999999998,-69.17747497558594
13:13:30.109290,0.4173,-36.04649106870275,30.971999999999998,-69.17747497558594
13:13:30.114290,0.4173,-36.04649106870275,30.971999999999998,-69.17747497558594
13:13:30.119274,0.4173,-36.04649106870275,30.971999999999998,-69.17747497558594
13:13:30.124313,0.42158,-37.43267576108556,30.696,-68.21891784667969
13:13:30.129282,0.42158,-37.43267576108556,30.696,-68.21891784667969
13:13:30.134244,0.42158,-37.43267576108556,30.696,-68.21891784667969
13:13:30.139333,0.42158,-37.43267576108556,30.696,-68.21891784667969
13:13:30.144345,0.42158,-37.43267576108556,30.696,-68.21891784667969
13:13:30.149332,0.42158,-37.43267576108556,30.696,-68.21891784667969
13:13:30.154281,0.42158,-37.43267576108556,30.696,-68.21891784667969
13:13:30.159273,0.40446,-36.336865824562125,30.864000000000004,-67.29743957519531
13:13:30.164311,0.40446,-36.336865824562125,30.864000000000004,-67.29743957519531
13:13:30.169254,0.40446,-36.336865824562125,30.864000000000004,-67.29743957519531
13:13:30.174315,0.40446,-36.336865824562125,30.864000000000004,-67.29743957519531
13:13:30.179367,0.40446,-36.336865824562125,30.864000000000004,-67.29743957519531
13:13:30.184256,0.40446,-36.336865824562125,30.864000000000004,-67.29743957519531
13:13:30.189225,0.41088,-36.81355039487463,30.450000000000003,-66.30867004394531
13:13:30.194174,0.41088,-36.81355039487463,30.450000000000003,-66.30867004394531
13:13:30.199186,0.41088,-36.81355039487463,30.450000000000003,-66.30867004394531
13:13:30.204090,0.41088,-36.81355039487463,30.450000000000003,-66.30867004394531
13:13:30.209067,0.41088,-36.81355039487463,30.450000000000003,-66.30867004394531
13:13:30.214060,0.41088,-36.81355039487463,30.450000000000003,-66.30867004394531
13:13:30.219086,0.41088,-36.81355039487463,30.450000000000003,-66.30867004394531
13:13:30.224125,0.40018,-35.19723264585119,31.602,-65.31784057617188
13:13:30.229067,0.40018,-35.19723264585119,31.602,-65.31784057617188
13:13:30.234091,0.40018,-35.19723264585119,31.602,-65.31784057617188
13:13:30.239072,0.40018,-35.19723264585119,31.602,-65.31784057617188
13:13:30.244070,0.40018,-35.19723264585119,31.602,-65.31784057617188
13:13:30.249103,0.40018,-35.19723264585119,31.602,-65.31784057617188
13:13:30.254644,0.39376,-35.06026975522619,30.341999999999995,-64.28169250488281
13:13:30.259467,0.39376,-35.06026975522619,30.341999999999995,-64.28169250488281
13:13:30.264357,0.39376,-35.06026975522619,30.341999999999995,-64.28169250488281
13:13:30.269391,0.39376,-35.06026975522619,30.341999999999995,-64.28169250488281
13:13:30.274535,0.39376,-35.06026975522619,30.341999999999995,-64.28169250488281
13:13:30.279386,0.39376,-35.06026975522619,30.341999999999995,-64.28169250488281
13:13:30.284263,0.39376,-35.06026975522619,30.341999999999995,-64.28169250488281
13:13:30.289273,0.3959,-34.96163694272619,30.072,-63.35678100585938
13:13:30.294379,0.3959,-34.96163694272619,30.072,-63.35678100585938
13:13:30.299353,0.3959,-34.96163694272619,30.072,-63.35678100585938
13:13:30.304385,0.3959,-34.96163694272619,30.072,-63.35678100585938
13:13:30.309397,0.3959,-34.96163694272619,30.072,-63.35678100585938
13:13:30.314394,0.3959,-34.96163694272619,30.072,-63.35678100585938
13:13:30.319370,0.39376,-35.42735044370275,30.174000000000003,-62.39685058593749
13:13:30.324363,0.39376,-35.42735044370275,30.174000000000003,-62.39685058593749
13:13:30.329412,0.39376,-35.42735044370275,30.174000000000003,-62.39685058593749
13:13:30.334291,0.39376,-35.42735044370275,30.174000000000003,-62.39685058593749
13:13:30.339117,0.39376,-35.42735044370275,30.174000000000003,-62.39685058593749
13:13:30.344426,0.39376,-35.42735044370275,30.174000000000003,-62.39685058593749
13:13:30.349389,0.39376,-35.42735044370275,30.174000000000003,-62.39685058593749
13:13:30.354363,0.39911,-35.49310056577306,30.726000000000003,-61.4520263671875
13:13:30.359398,0.39911,-35.49310056577306,30.726000000000003,-61.4520263671875
13:13:30.364397,0.39911,-35.49310056577306,30.726000000000003,-61.4520263671875
13:13:30.369461,0.39911,-35.49310056577306,30.726000000000003,-61.4520263671875
13:13:30.374359,0.39911,-35.49310056577306,30.726000000000003,-61.4520263671875
13:13:30.379371,0.39911,-35.49310056577306,30.726000000000003,-61.4520263671875
13:13:30.384553,0.3852,-34.47948972592931,31.026,-60.46119689941406
13:13:30.389465,0.3852,-34.47948972592931,31.026,-60.46119689941406
13:13:30.394373,0.3852,-34.47948972592931,31.026,-60.46119689941406
13:13:30.399311,0.3852,-34.47948972592931,31.026,-60.46119689941406
13:13:30.404349,0.3852,-34.47948972592931,31.026,-60.46119689941406
13:13:30.409425,0.3852,-34.47948972592931,31.026,-60.46119689941406
13:13:30.414388,0.3852,-34.47948972592931,31.026,-60.46119689941406
13:13:30.419381,0.36915,-34.24937192807775,30.288,-59.43672180175781
13:13:30.424388,0.36915,-34.24937192807775,30.288,-59.43672180175781
13:13:30.429410,0.36915,-34.24937192807775,30.288,-59.43672180175781
13:13:30.434398,0.36915,-34.24937192807775,30.288,-59.43672180175781
13:13:30.439388,0.36915,-34.24937192807775,30.288,-59.43672180175781
13:13:30.444399,0.36915,-34.24937192807775,30.288,-59.43672180175781
13:13:30.449630,0.36915,-32.62759153256994,30.450000000000003,-58.438339233398445
13:13:30.454418,0.36915,-32.62759153256994,30.450000000000003,-58.438339233398445
13:13:30.459487,0.36915,-32.62759153256994,30.450000000000003,-58.438339233398445
13:13:30.464413,0.36915,-32.62759153256994,30.450000000000003,-58.438339233398445
13:13:30.469364,0.36915,-32.62759153256994,30.450000000000003,-58.438339233398445
13:13:30.474224,0.36915,-32.62759153256994,30.450000000000003,-58.438339233398445
13:13:30.479185,0.36915,-32.62759153256994,30.450000000000003,-58.438339233398445
13:13:30.484302,0.38092,-33.83297483335119,30.78,-57.51274108886719
13:13:30.489240,0.38092,-33.83297483335119,30.78,-57.51274108886719
13:13:30.494363,0.38092,-33.83297483335119,30.78,-57.51274108886719
13:13:30.499403,0.38092,-33.83297483335119,30.78,-57.51274108886719
13:13:30.504386,0.38092,-33.83297483335119,30.78,-57.51274108886719
13:13:30.509385,0.38092,-33.83297483335119,30.78,-57.51274108886719
13:13:30.514256,0.38092,-33.12069455991369,31.026,-56.53633117675781
13:13:30.519394,0.38092,-33.12069455991369,31.026,-56.53633117675781
13:13:30.524396,0.38092,-33.12069455991369,31.026,-56.53633117675781
13:13:30.529403,0.38092,-33.12069455991369,31.026,-56.53633117675781
13:13:30.534382,0.38092,-33.12069455991369,31.026,-56.53633117675781
13:13:30.539390,0.38092,-33.12069455991369,31.026,-56.53633117675781
13:13:30.544378,0.38092,-33.12069455991369,31.026,-56.53633117675781
13:13:30.549385,0.3852,-33.72886411557775,31.164000000000005,-55.597686767578125
13:13:30.554378,0.3852,-33.72886411557775,31.164000000000005,-55.597686767578125
13:13:30.559400,0.3852,-33.72886411557775,31.164000000000005,-55.597686767578125
13:13:30.564401,0.3852,-33.72886411557775,31.164000000000005,-55.597686767578125
13:13:30.569476,0.3852,-33.72886411557775,31.164000000000005,-55.597686767578125
13:13:30.574338,0.3852,-33.72886411557775,31.164000000000005,-55.597686767578125
13:13:30.579355,0.36059,-32.161878031593375,30.971999999999998,-54.608917236328125
13:13:30.584338,0.36059,-32.161878031593375,30.971999999999998,-54.608917236328125
13:13:30.589353,0.36059,-32.161878031593375,30.971999999999998,-54.608917236328125
13:13:30.594366,0.36059,-32.161878031593375,30.971999999999998,-54.608917236328125
13:13:30.599404,0.36059,-32.161878031593375,30.971999999999998,-54.608917236328125
13:13:30.604434,0.36059,-32.161878031593375,30.971999999999998,-54.608917236328125
13:13:30.609115,0.36059,-32.161878031593375,30.971999999999998,-54.608917236328125
13:13:30.614453,0.34454,-31.696164530616816,31.05,-53.59199523925781
13:13:30.619417,0.34454,-31.696164530616816,31.05,-53.59199523925781
13:13:30.624438,0.34454,-31.696164530616816,31.05,-53.59199523925781
13:13:30.629135,0.34454,-31.696164530616816,31.05,-53.59199523925781
13:13:30.634432,0.34454,-31.696164530616816,31.05,-53.59199523925781
13:13:30.639477,0.34454,-31.696164530616816,31.05,-53.59199523925781
13:13:30.644300,0.34561,-30.72089902768713,30.672,-52.609405517578125
13:13:30.649307,0.34561,-30.72089902768713,30.672,-52.609405517578125
13:13:30.654343,0.34561,-30.72089902768713,30.672,-52.609405517578125
13:13:30.659308,0.34561,-30.72089902768713,30.672,-52.609405517578125
13:13:30.664292,0.34561,-30.72089902768713,30.672,-52.609405517578125
13:13:30.669280,0.34561,-30.72089902768713,30.672,-52.609405517578125
13:13:30.674575,0.35096,-30.72089902768713,30.534,-51.69410705566406
13:13:30.679262,0.35096,-30.99484006772619,30.534,-51.69410705566406
13:13:30.684350,0.35096,-30.99484006772619,30.534,-51.69410705566406
13:13:30.689419,0.35096,-30.99484006772619,30.534,-51.69410705566406
13:13:30.694383,0.35096,-30.99484006772619,30.534,-51.69410705566406
13:13:30.699350,0.35096,-30.99484006772619,30.534,-51.69410705566406
13:13:30.704312,0.35096,-30.99484006772619,30.534,-51.69410705566406
13:13:30.709360,0.35738,-31.54275266538244,30.72,-50.73554992675781
13:13:30.714400,0.35738,-31.54275266538244,30.72,-50.73554992675781
13:13:30.719314,0.35738,-31.54275266538244,30.72,-50.73554992675781
13:13:30.724307,0.35738,-31.54275266538244,30.72,-50.73554992675781
13:13:30.729345,0.35738,-31.54275266538244,30.72,-50.73554992675781
13:13:30.734313,0.35738,-31.54275266538244,30.72,-50.73554992675781
13:13:30.739421,0.35738,-31.54275266538244,30.72,-50.73554992675781
13:13:30.744281,0.34133,-30.682538431984003,31.248,-49.78385925292969
13:13:30.749296,0.34133,-30.682538431984003,31.248,-49.78385925292969
13:13:30.754270,0.34133,-30.682538431984003,31.248,-49.78385925292969
13:13:30.759304,0.34133,-30.682538431984003,31.248,-49.78385925292969
13:13:30.764338,0.34133,-30.682538431984003,31.248,-49.78385925292969
13:13:30.769304,0.34133,-30.682538431984003,31.248,-49.78385925292969
13:13:30.774281,0.34347,-30.61678830991369,30.996,-48.78204345703125
13:13:30.779313,0.34347,-30.61678830991369,30.996,-48.78204345703125
13:13:30.784372,0.34347,-30.61678830991369,30.996,-48.78204345703125
13:13:30.789347,0.34347,-30.61678830991369,30.996,-48.78204345703125
13:13:30.794402,0.34347,-30.61678830991369,30.996,-48.78204345703125
13:13:30.799432,0.34347,-30.61678830991369,30.996,-48.78204345703125
13:13:30.805045,0.32849,-28.49642698178869,30.582,-47.80288696289063
13:13:30.809273,0.32849,-28.49642698178869,30.582,-47.80288696289063
13:13:30.814131,0.32849,-28.49642698178869,30.582,-47.80288696289063
13:13:30.819411,0.32849,-28.49642698178869,30.582,-47.80288696289063
13:13:30.824104,0.32849,-28.49642698178869,30.582,-47.80288696289063
13:13:30.829396,0.32849,-28.49642698178869,30.582,-47.80288696289063
13:13:30.834410,0.32849,-28.49642698178869,30.582,-47.80288696289063
13:13:30.839412,0.3317,-28.912824076515253,30.864000000000004,-46.81480407714844
13:13:30.844320,0.3317,-28.912824076515253,30.864000000000004,-46.81480407714844
13:13:30.849291,0.3317,-28.912824076515253,30.864000000000004,-46.81480407714844
13:13:30.854305,0.3317,-28.912824076515253,30.864000000000004,-46.81480407714844
13:13:30.859267,0.3317,-28.912824076515253,30.864000000000004,-46.81480407714844
13:13:30.864261,0.3317,-28.912824076515253,30.864000000000004,-46.81480407714844
13:13:30.869265,0.31351,-28.200559061866816,29.958,-45.874786376953125
13:13:30.874282,0.31351,-28.200559061866816,29.958,-45.874786376953125
13:13:30.879322,0.31351,-28.200559061866816,29.958,-45.874786376953125
13:13:30.884292,0.31351,-28.200559061866816,29.958,-45.874786376953125
13:13:30.889275,0.31351,-28.200559061866816,29.958,-45.874786376953125
13:13:30.894285,0.31351,-28.200559061866816,29.958,-45.874786376953125
13:13:30.899305,0.31351,-28.200559061866816,29.958,-45.874786376953125
13:13:30.904282,0.34882,-29.27992002378088,30.666,-44.92652893066406
13:13:30.909308,0.34882,-29.27992002378088,30.666,-44.92652893066406
13:13:30.914316,0.34882,-29.27992002378088,30.666,-44.92652893066406
13:13:30.919279,0.34882,-29.27992002378088,30.666,-44.92652893066406
13:13:30.924241,0.34882,-29.27992002378088,30.666,-44.92652893066406
13:13:30.929390,0.34882,-29.27992002378088,30.666,-44.92652893066406
13:13:30.934283,0.3220699999999999,-27.93208066831213,30.996,-44.009857177734375
13:13:30.939258,0.3220699999999999,-27.93208066831213,30.996,-44.009857177734375
13:13:30.944235,0.3220699999999999,-27.93208066831213,30.996,-44.009857177734375
13:13:30.949267,0.3220699999999999,-27.93208066831213,30.996,-44.009857177734375
13:13:30.954279,0.3220699999999999,-27.93208066831213,30.996,-44.009857177734375
13:13:30.959317,0.3220699999999999,-27.93208066831213,30.996,-44.009857177734375
13:13:30.964258,0.3220699999999999,-27.93208066831213,30.996,-44.009857177734375
13:13:30.969260,0.31458,-27.72388975034338,30.834,-43.00941467285156
13:13:30.974309,0.31458,-27.72388975034338,30.834,-43.00941467285156
13:13:30.979353,0.31458,-27.72388975034338,30.834,-43.00941467285156
13:13:30.984328,0.31458,-27.72388975034338,30.834,-43.00941467285156
13:13:30.989309,0.31458,-27.72388975034338,30.834,-43.00941467285156
13:13:30.994258,0.31458,-27.72388975034338,30.834,-43.00941467285156
13:13:30.999281,0.29425,-26.00347654233557,31.164000000000005,-41.96502685546875
13:13:31.004343,0.29425,-26.00347654233557,31.164000000000005,-41.96502685546875
13:13:31.009326,0.29425,-26.00347654233557,31.164000000000005,-41.96502685546875
13:13:31.014376,0.29425,-26.00347654233557,31.164000000000005,-41.96502685546875
13:13:31.019339,0.29425,-26.00347654233557,31.164000000000005,-41.96502685546875
13:13:31.024292,0.29425,-26.00347654233557,31.164000000000005,-41.96502685546875
13:13:31.029402,0.31137,-25.61994687924963,30.096000000000004,-41.033935546875
13:13:31.034273,0.31137,-25.61994687924963,30.096000000000004,-41.033935546875
13:13:31.039225,0.31137,-25.61994687924963,30.096000000000004,-41.033935546875
13:13:31.044302,0.31137,-25.61994687924963,30.096000000000004,-41.033935546875
13:13:31.049261,0.31137,-25.61994687924963,30.096000000000004,-41.033935546875
13:13:31.054354,0.31137,-25.61994687924963,30.096000000000004,-41.033935546875
13:13:31.059350,0.31137,-25.61994687924963,30.096000000000004,-41.033935546875
13:13:31.064306,0.30174,-25.99252073178869,30.198000000000004,-40.09529113769531
13:13:31.069282,0.30174,-25.99252073178869,30.198000000000004,-40.09529113769531
13:13:31.074297,0.30174,-25.99252073178869,30.198000000000004,-40.09529113769531
13:13:31.079342,0.30174,-25.99252073178869,30.198000000000004,-40.09529113769531
13:13:31.084294,0.30174,-25.99252073178869,30.198000000000004,-40.09529113769531
13:13:31.089415,0.30174,-25.99252073178869,30.198000000000004,-40.09529113769531
13:13:31.094531,0.30602,-25.559674662452757,31.164000000000005,-39.13604736328125
13:13:31.099359,0.30602,-25.559674662452757,31.164000000000005,-39.13604736328125
13:13:31.104369,0.30602,-25.559674662452757,31.164000000000005,-39.13604736328125
13:13:31.109405,0.30602,-25.559674662452757,31.164000000000005,-39.13604736328125
13:13:31.114353,0.30602,-25.559674662452757,31.164000000000005,-39.13604736328125
13:13:31.119330,0.30602,-25.559674662452757,31.164000000000005,-39.13604736328125
13:13:31.124319,0.30602,-25.559674662452757,31.164000000000005,-39.13604736328125
13:13:31.129306,0.30174,-26.06374875913244,30.696,-38.16719055175781
13:13:31.134361,0.30174,-26.06374875913244,30.696,-38.16719055175781
13:13:31.139269,0.30174,-26.06374875913244,30.696,-38.16719055175781
13:13:31.144312,0.30174,-26.06374875913244,30.696,-38.16719055175781
13:13:31.149309,0.30174,-26.06374875913244,30.696,-38.16719055175781
13:13:31.154297,0.30174,-26.06374875913244,30.696,-38.16719055175781
13:13:31.159235,0.28248,-26.06374875913244,32.370000000000005,-37.15232849121094
13:13:31.164298,0.28248,-23.85023252378088,32.370000000000005,-37.15232849121094
13:13:31.169206,0.28248,-23.85023252378088,32.370000000000005,-37.15232849121094
13:13:31.174247,0.28248,-23.85023252378088,32.370000000000005,-37.15232849121094
13:13:31.179375,0.28248,-23.85023252378088,32.370000000000005,-37.15232849121094
13:13:31.184397,0.28248,-23.85023252378088,32.370000000000005,-37.15232849121094
13:13:31.189353,0.28248,-23.85023252378088,32.370000000000005,-37.15232849121094
13:13:31.194439,0.27606,-23.46670286069494,30.672,-36.16081237792969
13:13:31.199374,0.27606,-23.46670286069494,30.672,-36.16081237792969
13:13:31.204354,0.27606,-23.46670286069494,30.672,-36.16081237792969
13:13:31.209407,0.27606,-23.46670286069494,30.672,-36.16081237792969
13:13:31.214370,0.27606,-23.46670286069494,30.672,-36.16081237792969
13:13:31.219404,0.27606,-23.46670286069494,30.672,-36.16081237792969
13:13:31.224486,0.27606,-23.46670286069494,30.672,-36.16081237792969
13:13:31.229302,0.26536,-22.21200315366369,30.971999999999998,-35.16792297363281
13:13:31.234287,0.26536,-22.21200315366369,30.971999999999998,-35.16792297363281
13:13:31.239292,0.26536,-22.21200315366369,30.971999999999998,-35.16792297363281
13:13:31.244364,0.26536,-22.21200315366369,30.971999999999998,-35.16792297363281
13:13:31.249415,0.26536,-22.21200315366369,30.971999999999998,-35.16792297363281
13:13:31.254343,0.26536,-22.21200315366369,30.971999999999998,-35.16792297363281
13:13:31.259310,0.29425,-23.126996439796503,30.534,-34.19975280761719
13:13:31.264251,0.29425,-23.126996439796503,30.534,-34.19975280761719
13:13:31.269265,0.29425,-23.126996439796503,30.534,-34.19975280761719
13:13:31.274339,0.29425,-23.126996439796503,30.534,-34.19975280761719
13:13:31.279406,0.29425,-23.126996439796503,30.534,-34.19975280761719
13:13:31.284342,0.29425,-23.126996439796503,30.534,-34.19975280761719
13:13:31.289290,0.29425,-23.126996439796503,30.534,-34.19975280761719
13:13:31.294310,0.26108,-22.45856992612463,30.971999999999998,-33.29681396484375
13:13:31.299301,0.26108,-22.45856992612463,30.971999999999998,-33.29681396484375
13:13:31.304303,0.26108,-22.45856992612463,30.971999999999998,-33.29681396484375
13:13:31.309282,0.26108,-22.45856992612463,30.971999999999998,-33.29681396484375
13:13:31.314336,0.26108,-22.45856992612463,30.971999999999998,-33.29681396484375
13:13:31.319289,0.26108,-22.45856992612463,30.971999999999998,-33.29681396484375
13:13:31.324325,0.27499,-22.34350339780432,30.942,-32.2998046875
13:13:31.329198,0.27499,-22.34350339780432,30.942,-32.2998046875
13:13:31.334265,0.27499,-22.34350339780432,30.942,-32.2998046875
13:13:31.339159,0.27499,-22.34350339780432,30.942,-32.2998046875
13:13:31.344061,0.27499,-22.34350339780432,30.942,-32.2998046875
13:13:31.349145,0.27499,-22.34350339780432,30.942,-32.2998046875
13:13:31.354248,0.27499,-22.34350339780432,30.942,-32.2998046875
13:13:31.359104,0.25038,-20.951840800148062,30.612,-31.28425598144531
13:13:31.364149,0.25038,-20.951840800148062,30.612,-31.28425598144531
13:13:31.369224,0.25038,-20.951840800148062,30.612,-31.28425598144531
13:13:31.374061,0.25038,-20.951840800148062,30.612,-31.28425598144531
13:13:31.379055,0.25038,-20.951840800148062,30.612,-31.28425598144531
13:13:31.384123,0.25038,-20.951840800148062,30.612,-31.28425598144531
13:13:31.389046,0.25038,-19.324582499366816,30.204,-30.273513793945312
13:13:31.394066,0.25038,-19.324582499366816,30.204,-30.273513793945312
13:13:31.399056,0.25038,-19.324582499366816,30.204,-30.273513793945312
13:13:31.404063,0.25038,-19.324582499366816,30.204,-30.273513793945312
13:13:31.409059,0.25038,-19.324582499366816,30.204,-30.273513793945312
13:13:31.414046,0.25038,-19.324582499366816,30.204,-30.273513793945312
13:13:31.419085,0.25038,-19.324582499366816,30.204,-30.273513793945312
13:13:31.424064,0.24182,-19.57113401303869,29.85,-29.321823120117188
13:13:31.429055,0.24182,-19.57113401303869,29.85,-29.321823120117188
13:13:31.434083,0.24182,-19.57113401303869,29.85,-29.321823120117188
13:13:31.439062,0.24182,-19.57113401303869,29.85,-29.321823120117188
13:13:31.444088,0.24182,-19.57113401303869,29.85,-29.321823120117188
13:13:31.449066,0.24182,-19.57113401303869,29.85,-29.321823120117188
13:13:31.454065,0.24075,-19.00130979428869,31.11,-28.383865356445312
13:13:31.459155,0.24075,-19.00130979428869,31.11,-28.383865356445312
13:13:31.464056,0.24075,-19.00130979428869,31.11,-28.383865356445312
13:13:31.469083,0.24075,-19.00130979428869,31.11,-28.383865356445312
13:13:31.474086,0.24075,-19.00130979428869,31.11,-28.383865356445312
13:13:31.479110,0.24075,-19.00130979428869,31.11,-28.383865356445312
13:13:31.484172,0.24075,-19.00130979428869,31.11,-28.383865356445312
13:13:31.489087,0.26108,-19.916303080421503,30.588,-27.404022216796875
13:13:31.494061,0.26108,-19.916303080421503,30.588,-27.404022216796875
13:13:31.499494,0.26108,-19.916303080421503,30.588,-27.404022216796875
13:13:31.504390,0.26108,-19.916303080421503,30.588,-27.404022216796875
13:13:31.509397,0.26108,-19.916303080421503,30.588,-27.404022216796875
13:13:31.514402,0.26108,-19.916303080421503,30.588,-27.404022216796875
13:13:31.519276,0.23326,-18.20138303647619,31.518,-26.445465087890625
13:13:31.524092,0.23326,-18.20138303647619,31.518,-26.445465087890625
13:13:31.529065,0.23326,-18.20138303647619,31.518,-26.445465087890625
13:13:31.534066,0.23326,-18.20138303647619,31.518,-26.445465087890625
13:13:31.539062,0.23326,-18.20138303647619,31.518,-26.445465087890625
13:13:31.544062,0.23326,-18.20138303647619,31.518,-26.445465087890625
13:13:31.549084,0.23326,-18.20138303647619,31.518,-26.445465087890625
13:13:31.554091,0.22791,-17.64252988706213,30.534,-25.40245056152344
13:13:31.559157,0.22791,-17.64252988706213,30.534,-25.40245056152344
13:13:31.564053,0.22791,-17.64252988706213,30.534,-25.40245056152344
13:13:31.569057,0.22791,-17.64252988706213,30.534,-25.40245056152344
13:13:31.574094,0.22791,-17.64252988706213,30.534,-25.40245056152344
13:13:31.579066,0.22791,-17.64252988706213,30.534,-25.40245056152344
13:13:31.584137,0.19902,-15.993344706398064,30.258,-24.39239501953125
13:13:31.589067,0.19902,-15.993344706398064,30.258,-24.39239501953125
13:13:31.594144,0.19902,-15.993344706398064,30.258,-24.39239501953125
13:13:31.599068,0.19902,-15.993344706398064,30.258,-24.39239501953125
13:13:31.604090,0.19902,-15.993344706398064,30.258,-24.39239501953125
13:13:31.609084,0.19902,-15.993344706398064,30.258,-24.39239501953125
13:13:31.614072,0.19902,-15.993344706398064,30.258,-24.39239501953125
13:13:31.619455,0.22363,-16.03718320737463,29.898000000000003,-23.45375061035156
13:13:31.624306,0.22363,-16.03718320737463,29.898000000000003,-23.45375061035156
13:13:31.629271,0.22363,-16.03718320737463,29.898000000000003,-23.45375061035156
13:13:31.634106,0.22363,-16.03718320737463,29.898000000000003,-23.45375061035156
13:13:31.639101,0.22363,-16.03718320737463,29.898000000000003,-23.45375061035156
13:13:31.644071,0.22363,-16.03718320737463,29.898000000000003,-23.45375061035156
13:13:31.649521,0.21293,-15.922116679054314,30.750000000000004,-22.489013671875
13:13:31.654565,0.21293,-15.922116679054314,30.750000000000004,-22.489013671875
13:13:31.659097,0.21293,-15.922116679054314,30.750000000000004,-22.489013671875
13:13:31.664204,0.21293,-15.922116679054314,30.750000000000004,-22.489013671875
13:13:31.669082,0.21293,-15.922116679054314,30.750000000000004,-22.489013671875
13:13:31.674043,0.21293,-15.922116679054314,30.750000000000004,-22.489013671875
13:13:31.679052,0.21293,-15.922116679054314,30.750000000000004,-22.489013671875
13:13:31.684091,0.21507,-15.741315287452752,31.218,-21.54212951660156
13:13:31.689150,0.21507,-15.741315287452752,31.218,-21.54212951660156
13:13:31.694068,0.21507,-15.741315287452752,31.218,-21.54212951660156
13:13:31.699085,0.21507,-15.741315287452752,31.218,-21.54212951660156
13:13:31.704085,0.21507,-15.741315287452752,31.218,-21.54212951660156
13:13:31.709088,0.21507,-15.741315287452752,31.218,-21.54212951660156
13:13:31.714099,0.19367,-15.237241190773064,30.971999999999998,-20.561599731445312
13:13:31.719043,0.19367,-15.237241190773064,30.971999999999998,-20.561599731445312
13:13:31.724071,0.19367,-15.237241190773064,30.971999999999998,-20.561599731445312
13:13:31.729062,0.19367,-15.237241190773064,30.971999999999998,-20.561599731445312
13:13:31.734068,0.19367,-15.237241190773064,30.971999999999998,-20.561599731445312
13:13:31.739162,0.19367,-15.237241190773064,30.971999999999998,-20.561599731445312
13:13:31.744428,0.19367,-15.237241190773064,30.971999999999998,-20.561599731445312
13:13:31.749182,0.19474,-13.034680765968377,31.026,-19.5721435546875
13:13:31.754047,0.19474,-13.034680765968377,31.026,-19.5721435546875
13:13:31.759060,0.19474,-13.034680765968377,31.026,-19.5721435546875
13:13:31.764087,0.19474,-13.034680765968377,31.026,-19.5721435546875
13:13:31.769421,0.19474,-13.034680765968377,31.026,-19.5721435546875
13:13:31.774284,0.19474,-13.034680765968377,31.026,-19.5721435546875
13:13:31.779307,0.18939,-12.673077982765252,30.942,-18.59710693359375
13:13:31.784353,0.18939,-12.673077982765252,30.942,-18.59710693359375
13:13:31.789296,0.18939,-12.673077982765252,30.942,-18.59710693359375
13:13:31.794099,0.18939,-12.673077982765252,30.942,-18.59710693359375
13:13:31.799068,0.18939,-12.673077982765252,30.942,-18.59710693359375
13:13:31.804088,0.18939,-12.673077982765252,30.942,-18.59710693359375
13:13:31.809694,0.17762,-11.632062357765252,30.942,-17.6605224609375
13:13:31.814296,0.17762,-11.632062357765252,30.942,-17.6605224609375
13:13:31.819368,0.17762,-11.632062357765252,30.942,-17.6605224609375
13:13:31.824279,0.17762,-11.632062357765252,30.942,-17.6605224609375
13:13:31.829119,0.17762,-11.632062357765252,30.942,-17.6605224609375
13:13:31.834091,0.17762,-11.632062357765252,30.942,-17.6605224609375
13:13:31.839418,0.17762,-11.632062357765252,30.942,-17.6605224609375
13:13:31.844204,0.17762,-12.426511210304314,30.258,-16.699905395507812
13:13:31.849084,0.17762,-12.426511210304314,30.258,-16.699905395507812
13:13:31.854057,0.17762,-12.426511210304314,30.258,-16.699905395507812
13:13:31.859052,0.17762,-12.426511210304314,30.258,-16.699905395507812
13:13:31.864071,0.17762,-12.426511210304314,30.258,-16.699905395507812
13:13:31.869091,0.17762,-12.426511210304314,30.258,-16.699905395507812
13:13:31.874431,0.18083,-11.626584452491814,30.78,-15.770187377929688
13:13:31.879056,0.18083,-11.626584452491814,30.78,-15.770187377929688
13:13:31.884055,0.18083,-11.626584452491814,30.78,-15.770187377929688
13:13:31.889059,0.18083,-11.626584452491814,30.78,-15.770187377929688
13:13:31.894059,0.18083,-11.626584452491814,30.78,-15.770187377929688
13:13:31.899083,0.18083,-11.626584452491814,30.78,-15.770187377929688
13:13:31.904070,0.18083,-11.626584452491814,30.78,-15.770187377929688
13:13:31.909090,0.17548,-11.369061869484002,30.09,-14.738159179687502
13:13:31.914061,0.17548,-11.369061869484002,30.09,-14.738159179687502
13:13:31.919070,0.17548,-11.369061869484002,30.09,-14.738159179687502
13:13:31.924048,0.17548,-11.369061869484002,30.09,-14.738159179687502
13:13:31.929063,0.17548,-11.369061869484002,30.09,-14.738159179687502
13:13:31.934073,0.17548,-11.369061869484002,30.09,-14.738159179687502
13:13:31.939423,0.15087,-9.72536985288244,31.356,-13.73291015625
13:13:31.944055,0.15087,-9.72536985288244,31.356,-13.73291015625
13:13:31.949061,0.15087,-9.72536985288244,31.356,-13.73291015625
13:13:31.954044,0.15087,-9.72536985288244,31.356,-13.73291015625
13:13:31.959048,0.15087,-9.72536985288244,31.356,-13.73291015625
13:13:31.964073,0.15087,-9.72536985288244,31.356,-13.73291015625
13:13:31.969069,0.15087,-9.72536985288244,31.356,-13.73291015625
13:13:31.974237,0.15836,-8.810376566749627,30.366,-12.755813598632812
13:13:31.979085,0.15836,-8.810376566749627,30.366,-12.755813598632812
13:13:31.984067,0.15836,-8.810376566749627,30.366,-12.755813598632812
13:13:31.989091,0.15836,-8.810376566749627,30.366,-12.755813598632812
13:13:31.994141,0.15836,-8.810376566749627,30.366,-12.755813598632812
13:13:31.999059,0.15836,-8.810376566749627,30.366,-12.755813598632812
13:13:32.004187,0.13803,-8.328229349952752,31.218,-11.834335327148438
13:13:32.009073,0.13803,-8.328229349952752,31.218,-11.834335327148438
13:13:32.014048,0.13803,-8.328229349952752,31.218,-11.834335327148438
13:13:32.019082,0.13803,-8.328229349952752,31.218,-11.834335327148438
13:13:32.024097,0.13803,-8.328229349952752,31.218,-11.834335327148438
13:13:32.029059,0.13803,-8.328229349952752,31.218,-11.834335327148438
13:13:32.034069,0.13803,-8.328229349952752,31.218,-11.834335327148438
13:13:32.039085,0.15729,-8.415891093116814,30.366,-10.861358642578123
13:13:32.044057,0.15729,-8.415891093116814,30.366,-10.861358642578123
13:13:32.049087,0.15729,-8.415891093116814,30.366,-10.861358642578123
13:13:32.054033,0.15729,-8.415891093116814,30.366,-10.861358642578123
13:13:32.059063,0.15729,-8.415891093116814,30.366,-10.861358642578123
13:13:32.064082,0.15729,-8.415891093116814,30.366,-10.861358642578123
13:13:32.069653,0.14231,-8.399457377296502,30.81,-9.891815185546877
13:13:32.074100,0.14231,-8.399457377296502,30.81,-9.891815185546877
13:13:32.079067,0.14231,-8.399457377296502,30.81,-9.891815185546877
13:13:32.084100,0.14231,-8.399457377296502,30.81,-9.891815185546877
13:13:32.089063,0.14231,-8.399457377296502,30.81,-9.891815185546877
13:13:32.094073,0.14231,-8.399457377296502,30.81,-9.891815185546877
13:13:32.099079,0.14231,-8.399457377296502,30.81,-9.891815185546877
13:13:32.104100,0.13054,-6.531110209327752,30.834,-8.886566162109375
13:13:32.109060,0.13054,-6.531110209327752,30.834,-8.886566162109375
13:13:32.114046,0.13054,-6.531110209327752,30.834,-8.886566162109375
13:13:32.119060,0.13054,-6.531110209327752,30.834,-8.886566162109375
13:13:32.124072,0.13054,-6.531110209327752,30.834,-8.886566162109375
13:13:32.129092,0.13054,-6.531110209327752,30.834,-8.886566162109375
13:13:32.134535,0.10914,-6.531110209327752,30.450000000000003,-7.9026031494140625
13:13:32.139187,0.10914,-5.802411478859002,30.450000000000003,-7.9026031494140625
13:13:32.144373,0.10914,-5.802411478859002,30.450000000000003,-7.9026031494140625
13:13:32.149219,0.10914,-5.802411478859002,30.450000000000003,-7.9026031494140625
13:13:32.154230,0.10914,-5.802411478859002,30.450000000000003,-7.9026031494140625
13:13:32.159312,0.10914,-5.802411478859002,30.450000000000003,-7.9026031494140625
13:13:32.164393,0.10914,-5.802411478859002,30.450000000000003,-7.9026031494140625
13:13:32.169303,0.11449,-4.240888041359002,31.164000000000005,-6.9083404541015625
13:13:32.174274,0.11449,-4.240888041359002,31.164000000000005,-6.9083404541015625
13:13:32.179310,0.11449,-4.240888041359002,31.164000000000005,-6.9083404541015625
13:13:32.184340,0.11449,-4.240888041359002,31.164000000000005,-6.9083404541015625
13:13:32.189399,0.11449,-4.240888041359002,31.164000000000005,-6.9083404541015625
13:13:32.194350,0.11449,-4.240888041359002,31.164000000000005,-6.9083404541015625
13:13:32.199581,0.11663,-4.240888041359002,30.534,-5.9552764892578125
13:13:32.204349,0.11663,-4.712079447609002,30.534,-5.9552764892578125
13:13:32.209315,0.11663,-4.712079447609002,30.534,-5.9552764892578125
13:13:32.214349,0.11663,-4.712079447609002,30.534,-5.9552764892578125
13:13:32.219268,0.11663,-4.712079447609002,30.534,-5.9552764892578125
13:13:32.224309,0.11663,-4.712079447609002,30.534,-5.9552764892578125
13:13:32.229345,0.11663,-4.712079447609002,30.534,-5.9552764892578125
13:13:32.234162,0.11021,-4.328549784523065,31.271999999999995,-5.0186920166015625
13:13:32.239098,0.11021,-4.328549784523065,31.271999999999995,-5.0186920166015625
13:13:32.244065,0.11021,-4.328549784523065,31.271999999999995,-5.0186920166015625
13:13:32.249062,0.11021,-4.328549784523065,31.271999999999995,-5.0186920166015625
13:13:32.254187,0.11021,-4.328549784523065,31.271999999999995,-5.0186920166015625
13:13:32.259050,0.11021,-4.328549784523065,31.271999999999995,-5.0186920166015625
13:13:32.264525,0.10807,-4.328549784523065,30.642,-4.0216827392578125
13:13:32.269055,0.10807,-4.564145487648065,30.642,-4.0216827392578125
13:13:32.274057,0.10807,-4.564145487648065,30.642,-4.0216827392578125
13:13:32.279072,0.10807,-4.564145487648065,30.642,-4.0216827392578125
13:13:32.284110,0.10807,-4.564145487648065,30.642,-4.0216827392578125
13:13:32.289054,0.10807,-4.564145487648065,30.642,-4.0216827392578125
13:13:32.294086,0.10807,-4.564145487648065,30.642,-4.0216827392578125
13:13:32.299137,0.09523,-3.1450933636246274,30.971999999999998,-3.01849365234375
13:13:32.304099,0.09523,-3.1450933636246274,30.971999999999998,-3.01849365234375
13:13:32.309152,0.09523,-3.1450933636246274,30.971999999999998,-3.01849365234375
13:13:32.314062,0.09523,-3.1450933636246274,30.971999999999998,-3.01849365234375
13:13:32.319060,0.09523,-3.1450933636246274,30.971999999999998,-3.01849365234375
13:13:32.324072,0.09523,-3.1450933636246274,30.971999999999998,-3.01849365234375
13:13:32.329141,0.10058,-3.1450933636246274,29.904,-2.018051147460937
13:13:32.334151,0.10058,-1.7917761028824395,29.904,-2.018051147460937
13:13:32.339042,0.10058,-1.7917761028824395,29.904,-2.018051147460937
13:13:32.344058,0.10058,-1.7917761028824395,29.904,-2.018051147460937
13:13:32.349087,0.10058,-1.7917761028824395,29.904,-2.018051147460937
13:13:32.354070,0.10058,-1.7917761028824395,29.904,-2.018051147460937
13:13:32.359230,0.10058,-1.7917761028824395,29.904,-2.018051147460937
13:13:32.364086,0.07062,-0.8329443157730647,30.996,-1.056060791015625
13:13:32.369197,0.07062,-0.8329443157730647,30.996,-1.056060791015625
13:13:32.374059,0.07062,-0.8329443157730647,30.996,-1.056060791015625
13:13:32.379060,0.07062,-0.8329443157730647,30.996,-1.056060791015625
13:13:32.384117,0.07062,-0.8329443157730647,30.996,-1.056060791015625
13:13:32.389147,0.07062,-0.8329443157730647,30.996,-1.056060791015625
13:13:32.394246,0.07062,-0.8329443157730647,30.996,-1.056060791015625
13:13:32.399089,0.07811,-0.3124517620621272,30.78,-0.089263916015625
13:13:32.404108,0.07811,-0.3124517620621272,30.78,-0.089263916015625
13:13:32.409067,0.07811,-0.3124517620621272,30.78,-0.089263916015625
13:13:32.414093,0.07811,-0.3124517620621272,30.78,-0.089263916015625
13:13:32.419070,0.07811,-0.3124517620621272,30.78,-0.089263916015625
13:13:32.424067,0.07811,-0.3124517620621272,30.78,-0.089263916015625
13:13:32.429359,0.08025,-0.8219885052261897,30.15,0.8658599853515625
13:13:32.434367,0.08025,-0.8219885052261897,30.15,0.8658599853515625
13:13:32.439362,0.08025,-0.8219885052261897,30.15,0.8658599853515625
13:13:32.444098,0.08025,-0.8219885052261897,30.15,0.8658599853515625
13:13:32.449090,0.08025,-0.8219885052261897,30.15,0.8658599853515625
13:13:32.454085,0.08025,-0.8219885052261897,30.15,0.8658599853515625
13:13:32.459371,0.08025,-0.8219885052261897,30.15,0.8658599853515625
13:13:32.464316,0.07597,0.7066522418441228,30.504,1.8505096435546875
13:13:32.469374,0.07597,0.7066522418441228,30.504,1.8505096435546875
13:13:32.474374,0.07597,0.7066522418441228,30.504,1.8505096435546875
13:13:32.479398,0.07597,0.7066522418441228,30.504,1.8505096435546875
13:13:32.484394,0.07597,0.7066522418441228,30.504,1.8505096435546875
13:13:32.489305,0.07597,0.7066522418441228,30.504,1.8505096435546875
13:13:32.494344,0.05885,1.0572992145003728,30.834,2.863311767578125
13:13:32.499281,0.05885,1.0572992145003728,30.834,2.863311767578125
13:13:32.504257,0.05885,1.0572992145003728,30.834,2.863311767578125
13:13:32.509301,0.05885,1.0572992145003728,30.834,2.863311767578125
13:13:32.514299,0.05885,1.0572992145003728,30.834,2.863311767578125
13:13:32.519291,0.05885,1.0572992145003728,30.834,2.863311767578125
13:13:32.524309,0.05885,1.0572992145003728,30.834,2.863311767578125
13:13:32.529291,0.04494,2.914690571922248,30.804,3.851394653320313
13:13:32.534388,0.04494,2.914690571922248,30.804,3.851394653320313
13:13:32.539302,0.04494,2.914690571922248,30.804,3.851394653320313
13:13:32.544315,0.04494,2.914690571922248,30.804,3.851394653320313
13:13:32.549360,0.04494,2.914690571922248,30.804,3.851394653320313
13:13:32.554359,0.04494,2.914690571922248,30.804,3.851394653320313
13:13:32.559168,0.05457,2.761278706687873,29.958,4.8175048828125
13:13:32.564305,0.05457,2.761278706687873,29.958,4.8175048828125
13:13:32.569413,0.05457,2.761278706687873,29.958,4.8175048828125
13:13:32.574409,0.05457,2.761278706687873,29.958,4.8175048828125
13:13:32.579389,0.05457,2.761278706687873,29.958,4.8175048828125
13:13:32.584366,0.05457,2.761278706687873,29.958,4.8175048828125
13:13:32.589285,0.05457,2.761278706687873,29.958,4.8175048828125
13:13:32.594204,0.04494,3.363955098289435,31.11,5.7808685302734375
13:13:32.599071,0.04494,3.363955098289435,31.11,5.7808685302734375
13:13:32.604089,0.04494,3.363955098289435,31.11,5.7808685302734375
13:13:32.609058,0.04494,3.363955098289435,31.11,5.7808685302734375
13:13:32.614083,0.04494,3.363955098289435,31.11,5.7808685302734375
13:13:32.619095,0.04494,3.363955098289435,31.11,5.7808685302734375
13:13:32.624101,0.0535,2.8763299762191226,30.204,6.735992431640625
13:13:32.629069,0.0535,2.8763299762191226,30.204,6.735992431640625
13:13:32.634061,0.0535,2.8763299762191226,30.204,6.735992431640625
13:13:32.639054,0.0535,2.8763299762191226,30.204,6.735992431640625
13:13:32.644086,0.0535,2.8763299762191226,30.204,6.735992431640625
13:13:32.649042,0.0535,2.8763299762191226,30.204,6.735992431640625
13:13:32.654747,0.03103,2.8763299762191226,30.450000000000003,7.701416015625001
13:13:32.659276,0.03103,3.8680291949691226,30.450000000000003,7.701416015625001
13:13:32.664370,0.03103,3.8680291949691226,30.450000000000003,7.701416015625001
13:13:32.669380,0.03103,3.8680291949691226,30.450000000000003,7.701416015625001
13:13:32.674432,0.03103,3.8680291949691226,30.450000000000003,7.701416015625001
13:13:32.679424,0.03103,3.8680291949691226,30.450000000000003,7.701416015625001
13:13:32.684346,0.03103,3.8680291949691226,30.450000000000003,7.701416015625001
13:13:32.689254,0.02675,5.36380251039881,30.012,8.71490478515625
13:13:32.694100,0.02675,5.36380251039881,30.012,8.71490478515625
13:13:32.699058,0.02675,5.36380251039881,30.012,8.71490478515625
13:13:32.704091,0.02675,5.36380251039881,30.012,8.71490478515625
13:13:32.709098,0.02675,5.36380251039881,30.012,8.71490478515625
13:13:32.714091,0.02675,5.36380251039881,30.012,8.71490478515625
13:13:32.719070,0.02675,5.36380251039881,30.012,8.71490478515625
13:13:32.724130,0.01819,6.388369160789435,30.366,9.682388305664062
13:13:32.729064,0.01819,6.388369160789435,30.366,9.682388305664062
13:13:32.734065,0.01819,6.388369160789435,30.366,9.682388305664062
13:13:32.739084,0.01819,6.388369160789435,30.366,9.682388305664062
13:13:32.744159,0.01819,6.388369160789435,30.366,9.682388305664062
13:13:32.749061,0.01819,6.388369160789435,30.366,9.682388305664062
13:13:32.754096,0.01819,7.44034059633631,30.15,10.652618408203123
13:13:32.759063,0.01819,7.44034059633631,30.15,10.652618408203123
13:13:32.764062,0.01819,7.44034059633631,30.15,10.652618408203123
13:13:32.769082,0.01819,7.44034059633631,30.15,10.652618408203123
13:13:32.774113,0.01819,7.44034059633631,30.15,10.652618408203123
13:13:32.779083,0.01819,7.44034059633631,30.15,10.652618408203123
13:13:32.784057,0.01819,7.44034059633631,30.15,10.652618408203123
13:13:32.789124,0.01819,6.886965352195685,30.12,11.63726806640625
13:13:32.794069,0.01819,6.886965352195685,30.12,11.63726806640625
13:13:32.799084,0.01819,6.886965352195685,30.12,11.63726806640625
13:13:32.804068,0.01819,6.886965352195685,30.12,11.63726806640625
13:13:32.809070,0.01819,6.886965352195685,30.12,11.63726806640625
13:13:32.814110,0.01819,6.886965352195685,30.12,11.63726806640625
13:13:32.819687,0.00856,7.988237935203498,31.134,12.596511840820312
13:13:32.824400,0.00856,7.988237935203498,31.134,12.596511840820312
13:13:32.829403,0.00856,7.988237935203498,31.134,12.596511840820312
13:13:32.834140,0.00856,7.988237935203498,31.134,12.596511840820312
13:13:32.839433,0.00856,7.988237935203498,31.134,12.596511840820312
13:13:32.844134,0.00856,7.988237935203498,31.134,12.596511840820312
13:13:32.849202,0.00856,7.988237935203498,31.134,12.596511840820312
13:13:32.854115,0.00428,7.867693501609748,30.696,13.60382080078125
13:13:32.859070,0.00428,7.867693501609748,30.696,13.60382080078125
13:13:32.864062,0.00428,7.867693501609748,30.696,13.60382080078125
13:13:32.869055,0.00428,7.867693501609748,30.696,13.60382080078125
13:13:32.874130,0.00428,7.867693501609748,30.696,13.60382080078125
13:13:32.879116,0.00428,7.867693501609748,30.696,13.60382080078125
13:13:32.884187,0.00107,9.675768452781623,30.504,14.612503051757812
13:13:32.889066,0.00107,9.675768452781623,30.504,14.612503051757812
13:13:32.894052,0.00107,9.675768452781623,30.504,14.612503051757812
13:13:32.899086,0.00107,9.675768452781623,30.504,14.612503051757812
13:13:32.904073,0.00107,9.675768452781623,30.504,14.612503051757812
13:13:32.909111,0.00107,9.675768452781623,30.504,14.612503051757812
13:13:32.914083,0.00107,9.675768452781623,30.504,14.612503051757812
13:13:32.919315,-0.0,10.01547487368006,29.766,15.547027587890629
13:13:32.924129,-0.0,10.01547487368006,29.766,15.547027587890629
13:13:32.929067,-0.0,10.01547487368006,29.766,15.547027587890629
13:13:32.934048,-0.0,10.01547487368006,29.766,15.547027587890629
13:13:32.939085,-0.0,10.01547487368006,29.766,15.547027587890629
13:13:32.944086,-0.0,10.01547487368006,29.766,15.547027587890629
13:13:32.949481,-0.01391,10.683901387351936,30.834,16.517257690429688
13:13:32.954165,-0.01391,10.683901387351936,30.834,16.517257690429688
13:13:32.959082,-0.01391,10.683901387351936,30.834,16.517257690429688
13:13:32.964068,-0.01391,10.683901387351936,30.834,16.517257690429688
13:13:32.969230,-0.01391,10.683901387351936,30.834,16.517257690429688
13:13:32.974155,-0.01391,10.683901387351936,30.834,16.517257690429688
13:13:32.979064,-0.01391,10.683901387351936,30.834,16.517257690429688
13:13:32.984105,-0.0,10.470232564109748,30.48,17.474441528320312
13:13:32.989093,-0.0,10.470232564109748,30.48,17.474441528320312
13:13:32.994063,-0.0,10.470232564109748,30.48,17.474441528320312
13:13:32.999060,-0.0,10.470232564109748,30.48,17.474441528320312
13:13:33.004093,-0.0,10.470232564109748,30.48,17.474441528320312
13:13:33.009071,-0.0,10.470232564109748,30.48,17.474441528320312
13:13:33.014163,-0.00749,10.788012105125372,30.834,18.460464477539062
13:13:33.019065,-0.00749,10.788012105125372,30.834,18.460464477539062
13:13:33.024072,-0.00749,10.788012105125372,30.834,18.460464477539062
13:13:33.029061,-0.00749,10.788012105125372,30.834,18.460464477539062
13:13:33.034064,-0.00749,10.788012105125372,30.834,18.460464477539062
13:13:33.039062,-0.00749,10.788012105125372,30.834,18.460464477539062
13:13:33.044043,-0.00749,10.788012105125372,30.834,18.460464477539062
13:13:33.049233,-0.01177,12.508410054344123,30.504,19.427261352539062
13:13:33.054055,-0.01177,12.508410054344123,30.504,19.427261352539062
13:13:33.059062,-0.01177,12.508410054344123,30.504,19.427261352539062
13:13:33.064068,-0.01177,12.508410054344123,30.504,19.427261352539062
13:13:33.069091,-0.01177,12.508410054344123,30.504,19.427261352539062
13:13:33.074129,-0.01177,12.508410054344123,30.504,19.427261352539062
13:13:33.079146,-0.03531,13.154940205711313,30.366,20.42152404785156
13:13:33.084091,-0.03531,13.154940205711313,30.366,20.42152404785156
13:13:33.089047,-0.03531,13.154940205711313,30.366,20.42152404785156
13:13:33.094058,-0.03531,13.154940205711313,30.366,20.42152404785156
13:13:33.099083,-0.03531,13.154940205711313,30.366,20.42152404785156
13:13:33.104072,-0.03531,13.154940205711313,30.366,20.42152404785156
13:13:33.109154,-0.03531,13.154940205711313,30.366,20.42152404785156
13:13:33.114098,-0.03424,14.68905885805506,30.396,21.393814086914062
13:13:33.119098,-0.03424,14.68905885805506,30.396,21.393814086914062
13:13:33.124069,-0.03424,14.68905885805506,30.396,21.393814086914062
13:13:33.129066,-0.03424,14.68905885805506,30.396,21.393814086914062
13:13:33.134089,-0.03424,14.68905885805506,30.396,21.393814086914062
13:13:33.139071,-0.03424,14.68905885805506,30.396,21.393814086914062
13:13:33.144164,-0.02461,14.053484517234748,30.258,22.35992431640625
13:13:33.149191,-0.02461,14.053484517234748,30.258,22.35992431640625
13:13:33.154069,-0.02461,14.053484517234748,30.258,22.35992431640625
13:13:33.159066,-0.02461,14.053484517234748,30.258,22.35992431640625
13:13:33.164099,-0.02461,14.053484517234748,30.258,22.35992431640625
13:13:33.169123,-0.02461,14.053484517234748,30.258,22.35992431640625
13:13:33.174310,-0.02461,14.053484517234748,30.258,22.35992431640625
13:13:33.179037,-0.03638,15.286272603172248,30.612,23.305435180664062
13:13:33.184060,-0.03638,15.286272603172248,30.612,23.305435180664062
13:13:33.189086,-0.03638,15.286272603172248,30.612,23.305435180664062
13:13:33.194463,-0.03638,15.286272603172248,30.612,23.305435180664062
13:13:33.199396,-0.03638,15.286272603172248,30.612,23.305435180664062
13:13:33.204383,-0.03638,15.286272603172248,30.612,23.305435180664062
13:13:33.209439,-0.03959,14.458941060203498,30.888,24.27772521972656
13:13:33.214401,-0.03959,14.458941060203498,30.888,24.27772521972656
13:13:33.219354,-0.03959,14.458941060203498,30.888,24.27772521972656
13:13:33.224393,-0.03959,14.458941060203498,30.888,24.27772521972656
13:13:33.229439,-0.03959,14.458941060203498,30.888,24.27772521972656
13:13:33.234430,-0.03959,14.458941060203498,30.888,24.27772521972656
13:13:33.240941,-0.05243,16.40397890200037,30.588,25.27061462402344
13:13:33.244362,-0.05243,16.40397890200037,30.588,25.27061462402344
13:13:33.249617,-0.05243,16.40397890200037,30.588,25.27061462402344
13:13:33.254411,-0.05243,16.40397890200037,30.588,25.27061462402344
13:13:33.259441,-0.05243,16.40397890200037,30.588,25.27061462402344
13:13:33.264377,-0.05243,16.40397890200037,30.588,25.27061462402344
13:13:33.269310,-0.05243,16.40397890200037,30.588,25.27061462402344
13:13:33.274323,-0.04708,16.63957460512537,30.096000000000004,26.273117065429688
13:13:33.279284,-0.04708,16.63957460512537,30.096000000000004,26.273117065429688
13:13:33.284289,-0.04708,16.63957460512537,30.096000000000004,26.273117065429688
13:13:33.289279,-0.04708,16.63957460512537,30.096000000000004,26.273117065429688
13:13:33.294373,-0.04708,16.63957460512537,30.096000000000004,26.273117065429688
13:13:33.299291,-0.04708,16.63957460512537,30.096000000000004,26.273117065429688
13:13:33.304418,-0.04708,16.63957460512537,30.096000000000004,26.273117065429688
13:13:33.309274,-0.06741,17.75729616274256,30.612,27.220687866210938
13:13:33.314352,-0.06741,17.75729616274256,30.612,27.220687866210938
13:13:33.319323,-0.06741,17.75729616274256,30.612,27.220687866210938
13:13:33.324117,-0.06741,17.75729616274256,30.612,27.220687866210938
13:13:33.329291,-0.06741,17.75729616274256,30.612,27.220687866210938
13:13:33.334329,-0.06741,17.75729616274256,30.612,27.220687866210938
13:13:33.339238,-0.06206,17.510744649070684,30.204,28.164825439453125
13:13:33.344249,-0.06206,17.510744649070684,30.204,28.164825439453125
13:13:33.349301,-0.06206,17.510744649070684,30.204,28.164825439453125
13:13:33.354400,-0.06206,17.510744649070684,30.204,28.164825439453125
13:13:33.359367,-0.06206,17.510744649070684,30.204,28.164825439453125
13:13:33.364351,-0.06206,17.510744649070684,30.204,28.164825439453125
13:13:33.369468,-0.06206,17.68606813539881,29.904,29.118576049804688
13:13:33.374316,-0.06206,17.68606813539881,29.904,29.118576049804688
13:13:33.379365,-0.06206,17.68606813539881,29.904,29.118576049804688
13:13:33.384411,-0.06206,17.68606813539881,29.904,29.118576049804688
13:13:33.389322,-0.06206,17.68606813539881,29.904,29.118576049804688
13:13:33.394249,-0.06206,17.68606813539881,29.904,29.118576049804688
13:13:33.399277,-0.06206,17.68606813539881,29.904,29.118576049804688
13:13:33.404281,-0.06206,18.69967897524256,30.474,30.1080322265625
13:13:33.409272,-0.06206,18.69967897524256,30.474,30.1080322265625
13:13:33.414261,-0.06206,18.69967897524256,30.474,30.1080322265625
13:13:33.419307,-0.06206,18.69967897524256,30.474,30.1080322265625
13:13:33.424344,-0.06206,18.69967897524256,30.474,30.1080322265625
13:13:33.429374,-0.06206,18.69967897524256,30.474,30.1080322265625
13:13:33.434290,-0.08774,19.302370625633184,30.474,31.11396789550781
13:13:33.439321,-0.08774,19.302370625633184,30.474,31.11396789550781
13:13:33.444318,-0.08774,19.302370625633184,30.474,31.11396789550781
13:13:33.449336,-0.08774,19.302370625633184,30.474,31.11396789550781
13:13:33.454422,-0.08774,19.302370625633184,30.474,31.11396789550781
13:13:33.459409,-0.08774,19.302370625633184,30.474,31.11396789550781
13:13:33.464327,-0.08774,19.302370625633184,30.474,31.11396789550781
13:13:33.469417,-0.08239,20.86937196840662,30.642,32.07115173339844
13:13:33.474412,-0.08239,20.86937196840662,30.642,32.07115173339844
13:13:33.479397,-0.08239,20.86937196840662,30.642,32.07115173339844
13:13:33.484460,-0.08239,20.86937196840662,30.642,32.07115173339844
13:13:33.489356,-0.08239,20.86937196840662,30.642,32.07115173339844
13:13:33.494362,-0.08239,20.86937196840662,30.642,32.07115173339844
13:13:33.499740,-0.07704,20.56254823793787,30.312,33.05992126464844
13:13:33.504412,-0.07704,20.56254823793787,30.312,33.05992126464844
13:13:33.509467,-0.07704,20.56254823793787,30.312,33.05992126464844
13:13:33.514479,-0.07704,20.56254823793787,30.312,33.05992126464844
13:13:33.519410,-0.07704,20.56254823793787,30.312,33.05992126464844
13:13:33.524481,-0.07704,20.56254823793787,30.312,33.05992126464844
13:13:33.529220,-0.07704,20.56254823793787,30.312,33.05992126464844
13:13:33.534395,-0.08774,21.822710591453497,31.164000000000005,34.02946472167969
13:13:33.539520,-0.08774,21.822710591453497,31.164000000000005,34.02946472167969
13:13:33.544445,-0.08774,21.822710591453497,31.164000000000005,34.02946472167969
13:13:33.549435,-0.08774,21.822710591453497,31.164000000000005,34.02946472167969
13:13:33.554433,-0.08774,21.822710591453497,31.164000000000005,34.02946472167969
13:13:33.559445,-0.08774,21.822710591453497,31.164000000000005,34.02946472167969
13:13:33.564330,-0.09095,21.822710591453497,30.06,34.992828369140625
13:13:33.569211,-0.09095,20.814577656883184,30.06,34.992828369140625
13:13:33.574225,-0.09095,20.814577656883184,30.06,34.992828369140625
13:13:33.579346,-0.09095,20.814577656883184,30.06,34.992828369140625
13:13:33.584435,-0.09095,20.814577656883184,30.06,34.992828369140625
13:13:33.589409,-0.09095,20.814577656883184,30.06,34.992828369140625
13:13:33.594309,-0.09095,20.814577656883184,30.06,34.992828369140625
13:13:33.599278,-0.10165,22.63908632387537,30.558,36.01524353027344
13:13:33.604421,-0.10165,22.63908632387537,30.558,36.01524353027344
13:13:33.609390,-0.10165,22.63908632387537,30.558,36.01524353027344
13:13:33.614443,-0.10165,22.63908632387537,30.558,36.01524353027344
13:13:33.619527,-0.10165,22.63908632387537,30.558,36.01524353027344
13:13:33.624373,-0.10165,22.63908632387537,30.558,36.01524353027344
13:13:33.629324,-0.10165,22.63908632387537,30.558,36.01524353027344
13:13:33.634355,-0.09844,22.814409810203497,30.726000000000003,36.98616027832031
13:13:33.639418,-0.09844,22.814409810203497,30.726000000000003,36.98616027832031
13:13:33.644442,-0.09844,22.814409810203497,30.726000000000003,36.98616027832031
13:13:33.649439,-0.09844,22.814409810203497,30.726000000000003,36.98616027832031
13:13:33.654422,-0.09844,22.814409810203497,30.726000000000003,36.98616027832031
13:13:33.659433,-0.09844,22.814409810203497,30.726000000000003,36.98616027832031
13:13:33.664319,-0.10807,23.767763692039438,30.918000000000003,37.96051025390625
13:13:33.669318,-0.10807,23.767763692039438,30.918000000000003,37.96051025390625
13:13:33.674353,-0.10807,23.767763692039438,30.918000000000003,37.96051025390625
13:13:33.679318,-0.10807,23.767763692039438,30.918000000000003,37.96051025390625
13:13:33.684306,-0.10807,23.767763692039438,30.918000000000003,37.96051025390625
13:13:33.689268,-0.10807,23.767763692039438,30.918000000000003,37.96051025390625
13:13:33.694274,-0.10807,23.767763692039438,30.918000000000003,37.96051025390625
13:13:33.699314,-0.11128,23.877337056297247,30.288,38.95683288574219
13:13:33.704308,-0.11128,23.877337056297247,30.288,38.95683288574219
13:13:33.709226,-0.11128,23.877337056297247,30.288,38.95683288574219
13:13:33.714284,-0.11128,23.877337056297247,30.288,38.95683288574219
13:13:33.719339,-0.11128,23.877337056297247,30.288,38.95683288574219
13:13:33.724292,-0.11128,23.877337056297247,30.288,38.95683288574219
13:13:33.729262,-0.12198,23.806109028953497,30.474,39.93873596191406
13:13:33.734224,-0.12198,23.806109028953497,30.474,39.93873596191406
13:13:33.739338,-0.12198,23.806109028953497,30.474,39.93873596191406
13:13:33.744368,-0.12198,23.806109028953497,30.474,39.93873596191406
13:13:33.749305,-0.12198,23.806109028953497,30.474,39.93873596191406
13:13:33.754351,-0.12198,23.806109028953497,30.474,39.93873596191406
13:13:33.759346,-0.12198,23.806109028953497,30.474,39.93873596191406
13:13:33.764337,-0.1177,24.76494081606287,30.372,40.88768005371094
13:13:33.769408,-0.1177,24.76494081606287,30.372,40.88768005371094
13:13:33.774299,-0.1177,24.76494081606287,30.372,40.88768005371094
13:13:33.779489,-0.1177,24.76494081606287,30.372,40.88768005371094
13:13:33.784459,-0.1177,24.76494081606287,30.372,40.88768005371094
13:13:33.789289,-0.1177,24.76494081606287,30.372,40.88768005371094
13:13:33.794280,-0.13054,24.85808046450037,29.82,41.90254211425781
13:13:33.799336,-0.13054,24.85808046450037,29.82,41.90254211425781
13:13:33.804408,-0.13054,24.85808046450037,29.82,41.90254211425781
13:13:33.809318,-0.13054,24.85808046450037,29.82,41.90254211425781
13:13:33.814365,-0.13054,24.85808046450037,29.82,41.90254211425781
13:13:33.819298,-0.13054,24.85808046450037,29.82,41.90254211425781
13:13:33.824306,-0.13054,24.85808046450037,29.82,41.90254211425781
13:13:33.829329,-0.13375,26.62779481996912,30.012,42.85560607910156
13:13:33.834323,-0.13375,26.62779481996912,30.012,42.85560607910156
13:13:33.839372,-0.13375,26.62779481996912,30.012,42.85560607910156
13:13:33.844394,-0.13375,26.62779481996912,30.012,42.85560607910156
13:13:33.849402,-0.13375,26.62779481996912,30.012,42.85560607910156
13:13:33.854296,-0.13375,26.62779481996912,30.012,42.85560607910156
13:13:33.859327,-0.1284,26.06894167055506,29.766,43.86497497558594
13:13:33.864301,-0.1284,26.06894167055506,29.766,43.86497497558594
13:13:33.869273,-0.1284,26.06894167055506,29.766,43.86497497558594
13:13:33.874285,-0.1284,26.06894167055506,29.766,43.86497497558594
13:13:33.879324,-0.1284,26.06894167055506,29.766,43.86497497558594
13:13:33.884294,-0.1284,26.06894167055506,29.766,43.86497497558594
13:13:33.889341,-0.1284,26.06894167055506,29.766,43.86497497558594
13:13:33.894305,-0.13589,27.66881044496912,30.588,44.79881286621094
13:13:33.899283,-0.13589,27.66881044496912,30.588,44.79881286621094
13:13:33.904367,-0.13589,27.66881044496912,30.588,44.79881286621094
13:13:33.909377,-0.13589,27.66881044496912,30.588,44.79881286621094
13:13:33.914347,-0.13589,27.66881044496912,30.588,44.79881286621094
13:13:33.919287,-0.13589,27.66881044496912,30.588,44.79881286621094
13:13:33.924225,-0.1284,26.545610982078497,29.898000000000003,45.7855224609375
13:13:33.929288,-0.1284,26.545610982078497,29.898000000000003,45.7855224609375
13:13:33.934280,-0.1284,26.545610982078497,29.898000000000003,45.7855224609375
13:13:33.939315,-0.1284,26.545610982078497,29.898000000000003,45.7855224609375
13:13:33.944322,-0.1284,26.545610982078497,29.898000000000003,45.7855224609375
13:13:33.949323,-0.1284,26.545610982078497,29.898000000000003,45.7855224609375
13:13:33.954307,-0.1284,26.545610982078497,29.898000000000003,45.7855224609375
13:13:33.959257,-0.14338,28.107119160789438,30.366,46.767425537109375
13:13:33.964308,-0.14338,28.107119160789438,30.366,46.767425537109375
13:13:33.969279,-0.14338,28.107119160789438,30.366,46.767425537109375
13:13:33.974380,-0.14338,28.107119160789438,30.366,46.767425537109375
13:13:33.979358,-0.14338,28.107119160789438,30.366,46.767425537109375
13:13:33.984280,-0.14338,28.107119160789438,30.366,46.767425537109375
13:13:33.989416,-0.14445,28.107119160789438,30.426,47.775421142578125
13:13:33.994318,-0.14445,28.05234010805506,30.426,47.775421142578125
13:13:33.999342,-0.14445,28.05234010805506,30.426,47.775421142578125
13:13:34.004314,-0.14445,28.05234010805506,30.426,47.775421142578125
13:13:34.009520,-0.14445,28.05234010805506,30.426,47.775421142578125
13:13:34.014302,-0.14445,28.05234010805506,30.426,47.775421142578125
13:13:34.019267,-0.14445,28.05234010805506,30.426,47.775421142578125
13:13:34.024312,-0.16157,28.961855488914438,30.888,48.75389099121094
13:13:34.029270,-0.16157,28.961855488914438,30.888,48.75389099121094
13:13:34.034261,-0.16157,28.961855488914438,30.888,48.75389099121094
13:13:34.039386,-0.16157,28.961855488914438,30.888,48.75389099121094
13:13:34.044431,-0.16157,28.961855488914438,30.888,48.75389099121094
13:13:34.049423,-0.16157,28.961855488914438,30.888,48.75389099121094
13:13:34.054296,-0.16157,28.961855488914438,30.888,48.75389099121094
13:13:34.059363,-0.14338,29.06047304262537,30.42,49.733734130859375
13:13:34.064341,-0.14338,29.06047304262537,30.42,49.733734130859375
13:13:34.069352,-0.14338,29.06047304262537,30.42,49.733734130859375
13:13:34.074390,-0.14338,29.06047304262537,30.42,49.733734130859375
13:13:34.079416,-0.14338,29.06047304262537,30.42,49.733734130859375
13:13:34.084332,-0.14338,29.06047304262537,30.42,49.733734130859375
13:13:34.089266,-0.1498,29.120745259422247,30.036,50.72181701660156
13:13:34.094320,-0.1498,29.120745259422247,30.036,50.72181701660156
13:13:34.099262,-0.1498,29.120745259422247,30.036,50.72181701660156
13:13:34.104434,-0.1498,29.120745259422247,30.036,50.72181701660156
13:13:34.109305,-0.1498,29.120745259422247,30.036,50.72181701660156
13:13:34.114383,-0.1498,29.120745259422247,30.036,50.72181701660156
13:13:34.119719,-0.1498,29.120745259422247,30.036,50.72181701660156
13:13:34.124302,-0.15729,29.91519411196131,30.066,51.69342041015625
13:13:34.129244,-0.15729,29.91519411196131,30.066,51.69342041015625
13:13:34.134279,-0.15729,29.91519411196131,30.066,51.69342041015625
13:13:34.139307,-0.15729,29.91519411196131,30.066,51.69342041015625
13:13:34.144287,-0.15729,29.91519411196131,30.066,51.69342041015625
13:13:34.149281,-0.15729,29.91519411196131,30.066,51.69342041015625
13:13:34.154318,-0.16799,29.58098085512537,30.396,52.65953063964844
13:13:34.159378,-0.16799,29.58098085512537,30.396,52.65953063964844
13:13:34.164345,-0.16799,29.58098085512537,30.396,52.65953063964844
13:13:34.169264,-0.16799,29.58098085512537,30.396,52.65953063964844
13:13:34.174289,-0.16799,29.58098085512537,30.396,52.65953063964844
13:13:34.179291,-0.16799,29.58098085512537,30.396,52.65953063964844
13:13:34.184249,-0.1605,29.58098085512537,30.288,53.63594055175781
13:13:34.189290,-0.1605,31.25755556215662,30.288,53.63594055175781
13:13:34.194406,-0.1605,31.25755556215662,30.288,53.63594055175781
13:13:34.199140,-0.1605,31.25755556215662,30.288,53.63594055175781
13:13:34.204090,-0.1605,31.25755556215662,30.288,53.63594055175781
13:13:34.209065,-0.1605,31.25755556215662,30.288,53.63594055175781
13:13:34.214058,-0.1605,31.25755556215662,30.288,53.63594055175781
13:13:34.219062,-0.16906,30.726091939109747,29.652,54.60205078125
13:13:34.224067,-0.16906,30.726091939109747,29.652,54.60205078125
13:13:34.229088,-0.16906,30.726091939109747,29.652,54.60205078125
13:13:34.234022,-0.16906,30.726091939109747,29.652,54.60205078125
13:13:34.239052,-0.16906,30.726091939109747,29.652,54.60205078125
13:13:34.244070,-0.16906,30.726091939109747,29.652,54.60205078125
13:13:34.249898,-0.17441,32.23829897035975,30.971999999999998,55.53314208984375
13:13:34.254061,-0.17441,32.23829897035975,30.971999999999998,55.53314208984375
13:13:34.259056,-0.17441,32.23829897035975,30.971999999999998,55.53314208984375
13:13:34.264059,-0.17441,32.23829897035975,30.971999999999998,55.53314208984375
13:13:34.269083,-0.17441,32.23829897035975,30.971999999999998,55.53314208984375
13:13:34.274069,-0.17441,32.23829897035975,30.971999999999998,55.53314208984375
13:13:34.279070,-0.17441,32.23829897035975,30.971999999999998,55.53314208984375
13:13:34.284425,-0.1712,31.14248903383631,30.096000000000004,56.53633117675781
13:13:34.289407,-0.1712,31.14248903383631,30.096000000000004,56.53633117675781
13:13:34.294425,-0.1712,31.14248903383631,30.096000000000004,56.53633117675781
13:13:34.299507,-0.1712,31.14248903383631,30.096000000000004,56.53633117675781
13:13:34.304442,-0.1712,31.14248903383631,30.096000000000004,56.53633117675781
13:13:34.309450,-0.1712,31.14248903383631,30.096000000000004,56.53633117675781
13:13:34.314461,-0.1712,31.14248903383631,30.096000000000004,56.53633117675781
13:13:34.319325,-0.17334,32.66017397035975,30.864000000000004,57.52304077148437
13:13:34.324429,-0.17334,32.66017397035975,30.864000000000004,57.52304077148437
13:13:34.329369,-0.17334,32.66017397035975,30.864000000000004,57.52304077148437
13:13:34.334199,-0.17334,32.66017397035975,30.864000000000004,57.52304077148437
13:13:34.339295,-0.17334,32.66017397035975,30.864000000000004,57.52304077148437
13:13:34.344098,-0.17334,32.66017397035975,30.864000000000004,57.52304077148437
13:13:34.349449,-0.17976,31.98077638735193,30.042,58.47747802734375
13:13:34.354413,-0.17976,31.98077638735193,30.042,58.47747802734375
13:13:34.359444,-0.17976,31.98077638735193,30.042,58.47747802734375
13:13:34.364433,-0.17976,31.98077638735193,30.042,58.47747802734375
13:13:34.369437,-0.17976,31.98077638735193,30.042,58.47747802734375
13:13:34.374426,-0.17976,31.98077638735193,30.042,58.47747802734375
13:13:34.380149,-0.19153,33.41627748598475,30.971999999999998,59.486846923828125
13:13:34.384419,-0.19153,33.41627748598475,30.971999999999998,59.486846923828125
13:13:34.389425,-0.19153,33.41627748598475,30.971999999999998,59.486846923828125
13:13:34.394428,-0.19153,33.41627748598475,30.971999999999998,59.486846923828125
13:13:34.399477,-0.19153,33.41627748598475,30.971999999999998,59.486846923828125
13:13:34.404431,-0.19153,33.41627748598475,30.971999999999998,59.486846923828125
13:13:34.409423,-0.19153,33.41627748598475,30.971999999999998,59.486846923828125
13:13:34.414455,-0.18618,32.97247560610194,29.46,60.47218322753907
13:13:34.419394,-0.18618,32.97247560610194,29.46,60.47218322753907
13:13:34.424359,-0.18618,32.97247560610194,29.46,60.47218322753907
13:13:34.429352,-0.18618,32.97247560610194,29.46,60.47218322753907
13:13:34.434317,-0.18618,32.97247560610194,29.46,60.47218322753907
13:13:34.439426,-0.18618,32.97247560610194,29.46,60.47218322753907
13:13:34.445300,-0.18404,33.5368219195785,30.558,61.45065307617188
13:13:34.449321,-0.18404,33.5368219195785,30.558,61.45065307617188
13:13:34.454430,-0.18404,33.5368219195785,30.558,61.45065307617188
13:13:34.459114,-0.18404,33.5368219195785,30.558,61.45065307617188
13:13:34.464433,-0.18404,33.5368219195785,30.558,61.45065307617188
13:13:34.469397,-0.18404,33.5368219195785,30.558,61.45065307617188
13:13:34.474413,-0.18404,33.5368219195785,30.558,61.45065307617188
13:13:34.479443,-0.18725,33.71762331118006,29.406,62.41401672363282
13:13:34.484428,-0.18725,33.71762331118006,29.406,62.41401672363282
13:13:34.489448,-0.18725,33.71762331118006,29.406,62.41401672363282
13:13:34.494428,-0.18725,33.71762331118006,29.406,62.41401672363282
13:13:34.499430,-0.18725,33.71762331118006,29.406,62.41401672363282
13:13:34.504443,-0.18725,33.71762331118006,29.406,62.41401672363282
13:13:34.509396,-0.18725,33.71762331118006,29.406,62.41401672363282
13:13:34.514424,-0.19367,33.394365864891,30.341999999999995,63.37051391601562
13:13:34.519353,-0.19367,33.394365864891,30.341999999999995,63.37051391601562
13:13:34.524299,-0.19367,33.394365864891,30.341999999999995,63.37051391601562
13:13:34.529347,-0.19367,33.394365864891,30.341999999999995,63.37051391601562
13:13:34.534271,-0.19367,33.394365864891,30.341999999999995,63.37051391601562
13:13:34.539133,-0.19367,33.394365864891,30.341999999999995,63.37051391601562
13:13:34.544359,-0.18725,34.59425600160975,29.574,64.3634033203125
13:13:34.549376,-0.18725,34.59425600160975,29.574,64.3634033203125
13:13:34.554404,-0.18725,34.59425600160975,29.574,64.3634033203125
13:13:34.559434,-0.18725,34.59425600160975,29.574,64.3634033203125
13:13:34.564403,-0.18725,34.59425600160975,29.574,64.3634033203125
13:13:34.569418,-0.18725,34.59425600160975,29.574,64.3634033203125
13:13:34.574441,-0.18725,34.59425600160975,29.574,64.3634033203125
13:13:34.579244,-0.1926,34.27099855532069,30.312,65.36247253417969
13:13:34.584392,-0.1926,34.27099855532069,30.312,65.36247253417969
13:13:34.589469,-0.1926,34.27099855532069,30.312,65.36247253417969
13:13:34.594433,-0.1926,34.27099855532069,30.312,65.36247253417969
13:13:34.599423,-0.1926,34.27099855532069,30.312,65.36247253417969
13:13:34.604404,-0.1926,34.27099855532069,30.312,65.36247253417969
13:13:34.609449,-0.20116,35.54213197817225,29.706,66.31553649902344
13:13:34.614428,-0.20116,35.54213197817225,29.706,66.31553649902344
13:13:34.619426,-0.20116,35.54213197817225,29.706,66.31553649902344
13:13:34.624248,-0.20116,35.54213197817225,29.706,66.31553649902344
13:13:34.629286,-0.20116,35.54213197817225,29.706,66.31553649902344
13:13:34.634410,-0.20116,35.54213197817225,29.706,66.31553649902344
13:13:34.639425,-0.20116,35.54213197817225,29.706,66.31553649902344
13:13:34.644382,-0.20223,34.54495485414881,30.504,67.3297119140625
13:13:34.649280,-0.20223,34.54495485414881,30.504,67.3297119140625
13:13:34.654429,-0.20223,34.54495485414881,30.504,67.3297119140625
13:13:34.659513,-0.20223,34.54495485414881,30.504,67.3297119140625
13:13:34.664422,-0.20223,34.54495485414881,30.504,67.3297119140625
13:13:34.669433,-0.20223,34.54495485414881,30.504,67.3297119140625
13:13:34.674431,-0.20009,36.21057375063319,30.144,68.2855224609375
13:13:34.679339,-0.20009,36.21057375063319,30.144,68.2855224609375
13:13:34.684424,-0.20009,36.21057375063319,30.144,68.2855224609375
13:13:34.689475,-0.20009,36.21057375063319,30.144,68.2855224609375
13:13:34.694269,-0.20009,36.21057375063319,30.144,68.2855224609375
13:13:34.699410,-0.20009,36.21057375063319,30.144,68.2855224609375
13:13:34.704477,-0.20009,36.21057375063319,30.144,68.2855224609375
13:13:34.709405,-0.20223,34.906572896141,30.204,69.27154541015625
13:13:34.714408,-0.20223,34.906572896141,30.204,69.27154541015625
13:13:34.719466,-0.20223,34.906572896141,30.204,69.27154541015625
13:13:34.724413,-0.20223,34.906572896141,30.204,69.27154541015625
13:13:34.729251,-0.20223,34.906572896141,30.204,69.27154541015625
13:13:34.734427,-0.20223,34.906572896141,30.204,69.27154541015625
13:13:34.739414,-0.20865,36.659838277000375,30.51,70.22186279296875
13:13:34.744405,-0.20865,36.659838277000375,30.51,70.22186279296875
13:13:34.749436,-0.20865,36.659838277000375,30.51,70.22186279296875
13:13:34.754502,-0.20865,36.659838277000375,30.51,70.22186279296875
13:13:34.759414,-0.20865,36.659838277000375,30.51,70.22186279296875
13:13:34.764504,-0.20865,36.659838277000375,30.51,70.22186279296875
13:13:34.769378,-0.20865,36.659838277000375,30.51,70.22186279296875
13:13:34.774254,-0.2033,35.66815431703944,29.736,71.21406555175781
13:13:34.779272,-0.2033,35.66815431703944,29.736,71.21406555175781
13:13:34.784120,-0.2033,35.66815431703944,29.736,71.21406555175781
13:13:34.789089,-0.2033,35.66815431703944,29.736,71.21406555175781
13:13:34.794071,-0.2033,35.66815431703944,29.736,71.21406555175781
13:13:34.799091,-0.2033,35.66815431703944,29.736,71.21406555175781
13:13:34.804123,-0.21079,36.72011049379725,29.628,72.20008850097656
13:13:34.809068,-0.21079,36.72011049379725,29.628,72.20008850097656
13:13:34.814051,-0.21079,36.72011049379725,29.628,72.20008850097656
13:13:34.819069,-0.21079,36.72011049379725,29.628,72.20008850097656
13:13:34.824165,-0.21079,36.72011049379725,29.628,72.20008850097656
13:13:34.829061,-0.21079,36.72011049379725,29.628,72.20008850097656
13:13:34.834058,-0.21079,36.72011049379725,29.628,72.20008850097656
13:13:34.839086,-0.20651,36.34753664125819,29.298,73.17031860351562
13:13:34.844072,-0.20651,36.34753664125819,29.298,73.17031860351562
13:13:34.849111,-0.20651,36.34753664125819,29.298,73.17031860351562
13:13:34.854102,-0.20651,36.34753664125819,29.298,73.17031860351562
13:13:34.859429,-0.20651,36.34753664125819,29.298,73.17031860351562
13:13:34.864319,-0.20651,36.34753664125819,29.298,73.17031860351562
13:13:34.869441,-0.21721,36.52835329164881,29.49,74.16114807128906
13:13:34.874327,-0.21721,36.52835329164881,29.49,74.16114807128906
13:13:34.879444,-0.21721,36.52835329164881,29.49,74.16114807128906
13:13:34.884411,-0.21721,36.52835329164881,29.49,74.16114807128906
13:13:34.889399,-0.21721,36.52835329164881,29.49,74.16114807128906
13:13:34.894485,-0.21721,36.52835329164881,29.49,74.16114807128906
13:13:34.899423,-0.21721,36.52835329164881,29.49,74.16114807128906
13:13:34.904397,-0.20223,36.81326540102381,30.012,75.11489868164062
13:13:34.909396,-0.20223,36.81326540102381,30.012,75.11489868164062
13:13:34.914446,-0.20223,36.81326540102381,30.012,75.11489868164062
13:13:34.919433,-0.20223,36.81326540102381,30.012,75.11489868164062
13:13:34.924274,-0.20223,36.81326540102381,30.012,75.11489868164062
13:13:34.929376,-0.20223,36.81326540102381,30.012,75.11489868164062
13:13:34.934414,-0.22042,36.53383119692225,30.12,76.07757568359375
13:13:34.939408,-0.22042,36.53383119692225,30.12,76.07757568359375
13:13:34.944443,-0.22042,36.53383119692225,30.12,76.07757568359375
13:13:34.949429,-0.22042,36.53383119692225,30.12,76.07757568359375
13:13:34.954432,-0.22042,36.53383119692225,30.12,76.07757568359375
13:13:34.959435,-0.22042,36.53383119692225,30.12,76.07757568359375
13:13:34.964619,-0.22042,36.53383119692225,30.12,76.07757568359375
13:13:34.969397,-0.20865,37.33375795473475,30.534,77.02995300292969
13:13:34.974405,-0.20865,37.33375795473475,30.534,77.02995300292969
13:13:34.979408,-0.20865,37.33375795473475,30.534,77.02995300292969
13:13:34.984593,-0.20865,37.33375795473475,30.534,77.02995300292969
13:13:34.989419,-0.20865,37.33375795473475,30.534,77.02995300292969
13:13:34.994484,-0.20865,37.33375795473475,30.534,77.02995300292969
13:13:34.999377,-0.21828,36.495470601219125,30.066,78.03794860839844
13:13:35.004391,-0.21828,36.495470601219125,30.066,78.03794860839844
13:13:35.009444,-0.21828,36.495470601219125,30.066,78.03794860839844
13:13:35.014433,-0.21828,36.495470601219125,30.066,78.03794860839844
13:13:35.019437,-0.21828,36.495470601219125,30.066,78.03794860839844
13:13:35.024348,-0.21828,36.495470601219125,30.066,78.03794860839844
13:13:35.029624,-0.21079,38.243273335594125,30.09,79.01298522949219
13:13:35.034460,-0.21079,38.243273335594125,30.09,79.01298522949219
13:13:35.039467,-0.21079,38.243273335594125,30.09,79.01298522949219
13:13:35.044608,-0.21079,38.243273335594125,30.09,79.01298522949219
13:13:35.049423,-0.21079,38.243273335594125,30.09,79.01298522949219
13:13:35.054437,-0.21079,38.243273335594125,30.09,79.01298522949219
13:13:35.059431,-0.21079,38.243273335594125,30.09,79.01298522949219
13:13:35.064353,-0.22042,36.780382710594125,30.39,79.96330261230469
13:13:35.069410,-0.22042,36.780382710594125,30.39,79.96330261230469
13:13:35.074444,-0.22042,36.780382710594125,30.39,79.96330261230469
13:13:35.079427,-0.22042,36.780382710594125,30.39,79.96330261230469
13:13:35.084444,-0.22042,36.780382710594125,30.39,79.96330261230469
13:13:35.089434,-0.22042,36.780382710594125,30.39,79.96330261230469
13:13:35.094612,-0.22149,38.24875124086756,30.282,80.9033203125
13:13:35.099401,-0.22149,38.24875124086756,30.282,80.9033203125
13:13:35.104464,-0.22149,38.24875124086756,30.282,80.9033203125
13:13:35.109437,-0.22149,38.24875124086756,30.282,80.9033203125
13:13:35.114435,-0.22149,38.24875124086756,30.282,80.9033203125
13:13:35.119530,-0.22149,38.24875124086756,30.282,80.9033203125
13:13:35.124304,-0.22149,38.24875124086756,30.282,80.9033203125
13:13:35.129400,-0.21186,36.87900026430506,30.341999999999995,81.87629699707031
13:13:35.134427,-0.21186,36.87900026430506,30.341999999999995,81.87629699707031
13:13:35.139440,-0.21186,36.87900026430506,30.341999999999995,81.87629699707031
13:13:35.144431,-0.21186,36.87900026430506,30.341999999999995,81.87629699707031
13:13:35.149100,-0.21186,36.87900026430506,30.341999999999995,81.87629699707031
13:13:35.154094,-0.21186,36.87900026430506,30.341999999999995,81.87629699707031
13:13:35.159212,-0.22256,38.79117067446131,30.258,82.81631469726562
13:13:35.164109,-0.22256,38.79117067446131,30.258,82.81631469726562
13:13:35.169052,-0.22256,38.79117067446131,30.258,82.81631469726562
13:13:35.174064,-0.22256,38.79117067446131,30.258,82.81631469726562
13:13:35.179092,-0.22256,38.79117067446131,30.258,82.81631469726562
13:13:35.184087,-0.22256,38.79117067446131,30.258,82.81631469726562
13:13:35.189072,-0.22256,38.79117067446131,30.258,82.81631469726562
13:13:35.194438,-0.21721,37.48169191469569,30.012,83.83941650390625
13:13:35.199321,-0.21721,37.48169191469569,30.012,83.83941650390625
13:13:35.204102,-0.21721,37.48169191469569,30.012,83.83941650390625
13:13:35.209063,-0.21721,37.48169191469569,30.012,83.83941650390625
13:13:35.214062,-0.21721,37.48169191469569,30.012,83.83941650390625
13:13:35.219062,-0.21721,37.48169191469569,30.012,83.83941650390625
13:13:35.224152,-0.24075,39.41578920473475,30.372,84.83161926269531
13:13:35.229060,-0.24075,39.41578920473475,30.372,84.83161926269531
13:13:35.234057,-0.24075,39.41578920473475,30.372,84.83161926269531
13:13:35.239092,-0.24075,39.41578920473475,30.372,84.83161926269531
13:13:35.244065,-0.24075,39.41578920473475,30.372,84.83161926269531
13:13:35.249111,-0.24075,39.41578920473475,30.372,84.83161926269531
13:13:35.254064,-0.24075,39.41578920473475,30.372,84.83161926269531
13:13:35.259150,-0.23326,37.99124391664881,28.56,85.7318115234375
13:13:35.264081,-0.23326,37.99124391664881,28.56,85.7318115234375
13:13:35.269089,-0.23326,37.99124391664881,28.56,85.7318115234375
13:13:35.274082,-0.23326,37.99124391664881,28.56,85.7318115234375
13:13:35.279068,-0.23326,37.99124391664881,28.56,85.7318115234375
13:13:35.284110,-0.23326,37.99124391664881,28.56,85.7318115234375
13:13:35.289264,-0.24396,39.481524068016,27.84,86.66290283203125
13:13:35.294416,-0.24396,39.481524068016,27.84,86.66290283203125
13:13:35.299417,-0.24396,39.481524068016,27.84,86.66290283203125
13:13:35.304414,-0.24396,39.481524068016,27.84,86.66290283203125
13:13:35.309422,-0.24396,39.481524068016,27.84,86.66290283203125
13:13:35.314433,-0.24396,39.481524068016,27.84,86.66290283203125
13:13:35.319446,-0.24396,39.481524068016,27.84,86.66290283203125
13:13:35.324232,-0.23647,38.385729390281625,26.712,87.56584167480469
13:13:35.329203,-0.23647,38.385729390281625,26.712,87.56584167480469
13:13:35.334256,-0.23647,38.385729390281625,26.712,87.56584167480469
13:13:35.339117,-0.23647,38.385729390281625,26.712,87.56584167480469
13:13:35.344071,-0.23647,38.385729390281625,26.712,87.56584167480469
13:13:35.349293,-0.23647,38.385729390281625,26.712,87.56584167480469
13:13:35.354149,-0.2461,39.49249513735194,26.664,88.42002868652344
13:13:35.359066,-0.2461,39.49249513735194,26.664,88.42002868652344
13:13:35.364036,-0.2461,39.49249513735194,26.664,88.42002868652344
13:13:35.369124,-0.2461,39.49249513735194,26.664,88.42002868652344
13:13:35.374057,-0.2461,39.49249513735194,26.664,88.42002868652344
13:13:35.379057,-0.2461,39.49249513735194,26.664,88.42002868652344
13:13:35.384088,-0.2461,39.49249513735194,26.664,88.42002868652344
13:13:35.389213,-0.23647,38.41861208071131,24.822,89.25979614257812
13:13:35.394082,-0.23647,38.41861208071131,24.822,89.25979614257812
13:13:35.399063,-0.23647,38.41861208071131,24.822,89.25979614257812
13:13:35.404073,-0.23647,38.41861208071131,24.822,89.25979614257812
13:13:35.409066,-0.23647,38.41861208071131,24.822,89.25979614257812
13:13:35.414057,-0.23647,38.41861208071131,24.822,89.25979614257812
13:13:35.419154,-0.25359,40.53349550356288,24.93,90.0762176513672
13:13:35.424126,-0.25359,40.53349550356288,24.93,90.0762176513672
13:13:35.429028,-0.25359,40.53349550356288,24.93,90.0762176513672
13:13:35.434062,-0.25359,40.53349550356288,24.93,90.0762176513672
13:13:35.439065,-0.25359,40.53349550356288,24.93,90.0762176513672
13:13:35.444085,-0.25359,40.53349550356288,24.93,90.0762176513672
13:13:35.449072,-0.25359,40.53349550356288,24.93,90.0762176513672
13:13:35.454176,-0.23861,37.92001588930506,22.788,90.823974609375
13:13:35.459069,-0.23861,37.92001588930506,22.788,90.823974609375
13:13:35.464059,-0.23861,37.92001588930506,22.788,90.823974609375
13:13:35.469043,-0.23861,37.92001588930506,22.788,90.823974609375
13:13:35.474089,-0.23861,37.92001588930506,22.788,90.823974609375
13:13:35.479062,-0.23861,37.92001588930506,22.788,90.823974609375
13:13:35.484198,-0.24182,40.02395876039881,23.01,91.5497589111328
13:13:35.489086,-0.24182,40.02395876039881,23.01,91.5497589111328
13:13:35.494040,-0.24182,40.02395876039881,23.01,91.5497589111328
13:13:35.499060,-0.24182,40.02395876039881,23.01,91.5497589111328
13:13:35.504092,-0.24182,40.02395876039881,23.01,91.5497589111328
13:13:35.509094,-0.24182,40.02395876039881,23.01,91.5497589111328
13:13:35.514072,-0.24182,40.02395876039881,23.01,91.5497589111328
13:13:35.519165,-0.23326,36.369463521141,21.006,92.25906372070312
13:13:35.524067,-0.23326,36.369463521141,21.006,92.25906372070312
13:13:35.529162,-0.23326,36.369463521141,21.006,92.25906372070312
13:13:35.534055,-0.23326,36.369463521141,21.006,92.25906372070312
13:13:35.539064,-0.23326,36.369463521141,21.006,92.25906372070312
13:13:35.544084,-0.23326,36.369463521141,21.006,92.25906372070312
13:13:35.549215,-0.24824,39.50892885317225,20.592,92.95806884765624
13:13:35.554087,-0.24824,39.50892885317225,20.592,92.95806884765624
13:13:35.559095,-0.24824,39.50892885317225,20.592,92.95806884765624
13:13:35.564115,-0.24824,39.50892885317225,20.592,92.95806884765624
13:13:35.569101,-0.24824,39.50892885317225,20.592,92.95806884765624
13:13:35.574464,-0.24824,39.50892885317225,20.592,92.95806884765624
13:13:35.579400,-0.24824,39.50892885317225,20.592,92.95806884765624
13:13:35.584420,-0.25038,39.45961244692225,19.272,93.59527587890624
13:13:35.589396,-0.25038,39.45961244692225,19.272,93.59527587890624
13:13:35.594398,-0.25038,39.45961244692225,19.272,93.59527587890624
13:13:35.599435,-0.25038,39.45961244692225,19.272,93.59527587890624
13:13:35.604416,-0.25038,39.45961244692225,19.272,93.59527587890624
13:13:35.609436,-0.25038,39.45961244692225,19.272,93.59527587890624
13:13:35.614397,-0.24396,38.18300111879725,18.864,94.22355651855467
13:13:35.619363,-0.24396,38.18300111879725,18.864,94.22355651855467
13:13:35.624435,-0.24396,38.18300111879725,18.864,94.22355651855467
13:13:35.629269,-0.24396,38.18300111879725,18.864,94.22355651855467
13:13:35.634377,-0.24396,38.18300111879725,18.864,94.22355651855467
13:13:35.639387,-0.24396,38.18300111879725,18.864,94.22355651855467
13:13:35.644429,-0.24396,38.18300111879725,18.864,94.22355651855467
13:13:35.649442,-0.2461,39.56372316469569,17.382,94.8017120361328
13:13:35.654427,-0.2461,39.56372316469569,17.382,94.8017120361328
13:13:35.659499,-0.2461,39.56372316469569,17.382,94.8017120361328
13:13:35.664430,-0.2461,39.56372316469569,17.382,94.8017120361328
13:13:35.669126,-0.2461,39.56372316469569,17.382,94.8017120361328
13:13:35.674448,-0.2461,39.56372316469569,17.382,94.8017120361328
13:13:35.679423,-0.24182,38.172045308250375,15.57,95.36338806152344
13:13:35.684414,-0.24182,38.172045308250375,15.57,95.36338806152344
13:13:35.689414,-0.24182,38.172045308250375,15.57,95.36338806152344
13:13:35.694429,-0.24182,38.172045308250375,15.57,95.36338806152344
13:13:35.699446,-0.24182,38.172045308250375,15.57,95.36338806152344
13:13:35.704420,-0.24182,38.172045308250375,15.57,95.36338806152344
13:13:35.709440,-0.24182,38.172045308250375,15.57,95.36338806152344
13:13:35.714424,-0.24396,38.08986147035975,15.21,95.8893585205078
13:13:35.719420,-0.24396,38.08986147035975,15.21,95.8893585205078
13:13:35.724279,-0.24396,38.08986147035975,15.21,95.8893585205078
13:13:35.729357,-0.24396,38.08986147035975,15.21,95.8893585205078
13:13:35.734375,-0.24396,38.08986147035975,15.21,95.8893585205078
13:13:35.739405,-0.24396,38.08986147035975,15.21,95.8893585205078
13:13:35.744371,-0.26215,39.16922243227381,14.718,96.38992309570312
13:13:35.749352,-0.26215,39.16922243227381,14.718,96.38992309570312
13:13:35.754366,-0.26215,39.16922243227381,14.718,96.38992309570312
13:13:35.759361,-0.26215,39.16922243227381,14.718,96.38992309570312
13:13:35.764369,-0.26215,39.16922243227381,14.718,96.38992309570312
13:13:35.769518,-0.26215,39.16922243227381,14.718,96.38992309570312
13:13:35.774456,-0.26215,39.16922243227381,14.718,96.38992309570312
13:13:35.779441,-0.24289,38.78569276918788,12.99,96.82044982910156
13:13:35.784552,-0.24289,38.78569276918788,12.99,96.82044982910156
13:13:35.789441,-0.24289,38.78569276918788,12.99,96.82044982910156
13:13:35.794455,-0.24289,38.78569276918788,12.99,96.82044982910156
13:13:35.799429,-0.24289,38.78569276918788,12.99,96.82044982910156
13:13:35.804405,-0.24289,38.78569276918788,12.99,96.82044982910156
13:13:35.809561,-0.24824,38.55009706606288,12.33,97.24205017089844
13:13:35.814390,-0.24824,38.55009706606288,12.33,97.24205017089844
13:13:35.819409,-0.24824,38.55009706606288,12.33,97.24205017089844
13:13:35.824342,-0.24824,38.55009706606288,12.33,97.24205017089844
13:13:35.829217,-0.24824,38.55009706606288,12.33,97.24205017089844
13:13:35.834194,-0.24824,38.55009706606288,12.33,97.24205017089844
13:13:35.839391,-0.24824,38.55009706606288,12.33,97.24205017089844
13:13:35.844245,-0.25145,37.79947145571131,11.562,97.62863159179688
13:13:35.849393,-0.25145,37.79947145571131,11.562,97.62863159179688
13:13:35.854298,-0.25145,37.79947145571131,11.562,97.62863159179688
13:13:35.859384,-0.25145,37.79947145571131,11.562,97.62863159179688
13:13:35.864407,-0.25145,37.79947145571131,11.562,97.62863159179688
13:13:35.869246,-0.25145,37.79947145571131,11.562,97.62863159179688
13:13:35.874666,-0.25359,38.813097554344125,11.064,98.00628662109376
13:13:35.879163,-0.25359,38.813097554344125,11.064,98.00628662109376
13:13:35.884056,-0.25359,38.813097554344125,11.064,98.00628662109376
13:13:35.889091,-0.25359,38.813097554344125,11.064,98.00628662109376
13:13:35.894073,-0.25359,38.813097554344125,11.064,98.00628662109376
13:13:35.899071,-0.25359,38.813097554344125,11.064,98.00628662109376
13:13:35.904422,-0.25359,38.813097554344125,11.064,98.00628662109376
13:13:35.909216,-0.26108,38.60489137758631,9.858,98.33587646484376
13:13:35.914097,-0.26108,38.60489137758631,9.858,98.33587646484376
13:13:35.919082,-0.26108,38.60489137758631,9.858,98.33587646484376
13:13:35.924066,-0.26108,38.60489137758631,9.858,98.33587646484376
13:13:35.929208,-0.26108,38.60489137758631,9.858,98.33587646484376
13:13:35.934058,-0.26108,38.60489137758631,9.858,98.33587646484376
13:13:35.939090,-0.25038,38.86239870180506,8.591999999999999,98.64006042480467
13:13:35.944062,-0.25038,38.86239870180506,8.591999999999999,98.64006042480467
13:13:35.949040,-0.25038,38.86239870180506,8.591999999999999,98.64006042480467
13:13:35.954088,-0.25038,38.86239870180506,8.591999999999999,98.64006042480467
13:13:35.959094,-0.25038,38.86239870180506,8.591999999999999,98.64006042480467
13:13:35.964061,-0.25038,38.86239870180506,8.591999999999999,98.64006042480467
13:13:35.969106,-0.25038,38.86239870180506,8.591999999999999,98.64006042480467
13:13:35.974314,-0.25145,38.02411134828944,7.386000000000001,98.89892578125
13:13:35.979360,-0.25145,38.02411134828944,7.386000000000001,98.89892578125
13:13:35.984428,-0.25145,38.02411134828944,7.386000000000001,98.89892578125
13:13:35.989216,-0.25145,38.02411134828944,7.386000000000001,98.89892578125
13:13:35.994032,-0.25145,38.02411134828944,7.386000000000001,98.89892578125
13:13:35.999009,-0.25145,38.02411134828944,7.386000000000001,98.89892578125
13:13:36.004005,-0.25466,38.270678120750375,7.002,99.1289520263672
13:13:36.009043,-0.25466,38.270678120750375,7.002,99.1289520263672
13:13:36.014022,-0.25466,38.270678120750375,7.002,99.1289520263672
13:13:36.019035,-0.25466,38.270678120750375,7.002,99.1289520263672
13:13:36.024091,-0.25466,38.270678120750375,7.002,99.1289520263672
13:13:36.029087,-0.25466,38.270678120750375,7.002,99.1289520263672
13:13:36.034398,-0.25466,38.270678120750375,7.002,99.1289520263672
13:13:36.039045,-0.27071,37.95288332094569,6.15,99.35279846191406
13:13:36.044038,-0.27071,37.95288332094569,6.15,99.35279846191406
13:13:36.049346,-0.27071,37.95288332094569,6.15,99.35279846191406
13:13:36.054204,-0.27071,37.95288332094569,6.15,99.35279846191406
13:13:36.059151,-0.27071,37.95288332094569,6.15,99.35279846191406
13:13:36.064167,-0.27071,37.95288332094569,6.15,99.35279846191406
13:13:36.069256,-0.27606,38.71994264711756,5.106,99.525146484375
13:13:36.074271,-0.27606,38.71994264711756,5.106,99.525146484375
13:13:36.079116,-0.27606,38.71994264711756,5.106,99.525146484375
13:13:36.084398,-0.27606,38.71994264711756,5.106,99.525146484375
13:13:36.089093,-0.27606,38.71994264711756,5.106,99.525146484375
13:13:36.094112,-0.27606,38.71994264711756,5.106,99.525146484375
13:13:36.099064,-0.27606,38.71994264711756,5.106,99.525146484375
13:13:36.104087,-0.26857,38.04056032289881,3.792,99.67620849609376
13:13:36.109072,-0.26857,38.04056032289881,3.792,99.67620849609376
13:13:36.114064,-0.26857,38.04056032289881,3.792,99.67620849609376
13:13:36.119098,-0.26857,38.04056032289881,3.792,99.67620849609376
13:13:36.124093,-0.26857,38.04056032289881,3.792,99.67620849609376
13:13:36.129226,-0.26857,38.04056032289881,3.792,99.67620849609376
13:13:36.134106,-0.26322,38.98842104067225,2.472,99.77096557617188
13:13:36.139067,-0.26322,38.98842104067225,2.472,99.77096557617188
13:13:36.144091,-0.26322,38.98842104067225,2.472,99.77096557617188
13:13:36.149085,-0.26322,38.98842104067225,2.472,99.77096557617188
13:13:36.154084,-0.26322,38.98842104067225,2.472,99.77096557617188
13:13:36.159086,-0.26322,38.98842104067225,2.472,99.77096557617188
13:13:36.164068,-0.26322,38.98842104067225,2.472,99.77096557617188
13:13:36.169108,-0.26857,37.87069948305506,2.196,99.8492431640625
13:13:36.174099,-0.26857,37.87069948305506,2.196,99.8492431640625
13:13:36.179425,-0.26857,37.87069948305506,2.196,99.8492431640625
13:13:36.184400,-0.26857,37.87069948305506,2.196,99.8492431640625
13:13:36.189402,-0.26857,37.87069948305506,2.196,99.8492431640625
13:13:36.194429,-0.26857,37.87069948305506,2.196,99.8492431640625
13:13:36.199398,-0.26857,39.163744527000375,1.2899999999999998,99.8979949951172
13:13:36.204399,-0.26857,39.163744527000375,1.2899999999999998,99.8979949951172
13:13:36.209399,-0.26857,39.163744527000375,1.2899999999999998,99.8979949951172
13:13:36.214320,-0.26857,39.163744527000375,1.2899999999999998,99.8979949951172
13:13:36.219108,-0.26857,39.163744527000375,1.2899999999999998,99.8979949951172
13:13:36.224063,-0.26857,39.163744527000375,1.2899999999999998,99.8979949951172
13:13:36.229466,-0.25894,39.163744527000375,0.3,99.93576049804688
13:13:36.234181,-0.25894,37.16391237368006,0.3,99.93576049804688
13:13:36.239040,-0.25894,37.16391237368006,0.3,99.93576049804688
13:13:36.244056,-0.25894,37.16391237368006,0.3,99.93576049804688
13:13:36.249092,-0.25894,37.16391237368006,0.3,99.93576049804688
13:13:36.254047,-0.25894,37.16391237368006,0.3,99.93576049804688
13:13:36.259060,-0.25894,37.16391237368006,0.3,99.93576049804688
13:13:36.264069,-0.25573,37.85426576723475,0.4379999999999999,99.9529266357422
13:13:36.269060,-0.25573,37.85426576723475,0.4379999999999999,99.9529266357422
13:13:36.274066,-0.25573,37.85426576723475,0.4379999999999999,99.9529266357422
13:13:36.279457,-0.25573,37.85426576723475,0.4379999999999999,99.9529266357422
13:13:36.284427,-0.25573,37.85426576723475,0.4379999999999999,99.9529266357422
13:13:36.289435,-0.25573,37.85426576723475,0.4379999999999999,99.9529266357422
13:13:36.295057,-0.25466,37.85426576723475,0.3839999999999999,99.95841979980467
13:13:36.299327,-0.25466,37.28445680727381,0.3839999999999999,99.95841979980467
13:13:36.304446,-0.25466,37.28445680727381,0.3839999999999999,99.95841979980467
13:13:36.309460,-0.25466,37.28445680727381,0.3839999999999999,99.95841979980467
13:13:36.314437,-0.25466,37.28445680727381,0.3839999999999999,99.95841979980467
13:13:36.319423,-0.25466,37.28445680727381,0.3839999999999999,99.95841979980467
13:13:36.324426,-0.25466,37.28445680727381,0.3839999999999999,99.95841979980467
13:13:36.329447,-0.25787,37.71728761782069,0.4379999999999999,99.9700927734375
13:13:36.334453,-0.25787,37.71728761782069,0.4379999999999999,99.9700927734375
13:13:36.339244,-0.25787,37.71728761782069,0.4379999999999999,99.9700927734375
13:13:36.344255,-0.25787,37.71728761782069,0.4379999999999999,99.9700927734375
13:13:36.349417,-0.25787,37.71728761782069,0.4379999999999999,99.9700927734375
13:13:36.354450,-0.25787,37.71728761782069,0.4379999999999999,99.9700927734375
13:13:36.359410,-0.25787,37.71728761782069,0.4379999999999999,99.9700927734375
13:13:36.364416,-0.26536,37.514574605125375,0.3839999999999999,99.98176574707033
13:13:36.369428,-0.26536,37.514574605125375,0.3839999999999999,99.98176574707033
13:13:36.374492,-0.26536,37.514574605125375,0.3839999999999999,99.98176574707033
13:13:36.379432,-0.26536,37.514574605125375,0.3839999999999999,99.98176574707033
13:13:36.384425,-0.26536,37.514574605125375,0.3839999999999999,99.98176574707033
13:13:36.389442,-0.26536,37.514574605125375,0.3839999999999999,99.98176574707033
13:13:36.394441,-0.26429,37.76112611879725,0.354,99.99481201171876
13:13:36.399431,-0.26429,37.76112611879725,0.354,99.99481201171876
13:13:36.404413,-0.26429,37.76112611879725,0.354,99.99481201171876
13:13:36.409408,-0.26429,37.76112611879725,0.354,99.99481201171876
13:13:36.414406,-0.26429,37.76112611879725,0.354,99.99481201171876
13:13:36.419436,-0.26429,37.76112611879725,0.354,99.99481201171876
13:13:36.424938,-0.26429,37.76112611879725,0.354,99.99481201171876
13:13:36.429331,-0.26429,37.60771425356288,-0.054,99.99412536621094
13:13:36.434451,-0.26429,37.60771425356288,-0.054,99.99412536621094
13:13:36.439431,-0.26429,37.60771425356288,-0.054,99.99412536621094
13:13:36.444414,-0.26429,37.60771425356288,-0.054,99.99412536621094
13:13:36.449336,-0.26429,37.60771425356288,-0.054,99.99412536621094
13:13:36.454369,-0.26429,37.60771425356288,-0.054,99.99412536621094
13:13:36.459405,-0.26108,37.54196413149256,0.3,99.99549865722656
13:13:36.464446,-0.26108,37.54196413149256,0.3,99.99549865722656
13:13:36.469451,-0.26108,37.54196413149256,0.3,99.99549865722656
13:13:36.474136,-0.26108,37.54196413149256,0.3,99.99549865722656
13:13:36.479265,-0.26108,37.54196413149256,0.3,99.99549865722656
13:13:36.484108,-0.26108,37.54196413149256,0.3,99.99549865722656
13:13:36.489116,-0.26108,37.54196413149256,0.3,99.99549865722656
13:13:36.494042,-0.26536,37.596758443016,-0.054,100.00236511230467
13:13:36.499095,-0.26536,37.596758443016,-0.054,100.00236511230467
13:13:36.504086,-0.26536,37.596758443016,-0.054,100.00236511230467
13:13:36.509092,-0.26536,37.596758443016,-0.054,100.00236511230467
13:13:36.514068,-0.26536,37.596758443016,-0.054,100.00236511230467
13:13:36.519087,-0.26536,37.596758443016,-0.054,100.00236511230467
13:13:36.524149,-0.26429,37.44882448305506,0.03,99.9968719482422
13:13:36.529106,-0.26429,37.44882448305506,0.03,99.9968719482422
13:13:36.534068,-0.26429,37.44882448305506,0.03,99.9968719482422
13:13:36.539091,-0.26429,37.44882448305506,0.03,99.9968719482422
13:13:36.544093,-0.26429,37.44882448305506,0.03,99.9968719482422
13:13:36.549156,-0.26429,37.44882448305506,0.03,99.9968719482422
13:13:36.554043,-0.26429,37.44882448305506,0.03,99.9968719482422
13:13:36.559147,-0.26536,37.700853902000375,0.03,100.00442504882812
13:13:36.564106,-0.26536,37.700853902000375,0.03,100.00442504882812
13:13:36.569106,-0.26536,37.700853902000375,0.03,100.00442504882812
13:13:36.574153,-0.26536,37.700853902000375,0.03,100.00442504882812
13:13:36.579071,-0.26536,37.700853902000375,0.03,100.00442504882812
13:13:36.584069,-0.26536,37.700853902000375,0.03,100.00442504882812
13:13:36.589169,-0.26536,37.43786867250819,0.03,99.99755859375
13:13:36.594083,-0.26536,37.43786867250819,0.03,99.99755859375
13:13:36.599048,-0.26536,37.43786867250819,0.03,99.99755859375
13:13:36.604105,-0.26536,37.43786867250819,0.03,99.99755859375
13:13:36.609089,-0.26536,37.43786867250819,0.03,99.99755859375
13:13:36.614059,-0.26536,37.43786867250819,0.03,99.99755859375
13:13:36.619085,-0.26536,37.43786867250819,0.03,99.99755859375
13:13:36.624128,-0.26643,37.498125630516,-0.03,100.00373840332033
13:13:36.629090,-0.26643,37.498125630516,-0.03,100.00373840332033
13:13:36.634063,-0.26643,37.498125630516,-0.03,100.00373840332033
13:13:36.639060,-0.26643,37.498125630516,-0.03,100.00373840332033
13:13:36.644070,-0.26643,37.498125630516,-0.03,100.00373840332033
13:13:36.649160,-0.26643,37.498125630516,-0.03,100.00373840332033
13:13:36.654081,-0.26536,37.536486226219125,-0.0,99.9982452392578
13:13:36.659073,-0.26536,37.536486226219125,-0.0,99.9982452392578
13:13:36.664087,-0.26536,37.536486226219125,-0.0,99.9982452392578
13:13:36.669069,-0.26536,37.536486226219125,-0.0,99.9982452392578
13:13:36.674107,-0.26536,37.536486226219125,-0.0,99.9982452392578
13:13:36.679456,-0.26536,37.536486226219125,-0.0,99.9982452392578
13:13:36.684304,-0.26536,37.536486226219125,-0.0,99.9982452392578
13:13:36.689356,-0.26643,37.62962587465663,-0.054,99.99618530273438
13:13:36.694104,-0.26643,37.62962587465663,-0.054,99.99618530273438
13:13:36.699069,-0.26643,37.62962587465663,-0.054,99.99618530273438
13:13:36.704068,-0.26643,37.62962587465663,-0.054,99.99618530273438
13:13:36.709072,-0.26643,37.62962587465663,-0.054,99.99618530273438
13:13:36.714086,-0.26643,37.62962587465663,-0.054,99.99618530273438
13:13:36.719199,-0.26643,37.53100832094569,-0.084,100.00236511230467
13:13:36.724069,-0.26643,37.53100832094569,-0.084,100.00236511230467
13:13:36.729059,-0.26643,37.53100832094569,-0.084,100.00236511230467
13:13:36.734066,-0.26643,37.53100832094569,-0.084,100.00236511230467
13:13:36.739086,-0.26643,37.53100832094569,-0.084,100.00236511230467
13:13:36.744073,-0.26643,37.53100832094569,-0.084,100.00236511230467
13:13:36.749072,-0.26643,37.53100832094569,-0.084,100.00236511230467
13:13:36.754123,-0.26643,37.45978029360194,0.084,100.0030517578125
13:13:36.759182,-0.26643,37.45978029360194,0.084,100.0030517578125
13:13:36.764001,-0.26643,37.45978029360194,0.084,100.0030517578125
13:13:36.768989,-0.26643,37.45978029360194,0.084,100.0030517578125
13:13:36.774108,-0.26643,37.45978029360194,0.084,100.0030517578125
13:13:36.778961,-0.26643,37.45978029360194,0.084,100.0030517578125
13:13:36.784072,-0.26857,37.61867006410975,0.108,99.99549865722656
13:13:36.789051,-0.26857,37.61867006410975,0.108,99.99549865722656
13:13:36.794065,-0.26857,37.61867006410975,0.108,99.99549865722656
13:13:36.799087,-0.26857,37.61867006410975,0.108,99.99549865722656
13:13:36.804092,-0.26857,37.61867006410975,0.108,99.99549865722656
13:13:36.809087,-0.26857,37.61867006410975,0.108,99.99549865722656
13:13:36.814108,-0.26857,37.61867006410975,0.108,99.99549865722656
13:13:36.819118,-0.27071,37.547442036766,-0.03,100.00442504882812
13:13:36.824088,-0.27071,37.547442036766,-0.03,100.00442504882812
13:13:36.829088,-0.27071,37.547442036766,-0.03,100.00442504882812
13:13:36.834088,-0.27071,37.547442036766,-0.03,100.00442504882812
13:13:36.839101,-0.27071,37.547442036766,-0.03,100.00442504882812
13:13:36.844474,-0.27071,37.547442036766,-0.03,100.00442504882812
13:13:36.850154,-0.28462,37.52553041567225,0.084,100.00373840332033
13:13:36.854271,-0.28462,37.52553041567225,0.084,100.00373840332033
13:13:36.859116,-0.28462,37.52553041567225,0.084,100.00373840332033
13:13:36.864211,-0.28462,37.52553041567225,0.084,100.00373840332033
13:13:36.869084,-0.28462,37.52553041567225,0.084,100.00373840332033
13:13:36.874064,-0.28462,37.52553041567225,0.084,100.00373840332033
13:13:36.879083,-0.28462,37.52553041567225,0.084,100.00373840332033
13:13:36.884149,-0.31137,37.54196413149256,0.162,100.01060485839844
13:13:36.889061,-0.31137,37.54196413149256,0.162,100.01060485839844
13:13:36.894116,-0.31137,37.54196413149256,0.162,100.01060485839844
13:13:36.899084,-0.31137,37.54196413149256,0.162,100.01060485839844
13:13:36.904085,-0.31137,37.54196413149256,0.162,100.01060485839844
13:13:36.909084,-0.31137,37.54196413149256,0.162,100.01060485839844
13:13:36.914390,-0.35631,37.54196413149256,-0.1919999999999999,100.00236511230467
13:13:36.919217,-0.35631,37.6898980914535,-0.1919999999999999,100.00236511230467
13:13:36.924400,-0.35631,37.6898980914535,-0.1919999999999999,100.00236511230467
13:13:36.929451,-0.35631,37.6898980914535,-0.1919999999999999,100.00236511230467
13:13:36.934401,-0.35631,37.6898980914535,-0.1919999999999999,100.00236511230467
13:13:36.939355,-0.35631,37.6898980914535,-0.1919999999999999,100.00236511230467
13:13:36.944286,-0.35631,37.6898980914535,-0.1919999999999999,100.00236511230467
13:13:36.949174,-0.40125,38.33093507875819,-0.8220000000000001,99.98519897460938
13:13:36.954118,-0.40125,38.33093507875819,-0.8220000000000001,99.98519897460938
13:13:36.959368,-0.40125,38.33093507875819,-0.8220000000000001,99.98519897460938
13:13:36.964330,-0.40125,38.33093507875819,-0.8220000000000001,99.98519897460938
13:13:36.969160,-0.40125,38.33093507875819,-0.8220000000000001,99.98519897460938
13:13:36.974374,-0.40125,38.33093507875819,-0.8220000000000001,99.98519897460938
13:13:36.979480,-0.43014,39.19114931215663,-2.61,99.93026733398438
13:13:36.984387,-0.43014,39.19114931215663,-2.61,99.93026733398438
13:13:36.989395,-0.43014,39.19114931215663,-2.61,99.93026733398438
13:13:36.994394,-0.43014,39.19114931215663,-2.61,99.93026733398438
13:13:36.999395,-0.43014,39.19114931215663,-2.61,99.93026733398438
13:13:37.004434,-0.43014,39.19114931215663,-2.61,99.93026733398438
13:13:37.009308,-0.43014,39.19114931215663,-2.61,99.93026733398438
13:13:37.014230,-0.44298,39.44317873110194,-4.284,99.81422424316406
13:13:37.019094,-0.44298,39.44317873110194,-4.284,99.81422424316406
13:13:37.024087,-0.44298,39.44317873110194,-4.284,99.81422424316406
13:13:37.029094,-0.44298,39.44317873110194,-4.284,99.81422424316406
13:13:37.034068,-0.44298,39.44317873110194,-4.284,99.81422424316406
13:13:37.039085,-0.44298,39.44317873110194,-4.284,99.81422424316406
13:13:37.044923,-0.43442,39.02128847231288,-6.0120000000000005,99.6453094482422
13:13:37.049065,-0.43442,39.02128847231288,-6.0120000000000005,99.6453094482422
13:13:37.054064,-0.43442,39.02128847231288,-6.0120000000000005,99.6453094482422
13:13:37.059118,-0.43442,39.02128847231288,-6.0120000000000005,99.6453094482422
13:13:37.064066,-0.43442,39.02128847231288,-6.0120000000000005,99.6453094482422
13:13:37.069085,-0.43442,39.02128847231288,-6.0120000000000005,99.6453094482422
13:13:37.074071,-0.43442,39.02128847231288,-6.0120000000000005,99.6453094482422
13:13:37.079260,-0.42693,38.303545552391,-7.163999999999999,99.4207763671875
13:13:37.084056,-0.42693,38.303545552391,-7.163999999999999,99.4207763671875
13:13:37.089065,-0.42693,38.303545552391,-7.163999999999999,99.4207763671875
13:13:37.094064,-0.42693,38.303545552391,-7.163999999999999,99.4207763671875
13:13:37.099083,-0.42693,38.303545552391,-7.163999999999999,99.4207763671875
13:13:37.104072,-0.42693,38.303545552391,-7.163999999999999,99.4207763671875
13:13:37.109090,-0.42693,38.303545552391,-7.163999999999999,99.4207763671875
13:13:37.114482,-0.41302,38.24875124086756,-7.853999999999999,99.18319702148438
13:13:37.119428,-0.41302,38.24875124086756,-7.853999999999999,99.18319702148438
13:13:37.124098,-0.41302,38.24875124086756,-7.853999999999999,99.18319702148438
13:13:37.129090,-0.41302,38.24875124086756,-7.853999999999999,99.18319702148438
13:13:37.134435,-0.41302,38.24875124086756,-7.853999999999999,99.18319702148438
13:13:37.139421,-0.41302,38.24875124086756,-7.853999999999999,99.18319702148438
13:13:37.144395,-0.40553,38.52270753969569,-8.538,98.91403198242188
13:13:37.149351,-0.40553,38.52270753969569,-8.538,98.91403198242188
13:13:37.154410,-0.40553,38.52270753969569,-8.538,98.91403198242188
13:13:37.159455,-0.40553,38.52270753969569,-8.538,98.91403198242188
13:13:37.164347,-0.40553,38.52270753969569,-8.538,98.91403198242188
13:13:37.169287,-0.40553,38.52270753969569,-8.538,98.91403198242188
13:13:37.174384,-0.40553,38.52270753969569,-8.538,98.91403198242188
13:13:37.179419,-0.39483,38.24875124086756,-9.498,98.61465454101562
13:13:37.184327,-0.39483,38.24875124086756,-9.498,98.61465454101562
13:13:37.189333,-0.39483,38.24875124086756,-9.498,98.61465454101562
13:13:37.194354,-0.39483,38.24875124086756,-9.498,98.61465454101562
13:13:37.199420,-0.39483,38.24875124086756,-9.498,98.61465454101562
13:13:37.204397,-0.39483,38.24875124086756,-9.498,98.61465454101562
13:13:37.209774,-0.40874,38.19945009340663,-9.774,98.28849792480467
13:13:37.214068,-0.40874,38.19945009340663,-9.774,98.28849792480467
13:13:37.219071,-0.40874,38.19945009340663,-9.774,98.28849792480467
13:13:37.224067,-0.40874,38.19945009340663,-9.774,98.28849792480467
13:13:37.229066,-0.40874,38.19945009340663,-9.774,98.28849792480467
13:13:37.234086,-0.40874,38.19945009340663,-9.774,98.28849792480467
13:13:37.239082,-0.40874,38.19945009340663,-9.774,98.28849792480467
13:13:37.244121,-0.428,38.42956789125819,-10.458,97.96234130859376
13:13:37.249053,-0.428,38.42956789125819,-10.458,97.96234130859376
13:13:37.254063,-0.428,38.42956789125819,-10.458,97.96234130859376
13:13:37.259060,-0.428,38.42956789125819,-10.458,97.96234130859376
13:13:37.264041,-0.428,38.42956789125819,-10.458,97.96234130859376
13:13:37.269072,-0.428,38.42956789125819,-10.458,97.96234130859376
13:13:37.274159,-0.43442,38.42956789125819,-12.0,97.59979248046876
13:13:37.279065,-0.43442,38.62132509340663,-12.0,97.59979248046876
13:13:37.284056,-0.43442,38.62132509340663,-12.0,97.59979248046876
13:13:37.289060,-0.43442,38.62132509340663,-12.0,97.59979248046876
13:13:37.294038,-0.43442,38.62132509340663,-12.0,97.59979248046876
13:13:37.299066,-0.43442,38.62132509340663,-12.0,97.59979248046876
13:13:37.304086,-0.43442,38.62132509340663,-12.0,97.59979248046876
13:13:37.309135,-0.41944,38.83500917543788,-13.26,97.18986511230467
13:13:37.314072,-0.41944,38.83500917543788,-13.26,97.18986511230467
13:13:37.319067,-0.41944,38.83500917543788,-13.26,97.18986511230467
13:13:37.324054,-0.41944,38.83500917543788,-13.26,97.18986511230467
13:13:37.329085,-0.41944,38.83500917543788,-13.26,97.18986511230467
13:13:37.334070,-0.41944,38.83500917543788,-13.26,97.18986511230467
13:13:37.339424,-0.42372,38.83500917543788,-14.472,96.74148559570312
13:13:37.344057,-0.42372,38.8678766070785,-14.472,96.74148559570312
13:13:37.349065,-0.42372,38.8678766070785,-14.472,96.74148559570312
13:13:37.354072,-0.42372,38.8678766070785,-14.472,96.74148559570312
13:13:37.359071,-0.42372,38.8678766070785,-14.472,96.74148559570312
13:13:37.364113,-0.42372,38.8678766070785,-14.472,96.74148559570312
13:13:37.369438,-0.42372,38.8678766070785,-14.472,96.74148559570312
13:13:37.374371,-0.42372,38.41861208071131,-14.909999999999998,96.26907348632812
13:13:37.379103,-0.42372,38.41861208071131,-14.909999999999998,96.26907348632812
13:13:37.384187,-0.42372,38.41861208071131,-14.909999999999998,96.26907348632812
13:13:37.389041,-0.42372,38.41861208071131,-14.909999999999998,96.26907348632812
13:13:37.394061,-0.42372,38.41861208071131,-14.909999999999998,96.26907348632812
13:13:37.399099,-0.42372,38.41861208071131,-14.909999999999998,96.26907348632812
13:13:37.404066,-0.42372,38.41861208071131,-14.909999999999998,96.26907348632812
13:13:37.409198,-0.43121,38.824053364891,-15.785999999999998,95.77674865722656
13:13:37.414089,-0.43121,38.824053364891,-15.785999999999998,95.77674865722656
13:13:37.419062,-0.43121,38.824053364891,-15.785999999999998,95.77674865722656
13:13:37.424061,-0.43121,38.824053364891,-15.785999999999998,95.77674865722656
13:13:37.429092,-0.43121,38.824053364891,-15.785999999999998,95.77674865722656
13:13:37.434086,-0.43121,38.824053364891,-15.785999999999998,95.77674865722656
13:13:37.439159,-0.4173,38.73639162172694,-17.490000000000002,95.22331237792967
13:13:37.444068,-0.4173,38.73639162172694,-17.490000000000002,95.22331237792967
13:13:37.449065,-0.4173,38.73639162172694,-17.490000000000002,95.22331237792967
13:13:37.454058,-0.4173,38.73639162172694,-17.490000000000002,95.22331237792967
13:13:37.459065,-0.4173,38.73639162172694,-17.490000000000002,95.22331237792967
13:13:37.464083,-0.4173,38.73639162172694,-17.490000000000002,95.22331237792967
13:13:37.469070,-0.4173,38.73639162172694,-17.490000000000002,95.22331237792967
13:13:37.474099,-0.41837,38.58297975649256,-17.982000000000003,94.64035034179688
13:13:37.479056,-0.41837,38.58297975649256,-17.982000000000003,94.64035034179688
13:13:37.484061,-0.41837,38.58297975649256,-17.982000000000003,94.64035034179688
13:13:37.489091,-0.41837,38.58297975649256,-17.982000000000003,94.64035034179688
13:13:37.494071,-0.41837,38.58297975649256,-17.982000000000003,94.64035034179688
13:13:37.499060,-0.41837,38.58297975649256,-17.982000000000003,94.64035034179688
13:13:37.504151,-0.43549,38.824053364891,-17.604,94.0594482421875
13:13:37.509204,-0.43549,38.824053364891,-17.604,94.0594482421875
13:13:37.514059,-0.43549,38.824053364891,-17.604,94.0594482421875
13:13:37.519118,-0.43549,38.824053364891,-17.604,94.0594482421875
13:13:37.524064,-0.43549,38.824053364891,-17.604,94.0594482421875
13:13:37.529089,-0.43549,38.824053364891,-17.604,94.0594482421875
13:13:37.534068,-0.43549,38.824053364891,-17.604,94.0594482421875
13:13:37.539152,-0.44191,39.21853883852381,-19.578,93.45451354980467
13:13:37.544062,-0.44191,39.21853883852381,-19.578,93.45451354980467
13:13:37.549063,-0.44191,39.21853883852381,-19.578,93.45451354980467
13:13:37.554058,-0.44191,39.21853883852381,-19.578,93.45451354980467
13:13:37.559059,-0.44191,39.21853883852381,-19.578,93.45451354980467
13:13:37.564062,-0.44191,39.21853883852381,-19.578,93.45451354980467
13:13:37.569149,-0.43335,39.16922243227381,-20.484,92.80426025390624
13:13:37.574456,-0.43335,39.16922243227381,-20.484,92.80426025390624
13:13:37.579196,-0.43335,39.16922243227381,-20.484,92.80426025390624
13:13:37.584093,-0.43335,39.16922243227381,-20.484,92.80426025390624
13:13:37.589088,-0.43335,39.16922243227381,-20.484,92.80426025390624
13:13:37.594064,-0.43335,39.16922243227381,-20.484,92.80426025390624
13:13:37.599110,-0.43335,39.16922243227381,-20.484,92.80426025390624
13:13:37.604128,-0.43442,38.999376851219125,-21.99,92.1086883544922
13:13:37.609071,-0.43442,38.999376851219125,-21.99,92.1086883544922
13:13:37.614232,-0.43442,38.999376851219125,-21.99,92.1086883544922
13:13:37.619070,-0.43442,38.999376851219125,-21.99,92.1086883544922
13:13:37.624066,-0.43442,38.999376851219125,-21.99,92.1086883544922
13:13:37.629062,-0.43442,38.999376851219125,-21.99,92.1086883544922
13:13:37.634082,-0.428,39.02128847231288,-23.286,91.41311645507812
13:13:37.639062,-0.428,39.02128847231288,-23.286,91.41311645507812
13:13:37.644058,-0.428,39.02128847231288,-23.286,91.41311645507812
13:13:37.649114,-0.428,39.02128847231288,-23.286,91.41311645507812
13:13:37.654108,-0.428,39.02128847231288,-23.286,91.41311645507812
13:13:37.659069,-0.428,39.02128847231288,-23.286,91.41311645507812
13:13:37.664157,-0.428,39.02128847231288,-23.286,91.41311645507812
13:13:37.669090,-0.43121,39.12539919008631,-23.64,90.67771911621094
13:13:37.674068,-0.43121,39.12539919008631,-23.64,90.67771911621094
13:13:37.679060,-0.43121,39.12539919008631,-23.64,90.67771911621094
13:13:37.684086,-0.43121,39.12539919008631,-23.64,90.67771911621094
13:13:37.689073,-0.43121,39.12539919008631,-23.64,90.67771911621094
13:13:37.694059,-0.43121,39.12539919008631,-23.64,90.67771911621094
13:13:37.699059,-0.4376300000000001,38.7309137164535,-25.368,89.89425659179688
13:13:37.704064,-0.4376300000000001,38.7309137164535,-25.368,89.89425659179688
13:13:37.709089,-0.4376300000000001,38.7309137164535,-25.368,89.89425659179688
13:13:37.714062,-0.4376300000000001,38.7309137164535,-25.368,89.89425659179688
13:13:37.719092,-0.4376300000000001,38.7309137164535,-25.368,89.89425659179688
13:13:37.724226,-0.4376300000000001,38.7309137164535,-25.368,89.89425659179688
13:13:37.729948,-0.43121,38.93910463442225,-24.936,89.05242919921875
13:13:37.734324,-0.43121,38.93910463442225,-24.936,89.05242919921875
13:13:37.739375,-0.43121,38.93910463442225,-24.936,89.05242919921875
13:13:37.744402,-0.43121,38.93910463442225,-24.936,89.05242919921875
13:13:37.749388,-0.43121,38.93910463442225,-24.936,89.05242919921875
13:13:37.754500,-0.43121,38.93910463442225,-24.936,89.05242919921875
13:13:37.759218,-0.43121,38.93910463442225,-24.936,89.05242919921875
13:13:37.764131,-0.45582,39.01581056703944,-26.442,88.23532104492188
13:13:37.769219,-0.45582,39.01581056703944,-26.442,88.23532104492188
13:13:37.774141,-0.45582,39.01581056703944,-26.442,88.23532104492188
13:13:37.779068,-0.45582,39.01581056703944,-26.442,88.23532104492188
13:13:37.784066,-0.45582,39.01581056703944,-26.442,88.23532104492188
13:13:37.789197,-0.45582,39.01581056703944,-26.442,88.23532104492188
13:13:37.794449,-0.44298,39.40481813539881,-27.564000000000004,87.35092163085938
13:13:37.799087,-0.44298,39.40481813539881,-27.564000000000004,87.35092163085938
13:13:37.804057,-0.44298,39.40481813539881,-27.564000000000004,87.35092163085938
13:13:37.809130,-0.44298,39.40481813539881,-27.564000000000004,87.35092163085938
13:13:37.814069,-0.44298,39.40481813539881,-27.564000000000004,87.35092163085938
13:13:37.819091,-0.44298,39.40481813539881,-27.564000000000004,87.35092163085938
13:13:37.824066,-0.44298,39.40481813539881,-27.564000000000004,87.35092163085938
13:13:37.829115,-0.46117,39.50345094789881,-28.362,86.46034240722656
13:13:37.834234,-0.46117,39.50345094789881,-28.362,86.46034240722656
13:13:37.839337,-0.46117,39.50345094789881,-28.362,86.46034240722656
13:13:37.844156,-0.46117,39.50345094789881,-28.362,86.46034240722656
13:13:37.849151,-0.46117,39.50345094789881,-28.362,86.46034240722656
13:13:37.854133,-0.46117,39.50345094789881,-28.362,86.46034240722656
13:13:37.859126,-0.43121,39.50345094789881,-29.628,85.51826477050781
13:13:37.864241,-0.43121,38.96103151430506,-29.628,85.51826477050781
13:13:37.869644,-0.43121,38.96103151430506,-29.628,85.51826477050781
13:13:37.874255,-0.43121,38.96103151430506,-29.628,85.51826477050781
13:13:37.879392,-0.43121,38.96103151430506,-29.628,85.51826477050781
13:13:37.884552,-0.43121,38.96103151430506,-29.628,85.51826477050781
13:13:37.889618,-0.43121,38.96103151430506,-29.628,85.51826477050781
13:13:37.894704,-0.44405,38.88980348696131,-29.766,84.58580017089844
13:13:37.899699,-0.44405,38.88980348696131,-29.766,84.58580017089844
13:13:37.904884,-0.44405,38.88980348696131,-29.766,84.58580017089844
13:13:37.909448,-0.44405,38.88980348696131,-29.766,84.58580017089844
13:13:37.914477,-0.44405,38.88980348696131,-29.766,84.58580017089844
13:13:37.919484,-0.44405,38.88980348696131,-29.766,84.58580017089844
13:13:37.924931,-0.43014,37.85426576723475,-29.574,83.58879089355469
13:13:37.929248,-0.43014,37.85426576723475,-29.574,83.58879089355469
13:13:37.934142,-0.43014,37.85426576723475,-29.574,83.58879089355469
13:13:37.939071,-0.43014,37.85426576723475,-29.574,83.58879089355469
13:13:37.944071,-0.43014,37.85426576723475,-29.574,83.58879089355469
13:13:37.949047,-0.43014,37.85426576723475,-29.574,83.58879089355469
13:13:37.954058,-0.43014,37.85426576723475,-29.574,83.58879089355469
13:13:37.959083,-0.43656,38.21588380922694,-29.382,82.65220642089844
13:13:37.964064,-0.43656,38.21588380922694,-29.382,82.65220642089844
13:13:37.969065,-0.43656,38.21588380922694,-29.382,82.65220642089844
13:13:37.974041,-0.43656,38.21588380922694,-29.382,82.65220642089844
13:13:37.979071,-0.43656,38.21588380922694,-29.382,82.65220642089844
13:13:37.984086,-0.43656,38.21588380922694,-29.382,82.65220642089844
13:13:37.989319,-0.42372,38.19397218813319,-28.746,81.71287536621094
13:13:37.994053,-0.42372,38.19397218813319,-28.746,81.71287536621094
13:13:37.999060,-0.42372,38.19397218813319,-28.746,81.71287536621094
13:13:38.004070,-0.42372,38.19397218813319,-28.746,81.71287536621094
13:13:38.009054,-0.42372,38.19397218813319,-28.746,81.71287536621094
13:13:38.014060,-0.42372,38.19397218813319,-28.746,81.71287536621094
13:13:38.019105,-0.42372,38.19397218813319,-28.746,81.71287536621094
13:13:38.024462,-0.42586,38.28711183657069,-29.598000000000003,80.74333190917969
13:13:38.029286,-0.42586,38.28711183657069,-29.598000000000003,80.74333190917969
13:13:38.034303,-0.42586,38.28711183657069,-29.598000000000003,80.74333190917969
13:13:38.039135,-0.42586,38.28711183657069,-29.598000000000003,80.74333190917969
13:13:38.044101,-0.42586,38.28711183657069,-29.598000000000003,80.74333190917969
13:13:38.049062,-0.42586,38.28711183657069,-29.598000000000003,80.74333190917969
13:13:38.054086,-0.428,37.79947145571131,-29.874,79.81636047363281
13:13:38.059037,-0.428,37.79947145571131,-29.874,79.81636047363281
13:13:38.064047,-0.428,37.79947145571131,-29.874,79.81636047363281
13:13:38.069067,-0.428,37.79947145571131,-29.874,79.81636047363281
13:13:38.074089,-0.428,37.79947145571131,-29.874,79.81636047363281
13:13:38.079089,-0.428,37.79947145571131,-29.874,79.81636047363281
13:13:38.084114,-0.428,37.79947145571131,-29.874,79.81636047363281
13:13:38.089204,-0.43014,37.865221577781625,-29.844000000000005,78.84063720703125
13:13:38.094090,-0.43014,37.865221577781625,-29.844000000000005,78.84063720703125
13:13:38.099081,-0.43014,37.865221577781625,-29.844000000000005,78.84063720703125
13:13:38.104066,-0.43014,37.865221577781625,-29.844000000000005,78.84063720703125
13:13:38.109061,-0.43014,37.865221577781625,-29.844000000000005,78.84063720703125
13:13:38.114095,-0.43014,37.865221577781625,-29.844000000000005,78.84063720703125
13:13:38.119082,-0.428,37.60223634828944,-30.282,77.8546142578125
13:13:38.124072,-0.428,37.60223634828944,-30.282,77.8546142578125
13:13:38.129103,-0.428,37.60223634828944,-30.282,77.8546142578125
13:13:38.134112,-0.428,37.60223634828944,-30.282,77.8546142578125
13:13:38.139066,-0.428,37.60223634828944,-30.282,77.8546142578125
13:13:38.144087,-0.428,37.60223634828944,-30.282,77.8546142578125
13:13:38.149397,-0.428,37.60223634828944,-30.282,77.8546142578125
13:13:38.154052,-0.40981,37.26800783266444,-30.588,76.86996459960938
13:13:38.159030,-0.40981,37.26800783266444,-30.588,76.86996459960938
13:13:38.164062,-0.40981,37.26800783266444,-30.588,76.86996459960938
13:13:38.169062,-0.40981,37.26800783266444,-30.588,76.86996459960938
13:13:38.174049,-0.40981,37.26800783266444,-30.588,76.86996459960938
13:13:38.179068,-0.40981,37.26800783266444,-30.588,76.86996459960938
13:13:38.184083,-0.41837,37.700853902000375,-29.928,75.90866088867188
13:13:38.189062,-0.41837,37.700853902000375,-29.928,75.90866088867188
13:13:38.194071,-0.41837,37.700853902000375,-29.928,75.90866088867188
13:13:38.199069,-0.41837,37.700853902000375,-29.928,75.90866088867188
13:13:38.204083,-0.41837,37.700853902000375,-29.928,75.90866088867188
13:13:38.209115,-0.41837,37.700853902000375,-29.928,75.90866088867188
13:13:38.214213,-0.41837,37.700853902000375,-29.928,75.90866088867188
13:13:38.219062,-0.42693,36.82422121157069,-30.48,74.96383666992188
13:13:38.224056,-0.42693,36.82422121157069,-30.48,74.96383666992188
13:13:38.229042,-0.42693,36.82422121157069,-30.48,74.96383666992188
13:13:38.234072,-0.42693,36.82422121157069,-30.48,74.96383666992188
13:13:38.239085,-0.42693,36.82422121157069,-30.48,74.96383666992188
13:13:38.244062,-0.42693,36.82422121157069,-30.48,74.96383666992188
13:13:38.249083,-0.428,37.72824342836756,-30.09,73.98536682128906
13:13:38.254059,-0.428,37.72824342836756,-30.09,73.98536682128906
13:13:38.259150,-0.428,37.72824342836756,-30.09,73.98536682128906
13:13:38.264055,-0.428,37.72824342836756,-30.09,73.98536682128906
13:13:38.269060,-0.428,37.72824342836756,-30.09,73.98536682128906
13:13:38.274087,-0.428,37.72824342836756,-30.09,73.98536682128906
13:13:38.279067,-0.428,37.72824342836756,-30.09,73.98536682128906
13:13:38.284071,-0.40767,36.780382710594125,-30.312,72.99385070800781
13:13:38.289127,-0.40767,36.780382710594125,-30.312,72.99385070800781
13:13:38.294067,-0.40767,36.780382710594125,-30.312,72.99385070800781
13:13:38.299056,-0.40767,36.780382710594125,-30.312,72.99385070800781
13:13:38.304087,-0.40767,36.780382710594125,-30.312,72.99385070800781
13:13:38.309091,-0.40767,36.780382710594125,-30.312,72.99385070800781
13:13:38.314088,-0.4173,37.33923586000819,-29.844000000000005,72.02293395996094
13:13:38.319049,-0.4173,37.33923586000819,-29.844000000000005,72.02293395996094
13:13:38.324061,-0.4173,37.33923586000819,-29.844000000000005,72.02293395996094
13:13:38.329054,-0.4173,37.33923586000819,-29.844000000000005,72.02293395996094
13:13:38.334108,-0.4173,37.33923586000819,-29.844000000000005,72.02293395996094
13:13:38.339082,-0.4173,37.33923586000819,-29.844000000000005,72.02293395996094
13:13:38.344059,-0.4173,37.33923586000819,-29.844000000000005,72.02293395996094
13:13:38.349061,-0.41516,36.46808107485194,-30.096000000000004,71.03622436523438
13:13:38.354031,-0.41516,36.46808107485194,-30.096000000000004,71.03622436523438
13:13:38.359062,-0.41516,36.46808107485194,-30.096000000000004,71.03622436523438
13:13:38.364228,-0.41516,36.46808107485194,-30.096000000000004,71.03622436523438
13:13:38.369339,-0.41516,36.46808107485194,-30.096000000000004,71.03622436523438
13:13:38.374346,-0.41516,36.46808107485194,-30.096000000000004,71.03622436523438
13:13:38.379336,-0.4173,37.04886110414881,-29.736,70.06942749023438
13:13:38.384085,-0.4173,37.04886110414881,-29.736,70.06942749023438
13:13:38.389069,-0.4173,37.04886110414881,-29.736,70.06942749023438
13:13:38.394100,-0.4173,37.04886110414881,-29.736,70.06942749023438
13:13:38.399044,-0.4173,37.04886110414881,-29.736,70.06942749023438
13:13:38.404061,-0.4173,37.04886110414881,-29.736,70.06942749023438
13:13:38.409126,-0.4173,37.04886110414881,-29.736,70.06942749023438
13:13:38.414136,-0.40553,35.9914117633285,-30.288,69.049072265625
13:13:38.419062,-0.40553,35.9914117633285,-30.288,69.049072265625
13:13:38.424059,-0.40553,35.9914117633285,-30.288,69.049072265625
13:13:38.429060,-0.40553,35.9914117633285,-30.288,69.049072265625
13:13:38.434096,-0.40553,35.9914117633285,-30.288,69.049072265625
13:13:38.439058,-0.40553,35.9914117633285,-30.288,69.049072265625
13:13:38.444108,-0.41302,36.57765443910975,-29.352,68.08982849121094
13:13:38.449072,-0.41302,36.57765443910975,-29.352,68.08982849121094
13:13:38.454087,-0.41302,36.57765443910975,-29.352,68.08982849121094
13:13:38.459194,-0.41302,36.57765443910975,-29.352,68.08982849121094
13:13:38.464063,-0.41302,36.57765443910975,-29.352,68.08982849121094
13:13:38.469054,-0.41302,36.57765443910975,-29.352,68.08982849121094
13:13:38.474091,-0.41302,36.57765443910975,-29.352,68.08982849121094
13:13:38.479151,-0.41088,35.83252199282069,-30.228,67.09831237792969
13:13:38.484067,-0.41088,35.83252199282069,-30.228,67.09831237792969
13:13:38.489062,-0.41088,35.83252199282069,-30.228,67.09831237792969
13:13:38.494060,-0.41088,35.83252199282069,-30.228,67.09831237792969
13:13:38.499082,-0.41088,35.83252199282069,-30.228,67.09831237792969
13:13:38.504085,-0.41088,35.83252199282069,-30.228,67.09831237792969
13:13:38.509721,-0.40018,35.71197755922694,-29.904,66.12258911132812
13:13:38.514049,-0.40018,35.71197755922694,-29.904,66.12258911132812
13:13:38.519105,-0.40018,35.71197755922694,-29.904,66.12258911132812
13:13:38.524063,-0.40018,35.71197755922694,-29.904,66.12258911132812
13:13:38.529066,-0.40018,35.71197755922694,-29.904,66.12258911132812
13:13:38.534087,-0.40018,35.71197755922694,-29.904,66.12258911132812
13:13:38.539121,-0.40018,35.71197755922694,-29.904,66.12258911132812
13:13:38.544139,-0.39911,35.50924928774256,-30.258,65.14480590820312
13:13:38.549084,-0.39911,35.50924928774256,-30.258,65.14480590820312
13:13:38.554065,-0.39911,35.50924928774256,-30.258,65.14480590820312
13:13:38.559210,-0.39911,35.50924928774256,-30.258,65.14480590820312
13:13:38.564063,-0.39911,35.50924928774256,-30.258,65.14480590820312
13:13:38.569092,-0.39911,35.50924928774256,-30.258,65.14480590820312
13:13:38.574165,-0.41088,34.78602846254725,-30.366,64.18487548828125
13:13:38.579057,-0.41088,34.78602846254725,-30.366,64.18487548828125
13:13:38.584032,-0.41088,34.78602846254725,-30.366,64.18487548828125
13:13:38.589051,-0.41088,34.78602846254725,-30.366,64.18487548828125
13:13:38.594071,-0.41088,34.78602846254725,-30.366,64.18487548828125
13:13:38.599068,-0.41088,34.78602846254725,-30.366,64.18487548828125
13:13:38.604065,-0.41088,34.78602846254725,-30.366,64.18487548828125
13:13:38.609237,-0.3852,35.00519044985194,-30.78,63.19335937500001
13:13:38.614086,-0.3852,35.00519044985194,-30.78,63.19335937500001
13:13:38.619085,-0.3852,35.00519044985194,-30.78,63.19335937500001
13:13:38.624064,-0.3852,35.00519044985194,-30.78,63.19335937500001
13:13:38.629059,-0.3852,35.00519044985194,-30.78,63.19335937500001
13:13:38.634108,-0.3852,35.00519044985194,-30.78,63.19335937500001
13:13:38.639116,-0.38627,34.24908693422694,-30.258,62.24578857421875
13:13:38.644052,-0.38627,34.24908693422694,-30.258,62.24578857421875
13:13:38.649041,-0.38627,34.24908693422694,-30.258,62.24578857421875
13:13:38.654085,-0.38627,34.24908693422694,-30.258,62.24578857421875
13:13:38.659167,-0.38627,34.24908693422694,-30.258,62.24578857421875
13:13:38.664048,-0.38627,34.24908693422694,-30.258,62.24578857421875
13:13:38.669031,-0.38627,34.24908693422694,-30.258,62.24578857421875
13:13:38.674136,-0.38627,34.78055055727381,-29.844000000000005,61.25633239746094
13:13:38.679062,-0.38627,34.78055055727381,-29.844000000000005,61.25633239746094
13:13:38.684061,-0.38627,34.78055055727381,-29.844000000000005,61.25633239746094
13:13:38.689058,-0.38627,34.78055055727381,-29.844000000000005,61.25633239746094
13:13:38.694069,-0.38627,34.78055055727381,-29.844000000000005,61.25633239746094
13:13:38.699073,-0.38627,34.78055055727381,-29.844000000000005,61.25633239746094
13:13:38.704461,-0.38841,33.4381891070785,-30.78,60.25794982910156
13:13:38.709267,-0.38841,33.4381891070785,-30.78,60.25794982910156
13:13:38.714211,-0.38841,33.4381891070785,-30.78,60.25794982910156
13:13:38.719124,-0.38841,33.4381891070785,-30.78,60.25794982910156
13:13:38.724208,-0.38841,33.4381891070785,-30.78,60.25794982910156
13:13:38.729262,-0.38841,33.4381891070785,-30.78,60.25794982910156
13:13:38.734348,-0.38841,33.4381891070785,-30.78,60.25794982910156
13:13:38.739363,-0.3852,34.17785890688319,-30.15,59.31037902832032
13:13:38.744404,-0.3852,34.17785890688319,-30.15,59.31037902832032
13:13:38.749399,-0.3852,34.17785890688319,-30.15,59.31037902832032
13:13:38.754411,-0.3852,34.17785890688319,-30.15,59.31037902832032
13:13:38.759353,-0.3852,34.17785890688319,-30.15,59.31037902832032
13:13:38.764304,-0.3852,34.17785890688319,-30.15,59.31037902832032
13:13:38.769536,-0.37664,34.17785890688319,-30.582,58.31817626953124
13:13:38.774377,-0.37664,32.70401247133631,-30.582,58.31817626953124
13:13:38.779176,-0.37664,32.70401247133631,-30.582,58.31817626953124
13:13:38.784101,-0.37664,32.70401247133631,-30.582,58.31817626953124
13:13:38.789084,-0.37664,32.70401247133631,-30.582,58.31817626953124
13:13:38.794060,-0.37664,32.70401247133631,-30.582,58.31817626953124
13:13:38.799061,-0.37664,32.70401247133631,-30.582,58.31817626953124
13:13:38.804068,-0.3852,33.569689351219125,-30.012,57.350006103515625
13:13:38.809034,-0.3852,33.569689351219125,-30.012,57.350006103515625
13:13:38.814093,-0.3852,33.569689351219125,-30.012,57.350006103515625
13:13:38.819085,-0.3852,33.569689351219125,-30.012,57.350006103515625
13:13:38.824088,-0.3852,33.569689351219125,-30.012,57.350006103515625
13:13:38.829058,-0.3852,33.569689351219125,-30.012,57.350006103515625
13:13:38.834335,-0.3852,33.569689351219125,-30.012,57.350006103515625
13:13:38.839041,-0.38092,32.51224001039881,-30.228,56.37977600097656
13:13:38.844072,-0.38092,32.51224001039881,-30.228,56.37977600097656
13:13:38.849082,-0.38092,32.51224001039881,-30.228,56.37977600097656
13:13:38.854200,-0.38092,32.51224001039881,-30.228,56.37977600097656
13:13:38.859065,-0.38092,32.51224001039881,-30.228,56.37977600097656
13:13:38.864174,-0.38092,32.51224001039881,-30.228,56.37977600097656
13:13:38.869081,-0.36594,32.873858052391,-30.012,55.40336608886719
13:13:38.874104,-0.36594,32.873858052391,-30.012,55.40336608886719
13:13:38.879061,-0.36594,32.873858052391,-30.012,55.40336608886719
13:13:38.884063,-0.36594,32.873858052391,-30.012,55.40336608886719
13:13:38.889083,-0.36594,32.873858052391,-30.012,55.40336608886719
13:13:38.894070,-0.36594,32.873858052391,-30.012,55.40336608886719
13:13:38.899319,-0.36594,32.873858052391,-30.012,55.40336608886719
13:13:38.904051,-0.36487,31.87120302309412,-31.271999999999995,54.400177001953125
13:13:38.909029,-0.36487,31.87120302309412,-31.271999999999995,54.400177001953125
13:13:38.914060,-0.36487,31.87120302309412,-31.271999999999995,54.400177001953125
13:13:38.919062,-0.36487,31.87120302309412,-31.271999999999995,54.400177001953125
13:13:38.924073,-0.36487,31.87120302309412,-31.271999999999995,54.400177001953125
13:13:38.929057,-0.36487,31.87120302309412,-31.271999999999995,54.400177001953125
13:13:38.934060,-0.36701,31.46574648012537,-30.18,53.42788696289063
13:13:38.939051,-0.36701,31.46574648012537,-30.18,53.42788696289063
13:13:38.944057,-0.36701,31.46574648012537,-30.18,53.42788696289063
13:13:38.949229,-0.36701,31.46574648012537,-30.18,53.42788696289063
13:13:38.954068,-0.36701,31.46574648012537,-30.18,53.42788696289063
13:13:38.959061,-0.36701,31.46574648012537,-30.18,53.42788696289063
13:13:38.964093,-0.36701,31.46574648012537,-30.18,53.42788696289063
13:13:38.969165,-0.36166,30.967165547508184,-30.696,52.42332458496094
13:13:38.974060,-0.36166,30.967165547508184,-30.696,52.42332458496094
13:13:38.979441,-0.36166,30.967165547508184,-30.696,52.42332458496094
13:13:38.984393,-0.36166,30.967165547508184,-30.696,52.42332458496094
13:13:38.989563,-0.36166,30.967165547508184,-30.696,52.42332458496094
13:13:38.994512,-0.36166,30.967165547508184,-30.696,52.42332458496094
13:13:38.999684,-0.3531,30.34256227602381,-30.558,51.48605346679688
13:13:39.004402,-0.3531,30.34256227602381,-30.558,51.48605346679688
13:13:39.009416,-0.3531,30.34256227602381,-30.558,51.48605346679688
13:13:39.014392,-0.3531,30.34256227602381,-30.558,51.48605346679688
13:13:39.019397,-0.3531,30.34256227602381,-30.558,51.48605346679688
13:13:39.024424,-0.3531,30.34256227602381,-30.558,51.48605346679688
13:13:39.029482,-0.3531,30.34256227602381,-30.558,51.48605346679688
13:13:39.034343,-0.35952,30.769915181297247,-29.682,50.4876708984375
13:13:39.039348,-0.35952,30.769915181297247,-29.682,50.4876708984375
13:13:39.044322,-0.35952,30.769915181297247,-29.682,50.4876708984375
13:13:39.049314,-0.35952,30.769915181297247,-29.682,50.4876708984375
13:13:39.054088,-0.35952,30.769915181297247,-29.682,50.4876708984375
13:13:39.059062,-0.35952,30.769915181297247,-29.682,50.4876708984375
13:13:39.064164,-0.3531,29.57550294985193,-29.874,49.53941345214844
13:13:39.069053,-0.3531,29.57550294985193,-29.874,49.53941345214844
13:13:39.074049,-0.3531,29.57550294985193,-29.874,49.53941345214844
13:13:39.079054,-0.3531,29.57550294985193,-29.874,49.53941345214844
13:13:39.084057,-0.3531,29.57550294985193,-29.874,49.53941345214844
13:13:39.089062,-0.3531,29.57550294985193,-29.874,49.53941345214844
13:13:39.094090,-0.3531,29.57550294985193,-29.874,49.53941345214844
13:13:39.099126,-0.34668,30.20010622133631,-30.42,48.55270385742188
13:13:39.104071,-0.34668,30.20010622133631,-30.42,48.55270385742188
13:13:39.109073,-0.34668,30.20010622133631,-30.42,48.55270385742188
13:13:39.114057,-0.34668,30.20010622133631,-30.42,48.55270385742188
13:13:39.119085,-0.34668,30.20010622133631,-30.42,48.55270385742188
13:13:39.124106,-0.34668,30.20010622133631,-30.42,48.55270385742188
13:13:39.129111,-0.33063,28.550921040672247,-30.756,47.55638122558594
13:13:39.134062,-0.33063,28.550921040672247,-30.756,47.55638122558594
13:13:39.139170,-0.33063,28.550921040672247,-30.756,47.55638122558594
13:13:39.144064,-0.33063,28.550921040672247,-30.756,47.55638122558594
13:13:39.149061,-0.33063,28.550921040672247,-30.756,47.55638122558594
13:13:39.154090,-0.33063,28.550921040672247,-30.756,47.55638122558594
13:13:39.159072,-0.33063,28.550921040672247,-30.756,47.55638122558594
13:13:39.164131,-0.32742,29.11526735414881,-30.474,46.57585144042969
13:13:39.169061,-0.32742,29.11526735414881,-30.474,46.57585144042969
13:13:39.174065,-0.32742,29.11526735414881,-30.474,46.57585144042969
13:13:39.179082,-0.32742,29.11526735414881,-30.474,46.57585144042969
13:13:39.184067,-0.32742,29.11526735414881,-30.474,46.57585144042969
13:13:39.189071,-0.32742,29.11526735414881,-30.474,46.57585144042969
13:13:39.194143,-0.3317,27.81126649965662,-30.534,45.60836791992188
13:13:39.199093,-0.3317,27.81126649965662,-30.534,45.60836791992188
13:13:39.204071,-0.3317,27.81126649965662,-30.534,45.60836791992188
13:13:39.209088,-0.3317,27.81126649965662,-30.534,45.60836791992188
13:13:39.214069,-0.3317,27.81126649965662,-30.534,45.60836791992188
13:13:39.219069,-0.3317,27.81126649965662,-30.534,45.60836791992188
13:13:39.224086,-0.3317,27.81126649965662,-30.534,45.60836791992188
13:13:39.229115,-0.32742,28.51805360903162,-29.82,44.649810791015625
13:13:39.234228,-0.32742,28.51805360903162,-29.82,44.649810791015625
13:13:39.239184,-0.32742,28.51805360903162,-29.82,44.649810791015625
13:13:39.244193,-0.32742,28.51805360903162,-29.82,44.649810791015625
13:13:39.249065,-0.32742,28.51805360903162,-29.82,44.649810791015625
13:13:39.254070,-0.32742,28.51805360903162,-29.82,44.649810791015625
13:13:39.259182,-0.3220699999999999,27.31267030825037,-30.558,43.65486145019531
13:13:39.264059,-0.3220699999999999,27.31267030825037,-30.558,43.65486145019531
13:13:39.269068,-0.3220699999999999,27.31267030825037,-30.558,43.65486145019531
13:13:39.274067,-0.3220699999999999,27.31267030825037,-30.558,43.65486145019531
13:13:39.279093,-0.3220699999999999,27.31267030825037,-30.558,43.65486145019531
13:13:39.284070,-0.3220699999999999,27.31267030825037,-30.558,43.65486145019531
13:13:39.289067,-0.3220699999999999,27.31267030825037,-30.558,43.65486145019531
13:13:39.294280,-0.321,27.29623659243006,-29.958,42.70866394042969
13:13:39.299145,-0.321,27.29623659243006,-29.958,42.70866394042969
13:13:39.304090,-0.321,27.29623659243006,-29.958,42.70866394042969
13:13:39.309107,-0.321,27.29623659243006,-29.958,42.70866394042969
13:13:39.314084,-0.321,27.29623659243006,-29.958,42.70866394042969
13:13:39.319107,-0.321,27.29623659243006,-29.958,42.70866394042969
13:13:39.324334,-0.31458,26.189470845359747,-31.056,41.72538757324219
13:13:39.329212,-0.31458,26.189470845359747,-31.056,41.72538757324219
13:13:39.334053,-0.31458,26.189470845359747,-31.056,41.72538757324219
13:13:39.339061,-0.31458,26.189470845359747,-31.056,41.72538757324219
13:13:39.344091,-0.31458,26.189470845359747,-31.056,41.72538757324219
13:13:39.349094,-0.31458,26.189470845359747,-31.056,41.72538757324219
13:13:39.354916,-0.29853,26.189470845359747,-30.48,40.777130126953125
13:13:39.359321,-0.29853,25.44981630434412,-30.48,40.777130126953125
13:13:39.364128,-0.29853,25.44981630434412,-30.48,40.777130126953125
13:13:39.369058,-0.29853,25.44981630434412,-30.48,40.777130126953125
13:13:39.374066,-0.29853,25.44981630434412,-30.48,40.777130126953125
13:13:39.379084,-0.29853,25.44981630434412,-30.48,40.777130126953125
13:13:39.384085,-0.29853,25.44981630434412,-30.48,40.777130126953125
13:13:39.389072,-0.30388,25.33474977602381,-30.06,39.80278015136719
13:13:39.394060,-0.30388,25.33474977602381,-30.06,39.80278015136719
13:13:39.399086,-0.30388,25.33474977602381,-30.06,39.80278015136719
13:13:39.404072,-0.30388,25.33474977602381,-30.06,39.80278015136719
13:13:39.409100,-0.30388,25.33474977602381,-30.06,39.80278015136719
13:13:39.414105,-0.30388,25.33474977602381,-30.06,39.80278015136719
13:13:39.419636,-0.30816,24.64439638246912,-31.08,38.835296630859375
13:13:39.424161,-0.30816,24.64439638246912,-31.08,38.835296630859375
13:13:39.429045,-0.30816,24.64439638246912,-31.08,38.835296630859375
13:13:39.434086,-0.30816,24.64439638246912,-31.08,38.835296630859375
13:13:39.439065,-0.30816,24.64439638246912,-31.08,38.835296630859375
13:13:39.444068,-0.30816,24.64439638246912,-31.08,38.835296630859375
13:13:39.449101,-0.30816,24.64439638246912,-31.08,38.835296630859375
13:13:39.454063,-0.29746,25.00601442446131,-30.204,37.87193298339844
13:13:39.459054,-0.29746,25.00601442446131,-30.204,37.87193298339844
13:13:39.464060,-0.29746,25.00601442446131,-30.204,37.87193298339844
13:13:39.469086,-0.29746,25.00601442446131,-30.204,37.87193298339844
13:13:39.474088,-0.29746,25.00601442446131,-30.204,37.87193298339844
13:13:39.479060,-0.29746,25.00601442446131,-30.204,37.87193298339844
13:13:39.484502,-0.29211,23.663652974266,-30.366,36.93946838378906
13:13:39.489070,-0.29211,23.663652974266,-30.366,36.93946838378906
13:13:39.494081,-0.29211,23.663652974266,-30.366,36.93946838378906
13:13:39.499069,-0.29211,23.663652974266,-30.366,36.93946838378906
13:13:39.504067,-0.29211,23.663652974266,-30.366,36.93946838378906
13:13:39.509099,-0.29211,23.663652974266,-30.366,36.93946838378906
13:13:39.514072,-0.29211,23.663652974266,-30.366,36.93946838378906
13:13:39.519274,-0.28248,23.767763692039438,-29.82,35.89164733886719
13:13:39.524245,-0.28248,23.767763692039438,-29.82,35.89164733886719
13:13:39.529181,-0.28248,23.767763692039438,-29.82,35.89164733886719
13:13:39.534093,-0.28248,23.767763692039438,-29.82,35.89164733886719
13:13:39.539107,-0.28248,23.767763692039438,-29.82,35.89164733886719
13:13:39.544064,-0.28248,23.767763692039438,-29.82,35.89164733886719
13:13:39.549737,-0.28569,22.19528444399256,-30.341999999999995,34.94819641113281
13:13:39.554097,-0.28569,22.19528444399256,-30.341999999999995,34.94819641113281
13:13:39.559069,-0.28569,22.19528444399256,-30.341999999999995,34.94819641113281
13:13:39.564101,-0.28569,22.19528444399256,-30.341999999999995,34.94819641113281
13:13:39.569173,-0.28569,22.19528444399256,-30.341999999999995,34.94819641113281
13:13:39.574101,-0.28569,22.19528444399256,-30.341999999999995,34.94819641113281
13:13:39.579063,-0.28569,22.19528444399256,-30.341999999999995,34.94819641113281
13:13:39.584070,-0.28141,22.99522646059412,-30.144,33.97178649902344
13:13:39.589054,-0.28141,22.99522646059412,-30.144,33.97178649902344
13:13:39.594101,-0.28141,22.99522646059412,-30.144,33.97178649902344
13:13:39.599090,-0.28141,22.99522646059412,-30.144,33.97178649902344
13:13:39.604064,-0.28141,22.99522646059412,-30.144,33.97178649902344
13:13:39.609061,-0.28141,22.99522646059412,-30.144,33.97178649902344
13:13:39.614093,-0.27499,22.99522646059412,-30.366,33.01666259765625
13:13:39.619188,-0.27499,21.76243837465662,-30.366,33.01666259765625
13:13:39.624045,-0.27499,21.76243837465662,-30.366,33.01666259765625
13:13:39.629099,-0.27499,21.76243837465662,-30.366,33.01666259765625
13:13:39.634088,-0.27499,21.76243837465662,-30.366,33.01666259765625
13:13:39.639086,-0.27499,21.76243837465662,-30.366,33.01666259765625
13:13:39.644102,-0.27499,21.76243837465662,-30.366,33.01666259765625
13:13:39.649215,-0.26857,21.95968874086756,-29.844000000000005,32.02789306640625
13:13:39.654084,-0.26857,21.95968874086756,-29.844000000000005,32.02789306640625
13:13:39.659062,-0.26857,21.95968874086756,-29.844000000000005,32.02789306640625
13:13:39.664070,-0.26857,21.95968874086756,-29.844000000000005,32.02789306640625
13:13:39.669084,-0.26857,21.95968874086756,-29.844000000000005,32.02789306640625
13:13:39.674089,-0.26857,21.95968874086756,-29.844000000000005,32.02789306640625
13:13:39.679311,-0.26108,21.95968874086756,-31.11,31.03706359863281
13:13:39.684094,-0.26108,20.743349629539438,-31.11,31.03706359863281
13:13:39.689057,-0.26108,20.743349629539438,-31.11,31.03706359863281
13:13:39.694085,-0.26108,20.743349629539438,-31.11,31.03706359863281
13:13:39.699047,-0.26108,20.743349629539438,-31.11,31.03706359863281
13:13:39.704089,-0.26108,20.743349629539438,-31.11,31.03706359863281
13:13:39.709067,-0.26108,20.743349629539438,-31.11,31.03706359863281
13:13:39.714053,-0.25573,19.932451802391,-30.396,30.06683349609375
13:13:39.719163,-0.25573,19.932451802391,-30.396,30.06683349609375
13:13:39.724057,-0.25573,19.932451802391,-30.396,30.06683349609375
13:13:39.729053,-0.25573,19.932451802391,-30.396,30.06683349609375
13:13:39.734057,-0.25573,19.932451802391,-30.396,30.06683349609375
13:13:39.739085,-0.25573,19.932451802391,-30.396,30.06683349609375
13:13:39.744424,-0.2461,19.18731935610193,-30.534,29.10140991210937
13:13:39.749018,-0.2461,19.18731935610193,-30.534,29.10140991210937
13:13:39.754054,-0.2461,19.18731935610193,-30.534,29.10140991210937
13:13:39.759065,-0.2461,19.18731935610193,-30.534,29.10140991210937
13:13:39.764091,-0.2461,19.18731935610193,-30.534,29.10140991210937
13:13:39.769068,-0.2461,19.18731935610193,-30.534,29.10140991210937
13:13:39.774100,-0.2461,19.18731935610193,-30.534,29.10140991210937
13:13:39.779430,-0.24289,18.55174501528162,-30.228,28.13667297363281
13:13:39.784405,-0.24289,18.55174501528162,-30.228,28.13667297363281
13:13:39.789105,-0.24289,18.55174501528162,-30.228,28.13667297363281
13:13:39.794102,-0.24289,18.55174501528162,-30.228,28.13667297363281
13:13:39.799092,-0.24289,18.55174501528162,-30.228,28.13667297363281
13:13:39.804070,-0.24289,18.55174501528162,-30.228,28.13667297363281
13:13:39.809381,-0.25038,18.76542909731287,-30.288,27.164382934570312
13:13:39.814065,-0.25038,18.76542909731287,-30.288,27.164382934570312
13:13:39.819174,-0.25038,18.76542909731287,-30.288,27.164382934570312
13:13:39.824068,-0.25038,18.76542909731287,-30.288,27.164382934570312
13:13:39.829067,-0.25038,18.76542909731287,-30.288,27.164382934570312
13:13:39.834062,-0.25038,18.76542909731287,-30.288,27.164382934570312
13:13:39.839089,-0.25038,18.76542909731287,-30.288,27.164382934570312
13:13:39.844159,-0.23647,17.82852419008631,-30.888,26.239471435546875
13:13:39.849059,-0.23647,17.82852419008631,-30.888,26.239471435546875
13:13:39.854066,-0.23647,17.82852419008631,-30.888,26.239471435546875
13:13:39.859062,-0.23647,17.82852419008631,-30.888,26.239471435546875
13:13:39.864081,-0.23647,17.82852419008631,-30.888,26.239471435546875
13:13:39.869068,-0.23647,17.82852419008631,-30.888,26.239471435546875
13:13:39.874575,-0.23433,17.724428731101934,-30.12,25.204010009765625
13:13:39.879088,-0.23433,17.724428731101934,-30.12,25.204010009765625
13:13:39.884053,-0.23433,17.724428731101934,-30.12,25.204010009765625
13:13:39.889098,-0.23433,17.724428731101934,-30.12,25.204010009765625
13:13:39.894095,-0.23433,17.724428731101934,-30.12,25.204010009765625
13:13:39.899058,-0.23433,17.724428731101934,-30.12,25.204010009765625
13:13:39.904057,-0.23433,17.724428731101934,-30.12,25.204010009765625
13:13:39.909138,-0.21721,15.998537617820686,-30.642,24.23652648925781
13:13:39.914070,-0.21721,15.998537617820686,-30.642,24.23652648925781
13:13:39.919210,-0.21721,15.998537617820686,-30.642,24.23652648925781
13:13:39.924050,-0.21721,15.998537617820686,-30.642,24.23652648925781
13:13:39.929056,-0.21721,15.998537617820686,-30.642,24.23652648925781
13:13:39.934096,-0.21721,15.998537617820686,-30.642,24.23652648925781
13:13:39.939158,-0.23112,16.23961122621912,-29.874,23.253250122070312
13:13:39.944067,-0.23112,16.23961122621912,-29.874,23.253250122070312
13:13:39.949073,-0.23112,16.23961122621912,-29.874,23.253250122070312
13:13:39.954091,-0.23112,16.23961122621912,-29.874,23.253250122070312
13:13:39.959083,-0.23112,16.23961122621912,-29.874,23.253250122070312
13:13:39.964064,-0.23112,16.23961122621912,-29.874,23.253250122070312
13:13:39.969110,-0.23112,16.23961122621912,-29.874,23.253250122070312
13:13:39.974372,-0.20544,15.20956667055506,-30.918000000000003,22.31529235839844
13:13:39.979245,-0.20544,15.20956667055506,-30.918000000000003,22.31529235839844
13:13:39.984092,-0.20544,15.20956667055506,-30.918000000000003,22.31529235839844
13:13:39.989113,-0.20544,15.20956667055506,-30.918000000000003,22.31529235839844
13:13:39.994084,-0.20544,15.20956667055506,-30.918000000000003,22.31529235839844
13:13:39.999497,-0.20544,15.20956667055506,-30.918000000000003,22.31529235839844
13:13:40.004413,-0.21828,15.625963765281623,-30.258,21.32652282714844
13:13:40.009047,-0.21828,15.625963765281623,-30.258,21.32652282714844
13:13:40.014211,-0.21828,15.625963765281623,-30.258,21.32652282714844
13:13:40.019083,-0.21828,15.625963765281623,-30.258,21.32652282714844
13:13:40.024180,-0.21828,15.625963765281623,-30.258,21.32652282714844
13:13:40.029101,-0.21828,15.625963765281623,-30.258,21.32652282714844
13:13:40.034064,-0.21828,15.625963765281623,-30.258,21.32652282714844
13:13:40.039133,-0.20544,14.754808980125372,-31.002,20.351486206054688
13:13:40.044066,-0.20544,14.754808980125372,-31.002,20.351486206054688
13:13:40.049043,-0.20544,14.754808980125372,-31.002,20.351486206054688
13:13:40.054090,-0.20544,14.754808980125372,-31.002,20.351486206054688
13:13:40.059083,-0.20544,14.754808980125372,-31.002,20.351486206054688
13:13:40.064072,-0.20544,14.754808980125372,-31.002,20.351486206054688
13:13:40.069999,-0.21186,14.754808980125372,-30.48,19.376449584960938
13:13:40.074069,-0.21186,13.582293110984748,-30.48,19.376449584960938
13:13:40.079062,-0.21186,13.582293110984748,-30.48,19.376449584960938
13:13:40.084066,-0.21186,13.582293110984748,-30.48,19.376449584960938
13:13:40.089108,-0.21186,13.582293110984748,-30.48,19.376449584960938
13:13:40.094040,-0.21186,13.582293110984748,-30.48,19.376449584960938
13:13:40.099082,-0.21186,13.582293110984748,-30.48,19.376449584960938
13:13:40.104100,-0.18725,12.530336934226936,-31.164000000000005,18.320388793945312
13:13:40.109059,-0.18725,12.530336934226936,-31.164000000000005,18.320388793945312
13:13:40.114187,-0.18725,12.530336934226936,-31.164000000000005,18.320388793945312
13:13:40.119069,-0.18725,12.530336934226936,-31.164000000000005,18.320388793945312
13:13:40.124086,-0.18725,12.530336934226936,-31.164000000000005,18.320388793945312
13:13:40.129090,-0.18725,12.530336934226936,-31.164000000000005,18.320388793945312
13:13:40.134167,-0.18725,12.530336934226936,-31.164000000000005,18.320388793945312
13:13:40.139149,-0.18618,11.396181660789436,-30.450000000000003,17.37213134765625
13:13:40.144059,-0.18618,11.396181660789436,-30.450000000000003,17.37213134765625
13:13:40.149082,-0.18618,11.396181660789436,-30.450000000000003,17.37213134765625
13:13:40.154091,-0.18618,11.396181660789436,-30.450000000000003,17.37213134765625
13:13:40.159083,-0.18618,11.396181660789436,-30.450000000000003,17.37213134765625
13:13:40.164107,-0.18618,11.396181660789436,-30.450000000000003,17.37213134765625
13:13:40.169272,-0.17334,11.927645283836313,-30.942,16.412200927734375
13:13:40.174112,-0.17334,11.927645283836313,-30.942,16.412200927734375
13:13:40.179061,-0.17334,11.927645283836313,-30.942,16.412200927734375
13:13:40.184059,-0.17334,11.927645283836313,-30.942,16.412200927734375
13:13:40.189083,-0.17334,11.927645283836313,-30.942,16.412200927734375
13:13:40.194097,-0.17334,11.927645283836313,-30.942,16.412200927734375
13:13:40.199134,-0.17334,11.927645283836313,-30.942,16.412200927734375
13:13:40.204233,-0.17976,10.996203023094123,-30.15,15.449523925781252
13:13:40.209086,-0.17976,10.996203023094123,-30.15,15.449523925781252
13:13:40.214209,-0.17976,10.996203023094123,-30.15,15.449523925781252
13:13:40.219069,-0.17976,10.996203023094123,-30.15,15.449523925781252
13:13:40.224063,-0.17976,10.996203023094123,-30.15,15.449523925781252
13:13:40.229089,-0.17976,10.996203023094123,-30.15,15.449523925781252
13:13:40.234166,-0.17655,11.319475728172248,-30.534,14.473114013671877
13:13:40.239059,-0.17655,11.319475728172248,-30.534,14.473114013671877
13:13:40.244116,-0.17655,11.319475728172248,-30.534,14.473114013671877
13:13:40.249060,-0.17655,11.319475728172248,-30.534,14.473114013671877
13:13:40.254093,-0.17655,11.319475728172248,-30.534,14.473114013671877
13:13:40.259082,-0.17655,11.319475728172248,-30.534,14.473114013671877
13:13:40.264083,-0.17655,11.319475728172248,-30.534,14.473114013671877
13:13:40.269213,-0.15301,9.516878682273813,-30.78,13.460311889648438
13:13:40.274085,-0.15301,9.516878682273813,-30.78,13.460311889648438
13:13:40.279061,-0.15301,9.516878682273813,-30.78,13.460311889648438
13:13:40.284069,-0.15301,9.516878682273813,-30.78,13.460311889648438
13:13:40.289089,-0.15301,9.516878682273813,-30.78,13.460311889648438
13:13:40.294090,-0.15301,9.516878682273813,-30.78,13.460311889648438
13:13:40.299158,-0.15943,9.231966572898813,-29.568,12.45025634765625
13:13:40.304072,-0.15943,9.231966572898813,-29.568,12.45025634765625
13:13:40.309061,-0.15943,9.231966572898813,-29.568,12.45025634765625
13:13:40.314086,-0.15943,9.231966572898813,-29.568,12.45025634765625
13:13:40.319204,-0.15943,9.231966572898813,-29.568,12.45025634765625
13:13:40.324060,-0.15943,9.231966572898813,-29.568,12.45025634765625
13:13:40.329067,-0.15943,9.231966572898813,-29.568,12.45025634765625
13:13:40.334122,-0.14445,8.026598530906623,-30.588,11.514358520507812
13:13:40.339070,-0.14445,8.026598530906623,-30.588,11.514358520507812
13:13:40.344065,-0.14445,8.026598530906623,-30.588,11.514358520507812
13:13:40.349108,-0.14445,8.026598530906623,-30.588,11.514358520507812
13:13:40.354066,-0.14445,8.026598530906623,-30.588,11.514358520507812
13:13:40.359072,-0.14445,8.026598530906623,-30.588,11.514358520507812
13:13:40.364112,-0.15408,8.136171895164436,-30.450000000000003,10.57708740234375
13:13:40.369064,-0.15408,8.136171895164436,-30.450000000000003,10.57708740234375
13:13:40.374064,-0.15408,8.136171895164436,-30.450000000000003,10.57708740234375
13:13:40.379087,-0.15408,8.136171895164436,-30.450000000000003,10.57708740234375
13:13:40.384072,-0.15408,8.136171895164436,-30.450000000000003,10.57708740234375
13:13:40.389073,-0.15408,8.136171895164436,-30.450000000000003,10.57708740234375
13:13:40.394111,-0.15408,8.136171895164436,-30.450000000000003,10.57708740234375
13:13:40.399401,-0.14338,7.686892110008185,-30.78,9.57183837890625
13:13:40.404462,-0.14338,7.686892110008185,-30.78,9.57183837890625
13:13:40.409462,-0.14338,7.686892110008185,-30.78,9.57183837890625
13:13:40.414069,-0.14338,7.686892110008185,-30.78,9.57183837890625
13:13:40.419066,-0.14338,7.686892110008185,-30.78,9.57183837890625
13:13:40.424224,-0.14338,7.686892110008185,-30.78,9.57183837890625
13:13:40.429104,-0.14231,6.689714985984748,-30.804,8.60504150390625
13:13:40.434090,-0.14231,6.689714985984748,-30.804,8.60504150390625
13:13:40.439046,-0.14231,6.689714985984748,-30.804,8.60504150390625
13:13:40.444097,-0.14231,6.689714985984748,-30.804,8.60504150390625
13:13:40.449146,-0.14231,6.689714985984748,-30.804,8.60504150390625
13:13:40.454060,-0.14231,6.689714985984748,-30.804,8.60504150390625
13:13:40.459063,-0.14231,6.689714985984748,-30.804,8.60504150390625
13:13:40.464119,-0.11984,5.725405293601935,-30.942,7.596359252929687
13:13:40.469060,-0.11984,5.725405293601935,-30.942,7.596359252929687
13:13:40.474064,-0.11984,5.725405293601935,-30.942,7.596359252929687
13:13:40.479059,-0.11984,5.725405293601935,-30.942,7.596359252929687
13:13:40.484086,-0.11984,5.725405293601935,-30.942,7.596359252929687
13:13:40.489086,-0.11984,5.725405293601935,-30.942,7.596359252929687
13:13:40.494119,-0.12198,4.06527956118006,-30.396,6.6034698486328125
13:13:40.499073,-0.12198,4.06527956118006,-30.396,6.6034698486328125
13:13:40.504057,-0.12198,4.06527956118006,-30.396,6.6034698486328125
13:13:40.509062,-0.12198,4.06527956118006,-30.396,6.6034698486328125
13:13:40.514087,-0.12198,4.06527956118006,-30.396,6.6034698486328125
13:13:40.519073,-0.12198,4.06527956118006,-30.396,6.6034698486328125
13:13:40.524305,-0.12198,4.06527956118006,-30.396,6.6034698486328125
13:13:40.529133,-0.10379,4.141985493797248,-30.504,5.651092529296875
13:13:40.534062,-0.10379,4.141985493797248,-30.504,5.651092529296875
13:13:40.539067,-0.10379,4.141985493797248,-30.504,5.651092529296875
13:13:40.544043,-0.10379,4.141985493797248,-30.504,5.651092529296875
13:13:40.549105,-0.10379,4.141985493797248,-30.504,5.651092529296875
13:13:40.554117,-0.10379,4.141985493797248,-30.504,5.651092529296875
13:13:40.559092,-0.11235,3.47354372133631,-30.750000000000004,4.7138214111328125
13:13:40.564067,-0.11235,3.47354372133631,-30.750000000000004,4.7138214111328125
13:13:40.569084,-0.11235,3.47354372133631,-30.750000000000004,4.7138214111328125
13:13:40.574083,-0.11235,3.47354372133631,-30.750000000000004,4.7138214111328125
13:13:40.579054,-0.11235,3.47354372133631,-30.750000000000004,4.7138214111328125
13:13:40.584070,-0.11235,3.47354372133631,-30.750000000000004,4.7138214111328125
13:13:40.589062,-0.11235,3.47354372133631,-30.750000000000004,4.7138214111328125
13:13:40.594111,-0.11235,4.070757466453498,-30.612,3.728485107421875
13:13:40.599112,-0.11235,4.070757466453498,-30.612,3.728485107421875
13:13:40.604103,-0.11235,4.070757466453498,-30.612,3.728485107421875
13:13:40.609070,-0.11235,4.070757466453498,-30.612,3.728485107421875
13:13:40.614175,-0.11235,4.070757466453498,-30.612,3.728485107421875
13:13:40.619112,-0.11235,4.070757466453498,-30.612,3.728485107421875
13:13:40.624327,-0.10486,2.97494752993006,-31.356,2.7500152587890625
13:13:40.629036,-0.10486,2.97494752993006,-31.356,2.7500152587890625
13:13:40.634058,-0.10486,2.97494752993006,-31.356,2.7500152587890625
13:13:40.639084,-0.10486,2.97494752993006,-31.356,2.7500152587890625
13:13:40.644086,-0.10486,2.97494752993006,-31.356,2.7500152587890625
13:13:40.649118,-0.10486,2.97494752993006,-31.356,2.7500152587890625
13:13:40.654092,-0.10486,2.97494752993006,-31.356,2.7500152587890625
13:13:40.659159,-0.09416,2.098314839500373,-30.48,1.7173004150390625
13:13:40.664072,-0.09416,2.098314839500373,-30.48,1.7173004150390625
13:13:40.669071,-0.09416,2.098314839500373,-30.48,1.7173004150390625
13:13:40.674068,-0.09416,2.098314839500373,-30.48,1.7173004150390625
13:13:40.679084,-0.09416,2.098314839500373,-30.48,1.7173004150390625
13:13:40.684083,-0.09416,2.098314839500373,-30.48,1.7173004150390625
13:13:40.689792,-0.08239,0.5915857135238103,-30.942,0.7367706298828125
13:13:40.694066,-0.08239,0.5915857135238103,-30.942,0.7367706298828125
13:13:40.699047,-0.08239,0.5915857135238103,-30.942,0.7367706298828125
13:13:40.704109,-0.08239,0.5915857135238103,-30.942,0.7367706298828125
13:13:40.709062,-0.08239,0.5915857135238103,-30.942,0.7367706298828125
13:13:40.714060,-0.08239,0.5915857135238103,-30.942,0.7367706298828125
13:13:40.719060,-0.08239,0.5915857135238103,-30.942,0.7367706298828125
13:13:40.724215,-0.08239,0.0930047809066227,-30.036,-0.2108001708984375
13:13:40.729071,-0.08239,0.0930047809066227,-30.036,-0.2108001708984375
13:13:40.734068,-0.08239,0.0930047809066227,-30.036,-0.2108001708984375
13:13:40.739046,-0.08239,0.0930047809066227,-30.036,-0.2108001708984375
13:13:40.744057,-0.08239,0.0930047809066227,-30.036,-0.2108001708984375
13:13:40.749058,-0.08239,0.0930047809066227,-30.036,-0.2108001708984375
13:13:40.754443,-0.07811,0.1368280230941227,-30.834,-1.1872100830078125
13:13:40.759052,-0.07811,0.1368280230941227,-30.834,-1.1872100830078125
13:13:40.764032,-0.07811,0.1368280230941227,-30.834,-1.1872100830078125
13:13:40.769422,-0.07811,0.1368280230941227,-30.834,-1.1872100830078125
13:13:40.774381,-0.07811,0.1368280230941227,-30.834,-1.1872100830078125
13:13:40.779344,-0.07811,0.1368280230941227,-30.834,-1.1872100830078125
13:13:40.784386,-0.07811,0.1368280230941227,-30.834,-1.1872100830078125
13:13:40.789338,-0.09309,-0.5644811810074397,-30.588,-2.132720947265625
13:13:40.794364,-0.09309,-0.5644811810074397,-30.588,-2.132720947265625
13:13:40.799339,-0.09309,-0.5644811810074397,-30.588,-2.132720947265625
13:13:40.804136,-0.09309,-0.5644811810074397,-30.588,-2.132720947265625
13:13:40.809124,-0.09309,-0.5644811810074397,-30.588,-2.132720947265625
13:13:40.814116,-0.09309,-0.5644811810074397,-30.588,-2.132720947265625
13:13:40.819210,-0.06206,-0.5644811810074397,-30.672,-3.160629272460937
13:13:40.824056,-0.06206,-1.0466283978043147,-30.672,-3.160629272460937
13:13:40.829129,-0.06206,-1.0466283978043147,-30.672,-3.160629272460937
13:13:40.834056,-0.06206,-1.0466283978043147,-30.672,-3.160629272460937
13:13:40.839090,-0.06206,-1.0466283978043147,-30.672,-3.160629272460937
13:13:40.844083,-0.06206,-1.0466283978043147,-30.672,-3.160629272460937
13:13:40.849046,-0.06206,-1.0466283978043147,-30.672,-3.160629272460937
13:13:40.854123,-0.0535,-3.101254862648065,-31.326,-4.1205596923828125
13:13:40.859059,-0.0535,-3.101254862648065,-31.326,-4.1205596923828125
13:13:40.864063,-0.0535,-3.101254862648065,-31.326,-4.1205596923828125
13:13:40.869058,-0.0535,-3.101254862648065,-31.326,-4.1205596923828125
13:13:40.874056,-0.0535,-3.101254862648065,-31.326,-4.1205596923828125
13:13:40.879072,-0.0535,-3.101254862648065,-31.326,-4.1205596923828125
13:13:40.884457,-0.05564,-3.101254862648065,-30.78,-5.134048461914063
13:13:40.889058,-0.05564,-3.21084348569494,-30.78,-5.134048461914063
13:13:40.894084,-0.05564,-3.21084348569494,-30.78,-5.134048461914063
13:13:40.899054,-0.05564,-3.21084348569494,-30.78,-5.134048461914063
13:13:40.904070,-0.05564,-3.21084348569494,-30.78,-5.134048461914063
13:13:40.909057,-0.05564,-3.21084348569494,-30.78,-5.134048461914063
13:13:40.914068,-0.05564,-3.21084348569494,-30.78,-5.134048461914063
13:13:40.919151,-0.05564,-4.147748392921502,-30.834,-6.071319580078125
13:13:40.924102,-0.05564,-4.147748392921502,-30.834,-6.071319580078125
13:13:40.929134,-0.05564,-4.147748392921502,-30.834,-6.071319580078125
13:13:40.934051,-0.05564,-4.147748392921502,-30.834,-6.071319580078125
13:13:40.939064,-0.05564,-4.147748392921502,-30.834,-6.071319580078125
13:13:40.944073,-0.05564,-4.147748392921502,-30.834,-6.071319580078125
13:13:40.949655,-0.05564,-3.3423284710465024,-30.258,-7.029876708984375
13:13:40.954098,-0.05564,-3.3423284710465024,-30.258,-7.029876708984375
13:13:40.959065,-0.05564,-3.3423284710465024,-30.258,-7.029876708984375
13:13:40.964100,-0.05564,-3.3423284710465024,-30.258,-7.029876708984375
13:13:40.969042,-0.05564,-3.3423284710465024,-30.258,-7.029876708984375
13:13:40.974051,-0.05564,-3.3423284710465024,-30.258,-7.029876708984375
13:13:40.979052,-0.05564,-3.3423284710465024,-30.258,-7.029876708984375
13:13:40.984143,-0.04173,-4.164182108741815,-30.534,-7.980194091796875
13:13:40.989069,-0.04173,-4.164182108741815,-30.534,-7.980194091796875
13:13:40.994064,-0.04173,-4.164182108741815,-30.534,-7.980194091796875
13:13:40.999061,-0.04173,-4.164182108741815,-30.534,-7.980194091796875
13:13:41.004108,-0.04173,-4.164182108741815,-30.534,-7.980194091796875
13:13:41.009056,-0.04173,-4.164182108741815,-30.534,-7.980194091796875
13:13:41.014126,-0.04387,-4.783307474952752,-30.318,-8.988189697265625
13:13:41.019086,-0.04387,-4.783307474952752,-30.318,-8.988189697265625
13:13:41.024084,-0.04387,-4.783307474952752,-30.318,-8.988189697265625
13:13:41.029150,-0.04387,-4.783307474952752,-30.318,-8.988189697265625
13:13:41.034052,-0.04387,-4.783307474952752,-30.318,-8.988189697265625
13:13:41.039058,-0.04387,-4.783307474952752,-30.318,-8.988189697265625
13:13:41.044057,-0.04387,-4.783307474952752,-30.318,-8.988189697265625
13:13:41.049126,-0.02782,-6.60781614194494,-30.066,-9.946060180664062
13:13:41.054113,-0.02782,-6.60781614194494,-30.066,-9.946060180664062
13:13:41.059064,-0.02782,-6.60781614194494,-30.066,-9.946060180664062
13:13:41.064067,-0.02782,-6.60781614194494,-30.066,-9.946060180664062
13:13:41.069084,-0.02782,-6.60781614194494,-30.066,-9.946060180664062
13:13:41.074064,-0.02782,-6.60781614194494,-30.066,-9.946060180664062
13:13:41.079356,-0.02675,-7.489941996437127,-30.228,-10.9149169921875
13:13:41.084086,-0.02675,-7.489941996437127,-30.228,-10.9149169921875
13:13:41.089040,-0.02675,-7.489941996437127,-30.228,-10.9149169921875
13:13:41.094061,-0.02675,-7.489941996437127,-30.228,-10.9149169921875
13:13:41.099086,-0.02675,-7.489941996437127,-30.228,-10.9149169921875
13:13:41.104089,-0.02675,-7.489941996437127,-30.228,-10.9149169921875
13:13:41.109058,-0.02675,-7.489941996437127,-30.228,-10.9149169921875
13:13:41.114109,-0.01391,-7.424191874366815,-30.528,-11.877593994140623
13:13:41.119090,-0.01391,-7.424191874366815,-30.528,-11.877593994140623
13:13:41.124071,-0.01391,-7.424191874366815,-30.528,-11.877593994140623
13:13:41.129150,-0.01391,-7.424191874366815,-30.528,-11.877593994140623
13:13:41.134059,-0.01391,-7.424191874366815,-30.528,-11.877593994140623
13:13:41.139050,-0.01391,-7.424191874366815,-30.528,-11.877593994140623
13:13:41.144226,-0.02461,-8.048795145851189,-31.547999999999995,-12.839584350585938
13:13:41.149062,-0.02461,-8.048795145851189,-31.547999999999995,-12.839584350585938
13:13:41.154141,-0.02461,-8.048795145851189,-31.547999999999995,-12.839584350585938
13:13:41.159071,-0.02461,-8.048795145851189,-31.547999999999995,-12.839584350585938
13:13:41.164058,-0.02461,-8.048795145851189,-31.547999999999995,-12.839584350585938
13:13:41.169069,-0.02461,-8.048795145851189,-31.547999999999995,-12.839584350585938
13:13:41.174065,-0.02461,-8.048795145851189,-31.547999999999995,-12.839584350585938
13:13:41.179126,-0.01819,-7.780316752296502,-29.766,-13.835220336914062
13:13:41.184066,-0.01819,-7.780316752296502,-29.766,-13.835220336914062
13:13:41.189064,-0.01819,-7.780316752296502,-29.766,-13.835220336914062
13:13:41.194060,-0.01819,-7.780316752296502,-29.766,-13.835220336914062
13:13:41.199085,-0.01819,-7.780316752296502,-29.766,-13.835220336914062
13:13:41.204068,-0.01819,-7.780316752296502,-29.766,-13.835220336914062
13:13:41.209269,-0.0,-9.829465311866814,-31.05,-14.843902587890623
13:13:41.214065,-0.0,-9.829465311866814,-31.05,-14.843902587890623
13:13:41.219061,-0.0,-9.829465311866814,-31.05,-14.843902587890623
13:13:41.224085,-0.0,-9.829465311866814,-31.05,-14.843902587890623
13:13:41.229126,-0.0,-9.829465311866814,-31.05,-14.843902587890623
13:13:41.234062,-0.0,-9.829465311866814,-31.05,-14.843902587890623
13:13:41.239052,-0.0,-9.829465311866814,-31.05,-14.843902587890623
13:13:41.244154,0.00107,-10.38833372006994,-29.79,-15.850524902343748
13:13:41.249116,0.00107,-10.38833372006994,-29.79,-15.850524902343748
13:13:41.254061,0.00107,-10.38833372006994,-29.79,-15.850524902343748
13:13:41.259064,0.00107,-10.38833372006994,-29.79,-15.850524902343748
13:13:41.264086,0.00107,-10.38833372006994,-29.79,-15.850524902343748
13:13:41.269067,0.00107,-10.38833372006994,-29.79,-15.850524902343748
13:13:41.274474,0.00642,-11.538922709327752,-31.002,-16.761016845703125
13:13:41.279064,0.00642,-11.538922709327752,-31.002,-16.761016845703125
13:13:41.284034,0.00642,-11.538922709327752,-31.002,-16.761016845703125
13:13:41.289072,0.00642,-11.538922709327752,-31.002,-16.761016845703125
13:13:41.294086,0.00642,-11.538922709327752,-31.002,-16.761016845703125
13:13:41.299057,0.00642,-11.538922709327752,-31.002,-16.761016845703125
13:13:41.304082,0.00642,-11.538922709327752,-31.002,-16.761016845703125
13:13:41.309082,-0.0,-10.958142680030877,-30.012,-17.736053466796875
13:13:41.314056,-0.0,-10.958142680030877,-30.012,-17.736053466796875
13:13:41.319063,-0.0,-10.958142680030877,-30.012,-17.736053466796875
13:13:41.324145,-0.0,-10.958142680030877,-30.012,-17.736053466796875
13:13:41.329046,-0.0,-10.958142680030877,-30.012,-17.736053466796875
13:13:41.334053,-0.0,-10.958142680030877,-30.012,-17.736053466796875
13:13:41.339197,0.00321,-11.23757688413244,-30.834,-18.6822509765625
13:13:41.344106,0.00321,-11.23757688413244,-30.834,-18.6822509765625
13:13:41.349049,0.00321,-11.23757688413244,-30.834,-18.6822509765625
13:13:41.354092,0.00321,-11.23757688413244,-30.834,-18.6822509765625
13:13:41.359059,0.00321,-11.23757688413244,-30.834,-18.6822509765625
13:13:41.364069,0.00321,-11.23757688413244,-30.834,-18.6822509765625
13:13:41.369094,0.00321,-11.23757688413244,-30.834,-18.6822509765625
13:13:41.374064,0.00642,-11.823819559913687,-30.396,-19.68475341796875
13:13:41.379053,0.00642,-11.823819559913687,-30.396,-19.68475341796875
13:13:41.384053,0.00642,-11.823819559913687,-30.396,-19.68475341796875
13:13:41.389046,0.00642,-11.823819559913687,-30.396,-19.68475341796875
13:13:41.394086,0.00642,-11.823819559913687,-30.396,-19.68475341796875
13:13:41.399088,0.00642,-11.823819559913687,-30.396,-19.68475341796875
13:13:41.404139,0.02782,-13.36343137631994,-31.44,-20.66390991210937
13:13:41.409068,0.02782,-13.36343137631994,-31.44,-20.66390991210937
13:13:41.414090,0.02782,-13.36343137631994,-31.44,-20.66390991210937
13:13:41.419161,0.02782,-13.36343137631994,-31.44,-20.66390991210937
13:13:41.424059,0.02782,-13.36343137631994,-31.44,-20.66390991210937
13:13:41.429050,0.02782,-13.36343137631994,-31.44,-20.66390991210937
13:13:41.434055,0.02782,-13.36343137631994,-31.44,-20.66390991210937
13:13:41.439120,0.02033,-14.875623148780877,-30.15,-21.658859252929688
13:13:41.444098,0.02033,-14.875623148780877,-30.15,-21.658859252929688
13:13:41.449068,0.02033,-14.875623148780877,-30.15,-21.658859252929688
13:13:41.454062,0.02033,-14.875623148780877,-30.15,-21.658859252929688
13:13:41.459081,0.02033,-14.875623148780877,-30.15,-21.658859252929688
13:13:41.464085,0.02033,-14.875623148780877,-30.15,-21.658859252929688
13:13:41.469070,0.03638,-14.766049784523064,-31.032,-22.613296508789062
13:13:41.474061,0.03638,-14.766049784523064,-31.032,-22.613296508789062
13:13:41.479062,0.03638,-14.766049784523064,-31.032,-22.613296508789062
13:13:41.484086,0.03638,-14.766049784523064,-31.032,-22.613296508789062
13:13:41.489066,0.03638,-14.766049784523064,-31.032,-22.613296508789062
13:13:41.494087,0.03638,-14.766049784523064,-31.032,-22.613296508789062
13:13:41.499101,0.03638,-14.766049784523064,-31.032,-22.613296508789062
13:13:41.504101,0.02354,-15.445447367530877,-30.888,-23.57460021972656
13:13:41.509061,0.02354,-15.445447367530877,-30.888,-23.57460021972656
13:13:41.514045,0.02354,-15.445447367530877,-30.888,-23.57460021972656
13:13:41.519118,0.02354,-15.445447367530877,-30.888,-23.57460021972656
13:13:41.524040,0.02354,-15.445447367530877,-30.888,-23.57460021972656
13:13:41.529030,0.02354,-15.445447367530877,-30.888,-23.57460021972656
13:13:41.534137,0.02675,-14.574277323585564,-30.834,-24.536590576171875
13:13:41.539063,0.02675,-14.574277323585564,-30.834,-24.536590576171875
13:13:41.544104,0.02675,-14.574277323585564,-30.834,-24.536590576171875
13:13:41.549062,0.02675,-14.574277323585564,-30.834,-24.536590576171875
13:13:41.554058,0.02675,-14.574277323585564,-30.834,-24.536590576171875
13:13:41.559056,0.02675,-14.574277323585564,-30.834,-24.536590576171875
13:13:41.564068,0.02675,-14.574277323585564,-30.834,-24.536590576171875
13:13:41.569143,0.04173,-16.34400693784338,-31.686,-25.5487060546875
13:13:41.574096,0.04173,-16.34400693784338,-31.686,-25.5487060546875
13:13:41.579050,0.04173,-16.34400693784338,-31.686,-25.5487060546875
13:13:41.584066,0.04173,-16.34400693784338,-31.686,-25.5487060546875
13:13:41.589100,0.04173,-16.34400693784338,-31.686,-25.5487060546875
13:13:41.594071,0.04173,-16.34400693784338,-31.686,-25.5487060546875
13:13:41.599126,0.05136,-17.02338926206213,-30.012,-26.561508178710938
13:13:41.604093,0.05136,-17.02338926206213,-30.012,-26.561508178710938
13:13:41.609053,0.05136,-17.02338926206213,-30.012,-26.561508178710938
13:13:41.614041,0.05136,-17.02338926206213,-30.012,-26.561508178710938
13:13:41.619134,0.05136,-17.02338926206213,-30.012,-26.561508178710938
13:13:41.624057,0.05136,-17.02338926206213,-30.012,-26.561508178710938
13:13:41.629073,0.05136,-17.02338926206213,-30.012,-26.561508178710938
13:13:41.634136,0.05671,-18.60134641538244,-30.336,-27.53379821777344
13:13:41.639065,0.05671,-18.60134641538244,-30.336,-27.53379821777344
13:13:41.644110,0.05671,-18.60134641538244,-30.336,-27.53379821777344
13:13:41.649067,0.05671,-18.60134641538244,-30.336,-27.53379821777344
13:13:41.654071,0.05671,-18.60134641538244,-30.336,-27.53379821777344
13:13:41.659065,0.05671,-18.60134641538244,-30.336,-27.53379821777344
13:13:41.664454,0.05778,-18.60134641538244,-30.09,-28.45664978027344
13:13:41.669069,0.05778,-18.14111081967932,-30.09,-28.45664978027344
13:13:41.674061,0.05778,-18.14111081967932,-30.09,-28.45664978027344
13:13:41.679070,0.05778,-18.14111081967932,-30.09,-28.45664978027344
13:13:41.684046,0.05778,-18.14111081967932,-30.09,-28.45664978027344
13:13:41.689057,0.05778,-18.14111081967932,-30.09,-28.45664978027344
13:13:41.694053,0.05778,-18.14111081967932,-30.09,-28.45664978027344
13:13:41.699117,0.05671,-18.29452268491369,-31.386,-29.42344665527344
13:13:41.704072,0.05671,-18.29452268491369,-31.386,-29.42344665527344
13:13:41.709063,0.05671,-18.29452268491369,-31.386,-29.42344665527344
13:13:41.714093,0.05671,-18.29452268491369,-31.386,-29.42344665527344
13:13:41.719152,0.05671,-18.29452268491369,-31.386,-29.42344665527344
13:13:41.724057,0.05671,-18.29452268491369,-31.386,-29.42344665527344
13:13:41.729090,0.04922,-18.56300107846838,-30.504,-30.380630493164062
13:13:41.734097,0.04922,-18.56300107846838,-30.504,-30.380630493164062
13:13:41.739065,0.04922,-18.56300107846838,-30.504,-30.380630493164062
13:13:41.744103,0.04922,-18.56300107846838,-30.504,-30.380630493164062
13:13:41.749064,0.04922,-18.56300107846838,-30.504,-30.380630493164062
13:13:41.754088,0.04922,-18.56300107846838,-30.504,-30.380630493164062
13:13:41.759086,0.04922,-18.56300107846838,-30.504,-30.380630493164062
13:13:41.764103,0.07597,-19.60400144467932,-31.248,-31.409912109375004
13:13:41.769056,0.07597,-19.60400144467932,-31.248,-31.409912109375004
13:13:41.774059,0.07597,-19.60400144467932,-31.248,-31.409912109375004
13:13:41.779054,0.07597,-19.60400144467932,-31.248,-31.409912109375004
13:13:41.784069,0.07597,-19.60400144467932,-31.248,-31.409912109375004
13:13:41.789089,0.07597,-19.60400144467932,-31.248,-31.409912109375004
13:13:41.794426,0.0856,-21.499738139015253,-30.282,-32.37602233886719
13:13:41.799071,0.0856,-21.499738139015253,-30.282,-32.37602233886719
13:13:41.804040,0.0856,-21.499738139015253,-30.282,-32.37602233886719
13:13:41.809085,0.0856,-21.499738139015253,-30.282,-32.37602233886719
13:13:41.814086,0.0856,-21.499738139015253,-30.282,-32.37602233886719
13:13:41.819166,0.0856,-21.499738139015253,-30.282,-32.37602233886719
13:13:41.824055,0.0856,-21.499738139015253,-30.282,-32.37602233886719
13:13:41.829132,0.09095,-21.23127500424963,-30.726000000000003,-33.380584716796875
13:13:41.834072,0.09095,-21.23127500424963,-30.726000000000003,-33.380584716796875
13:13:41.839058,0.09095,-21.23127500424963,-30.726000000000003,-33.380584716796875
13:13:41.844054,0.09095,-21.23127500424963,-30.726000000000003,-33.380584716796875
13:13:41.849099,0.09095,-21.23127500424963,-30.726000000000003,-33.380584716796875
13:13:41.854057,0.09095,-21.23127500424963,-30.726000000000003,-33.380584716796875
13:13:41.859173,0.08025,-21.23127500424963,-30.341999999999995,-34.2828369140625
13:13:41.864088,0.08025,-22.091473978859003,-30.341999999999995,-34.2828369140625
13:13:41.869046,0.08025,-22.091473978859003,-30.341999999999995,-34.2828369140625
13:13:41.874087,0.08025,-22.091473978859003,-30.341999999999995,-34.2828369140625
13:13:41.879072,0.08025,-22.091473978859003,-30.341999999999995,-34.2828369140625
13:13:41.884070,0.08025,-22.091473978859003,-30.341999999999995,-34.2828369140625
13:13:41.889114,0.08025,-22.091473978859003,-30.341999999999995,-34.2828369140625
13:13:41.894343,0.0738299999999999,-20.80938474546057,-29.928,-35.26542663574219
13:13:41.899286,0.0738299999999999,-20.80938474546057,-29.928,-35.26542663574219
13:13:41.904431,0.0738299999999999,-20.80938474546057,-29.928,-35.26542663574219
13:13:41.909448,0.0738299999999999,-20.80938474546057,-29.928,-35.26542663574219
13:13:41.914383,0.0738299999999999,-20.80938474546057,-29.928,-35.26542663574219
13:13:41.919312,0.0738299999999999,-20.80938474546057,-29.928,-35.26542663574219
13:13:41.924165,0.08774,-22.31063596616369,-31.302,-36.22673034667969
13:13:41.929041,0.08774,-22.31063596616369,-31.302,-36.22673034667969
13:13:41.934057,0.08774,-22.31063596616369,-31.302,-36.22673034667969
13:13:41.939091,0.08774,-22.31063596616369,-31.302,-36.22673034667969
13:13:41.944124,0.08774,-22.31063596616369,-31.302,-36.22673034667969
13:13:41.949066,0.08774,-22.31063596616369,-31.302,-36.22673034667969
13:13:41.954060,0.08774,-22.31063596616369,-31.302,-36.22673034667969
13:13:41.959107,0.10379,-23.192746561866816,-30.804,-37.27043151855469
13:13:41.964064,0.10379,-23.192746561866816,-30.804,-37.27043151855469
13:13:41.969156,0.10379,-23.192746561866816,-30.804,-37.27043151855469
13:13:41.974054,0.10379,-23.192746561866816,-30.804,-37.27043151855469
13:13:41.979068,0.10379,-23.192746561866816,-30.804,-37.27043151855469
13:13:41.984066,0.10379,-23.192746561866816,-30.804,-37.27043151855469
13:13:41.989131,0.10914,-24.82549802671057,-31.218,-38.23173522949219
13:13:41.994065,0.10914,-24.82549802671057,-31.218,-38.23173522949219
13:13:41.999049,0.10914,-24.82549802671057,-31.218,-38.23173522949219
13:13:42.004089,0.10914,-24.82549802671057,-31.218,-38.23173522949219
13:13:42.009072,0.10914,-24.82549802671057,-31.218,-38.23173522949219
13:13:42.014071,0.10914,-24.82549802671057,-31.218,-38.23173522949219
13:13:42.019195,0.10914,-24.82549802671057,-31.218,-38.23173522949219
13:13:42.024091,0.09737,-24.759747904640253,-30.366,-39.2047119140625
13:13:42.029039,0.09737,-24.759747904640253,-30.366,-39.2047119140625
13:13:42.034068,0.09737,-24.759747904640253,-30.366,-39.2047119140625
13:13:42.039059,0.09737,-24.759747904640253,-30.366,-39.2047119140625
13:13:42.044105,0.09737,-24.759747904640253,-30.366,-39.2047119140625
13:13:42.049088,0.09737,-24.759747904640253,-30.366,-39.2047119140625
13:13:42.054137,0.11021,-24.496747416359003,-31.356,-40.14747619628906
13:13:42.059069,0.11021,-24.496747416359003,-31.356,-40.14747619628906
13:13:42.064042,0.11021,-24.496747416359003,-31.356,-40.14747619628906
13:13:42.069071,0.11021,-24.496747416359003,-31.356,-40.14747619628906
13:13:42.074068,0.11021,-24.496747416359003,-31.356,-40.14747619628906
13:13:42.079081,0.11021,-24.496747416359003,-31.356,-40.14747619628906
13:13:42.084106,0.11021,-24.496747416359003,-31.356,-40.14747619628906
13:13:42.089360,0.10272,-24.69399778256994,-30.450000000000003,-41.112213134765625
13:13:42.094263,0.10272,-24.69399778256994,-30.450000000000003,-41.112213134765625
13:13:42.099317,0.10272,-24.69399778256994,-30.450000000000003,-41.112213134765625
13:13:42.104392,0.10272,-24.69399778256994,-30.450000000000003,-41.112213134765625
13:13:42.109320,0.10272,-24.69399778256994,-30.450000000000003,-41.112213134765625
13:13:42.114345,0.10272,-24.69399778256994,-30.450000000000003,-41.112213134765625
13:13:42.119224,0.12091,-24.96246091733557,-31.188,-42.09274291992188
13:13:42.124312,0.12091,-24.96246091733557,-31.188,-42.09274291992188
13:13:42.129371,0.12091,-24.96246091733557,-31.188,-42.09274291992188
13:13:42.134091,0.12091,-24.96246091733557,-31.188,-42.09274291992188
13:13:42.139386,0.12091,-24.96246091733557,-31.188,-42.09274291992188
13:13:42.144337,0.12091,-24.96246091733557,-31.188,-42.09274291992188
13:13:42.149305,0.12091,-24.96246091733557,-31.188,-42.09274291992188
13:13:42.154175,0.11984,-27.36227170835119,-31.002,-43.12408447265625
13:13:42.159085,0.11984,-27.36227170835119,-31.002,-43.12408447265625
13:13:42.164067,0.11984,-27.36227170835119,-31.002,-43.12408447265625
13:13:42.169072,0.11984,-27.36227170835119,-31.002,-43.12408447265625
13:13:42.174072,0.11984,-27.36227170835119,-31.002,-43.12408447265625
13:13:42.179068,0.11984,-27.36227170835119,-31.002,-43.12408447265625
13:13:42.184462,0.13589,-26.973264139991816,-30.534,-44.105987548828125
13:13:42.189398,0.13589,-26.973264139991816,-30.534,-44.105987548828125
13:13:42.194422,0.13589,-26.973264139991816,-30.534,-44.105987548828125
13:13:42.199432,0.13589,-26.973264139991816,-30.534,-44.105987548828125
13:13:42.204428,0.13589,-26.973264139991816,-30.534,-44.105987548828125
13:13:42.209358,0.13589,-26.973264139991816,-30.534,-44.105987548828125
13:13:42.214390,0.13589,-26.973264139991816,-30.534,-44.105987548828125
13:13:42.219354,0.12733,-28.11837522397619,-31.11,-45.05836486816406
13:13:42.224179,0.12733,-28.11837522397619,-31.11,-45.05836486816406
13:13:42.229375,0.12733,-28.11837522397619,-31.11,-45.05836486816406
13:13:42.234383,0.12733,-28.11837522397619,-31.11,-45.05836486816406
13:13:42.239417,0.12733,-28.11837522397619,-31.11,-45.05836486816406
13:13:42.244355,0.12733,-28.11837522397619,-31.11,-45.05836486816406
13:13:42.249274,0.12198,-26.600690287452757,-31.026,-45.987396240234375
13:13:42.254151,0.12198,-26.600690287452757,-31.026,-45.987396240234375
13:13:42.259065,0.12198,-26.600690287452757,-31.026,-45.987396240234375
13:13:42.264071,0.12198,-26.600690287452757,-31.026,-45.987396240234375
13:13:42.269084,0.12198,-26.600690287452757,-31.026,-45.987396240234375
13:13:42.274069,0.12198,-26.600690287452757,-31.026,-45.987396240234375
13:13:42.279065,0.12198,-26.600690287452757,-31.026,-45.987396240234375
13:13:42.284484,0.12412,-27.74032346616369,-31.547999999999995,-46.92741394042969
13:13:42.289109,0.12412,-27.74032346616369,-31.547999999999995,-46.92741394042969
13:13:42.294072,0.12412,-27.74032346616369,-31.547999999999995,-46.92741394042969
13:13:42.299063,0.12412,-27.74032346616369,-31.547999999999995,-46.92741394042969
13:13:42.304090,0.12412,-27.74032346616369,-31.547999999999995,-46.92741394042969
13:13:42.309070,0.12412,-27.74032346616369,-31.547999999999995,-46.92741394042969
13:13:42.314253,0.13589,-28.33753721128088,-30.834,-47.9278564453125
13:13:42.319055,0.13589,-28.33753721128088,-30.834,-47.9278564453125
13:13:42.324062,0.13589,-28.33753721128088,-30.834,-47.9278564453125
13:13:42.329150,0.13589,-28.33753721128088,-30.834,-47.9278564453125
13:13:42.334054,0.13589,-28.33753721128088,-30.834,-47.9278564453125
13:13:42.339054,0.13589,-28.33753721128088,-30.834,-47.9278564453125
13:13:42.344135,0.13589,-28.33753721128088,-30.834,-47.9278564453125
13:13:42.349115,0.15194,-30.10725156674963,-30.864000000000004,-48.94065856933594
13:13:42.354089,0.15194,-30.10725156674963,-30.864000000000004,-48.94065856933594
13:13:42.359067,0.15194,-30.10725156674963,-30.864000000000004,-48.94065856933594
13:13:42.364101,0.15194,-30.10725156674963,-30.864000000000004,-48.94065856933594
13:13:42.369066,0.15194,-30.10725156674963,-30.864000000000004,-48.94065856933594
13:13:42.374069,0.15194,-30.10725156674963,-30.864000000000004,-48.94065856933594
13:13:42.379137,0.16264,-30.22230283628088,-30.144,-49.90402221679688
13:13:42.384083,0.16264,-30.22230283628088,-30.144,-49.90402221679688
13:13:42.389064,0.16264,-30.22230283628088,-30.144,-49.90402221679688
13:13:42.394059,0.16264,-30.22230283628088,-30.144,-49.90402221679688
13:13:42.399072,0.16264,-30.22230283628088,-30.144,-49.90402221679688
13:13:42.404088,0.16264,-30.22230283628088,-30.144,-49.90402221679688
13:13:42.409349,0.16264,-30.22230283628088,-30.144,-49.90402221679688
13:13:42.414108,0.1476599999999999,-29.948361796241816,-31.164000000000005,-50.85090637207031
13:13:42.419097,0.1476599999999999,-29.948361796241816,-31.164000000000005,-50.85090637207031
13:13:42.424063,0.1476599999999999,-29.948361796241816,-31.164000000000005,-50.85090637207031
13:13:42.429058,0.1476599999999999,-29.948361796241816,-31.164000000000005,-50.85090637207031
13:13:42.434065,0.1476599999999999,-29.948361796241816,-31.164000000000005,-50.85090637207031
13:13:42.439145,0.1476599999999999,-29.948361796241816,-31.164000000000005,-50.85090637207031
13:13:42.444109,0.14445,-29.95931760678869,-31.194000000000003,-51.78268432617188
13:13:42.449065,0.14445,-29.95931760678869,-31.194000000000003,-51.78268432617188
13:13:42.454064,0.14445,-29.95931760678869,-31.194000000000003,-51.78268432617188
13:13:42.459054,0.14445,-29.95931760678869,-31.194000000000003,-51.78268432617188
13:13:42.464086,0.14445,-29.95931760678869,-31.194000000000003,-51.78268432617188
13:13:42.469085,0.14445,-29.95931760678869,-31.194000000000003,-51.78268432617188
13:13:42.474116,0.14445,-29.95931760678869,-31.194000000000003,-51.78268432617188
13:13:42.479068,0.14873,-29.641538065773062,-31.11,-52.76252746582031
13:13:42.484095,0.14873,-29.641538065773062,-31.11,-52.76252746582031
13:13:42.489083,0.14873,-29.641538065773062,-31.11,-52.76252746582031
13:13:42.494068,0.14873,-29.641538065773062,-31.11,-52.76252746582031
13:13:42.499107,0.14873,-29.641538065773062,-31.11,-52.76252746582031
13:13:42.504419,0.14873,-29.641538065773062,-31.11,-52.76252746582031
13:13:42.509205,0.17013,-31.99201719174963,-31.632,-53.734130859375
13:13:42.514087,0.17013,-31.99201719174963,-31.632,-53.734130859375
13:13:42.519083,0.17013,-31.99201719174963,-31.632,-53.734130859375
13:13:42.524061,0.17013,-31.99201719174963,-31.632,-53.734130859375
13:13:42.529062,0.17013,-31.99201719174963,-31.632,-53.734130859375
13:13:42.534099,0.17013,-31.99201719174963,-31.632,-53.734130859375
13:13:42.539712,0.17548,-31.937238139015253,-30.48,-54.78401184082031
13:13:42.544098,0.17548,-31.937238139015253,-30.48,-54.78401184082031
13:13:42.549056,0.17548,-31.937238139015253,-30.48,-54.78401184082031
13:13:42.554066,0.17548,-31.937238139015253,-30.48,-54.78401184082031
13:13:42.559056,0.17548,-31.937238139015253,-30.48,-54.78401184082031
13:13:42.564086,0.17548,-31.937238139015253,-30.48,-54.78401184082031
13:13:42.569148,0.17548,-31.937238139015253,-30.48,-54.78401184082031
13:13:42.574082,0.16799,-33.07139341245275,-30.228,-55.7171630859375
13:13:42.579061,0.16799,-33.07139341245275,-30.228,-55.7171630859375
13:13:42.584058,0.16799,-33.07139341245275,-30.228,-55.7171630859375
13:13:42.589094,0.16799,-33.07139341245275,-30.228,-55.7171630859375
13:13:42.594085,0.16799,-33.07139341245275,-30.228,-55.7171630859375
13:13:42.599067,0.16799,-33.07139341245275,-30.228,-55.7171630859375
13:13:42.604607,0.15943,-31.48248044858557,-30.366,-56.68876647949219
13:13:42.609294,0.15943,-31.48248044858557,-30.366,-56.68876647949219
13:13:42.614149,0.15943,-31.48248044858557,-30.366,-56.68876647949219
13:13:42.619356,0.15943,-31.48248044858557,-30.366,-56.68876647949219
13:13:42.624417,0.15943,-31.48248044858557,-30.366,-56.68876647949219
13:13:42.629414,0.15943,-31.48248044858557,-30.366,-56.68876647949219
13:13:42.634423,0.15943,-31.48248044858557,-30.366,-56.68876647949219
13:13:42.639454,0.17013,-32.31528989682775,-30.336,-57.60475158691406
13:13:42.644261,0.17013,-32.31528989682775,-30.336,-57.60475158691406
13:13:42.649067,0.17013,-32.31528989682775,-30.336,-57.60475158691406
13:13:42.654066,0.17013,-32.31528989682775,-30.336,-57.60475158691406
13:13:42.659086,0.17013,-32.31528989682775,-30.336,-57.60475158691406
13:13:42.664063,0.17013,-32.31528989682775,-30.336,-57.60475158691406
13:13:42.669137,0.17013,-32.31528989682775,-30.336,-57.60475158691406
13:13:42.674051,0.16799,-32.47417966733556,-31.026,-58.5955810546875
13:13:42.679062,0.16799,-32.47417966733556,-31.026,-58.5955810546875
13:13:42.684071,0.16799,-32.47417966733556,-31.026,-58.5955810546875
13:13:42.689070,0.16799,-32.47417966733556,-31.026,-58.5955810546875
13:13:42.694067,0.16799,-32.47417966733556,-31.026,-58.5955810546875
13:13:42.699483,0.16799,-32.47417966733556,-31.026,-58.5955810546875
13:13:42.704214,0.18725,-34.05212156186681,-31.188,-59.65438842773438
13:13:42.709465,0.18725,-34.05212156186681,-31.188,-59.65438842773438
13:13:42.714460,0.18725,-34.05212156186681,-31.188,-59.65438842773438
13:13:42.719446,0.18725,-34.05212156186681,-31.188,-59.65438842773438
13:13:42.724481,0.18725,-34.05212156186681,-31.188,-59.65438842773438
13:13:42.729382,0.18725,-34.05212156186681,-31.188,-59.65438842773438
13:13:42.734850,0.18832,-34.05212156186681,-29.958,-60.62805175781251
13:13:42.739355,0.18832,-34.51235715756994,-29.958,-60.62805175781251
13:13:42.744391,0.18832,-34.51235715756994,-29.958,-60.62805175781251
13:13:42.749332,0.18832,-34.51235715756994,-29.958,-60.62805175781251
13:13:42.754421,0.18832,-34.51235715756994,-29.958,-60.62805175781251
13:13:42.759149,0.18832,-34.51235715756994,-29.958,-60.62805175781251
13:13:42.764457,0.18832,-34.51235715756994,-29.958,-60.62805175781251
13:13:42.769392,0.18939,-34.07952634702306,-30.804,-61.59759521484375
13:13:42.774339,0.18939,-34.07952634702306,-30.804,-61.59759521484375
13:13:42.779303,0.18939,-34.07952634702306,-30.804,-61.59759521484375
13:13:42.784374,0.18939,-34.07952634702306,-30.804,-61.59759521484375
13:13:42.789072,0.18939,-34.07952634702306,-30.804,-61.59759521484375
13:13:42.794100,0.18939,-34.07952634702306,-30.804,-61.59759521484375
13:13:42.800293,0.18725,-34.24937192807775,-30.18,-62.52799987792969
13:13:42.804283,0.18725,-34.24937192807775,-30.18,-62.52799987792969
13:13:42.809384,0.18725,-34.24937192807775,-30.18,-62.52799987792969
13:13:42.814399,0.18725,-34.24937192807775,-30.18,-62.52799987792969
13:13:42.819447,0.18725,-34.24937192807775,-30.18,-62.52799987792969
13:13:42.824381,0.18725,-34.24937192807775,-30.18,-62.52799987792969
13:13:42.829289,0.18725,-34.24937192807775,-30.18,-62.52799987792969
13:13:42.834327,0.17227,-33.44944517026525,-30.450000000000003,-63.46595764160157
13:13:42.839259,0.17227,-33.44944517026525,-30.450000000000003,-63.46595764160157
13:13:42.844336,0.17227,-33.44944517026525,-30.450000000000003,-63.46595764160157
13:13:42.849412,0.17227,-33.44944517026525,-30.450000000000003,-63.46595764160157
13:13:42.854341,0.17227,-33.44944517026525,-30.450000000000003,-63.46595764160157
13:13:42.859276,0.17227,-33.44944517026525,-30.450000000000003,-63.46595764160157
13:13:42.864779,0.18404,-35.515027445655875,-31.194000000000003,-64.45404052734375
13:13:42.869120,0.18404,-35.515027445655875,-31.194000000000003,-64.45404052734375
13:13:42.874069,0.18404,-35.515027445655875,-31.194000000000003,-64.45404052734375
13:13:42.879063,0.18404,-35.515027445655875,-31.194000000000003,-64.45404052734375
13:13:42.884056,0.18404,-35.515027445655875,-31.194000000000003,-64.45404052734375
13:13:42.889113,0.18404,-35.515027445655875,-31.194000000000003,-64.45404052734375
13:13:42.894065,0.18404,-35.515027445655875,-31.194000000000003,-64.45404052734375
13:13:42.899111,0.19367,-35.32873288999181,-30.642,-65.5169677734375
13:13:42.904062,0.19367,-35.32873288999181,-30.642,-65.5169677734375
13:13:42.909069,0.19367,-35.32873288999181,-30.642,-65.5169677734375
13:13:42.914082,0.19367,-35.32873288999181,-30.642,-65.5169677734375
13:13:42.919071,0.19367,-35.32873288999181,-30.642,-65.5169677734375
13:13:42.924067,0.19367,-35.32873288999181,-30.642,-65.5169677734375
13:13:42.929307,0.19367,-35.32873288999181,-30.642,-65.5169677734375
13:13:42.934377,0.20009,-36.64916746030431,-31.188,-66.48582458496094
13:13:42.939413,0.20009,-36.64916746030431,-31.188,-66.48582458496094
13:13:42.944423,0.20009,-36.64916746030431,-31.188,-66.48582458496094
13:13:42.949366,0.20009,-36.64916746030431,-31.188,-66.48582458496094
13:13:42.954316,0.20009,-36.64916746030431,-31.188,-66.48582458496094
13:13:42.959403,0.20009,-36.64916746030431,-31.188,-66.48582458496094
13:13:42.964223,0.18939,-35.14793149839025,-30.672,-67.43682861328125
13:13:42.969099,0.18939,-35.14793149839025,-30.672,-67.43682861328125
13:13:42.974063,0.18939,-35.14793149839025,-30.672,-67.43682861328125
13:13:42.979089,0.18939,-35.14793149839025,-30.672,-67.43682861328125
13:13:42.984120,0.18939,-35.14793149839025,-30.672,-67.43682861328125
13:13:42.989070,0.18939,-35.14793149839025,-30.672,-67.43682861328125
13:13:42.994085,0.18939,-35.14793149839025,-30.672,-67.43682861328125
13:13:42.999126,0.18511,-35.88760129819494,-30.558,-68.3953857421875
13:13:43.004062,0.18511,-35.88760129819494,-30.558,-68.3953857421875
13:13:43.009064,0.18511,-35.88760129819494,-30.558,-68.3953857421875
13:13:43.014062,0.18511,-35.88760129819494,-30.558,-68.3953857421875
13:13:43.019072,0.18511,-35.88760129819494,-30.558,-68.3953857421875
13:13:43.024086,0.18511,-35.88760129819494,-30.558,-68.3953857421875
13:13:43.029213,0.19367,-35.59173337827306,-31.002,-69.35050964355469
13:13:43.034061,0.19367,-35.59173337827306,-31.002,-69.35050964355469
13:13:43.039070,0.19367,-35.59173337827306,-31.002,-69.35050964355469
13:13:43.044097,0.19367,-35.59173337827306,-31.002,-69.35050964355469
13:13:43.049082,0.19367,-35.59173337827306,-31.002,-69.35050964355469
13:13:43.054071,0.19367,-35.59173337827306,-31.002,-69.35050964355469
13:13:43.059508,0.19367,-35.59173337827306,-31.002,-69.35050964355469
13:13:43.064263,0.20544,-36.64368955503088,-31.326,-70.36125183105469
13:13:43.069374,0.20544,-36.64368955503088,-31.326,-70.36125183105469
13:13:43.074389,0.20544,-36.64368955503088,-31.326,-70.36125183105469
13:13:43.079403,0.20544,-36.64368955503088,-31.326,-70.36125183105469
13:13:43.084399,0.20544,-36.64368955503088,-31.326,-70.36125183105469
13:13:43.089399,0.20544,-36.64368955503088,-31.326,-70.36125183105469
13:13:43.094228,0.21721,-37.5806097210465,-30.504,-71.35002136230469
13:13:43.099364,0.21721,-37.5806097210465,-30.504,-71.35002136230469
13:13:43.104367,0.21721,-37.5806097210465,-30.504,-71.35002136230469
13:13:43.109410,0.21721,-37.5806097210465,-30.504,-71.35002136230469
13:13:43.114418,0.21721,-37.5806097210465,-30.504,-71.35002136230469
13:13:43.119388,0.21721,-37.5806097210465,-30.504,-71.35002136230469
13:13:43.124414,0.21721,-37.5806097210465,-30.504,-71.35002136230469
13:13:43.129340,0.21186,-36.99435178647619,-30.258,-72.36076354980469
13:13:43.134387,0.21186,-36.99435178647619,-30.258,-72.36076354980469
13:13:43.139137,0.21186,-36.99435178647619,-30.258,-72.36076354980469
13:13:43.144083,0.21186,-36.99435178647619,-30.258,-72.36076354980469
13:13:43.149087,0.21186,-36.99435178647619,-30.258,-72.36076354980469
13:13:43.154088,0.21186,-36.99435178647619,-30.258,-72.36076354980469
13:13:43.159120,0.19153,-37.4819769085465,-30.450000000000003,-73.27743530273438
13:13:43.164213,0.19153,-37.4819769085465,-30.450000000000003,-73.27743530273438
13:13:43.169196,0.19153,-37.4819769085465,-30.450000000000003,-73.27743530273438
13:13:43.174100,0.19153,-37.4819769085465,-30.450000000000003,-73.27743530273438
13:13:43.179061,0.19153,-37.4819769085465,-30.450000000000003,-73.27743530273438
13:13:43.184067,0.19153,-37.4819769085465,-30.450000000000003,-73.27743530273438
13:13:43.189221,0.19153,-37.4819769085465,-30.450000000000003,-73.27743530273438
13:13:43.194062,0.19902,-36.17249814878088,-30.864000000000004,-74.234619140625
13:13:43.199060,0.19902,-36.17249814878088,-30.864000000000004,-74.234619140625
13:13:43.204065,0.19902,-36.17249814878088,-30.864000000000004,-74.234619140625
13:13:43.209085,0.19902,-36.17249814878088,-30.864000000000004,-74.234619140625
13:13:43.214086,0.19902,-36.17249814878088,-30.864000000000004,-74.234619140625
13:13:43.219072,0.19902,-36.17249814878088,-30.864000000000004,-74.234619140625
13:13:43.224110,0.20544,-37.88743345151525,-32.154,-75.201416015625
13:13:43.229414,0.20544,-37.88743345151525,-32.154,-75.201416015625
13:13:43.234393,0.20544,-37.88743345151525,-32.154,-75.201416015625
13:13:43.239435,0.20544,-37.88743345151525,-32.154,-75.201416015625
13:13:43.244367,0.20544,-37.88743345151525,-32.154,-75.201416015625
13:13:43.249379,0.20544,-37.88743345151525,-32.154,-75.201416015625
13:13:43.254415,0.20544,-37.88743345151525,-32.154,-75.201416015625
13:13:43.259351,0.20651,-37.31213132749181,-30.696,-76.18675231933594
13:13:43.264361,0.20651,-37.31213132749181,-30.696,-76.18675231933594
13:13:43.269411,0.20651,-37.31213132749181,-30.696,-76.18675231933594
13:13:43.274416,0.20651,-37.31213132749181,-30.696,-76.18675231933594
13:13:43.279445,0.20651,-37.31213132749181,-30.696,-76.18675231933594
13:13:43.284456,0.20651,-37.31213132749181,-30.696,-76.18675231933594
13:13:43.289390,0.21935,-39.005139750343375,-31.05,-77.17689514160156
13:13:43.294069,0.21935,-39.005139750343375,-31.05,-77.17689514160156
13:13:43.299066,0.21935,-39.005139750343375,-31.05,-77.17689514160156
13:13:43.304096,0.21935,-39.005139750343375,-31.05,-77.17689514160156
13:13:43.309071,0.21935,-39.005139750343375,-31.05,-77.17689514160156
13:13:43.314434,0.21935,-39.005139750343375,-31.05,-77.17689514160156
13:13:43.320366,0.20544,-37.44363157163244,-30.48,-78.16291809082031
13:13:43.324322,0.20544,-37.44363157163244,-30.48,-78.16291809082031
13:13:43.329414,0.20544,-37.44363157163244,-30.48,-78.16291809082031
13:13:43.334316,0.20544,-37.44363157163244,-30.48,-78.16291809082031
13:13:43.339327,0.20544,-37.44363157163244,-30.48,-78.16291809082031
13:13:43.344288,0.20544,-37.44363157163244,-30.48,-78.16291809082031
13:13:43.349276,0.20544,-37.44363157163244,-30.48,-78.16291809082031
13:13:43.354243,0.21721,-38.095624369484,-30.558,-79.10087585449219
13:13:43.359233,0.21721,-38.095624369484,-30.558,-79.10087585449219
13:13:43.364237,0.21721,-38.095624369484,-30.558,-79.10087585449219
13:13:43.369272,0.21721,-38.095624369484,-30.558,-79.10087585449219
13:13:43.374321,0.21721,-38.095624369484,-30.558,-79.10087585449219
13:13:43.379322,0.21721,-38.095624369484,-30.558,-79.10087585449219
13:13:43.384224,0.21079,-37.59704343686681,-30.918000000000003,-80.06973266601562
13:13:43.389293,0.21079,-37.59704343686681,-30.918000000000003,-80.06973266601562
13:13:43.394378,0.21079,-37.59704343686681,-30.918000000000003,-80.06973266601562
13:13:43.399340,0.21079,-37.59704343686681,-30.918000000000003,-80.06973266601562
13:13:43.404435,0.21079,-37.59704343686681,-30.918000000000003,-80.06973266601562
13:13:43.409332,0.21079,-37.59704343686681,-30.918000000000003,-80.06973266601562
13:13:43.414421,0.21079,-37.59704343686681,-30.918000000000003,-80.06973266601562
13:13:43.419342,0.21079,-38.0518011272965,-31.271999999999995,-81.01181030273438
13:13:43.424243,0.21079,-38.0518011272965,-31.271999999999995,-81.01181030273438
13:13:43.429092,0.21079,-38.0518011272965,-31.271999999999995,-81.01181030273438
13:13:43.434115,0.21079,-38.0518011272965,-31.271999999999995,-81.01181030273438
13:13:43.439059,0.21079,-38.0518011272965,-31.271999999999995,-81.01181030273438
13:13:43.444071,0.21079,-38.0518011272965,-31.271999999999995,-81.01181030273438
13:13:43.449818,0.21828,-39.08184568296056,-30.341999999999995,-82.01774597167969
13:13:43.454312,0.21828,-39.08184568296056,-30.341999999999995,-82.01774597167969
13:13:43.459367,0.21828,-39.08184568296056,-30.341999999999995,-82.01774597167969
13:13:43.464362,0.21828,-39.08184568296056,-30.341999999999995,-82.01774597167969
13:13:43.469346,0.21828,-39.08184568296056,-30.341999999999995,-82.01774597167969
13:13:43.474373,0.21828,-39.08184568296056,-30.341999999999995,-82.01774597167969
13:13:43.479389,0.21828,-39.08184568296056,-30.341999999999995,-82.01774597167969
13:13:43.484360,0.2247,-38.72572080503088,-30.096000000000004,-83.04222106933594
13:13:43.489363,0.2247,-38.72572080503088,-30.096000000000004,-83.04222106933594
13:13:43.494398,0.2247,-38.72572080503088,-30.096000000000004,-83.04222106933594
13:13:43.499399,0.2247,-38.72572080503088,-30.096000000000004,-83.04222106933594
13:13:43.504346,0.2247,-38.72572080503088,-30.096000000000004,-83.04222106933594
13:13:43.509360,0.2247,-38.72572080503088,-30.096000000000004,-83.04222106933594
13:13:43.514419,0.2247,-38.72572080503088,-30.096000000000004,-83.04222106933594
13:13:43.519373,0.22898,-39.42703000913244,-29.544000000000004,-83.99734497070312
13:13:43.524360,0.22898,-39.42703000913244,-29.544000000000004,-83.99734497070312
13:13:43.529402,0.22898,-39.42703000913244,-29.544000000000004,-83.99734497070312
13:13:43.534386,0.22898,-39.42703000913244,-29.544000000000004,-83.99734497070312
13:13:43.539393,0.22898,-39.42703000913244,-29.544000000000004,-83.99734497070312
13:13:43.544386,0.22898,-39.42703000913244,-29.544000000000004,-83.99734497070312
13:13:43.549409,0.214,-38.013440531593375,-29.682,-84.95384216308594
13:13:43.554388,0.214,-38.013440531593375,-29.682,-84.95384216308594
13:13:43.559343,0.214,-38.013440531593375,-29.682,-84.95384216308594
13:13:43.564369,0.214,-38.013440531593375,-29.682,-84.95384216308594
13:13:43.569381,0.214,-38.013440531593375,-29.682,-84.95384216308594
13:13:43.574391,0.214,-38.013440531593375,-29.682,-84.95384216308594
13:13:43.579587,0.214,-38.013440531593375,-29.682,-84.95384216308594
13:13:43.584351,0.22149,-40.05711118589025,-28.968,-85.86227416992188
13:13:43.589411,0.22149,-40.05711118589025,-28.968,-85.86227416992188
13:13:43.594394,0.22149,-40.05711118589025,-28.968,-85.86227416992188
13:13:43.599399,0.22149,-40.05711118589025,-28.968,-85.86227416992188
13:13:43.604388,0.22149,-40.05711118589025,-28.968,-85.86227416992188
13:13:43.609399,0.22149,-40.05711118589025,-28.968,-85.86227416992188
13:13:43.614395,0.23326,-38.4736761272965,-28.284,-86.80091857910156
13:13:43.619399,0.23326,-38.4736761272965,-28.284,-86.80091857910156
13:13:43.624326,0.23326,-38.4736761272965,-28.284,-86.80091857910156
13:13:43.629366,0.23326,-38.4736761272965,-28.284,-86.80091857910156
13:13:43.634393,0.23326,-38.4736761272965,-28.284,-86.80091857910156
13:13:43.639393,0.23326,-38.4736761272965,-28.284,-86.80091857910156
13:13:43.644396,0.23326,-38.4736761272965,-28.284,-86.80091857910156
13:13:43.649373,0.23754,-41.037854594093375,-27.648,-87.69905090332031
13:13:43.654265,0.23754,-41.037854594093375,-27.648,-87.69905090332031
13:13:43.659276,0.23754,-41.037854594093375,-27.648,-87.69905090332031
13:13:43.664364,0.23754,-41.037854594093375,-27.648,-87.69905090332031
13:13:43.669402,0.23754,-41.037854594093375,-27.648,-87.69905090332031
13:13:43.674394,0.23754,-41.037854594093375,-27.648,-87.69905090332031
13:13:43.679373,0.24717,-38.82433835874181,-25.95,-88.582763671875
13:13:43.684373,0.24717,-38.82433835874181,-25.95,-88.582763671875
13:13:43.689392,0.24717,-38.82433835874181,-25.95,-88.582763671875
13:13:43.694403,0.24717,-38.82433835874181,-25.95,-88.582763671875
13:13:43.699384,0.24717,-38.82433835874181,-25.95,-88.582763671875
13:13:43.704431,0.24717,-38.82433835874181,-25.95,-88.582763671875
13:13:43.709418,0.24717,-38.82433835874181,-25.95,-88.582763671875
13:13:43.714188,0.23968,-41.26797239194494,-24.984,-89.4232177734375
13:13:43.719267,0.23968,-41.26797239194494,-24.984,-89.4232177734375
13:13:43.724348,0.23968,-41.26797239194494,-24.984,-89.4232177734375
13:13:43.729313,0.23968,-41.26797239194494,-24.984,-89.4232177734375
13:13:43.734342,0.23968,-41.26797239194494,-24.984,-89.4232177734375
13:13:43.739284,0.23968,-41.26797239194494,-24.984,-89.4232177734375
13:13:43.744266,0.22577,-38.04632322202306,-24.216,-90.17784118652344
13:13:43.749316,0.22577,-38.04632322202306,-24.216,-90.17784118652344
13:13:43.754342,0.22577,-38.04632322202306,-24.216,-90.17784118652344
13:13:43.759319,0.22577,-38.04632322202306,-24.216,-90.17784118652344
13:13:43.764361,0.22577,-38.04632322202306,-24.216,-90.17784118652344
13:13:43.769337,0.22577,-38.04632322202306,-24.216,-90.17784118652344
13:13:43.774269,0.22577,-38.04632322202306,-24.216,-90.17784118652344
13:13:43.779302,0.2247,-41.14195005307775,-23.664,-90.93795776367188
13:13:43.784369,0.2247,-41.14195005307775,-23.664,-90.93795776367188
13:13:43.789406,0.2247,-41.14195005307775,-23.664,-90.93795776367188
13:13:43.794391,0.2247,-41.14195005307775,-23.664,-90.93795776367188
13:13:43.799400,0.2247,-41.14195005307775,-23.664,-90.93795776367188
13:13:43.804342,0.2247,-41.14195005307775,-23.664,-90.93795776367188
13:13:43.809381,0.22898,-37.876477640968375,-23.118,-91.6815948486328
13:13:43.814399,0.22898,-37.876477640968375,-23.118,-91.6815948486328
13:13:43.819404,0.22898,-37.876477640968375,-23.118,-91.6815948486328
13:13:43.824390,0.22898,-37.876477640968375,-23.118,-91.6815948486328
13:13:43.829397,0.22898,-37.876477640968375,-23.118,-91.6815948486328
13:13:43.834340,0.22898,-37.876477640968375,-23.118,-91.6815948486328
13:13:43.839378,0.22898,-37.876477640968375,-23.118,-91.6815948486328
13:13:43.844370,0.2461,-40.2214788616715,-21.996,-92.384033203125
13:13:43.849404,0.2461,-40.2214788616715,-21.996,-92.384033203125
13:13:43.854390,0.2461,-40.2214788616715,-21.996,-92.384033203125
13:13:43.859397,0.2461,-40.2214788616715,-21.996,-92.384033203125
13:13:43.864263,0.2461,-40.2214788616715,-21.996,-92.384033203125
13:13:43.869292,0.2461,-40.2214788616715,-21.996,-92.384033203125
13:13:43.874425,0.25038,-39.38319150815588,-20.784,-93.0878448486328
13:13:43.879422,0.25038,-39.38319150815588,-20.784,-93.0878448486328
13:13:43.884390,0.25038,-39.38319150815588,-20.784,-93.0878448486328
13:13:43.889402,0.25038,-39.38319150815588,-20.784,-93.0878448486328
13:13:43.894404,0.25038,-39.38319150815588,-20.784,-93.0878448486328
13:13:43.899397,0.25038,-39.38319150815588,-20.784,-93.0878448486328
13:13:43.904390,0.25038,-39.38319150815588,-20.784,-93.0878448486328
13:13:43.909399,0.23754,-39.2790960491715,-19.356,-93.7628173828125
13:13:43.914406,0.23754,-39.2790960491715,-19.356,-93.7628173828125
13:13:43.919392,0.23754,-39.2790960491715,-19.356,-93.7628173828125
13:13:43.924458,0.23754,-39.2790960491715,-19.356,-93.7628173828125
13:13:43.929390,0.23754,-39.2790960491715,-19.356,-93.7628173828125
13:13:43.934147,0.23754,-39.2790960491715,-19.356,-93.7628173828125
13:13:43.939472,0.24182,-41.03237668881994,-18.504,-94.3718719482422
13:13:43.944354,0.24182,-41.03237668881994,-18.504,-94.3718719482422
13:13:43.949442,0.24182,-41.03237668881994,-18.504,-94.3718719482422
13:13:43.954384,0.24182,-41.03237668881994,-18.504,-94.3718719482422
13:13:43.959512,0.24182,-41.03237668881994,-18.504,-94.3718719482422
13:13:43.964181,0.24182,-41.03237668881994,-18.504,-94.3718719482422
13:13:43.969265,0.24182,-41.03237668881994,-18.504,-94.3718719482422
13:13:43.974303,0.23754,-38.21069089780431,-17.022000000000002,-94.93629455566406
13:13:43.979400,0.23754,-38.21069089780431,-17.022000000000002,-94.93629455566406
13:13:43.984400,0.23754,-38.21069089780431,-17.022000000000002,-94.93629455566406
13:13:43.989385,0.23754,-38.21069089780431,-17.022000000000002,-94.93629455566406
13:13:43.994424,0.23754,-38.21069089780431,-17.022000000000002,-94.93629455566406
13:13:43.999421,0.23754,-38.21069089780431,-17.022000000000002,-94.93629455566406
13:13:44.004397,0.24075,-38.21069089780431,-16.362000000000002,-95.4718780517578
13:13:44.009385,0.24075,-38.96131650815588,-16.362000000000002,-95.4718780517578
13:13:44.014388,0.24075,-38.96131650815588,-16.362000000000002,-95.4718780517578
13:13:44.019425,0.24075,-38.96131650815588,-16.362000000000002,-95.4718780517578
13:13:44.024363,0.24075,-38.96131650815588,-16.362000000000002,-95.4718780517578
13:13:44.029329,0.24075,-38.96131650815588,-16.362000000000002,-95.4718780517578
13:13:44.034302,0.24075,-38.96131650815588,-16.362000000000002,-95.4718780517578
13:13:44.039264,0.25359,-39.85438291440588,-15.57,-95.97793579101562
13:13:44.044318,0.25359,-39.85438291440588,-15.57,-95.97793579101562
13:13:44.049307,0.25359,-39.85438291440588,-15.57,-95.97793579101562
13:13:44.054398,0.25359,-39.85438291440588,-15.57,-95.97793579101562
13:13:44.059672,0.25359,-39.85438291440588,-15.57,-95.97793579101562
13:13:44.064410,0.25359,-39.85438291440588,-15.57,-95.97793579101562
13:13:44.070414,0.23647,-39.607831400734,-14.856000000000002,-96.45240783691406
13:13:44.074668,0.23647,-39.607831400734,-14.856000000000002,-96.45240783691406
13:13:44.079425,0.23647,-39.607831400734,-14.856000000000002,-96.45240783691406
13:13:44.084430,0.23647,-39.607831400734,-14.856000000000002,-96.45240783691406
13:13:44.089443,0.23647,-39.607831400734,-14.856000000000002,-96.45240783691406
13:13:44.094447,0.23647,-39.607831400734,-14.856000000000002,-96.45240783691406
13:13:44.099237,0.23647,-39.607831400734,-14.856000000000002,-96.45240783691406
13:13:44.104281,0.23754,-39.032544535499625,-14.112000000000002,-96.89666748046876
13:13:44.109291,0.23754,-39.032544535499625,-14.112000000000002,-96.89666748046876
13:13:44.114365,0.23754,-39.032544535499625,-14.112000000000002,-96.89666748046876
13:13:44.119389,0.23754,-39.032544535499625,-14.112000000000002,-96.89666748046876
13:13:44.124343,0.23754,-39.032544535499625,-14.112000000000002,-96.89666748046876
13:13:44.129323,0.23754,-39.032544535499625,-14.112000000000002,-96.89666748046876
13:13:44.134099,0.25038,-39.49825803647619,-12.798,-97.31277465820312
13:13:44.139285,0.25038,-39.49825803647619,-12.798,-97.31277465820312
13:13:44.144271,0.25038,-39.49825803647619,-12.798,-97.31277465820312
13:13:44.149371,0.25038,-39.49825803647619,-12.798,-97.31277465820312
13:13:44.154362,0.25038,-39.49825803647619,-12.798,-97.31277465820312
13:13:44.159210,0.25038,-39.49825803647619,-12.798,-97.31277465820312
13:13:44.164272,0.25038,-39.49825803647619,-12.798,-97.31277465820312
13:13:44.169375,0.25252,-39.09280149350744,-11.502,-97.71583557128906
13:13:44.174408,0.25252,-39.09280149350744,-11.502,-97.71583557128906
13:13:44.179407,0.25252,-39.09280149350744,-11.502,-97.71583557128906
13:13:44.184386,0.25252,-39.09280149350744,-11.502,-97.71583557128906
13:13:44.189406,0.25252,-39.09280149350744,-11.502,-97.71583557128906
13:13:44.194402,0.25252,-39.09280149350744,-11.502,-97.71583557128906
13:13:44.199405,0.24931,-39.65166990171056,-10.188,-98.06121826171876
13:13:44.204383,0.24931,-39.65166990171056,-10.188,-98.06121826171876
13:13:44.209362,0.24931,-39.65166990171056,-10.188,-98.06121826171876
13:13:44.214408,0.24931,-39.65166990171056,-10.188,-98.06121826171876
13:13:44.219409,0.24931,-39.65166990171056,-10.188,-98.06121826171876
13:13:44.224409,0.24931,-39.65166990171056,-10.188,-98.06121826171876
13:13:44.229394,0.24931,-39.65166990171056,-10.188,-98.06121826171876
13:13:44.234401,0.25466,-38.57778684506994,-9.912,-98.38943481445312
13:13:44.239397,0.25466,-38.57778684506994,-9.912,-98.38943481445312
13:13:44.244384,0.25466,-38.57778684506994,-9.912,-98.38943481445312
13:13:44.249411,0.25466,-38.57778684506994,-9.912,-98.38943481445312
13:13:44.254407,0.25466,-38.57778684506994,-9.912,-98.38943481445312
13:13:44.259399,0.25466,-38.57778684506994,-9.912,-98.38943481445312
13:13:44.264354,0.25573,-39.06541196714025,-9.336,-98.69979858398438
13:13:44.269371,0.25573,-39.06541196714025,-9.336,-98.69979858398438
13:13:44.274369,0.25573,-39.06541196714025,-9.336,-98.69979858398438
13:13:44.279399,0.25573,-39.06541196714025,-9.336,-98.69979858398438
13:13:44.284391,0.25573,-39.06541196714025,-9.336,-98.69979858398438
13:13:44.289404,0.25573,-39.06541196714025,-9.336,-98.69979858398438
13:13:44.294387,0.25573,-39.06541196714025,-9.336,-98.69979858398438
13:13:44.299338,0.25573,-38.868176859718375,-7.878,-98.98063659667967
13:13:44.304369,0.25573,-38.868176859718375,-7.878,-98.98063659667967
13:13:44.309391,0.25573,-38.868176859718375,-7.878,-98.98063659667967
13:13:44.314407,0.25573,-38.868176859718375,-7.878,-98.98063659667967
13:13:44.319411,0.25573,-38.868176859718375,-7.878,-98.98063659667967
13:13:44.324401,0.25573,-38.868176859718375,-7.878,-98.98063659667967
13:13:44.329406,0.25252,-40.17217771421056,-6.342,-99.20516967773438
13:13:44.334361,0.25252,-40.17217771421056,-6.342,-99.20516967773438
13:13:44.339401,0.25252,-40.17217771421056,-6.342,-99.20516967773438
13:13:44.344396,0.25252,-40.17217771421056,-6.342,-99.20516967773438
13:13:44.349387,0.25252,-40.17217771421056,-6.342,-99.20516967773438
13:13:44.354393,0.25252,-40.17217771421056,-6.342,-99.20516967773438
13:13:44.359407,0.25252,-40.17217771421056,-6.342,-99.20516967773438
13:13:44.364377,0.25359,-39.30100767026525,-5.5440000000000005,-99.40086364746094
13:13:44.369275,0.25359,-39.30100767026525,-5.5440000000000005,-99.40086364746094
13:13:44.374260,0.25359,-39.30100767026525,-5.5440000000000005,-99.40086364746094
13:13:44.379365,0.25359,-39.30100767026525,-5.5440000000000005,-99.40086364746094
13:13:44.384413,0.25359,-39.30100767026525,-5.5440000000000005,-99.40086364746094
13:13:44.389399,0.25359,-39.30100767026525,-5.5440000000000005,-99.40086364746094
13:13:44.394748,0.25038,-39.26814023862463,-4.476,-99.56016540527344
13:13:44.399355,0.25038,-39.26814023862463,-4.476,-99.56016540527344
13:13:44.404446,0.25038,-39.26814023862463,-4.476,-99.56016540527344
13:13:44.409434,0.25038,-39.26814023862463,-4.476,-99.56016540527344
13:13:44.414394,0.25038,-39.26814023862463,-4.476,-99.56016540527344
13:13:44.419396,0.25038,-39.26814023862463,-4.476,-99.56016540527344
13:13:44.424432,0.25038,-39.26814023862463,-4.476,-99.56016540527344
13:13:44.429346,0.24289,-39.4653753460465,-3.3240000000000003,-99.6892547607422
13:13:44.434170,0.24289,-39.4653753460465,-3.3240000000000003,-99.6892547607422
13:13:44.439303,0.24289,-39.4653753460465,-3.3240000000000003,-99.6892547607422
13:13:44.444299,0.24289,-39.4653753460465,-3.3240000000000003,-99.6892547607422
13:13:44.449364,0.24289,-39.4653753460465,-3.3240000000000003,-99.6892547607422
13:13:44.454300,0.24289,-39.4653753460465,-3.3240000000000003,-99.6892547607422
13:13:44.459271,0.24931,-38.17780820737463,-2.826,-99.78126525878906
13:13:44.464341,0.24931,-38.17780820737463,-2.826,-99.78126525878906
13:13:44.469276,0.24931,-38.17780820737463,-2.826,-99.78126525878906
13:13:44.474298,0.24931,-38.17780820737463,-2.826,-99.78126525878906
13:13:44.479298,0.24931,-38.17780820737463,-2.826,-99.78126525878906
13:13:44.484180,0.24931,-38.17780820737463,-2.826,-99.78126525878906
13:13:44.489270,0.24931,-38.17780820737463,-2.826,-99.78126525878906
13:13:44.494285,0.2461,-38.90652219663244,-1.62,-99.85267639160156
13:13:44.499309,0.2461,-38.90652219663244,-1.62,-99.85267639160156
13:13:44.504342,0.2461,-38.90652219663244,-1.62,-99.85267639160156
13:13:44.509401,0.2461,-38.90652219663244,-1.62,-99.85267639160156
13:13:44.514329,0.2461,-38.90652219663244,-1.62,-99.85267639160156
13:13:44.519203,0.2461,-38.90652219663244,-1.62,-99.85267639160156
13:13:44.525117,0.24182,-38.52847043881994,-1.206,-99.8876953125
13:13:44.529052,0.24182,-38.52847043881994,-1.206,-99.8876953125
13:13:44.534288,0.24182,-38.52847043881994,-1.206,-99.8876953125
13:13:44.539235,0.24182,-38.52847043881994,-1.206,-99.8876953125
13:13:44.544362,0.24182,-38.52847043881994,-1.206,-99.8876953125
13:13:44.549411,0.24182,-38.52847043881994,-1.206,-99.8876953125
13:13:44.554406,0.24182,-38.52847043881994,-1.206,-99.8876953125
13:13:44.559354,0.25038,-38.45724241147619,-1.182,-99.92820739746094
13:13:44.564380,0.25038,-38.45724241147619,-1.182,-99.92820739746094
13:13:44.569392,0.25038,-38.45724241147619,-1.182,-99.92820739746094
13:13:44.574390,0.25038,-38.45724241147619,-1.182,-99.92820739746094
13:13:44.579421,0.25038,-38.45724241147619,-1.182,-99.92820739746094
13:13:44.584410,0.25038,-38.45724241147619,-1.182,-99.92820739746094
13:13:44.589672,0.2568,-39.2790960491715,-0.7979999999999999,-99.96322631835938
13:13:44.594317,0.2568,-39.2790960491715,-0.7979999999999999,-99.96322631835938
13:13:44.599364,0.2568,-39.2790960491715,-0.7979999999999999,-99.96322631835938
13:13:44.604419,0.2568,-39.2790960491715,-0.7979999999999999,-99.96322631835938
13:13:44.609434,0.2568,-39.2790960491715,-0.7979999999999999,-99.96322631835938
13:13:44.614424,0.2568,-39.2790960491715,-0.7979999999999999,-99.96322631835938
13:13:44.619467,0.2568,-39.2790960491715,-0.7979999999999999,-99.96322631835938
13:13:44.624339,0.24824,-38.22164670835119,-0.3,-99.97695922851562
13:13:44.629334,0.24824,-38.22164670835119,-0.3,-99.97695922851562
13:13:44.634409,0.24824,-38.22164670835119,-0.3,-99.97695922851562
13:13:44.639285,0.24824,-38.22164670835119,-0.3,-99.97695922851562
13:13:44.644072,0.24824,-38.22164670835119,-0.3,-99.97695922851562
13:13:44.649093,0.24824,-38.22164670835119,-0.3,-99.97695922851562
13:13:44.654849,0.24717,-37.5806097210465,-0.054,-99.9810791015625
13:13:44.659190,0.24717,-37.5806097210465,-0.054,-99.9810791015625
13:13:44.664083,0.24717,-37.5806097210465,-0.054,-99.9810791015625
13:13:44.669063,0.24717,-37.5806097210465,-0.054,-99.9810791015625
13:13:44.674111,0.24717,-37.5806097210465,-0.054,-99.9810791015625
13:13:44.679061,0.24717,-37.5806097210465,-0.054,-99.9810791015625
13:13:44.684059,0.24717,-37.5806097210465,-0.054,-99.9810791015625
13:13:44.689068,0.25038,-38.54490415464025,0.054,-99.97970581054688
13:13:44.694052,0.25038,-38.54490415464025,0.054,-99.97970581054688
13:13:44.699165,0.25038,-38.54490415464025,0.054,-99.97970581054688
13:13:44.704062,0.25038,-38.54490415464025,0.054,-99.97970581054688
13:13:44.709056,0.25038,-38.54490415464025,0.054,-99.97970581054688
13:13:44.714060,0.25038,-38.54490415464025,0.054,-99.97970581054688
13:13:44.719143,0.2461,-38.183301371437125,-0.246,-99.98931884765624
13:13:44.724058,0.2461,-38.183301371437125,-0.246,-99.98931884765624
13:13:44.729063,0.2461,-38.183301371437125,-0.246,-99.98931884765624
13:13:44.734066,0.2461,-38.183301371437125,-0.246,-99.98931884765624
13:13:44.739071,0.2461,-38.183301371437125,-0.246,-99.98931884765624
13:13:44.744071,0.2461,-38.183301371437125,-0.246,-99.98931884765624
13:13:44.749060,0.2461,-38.183301371437125,-0.246,-99.98931884765624
13:13:44.754053,0.24396,-38.38601438413244,-0.1919999999999999,-99.9872589111328
13:13:44.759061,0.24396,-38.38601438413244,-0.1919999999999999,-99.9872589111328
13:13:44.764096,0.24396,-38.38601438413244,-0.1919999999999999,-99.9872589111328
13:13:44.769071,0.24396,-38.38601438413244,-0.1919999999999999,-99.9872589111328
13:13:44.774324,0.24396,-38.38601438413244,-0.1919999999999999,-99.9872589111328
13:13:44.779308,0.24396,-38.38601438413244,-0.1919999999999999,-99.9872589111328
13:13:44.784465,0.24503,-38.09014646421056,-0.0,-99.98931884765624
13:13:44.789105,0.24503,-38.09014646421056,-0.0,-99.98931884765624
13:13:44.794072,0.24503,-38.09014646421056,-0.0,-99.98931884765624
13:13:44.799258,0.24503,-38.09014646421056,-0.0,-99.98931884765624
13:13:44.804070,0.24503,-38.09014646421056,-0.0,-99.98931884765624
13:13:44.809054,0.24503,-38.09014646421056,-0.0,-99.98931884765624
13:13:44.814059,0.24503,-38.09014646421056,-0.0,-99.98931884765624
13:13:44.819071,0.24075,-38.11755124936681,-0.33,-99.986572265625
13:13:44.824066,0.24075,-38.11755124936681,-0.33,-99.986572265625
13:13:44.829428,0.24075,-38.11755124936681,-0.33,-99.986572265625
13:13:44.834328,0.24075,-38.11755124936681,-0.33,-99.986572265625
13:13:44.839129,0.24075,-38.11755124936681,-0.33,-99.986572265625
13:13:44.844458,0.24075,-38.11755124936681,-0.33,-99.986572265625
13:13:44.849424,0.24182,-38.27096311460119,0.03,-99.99275207519533
13:13:44.854402,0.24182,-38.27096311460119,0.03,-99.99275207519533
13:13:44.859440,0.24182,-38.27096311460119,0.03,-99.99275207519533
13:13:44.864444,0.24182,-38.27096311460119,0.03,-99.99275207519533
13:13:44.869360,0.24182,-38.27096311460119,0.03,-99.99275207519533
13:13:44.874302,0.24182,-38.27096311460119,0.03,-99.99275207519533
13:13:44.879317,0.24182,-38.27096311460119,0.03,-99.99275207519533
13:13:44.884293,0.23968,-38.183301371437125,-0.0,-99.99412536621094
13:13:44.889268,0.23968,-38.183301371437125,-0.0,-99.99412536621094
13:13:44.894317,0.23968,-38.183301371437125,-0.0,-99.99412536621094
13:13:44.899287,0.23968,-38.183301371437125,-0.0,-99.99412536621094
13:13:44.904288,0.23968,-38.183301371437125,-0.0,-99.99412536621094
13:13:44.909260,0.23968,-38.183301371437125,-0.0,-99.99412536621094
13:13:44.914299,0.23754,-38.20521299253088,0.054,-99.98794555664062
13:13:44.919369,0.23754,-38.20521299253088,0.054,-99.98794555664062
13:13:44.924366,0.23754,-38.20521299253088,0.054,-99.98794555664062
13:13:44.929350,0.23754,-38.20521299253088,0.054,-99.98794555664062
13:13:44.934312,0.23754,-38.20521299253088,0.054,-99.98794555664062
13:13:44.939258,0.23754,-38.20521299253088,0.054,-99.98794555664062
13:13:44.944346,0.23754,-38.20521299253088,0.054,-99.98794555664062
13:13:44.949132,0.23861,-38.183301371437125,0.1379999999999999,-99.99618530273438
13:13:44.954258,0.23861,-38.183301371437125,0.1379999999999999,-99.99618530273438
13:13:44.959263,0.23861,-38.183301371437125,0.1379999999999999,-99.99618530273438
13:13:44.964274,0.23861,-38.183301371437125,0.1379999999999999,-99.99618530273438
13:13:44.969260,0.23861,-38.183301371437125,0.1379999999999999,-99.99618530273438
13:13:44.974266,0.23861,-38.183301371437125,0.1379999999999999,-99.99618530273438
13:13:44.979195,0.23861,-38.183301371437125,-0.108,-99.99343872070312
13:13:44.984433,0.23861,-38.20521299253088,-0.108,-99.99343872070312
13:13:44.989374,0.23861,-38.20521299253088,-0.108,-99.99343872070312
13:13:44.994383,0.23861,-38.20521299253088,-0.108,-99.99343872070312
13:13:44.999410,0.23861,-38.20521299253088,-0.108,-99.99343872070312
13:13:45.004402,0.23861,-38.20521299253088,-0.108,-99.99343872070312
13:13:45.009405,0.23861,-38.20521299253088,-0.108,-99.99343872070312
13:13:45.014318,0.24075,-38.183301371437125,-0.1379999999999999,-99.9920654296875
13:13:45.019262,0.24075,-38.183301371437125,-0.1379999999999999,-99.9920654296875
13:13:45.024351,0.24075,-38.183301371437125,-0.1379999999999999,-99.9920654296875
13:13:45.029380,0.24075,-38.183301371437125,-0.1379999999999999,-99.9920654296875
13:13:45.034397,0.24075,-38.183301371437125,-0.1379999999999999,-99.9920654296875
13:13:45.039391,0.24075,-38.183301371437125,-0.1379999999999999,-99.9920654296875
13:13:45.044377,0.2354,-38.18877927671056,-0.108,-99.9968719482422
13:13:45.049372,0.2354,-38.18877927671056,-0.108,-99.9968719482422
13:13:45.054439,0.2354,-38.18877927671056,-0.108,-99.9968719482422
13:13:45.059382,0.2354,-38.18877927671056,-0.108,-99.9968719482422
13:13:45.064277,0.2354,-38.18877927671056,-0.108,-99.9968719482422
13:13:45.069232,0.2354,-38.18877927671056,-0.108,-99.9968719482422
13:13:45.074485,0.2354,-38.18877927671056,-0.108,-99.9968719482422
13:13:45.079181,0.23861,-38.183301371437125,-0.054,-99.9920654296875
13:13:45.084069,0.23861,-38.183301371437125,-0.054,-99.9920654296875
13:13:45.089055,0.23861,-38.183301371437125,-0.054,-99.9920654296875
13:13:45.094068,0.23861,-38.183301371437125,-0.054,-99.9920654296875
13:13:45.099060,0.23861,-38.183301371437125,-0.054,-99.9920654296875
13:13:45.104096,0.23861,-38.183301371437125,-0.054,-99.9920654296875
13:13:45.109189,0.23968,-38.19973508725744,0.108,-99.99549865722656
13:13:45.114037,0.23968,-38.19973508725744,0.108,-99.99549865722656
13:13:45.119062,0.23968,-38.19973508725744,0.108,-99.99549865722656
13:13:45.124156,0.23968,-38.19973508725744,0.108,-99.99549865722656
13:13:45.129057,0.23968,-38.19973508725744,0.108,-99.99549865722656
13:13:45.134061,0.23968,-38.19973508725744,0.108,-99.99549865722656
13:13:45.139086,0.23968,-38.19973508725744,0.108,-99.99549865722656
13:13:45.144091,0.24289,-38.21069089780431,0.246,-99.99137878417967
13:13:45.149070,0.24289,-38.21069089780431,0.246,-99.99137878417967
13:13:45.154087,0.24289,-38.21069089780431,0.246,-99.99137878417967
13:13:45.159121,0.24289,-38.21069089780431,0.246,-99.99137878417967
13:13:45.164108,0.24289,-38.21069089780431,0.246,-99.99137878417967
13:13:45.169103,0.24289,-38.21069089780431,0.246,-99.99137878417967
13:13:45.174837,0.2600099999999999,-38.21069089780431,-0.0,-99.9920654296875
13:13:45.179055,0.2600099999999999,-38.183301371437125,-0.0,-99.9920654296875
13:13:45.184082,0.2600099999999999,-38.183301371437125,-0.0,-99.9920654296875
13:13:45.189093,0.2600099999999999,-38.183301371437125,-0.0,-99.9920654296875
13:13:45.194083,0.2600099999999999,-38.183301371437125,-0.0,-99.9920654296875
13:13:45.199125,0.2600099999999999,-38.183301371437125,-0.0,-99.9920654296875
13:13:45.204068,0.2600099999999999,-38.183301371437125,-0.0,-99.9920654296875
13:13:45.209084,0.29318,-38.21616880307775,-0.1379999999999999,-99.99755859375
13:13:45.214085,0.29318,-38.21616880307775,-0.1379999999999999,-99.99755859375
13:13:45.219045,0.29318,-38.21616880307775,-0.1379999999999999,-99.99755859375
13:13:45.224057,0.29318,-38.21616880307775,-0.1379999999999999,-99.99755859375
13:13:45.229188,0.29318,-38.21616880307775,-0.1379999999999999,-99.99755859375
13:13:45.234062,0.29318,-38.21616880307775,-0.1379999999999999,-99.99755859375
13:13:45.239131,0.29318,-38.21616880307775,-0.1379999999999999,-99.99755859375
13:13:45.244072,0.33919,-38.39149228940588,0.414,-99.99549865722656
13:13:45.249054,0.33919,-38.39149228940588,0.414,-99.99549865722656
13:13:45.254051,0.33919,-38.39149228940588,0.414,-99.99549865722656
13:13:45.259088,0.33919,-38.39149228940588,0.414,-99.99549865722656
13:13:45.264085,0.33919,-38.39149228940588,0.414,-99.99549865722656
13:13:45.269071,0.33919,-38.39149228940588,0.414,-99.99549865722656
13:13:45.274401,0.39055,-38.950360697609,1.266,-99.97077941894533
13:13:45.279293,0.39055,-38.950360697609,1.266,-99.97077941894533
13:13:45.284436,0.39055,-38.950360697609,1.266,-99.97077941894533
13:13:45.289126,0.39055,-38.950360697609,1.266,-99.97077941894533
13:13:45.294498,0.39055,-38.950360697609,1.266,-99.97077941894533
13:13:45.299382,0.39055,-38.950360697609,1.266,-99.97077941894533
13:13:45.304155,0.39055,-38.950360697609,1.266,-99.97077941894533
13:13:45.309304,0.42265,-39.56948606381994,2.826,-99.91584777832033
13:13:45.314227,0.42265,-39.56948606381994,2.826,-99.91584777832033
13:13:45.319319,0.42265,-39.56948606381994,2.826,-99.91584777832033
13:13:45.324413,0.42265,-39.56948606381994,2.826,-99.91584777832033
13:13:45.329451,0.42265,-39.56948606381994,2.826,-99.91584777832033
13:13:45.334302,0.42265,-39.56948606381994,2.826,-99.91584777832033
13:13:45.339325,0.41516,-40.166699808937125,5.22,-99.77920532226562
13:13:45.344102,0.41516,-40.166699808937125,5.22,-99.77920532226562
13:13:45.349070,0.41516,-40.166699808937125,5.22,-99.77920532226562
13:13:45.354092,0.41516,-40.166699808937125,5.22,-99.77920532226562
13:13:45.359091,0.41516,-40.166699808937125,5.22,-99.77920532226562
13:13:45.364068,0.41516,-40.166699808937125,5.22,-99.77920532226562
13:13:45.369384,0.41516,-40.166699808937125,5.22,-99.77920532226562
13:13:45.374398,0.41409,-39.4653753460465,6.371999999999999,-99.59381103515624
13:13:45.379336,0.41409,-39.4653753460465,6.371999999999999,-99.59381103515624
13:13:45.384306,0.41409,-39.4653753460465,6.371999999999999,-99.59381103515624
13:13:45.389222,0.41409,-39.4653753460465,6.371999999999999,-99.59381103515624
13:13:45.394306,0.41409,-39.4653753460465,6.371999999999999,-99.59381103515624
13:13:45.399360,0.41409,-39.4653753460465,6.371999999999999,-99.59381103515624
13:13:45.404302,0.42586,-39.08184568296056,7.332,-99.36309814453124
13:13:45.409273,0.42586,-39.08184568296056,7.332,-99.36309814453124
13:13:45.414394,0.42586,-39.08184568296056,7.332,-99.36309814453124
13:13:45.419399,0.42586,-39.08184568296056,7.332,-99.36309814453124
13:13:45.424445,0.42586,-39.08184568296056,7.332,-99.36309814453124
13:13:45.429443,0.42586,-39.08184568296056,7.332,-99.36309814453124
13:13:45.434231,0.42586,-39.08184568296056,7.332,-99.36309814453124
13:13:45.439279,0.4173,-38.70379392514806,7.8,-99.11865234375
13:13:45.444313,0.4173,-38.70379392514806,7.8,-99.11865234375
13:13:45.449287,0.4173,-38.70379392514806,7.8,-99.11865234375
13:13:45.454293,0.4173,-38.70379392514806,7.8,-99.11865234375
13:13:45.459379,0.4173,-38.70379392514806,7.8,-99.11865234375
13:13:45.464398,0.4173,-38.70379392514806,7.8,-99.11865234375
13:13:45.469314,0.42586,-39.3284124554215,8.729999999999999,-98.85223388671876
13:13:45.474432,0.42586,-39.3284124554215,8.729999999999999,-98.85223388671876
13:13:45.479391,0.42586,-39.3284124554215,8.729999999999999,-98.85223388671876
13:13:45.484410,0.42586,-39.3284124554215,8.729999999999999,-98.85223388671876
13:13:45.489372,0.42586,-39.3284124554215,8.729999999999999,-98.85223388671876
13:13:45.494387,0.42586,-39.3284124554215,8.729999999999999,-98.85223388671876
13:13:45.499338,0.42586,-39.3284124554215,8.729999999999999,-98.85223388671876
13:13:45.504260,0.42051,-39.5640081585465,10.134,-98.54873657226562
13:13:45.509292,0.42051,-39.5640081585465,10.134,-98.54873657226562
13:13:45.514228,0.42051,-39.5640081585465,10.134,-98.54873657226562
13:13:45.519312,0.42051,-39.5640081585465,10.134,-98.54873657226562
13:13:45.524382,0.42051,-39.5640081585465,10.134,-98.54873657226562
13:13:45.529330,0.42051,-39.5640081585465,10.134,-98.54873657226562
13:13:45.534320,0.41516,-38.63805906186681,10.848,-98.21090698242188
13:13:45.539356,0.41516,-38.63805906186681,10.848,-98.21090698242188
13:13:45.544381,0.41516,-38.63805906186681,10.848,-98.21090698242188
13:13:45.549346,0.41516,-38.63805906186681,10.848,-98.21090698242188
13:13:45.554410,0.41516,-38.63805906186681,10.848,-98.21090698242188
13:13:45.559422,0.41516,-38.63805906186681,10.848,-98.21090698242188
13:13:45.564266,0.41516,-38.63805906186681,10.848,-98.21090698242188
13:13:45.569269,0.41944,-38.72024289975744,11.532,-97.8607177734375
13:13:45.574242,0.41944,-38.72024289975744,11.532,-97.8607177734375
13:13:45.579379,0.41944,-38.72024289975744,11.532,-97.8607177734375
13:13:45.584409,0.41944,-38.72024289975744,11.532,-97.8607177734375
13:13:45.589441,0.41944,-38.72024289975744,11.532,-97.8607177734375
13:13:45.594433,0.41944,-38.72024289975744,11.532,-97.8607177734375
13:13:45.599394,0.43121,-38.950360697609,12.354,-97.47344970703124
13:13:45.604382,0.43121,-38.950360697609,12.354,-97.47344970703124
13:13:45.609354,0.43121,-38.950360697609,12.354,-97.47344970703124
13:13:45.614410,0.43121,-38.950360697609,12.354,-97.47344970703124
13:13:45.619358,0.43121,-38.950360697609,12.354,-97.47344970703124
13:13:45.624291,0.43121,-38.950360697609,12.354,-97.47344970703124
13:13:45.629202,0.44726,-39.49278013120275,13.398,-97.10128784179688
13:13:45.634259,0.44726,-39.49278013120275,13.398,-97.10128784179688
13:13:45.639146,0.44726,-39.49278013120275,13.398,-97.10128784179688
13:13:45.644303,0.44726,-39.49278013120275,13.398,-97.10128784179688
13:13:45.649257,0.44726,-39.49278013120275,13.398,-97.10128784179688
13:13:45.654255,0.44726,-39.49278013120275,13.398,-97.10128784179688
13:13:45.659300,0.44726,-39.49278013120275,13.398,-97.10128784179688
13:13:45.664283,0.45154,-40.13381711850744,14.526,-96.6741943359375
13:13:45.669285,0.45154,-40.13381711850744,14.526,-96.6741943359375
13:13:45.674374,0.45154,-40.13381711850744,14.526,-96.6741943359375
13:13:45.679408,0.45154,-40.13381711850744,14.526,-96.6741943359375
13:13:45.684348,0.45154,-40.13381711850744,14.526,-96.6741943359375
13:13:45.689323,0.45154,-40.13381711850744,14.526,-96.6741943359375
13:13:45.694379,0.42372,-39.73933164487463,16.23,-96.19285583496094
13:13:45.699281,0.42372,-39.73933164487463,16.23,-96.19285583496094
13:13:45.704391,0.42372,-39.73933164487463,16.23,-96.19285583496094
13:13:45.709318,0.42372,-39.73933164487463,16.23,-96.19285583496094
13:13:45.714463,0.42372,-39.73933164487463,16.23,-96.19285583496094
13:13:45.719367,0.42372,-39.73933164487463,16.23,-96.19285583496094
13:13:45.724285,0.42372,-39.73933164487463,16.23,-96.19285583496094
13:13:45.729309,0.43335,-39.339368265968375,16.53,-95.67031860351562
13:13:45.734239,0.43335,-39.339368265968375,16.53,-95.67031860351562
13:13:45.739324,0.43335,-39.339368265968375,16.53,-95.67031860351562
13:13:45.744393,0.43335,-39.339368265968375,16.53,-95.67031860351562
13:13:45.749439,0.43335,-39.339368265968375,16.53,-95.67031860351562
13:13:45.754420,0.43335,-39.339368265968375,16.53,-95.67031860351562
13:13:45.759608,0.43121,-39.339368265968375,17.244,-95.1519012451172
13:13:45.764313,0.43121,-39.20239011655431,17.244,-95.1519012451172
13:13:45.769426,0.43121,-39.20239011655431,17.244,-95.1519012451172
13:13:45.774138,0.43121,-39.20239011655431,17.244,-95.1519012451172
13:13:45.779419,0.43121,-39.20239011655431,17.244,-95.1519012451172
13:13:45.784443,0.43121,-39.20239011655431,17.244,-95.1519012451172
13:13:45.789413,0.43121,-39.20239011655431,17.244,-95.1519012451172
13:13:45.794362,0.44726,-39.49278013120275,18.834000000000003,-94.56619262695312
13:13:45.799308,0.44726,-39.49278013120275,18.834000000000003,-94.56619262695312
13:13:45.804363,0.44726,-39.49278013120275,18.834000000000003,-94.56619262695312
13:13:45.809428,0.44726,-39.49278013120275,18.834000000000003,-94.56619262695312
13:13:45.814406,0.44726,-39.49278013120275,18.834000000000003,-94.56619262695312
13:13:45.819414,0.44726,-39.49278013120275,18.834000000000003,-94.56619262695312
13:13:45.825229,0.4376300000000001,-39.454419535499625,19.332,-93.96881103515624
13:13:45.829339,0.4376300000000001,-39.454419535499625,19.332,-93.96881103515624
13:13:45.834106,0.4376300000000001,-39.454419535499625,19.332,-93.96881103515624
13:13:45.839096,0.4376300000000001,-39.454419535499625,19.332,-93.96881103515624
13:13:45.844096,0.4376300000000001,-39.454419535499625,19.332,-93.96881103515624
13:13:45.849061,0.4376300000000001,-39.454419535499625,19.332,-93.96881103515624
13:13:45.854061,0.4376300000000001,-39.454419535499625,19.332,-93.96881103515624
13:13:45.859091,0.4601,-39.65166990171056,20.316,-93.3295440673828
13:13:45.864047,0.4601,-39.65166990171056,20.316,-93.3295440673828
13:13:45.869049,0.4601,-39.65166990171056,20.316,-93.3295440673828
13:13:45.874089,0.4601,-39.65166990171056,20.316,-93.3295440673828
13:13:45.879072,0.4601,-39.65166990171056,20.316,-93.3295440673828
13:13:45.884062,0.4601,-39.65166990171056,20.316,-93.3295440673828
13:13:45.889323,0.428,-39.58591977964025,21.138,-92.64358520507812
13:13:45.894320,0.428,-39.58591977964025,21.138,-92.64358520507812
13:13:45.899491,0.428,-39.58591977964025,21.138,-92.64358520507812
13:13:45.904424,0.428,-39.58591977964025,21.138,-92.64358520507812
13:13:45.909424,0.428,-39.58591977964025,21.138,-92.64358520507812
13:13:45.914412,0.428,-39.58591977964025,21.138,-92.64358520507812
13:13:45.919423,0.428,-39.58591977964025,21.138,-92.64358520507812
13:13:45.924381,0.43442,-39.832471293312125,21.252,-91.96792602539062
13:13:45.929408,0.43442,-39.832471293312125,21.252,-91.96792602539062
13:13:45.934432,0.43442,-39.832471293312125,21.252,-91.96792602539062
13:13:45.939254,0.43442,-39.832471293312125,21.252,-91.96792602539062
13:13:45.944421,0.43442,-39.832471293312125,21.252,-91.96792602539062
13:13:45.949413,0.43442,-39.832471293312125,21.252,-91.96792602539062
13:13:45.955134,0.44512,-40.21600095639806,23.034,-91.24008178710938
13:13:45.959353,0.44512,-40.21600095639806,23.034,-91.24008178710938
13:13:45.964300,0.44512,-40.21600095639806,23.034,-91.24008178710938
13:13:45.969287,0.44512,-40.21600095639806,23.034,-91.24008178710938
13:13:45.974308,0.44512,-40.21600095639806,23.034,-91.24008178710938
13:13:45.979283,0.44512,-40.21600095639806,23.034,-91.24008178710938
13:13:45.984273,0.44512,-40.21600095639806,23.034,-91.24008178710938
13:13:45.989287,0.45368,-39.843427103859,24.0,-90.52528381347656
13:13:45.994278,0.45368,-39.843427103859,24.0,-90.52528381347656
13:13:45.999179,0.45368,-39.843427103859,24.0,-90.52528381347656
13:13:46.004311,0.45368,-39.843427103859,24.0,-90.52528381347656
13:13:46.009275,0.45368,-39.843427103859,24.0,-90.52528381347656
13:13:46.014273,0.45368,-39.843427103859,24.0,-90.52528381347656
13:13:46.019288,0.46331,-39.94753782163244,25.566,-89.75486755371094
13:13:46.024277,0.46331,-39.94753782163244,25.566,-89.75486755371094
13:13:46.029336,0.46331,-39.94753782163244,25.566,-89.75486755371094
13:13:46.034321,0.46331,-39.94753782163244,25.566,-89.75486755371094
13:13:46.039292,0.46331,-39.94753782163244,25.566,-89.75486755371094
13:13:46.044316,0.46331,-39.94753782163244,25.566,-89.75486755371094
13:13:46.049313,0.46331,-39.94753782163244,25.566,-89.75486755371094
13:13:46.054328,0.45261,-39.66262571225744,27.234,-88.94187927246094
13:13:46.059240,0.45261,-39.66262571225744,27.234,-88.94187927246094
13:13:46.064191,0.45261,-39.66262571225744,27.234,-88.94187927246094
13:13:46.069189,0.45261,-39.66262571225744,27.234,-88.94187927246094
13:13:46.074221,0.45261,-39.66262571225744,27.234,-88.94187927246094
13:13:46.079064,0.45261,-39.66262571225744,27.234,-88.94187927246094
13:13:46.084063,0.45582,-39.95301572690588,27.594,-88.07052612304688
13:13:46.089143,0.45582,-39.95301572690588,27.594,-88.07052612304688
13:13:46.094047,0.45582,-39.95301572690588,27.594,-88.07052612304688
13:13:46.099020,0.45582,-39.95301572690588,27.594,-88.07052612304688
13:13:46.104035,0.45582,-39.95301572690588,27.594,-88.07052612304688
13:13:46.109032,0.45582,-39.95301572690588,27.594,-88.07052612304688
13:13:46.114095,0.45582,-39.95301572690588,27.594,-88.07052612304688
13:13:46.119127,0.44298,-38.72024289975744,28.446,-87.1490478515625
13:13:46.124085,0.44298,-38.72024289975744,28.446,-87.1490478515625
13:13:46.129088,0.44298,-38.72024289975744,28.446,-87.1490478515625
13:13:46.134073,0.44298,-38.72024289975744,28.446,-87.1490478515625
13:13:46.139097,0.44298,-38.72024289975744,28.446,-87.1490478515625
13:13:46.144084,0.44298,-38.72024289975744,28.446,-87.1490478515625
13:13:46.149516,0.46331,-39.95849363217931,28.002,-86.24679565429688
13:13:46.154369,0.46331,-39.95849363217931,28.002,-86.24679565429688
13:13:46.159413,0.46331,-39.95849363217931,28.002,-86.24679565429688
13:13:46.164163,0.46331,-39.95849363217931,28.002,-86.24679565429688
13:13:46.169111,0.46331,-39.95849363217931,28.002,-86.24679565429688
13:13:46.174069,0.46331,-39.95849363217931,28.002,-86.24679565429688
13:13:46.179070,0.46331,-39.95849363217931,28.002,-86.24679565429688
13:13:46.184094,0.44833,-39.83794919858556,30.642,-85.32051086425781
13:13:46.189096,0.44833,-39.83794919858556,30.642,-85.32051086425781
13:13:46.194061,0.44833,-39.83794919858556,30.642,-85.32051086425781
13:13:46.199057,0.44833,-39.83794919858556,30.642,-85.32051086425781
13:13:46.204059,0.44833,-39.83794919858556,30.642,-85.32051086425781
13:13:46.209065,0.44833,-39.83794919858556,30.642,-85.32051086425781
13:13:46.214148,0.47722,-40.72007505307775,31.302,-84.33723449707031
13:13:46.219064,0.47722,-40.72007505307775,31.302,-84.33723449707031
13:13:46.224095,0.47722,-40.72007505307775,31.302,-84.33723449707031
13:13:46.229083,0.47722,-40.72007505307775,31.302,-84.33723449707031
13:13:46.234069,0.47722,-40.72007505307775,31.302,-84.33723449707031
13:13:46.239108,0.47722,-40.72007505307775,31.302,-84.33723449707031
13:13:46.244468,0.47722,-40.72007505307775,31.302,-84.33723449707031
13:13:46.249320,0.45475,-39.15307371030431,33.306,-83.34915161132812
13:13:46.254318,0.45475,-39.15307371030431,33.306,-83.34915161132812
13:13:46.259201,0.45475,-39.15307371030431,33.306,-83.34915161132812
13:13:46.264113,0.45475,-39.15307371030431,33.306,-83.34915161132812
13:13:46.269087,0.45475,-39.15307371030431,33.306,-83.34915161132812
13:13:46.274070,0.45475,-39.15307371030431,33.306,-83.34915161132812
13:13:46.280340,0.45261,-39.607831400734,33.168000000000006,-82.25601196289062
13:13:46.284190,0.45261,-39.607831400734,33.168000000000006,-82.25601196289062
13:13:46.289329,0.45261,-39.607831400734,33.168000000000006,-82.25601196289062
13:13:46.294094,0.45261,-39.607831400734,33.168000000000006,-82.25601196289062
13:13:46.299092,0.45261,-39.607831400734,33.168000000000006,-82.25601196289062
13:13:46.304113,0.45261,-39.607831400734,33.168000000000006,-82.25601196289062
13:13:46.309301,0.45261,-39.607831400734,33.168000000000006,-82.25601196289062
13:13:46.314123,0.45154,-39.19143430600744,33.822,-81.1285400390625
13:13:46.319066,0.45154,-39.19143430600744,33.822,-81.1285400390625
13:13:46.324060,0.45154,-39.19143430600744,33.822,-81.1285400390625
13:13:46.329058,0.45154,-39.19143430600744,33.822,-81.1285400390625
13:13:46.334057,0.45154,-39.19143430600744,33.822,-81.1285400390625
13:13:46.339412,0.45154,-39.19143430600744,33.822,-81.1285400390625
13:13:46.344346,0.45154,-39.19143430600744,33.822,-81.1285400390625
13:13:46.349047,0.46224,-39.30648557553869,34.956,-80.08071899414062
13:13:46.354101,0.46224,-39.30648557553869,34.956,-80.08071899414062
13:13:46.359061,0.46224,-39.30648557553869,34.956,-80.08071899414062
13:13:46.364062,0.46224,-39.30648557553869,34.956,-80.08071899414062
13:13:46.369087,0.46224,-39.30648557553869,34.956,-80.08071899414062
13:13:46.374093,0.46224,-39.30648557553869,34.956,-80.08071899414062
13:13:46.379065,0.45903,-39.82151548276525,35.802,-78.93608093261719
13:13:46.384065,0.45903,-39.82151548276525,35.802,-78.93608093261719
13:13:46.389167,0.45903,-39.82151548276525,35.802,-78.93608093261719
13:13:46.394039,0.45903,-39.82151548276525,35.802,-78.93608093261719
13:13:46.399062,0.45903,-39.82151548276525,35.802,-78.93608093261719
13:13:46.404068,0.45903,-39.82151548276525,35.802,-78.93608093261719
13:13:46.409458,0.45903,-39.82151548276525,35.802,-78.93608093261719
13:13:46.414386,0.45903,-39.892743510109,37.944,-77.79487609863281
13:13:46.419304,0.45903,-39.892743510109,37.944,-77.79487609863281
13:13:46.424276,0.45903,-39.892743510109,37.944,-77.79487609863281
13:13:46.429360,0.45903,-39.892743510109,37.944,-77.79487609863281
13:13:46.434298,0.45903,-39.892743510109,37.944,-77.79487609863281
13:13:46.439256,0.45903,-39.892743510109,37.944,-77.79487609863281
13:13:46.444284,0.45154,-38.74215452085119,38.382000000000005,-76.5692138671875
13:13:46.449345,0.45154,-38.74215452085119,38.382000000000005,-76.5692138671875
13:13:46.454440,0.45154,-38.74215452085119,38.382000000000005,-76.5692138671875
13:13:46.459431,0.45154,-38.74215452085119,38.382000000000005,-76.5692138671875
13:13:46.464440,0.45154,-38.74215452085119,38.382000000000005,-76.5692138671875
13:13:46.469441,0.45154,-38.74215452085119,38.382000000000005,-76.5692138671875
13:13:46.474387,0.45154,-38.74215452085119,38.382000000000005,-76.5692138671875
13:13:46.479313,0.4376300000000001,-38.24355832944494,39.702,-75.28312683105469
13:13:46.484351,0.4376300000000001,-38.24355832944494,39.702,-75.28312683105469
13:13:46.489415,0.4376300000000001,-38.24355832944494,39.702,-75.28312683105469
13:13:46.494418,0.4376300000000001,-38.24355832944494,39.702,-75.28312683105469
13:13:46.499310,0.4376300000000001,-38.24355832944494,39.702,-75.28312683105469
13:13:46.504316,0.4376300000000001,-38.24355832944494,39.702,-75.28312683105469
13:13:46.509362,0.44191,-39.125684183937125,39.156,-74.01214599609375
13:13:46.514322,0.44191,-39.125684183937125,39.156,-74.01214599609375
13:13:46.519370,0.44191,-39.125684183937125,39.156,-74.01214599609375
13:13:46.524393,0.44191,-39.125684183937125,39.156,-74.01214599609375
13:13:46.529395,0.44191,-39.125684183937125,39.156,-74.01214599609375
13:13:46.534404,0.44191,-39.125684183937125,39.156,-74.01214599609375
13:13:46.539390,0.44191,-39.125684183937125,39.156,-74.01214599609375
13:13:46.544363,0.43977,-37.5806097210465,40.854,-72.7679443359375
13:13:46.549369,0.43977,-37.5806097210465,40.854,-72.7679443359375
13:13:46.554398,0.43977,-37.5806097210465,40.854,-72.7679443359375
13:13:46.559405,0.43977,-37.5806097210465,40.854,-72.7679443359375
13:13:46.564414,0.43977,-37.5806097210465,40.854,-72.7679443359375
13:13:46.569431,0.43977,-37.5806097210465,40.854,-72.7679443359375
13:13:46.575161,0.428,-37.46006528745275,40.2,-71.48597717285156
13:13:46.579269,0.428,-37.46006528745275,40.2,-71.48597717285156
13:13:46.584373,0.428,-37.46006528745275,40.2,-71.48597717285156
13:13:46.589394,0.428,-37.46006528745275,40.2,-71.48597717285156
13:13:46.594396,0.428,-37.46006528745275,40.2,-71.48597717285156
13:13:46.599393,0.428,-37.46006528745275,40.2,-71.48597717285156
13:13:46.604347,0.428,-37.46006528745275,40.2,-71.48597717285156
13:13:46.609104,0.41195,-37.39979307065588,40.416,-70.13397216796875
13:13:46.614453,0.41195,-37.39979307065588,40.416,-70.13397216796875
13:13:46.619088,0.41195,-37.39979307065588,40.416,-70.13397216796875
13:13:46.624093,0.41195,-37.39979307065588,40.416,-70.13397216796875
13:13:46.629085,0.41195,-37.39979307065588,40.416,-70.13397216796875
13:13:46.634055,0.41195,-37.39979307065588,40.416,-70.13397216796875
13:13:46.639166,0.42158,-37.39979307065588,40.284,-68.89869689941406
13:13:46.644052,0.42158,-36.52316038022619,40.284,-68.89869689941406
13:13:46.649050,0.42158,-36.52316038022619,40.284,-68.89869689941406
13:13:46.654062,0.42158,-36.52316038022619,40.284,-68.89869689941406
13:13:46.659046,0.42158,-36.52316038022619,40.284,-68.89869689941406
13:13:46.664050,0.42158,-36.52316038022619,40.284,-68.89869689941406
13:13:46.669049,0.42158,-36.52316038022619,40.284,-68.89869689941406
13:13:46.674071,0.42372,-36.5889105022965,40.938,-67.62359619140625
13:13:46.679065,0.42372,-36.5889105022965,40.938,-67.62359619140625
13:13:46.684063,0.42372,-36.5889105022965,40.938,-67.62359619140625
13:13:46.689065,0.42372,-36.5889105022965,40.938,-67.62359619140625
13:13:46.694428,0.42372,-36.5889105022965,40.938,-67.62359619140625
13:13:46.699322,0.42372,-36.5889105022965,40.938,-67.62359619140625
13:13:46.705112,0.41409,-36.21633664975744,40.5,-66.31965637207031
13:13:46.709054,0.41409,-36.21633664975744,40.5,-66.31965637207031
13:13:46.714069,0.41409,-36.21633664975744,40.5,-66.31965637207031
13:13:46.719044,0.41409,-36.21633664975744,40.5,-66.31965637207031
13:13:46.724071,0.41409,-36.21633664975744,40.5,-66.31965637207031
13:13:46.729092,0.41409,-36.21633664975744,40.5,-66.31965637207031
13:13:46.734065,0.41409,-36.21633664975744,40.5,-66.31965637207031
13:13:46.739052,0.41195,-36.64916746030431,40.5,-65.00129699707031
13:13:46.744093,0.41195,-36.64916746030431,40.5,-65.00129699707031
13:13:46.749060,0.41195,-36.64916746030431,40.5,-65.00129699707031
13:13:46.754059,0.41195,-36.64916746030431,40.5,-65.00129699707031
13:13:46.759071,0.41195,-36.64916746030431,40.5,-65.00129699707031
13:13:46.764068,0.41195,-36.64916746030431,40.5,-65.00129699707031
13:13:46.769908,0.39804,-35.37804929624181,40.692,-63.67744445800782
13:13:46.774303,0.39804,-35.37804929624181,40.692,-63.67744445800782
13:13:46.779420,0.39804,-35.37804929624181,40.692,-63.67744445800782
13:13:46.784385,0.39804,-35.37804929624181,40.692,-63.67744445800782
13:13:46.789405,0.39804,-35.37804929624181,40.692,-63.67744445800782
13:13:46.794130,0.39804,-35.37804929624181,40.692,-63.67744445800782
13:13:46.799065,0.39804,-35.37804929624181,40.692,-63.67744445800782
13:13:46.804235,0.39055,-33.82200376401525,41.076,-62.4078369140625
13:13:46.809062,0.39055,-33.82200376401525,41.076,-62.4078369140625
13:13:46.814067,0.39055,-33.82200376401525,41.076,-62.4078369140625
13:13:46.819067,0.39055,-33.82200376401525,41.076,-62.4078369140625
13:13:46.824088,0.39055,-33.82200376401525,41.076,-62.4078369140625
13:13:46.829070,0.39055,-33.82200376401525,41.076,-62.4078369140625
13:13:46.834326,0.41088,-34.99999753842931,40.77,-61.16706848144532
13:13:46.839063,0.41088,-34.99999753842931,40.77,-61.16706848144532
13:13:46.844149,0.41088,-34.99999753842931,40.77,-61.16706848144532
13:13:46.849065,0.41088,-34.99999753842931,40.77,-61.16706848144532
13:13:46.854084,0.41088,-34.99999753842931,40.77,-61.16706848144532
13:13:46.859072,0.41088,-34.99999753842931,40.77,-61.16706848144532
13:13:46.864070,0.41088,-34.99999753842931,40.77,-61.16706848144532
13:13:46.869242,0.40018,-35.772534769874625,41.05200000000001,-59.80476379394531
13:13:46.874086,0.40018,-35.772534769874625,41.05200000000001,-59.80476379394531
13:13:46.879089,0.40018,-35.772534769874625,41.05200000000001,-59.80476379394531
13:13:46.884064,0.40018,-35.772534769874625,41.05200000000001,-59.80476379394531
13:13:46.889088,0.40018,-35.772534769874625,41.05200000000001,-59.80476379394531
13:13:46.894070,0.40018,-35.772534769874625,41.05200000000001,-59.80476379394531
13:13:46.899323,0.37985,-33.1426214397965,40.13999999999999,-58.51043701171875
13:13:46.904192,0.37985,-33.1426214397965,40.13999999999999,-58.51043701171875
13:13:46.909063,0.37985,-33.1426214397965,40.13999999999999,-58.51043701171875
13:13:46.914061,0.37985,-33.1426214397965,40.13999999999999,-58.51043701171875
13:13:46.919062,0.37985,-33.1426214397965,40.13999999999999,-58.51043701171875
13:13:46.924103,0.37985,-33.1426214397965,40.13999999999999,-58.51043701171875
13:13:46.929085,0.37985,-33.1426214397965,40.13999999999999,-58.51043701171875
13:13:46.934109,0.38627,-32.63854734311681,40.5,-57.20924377441406
13:13:46.939063,0.38627,-32.63854734311681,40.5,-57.20924377441406
13:13:46.944066,0.38627,-32.63854734311681,40.5,-57.20924377441406
13:13:46.949070,0.38627,-32.63854734311681,40.5,-57.20924377441406
13:13:46.954072,0.38627,-32.63854734311681,40.5,-57.20924377441406
13:13:46.959070,0.38627,-32.63854734311681,40.5,-57.20924377441406
13:13:46.964455,0.38199,-33.20835630307775,40.968,-55.94856262207031
13:13:46.969062,0.38199,-33.20835630307775,40.968,-55.94856262207031
13:13:46.974056,0.38199,-33.20835630307775,40.968,-55.94856262207031
13:13:46.979068,0.38199,-33.20835630307775,40.968,-55.94856262207031
13:13:46.984091,0.38199,-33.20835630307775,40.968,-55.94856262207031
13:13:46.989069,0.38199,-33.20835630307775,40.968,-55.94856262207031
13:13:46.994066,0.38199,-33.20835630307775,40.968,-55.94856262207031
13:13:46.999219,0.3852,-33.50970212827306,40.638,-54.6405029296875
13:13:47.004169,0.3852,-33.50970212827306,40.638,-54.6405029296875
13:13:47.009050,0.3852,-33.50970212827306,40.638,-54.6405029296875
13:13:47.014056,0.3852,-33.50970212827306,40.638,-54.6405029296875
13:13:47.019062,0.3852,-33.50970212827306,40.638,-54.6405029296875
13:13:47.024073,0.3852,-33.50970212827306,40.638,-54.6405029296875
13:13:47.029129,0.3745,-31.89887754331213,40.884,-53.3331298828125
13:13:47.034081,0.3745,-31.89887754331213,40.884,-53.3331298828125
13:13:47.039048,0.3745,-31.89887754331213,40.884,-53.3331298828125
13:13:47.044134,0.3745,-31.89887754331213,40.884,-53.3331298828125
13:13:47.049067,0.3745,-31.89887754331213,40.884,-53.3331298828125
13:13:47.054065,0.3745,-31.89887754331213,40.884,-53.3331298828125
13:13:47.059072,0.3745,-31.89887754331213,40.884,-53.3331298828125
13:13:47.064112,0.36059,-30.22778074155432,41.05200000000001,-52.038116455078125
13:13:47.069036,0.36059,-30.22778074155432,41.05200000000001,-52.038116455078125
13:13:47.074064,0.36059,-30.22778074155432,41.05200000000001,-52.038116455078125
13:13:47.079068,0.36059,-30.22778074155432,41.05200000000001,-52.038116455078125
13:13:47.084072,0.36059,-30.22778074155432,41.05200000000001,-52.038116455078125
13:13:47.089068,0.36059,-30.22778074155432,41.05200000000001,-52.038116455078125
13:13:47.094301,0.35631,-31.13729612241369,41.322,-50.79116821289063
13:13:47.099101,0.35631,-31.13729612241369,41.322,-50.79116821289063
13:13:47.104186,0.35631,-31.13729612241369,41.322,-50.79116821289063
13:13:47.109050,0.35631,-31.13729612241369,41.322,-50.79116821289063
13:13:47.114192,0.35631,-31.13729612241369,41.322,-50.79116821289063
13:13:47.119216,0.35631,-31.13729612241369,41.322,-50.79116821289063
13:13:47.124535,0.36594,-31.13729612241369,41.376,-49.51812744140625
13:13:47.129127,0.36594,-31.016766947609003,41.376,-49.51812744140625
13:13:47.134086,0.36594,-31.016766947609003,41.376,-49.51812744140625
13:13:47.139061,0.36594,-31.016766947609003,41.376,-49.51812744140625
13:13:47.144060,0.36594,-31.016766947609003,41.376,-49.51812744140625
13:13:47.149059,0.36594,-31.016766947609003,41.376,-49.51812744140625
13:13:47.154071,0.36594,-31.016766947609003,41.376,-49.51812744140625
13:13:47.159122,0.3424,-29.53194944272619,40.776,-48.17916870117188
13:13:47.164069,0.3424,-29.53194944272619,40.776,-48.17916870117188
13:13:47.169060,0.3424,-29.53194944272619,40.776,-48.17916870117188
13:13:47.174058,0.3424,-29.53194944272619,40.776,-48.17916870117188
13:13:47.179071,0.3424,-29.53194944272619,40.776,-48.17916870117188
13:13:47.184062,0.3424,-29.53194944272619,40.776,-48.17916870117188
13:13:47.189483,0.33598,-29.071713847023062,40.13999999999999,-46.87385559082031
13:13:47.194055,0.33598,-29.071713847023062,40.13999999999999,-46.87385559082031
13:13:47.199059,0.33598,-29.071713847023062,40.13999999999999,-46.87385559082031
13:13:47.204136,0.33598,-29.071713847023062,40.13999999999999,-46.87385559082031
13:13:47.209048,0.33598,-29.071713847023062,40.13999999999999,-46.87385559082031
13:13:47.214052,0.33598,-29.071713847023062,40.13999999999999,-46.87385559082031
13:13:47.219091,0.33598,-29.071713847023062,40.13999999999999,-46.87385559082031
13:13:47.224153,0.34561,-28.655316752296503,41.514,-45.61317443847656
13:13:47.229069,0.34561,-28.655316752296503,41.514,-45.61317443847656
13:13:47.234049,0.34561,-28.655316752296503,41.514,-45.61317443847656
13:13:47.239059,0.34561,-28.655316752296503,41.514,-45.61317443847656
13:13:47.244113,0.34561,-28.655316752296503,41.514,-45.61317443847656
13:13:47.249065,0.34561,-28.655316752296503,41.514,-45.61317443847656
13:13:47.254119,0.34026,-27.734845560890253,41.214000000000006,-44.35661315917969
13:13:47.259059,0.34026,-27.734845560890253,41.214000000000006,-44.35661315917969
13:13:47.264043,0.34026,-27.734845560890253,41.214000000000006,-44.35661315917969
13:13:47.269084,0.34026,-27.734845560890253,41.214000000000006,-44.35661315917969
13:13:47.274086,0.34026,-27.734845560890253,41.214000000000006,-44.35661315917969
13:13:47.279057,0.34026,-27.734845560890253,41.214000000000006,-44.35661315917969
13:13:47.284070,0.34026,-27.734845560890253,41.214000000000006,-44.35661315917969
13:13:47.289088,0.33063,-27.729367655616816,40.554,-43.04374694824219
13:13:47.294061,0.33063,-27.729367655616816,40.554,-43.04374694824219
13:13:47.299068,0.33063,-27.729367655616816,40.554,-43.04374694824219
13:13:47.304233,0.33063,-27.729367655616816,40.554,-43.04374694824219
13:13:47.309049,0.33063,-27.729367655616816,40.554,-43.04374694824219
13:13:47.314068,0.33063,-27.729367655616816,40.554,-43.04374694824219
13:13:47.319123,0.321,-27.093793314796503,40.692,-41.70478820800781
13:13:47.324061,0.321,-27.093793314796503,40.692,-41.70478820800781
13:13:47.329042,0.321,-27.093793314796503,40.692,-41.70478820800781
13:13:47.334085,0.321,-27.093793314796503,40.692,-41.70478820800781
13:13:47.339071,0.321,-27.093793314796503,40.692,-41.70478820800781
13:13:47.344102,0.321,-27.093793314796503,40.692,-41.70478820800781
13:13:47.349064,0.321,-27.093793314796503,40.692,-41.70478820800781
13:13:47.354132,0.31672,-26.008954447609003,40.824,-40.4571533203125
13:13:47.359067,0.31672,-26.008954447609003,40.824,-40.4571533203125
13:13:47.364057,0.31672,-26.008954447609003,40.824,-40.4571533203125
13:13:47.369142,0.31672,-26.008954447609003,40.824,-40.4571533203125
13:13:47.374054,0.31672,-26.008954447609003,40.824,-40.4571533203125
13:13:47.379054,0.31672,-26.008954447609003,40.824,-40.4571533203125
13:13:47.384134,0.30602,-24.90768186460119,41.298,-39.15321350097656
13:13:47.389099,0.30602,-24.90768186460119,41.298,-39.15321350097656
13:13:47.394043,0.30602,-24.90768186460119,41.298,-39.15321350097656
13:13:47.399223,0.30602,-24.90768186460119,41.298,-39.15321350097656
13:13:47.404037,0.30602,-24.90768186460119,41.298,-39.15321350097656
13:13:47.409058,0.30602,-24.90768186460119,41.298,-39.15321350097656
13:13:47.414071,0.30602,-24.90768186460119,41.298,-39.15321350097656
13:13:47.419144,0.29211,-24.53510801206213,41.262,-37.82524108886719
13:13:47.424066,0.29211,-24.53510801206213,41.262,-37.82524108886719
13:13:47.429064,0.29211,-24.53510801206213,41.262,-37.82524108886719
13:13:47.434058,0.29211,-24.53510801206213,41.262,-37.82524108886719
13:13:47.439070,0.29211,-24.53510801206213,41.262,-37.82524108886719
13:13:47.444105,0.29211,-24.53510801206213,41.262,-37.82524108886719
13:13:47.449194,0.30388,-24.76522580991369,40.13999999999999,-36.53160095214844
13:13:47.454091,0.30388,-24.76522580991369,40.13999999999999,-36.53160095214844
13:13:47.459052,0.30388,-24.76522580991369,40.13999999999999,-36.53160095214844
13:13:47.464096,0.30388,-24.76522580991369,40.13999999999999,-36.53160095214844
13:13:47.469070,0.30388,-24.76522580991369,40.13999999999999,-36.53160095214844
13:13:47.474064,0.30388,-24.76522580991369,40.13999999999999,-36.53160095214844
13:13:47.479630,0.30388,-24.76522580991369,40.13999999999999,-36.53160095214844
13:13:47.484407,0.28569,-23.28040830503088,40.884,-35.19401550292969
13:13:47.489444,0.28569,-23.28040830503088,40.884,-35.19401550292969
13:13:47.494152,0.28569,-23.28040830503088,40.884,-35.19401550292969
13:13:47.499064,0.28569,-23.28040830503088,40.884,-35.19401550292969
13:13:47.504066,0.28569,-23.28040830503088,40.884,-35.19401550292969
13:13:47.509072,0.28569,-23.28040830503088,40.884,-35.19401550292969
13:13:47.514290,0.28569,-21.93258420835119,41.268,-33.899688720703125
13:13:47.519083,0.28569,-21.93258420835119,41.268,-33.899688720703125
13:13:47.524029,0.28569,-21.93258420835119,41.268,-33.899688720703125
13:13:47.529057,0.28569,-21.93258420835119,41.268,-33.899688720703125
13:13:47.534088,0.28569,-21.93258420835119,41.268,-33.899688720703125
13:13:47.539072,0.28569,-21.93258420835119,41.268,-33.899688720703125
13:13:47.544071,0.28569,-21.93258420835119,41.268,-33.899688720703125
13:13:47.549261,0.28569,-22.014768046241816,41.436,-32.660980224609375
13:13:47.554092,0.28569,-22.014768046241816,41.436,-32.660980224609375
13:13:47.559066,0.28569,-22.014768046241816,41.436,-32.660980224609375
13:13:47.564105,0.28569,-22.014768046241816,41.436,-32.660980224609375
13:13:47.569063,0.28569,-22.014768046241816,41.436,-32.660980224609375
13:13:47.574045,0.28569,-22.014768046241816,41.436,-32.660980224609375
13:13:47.579101,0.26429,-21.87231199155432,41.406000000000006,-31.326828002929684
13:13:47.584065,0.26429,-21.87231199155432,41.406000000000006,-31.326828002929684
13:13:47.589039,0.26429,-21.87231199155432,41.406000000000006,-31.326828002929684
13:13:47.594153,0.26429,-21.87231199155432,41.406000000000006,-31.326828002929684
13:13:47.599049,0.26429,-21.87231199155432,41.406000000000006,-31.326828002929684
13:13:47.604049,0.26429,-21.87231199155432,41.406000000000006,-31.326828002929684
13:13:47.609144,0.26429,-21.87231199155432,41.406000000000006,-31.326828002929684
13:13:47.614067,0.26215,-20.16834775815588,40.968,-30.051040649414062
13:13:47.619058,0.26215,-20.16834775815588,40.968,-30.051040649414062
13:13:47.624058,0.26215,-20.16834775815588,40.968,-30.051040649414062
13:13:47.629071,0.26215,-20.16834775815588,40.968,-30.051040649414062
13:13:47.634064,0.26215,-20.16834775815588,40.968,-30.051040649414062
13:13:47.639069,0.26215,-20.16834775815588,40.968,-30.051040649414062
13:13:47.644118,0.26322,-19.187604349952757,40.938,-28.76426696777344
13:13:47.649056,0.26322,-19.187604349952757,40.938,-28.76426696777344
13:13:47.654068,0.26322,-19.187604349952757,40.938,-28.76426696777344
13:13:47.659036,0.26322,-19.187604349952757,40.938,-28.76426696777344
13:13:47.664062,0.26322,-19.187604349952757,40.938,-28.76426696777344
13:13:47.669062,0.26322,-19.187604349952757,40.938,-28.76426696777344
13:13:47.674111,0.26322,-19.187604349952757,40.938,-28.76426696777344
13:13:47.679101,0.24503,-18.62875120053869,40.938,-27.476806640625
13:13:47.684072,0.24503,-18.62875120053869,40.938,-27.476806640625
13:13:47.689137,0.24503,-18.62875120053869,40.938,-27.476806640625
13:13:47.694067,0.24503,-18.62875120053869,40.938,-27.476806640625
13:13:47.699057,0.24503,-18.62875120053869,40.938,-27.476806640625
13:13:47.704055,0.24503,-18.62875120053869,40.938,-27.476806640625
13:13:47.709131,0.24075,-18.79311887631994,40.908,-26.163253784179688
13:13:47.714083,0.24075,-18.79311887631994,40.908,-26.163253784179688
13:13:47.719045,0.24075,-18.79311887631994,40.908,-26.163253784179688
13:13:47.724070,0.24075,-18.79311887631994,40.908,-26.163253784179688
13:13:47.729072,0.24075,-18.79311887631994,40.908,-26.163253784179688
13:13:47.734072,0.24075,-18.79311887631994,40.908,-26.163253784179688
13:13:47.739512,0.24075,-18.79311887631994,40.908,-26.163253784179688
13:13:47.744072,0.2247,-17.16036741147619,41.1,-24.8291015625
13:13:47.749060,0.2247,-17.16036741147619,41.1,-24.8291015625
13:13:47.754073,0.2247,-17.16036741147619,41.1,-24.8291015625
13:13:47.759160,0.2247,-17.16036741147619,41.1,-24.8291015625
13:13:47.764066,0.2247,-17.16036741147619,41.1,-24.8291015625
13:13:47.769062,0.2247,-17.16036741147619,41.1,-24.8291015625
13:13:47.774104,0.23112,-15.785138529640252,40.692,-23.52447509765625
13:13:47.779069,0.23112,-15.785138529640252,40.692,-23.52447509765625
13:13:47.784085,0.23112,-15.785138529640252,40.692,-23.52447509765625
13:13:47.789152,0.23112,-15.785138529640252,40.692,-23.52447509765625
13:13:47.794064,0.23112,-15.785138529640252,40.692,-23.52447509765625
13:13:47.799061,0.23112,-15.785138529640252,40.692,-23.52447509765625
13:13:47.804072,0.23112,-15.785138529640252,40.692,-23.52447509765625
13:13:47.809097,0.21935,-15.648160380226187,40.746,-22.228775024414062
13:13:47.814070,0.21935,-15.648160380226187,40.746,-22.228775024414062
13:13:47.819059,0.21935,-15.648160380226187,40.746,-22.228775024414062
13:13:47.824058,0.21935,-15.648160380226187,40.746,-22.228775024414062
13:13:47.829054,0.21935,-15.648160380226187,40.746,-22.228775024414062
13:13:47.834068,0.21935,-15.648160380226187,40.746,-22.228775024414062
13:13:47.839281,0.20651,-15.193417948585564,41.568000000000005,-20.952301025390625
13:13:47.844096,0.20651,-15.193417948585564,41.568000000000005,-20.952301025390625
13:13:47.849063,0.20651,-15.193417948585564,41.568000000000005,-20.952301025390625
13:13:47.854086,0.20651,-15.193417948585564,41.568000000000005,-20.952301025390625
13:13:47.859069,0.20651,-15.193417948585564,41.568000000000005,-20.952301025390625
13:13:47.864089,0.20651,-15.193417948585564,41.568000000000005,-20.952301025390625
13:13:47.869104,0.20651,-15.193417948585564,41.568000000000005,-20.952301025390625
13:13:47.874280,0.20865,-13.949674052101187,40.392,-19.582443237304688
13:13:47.879084,0.20865,-13.949674052101187,40.392,-19.582443237304688
13:13:47.884065,0.20865,-13.949674052101187,40.392,-19.582443237304688
13:13:47.889164,0.20865,-13.949674052101187,40.392,-19.582443237304688
13:13:47.894051,0.20865,-13.949674052101187,40.392,-19.582443237304688
13:13:47.899051,0.20865,-13.949674052101187,40.392,-19.582443237304688
13:13:47.904156,0.19581,-12.815518778663687,40.692,-18.321075439453125
13:13:47.909069,0.19581,-12.815518778663687,40.692,-18.321075439453125
13:13:47.914058,0.19581,-12.815518778663687,40.692,-18.321075439453125
13:13:47.919062,0.19581,-12.815518778663687,40.692,-18.321075439453125
13:13:47.924083,0.19581,-12.815518778663687,40.692,-18.321075439453125
13:13:47.929072,0.19581,-12.815518778663687,40.692,-18.321075439453125
13:13:47.934067,0.19581,-12.815518778663687,40.692,-18.321075439453125
13:13:47.939228,0.18511,-12.196393412452752,40.854,-17.028121948242188
13:13:47.944092,0.18511,-12.196393412452752,40.854,-17.028121948242188
13:13:47.949069,0.18511,-12.196393412452752,40.854,-17.028121948242188
13:13:47.954061,0.18511,-12.196393412452752,40.854,-17.028121948242188
13:13:47.959095,0.18511,-12.196393412452752,40.854,-17.028121948242188
13:13:47.964094,0.18511,-12.196393412452752,40.854,-17.028121948242188
13:13:47.969325,0.1819,-11.511517924171502,41.046,-15.769500732421877
13:13:47.974058,0.1819,-11.511517924171502,41.046,-15.769500732421877
13:13:47.979056,0.1819,-11.511517924171502,41.046,-15.769500732421877
13:13:47.984057,0.1819,-11.511517924171502,41.046,-15.769500732421877
13:13:47.989195,0.1819,-11.511517924171502,41.046,-15.769500732421877
13:13:47.994060,0.1819,-11.511517924171502,41.046,-15.769500732421877
13:13:47.999049,0.1819,-11.511517924171502,41.046,-15.769500732421877
13:13:48.004095,0.17762,-10.76638547788244,40.416,-14.398956298828129
13:13:48.009053,0.17762,-10.76638547788244,40.416,-14.398956298828129
13:13:48.014088,0.17762,-10.76638547788244,40.416,-14.398956298828129
13:13:48.019061,0.17762,-10.76638547788244,40.416,-14.398956298828129
13:13:48.024082,0.17762,-10.76638547788244,40.416,-14.398956298828129
13:13:48.029069,0.17762,-10.76638547788244,40.416,-14.398956298828129
13:13:48.034317,0.15836,-9.276090067726187,40.692,-13.11767578125
13:13:48.039112,0.15836,-9.276090067726187,40.692,-13.11767578125
13:13:48.044064,0.15836,-9.276090067726187,40.692,-13.11767578125
13:13:48.049061,0.15836,-9.276090067726187,40.692,-13.11767578125
13:13:48.054070,0.15836,-9.276090067726187,40.692,-13.11767578125
13:13:48.059072,0.15836,-9.276090067726187,40.692,-13.11767578125
13:13:48.064085,0.15836,-9.276090067726187,40.692,-13.11767578125
13:13:48.069152,0.15408,-8.848721903663689,40.17,-11.795883178710938
13:13:48.074070,0.15408,-8.848721903663689,40.17,-11.795883178710938
13:13:48.079046,0.15408,-8.848721903663689,40.17,-11.795883178710938
13:13:48.084090,0.15408,-8.848721903663689,40.17,-11.795883178710938
13:13:48.089152,0.15408,-8.848721903663689,40.17,-11.795883178710938
13:13:48.094052,0.15408,-8.848721903663689,40.17,-11.795883178710938
13:13:48.099176,0.15729,-7.747449320655877,41.292,-10.535888671875
13:13:48.104066,0.15729,-7.747449320655877,41.292,-10.535888671875
13:13:48.109065,0.15729,-7.747449320655877,41.292,-10.535888671875
13:13:48.114083,0.15729,-7.747449320655877,41.292,-10.535888671875
13:13:48.119040,0.15729,-7.747449320655877,41.292,-10.535888671875
13:13:48.124084,0.15729,-7.747449320655877,41.292,-10.535888671875
13:13:48.129082,0.15729,-7.747449320655877,41.292,-10.535888671875
13:13:48.134092,0.15622,-7.303647440773065,40.224,-9.2010498046875
13:13:48.139059,0.15622,-7.303647440773065,40.224,-9.2010498046875
13:13:48.144058,0.15622,-7.303647440773065,40.224,-9.2010498046875
13:13:48.149073,0.15622,-7.303647440773065,40.224,-9.2010498046875
13:13:48.154069,0.15622,-7.303647440773065,40.224,-9.2010498046875
13:13:48.159068,0.15622,-7.303647440773065,40.224,-9.2010498046875
13:13:48.164479,0.15622,-7.303647440773065,40.224,-9.2010498046875
13:13:48.169343,0.12626,-6.213330668312127,40.5,-7.871704101562499
13:13:48.174423,0.12626,-6.213330668312127,40.5,-7.871704101562499
13:13:48.179121,0.12626,-6.213330668312127,40.5,-7.871704101562499
13:13:48.184414,0.12626,-6.213330668312127,40.5,-7.871704101562499
13:13:48.189259,0.12626,-6.213330668312127,40.5,-7.871704101562499
13:13:48.194391,0.12626,-6.213330668312127,40.5,-7.871704101562499
13:13:48.199161,0.13589,-5.413388651710565,41.65200000000001,-6.57257080078125
13:13:48.204113,0.13589,-5.413388651710565,41.65200000000001,-6.57257080078125
13:13:48.209089,0.13589,-5.413388651710565,41.65200000000001,-6.57257080078125
13:13:48.214069,0.13589,-5.413388651710565,41.65200000000001,-6.57257080078125
13:13:48.219058,0.13589,-5.413388651710565,41.65200000000001,-6.57257080078125
13:13:48.224064,0.13589,-5.413388651710565,41.65200000000001,-6.57257080078125
13:13:48.229299,0.11984,-5.413388651710565,41.982,-5.310516357421875
13:13:48.234060,0.11984,-3.977902811866815,41.982,-5.310516357421875
13:13:48.239054,0.11984,-3.977902811866815,41.982,-5.310516357421875
13:13:48.244073,0.11984,-3.977902811866815,41.982,-5.310516357421875
13:13:48.249082,0.11984,-3.977902811866815,41.982,-5.310516357421875
13:13:48.254068,0.11984,-3.977902811866815,41.982,-5.310516357421875
13:13:48.259116,0.11984,-3.977902811866815,41.982,-5.310516357421875
13:13:48.264252,0.11128,-3.6875127972183774,40.776,-3.9825439453125
13:13:48.269091,0.11128,-3.6875127972183774,40.776,-3.9825439453125
13:13:48.274066,0.11128,-3.6875127972183774,40.776,-3.9825439453125
13:13:48.279086,0.11128,-3.6875127972183774,40.776,-3.9825439453125
13:13:48.284081,0.11128,-3.6875127972183774,40.776,-3.9825439453125
13:13:48.289211,0.11128,-3.6875127972183774,40.776,-3.9825439453125
13:13:48.294177,0.11128,-3.6875127972183774,40.776,-3.9825439453125
13:13:48.299349,0.10807,-2.723203104835565,40.584,-2.646331787109375
13:13:48.304449,0.10807,-2.723203104835565,40.584,-2.646331787109375
13:13:48.309101,0.10807,-2.723203104835565,40.584,-2.646331787109375
13:13:48.314105,0.10807,-2.723203104835565,40.584,-2.646331787109375
13:13:48.319088,0.10807,-2.723203104835565,40.584,-2.646331787109375
13:13:48.324427,0.10807,-2.723203104835565,40.584,-2.646331787109375
13:13:48.329389,0.08774,-1.7041143597183772,41.076,-1.34857177734375
13:13:48.334290,0.08774,-1.7041143597183772,41.076,-1.34857177734375
13:13:48.339315,0.08774,-1.7041143597183772,41.076,-1.34857177734375
13:13:48.344128,0.08774,-1.7041143597183772,41.076,-1.34857177734375
13:13:48.349500,0.08774,-1.7041143597183772,41.076,-1.34857177734375
13:13:48.354382,0.08774,-1.7041143597183772,41.076,-1.34857177734375
13:13:48.359399,0.08774,-1.7041143597183772,41.076,-1.34857177734375
13:13:48.364288,0.09095,-0.6302313030777522,40.662,-0.1078033447265625
13:13:48.369330,0.09095,-0.6302313030777522,40.662,-0.1078033447265625
13:13:48.374333,0.09095,-0.6302313030777522,40.662,-0.1078033447265625
13:13:48.379402,0.09095,-0.6302313030777522,40.662,-0.1078033447265625
13:13:48.384327,0.09095,-0.6302313030777522,40.662,-0.1078033447265625
13:13:48.389285,0.09095,-0.6302313030777522,40.662,-0.1078033447265625
13:13:48.394324,0.09202,0.1203943072738102,40.722,1.20574951171875
13:13:48.399292,0.09202,0.1203943072738102,40.722,1.20574951171875
13:13:48.404094,0.09202,0.1203943072738102,40.722,1.20574951171875
13:13:48.409063,0.09202,0.1203943072738102,40.722,1.20574951171875
13:13:48.414096,0.09202,0.1203943072738102,40.722,1.20574951171875
13:13:48.419069,0.09202,0.1203943072738102,40.722,1.20574951171875
13:13:48.424441,0.09202,0.1203943072738102,40.722,1.20574951171875
13:13:48.429087,0.0738299999999999,0.4162622271956853,41.268,2.522735595703125
13:13:48.434063,0.0738299999999999,0.4162622271956853,41.268,2.522735595703125
13:13:48.439066,0.0738299999999999,0.4162622271956853,41.268,2.522735595703125
13:13:48.444085,0.0738299999999999,0.4162622271956853,41.268,2.522735595703125
13:13:48.449072,0.0738299999999999,0.4162622271956853,41.268,2.522735595703125
13:13:48.454069,0.0738299999999999,0.4162622271956853,41.268,2.522735595703125
13:13:48.459274,0.05885,2.10379274477381,41.13,3.8204956054687504
13:13:48.464145,0.05885,2.10379274477381,41.13,3.8204956054687504
13:13:48.469081,0.05885,2.10379274477381,41.13,3.8204956054687504
13:13:48.474079,0.05885,2.10379274477381,41.13,3.8204956054687504
13:13:48.478981,0.05885,2.10379274477381,41.13,3.8204956054687504
13:13:48.484043,0.05885,2.10379274477381,41.13,3.8204956054687504
13:13:48.489153,0.06527,2.963991719383185,40.13999999999999,5.129241943359375
13:13:48.494047,0.06527,2.963991719383185,40.13999999999999,5.129241943359375
13:13:48.499036,0.06527,2.963991719383185,40.13999999999999,5.129241943359375
13:13:48.504095,0.06527,2.963991719383185,40.13999999999999,5.129241943359375
13:13:48.509087,0.06527,2.963991719383185,40.13999999999999,5.129241943359375
13:13:48.514062,0.06527,2.963991719383185,40.13999999999999,5.129241943359375
13:13:48.519062,0.06527,2.963991719383185,40.13999999999999,5.129241943359375
13:13:48.524204,0.05243,3.80227907289881,41.268,6.3727569580078125
13:13:48.529082,0.05243,3.80227907289881,41.268,6.3727569580078125
13:13:48.534062,0.05243,3.80227907289881,41.268,6.3727569580078125
13:13:48.539065,0.05243,3.80227907289881,41.268,6.3727569580078125
13:13:48.544084,0.05243,3.80227907289881,41.268,6.3727569580078125
13:13:48.549072,0.05243,3.80227907289881,41.268,6.3727569580078125
13:13:48.554198,0.03959,3.8789850055159976,41.16,7.672576904296875
13:13:48.559071,0.03959,3.8789850055159976,41.16,7.672576904296875
13:13:48.564063,0.03959,3.8789850055159976,41.16,7.672576904296875
13:13:48.569137,0.03959,3.8789850055159976,41.16,7.672576904296875
13:13:48.574051,0.03959,3.8789850055159976,41.16,7.672576904296875
13:13:48.579056,0.03959,3.8789850055159976,41.16,7.672576904296875
13:13:48.584057,0.03959,3.8789850055159976,41.16,7.672576904296875
13:13:48.589142,0.0428,5.52817018618006,40.032,8.95660400390625
13:13:48.594050,0.0428,5.52817018618006,40.032,8.95660400390625
13:13:48.599055,0.0428,5.52817018618006,40.032,8.95660400390625
13:13:48.604055,0.0428,5.52817018618006,40.032,8.95660400390625
13:13:48.609059,0.0428,5.52817018618006,40.032,8.95660400390625
13:13:48.614091,0.0428,5.52817018618006,40.032,8.95660400390625
13:13:48.619053,0.0321,6.240435200828498,40.278,10.290069580078123
13:13:48.624054,0.0321,6.240435200828498,40.278,10.290069580078123
13:13:48.629044,0.0321,6.240435200828498,40.278,10.290069580078123
13:13:48.634071,0.0321,6.240435200828498,40.278,10.290069580078123
13:13:48.639056,0.0321,6.240435200828498,40.278,10.290069580078123
13:13:48.644066,0.0321,6.240435200828498,40.278,10.290069580078123
13:13:48.649071,0.0321,6.240435200828498,40.278,10.290069580078123
13:13:48.654167,0.02033,7.308840352195685,40.908,11.544570922851562
13:13:48.659113,0.02033,7.308840352195685,40.908,11.544570922851562
13:13:48.664070,0.02033,7.308840352195685,40.908,11.544570922851562
13:13:48.669048,0.02033,7.308840352195685,40.908,11.544570922851562
13:13:48.674063,0.02033,7.308840352195685,40.908,11.544570922851562
13:13:48.679091,0.02033,7.308840352195685,40.908,11.544570922851562
13:13:48.684121,0.01926,7.53348024477381,40.83,12.840957641601562
13:13:48.689059,0.01926,7.53348024477381,40.83,12.840957641601562
13:13:48.694095,0.01926,7.53348024477381,40.83,12.840957641601562
13:13:48.699057,0.01926,7.53348024477381,40.83,12.840957641601562
13:13:48.704061,0.01926,7.53348024477381,40.83,12.840957641601562
13:13:48.709105,0.01926,7.53348024477381,40.83,12.840957641601562
13:13:48.714087,0.01926,7.53348024477381,40.83,12.840957641601562
13:13:48.719110,0.01177,8.755297261375373,40.632,14.178543090820312
13:13:48.724070,0.01177,8.755297261375373,40.632,14.178543090820312
13:13:48.729059,0.01177,8.755297261375373,40.632,14.178543090820312
13:13:48.734061,0.01177,8.755297261375373,40.632,14.178543090820312
13:13:48.739069,0.01177,8.755297261375373,40.632,14.178543090820312
13:13:48.744071,0.01177,8.755297261375373,40.632,14.178543090820312
13:13:48.749132,0.00428,9.977114277976936,40.446,15.49827575683594
13:13:48.754073,0.00428,9.977114277976936,40.446,15.49827575683594
13:13:48.759070,0.00428,9.977114277976936,40.446,15.49827575683594
13:13:48.764057,0.00428,9.977114277976936,40.446,15.49827575683594
13:13:48.769059,0.00428,9.977114277976936,40.446,15.49827575683594
13:13:48.774066,0.00428,9.977114277976936,40.446,15.49827575683594
13:13:48.779102,0.00428,9.977114277976936,40.446,15.49827575683594
13:13:48.784099,-0.00214,10.404482442039436,40.938,16.790542602539062
13:13:48.789056,-0.00214,10.404482442039436,40.938,16.790542602539062
13:13:48.794083,-0.00214,10.404482442039436,40.938,16.790542602539062
13:13:48.799060,-0.00214,10.404482442039436,40.938,16.790542602539062
13:13:48.804053,-0.00214,10.404482442039436,40.938,16.790542602539062
13:13:48.809068,-0.00214,10.404482442039436,40.938,16.790542602539062
13:13:48.814118,-0.00107,11.555071431297248,41.46,18.057403564453125
13:13:48.819062,-0.00107,11.555071431297248,41.46,18.057403564453125
13:13:48.824058,-0.00107,11.555071431297248,41.46,18.057403564453125
13:13:48.829082,-0.00107,11.555071431297248,41.46,18.057403564453125
13:13:48.834060,-0.00107,11.555071431297248,41.46,18.057403564453125
13:13:48.839069,-0.00107,11.555071431297248,41.46,18.057403564453125
13:13:48.844475,-0.00749,11.555071431297248,40.278,19.353103637695312
13:13:48.849065,-0.00749,12.004351216453498,40.278,19.353103637695312
13:13:48.854054,-0.00749,12.004351216453498,40.278,19.353103637695312
13:13:48.859069,-0.00749,12.004351216453498,40.278,19.353103637695312
13:13:48.864067,-0.00749,12.004351216453498,40.278,19.353103637695312
13:13:48.869070,-0.00749,12.004351216453498,40.278,19.353103637695312
13:13:48.874111,-0.00749,12.004351216453498,40.278,19.353103637695312
13:13:48.879696,-0.01819,13.291903096336313,40.584,20.6597900390625
13:13:48.884474,-0.01819,13.291903096336313,40.584,20.6597900390625
13:13:48.889382,-0.01819,13.291903096336313,40.584,20.6597900390625
13:13:48.894407,-0.01819,13.291903096336313,40.584,20.6597900390625
13:13:48.899336,-0.01819,13.291903096336313,40.584,20.6597900390625
13:13:48.904335,-0.01819,13.291903096336313,40.584,20.6597900390625
13:13:48.909337,-0.01819,13.291903096336313,40.584,20.6597900390625
13:13:48.914312,-0.02033,13.615175801414436,40.746,21.991195678710938
13:13:48.919048,-0.02033,13.615175801414436,40.746,21.991195678710938
13:13:48.924062,-0.02033,13.615175801414436,40.746,21.991195678710938
13:13:48.929100,-0.02033,13.615175801414436,40.746,21.991195678710938
13:13:48.934097,-0.02033,13.615175801414436,40.746,21.991195678710938
13:13:48.939043,-0.02033,13.615175801414436,40.746,21.991195678710938
13:13:48.944346,-0.02889,14.990404683250372,40.692,23.262176513671875
13:13:48.949354,-0.02889,14.990404683250372,40.692,23.262176513671875
13:13:48.954380,-0.02889,14.990404683250372,40.692,23.262176513671875
13:13:48.959395,-0.02889,14.990404683250372,40.692,23.262176513671875
13:13:48.964394,-0.02889,14.990404683250372,40.692,23.262176513671875
13:13:48.969431,-0.02889,14.990404683250372,40.692,23.262176513671875
13:13:48.974299,-0.02889,14.990404683250372,40.692,23.262176513671875
13:13:48.979201,-0.03745,15.291750508445686,40.362,24.594268798828125
13:13:48.984317,-0.03745,15.291750508445686,40.362,24.594268798828125
13:13:48.989342,-0.03745,15.291750508445686,40.362,24.594268798828125
13:13:48.994395,-0.03745,15.291750508445686,40.362,24.594268798828125
13:13:48.999404,-0.03745,15.291750508445686,40.362,24.594268798828125
13:13:49.004337,-0.03745,15.291750508445686,40.362,24.594268798828125
13:13:49.009204,-0.04387,16.491640645164434,40.386,25.918121337890625
13:13:49.014268,-0.04387,16.491640645164434,40.386,25.918121337890625
13:13:49.019281,-0.04387,16.491640645164434,40.386,25.918121337890625
13:13:49.024112,-0.04387,16.491640645164434,40.386,25.918121337890625
13:13:49.029450,-0.04387,16.491640645164434,40.386,25.918121337890625
13:13:49.034388,-0.04387,16.491640645164434,40.386,25.918121337890625
13:13:49.039341,-0.04387,16.491640645164434,40.386,25.918121337890625
13:13:49.044193,-0.04494,16.87517030825037,40.938,27.212448120117188
13:13:49.049068,-0.04494,16.87517030825037,40.938,27.212448120117188
13:13:49.054097,-0.04494,16.87517030825037,40.938,27.212448120117188
13:13:49.059063,-0.04494,16.87517030825037,40.938,27.212448120117188
13:13:49.064069,-0.04494,16.87517030825037,40.938,27.212448120117188
13:13:49.069069,-0.04494,16.87517030825037,40.938,27.212448120117188
13:13:49.074415,-0.05457,18.25039919008631,40.308,28.46763610839844
13:13:49.079091,-0.05457,18.25039919008631,40.308,28.46763610839844
13:13:49.084068,-0.05457,18.25039919008631,40.308,28.46763610839844
13:13:49.089097,-0.05457,18.25039919008631,40.308,28.46763610839844
13:13:49.094082,-0.05457,18.25039919008631,40.308,28.46763610839844
13:13:49.099062,-0.05457,18.25039919008631,40.308,28.46763610839844
13:13:49.104061,-0.05457,18.25039919008631,40.308,28.46763610839844
13:13:49.109107,-0.05457,18.90788515200037,41.406000000000006,29.78599548339844
13:13:49.114192,-0.05457,18.90788515200037,41.406000000000006,29.78599548339844
13:13:49.119055,-0.05457,18.90788515200037,41.406000000000006,29.78599548339844
13:13:49.124054,-0.05457,18.90788515200037,41.406000000000006,29.78599548339844
13:13:49.129090,-0.05457,18.90788515200037,41.406000000000006,29.78599548339844
13:13:49.134084,-0.05457,18.90788515200037,41.406000000000006,29.78599548339844
13:13:49.139309,-0.06848,18.84213502993006,40.13999999999999,31.104354858398438
13:13:49.144097,-0.06848,18.84213502993006,40.13999999999999,31.104354858398438
13:13:49.149071,-0.06848,18.84213502993006,40.13999999999999,31.104354858398438
13:13:49.154059,-0.06848,18.84213502993006,40.13999999999999,31.104354858398438
13:13:49.159065,-0.06848,18.84213502993006,40.13999999999999,31.104354858398438
13:13:49.164068,-0.06848,18.84213502993006,40.13999999999999,31.104354858398438
13:13:49.169105,-0.06848,18.84213502993006,40.13999999999999,31.104354858398438
13:13:49.174058,-0.0738299999999999,20.33243044008631,40.83,32.380828857421875
13:13:49.179059,-0.0738299999999999,20.33243044008631,40.83,32.380828857421875
13:13:49.184103,-0.0738299999999999,20.33243044008631,40.83,32.380828857421875
13:13:49.189091,-0.0738299999999999,20.33243044008631,40.83,32.380828857421875
13:13:49.194094,-0.0738299999999999,20.33243044008631,40.83,32.380828857421875
13:13:49.199107,-0.0738299999999999,20.33243044008631,40.83,32.380828857421875
13:13:49.204164,-0.06955,21.17619569887537,40.440000000000005,33.70124816894531
13:13:49.209228,-0.06955,21.17619569887537,40.440000000000005,33.70124816894531
13:13:49.214049,-0.06955,21.17619569887537,40.440000000000005,33.70124816894531
13:13:49.219059,-0.06955,21.17619569887537,40.440000000000005,33.70124816894531
13:13:49.224117,-0.06955,21.17619569887537,40.440000000000005,33.70124816894531
13:13:49.229126,-0.06955,21.17619569887537,40.440000000000005,33.70124816894531
13:13:49.234044,-0.06955,21.17619569887537,40.440000000000005,33.70124816894531
13:13:49.239162,-0.08988,21.93777711977381,40.308,35.01068115234375
13:13:49.244097,-0.08988,21.93777711977381,40.308,35.01068115234375
13:13:49.249089,-0.08988,21.93777711977381,40.308,35.01068115234375
13:13:49.254122,-0.08988,21.93777711977381,40.308,35.01068115234375
13:13:49.259067,-0.08988,21.93777711977381,40.308,35.01068115234375
13:13:49.264070,-0.08988,21.93777711977381,40.308,35.01068115234375
13:13:49.269136,-0.0856,21.74052675356287,40.662,36.287841796875
13:13:49.274057,-0.0856,21.74052675356287,40.662,36.287841796875
13:13:49.279067,-0.0856,21.74052675356287,40.662,36.287841796875
13:13:49.284063,-0.0856,21.74052675356287,40.662,36.287841796875
13:13:49.289088,-0.0856,21.74052675356287,40.662,36.287841796875
13:13:49.294071,-0.0856,21.74052675356287,40.662,36.287841796875
13:13:49.299092,-0.0856,21.74052675356287,40.662,36.287841796875
13:13:49.304275,-0.09416,23.20341737856287,40.854,37.602081298828125
13:13:49.309174,-0.09416,23.20341737856287,40.854,37.602081298828125
13:13:49.314065,-0.09416,23.20341737856287,40.854,37.602081298828125
13:13:49.319066,-0.09416,23.20341737856287,40.854,37.602081298828125
13:13:49.324057,-0.09416,23.20341737856287,40.854,37.602081298828125
13:13:49.329104,-0.09416,23.20341737856287,40.854,37.602081298828125
13:13:49.334326,-0.10165,24.12388856996912,39.732000000000006,38.9300537109375
13:13:49.339088,-0.10165,24.12388856996912,39.732000000000006,38.9300537109375
13:13:49.344453,-0.10165,24.12388856996912,39.732000000000006,38.9300537109375
13:13:49.349337,-0.10165,24.12388856996912,39.732000000000006,38.9300537109375
13:13:49.354383,-0.10165,24.12388856996912,39.732000000000006,38.9300537109375
13:13:49.359394,-0.10165,24.12388856996912,39.732000000000006,38.9300537109375
13:13:49.364133,-0.10165,24.12388856996912,39.732000000000006,38.9300537109375
13:13:49.369259,-0.11128,24.80328615297693,40.794,40.21476745605469
13:13:49.374097,-0.11128,24.80328615297693,40.794,40.21476745605469
13:13:49.379086,-0.11128,24.80328615297693,40.794,40.21476745605469
13:13:49.384112,-0.11128,24.80328615297693,40.794,40.21476745605469
13:13:49.389064,-0.11128,24.80328615297693,40.794,40.21476745605469
13:13:49.394087,-0.11128,24.80328615297693,40.794,40.21476745605469
13:13:49.399553,-0.10807,24.46359499086756,40.854,41.5283203125
13:13:49.404241,-0.10807,24.46359499086756,40.854,41.5283203125
13:13:49.409299,-0.10807,24.46359499086756,40.854,41.5283203125
13:13:49.414384,-0.10807,24.46359499086756,40.854,41.5283203125
13:13:49.419399,-0.10807,24.46359499086756,40.854,41.5283203125
13:13:49.424438,-0.10807,24.46359499086756,40.854,41.5283203125
13:13:49.429416,-0.10807,24.46359499086756,40.854,41.5283203125
13:13:49.434482,-0.12198,25.910051900047247,40.47,42.83638000488281
13:13:49.439305,-0.12198,25.910051900047247,40.47,42.83638000488281
13:13:49.444148,-0.12198,25.910051900047247,40.47,42.83638000488281
13:13:49.449052,-0.12198,25.910051900047247,40.47,42.83638000488281
13:13:49.454065,-0.12198,25.910051900047247,40.47,42.83638000488281
13:13:49.459066,-0.12198,25.910051900047247,40.47,42.83638000488281
13:13:49.464161,-0.12091,26.994890767234747,39.918,44.09431457519531
13:13:49.469072,-0.12091,26.994890767234747,39.918,44.09431457519531
13:13:49.474042,-0.12091,26.994890767234747,39.918,44.09431457519531
13:13:49.479060,-0.12091,26.994890767234747,39.918,44.09431457519531
13:13:49.484110,-0.12091,26.994890767234747,39.918,44.09431457519531
13:13:49.489122,-0.12091,26.994890767234747,39.918,44.09431457519531
13:13:49.494062,-0.12091,26.994890767234747,39.918,44.09431457519531
13:13:49.499126,-0.13054,26.53465517153162,40.224,45.38108825683594
13:13:49.504165,-0.13054,26.53465517153162,40.224,45.38108825683594
13:13:49.509191,-0.13054,26.53465517153162,40.224,45.38108825683594
13:13:49.514036,-0.13054,26.53465517153162,40.224,45.38108825683594
13:13:49.519063,-0.13054,26.53465517153162,40.224,45.38108825683594
13:13:49.524065,-0.13054,26.53465517153162,40.224,45.38108825683594
13:13:49.529118,-0.13696,27.60306032289881,40.116,46.679534912109375
13:13:49.534061,-0.13696,27.60306032289881,40.116,46.679534912109375
13:13:49.539088,-0.13696,27.60306032289881,40.116,46.679534912109375
13:13:49.544059,-0.13696,27.60306032289881,40.116,46.679534912109375
13:13:49.549097,-0.13696,27.60306032289881,40.116,46.679534912109375
13:13:49.554130,-0.13696,27.60306032289881,40.116,46.679534912109375
13:13:49.559039,-0.13696,27.60306032289881,40.116,46.679534912109375
13:13:49.564108,-0.13268,28.34820802797693,40.032,47.99308776855469
13:13:49.569096,-0.13268,28.34820802797693,40.032,47.99308776855469
13:13:49.574091,-0.13268,28.34820802797693,40.032,47.99308776855469
13:13:49.579073,-0.13268,28.34820802797693,40.032,47.99308776855469
13:13:49.584061,-0.13268,28.34820802797693,40.032,47.99308776855469
13:13:49.589052,-0.13268,28.34820802797693,40.032,47.99308776855469
13:13:49.594131,-0.14231,28.98924501528162,40.5,49.28398132324219
13:13:49.599060,-0.14231,28.98924501528162,40.5,49.28398132324219
13:13:49.604063,-0.14231,28.98924501528162,40.5,49.28398132324219
13:13:49.609084,-0.14231,28.98924501528162,40.5,49.28398132324219
13:13:49.614187,-0.14231,28.98924501528162,40.5,49.28398132324219
13:13:49.619058,-0.14231,28.98924501528162,40.5,49.28398132324219
13:13:49.624071,-0.14231,28.98924501528162,40.5,49.28398132324219
13:13:49.629107,-0.14445,28.94540651430506,40.854,50.57899475097656
13:13:49.634098,-0.14445,28.94540651430506,40.854,50.57899475097656
13:13:49.639070,-0.14445,28.94540651430506,40.854,50.57899475097656
13:13:49.644086,-0.14445,28.94540651430506,40.854,50.57899475097656
13:13:49.649085,-0.14445,28.94540651430506,40.854,50.57899475097656
13:13:49.654110,-0.14445,28.94540651430506,40.854,50.57899475097656
13:13:49.659245,-0.14445,29.96451051821131,40.224,51.84173583984375
13:13:49.664044,-0.14445,29.96451051821131,40.224,51.84173583984375
13:13:49.669066,-0.14445,29.96451051821131,40.224,51.84173583984375
13:13:49.674383,-0.14445,29.96451051821131,40.224,51.84173583984375
13:13:49.679399,-0.14445,29.96451051821131,40.224,51.84173583984375
13:13:49.684407,-0.14445,29.96451051821131,40.224,51.84173583984375
13:13:49.689434,-0.14445,29.96451051821131,40.224,51.84173583984375
13:13:49.694163,-0.15836,30.824709492820684,41.046,53.18824768066406
13:13:49.699066,-0.15836,30.824709492820684,41.046,53.18824768066406
13:13:49.704064,-0.15836,30.824709492820684,41.046,53.18824768066406
13:13:49.709180,-0.15836,30.824709492820684,41.046,53.18824768066406
13:13:49.714390,-0.15836,30.824709492820684,41.046,53.18824768066406
13:13:49.719264,-0.15836,30.824709492820684,41.046,53.18824768066406
13:13:49.724290,-0.15515,31.07126100649256,40.662,54.51347351074219
13:13:49.729364,-0.15515,31.07126100649256,40.662,54.51347351074219
13:13:49.734389,-0.15515,31.07126100649256,40.662,54.51347351074219
13:13:49.739390,-0.15515,31.07126100649256,40.662,54.51347351074219
13:13:49.744271,-0.15515,31.07126100649256,40.662,54.51347351074219
13:13:49.749096,-0.15515,31.07126100649256,40.662,54.51347351074219
13:13:49.754103,-0.15515,31.07126100649256,40.662,54.51347351074219
13:13:49.759051,-0.15194,30.97812135805506,40.13999999999999,55.76042175292969
13:13:49.764053,-0.15194,30.97812135805506,40.13999999999999,55.76042175292969
13:13:49.769064,-0.15194,30.97812135805506,40.13999999999999,55.76042175292969
13:13:49.774061,-0.15194,30.97812135805506,40.13999999999999,55.76042175292969
13:13:49.779051,-0.15194,30.97812135805506,40.13999999999999,55.76042175292969
13:13:49.784066,-0.15194,30.97812135805506,40.13999999999999,55.76042175292969
13:13:49.789252,-0.16264,32.33143861879725,40.392,57.086334228515625
13:13:49.794050,-0.16264,32.33143861879725,40.392,57.086334228515625
13:13:49.799063,-0.16264,32.33143861879725,40.392,57.086334228515625
13:13:49.804091,-0.16264,32.33143861879725,40.392,57.086334228515625
13:13:49.809071,-0.16264,32.33143861879725,40.392,57.086334228515625
13:13:49.814429,-0.16264,32.33143861879725,40.392,57.086334228515625
13:13:49.819250,-0.16264,32.33143861879725,40.392,57.086334228515625
13:13:49.824051,-0.17013,32.720446187156625,40.716,58.375167846679695
13:13:49.829060,-0.17013,32.720446187156625,40.716,58.375167846679695
13:13:49.834068,-0.17013,32.720446187156625,40.716,58.375167846679695
13:13:49.839083,-0.17013,32.720446187156625,40.716,58.375167846679695
13:13:49.844057,-0.17013,32.720446187156625,40.716,58.375167846679695
13:13:49.849071,-0.17013,32.720446187156625,40.716,58.375167846679695
13:13:49.854093,-0.16692,32.14514406313319,40.164,59.70726013183593
13:13:49.859054,-0.16692,32.14514406313319,40.164,59.70726013183593
13:13:49.864054,-0.16692,32.14514406313319,40.164,59.70726013183593
13:13:49.869057,-0.16692,32.14514406313319,40.164,59.70726013183593
13:13:49.874082,-0.16692,32.14514406313319,40.164,59.70726013183593
13:13:49.879065,-0.16692,32.14514406313319,40.164,59.70726013183593
13:13:49.884068,-0.16692,32.14514406313319,40.164,59.70726013183593
13:13:49.889296,-0.17655,33.37793214907069,39.624,61.01875305175782
13:13:49.894083,-0.17655,33.37793214907069,39.624,61.01875305175782
13:13:49.899090,-0.17655,33.37793214907069,39.624,61.01875305175782
13:13:49.904067,-0.17655,33.37793214907069,39.624,61.01875305175782
13:13:49.909090,-0.17655,33.37793214907069,39.624,61.01875305175782
13:13:49.914065,-0.17655,33.37793214907069,39.624,61.01875305175782
13:13:49.919662,-0.18083,34.440844136375375,40.47,62.35359191894531
13:13:49.924034,-0.18083,34.440844136375375,40.47,62.35359191894531
13:13:49.929072,-0.18083,34.440844136375375,40.47,62.35359191894531
13:13:49.934061,-0.18083,34.440844136375375,40.47,62.35359191894531
13:13:49.939058,-0.18083,34.440844136375375,40.47,62.35359191894531
13:13:49.944072,-0.18083,34.440844136375375,40.47,62.35359191894531
13:13:49.949106,-0.18083,34.440844136375375,40.47,62.35359191894531
13:13:49.954032,-0.16906,33.9093805133285,40.224,63.63349914550781
13:13:49.959055,-0.16906,33.9093805133285,40.224,63.63349914550781
13:13:49.964039,-0.16906,33.9093805133285,40.224,63.63349914550781
13:13:49.969057,-0.16906,33.9093805133285,40.224,63.63349914550781
13:13:49.974069,-0.16906,33.9093805133285,40.224,63.63349914550781
13:13:49.979068,-0.16906,33.9093805133285,40.224,63.63349914550781
13:13:49.984958,-0.18725,34.051836568016,39.816,64.96009826660156
13:13:49.989063,-0.18725,34.051836568016,39.816,64.96009826660156
13:13:49.994053,-0.18725,34.051836568016,39.816,64.96009826660156
13:13:49.999084,-0.18725,34.051836568016,39.816,64.96009826660156
13:13:50.004111,-0.18725,34.051836568016,39.816,64.96009826660156
13:13:50.009070,-0.18725,34.051836568016,39.816,64.96009826660156
13:13:50.014424,-0.18725,34.051836568016,39.816,64.96009826660156
13:13:50.019434,-0.18832,35.03805788149256,41.298,66.23519897460938
13:13:50.024164,-0.18832,35.03805788149256,41.298,66.23519897460938
13:13:50.029052,-0.18832,35.03805788149256,41.298,66.23519897460938
13:13:50.034053,-0.18832,35.03805788149256,41.298,66.23519897460938
13:13:50.039063,-0.18832,35.03805788149256,41.298,66.23519897460938
13:13:50.044059,-0.18832,35.03805788149256,41.298,66.23519897460938
13:13:50.049166,-0.19581,35.72293336977381,40.524,67.52403259277344
13:13:50.054056,-0.19581,35.72293336977381,40.524,67.52403259277344
13:13:50.059054,-0.19581,35.72293336977381,40.524,67.52403259277344
13:13:50.064063,-0.19581,35.72293336977381,40.524,67.52403259277344
13:13:50.069071,-0.19581,35.72293336977381,40.524,67.52403259277344
13:13:50.074069,-0.19581,35.72293336977381,40.524,67.52403259277344
13:13:50.079058,-0.19581,35.72293336977381,40.524,67.52403259277344
13:13:50.084050,-0.18725,35.27365358461756,40.638,68.80050659179688
13:13:50.089047,-0.18725,35.27365358461756,40.638,68.80050659179688
13:13:50.094060,-0.18725,35.27365358461756,40.638,68.80050659179688
13:13:50.099059,-0.18725,35.27365358461756,40.638,68.80050659179688
13:13:50.104102,-0.18725,35.27365358461756,40.638,68.80050659179688
13:13:50.109068,-0.18725,35.27365358461756,40.638,68.80050659179688
13:13:50.114096,-0.18939,35.22983034243006,40.662,70.11405944824219
13:13:50.119061,-0.18939,35.22983034243006,40.662,70.11405944824219
13:13:50.124030,-0.18939,35.22983034243006,40.662,70.11405944824219
13:13:50.129129,-0.18939,35.22983034243006,40.662,70.11405944824219
13:13:50.134056,-0.18939,35.22983034243006,40.662,70.11405944824219
13:13:50.139083,-0.18939,35.22983034243006,40.662,70.11405944824219
13:13:50.144072,-0.18939,35.22983034243006,40.662,70.11405944824219
13:13:50.149055,-0.20223,36.873522359031625,39.54,71.43104553222656
13:13:50.154096,-0.20223,36.873522359031625,39.54,71.43104553222656
13:13:50.159065,-0.20223,36.873522359031625,39.54,71.43104553222656
13:13:50.164056,-0.20223,36.873522359031625,39.54,71.43104553222656
13:13:50.169060,-0.20223,36.873522359031625,39.54,71.43104553222656
13:13:50.174083,-0.20223,36.873522359031625,39.54,71.43104553222656
13:13:50.179434,-0.20116,36.889971333641,39.786,72.75558471679688
13:13:50.184060,-0.20116,36.889971333641,39.786,72.75558471679688
13:13:50.189043,-0.20116,36.889971333641,39.786,72.75558471679688
13:13:50.194051,-0.20116,36.889971333641,39.786,72.75558471679688
13:13:50.199068,-0.20116,36.889971333641,39.786,72.75558471679688
13:13:50.204063,-0.20116,36.889971333641,39.786,72.75558471679688
13:13:50.209098,-0.20116,36.889971333641,39.786,72.75558471679688
13:13:50.214267,-0.20116,36.68724306215663,38.964,73.98674011230469
13:13:50.219116,-0.20116,36.68724306215663,38.964,73.98674011230469
13:13:50.224051,-0.20116,36.68724306215663,38.964,73.98674011230469
13:13:50.229308,-0.20116,36.68724306215663,38.964,73.98674011230469
13:13:50.234368,-0.20116,36.68724306215663,38.964,73.98674011230469
13:13:50.239398,-0.20116,36.68724306215663,38.964,73.98674011230469
13:13:50.244309,-0.20116,36.68724306215663,38.964,73.98674011230469
13:13:50.249352,-0.21507,37.68442018618006,38.442,75.27763366699219
13:13:50.254284,-0.21507,37.68442018618006,38.442,75.27763366699219
13:13:50.259069,-0.21507,37.68442018618006,38.442,75.27763366699219
13:13:50.264055,-0.21507,37.68442018618006,38.442,75.27763366699219
13:13:50.269061,-0.21507,37.68442018618006,38.442,75.27763366699219
13:13:50.274092,-0.21507,37.68442018618006,38.442,75.27763366699219
13:13:50.279148,-0.22042,38.31997926821131,37.068000000000005,76.50192260742188
13:13:50.284072,-0.22042,38.31997926821131,37.068000000000005,76.50192260742188
13:13:50.289065,-0.22042,38.31997926821131,37.068000000000005,76.50192260742188
13:13:50.294058,-0.22042,38.31997926821131,37.068000000000005,76.50192260742188
13:13:50.299071,-0.22042,38.31997926821131,37.068000000000005,76.50192260742188
13:13:50.304067,-0.22042,38.31997926821131,37.068000000000005,76.50192260742188
13:13:50.309488,-0.21507,38.31997926821131,36.438,77.7117919921875
13:13:50.314094,-0.21507,37.52005251039881,36.438,77.7117919921875
13:13:50.319035,-0.21507,37.52005251039881,36.438,77.7117919921875
13:13:50.324072,-0.21507,37.52005251039881,36.438,77.7117919921875
13:13:50.329071,-0.21507,37.52005251039881,36.438,77.7117919921875
13:13:50.334414,-0.21507,37.52005251039881,36.438,77.7117919921875
13:13:50.339334,-0.21507,37.52005251039881,36.438,77.7117919921875
13:13:50.344382,-0.22898,38.435045796531625,35.44799999999999,78.88046264648438
13:13:50.349369,-0.22898,38.435045796531625,35.44799999999999,78.88046264648438
13:13:50.354428,-0.22898,38.435045796531625,35.44799999999999,78.88046264648438
13:13:50.359516,-0.22898,38.435045796531625,35.44799999999999,78.88046264648438
13:13:50.364423,-0.22898,38.435045796531625,35.44799999999999,78.88046264648438
13:13:50.369413,-0.22898,38.435045796531625,35.44799999999999,78.88046264648438
13:13:50.374189,-0.22898,38.435045796531625,35.44799999999999,78.88046264648438
13:13:50.379095,-0.23005,38.29806764711756,33.995999999999995,80.02098083496094
13:13:50.384060,-0.23005,38.29806764711756,33.995999999999995,80.02098083496094
13:13:50.389071,-0.23005,38.29806764711756,33.995999999999995,80.02098083496094
13:13:50.394109,-0.23005,38.29806764711756,33.995999999999995,80.02098083496094
13:13:50.399067,-0.23005,38.29806764711756,33.995999999999995,80.02098083496094
13:13:50.404103,-0.23005,38.29806764711756,33.995999999999995,80.02098083496094
13:13:50.409099,-0.23219,38.45147951235194,33.582,81.112060546875
13:13:50.414055,-0.23219,38.45147951235194,33.582,81.112060546875
13:13:50.419060,-0.23219,38.45147951235194,33.582,81.112060546875
13:13:50.424063,-0.23219,38.45147951235194,33.582,81.112060546875
13:13:50.429069,-0.23219,38.45147951235194,33.582,81.112060546875
13:13:50.434182,-0.23219,38.45147951235194,33.582,81.112060546875
13:13:50.439050,-0.23219,38.45147951235194,33.582,81.112060546875
13:13:50.444045,-0.22684,38.55009706606288,32.154,82.19902038574219
13:13:50.449052,-0.22684,38.55009706606288,32.154,82.19902038574219
13:13:50.454137,-0.22684,38.55009706606288,32.154,82.19902038574219
13:13:50.459070,-0.22684,38.55009706606288,32.154,82.19902038574219
13:13:50.464083,-0.22684,38.55009706606288,32.154,82.19902038574219
13:13:50.469094,-0.22684,38.55009706606288,32.154,82.19902038574219
13:13:50.474260,-0.23112,38.270678120750375,32.592000000000006,83.26263427734375
13:13:50.479035,-0.23112,38.270678120750375,32.592000000000006,83.26263427734375
13:13:50.484026,-0.23112,38.270678120750375,32.592000000000006,83.26263427734375
13:13:50.489069,-0.23112,38.270678120750375,32.592000000000006,83.26263427734375
13:13:50.494067,-0.23112,38.270678120750375,32.592000000000006,83.26263427734375
13:13:50.499065,-0.23112,38.270678120750375,32.592000000000006,83.26263427734375
13:13:50.504431,-0.23112,38.270678120750375,32.592000000000006,83.26263427734375
13:13:50.509403,-0.23968,38.84048708071131,30.72,84.29397583007812
13:13:50.514264,-0.23968,38.84048708071131,30.72,84.29397583007812
13:13:50.519111,-0.23968,38.84048708071131,30.72,84.29397583007812
13:13:50.524082,-0.23968,38.84048708071131,30.72,84.29397583007812
13:13:50.529168,-0.23968,38.84048708071131,30.72,84.29397583007812
13:13:50.534107,-0.23968,38.84048708071131,30.72,84.29397583007812
13:13:50.539434,-0.2354,38.44052370180506,29.49,85.27381896972656
13:13:50.544053,-0.2354,38.44052370180506,29.49,85.27381896972656
13:13:50.549051,-0.2354,38.44052370180506,29.49,85.27381896972656
13:13:50.554137,-0.2354,38.44052370180506,29.49,85.27381896972656
13:13:50.559067,-0.2354,38.44052370180506,29.49,85.27381896972656
13:13:50.564071,-0.2354,38.44052370180506,29.49,85.27381896972656
13:13:50.569070,-0.2354,38.44052370180506,29.49,85.27381896972656
13:13:50.574061,-0.22791,39.377428609031625,28.992,86.21726989746094
13:13:50.579043,-0.22791,39.377428609031625,28.992,86.21726989746094
13:13:50.584051,-0.22791,39.377428609031625,28.992,86.21726989746094
13:13:50.589058,-0.22791,39.377428609031625,28.992,86.21726989746094
13:13:50.594069,-0.22791,39.377428609031625,28.992,86.21726989746094
13:13:50.599072,-0.22791,39.377428609031625,28.992,86.21726989746094
13:13:50.604111,-0.22791,39.377428609031625,28.992,86.21726989746094
13:13:50.609049,-0.23433,38.007677632469125,27.678,87.14767456054688
13:13:50.614069,-0.23433,38.007677632469125,27.678,87.14767456054688
13:13:50.619055,-0.23433,38.007677632469125,27.678,87.14767456054688
13:13:50.624086,-0.23433,38.007677632469125,27.678,87.14767456054688
13:13:50.629130,-0.23433,38.007677632469125,27.678,87.14767456054688
13:13:50.634064,-0.23433,38.007677632469125,27.678,87.14767456054688
13:13:50.639064,-0.22898,39.60754640688319,27.102,88.01971435546875
13:13:50.644051,-0.22898,39.60754640688319,27.102,88.01971435546875
13:13:50.649061,-0.22898,39.60754640688319,27.102,88.01971435546875
13:13:50.654139,-0.22898,39.60754640688319,27.102,88.01971435546875
13:13:50.659065,-0.22898,39.60754640688319,27.102,88.01971435546875
13:13:50.664070,-0.22898,39.60754640688319,27.102,88.01971435546875
13:13:50.669099,-0.22898,39.60754640688319,27.102,88.01971435546875
13:13:50.674043,-0.23219,37.56935365785975,25.452,88.89312744140625
13:13:50.679069,-0.23219,37.56935365785975,25.452,88.89312744140625
13:13:50.684063,-0.23219,37.56935365785975,25.452,88.89312744140625
13:13:50.689085,-0.23219,37.56935365785975,25.452,88.89312744140625
13:13:50.694057,-0.23219,37.56935365785975,25.452,88.89312744140625
13:13:50.699060,-0.23219,37.56935365785975,25.452,88.89312744140625
13:13:50.704117,-0.24289,40.0951715289535,25.314000000000004,89.76242065429688
13:13:50.709071,-0.24289,40.0951715289535,25.314000000000004,89.76242065429688
13:13:50.714491,-0.24289,40.0951715289535,25.314000000000004,89.76242065429688
13:13:50.719433,-0.24289,40.0951715289535,25.314000000000004,89.76242065429688
13:13:50.724123,-0.24289,40.0951715289535,25.314000000000004,89.76242065429688
13:13:50.729158,-0.24289,40.0951715289535,25.314000000000004,89.76242065429688
13:13:50.734062,-0.24289,40.0951715289535,25.314000000000004,89.76242065429688
13:13:50.739073,-0.23005,37.59128053774256,23.202,90.5596160888672
13:13:50.744091,-0.23005,37.59128053774256,23.202,90.5596160888672
13:13:50.749066,-0.23005,37.59128053774256,23.202,90.5596160888672
13:13:50.754141,-0.23005,37.59128053774256,23.202,90.5596160888672
13:13:50.759065,-0.23005,37.59128053774256,23.202,90.5596160888672
13:13:50.764085,-0.23005,37.59128053774256,23.202,90.5596160888672
13:13:50.769116,-0.23326,39.41578920473475,22.512,91.26686096191406
13:13:50.774061,-0.23326,39.41578920473475,22.512,91.26686096191406
13:13:50.779044,-0.23326,39.41578920473475,22.512,91.26686096191406
13:13:50.784088,-0.23326,39.41578920473475,22.512,91.26686096191406
13:13:50.789083,-0.23326,39.41578920473475,22.512,91.26686096191406
13:13:50.794062,-0.23326,39.41578920473475,22.512,91.26686096191406
13:13:50.799083,-0.23326,39.41578920473475,22.512,91.26686096191406
13:13:50.804062,-0.23861,38.72543581118006,22.128,91.99607849121094
13:13:50.809054,-0.23861,38.72543581118006,22.128,91.99607849121094
13:13:50.814094,-0.23861,38.72543581118006,22.128,91.99607849121094
13:13:50.819056,-0.23861,38.72543581118006,22.128,91.99607849121094
13:13:50.824073,-0.23861,38.72543581118006,22.128,91.99607849121094
13:13:50.829132,-0.23861,38.72543581118006,22.128,91.99607849121094
13:13:50.834087,-0.2354,39.00485475649256,21.42,92.69302368164062
13:13:50.839084,-0.2354,39.00485475649256,21.42,92.69302368164062
13:13:50.844085,-0.2354,39.00485475649256,21.42,92.69302368164062
13:13:50.849111,-0.2354,39.00485475649256,21.42,92.69302368164062
13:13:50.854060,-0.2354,39.00485475649256,21.42,92.69302368164062
13:13:50.859065,-0.2354,39.00485475649256,21.42,92.69302368164062
13:13:50.864082,-0.2354,39.00485475649256,21.42,92.69302368164062
13:13:50.869051,-0.24396,40.1938043414535,20.346,93.34465026855467
13:13:50.874053,-0.24396,40.1938043414535,20.346,93.34465026855467
13:13:50.879057,-0.24396,40.1938043414535,20.346,93.34465026855467
13:13:50.884069,-0.24396,40.1938043414535,20.346,93.34465026855467
13:13:50.889082,-0.24396,40.1938043414535,20.346,93.34465026855467
13:13:50.894055,-0.24396,40.1938043414535,20.346,93.34465026855467
13:13:50.899037,-0.23861,37.251574116844125,18.918,93.9763641357422
13:13:50.904065,-0.23861,37.251574116844125,18.918,93.9763641357422
13:13:50.909041,-0.23861,37.251574116844125,18.918,93.9763641357422
13:13:50.914082,-0.23861,37.251574116844125,18.918,93.9763641357422
13:13:50.919066,-0.23861,37.251574116844125,18.918,93.9763641357422
13:13:50.924122,-0.23861,37.251574116844125,18.918,93.9763641357422
13:13:50.929073,-0.23861,37.251574116844125,18.918,93.9763641357422
13:13:50.934052,-0.25466,38.97198732485194,17.85,94.57237243652344
13:13:50.939054,-0.25466,38.97198732485194,17.85,94.57237243652344
13:13:50.944060,-0.25466,38.97198732485194,17.85,94.57237243652344
13:13:50.949067,-0.25466,38.97198732485194,17.85,94.57237243652344
13:13:50.954107,-0.25466,38.97198732485194,17.85,94.57237243652344
13:13:50.959068,-0.25466,38.97198732485194,17.85,94.57237243652344
13:13:50.964067,-0.24824,39.31715639223475,17.16,95.1416015625
13:13:50.969416,-0.24824,39.31715639223475,17.16,95.1416015625
13:13:50.974333,-0.24824,39.31715639223475,17.16,95.1416015625
13:13:50.979369,-0.24824,39.31715639223475,17.16,95.1416015625
13:13:50.984425,-0.24824,39.31715639223475,17.16,95.1416015625
13:13:50.989397,-0.24824,39.31715639223475,17.16,95.1416015625
13:13:50.995148,-0.25252,39.31715639223475,15.978,95.6682586669922
13:13:50.999309,-0.25252,38.56653078188319,15.978,95.6682586669922
13:13:51.004392,-0.25252,38.56653078188319,15.978,95.6682586669922
13:13:51.009417,-0.25252,38.56653078188319,15.978,95.6682586669922
13:13:51.014436,-0.25252,38.56653078188319,15.978,95.6682586669922
13:13:51.019418,-0.25252,38.56653078188319,15.978,95.6682586669922
13:13:51.024431,-0.25252,38.56653078188319,15.978,95.6682586669922
13:13:51.029345,-0.25573,39.08156068910975,14.304,96.185302734375
13:13:51.034398,-0.25573,39.08156068910975,14.304,96.185302734375
13:13:51.039458,-0.25573,39.08156068910975,14.304,96.185302734375
13:13:51.044419,-0.25573,39.08156068910975,14.304,96.185302734375
13:13:51.049412,-0.25573,39.08156068910975,14.304,96.185302734375
13:13:51.054446,-0.25573,39.08156068910975,14.304,96.185302734375
13:13:51.059676,-0.24182,39.245928364891,13.728,96.64466857910156
13:13:51.064272,-0.24182,39.245928364891,13.728,96.64466857910156
13:13:51.069297,-0.24182,39.245928364891,13.728,96.64466857910156
13:13:51.074396,-0.24182,39.245928364891,13.728,96.64466857910156
13:13:51.079401,-0.24182,39.245928364891,13.728,96.64466857910156
13:13:51.084204,-0.24182,39.245928364891,13.728,96.64466857910156
13:13:51.089230,-0.24182,39.245928364891,13.728,96.64466857910156
13:13:51.094276,-0.24075,38.45147951235194,12.792,97.0525360107422
13:13:51.099312,-0.24075,38.45147951235194,12.792,97.0525360107422
13:13:51.104122,-0.24075,38.45147951235194,12.792,97.0525360107422
13:13:51.109098,-0.24075,38.45147951235194,12.792,97.0525360107422
13:13:51.114366,-0.24075,38.45147951235194,12.792,97.0525360107422
13:13:51.119172,-0.24075,38.45147951235194,12.792,97.0525360107422
13:13:51.124100,-0.2461,37.772081929344125,12.246,97.46864318847656
13:13:51.129227,-0.2461,37.772081929344125,12.246,97.46864318847656
13:13:51.134065,-0.2461,37.772081929344125,12.246,97.46864318847656
13:13:51.139055,-0.2461,37.772081929344125,12.246,97.46864318847656
13:13:51.144165,-0.2461,37.772081929344125,12.246,97.46864318847656
13:13:51.149123,-0.2461,37.772081929344125,12.246,97.46864318847656
13:13:51.154272,-0.2461,37.772081929344125,12.246,97.46864318847656
13:13:51.159103,-0.25145,38.435045796531625,11.424,97.85041809082033
13:13:51.164068,-0.25145,38.435045796531625,11.424,97.85041809082033
13:13:51.169064,-0.25145,38.435045796531625,11.424,97.85041809082033
13:13:51.174073,-0.25145,38.435045796531625,11.424,97.85041809082033
13:13:51.179062,-0.25145,38.435045796531625,11.424,97.85041809082033
13:13:51.184082,-0.25145,38.435045796531625,11.424,97.85041809082033
13:13:51.189170,-0.26215,38.91171510805506,10.818,98.19580078125
13:13:51.194059,-0.26215,38.91171510805506,10.818,98.19580078125
13:13:51.199092,-0.26215,38.91171510805506,10.818,98.19580078125
13:13:51.204106,-0.26215,38.91171510805506,10.818,98.19580078125
13:13:51.209240,-0.26215,38.91171510805506,10.818,98.19580078125
13:13:51.214049,-0.26215,38.91171510805506,10.818,98.19580078125
13:13:51.219063,-0.26215,38.91171510805506,10.818,98.19580078125
13:13:51.224055,-0.25894,38.955553609031625,9.174,98.51234436035156
13:13:51.229252,-0.25894,38.955553609031625,9.174,98.51234436035156
13:13:51.234066,-0.25894,38.955553609031625,9.174,98.51234436035156
13:13:51.239070,-0.25894,38.955553609031625,9.174,98.51234436035156
13:13:51.244088,-0.25894,38.955553609031625,9.174,98.51234436035156
13:13:51.249091,-0.25894,38.955553609031625,9.174,98.51234436035156
13:13:51.254123,-0.25038,38.65420778383631,8.208,98.7787628173828
13:13:51.259066,-0.25038,38.65420778383631,8.208,98.7787628173828
13:13:51.264043,-0.25038,38.65420778383631,8.208,98.7787628173828
13:13:51.269127,-0.25038,38.65420778383631,8.208,98.7787628173828
13:13:51.274086,-0.25038,38.65420778383631,8.208,98.7787628173828
13:13:51.279070,-0.25038,38.65420778383631,8.208,98.7787628173828
13:13:51.284059,-0.25038,38.65420778383631,8.208,98.7787628173828
13:13:51.289172,-0.25145,38.292589741844125,7.002,99.02870178222656
13:13:51.294085,-0.25145,38.292589741844125,7.002,99.02870178222656
13:13:51.299016,-0.25145,38.292589741844125,7.002,99.02870178222656
13:13:51.304192,-0.25145,38.292589741844125,7.002,99.02870178222656
13:13:51.309218,-0.25145,38.292589741844125,7.002,99.02870178222656
13:13:51.314208,-0.25145,38.292589741844125,7.002,99.02870178222656
13:13:51.319013,-0.25894,38.02411134828944,6.342,99.25323486328124
13:13:51.324203,-0.25894,38.02411134828944,6.342,99.25323486328124
13:13:51.329164,-0.25894,38.02411134828944,6.342,99.25323486328124
13:13:51.334018,-0.25894,38.02411134828944,6.342,99.25323486328124
13:13:51.339019,-0.25894,38.02411134828944,6.342,99.25323486328124
13:13:51.344019,-0.25894,38.02411134828944,6.342,99.25323486328124
13:13:51.349065,-0.25894,38.02411134828944,6.342,99.25323486328124
13:13:51.354064,-0.26322,39.048693257469125,5.627999999999999,99.4475555419922
13:13:51.359062,-0.26322,39.048693257469125,5.627999999999999,99.4475555419922
13:13:51.364085,-0.26322,39.048693257469125,5.627999999999999,99.4475555419922
13:13:51.369060,-0.26322,39.048693257469125,5.627999999999999,99.4475555419922
13:13:51.374068,-0.26322,39.048693257469125,5.627999999999999,99.4475555419922
13:13:51.379071,-0.26322,39.048693257469125,5.627999999999999,99.4475555419922
13:13:51.384069,-0.26964,39.27881105532069,4.338,99.60479736328124
13:13:51.389066,-0.26964,39.27881105532069,4.338,99.60479736328124
13:13:51.394125,-0.26964,39.27881105532069,4.338,99.60479736328124
13:13:51.399084,-0.26964,39.27881105532069,4.338,99.60479736328124
13:13:51.404086,-0.26964,39.27881105532069,4.338,99.60479736328124
13:13:51.409512,-0.26964,39.27881105532069,4.338,99.60479736328124
13:13:51.414585,-0.26964,39.27881105532069,4.338,99.60479736328124
13:13:51.419265,-0.26215,38.48434694399256,2.802,99.72976684570312
13:13:51.424249,-0.26215,38.48434694399256,2.802,99.72976684570312
13:13:51.429362,-0.26215,38.48434694399256,2.802,99.72976684570312
13:13:51.434429,-0.26215,38.48434694399256,2.802,99.72976684570312
13:13:51.439403,-0.26215,38.48434694399256,2.802,99.72976684570312
13:13:51.444441,-0.26215,38.48434694399256,2.802,99.72976684570312
13:13:51.449358,-0.27285,37.49264772524256,2.688,99.82177734375
13:13:51.454591,-0.27285,37.49264772524256,2.688,99.82177734375
13:13:51.459674,-0.27285,37.49264772524256,2.688,99.82177734375
13:13:51.464425,-0.27285,37.49264772524256,2.688,99.82177734375
13:13:51.469427,-0.27285,37.49264772524256,2.688,99.82177734375
13:13:51.474449,-0.27285,37.49264772524256,2.688,99.82177734375
13:13:51.479444,-0.27285,37.49264772524256,2.688,99.82177734375
13:13:51.484412,-0.26429,38.34738405336756,1.2899999999999998,99.88151550292967
13:13:51.489303,-0.26429,38.34738405336756,1.2899999999999998,99.88151550292967
13:13:51.494071,-0.26429,38.34738405336756,1.2899999999999998,99.88151550292967
13:13:51.499109,-0.26429,38.34738405336756,1.2899999999999998,99.88151550292967
13:13:51.504066,-0.26429,38.34738405336756,1.2899999999999998,99.88151550292967
13:13:51.509072,-0.26429,38.34738405336756,1.2899999999999998,99.88151550292967
13:13:51.514068,-0.27285,38.456957417625375,1.068,99.91928100585938
13:13:51.519161,-0.27285,38.456957417625375,1.068,99.91928100585938
13:13:51.524056,-0.27285,38.456957417625375,1.068,99.91928100585938
13:13:51.529041,-0.27285,38.456957417625375,1.068,99.91928100585938
13:13:51.534084,-0.27285,38.456957417625375,1.068,99.91928100585938
13:13:51.539090,-0.27285,38.456957417625375,1.068,99.91928100585938
13:13:51.544740,-0.25466,38.456957417625375,0.36,99.93988037109376
13:13:51.549039,-0.25466,37.585802632469125,0.36,99.93988037109376
13:13:51.554055,-0.25466,37.585802632469125,0.36,99.93988037109376
13:13:51.559061,-0.25466,37.585802632469125,0.36,99.93988037109376
13:13:51.564059,-0.25466,37.585802632469125,0.36,99.93988037109376
13:13:51.569127,-0.25466,37.585802632469125,0.36,99.93988037109376
13:13:51.574046,-0.25466,37.585802632469125,0.36,99.93988037109376
13:13:51.579133,-0.2568,37.64605959047694,0.222,99.95567321777344
13:13:51.584058,-0.2568,37.64605959047694,0.222,99.95567321777344
13:13:51.589040,-0.2568,37.64605959047694,0.222,99.95567321777344
13:13:51.594056,-0.2568,37.64605959047694,0.222,99.95567321777344
13:13:51.599087,-0.2568,37.64605959047694,0.222,99.95567321777344
13:13:51.604072,-0.2568,37.64605959047694,0.222,99.95567321777344
13:13:51.609631,-0.25573,37.64605959047694,0.33,99.9639129638672
13:13:51.614043,-0.25573,37.37759645571131,0.33,99.9639129638672
13:13:51.619051,-0.25573,37.37759645571131,0.33,99.9639129638672
13:13:51.624085,-0.25573,37.37759645571131,0.33,99.9639129638672
13:13:51.629071,-0.25573,37.37759645571131,0.33,99.9639129638672
13:13:51.634053,-0.25573,37.37759645571131,0.33,99.9639129638672
13:13:51.639068,-0.25573,37.37759645571131,0.33,99.9639129638672
13:13:51.644065,-0.26643,37.52553041567225,0.6300000000000001,99.97901916503906
13:13:51.649139,-0.26643,37.52553041567225,0.6300000000000001,99.97901916503906
13:13:51.654064,-0.26643,37.52553041567225,0.6300000000000001,99.97901916503906
13:13:51.659060,-0.26643,37.52553041567225,0.6300000000000001,99.97901916503906
13:13:51.664057,-0.26643,37.52553041567225,0.6300000000000001,99.97901916503906
13:13:51.669055,-0.26643,37.52553041567225,0.6300000000000001,99.97901916503906
13:13:51.674508,-0.26857,37.52553041567225,0.414,99.99549865722656
13:13:51.679096,-0.26857,37.63510377993006,0.414,99.99549865722656
13:13:51.684072,-0.26857,37.63510377993006,0.414,99.99549865722656
13:13:51.689063,-0.26857,37.63510377993006,0.414,99.99549865722656
13:13:51.694041,-0.26857,37.63510377993006,0.414,99.99549865722656
13:13:51.699071,-0.26857,37.63510377993006,0.414,99.99549865722656
13:13:51.704222,-0.26857,37.63510377993006,0.414,99.99549865722656
13:13:51.709062,-0.26857,37.78851564516444,0.1919999999999999,99.99481201171876
13:13:51.714089,-0.26857,37.78851564516444,0.1919999999999999,99.99481201171876
13:13:51.719071,-0.26857,37.78851564516444,0.1919999999999999,99.99481201171876
13:13:51.724048,-0.26857,37.78851564516444,0.1919999999999999,99.99481201171876
13:13:51.729095,-0.26857,37.78851564516444,0.1919999999999999,99.99481201171876
13:13:51.734068,-0.26857,37.78851564516444,0.1919999999999999,99.99481201171876
13:13:51.739152,-0.26857,37.78851564516444,0.1919999999999999,99.99481201171876
13:13:51.744044,-0.26857,37.55839784731288,-0.054,100.0030517578125
13:13:51.749047,-0.26857,37.55839784731288,-0.054,100.0030517578125
13:13:51.754062,-0.26857,37.55839784731288,-0.054,100.0030517578125
13:13:51.759107,-0.26857,37.55839784731288,-0.054,100.0030517578125
13:13:51.764065,-0.26857,37.55839784731288,-0.054,100.0030517578125
13:13:51.769073,-0.26857,37.55839784731288,-0.054,100.0030517578125
13:13:51.774066,-0.26857,37.60771425356288,0.1919999999999999,99.99961853027344
13:13:51.779056,-0.26857,37.60771425356288,0.1919999999999999,99.99961853027344
13:13:51.784047,-0.26857,37.60771425356288,0.1919999999999999,99.99961853027344
13:13:51.789062,-0.26857,37.60771425356288,0.1919999999999999,99.99961853027344
13:13:51.794052,-0.26857,37.60771425356288,0.1919999999999999,99.99961853027344
13:13:51.799069,-0.26857,37.60771425356288,0.1919999999999999,99.99961853027344
13:13:51.804130,-0.2675,37.60771425356288,0.084,100.00236511230467
13:13:51.809028,-0.2675,37.5036187945785,0.084,100.00236511230467
13:13:51.814070,-0.2675,37.5036187945785,0.084,100.00236511230467
13:13:51.819046,-0.2675,37.5036187945785,0.084,100.00236511230467
13:13:51.824064,-0.2675,37.5036187945785,0.084,100.00236511230467
13:13:51.829060,-0.2675,37.5036187945785,0.084,100.00236511230467
13:13:51.834065,-0.2675,37.5036187945785,0.084,100.00236511230467
13:13:51.839037,-0.26964,37.54196413149256,0.054,100.00167846679688
13:13:51.844056,-0.26964,37.54196413149256,0.054,100.00167846679688
13:13:51.849069,-0.26964,37.54196413149256,0.054,100.00167846679688
13:13:51.854065,-0.26964,37.54196413149256,0.054,100.00167846679688
13:13:51.859101,-0.26964,37.54196413149256,0.054,100.00167846679688
13:13:51.864072,-0.26964,37.54196413149256,0.054,100.00167846679688
13:13:51.869358,-0.27071,37.61867006410975,0.084,100.00167846679688
13:13:51.874276,-0.27071,37.61867006410975,0.084,100.00167846679688
13:13:51.879090,-0.27071,37.61867006410975,0.084,100.00167846679688
13:13:51.884068,-0.27071,37.61867006410975,0.084,100.00167846679688
13:13:51.889093,-0.27071,37.61867006410975,0.084,100.00167846679688
13:13:51.894062,-0.27071,37.61867006410975,0.084,100.00167846679688
13:13:51.899203,-0.27071,37.61867006410975,0.084,100.00167846679688
13:13:51.904041,-0.26964,37.47621400942225,-0.1919999999999999,100.00442504882812
13:13:51.909033,-0.26964,37.47621400942225,-0.1919999999999999,100.00442504882812
13:13:51.914034,-0.26964,37.47621400942225,-0.1919999999999999,100.00442504882812
13:13:51.919053,-0.26964,37.47621400942225,-0.1919999999999999,100.00442504882812
13:13:51.924083,-0.26964,37.47621400942225,-0.1919999999999999,100.00442504882812
13:13:51.929058,-0.26964,37.47621400942225,-0.1919999999999999,100.00442504882812
13:13:51.934093,-0.27071,37.585802632469125,-0.03,100.00648498535156
13:13:51.939048,-0.27071,37.585802632469125,-0.03,100.00648498535156
13:13:51.944053,-0.27071,37.585802632469125,-0.03,100.00648498535156
13:13:51.949070,-0.27071,37.585802632469125,-0.03,100.00648498535156
13:13:51.954112,-0.27071,37.585802632469125,-0.03,100.00648498535156
13:13:51.959070,-0.27071,37.585802632469125,-0.03,100.00648498535156
13:13:51.964055,-0.27071,37.585802632469125,-0.03,100.00648498535156
13:13:51.969047,-0.27178,37.536486226219125,0.084,100.00511169433594
13:13:51.974062,-0.27178,37.536486226219125,0.084,100.00511169433594
13:13:51.979054,-0.27178,37.536486226219125,0.084,100.00511169433594
13:13:51.984055,-0.27178,37.536486226219125,0.084,100.00511169433594
13:13:51.989067,-0.27178,37.536486226219125,0.084,100.00511169433594
13:13:51.994069,-0.27178,37.536486226219125,0.084,100.00511169433594
13:13:51.999154,-0.27499,37.61867006410975,-0.084,99.99961853027344
13:13:52.004052,-0.27499,37.61867006410975,-0.084,99.99961853027344
13:13:52.009048,-0.27499,37.61867006410975,-0.084,99.99961853027344
13:13:52.014056,-0.27499,37.61867006410975,-0.084,99.99961853027344
13:13:52.019089,-0.27499,37.61867006410975,-0.084,99.99961853027344
13:13:52.024086,-0.27499,37.61867006410975,-0.084,99.99961853027344
13:13:52.029059,-0.27499,37.61867006410975,-0.084,99.99961853027344
13:13:52.034044,-0.27392,37.48169191469569,0.1379999999999999,99.99961853027344
13:13:52.039062,-0.27392,37.48169191469569,0.1379999999999999,99.99961853027344
13:13:52.044061,-0.27392,37.48169191469569,0.1379999999999999,99.99961853027344
13:13:52.049072,-0.27392,37.48169191469569,0.1379999999999999,99.99961853027344
13:13:52.054070,-0.27392,37.48169191469569,0.1379999999999999,99.99961853027344
13:13:52.059140,-0.27392,37.48169191469569,0.1379999999999999,99.99961853027344
13:13:52.064671,-0.27392,37.55291994203944,-0.1919999999999999,99.99961853027344
13:13:52.069298,-0.27392,37.55291994203944,-0.1919999999999999,99.99961853027344
13:13:52.074274,-0.27392,37.55291994203944,-0.1919999999999999,99.99961853027344
13:13:52.079131,-0.27392,37.55291994203944,-0.1919999999999999,99.99961853027344
13:13:52.084068,-0.27392,37.55291994203944,-0.1919999999999999,99.99961853027344
13:13:52.089072,-0.27392,37.55291994203944,-0.1919999999999999,99.99961853027344
13:13:52.094441,-0.27392,37.55291994203944,-0.1919999999999999,99.99961853027344
13:13:52.099384,-0.27178,37.60771425356288,-0.1379999999999999,100.00442504882812
13:13:52.104405,-0.27178,37.60771425356288,-0.1379999999999999,100.00442504882812
13:13:52.109295,-0.27178,37.60771425356288,-0.1379999999999999,100.00442504882812
13:13:52.114137,-0.27178,37.60771425356288,-0.1379999999999999,100.00442504882812
13:13:52.119457,-0.27178,37.60771425356288,-0.1379999999999999,100.00442504882812
13:13:52.124394,-0.27178,37.60771425356288,-0.1379999999999999,100.00442504882812
13:13:52.129404,-0.27499,37.56387575258631,-0.1379999999999999,100.00442504882812
13:13:52.134287,-0.27499,37.56387575258631,-0.1379999999999999,100.00442504882812
13:13:52.139314,-0.27499,37.56387575258631,-0.1379999999999999,100.00442504882812
13:13:52.144151,-0.27499,37.56387575258631,-0.1379999999999999,100.00442504882812
13:13:52.149135,-0.27499,37.56387575258631,-0.1379999999999999,100.00442504882812
13:13:52.154362,-0.27499,37.56387575258631,-0.1379999999999999,100.00442504882812
13:13:52.159297,-0.27499,37.56387575258631,-0.1379999999999999,100.00442504882812
13:13:52.164364,-0.28248,37.514574605125375,-0.246,100.00167846679688
13:13:52.169256,-0.28248,37.514574605125375,-0.246,100.00167846679688
13:13:52.174258,-0.28248,37.514574605125375,-0.246,100.00167846679688
13:13:52.179394,-0.28248,37.514574605125375,-0.246,100.00167846679688
13:13:52.184415,-0.28248,37.514574605125375,-0.246,100.00167846679688
13:13:52.189411,-0.28248,37.514574605125375,-0.246,100.00167846679688
13:13:52.195061,-0.30281,37.54196413149256,-0.084,100.00099182128906
13:13:52.199153,-0.30281,37.54196413149256,-0.084,100.00099182128906
13:13:52.204322,-0.30281,37.54196413149256,-0.084,100.00099182128906
13:13:52.209092,-0.30281,37.54196413149256,-0.084,100.00099182128906
13:13:52.214065,-0.30281,37.54196413149256,-0.084,100.00099182128906
13:13:52.219089,-0.30281,37.54196413149256,-0.084,100.00099182128906
13:13:52.224057,-0.30281,37.54196413149256,-0.084,100.00099182128906
13:13:52.229066,-0.34026,37.63510377993006,-0.084,100.00442504882812
13:13:52.234058,-0.34026,37.63510377993006,-0.084,100.00442504882812
13:13:52.239056,-0.34026,37.63510377993006,-0.084,100.00442504882812
13:13:52.244072,-0.34026,37.63510377993006,-0.084,100.00442504882812
13:13:52.249069,-0.34026,37.63510377993006,-0.084,100.00442504882812
13:13:52.254069,-0.34026,37.63510377993006,-0.084,100.00442504882812
13:13:52.259401,-0.3852,37.96933229555506,-0.6839999999999999,99.9920654296875
13:13:52.264097,-0.3852,37.96933229555506,-0.6839999999999999,99.9920654296875
13:13:52.269089,-0.3852,37.96933229555506,-0.6839999999999999,99.9920654296875
13:13:52.274068,-0.3852,37.96933229555506,-0.6839999999999999,99.9920654296875
13:13:52.279063,-0.3852,37.96933229555506,-0.6839999999999999,99.9920654296875
13:13:52.284060,-0.3852,37.96933229555506,-0.6839999999999999,99.9920654296875
13:13:52.289086,-0.3852,37.96933229555506,-0.6839999999999999,99.9920654296875
13:13:52.294164,-0.41944,38.84596498598475,-1.7040000000000002,99.96116638183594
13:13:52.299040,-0.41944,38.84596498598475,-1.7040000000000002,99.96116638183594
13:13:52.304084,-0.41944,38.84596498598475,-1.7040000000000002,99.96116638183594
13:13:52.309051,-0.41944,38.84596498598475,-1.7040000000000002,99.96116638183594
13:13:52.314053,-0.41944,38.84596498598475,-1.7040000000000002,99.96116638183594
13:13:52.319105,-0.41944,38.84596498598475,-1.7040000000000002,99.96116638183594
13:13:52.324777,-0.43121,39.1527887164535,-3.486,99.87396240234376
13:13:52.329299,-0.43121,39.1527887164535,-3.486,99.87396240234376
13:13:52.334386,-0.43121,39.1527887164535,-3.486,99.87396240234376
13:13:52.339389,-0.43121,39.1527887164535,-3.486,99.87396240234376
13:13:52.344397,-0.43121,39.1527887164535,-3.486,99.87396240234376
13:13:52.349384,-0.43121,39.1527887164535,-3.486,99.87396240234376
13:13:52.354389,-0.43121,39.1527887164535,-3.486,99.87396240234376
13:13:52.359323,-0.42265,38.9665094195785,-5.159999999999999,99.7235870361328
13:13:52.364364,-0.42265,38.9665094195785,-5.159999999999999,99.7235870361328
13:13:52.369388,-0.42265,38.9665094195785,-5.159999999999999,99.7235870361328
13:13:52.374395,-0.42265,38.9665094195785,-5.159999999999999,99.7235870361328
13:13:52.379392,-0.42265,38.9665094195785,-5.159999999999999,99.7235870361328
13:13:52.384392,-0.42265,38.9665094195785,-5.159999999999999,99.7235870361328
13:13:52.389472,-0.42265,38.9665094195785,-5.159999999999999,99.7235870361328
13:13:52.394274,-0.41623,38.27615602602381,-6.534,99.5196533203125
13:13:52.399372,-0.41623,38.27615602602381,-6.534,99.5196533203125
13:13:52.404372,-0.41623,38.27615602602381,-6.534,99.5196533203125
13:13:52.409392,-0.41623,38.27615602602381,-6.534,99.5196533203125
13:13:52.414382,-0.41623,38.27615602602381,-6.534,99.5196533203125
13:13:52.419396,-0.41623,38.27615602602381,-6.534,99.5196533203125
13:13:52.424276,-0.4173,38.39120729555506,-7.247999999999999,99.29580688476562
13:13:52.429055,-0.4173,38.39120729555506,-7.247999999999999,99.29580688476562
13:13:52.434067,-0.4173,38.39120729555506,-7.247999999999999,99.29580688476562
13:13:52.439085,-0.4173,38.39120729555506,-7.247999999999999,99.29580688476562
13:13:52.444085,-0.4173,38.39120729555506,-7.247999999999999,99.29580688476562
13:13:52.449418,-0.4173,38.39120729555506,-7.247999999999999,99.29580688476562
13:13:52.454933,-0.4173,38.39120729555506,-8.184,99.04518127441406
13:13:52.459112,-0.4173,38.46243532289881,-8.184,99.04518127441406
13:13:52.464139,-0.4173,38.46243532289881,-8.184,99.04518127441406
13:13:52.469093,-0.4173,38.46243532289881,-8.184,99.04518127441406
13:13:52.474067,-0.4173,38.46243532289881,-8.184,99.04518127441406
13:13:52.479152,-0.4173,38.46243532289881,-8.184,99.04518127441406
13:13:52.484069,-0.4173,38.46243532289881,-8.184,99.04518127441406
13:13:52.489135,-0.40339,38.29806764711756,-9.198,98.7451171875
13:13:52.494070,-0.40339,38.29806764711756,-9.198,98.7451171875
13:13:52.499229,-0.40339,38.29806764711756,-9.198,98.7451171875
13:13:52.504066,-0.40339,38.29806764711756,-9.198,98.7451171875
13:13:52.509062,-0.40339,38.29806764711756,-9.198,98.7451171875
13:13:52.514062,-0.40339,38.29806764711756,-9.198,98.7451171875
13:13:52.519122,-0.40339,38.29806764711756,-9.198,98.7451171875
13:13:52.524123,-0.40125,37.936449605125375,-9.774,98.44505310058594
13:13:52.529073,-0.40125,37.936449605125375,-9.774,98.44505310058594
13:13:52.534067,-0.40125,37.936449605125375,-9.774,98.44505310058594
13:13:52.539064,-0.40125,37.936449605125375,-9.774,98.44505310058594
13:13:52.544111,-0.40125,37.936449605125375,-9.774,98.44505310058594
13:13:52.549083,-0.40125,37.936449605125375,-9.774,98.44505310058594
13:13:52.554136,-0.41944,38.30902345766444,-9.803999999999998,98.118896484375
13:13:52.559068,-0.41944,38.30902345766444,-9.803999999999998,98.118896484375
13:13:52.564063,-0.41944,38.30902345766444,-9.803999999999998,98.118896484375
13:13:52.569056,-0.41944,38.30902345766444,-9.803999999999998,98.118896484375
13:13:52.574042,-0.41944,38.30902345766444,-9.803999999999998,98.118896484375
13:13:52.579086,-0.41944,38.30902345766444,-9.803999999999998,98.118896484375
13:13:52.584107,-0.41944,38.30902345766444,-9.803999999999998,98.118896484375
13:13:52.589108,-0.43228,38.96103151430506,-11.202000000000002,97.76870727539062
13:13:52.594055,-0.43228,38.96103151430506,-11.202000000000002,97.76870727539062
13:13:52.599063,-0.43228,38.96103151430506,-11.202000000000002,97.76870727539062
13:13:52.604088,-0.43228,38.96103151430506,-11.202000000000002,97.76870727539062
13:13:52.609239,-0.43228,38.96103151430506,-11.202000000000002,97.76870727539062
13:13:52.614334,-0.43228,38.96103151430506,-11.202000000000002,97.76870727539062
13:13:52.619307,-0.43121,38.9665094195785,-12.078,97.40066528320312
13:13:52.624415,-0.43121,38.9665094195785,-12.078,97.40066528320312
13:13:52.629422,-0.43121,38.9665094195785,-12.078,97.40066528320312
13:13:52.634416,-0.43121,38.9665094195785,-12.078,97.40066528320312
13:13:52.639409,-0.43121,38.9665094195785,-12.078,97.40066528320312
13:13:52.644418,-0.43121,38.9665094195785,-12.078,97.40066528320312
13:13:52.649320,-0.43121,38.9665094195785,-12.078,97.40066528320312
13:13:52.654118,-0.42158,39.08703859438319,-13.896,96.96327209472656
13:13:52.659138,-0.42158,39.08703859438319,-13.896,96.96327209472656
13:13:52.664043,-0.42158,39.08703859438319,-13.896,96.96327209472656
13:13:52.669055,-0.42158,39.08703859438319,-13.896,96.96327209472656
13:13:52.674025,-0.42158,39.08703859438319,-13.896,96.96327209472656
13:13:52.679319,-0.42158,39.08703859438319,-13.896,96.96327209472656
13:13:52.684185,-0.42265,38.270678120750375,-14.166,96.5032196044922
13:13:52.689100,-0.42265,38.270678120750375,-14.166,96.5032196044922
13:13:52.694088,-0.42265,38.270678120750375,-14.166,96.5032196044922
13:13:52.699064,-0.42265,38.270678120750375,-14.166,96.5032196044922
13:13:52.704066,-0.42265,38.270678120750375,-14.166,96.5032196044922
13:13:52.709067,-0.42265,38.270678120750375,-14.166,96.5032196044922
13:13:52.714091,-0.42265,38.270678120750375,-14.166,96.5032196044922
13:13:52.719232,-0.43121,38.79664857973475,-15.24,96.03973388671876
13:13:52.724052,-0.43121,38.79664857973475,-15.24,96.03973388671876
13:13:52.729049,-0.43121,38.79664857973475,-15.24,96.03973388671876
13:13:52.734063,-0.43121,38.79664857973475,-15.24,96.03973388671876
13:13:52.739081,-0.43121,38.79664857973475,-15.24,96.03973388671876
13:13:52.744060,-0.43121,38.79664857973475,-15.24,96.03973388671876
13:13:52.749155,-0.4376300000000001,38.79664857973475,-16.668,95.4931640625
13:13:52.754087,-0.4376300000000001,38.78021486391444,-16.668,95.4931640625
13:13:52.759088,-0.4376300000000001,38.78021486391444,-16.668,95.4931640625
13:13:52.764091,-0.4376300000000001,38.78021486391444,-16.668,95.4931640625
13:13:52.769113,-0.4376300000000001,38.78021486391444,-16.668,95.4931640625
13:13:52.774049,-0.4376300000000001,38.78021486391444,-16.668,95.4931640625
13:13:52.779070,-0.4376300000000001,38.78021486391444,-16.668,95.4931640625
13:13:52.784109,-0.42693,39.010332661766,-17.022000000000002,94.91706848144533
13:13:52.789061,-0.42693,39.010332661766,-17.022000000000002,94.91706848144533
13:13:52.794092,-0.42693,39.010332661766,-17.022000000000002,94.91706848144533
13:13:52.799092,-0.42693,39.010332661766,-17.022000000000002,94.91706848144533
13:13:52.804086,-0.42693,39.010332661766,-17.022000000000002,94.91706848144533
13:13:52.809072,-0.42693,39.010332661766,-17.022000000000002,94.91706848144533
13:13:52.814562,-0.44512,39.010332661766,-18.15,94.35539245605467
13:13:52.819114,-0.44512,38.456957417625375,-18.15,94.35539245605467
13:13:52.824054,-0.44512,38.456957417625375,-18.15,94.35539245605467
13:13:52.829034,-0.44512,38.456957417625375,-18.15,94.35539245605467
13:13:52.834091,-0.44512,38.456957417625375,-18.15,94.35539245605467
13:13:52.839086,-0.44512,38.456957417625375,-18.15,94.35539245605467
13:13:52.844069,-0.44512,38.456957417625375,-18.15,94.35539245605467
13:13:52.849226,-0.44084,39.15826662172694,-18.504,93.75389099121094
13:13:52.854102,-0.44084,39.15826662172694,-18.504,93.75389099121094
13:13:52.859065,-0.44084,39.15826662172694,-18.504,93.75389099121094
13:13:52.864045,-0.44084,39.15826662172694,-18.504,93.75389099121094
13:13:52.869067,-0.44084,39.15826662172694,-18.504,93.75389099121094
13:13:52.874068,-0.44084,39.15826662172694,-18.504,93.75389099121094
13:13:52.879240,-0.43228,39.15826662172694,-19.824,93.13385009765624
13:13:52.884084,-0.43228,39.25140627016444,-19.824,93.13385009765624
13:13:52.889071,-0.43228,39.25140627016444,-19.824,93.13385009765624
13:13:52.894089,-0.43228,39.25140627016444,-19.824,93.13385009765624
13:13:52.899068,-0.43228,39.25140627016444,-19.824,93.13385009765624
13:13:52.904109,-0.43228,39.25140627016444,-19.824,93.13385009765624
13:13:52.909130,-0.43228,39.25140627016444,-19.824,93.13385009765624
13:13:52.914124,-0.43335,39.213060933250375,-21.282,92.44308471679688
13:13:52.919070,-0.43335,39.213060933250375,-21.282,92.44308471679688
13:13:52.924154,-0.43335,39.213060933250375,-21.282,92.44308471679688
13:13:52.929048,-0.43335,39.213060933250375,-21.282,92.44308471679688
13:13:52.934035,-0.43335,39.213060933250375,-21.282,92.44308471679688
13:13:52.939058,-0.43335,39.213060933250375,-21.282,92.44308471679688
13:13:52.944190,-0.43335,39.213060933250375,-21.282,92.44308471679688
13:13:52.949071,-0.43121,38.9171930133285,-22.158,91.73240661621094
13:13:52.954067,-0.43121,38.9171930133285,-22.158,91.73240661621094
13:13:52.959084,-0.43121,38.9171930133285,-22.158,91.73240661621094
13:13:52.964071,-0.43121,38.9171930133285,-22.158,91.73240661621094
13:13:52.969114,-0.43121,38.9171930133285,-22.158,91.73240661621094
13:13:52.974425,-0.43121,38.9171930133285,-22.158,91.73240661621094
13:13:52.979504,-0.43549,38.813097554344125,-23.142,90.98533630371094
13:13:52.984403,-0.43549,38.813097554344125,-23.142,90.98533630371094
13:13:52.989450,-0.43549,38.813097554344125,-23.142,90.98533630371094
13:13:52.994411,-0.43549,38.813097554344125,-23.142,90.98533630371094
13:13:52.999481,-0.43549,38.813097554344125,-23.142,90.98533630371094
13:13:53.004426,-0.43549,38.813097554344125,-23.142,90.98533630371094
13:13:53.009442,-0.43549,38.813097554344125,-23.142,90.98533630371094
13:13:53.014195,-0.4494,39.30620058168788,-24.078,90.21766662597656
13:13:53.019084,-0.4494,39.30620058168788,-24.078,90.21766662597656
13:13:53.024061,-0.4494,39.30620058168788,-24.078,90.21766662597656
13:13:53.029063,-0.4494,39.30620058168788,-24.078,90.21766662597656
13:13:53.034232,-0.4494,39.30620058168788,-24.078,90.21766662597656
13:13:53.039049,-0.4494,39.30620058168788,-24.078,90.21766662597656
13:13:53.044101,-0.43121,39.40481813539881,-25.374,89.40055847167969
13:13:53.049082,-0.43121,39.40481813539881,-25.374,89.40055847167969
13:13:53.054071,-0.43121,39.40481813539881,-25.374,89.40055847167969
13:13:53.059072,-0.43121,39.40481813539881,-25.374,89.40055847167969
13:13:53.064101,-0.43121,39.40481813539881,-25.374,89.40055847167969
13:13:53.069107,-0.43121,39.40481813539881,-25.374,89.40055847167969
13:13:53.074104,-0.43121,39.40481813539881,-25.374,89.40055847167969
13:13:53.079237,-0.45689,39.426745015281625,-25.728,88.5772705078125
13:13:53.084072,-0.45689,39.426745015281625,-25.728,88.5772705078125
13:13:53.089070,-0.45689,39.426745015281625,-25.728,88.5772705078125
13:13:53.094091,-0.45689,39.426745015281625,-25.728,88.5772705078125
13:13:53.099058,-0.45689,39.426745015281625,-25.728,88.5772705078125
13:13:53.104058,-0.45689,39.426745015281625,-25.728,88.5772705078125
13:13:53.109158,-0.44191,38.7309137164535,-27.15,87.70248413085938
13:13:53.114056,-0.44191,38.7309137164535,-27.15,87.70248413085938
13:13:53.119070,-0.44191,38.7309137164535,-27.15,87.70248413085938
13:13:53.124060,-0.44191,38.7309137164535,-27.15,87.70248413085938
13:13:53.129070,-0.44191,38.7309137164535,-27.15,87.70248413085938
13:13:53.134063,-0.44191,38.7309137164535,-27.15,87.70248413085938
13:13:53.139203,-0.44191,38.7309137164535,-27.15,87.70248413085938
13:13:53.144082,-0.4601,39.30072267641444,-27.978,86.8194580078125
13:13:53.149059,-0.4601,39.30072267641444,-27.978,86.8194580078125
13:13:53.154060,-0.4601,39.30072267641444,-27.978,86.8194580078125
13:13:53.159088,-0.4601,39.30072267641444,-27.978,86.8194580078125
13:13:53.164081,-0.4601,39.30072267641444,-27.978,86.8194580078125
13:13:53.169093,-0.4601,39.30072267641444,-27.978,86.8194580078125
13:13:53.174588,-0.44298,39.30072267641444,-29.322,85.88150024414062
13:13:53.179379,-0.44298,38.62132509340663,-29.322,85.88150024414062
13:13:53.184397,-0.44298,38.62132509340663,-29.322,85.88150024414062
13:13:53.189415,-0.44298,38.62132509340663,-29.322,85.88150024414062
13:13:53.194425,-0.44298,38.62132509340663,-29.322,85.88150024414062
13:13:53.199419,-0.44298,38.62132509340663,-29.322,85.88150024414062
13:13:53.204434,-0.44298,38.62132509340663,-29.322,85.88150024414062
13:13:53.209367,-0.44726,39.41578920473475,-29.898000000000003,84.92706298828125
13:13:53.214306,-0.44726,39.41578920473475,-29.898000000000003,84.92706298828125
13:13:53.219283,-0.44726,39.41578920473475,-29.898000000000003,84.92706298828125
13:13:53.224318,-0.44726,39.41578920473475,-29.898000000000003,84.92706298828125
13:13:53.229365,-0.44726,39.41578920473475,-29.898000000000003,84.92706298828125
13:13:53.234340,-0.44726,39.41578920473475,-29.898000000000003,84.92706298828125
13:13:53.239289,-0.44726,39.41578920473475,-29.898000000000003,84.92706298828125
13:13:53.244275,-0.44298,38.61036928285975,-31.46400000000001,83.90121459960938
13:13:53.249290,-0.44298,38.61036928285975,-31.46400000000001,83.90121459960938
13:13:53.254307,-0.44298,38.61036928285975,-31.46400000000001,83.90121459960938
13:13:53.259383,-0.44298,38.61036928285975,-31.46400000000001,83.90121459960938
13:13:53.264406,-0.44298,38.61036928285975,-31.46400000000001,83.90121459960938
13:13:53.269401,-0.44298,38.61036928285975,-31.46400000000001,83.90121459960938
13:13:53.274319,-0.46331,39.245928364891,-30.750000000000004,82.84721374511719
13:13:53.279294,-0.46331,39.245928364891,-30.750000000000004,82.84721374511719
13:13:53.284404,-0.46331,39.245928364891,-30.750000000000004,82.84721374511719
13:13:53.289417,-0.46331,39.245928364891,-30.750000000000004,82.84721374511719
13:13:53.294366,-0.46331,39.245928364891,-30.750000000000004,82.84721374511719
13:13:53.299325,-0.46331,39.245928364891,-30.750000000000004,82.84721374511719
13:13:53.304284,-0.46331,39.245928364891,-30.750000000000004,82.84721374511719
13:13:53.309250,-0.45261,38.75282533754725,-32.922000000000004,81.79458618164062
13:13:53.314270,-0.45261,38.75282533754725,-32.922000000000004,81.79458618164062
13:13:53.319391,-0.45261,38.75282533754725,-32.922000000000004,81.79458618164062
13:13:53.324430,-0.45261,38.75282533754725,-32.922000000000004,81.79458618164062
13:13:53.329312,-0.45261,38.75282533754725,-32.922000000000004,81.79458618164062
13:13:53.334287,-0.45261,38.75282533754725,-32.922000000000004,81.79458618164062
13:13:53.339247,-0.45582,38.93910463442225,-34.074,80.70762634277344
13:13:53.344194,-0.45582,38.93910463442225,-34.074,80.70762634277344
13:13:53.349154,-0.45582,38.93910463442225,-34.074,80.70762634277344
13:13:53.354006,-0.45582,38.93910463442225,-34.074,80.70762634277344
13:13:53.359204,-0.45582,38.93910463442225,-34.074,80.70762634277344
13:13:53.364238,-0.45582,38.93910463442225,-34.074,80.70762634277344
13:13:53.369176,-0.45582,38.93910463442225,-34.074,80.70762634277344
13:13:53.374255,-0.45582,38.741869527000375,-35.61,79.59457397460938
13:13:53.379310,-0.45582,38.741869527000375,-35.61,79.59457397460938
13:13:53.384003,-0.45582,38.741869527000375,-35.61,79.59457397460938
13:13:53.389017,-0.45582,38.741869527000375,-35.61,79.59457397460938
13:13:53.394224,-0.45582,38.741869527000375,-35.61,79.59457397460938
13:13:53.399346,-0.45582,38.741869527000375,-35.61,79.59457397460938
13:13:53.404673,-0.44833,38.741869527000375,-35.94,78.41079711914062
13:13:53.409425,-0.44833,38.66516359438319,-35.94,78.41079711914062
13:13:53.414355,-0.44833,38.66516359438319,-35.94,78.41079711914062
13:13:53.419327,-0.44833,38.66516359438319,-35.94,78.41079711914062
13:13:53.424344,-0.44833,38.66516359438319,-35.94,78.41079711914062
13:13:53.429349,-0.44833,38.66516359438319,-35.94,78.41079711914062
13:13:53.434314,-0.44833,38.66516359438319,-35.94,78.41079711914062
13:13:53.439296,-0.4376300000000001,38.24875124086756,-37.422,77.19406127929688
13:13:53.444172,-0.4376300000000001,38.24875124086756,-37.422,77.19406127929688
13:13:53.449055,-0.4376300000000001,38.24875124086756,-37.422,77.19406127929688
13:13:53.454069,-0.4376300000000001,38.24875124086756,-37.422,77.19406127929688
13:13:53.459093,-0.4376300000000001,38.24875124086756,-37.422,77.19406127929688
13:13:53.464057,-0.4376300000000001,38.24875124086756,-37.422,77.19406127929688
13:13:53.469130,-0.4376300000000001,38.24875124086756,-37.422,77.19406127929688
13:13:53.474110,-0.43977,38.221361714500375,-37.722,75.97457885742188
13:13:53.479060,-0.43977,38.221361714500375,-37.722,75.97457885742188
13:13:53.484061,-0.43977,38.221361714500375,-37.722,75.97457885742188
13:13:53.489070,-0.43977,38.221361714500375,-37.722,75.97457885742188
13:13:53.494066,-0.43977,38.221361714500375,-37.722,75.97457885742188
13:13:53.499066,-0.43977,38.221361714500375,-37.722,75.97457885742188
13:13:53.504428,-0.43228,37.96933229555506,-38.712,74.70634460449219
13:13:53.509386,-0.43228,37.96933229555506,-38.712,74.70634460449219
13:13:53.514226,-0.43228,37.96933229555506,-38.712,74.70634460449219
13:13:53.519097,-0.43228,37.96933229555506,-38.712,74.70634460449219
13:13:53.524066,-0.43228,37.96933229555506,-38.712,74.70634460449219
13:13:53.529072,-0.43228,37.96933229555506,-38.712,74.70634460449219
13:13:53.534284,-0.43228,37.96933229555506,-38.712,74.70634460449219
13:13:53.539112,-0.44084,37.62414796938319,-39.756,73.49441528320312
13:13:53.544190,-0.44084,37.62414796938319,-39.756,73.49441528320312
13:13:53.549087,-0.44084,37.62414796938319,-39.756,73.49441528320312
13:13:53.554059,-0.44084,37.62414796938319,-39.756,73.49441528320312
13:13:53.559070,-0.44084,37.62414796938319,-39.756,73.49441528320312
13:13:53.564084,-0.44084,37.62414796938319,-39.756,73.49441528320312
13:13:53.569141,-0.43228,37.38855226625819,-39.732000000000006,72.15751647949219
13:13:53.574059,-0.43228,37.38855226625819,-39.732000000000006,72.15751647949219
13:13:53.579062,-0.43228,37.38855226625819,-39.732000000000006,72.15751647949219
13:13:53.584069,-0.43228,37.38855226625819,-39.732000000000006,72.15751647949219
13:13:53.589051,-0.43228,37.38855226625819,-39.732000000000006,72.15751647949219
13:13:53.594081,-0.43228,37.38855226625819,-39.732000000000006,72.15751647949219
13:13:53.599096,-0.43228,37.38855226625819,-39.732000000000006,72.15751647949219
13:13:53.604122,-0.42479,37.03789003481288,-39.756,70.92361450195312
13:13:53.609069,-0.42479,37.03789003481288,-39.756,70.92361450195312
13:13:53.614111,-0.42479,37.03789003481288,-39.756,70.92361450195312
13:13:53.619090,-0.42479,37.03789003481288,-39.756,70.92361450195312
13:13:53.624082,-0.42479,37.03789003481288,-39.756,70.92361450195312
13:13:53.629082,-0.42479,37.03789003481288,-39.756,70.92361450195312
13:13:53.634292,-0.41409,36.12289674868006,-39.918,69.62722778320312
13:13:53.639170,-0.41409,36.12289674868006,-39.918,69.62722778320312
13:13:53.644055,-0.41409,36.12289674868006,-39.918,69.62722778320312
13:13:53.649060,-0.41409,36.12289674868006,-39.918,69.62722778320312
13:13:53.654091,-0.41409,36.12289674868006,-39.918,69.62722778320312
13:13:53.659096,-0.41409,36.12289674868006,-39.918,69.62722778320312
13:13:53.664881,-0.42907,36.12289674868006,-40.308,68.32534790039062
13:13:53.669070,-0.42907,36.259874898094125,-40.308,68.32534790039062
13:13:53.674083,-0.42907,36.259874898094125,-40.308,68.32534790039062
13:13:53.679113,-0.42907,36.259874898094125,-40.308,68.32534790039062
13:13:53.684094,-0.42907,36.259874898094125,-40.308,68.32534790039062
13:13:53.689421,-0.42907,36.259874898094125,-40.308,68.32534790039062
13:13:53.694454,-0.42907,36.259874898094125,-40.308,68.32534790039062
13:13:53.699210,-0.42907,36.75299318422694,-39.618,67.08045959472656
13:13:53.704088,-0.42907,36.75299318422694,-39.618,67.08045959472656
13:13:53.709063,-0.42907,36.75299318422694,-39.618,67.08045959472656
13:13:53.714081,-0.42907,36.75299318422694,-39.618,67.08045959472656
13:13:53.719070,-0.42907,36.75299318422694,-39.618,67.08045959472656
13:13:53.724096,-0.42907,36.75299318422694,-39.618,67.08045959472656
13:13:53.729477,-0.40018,35.092852193016,-40.716,65.78132629394531
13:13:53.734061,-0.40018,35.092852193016,-40.716,65.78132629394531
13:13:53.739182,-0.40018,35.092852193016,-40.716,65.78132629394531
13:13:53.744052,-0.40018,35.092852193016,-40.716,65.78132629394531
13:13:53.749057,-0.40018,35.092852193016,-40.716,65.78132629394531
13:13:53.754084,-0.40018,35.092852193016,-40.716,65.78132629394531
13:13:53.759082,-0.40018,35.092852193016,-40.716,65.78132629394531
13:13:53.764110,-0.40767,35.14764650453944,-39.702,64.49729919433594
13:13:53.769064,-0.40767,35.14764650453944,-39.702,64.49729919433594
13:13:53.774066,-0.40767,35.14764650453944,-39.702,64.49729919433594
13:13:53.779069,-0.40767,35.14764650453944,-39.702,64.49729919433594
13:13:53.784068,-0.40767,35.14764650453944,-39.702,64.49729919433594
13:13:53.789064,-0.40767,35.14764650453944,-39.702,64.49729919433594
13:13:53.794455,-0.40018,35.153124409812875,-40.362,63.17481994628906
13:13:53.799054,-0.40018,35.153124409812875,-40.362,63.17481994628906
13:13:53.804043,-0.40018,35.153124409812875,-40.362,63.17481994628906
13:13:53.809067,-0.40018,35.153124409812875,-40.362,63.17481994628906
13:13:53.814088,-0.40018,35.153124409812875,-40.362,63.17481994628906
13:13:53.819070,-0.40018,35.153124409812875,-40.362,63.17481994628906
13:13:53.824107,-0.40018,35.153124409812875,-40.362,63.17481994628906
13:13:53.829389,-0.40767,34.92300661196131,-40.662,61.90040588378906
13:13:53.834290,-0.40767,34.92300661196131,-40.662,61.90040588378906
13:13:53.839245,-0.40767,34.92300661196131,-40.662,61.90040588378906
13:13:53.844089,-0.40767,34.92300661196131,-40.662,61.90040588378906
13:13:53.849065,-0.40767,34.92300661196131,-40.662,61.90040588378906
13:13:53.854088,-0.40767,34.92300661196131,-40.662,61.90040588378906
13:13:53.859478,-0.40767,33.77789552797694,-40.608,60.62873840332032
13:13:53.864088,-0.40767,33.77789552797694,-40.608,60.62873840332032
13:13:53.869062,-0.40767,33.77789552797694,-40.608,60.62873840332032
13:13:53.874065,-0.40767,33.77789552797694,-40.608,60.62873840332032
13:13:53.879090,-0.40767,33.77789552797694,-40.608,60.62873840332032
13:13:53.884084,-0.40767,33.77789552797694,-40.608,60.62873840332032
13:13:53.889067,-0.40767,33.77789552797694,-40.608,60.62873840332032
13:13:53.894302,-0.38948,33.68475587953944,-40.446,59.315185546875
13:13:53.899102,-0.38948,33.68475587953944,-40.446,59.315185546875
13:13:53.904051,-0.38948,33.68475587953944,-40.446,59.315185546875
13:13:53.909065,-0.38948,33.68475587953944,-40.446,59.315185546875
13:13:53.914066,-0.38948,33.68475587953944,-40.446,59.315185546875
13:13:53.919086,-0.38948,33.68475587953944,-40.446,59.315185546875
13:13:53.924212,-0.3852,33.64639528383631,-39.84,58.000259399414055
13:13:53.929048,-0.3852,33.64639528383631,-39.84,58.000259399414055
13:13:53.934034,-0.3852,33.64639528383631,-39.84,58.000259399414055
13:13:53.939194,-0.3852,33.64639528383631,-39.84,58.000259399414055
13:13:53.944047,-0.3852,33.64639528383631,-39.84,58.000259399414055
13:13:53.949052,-0.3852,33.64639528383631,-39.84,58.000259399414055
13:13:53.954086,-0.3852,33.64639528383631,-39.84,58.000259399414055
13:13:53.959137,-0.39055,32.588945943016,-40.086000000000006,56.72309875488281
13:13:53.964083,-0.39055,32.588945943016,-40.086000000000006,56.72309875488281
13:13:53.969103,-0.39055,32.588945943016,-40.086000000000006,56.72309875488281
13:13:53.974021,-0.39055,32.588945943016,-40.086000000000006,56.72309875488281
13:13:53.979061,-0.39055,32.588945943016,-40.086000000000006,56.72309875488281
13:13:53.984065,-0.39055,32.588945943016,-40.086000000000006,56.72309875488281
13:13:53.989220,-0.37236,32.588945943016,-40.11,55.39649963378906
13:13:53.994082,-0.37236,32.29855592836756,-40.11,55.39649963378906
13:13:53.999047,-0.37236,32.29855592836756,-40.11,55.39649963378906
13:13:54.004060,-0.37236,32.29855592836756,-40.11,55.39649963378906
13:13:54.009057,-0.37236,32.29855592836756,-40.11,55.39649963378906
13:13:54.014091,-0.37236,32.29855592836756,-40.11,55.39649963378906
13:13:54.019060,-0.37236,32.29855592836756,-40.11,55.39649963378906
13:13:54.024093,-0.3745,32.01913698305506,-40.032,54.08294677734375
13:13:54.029057,-0.3745,32.01913698305506,-40.032,54.08294677734375
13:13:54.034057,-0.3745,32.01913698305506,-40.032,54.08294677734375
13:13:54.039274,-0.3745,32.01913698305506,-40.032,54.08294677734375
13:13:54.044056,-0.3745,32.01913698305506,-40.032,54.08294677734375
13:13:54.049058,-0.3745,32.01913698305506,-40.032,54.08294677734375
13:13:54.054499,-0.37557,31.71231325258631,-40.146,52.81951904296875
13:13:54.059064,-0.37557,31.71231325258631,-40.146,52.81951904296875
13:13:54.064083,-0.37557,31.71231325258631,-40.146,52.81951904296875
13:13:54.069091,-0.37557,31.71231325258631,-40.146,52.81951904296875
13:13:54.074060,-0.37557,31.71231325258631,-40.146,52.81951904296875
13:13:54.079063,-0.37557,31.71231325258631,-40.146,52.81951904296875
13:13:54.084069,-0.37557,31.71231325258631,-40.146,52.81951904296875
13:13:54.089107,-0.35096,29.95903261293787,-40.056,51.46408081054688
13:13:54.094061,-0.35096,29.95903261293787,-40.056,51.46408081054688
13:13:54.099045,-0.35096,29.95903261293787,-40.056,51.46408081054688
13:13:54.104066,-0.35096,29.95903261293787,-40.056,51.46408081054688
13:13:54.109090,-0.35096,29.95903261293787,-40.056,51.46408081054688
13:13:54.114062,-0.35096,29.95903261293787,-40.056,51.46408081054688
13:13:54.119286,-0.36166,30.38090761293787,-40.17,50.21095275878906
13:13:54.124073,-0.36166,30.38090761293787,-40.17,50.21095275878906
13:13:54.129061,-0.36166,30.38090761293787,-40.17,50.21095275878906
13:13:54.134073,-0.36166,30.38090761293787,-40.17,50.21095275878906
13:13:54.139248,-0.36166,30.38090761293787,-40.17,50.21095275878906
13:13:54.144049,-0.36166,30.38090761293787,-40.17,50.21095275878906
13:13:54.149053,-0.36166,30.38090761293787,-40.17,50.21095275878906
13:13:54.154136,-0.36701,30.22201784243006,-40.716,48.90083312988281
13:13:54.159064,-0.36701,30.22201784243006,-40.716,48.90083312988281
13:13:54.164061,-0.36701,30.22201784243006,-40.716,48.90083312988281
13:13:54.169061,-0.36701,30.22201784243006,-40.716,48.90083312988281
13:13:54.174082,-0.36701,30.22201784243006,-40.716,48.90083312988281
13:13:54.179086,-0.36701,30.22201784243006,-40.716,48.90083312988281
13:13:54.184403,-0.34882,29.334429341453497,-40.224,47.610626220703125
13:13:54.189082,-0.34882,29.334429341453497,-40.224,47.610626220703125
13:13:54.194056,-0.34882,29.334429341453497,-40.224,47.610626220703125
13:13:54.199134,-0.34882,29.334429341453497,-40.224,47.610626220703125
13:13:54.204062,-0.34882,29.334429341453497,-40.224,47.610626220703125
13:13:54.209085,-0.34882,29.334429341453497,-40.224,47.610626220703125
13:13:54.214071,-0.34882,29.334429341453497,-40.224,47.610626220703125
13:13:54.219102,-0.34775,28.276980000633184,-41.022,46.29981994628906
13:13:54.224069,-0.34775,28.276980000633184,-41.022,46.29981994628906
13:13:54.229058,-0.34775,28.276980000633184,-41.022,46.29981994628906
13:13:54.234233,-0.34775,28.276980000633184,-41.022,46.29981994628906
13:13:54.239027,-0.34775,28.276980000633184,-41.022,46.29981994628906
13:13:54.244052,-0.34775,28.276980000633184,-41.022,46.29981994628906
13:13:54.249232,-0.33705,28.276980000633184,-40.638,45.00411987304688
13:13:54.254032,-0.33705,28.02493532289881,-40.638,45.00411987304688
13:13:54.259045,-0.33705,28.02493532289881,-40.638,45.00411987304688
13:13:54.264083,-0.33705,28.02493532289881,-40.638,45.00411987304688
13:13:54.269055,-0.33705,28.02493532289881,-40.638,45.00411987304688
13:13:54.274061,-0.33705,28.02493532289881,-40.638,45.00411987304688
13:13:54.279107,-0.33705,28.02493532289881,-40.638,45.00411987304688
13:13:54.284445,-0.33598,27.86056764711756,-40.908,43.68919372558594
13:13:54.289288,-0.33598,27.86056764711756,-40.908,43.68919372558594
13:13:54.294433,-0.33598,27.86056764711756,-40.908,43.68919372558594
13:13:54.299436,-0.33598,27.86056764711756,-40.908,43.68919372558594
13:13:54.304344,-0.33598,27.86056764711756,-40.908,43.68919372558594
13:13:54.309317,-0.33598,27.86056764711756,-40.908,43.68919372558594
13:13:54.314227,-0.3317,27.86056764711756,-40.254,42.43812561035156
13:13:54.319289,-0.3317,26.616839009422247,-40.254,42.43812561035156
13:13:54.324166,-0.3317,26.616839009422247,-40.254,42.43812561035156
13:13:54.329095,-0.3317,26.616839009422247,-40.254,42.43812561035156
13:13:54.334063,-0.3317,26.616839009422247,-40.254,42.43812561035156
13:13:54.339066,-0.3317,26.616839009422247,-40.254,42.43812561035156
13:13:54.344090,-0.3317,26.616839009422247,-40.254,42.43812561035156
13:13:54.349144,-0.31565,26.118242818016,-40.248000000000005,41.07925415039063
13:13:54.354063,-0.31565,26.118242818016,-40.248000000000005,41.07925415039063
13:13:54.359066,-0.31565,26.118242818016,-40.248000000000005,41.07925415039063
13:13:54.364065,-0.31565,26.118242818016,-40.248000000000005,41.07925415039063
13:13:54.369091,-0.31565,26.118242818016,-40.248000000000005,41.07925415039063
13:13:54.374082,-0.31565,26.118242818016,-40.248000000000005,41.07925415039063
13:13:54.379360,-0.31458,26.118242818016,-40.5,39.814453125
13:13:54.384247,-0.31458,25.488161641258184,-40.5,39.814453125
13:13:54.389122,-0.31458,25.488161641258184,-40.5,39.814453125
13:13:54.394091,-0.31458,25.488161641258184,-40.5,39.814453125
13:13:54.399071,-0.31458,25.488161641258184,-40.5,39.814453125
13:13:54.404071,-0.31458,25.488161641258184,-40.5,39.814453125
13:13:54.409096,-0.31458,25.488161641258184,-40.5,39.814453125
13:13:54.414141,-0.31886,25.00053651918787,-40.2,38.53729248046875
13:13:54.419232,-0.31886,25.00053651918787,-40.2,38.53729248046875
13:13:54.424059,-0.31886,25.00053651918787,-40.2,38.53729248046875
13:13:54.429054,-0.31886,25.00053651918787,-40.2,38.53729248046875
13:13:54.434069,-0.31886,25.00053651918787,-40.2,38.53729248046875
13:13:54.439072,-0.31886,25.00053651918787,-40.2,38.53729248046875
13:13:54.444389,-0.2953199999999999,23.882814961570684,-40.8,37.21481323242188
13:13:54.449069,-0.2953199999999999,23.882814961570684,-40.8,37.21481323242188
13:13:54.454035,-0.2953199999999999,23.882814961570684,-40.8,37.21481323242188
13:13:54.459059,-0.2953199999999999,23.882814961570684,-40.8,37.21481323242188
13:13:54.464084,-0.2953199999999999,23.882814961570684,-40.8,37.21481323242188
13:13:54.469065,-0.2953199999999999,23.882814961570684,-40.8,37.21481323242188
13:13:54.474113,-0.2953199999999999,23.882814961570684,-40.8,37.21481323242188
13:13:54.479240,-0.29104,23.734881001609747,-40.13999999999999,35.93147277832031
13:13:54.484073,-0.29104,23.734881001609747,-40.13999999999999,35.93147277832031
13:13:54.489069,-0.29104,23.734881001609747,-40.13999999999999,35.93147277832031
13:13:54.494061,-0.29104,23.734881001609747,-40.13999999999999,35.93147277832031
13:13:54.499088,-0.29104,23.734881001609747,-40.13999999999999,35.93147277832031
13:13:54.504073,-0.29104,23.734881001609747,-40.13999999999999,35.93147277832031
13:13:54.509143,-0.29853,23.734881001609747,-41.214000000000006,34.624786376953125
13:13:54.514284,-0.29853,22.85824831118006,-41.214000000000006,34.624786376953125
13:13:54.519054,-0.29853,22.85824831118006,-41.214000000000006,34.624786376953125
13:13:54.524066,-0.29853,22.85824831118006,-41.214000000000006,34.624786376953125
13:13:54.529095,-0.29853,22.85824831118006,-41.214000000000006,34.624786376953125
13:13:54.534087,-0.29853,22.85824831118006,-41.214000000000006,34.624786376953125
13:13:54.539061,-0.29853,22.85824831118006,-41.214000000000006,34.624786376953125
13:13:54.544117,-0.27927,21.78984315981287,-41.268,33.31878662109375
13:13:54.549062,-0.27927,21.78984315981287,-41.268,33.31878662109375
13:13:54.554060,-0.27927,21.78984315981287,-41.268,33.31878662109375
13:13:54.559063,-0.27927,21.78984315981287,-41.268,33.31878662109375
13:13:54.564085,-0.27927,21.78984315981287,-41.268,33.31878662109375
13:13:54.569096,-0.27927,21.78984315981287,-41.268,33.31878662109375
13:13:54.574123,-0.27927,21.78984315981287,-41.268,33.31878662109375
13:13:54.579121,-0.27606,21.280291157859747,-40.524,32.02033996582031
13:13:54.584062,-0.27606,21.280291157859747,-40.524,32.02033996582031
13:13:54.589103,-0.27606,21.280291157859747,-40.524,32.02033996582031
13:13:54.594080,-0.27606,21.280291157859747,-40.524,32.02033996582031
13:13:54.599053,-0.27606,21.280291157859747,-40.524,32.02033996582031
13:13:54.604058,-0.27606,21.280291157859747,-40.524,32.02033996582031
13:13:54.609149,-0.27285,20.82553346743006,-40.884,30.66146850585938
13:13:54.614283,-0.27285,20.82553346743006,-40.884,30.66146850585938
13:13:54.619058,-0.27285,20.82553346743006,-40.884,30.66146850585938
13:13:54.624056,-0.27285,20.82553346743006,-40.884,30.66146850585938
13:13:54.629063,-0.27285,20.82553346743006,-40.884,30.66146850585938
13:13:54.634085,-0.27285,20.82553346743006,-40.884,30.66146850585938
13:13:54.639085,-0.27285,20.82553346743006,-40.884,30.66146850585938
13:13:54.644110,-0.25894,19.981768208641,-39.84,29.337615966796875
13:13:54.649067,-0.25894,19.981768208641,-39.84,29.337615966796875
13:13:54.654062,-0.25894,19.981768208641,-39.84,29.337615966796875
13:13:54.659060,-0.25894,19.981768208641,-39.84,29.337615966796875
13:13:54.664071,-0.25894,19.981768208641,-39.84,29.337615966796875
13:13:54.669088,-0.25894,19.981768208641,-39.84,29.337615966796875
13:13:54.674316,-0.25573,19.981768208641,-40.8,28.06732177734375
13:13:54.679085,-0.25573,18.74351747621912,-40.8,28.06732177734375
13:13:54.684061,-0.25573,18.74351747621912,-40.8,28.06732177734375
13:13:54.689067,-0.25573,18.74351747621912,-40.8,28.06732177734375
13:13:54.694098,-0.25573,18.74351747621912,-40.8,28.06732177734375
13:13:54.699088,-0.25573,18.74351747621912,-40.8,28.06732177734375
13:13:54.704068,-0.25573,18.74351747621912,-40.8,28.06732177734375
13:13:54.709415,-0.24824,18.20109804262537,-41.022,26.712570190429688
13:13:54.714200,-0.24824,18.20109804262537,-41.022,26.712570190429688
13:13:54.719053,-0.24824,18.20109804262537,-41.022,26.712570190429688
13:13:54.724084,-0.24824,18.20109804262537,-41.022,26.712570190429688
13:13:54.729059,-0.24824,18.20109804262537,-41.022,26.712570190429688
13:13:54.734069,-0.24824,18.20109804262537,-41.022,26.712570190429688
13:13:54.739766,-0.24182,17.73538454164881,-41.292,25.432662963867188
13:13:54.744043,-0.24182,17.73538454164881,-41.292,25.432662963867188
13:13:54.749053,-0.24182,17.73538454164881,-41.292,25.432662963867188
13:13:54.754084,-0.24182,17.73538454164881,-41.292,25.432662963867188
13:13:54.759056,-0.24182,17.73538454164881,-41.292,25.432662963867188
13:13:54.764093,-0.24182,17.73538454164881,-41.292,25.432662963867188
13:13:54.769072,-0.24182,17.73538454164881,-41.292,25.432662963867188
13:13:54.774141,-0.23005,16.957354146140997,-40.608,24.11705017089844
13:13:54.779063,-0.23005,16.957354146140997,-40.608,24.11705017089844
13:13:54.784059,-0.23005,16.957354146140997,-40.608,24.11705017089844
13:13:54.789063,-0.23005,16.957354146140997,-40.608,24.11705017089844
13:13:54.794066,-0.23005,16.957354146140997,-40.608,24.11705017089844
13:13:54.799062,-0.23005,16.957354146140997,-40.608,24.11705017089844
13:13:54.804104,-0.23219,15.368456441062872,-40.692,22.847442626953125
13:13:54.809056,-0.23219,15.368456441062872,-40.692,22.847442626953125
13:13:54.814059,-0.23219,15.368456441062872,-40.692,22.847442626953125
13:13:54.819229,-0.23219,15.368456441062872,-40.692,22.847442626953125
13:13:54.824021,-0.23219,15.368456441062872,-40.692,22.847442626953125
13:13:54.829055,-0.23219,15.368456441062872,-40.692,22.847442626953125
13:13:54.834073,-0.23219,15.368456441062872,-40.692,22.847442626953125
13:13:54.839141,-0.21935,15.039705830711313,-40.908,21.565475463867188
13:13:54.844047,-0.21935,15.039705830711313,-40.908,21.565475463867188
13:13:54.849067,-0.21935,15.039705830711313,-40.908,21.565475463867188
13:13:54.854082,-0.21935,15.039705830711313,-40.908,21.565475463867188
13:13:54.859070,-0.21935,15.039705830711313,-40.908,21.565475463867188
13:13:54.864068,-0.21935,15.039705830711313,-40.908,21.565475463867188
13:13:54.869772,-0.21828,14.530169087547248,-40.992,20.29037475585937
13:13:54.874064,-0.21828,14.530169087547248,-40.992,20.29037475585937
13:13:54.879064,-0.21828,14.530169087547248,-40.992,20.29037475585937
13:13:54.884058,-0.21828,14.530169087547248,-40.992,20.29037475585937
13:13:54.889090,-0.21828,14.530169087547248,-40.992,20.29037475585937
13:13:54.894072,-0.21828,14.530169087547248,-40.992,20.29037475585937
13:13:54.899070,-0.21828,14.530169087547248,-40.992,20.29037475585937
13:13:54.904207,-0.20437,13.527514058250372,-40.638,18.936996459960938
13:13:54.909055,-0.20437,13.527514058250372,-40.638,18.936996459960938
13:13:54.914066,-0.20437,13.527514058250372,-40.638,18.936996459960938
13:13:54.919059,-0.20437,13.527514058250372,-40.638,18.936996459960938
13:13:54.924215,-0.20437,13.527514058250372,-40.638,18.936996459960938
13:13:54.929059,-0.20437,13.527514058250372,-40.638,18.936996459960938
13:13:54.934123,-0.2033,12.32760866274256,-40.392,17.614517211914062
13:13:54.939065,-0.2033,12.32760866274256,-40.392,17.614517211914062
13:13:54.944062,-0.2033,12.32760866274256,-40.392,17.614517211914062
13:13:54.949072,-0.2033,12.32760866274256,-40.392,17.614517211914062
13:13:54.954069,-0.2033,12.32760866274256,-40.392,17.614517211914062
13:13:54.959071,-0.2033,12.32760866274256,-40.392,17.614517211914062
13:13:54.964123,-0.2033,12.32760866274256,-40.392,17.614517211914062
13:13:54.969245,-0.18404,11.626299458640998,-40.53,16.341476440429688
13:13:54.974092,-0.18404,11.626299458640998,-40.53,16.341476440429688
13:13:54.979067,-0.18404,11.626299458640998,-40.53,16.341476440429688
13:13:54.984063,-0.18404,11.626299458640998,-40.53,16.341476440429688
13:13:54.989067,-0.18404,11.626299458640998,-40.53,16.341476440429688
13:13:54.994082,-0.18404,11.626299458640998,-40.53,16.341476440429688
13:13:54.999215,-0.18404,11.626299458640998,-40.53,16.341476440429688
13:13:55.004095,-0.18725,11.138659077781623,-40.884,15.019683837890623
13:13:55.009060,-0.18725,11.138659077781623,-40.884,15.019683837890623
13:13:55.014072,-0.18725,11.138659077781623,-40.884,15.019683837890623
13:13:55.019069,-0.18725,11.138659077781623,-40.884,15.019683837890623
13:13:55.024060,-0.18725,11.138659077781623,-40.884,15.019683837890623
13:13:55.029211,-0.18725,11.138659077781623,-40.884,15.019683837890623
13:13:55.034055,-0.18083,10.097658711570686,-40.356,13.739776611328123
13:13:55.039060,-0.18083,10.097658711570686,-40.356,13.739776611328123
13:13:55.044072,-0.18083,10.097658711570686,-40.356,13.739776611328123
13:13:55.049082,-0.18083,10.097658711570686,-40.356,13.739776611328123
13:13:55.054069,-0.18083,10.097658711570686,-40.356,13.739776611328123
13:13:55.059068,-0.18083,10.097658711570686,-40.356,13.739776611328123
13:13:55.064109,-0.18083,10.097658711570686,-40.356,13.739776611328123
13:13:55.069343,-0.15729,8.919664937156623,-40.584,12.380905151367188
13:13:55.074035,-0.15729,8.919664937156623,-40.584,12.380905151367188
13:13:55.079059,-0.15729,8.919664937156623,-40.584,12.380905151367188
13:13:55.084087,-0.15729,8.919664937156623,-40.584,12.380905151367188
13:13:55.089081,-0.15729,8.919664937156623,-40.584,12.380905151367188
13:13:55.094070,-0.15729,8.919664937156623,-40.584,12.380905151367188
13:13:55.099521,-0.15943,7.938921528953498,-40.392,11.061172485351562
13:13:55.104365,-0.15943,7.938921528953498,-40.392,11.061172485351562
13:13:55.109091,-0.15943,7.938921528953498,-40.392,11.061172485351562
13:13:55.114094,-0.15943,7.938921528953498,-40.392,11.061172485351562
13:13:55.119086,-0.15943,7.938921528953498,-40.392,11.061172485351562
13:13:55.124437,-0.15943,7.938921528953498,-40.392,11.061172485351562
13:13:55.129223,-0.15943,7.938921528953498,-40.392,11.061172485351562
13:13:55.134140,-0.15515,7.577318745750373,-40.818000000000005,9.77783203125
13:13:55.139072,-0.15515,7.577318745750373,-40.818000000000005,9.77783203125
13:13:55.144063,-0.15515,7.577318745750373,-40.818000000000005,9.77783203125
13:13:55.149057,-0.15515,7.577318745750373,-40.818000000000005,9.77783203125
13:13:55.154073,-0.15515,7.577318745750373,-40.818000000000005,9.77783203125
13:13:55.159067,-0.15515,7.577318745750373,-40.818000000000005,9.77783203125
13:13:55.164312,-0.14552,6.443163472312873,-41.16,8.498611450195312
13:13:55.169054,-0.14552,6.443163472312873,-41.16,8.498611450195312
13:13:55.174063,-0.14552,6.443163472312873,-41.16,8.498611450195312
13:13:55.179069,-0.14552,6.443163472312873,-41.16,8.498611450195312
13:13:55.184060,-0.14552,6.443163472312873,-41.16,8.498611450195312
13:13:55.189083,-0.14552,6.443163472312873,-41.16,8.498611450195312
13:13:55.194071,-0.14552,6.443163472312873,-41.16,8.498611450195312
13:13:55.199123,-0.13375,5.725405293601935,-40.584,7.1390533447265625
13:13:55.204082,-0.13375,5.725405293601935,-40.584,7.1390533447265625
13:13:55.209062,-0.13375,5.725405293601935,-40.584,7.1390533447265625
13:13:55.214136,-0.13375,5.725405293601935,-40.584,7.1390533447265625
13:13:55.219058,-0.13375,5.725405293601935,-40.584,7.1390533447265625
13:13:55.224059,-0.13375,5.725405293601935,-40.584,7.1390533447265625
13:13:55.229337,-0.12947,4.60769899477381,-41.16,5.8344268798828125
13:13:55.234052,-0.12947,4.60769899477381,-41.16,5.8344268798828125
13:13:55.239057,-0.12947,4.60769899477381,-41.16,5.8344268798828125
13:13:55.244096,-0.12947,4.60769899477381,-41.16,5.8344268798828125
13:13:55.249083,-0.12947,4.60769899477381,-41.16,5.8344268798828125
13:13:55.254067,-0.12947,4.60769899477381,-41.16,5.8344268798828125
13:13:55.259107,-0.12947,4.60769899477381,-41.16,5.8344268798828125
13:13:55.264447,-0.11877,3.796801167625373,-41.106,4.574432373046875
13:13:55.269241,-0.11877,3.796801167625373,-41.106,4.574432373046875
13:13:55.274090,-0.11877,3.796801167625373,-41.106,4.574432373046875
13:13:55.279094,-0.11877,3.796801167625373,-41.106,4.574432373046875
13:13:55.284069,-0.11877,3.796801167625373,-41.106,4.574432373046875
13:13:55.289071,-0.11877,3.796801167625373,-41.106,4.574432373046875
13:13:55.294313,-0.11877,3.796801167625373,-41.106,4.574432373046875
13:13:55.299340,-0.10914,2.85989626039881,-40.776,3.2306671142578125
13:13:55.304194,-0.10914,2.85989626039881,-40.776,3.2306671142578125
13:13:55.309321,-0.10914,2.85989626039881,-40.776,3.2306671142578125
13:13:55.314354,-0.10914,2.85989626039881,-40.776,3.2306671142578125
13:13:55.319286,-0.10914,2.85989626039881,-40.776,3.2306671142578125
13:13:55.324291,-0.10914,2.85989626039881,-40.776,3.2306671142578125
13:13:55.329292,-0.10165,2.1804986773909976,-40.968,1.8923950195312496
13:13:55.334253,-0.10165,2.1804986773909976,-40.968,1.8923950195312496
13:13:55.339232,-0.10165,2.1804986773909976,-40.968,1.8923950195312496
13:13:55.344059,-0.10165,2.1804986773909976,-40.968,1.8923950195312496
13:13:55.349092,-0.10165,2.1804986773909976,-40.968,1.8923950195312496
13:13:55.354060,-0.10165,2.1804986773909976,-40.968,1.8923950195312496
13:13:55.359164,-0.10165,2.1804986773909976,-40.968,1.8923950195312496
13:13:55.364099,-0.10486,1.1778436480941228,-40.692,0.5912017822265625
13:13:55.369082,-0.10486,1.1778436480941228,-40.692,0.5912017822265625
13:13:55.374097,-0.10486,1.1778436480941228,-40.692,0.5912017822265625
13:13:55.379097,-0.10486,1.1778436480941228,-40.692,0.5912017822265625
13:13:55.384061,-0.10486,1.1778436480941228,-40.692,0.5912017822265625
13:13:55.389059,-0.10486,1.1778436480941228,-40.692,0.5912017822265625
13:13:55.394103,-0.08988,0.1861444293441227,-41.712,-0.67291259765625
13:13:55.399063,-0.08988,0.1861444293441227,-41.712,-0.67291259765625
13:13:55.404063,-0.08988,0.1861444293441227,-41.712,-0.67291259765625
13:13:55.409067,-0.08988,0.1861444293441227,-41.712,-0.67291259765625
13:13:55.414085,-0.08988,0.1861444293441227,-41.712,-0.67291259765625
13:13:55.419088,-0.08988,0.1861444293441227,-41.712,-0.67291259765625
13:13:55.424059,-0.08988,0.1861444293441227,-41.712,-0.67291259765625
13:13:55.429100,-0.08774,-0.5590032757340022,-40.554,-1.9830322265625
13:13:55.434055,-0.08774,-0.5590032757340022,-40.554,-1.9830322265625
13:13:55.439280,-0.08774,-0.5590032757340022,-40.554,-1.9830322265625
13:13:55.444057,-0.08774,-0.5590032757340022,-40.554,-1.9830322265625
13:13:55.449052,-0.08774,-0.5590032757340022,-40.554,-1.9830322265625
13:13:55.454084,-0.08774,-0.5590032757340022,-40.554,-1.9830322265625
13:13:55.459129,-0.08239,-1.1836065472183772,-41.16,-3.275299072265625
13:13:55.464042,-0.08239,-1.1836065472183772,-41.16,-3.275299072265625
13:13:55.469062,-0.08239,-1.1836065472183772,-41.16,-3.275299072265625
13:13:55.474064,-0.08239,-1.1836065472183772,-41.16,-3.275299072265625
13:13:55.479058,-0.08239,-1.1836065472183772,-41.16,-3.275299072265625
13:13:55.484063,-0.08239,-1.1836065472183772,-41.16,-3.275299072265625
13:13:55.489049,-0.08239,-1.1836065472183772,-41.16,-3.275299072265625
13:13:55.494140,-0.06527,-2.410901469093377,-40.254,-4.606704711914063
13:13:55.499066,-0.06527,-2.410901469093377,-40.254,-4.606704711914063
13:13:55.504072,-0.06527,-2.410901469093377,-40.254,-4.606704711914063
13:13:55.509073,-0.06527,-2.410901469093377,-40.254,-4.606704711914063
13:13:55.514067,-0.06527,-2.410901469093377,-40.254,-4.606704711914063
13:13:55.519069,-0.06527,-2.410901469093377,-40.254,-4.606704711914063
13:13:55.524122,-0.06848,-3.79708616147619,-40.638,-5.903778076171875
13:13:55.529034,-0.06848,-3.79708616147619,-40.638,-5.903778076171875
13:13:55.534063,-0.06848,-3.79708616147619,-40.638,-5.903778076171875
13:13:55.539060,-0.06848,-3.79708616147619,-40.638,-5.903778076171875
13:13:55.544231,-0.06848,-3.79708616147619,-40.638,-5.903778076171875
13:13:55.549032,-0.06848,-3.79708616147619,-40.638,-5.903778076171875
13:13:55.554294,-0.06848,-3.79708616147619,-40.638,-5.903778076171875
13:13:55.559089,-0.0642,-4.312116068702752,-41.1,-7.175445556640625
13:13:55.564070,-0.0642,-4.312116068702752,-41.1,-7.175445556640625
13:13:55.569073,-0.0642,-4.312116068702752,-41.1,-7.175445556640625
13:13:55.574081,-0.0642,-4.312116068702752,-41.1,-7.175445556640625
13:13:55.579116,-0.0642,-4.312116068702752,-41.1,-7.175445556640625
13:13:55.584445,-0.0642,-4.312116068702752,-41.1,-7.175445556640625
13:13:55.589265,-0.04922,-4.607983988624627,-41.46,-8.449172973632812
13:13:55.594362,-0.04922,-4.607983988624627,-41.46,-8.449172973632812
13:13:55.599093,-0.04922,-4.607983988624627,-41.46,-8.449172973632812
13:13:55.604065,-0.04922,-4.607983988624627,-41.46,-8.449172973632812
13:13:55.609103,-0.04922,-4.607983988624627,-41.46,-8.449172973632812
13:13:55.614072,-0.04922,-4.607983988624627,-41.46,-8.449172973632812
13:13:55.619732,-0.03959,-5.621594828468377,-40.968,-9.762725830078123
13:13:55.624047,-0.03959,-5.621594828468377,-40.968,-9.762725830078123
13:13:55.629056,-0.03959,-5.621594828468377,-40.968,-9.762725830078123
13:13:55.634084,-0.03959,-5.621594828468377,-40.968,-9.762725830078123
13:13:55.639070,-0.03959,-5.621594828468377,-40.968,-9.762725830078123
13:13:55.644091,-0.03959,-5.621594828468377,-40.968,-9.762725830078123
13:13:55.649220,-0.03959,-5.621594828468377,-40.968,-9.762725830078123
13:13:55.654148,-0.04815,-7.161191386085565,-39.702,-11.036453247070312
13:13:55.659060,-0.04815,-7.161191386085565,-39.702,-11.036453247070312
13:13:55.664057,-0.04815,-7.161191386085565,-39.702,-11.036453247070312
13:13:55.669083,-0.04815,-7.161191386085565,-39.702,-11.036453247070312
13:13:55.674083,-0.04815,-7.161191386085565,-39.702,-11.036453247070312
13:13:55.679088,-0.04815,-7.161191386085565,-39.702,-11.036453247070312
13:13:55.684388,-0.02354,-7.911816996437127,-40.584,-12.34039306640625
13:13:55.689320,-0.02354,-7.911816996437127,-40.584,-12.34039306640625
13:13:55.694050,-0.02354,-7.911816996437127,-40.584,-12.34039306640625
13:13:55.699101,-0.02354,-7.911816996437127,-40.584,-12.34039306640625
13:13:55.704059,-0.02354,-7.911816996437127,-40.584,-12.34039306640625
13:13:55.709069,-0.02354,-7.911816996437127,-40.584,-12.34039306640625
13:13:55.714081,-0.02354,-7.911816996437127,-40.584,-12.34039306640625
13:13:55.719122,-0.02247,-8.125501078468377,-40.854,-13.583221435546877
13:13:55.724062,-0.02247,-8.125501078468377,-40.854,-13.583221435546877
13:13:55.729067,-0.02247,-8.125501078468377,-40.854,-13.583221435546877
13:13:55.734068,-0.02247,-8.125501078468377,-40.854,-13.583221435546877
13:13:55.739064,-0.02247,-8.125501078468377,-40.854,-13.583221435546877
13:13:55.744092,-0.02247,-8.125501078468377,-40.854,-13.583221435546877
13:13:55.749159,-0.01926,-9.084332865577752,-40.722,-14.923553466796877
13:13:55.754261,-0.01926,-9.084332865577752,-40.722,-14.923553466796877
13:13:55.759102,-0.01926,-9.084332865577752,-40.722,-14.923553466796877
13:13:55.764055,-0.01926,-9.084332865577752,-40.722,-14.923553466796877
13:13:55.769095,-0.01926,-9.084332865577752,-40.722,-14.923553466796877
13:13:55.774048,-0.01926,-9.084332865577752,-40.722,-14.923553466796877
13:13:55.779064,-0.01926,-9.084332865577752,-40.722,-14.923553466796877
13:13:55.784137,-0.00214,-10.651318949562128,-40.638,-16.2103271484375
13:13:55.789064,-0.00214,-10.651318949562128,-40.638,-16.2103271484375
13:13:55.794095,-0.00214,-10.651318949562128,-40.638,-16.2103271484375
13:13:55.799064,-0.00214,-10.651318949562128,-40.638,-16.2103271484375
13:13:55.804063,-0.00214,-10.651318949562128,-40.638,-16.2103271484375
13:13:55.809060,-0.00214,-10.651318949562128,-40.638,-16.2103271484375
13:13:55.814130,-0.0,-11.270444315773064,-40.554,-17.5067138671875
13:13:55.819058,-0.0,-11.270444315773064,-40.554,-17.5067138671875
13:13:55.824068,-0.0,-11.270444315773064,-40.554,-17.5067138671875
13:13:55.829070,-0.0,-11.270444315773064,-40.554,-17.5067138671875
13:13:55.834099,-0.0,-11.270444315773064,-40.554,-17.5067138671875
13:13:55.839062,-0.0,-11.270444315773064,-40.554,-17.5067138671875
13:13:55.844681,-0.0,-11.270444315773064,-40.884,-18.771514892578125
13:13:55.849088,-0.0,-11.719724100929314,-40.884,-18.771514892578125
13:13:55.854059,-0.0,-11.719724100929314,-40.884,-18.771514892578125
13:13:55.859231,-0.0,-11.719724100929314,-40.884,-18.771514892578125
13:13:55.864050,-0.0,-11.719724100929314,-40.884,-18.771514892578125
13:13:55.869059,-0.0,-11.719724100929314,-40.884,-18.771514892578125
13:13:55.874062,-0.0,-11.719724100929314,-40.884,-18.771514892578125
13:13:55.879134,0.00535,-12.634717387062128,-40.66799999999999,-20.05210876464844
13:13:55.884066,0.00535,-12.634717387062128,-40.66799999999999,-20.05210876464844
13:13:55.889061,0.00535,-12.634717387062128,-40.66799999999999,-20.05210876464844
13:13:55.894061,0.00535,-12.634717387062128,-40.66799999999999,-20.05210876464844
13:13:55.899081,0.00535,-12.634717387062128,-40.66799999999999,-20.05210876464844
13:13:55.904064,0.00535,-12.634717387062128,-40.66799999999999,-20.05210876464844
13:13:55.909360,0.00535,-12.634717387062128,-40.66799999999999,-20.05210876464844
13:13:55.914194,0.01391,-13.823666972023064,-40.77,-21.371841430664062
13:13:55.919106,0.01391,-13.823666972023064,-40.77,-21.371841430664062
13:13:55.924059,0.01391,-13.823666972023064,-40.77,-21.371841430664062
13:13:55.929102,0.01391,-13.823666972023064,-40.77,-21.371841430664062
13:13:55.934095,0.01391,-13.823666972023064,-40.77,-21.371841430664062
13:13:55.939065,0.01391,-13.823666972023064,-40.77,-21.371841430664062
13:13:55.944103,0.02033,-14.486615580421502,-41.046,-22.670974731445312
13:13:55.949071,0.02033,-14.486615580421502,-41.046,-22.670974731445312
13:13:55.954069,0.02033,-14.486615580421502,-41.046,-22.670974731445312
13:13:55.959233,0.02033,-14.486615580421502,-41.046,-22.670974731445312
13:13:55.964072,0.02033,-14.486615580421502,-41.046,-22.670974731445312
13:13:55.969059,0.02033,-14.486615580421502,-41.046,-22.670974731445312
13:13:55.974249,0.02568,-15.050961893898064,-40.692,-23.86436462402344
13:13:55.979067,0.02568,-15.050961893898064,-40.692,-23.86436462402344
13:13:55.984056,0.02568,-15.050961893898064,-40.692,-23.86436462402344
13:13:55.989085,0.02568,-15.050961893898064,-40.692,-23.86436462402344
13:13:55.994080,0.02568,-15.050961893898064,-40.692,-23.86436462402344
13:13:55.999067,0.02568,-15.050961893898064,-40.692,-23.86436462402344
13:13:56.004132,0.02568,-15.050961893898064,-40.692,-23.86436462402344
13:13:56.009311,0.02568,-15.96047727475744,-41.46,-25.1971435546875
13:13:56.014103,0.02568,-15.96047727475744,-41.46,-25.1971435546875
13:13:56.019084,0.02568,-15.96047727475744,-41.46,-25.1971435546875
13:13:56.024061,0.02568,-15.96047727475744,-41.46,-25.1971435546875
13:13:56.029070,0.02568,-15.96047727475744,-41.46,-25.1971435546875
13:13:56.034105,0.02568,-15.96047727475744,-41.46,-25.1971435546875
13:13:56.039136,0.04173,-17.00147764096838,-40.86,-26.538848876953125
13:13:56.044097,0.04173,-17.00147764096838,-40.86,-26.538848876953125
13:13:56.049063,0.04173,-17.00147764096838,-40.86,-26.538848876953125
13:13:56.054056,0.04173,-17.00147764096838,-40.86,-26.538848876953125
13:13:56.059200,0.04173,-17.00147764096838,-40.86,-26.538848876953125
13:13:56.064054,0.04173,-17.00147764096838,-40.86,-26.538848876953125
13:13:56.069052,0.04173,-17.00147764096838,-40.86,-26.538848876953125
13:13:56.074144,0.04601,-17.724713724952753,-40.188,-27.765884399414062
13:13:56.079104,0.04601,-17.724713724952753,-40.188,-27.765884399414062
13:13:56.084067,0.04601,-17.724713724952753,-40.188,-27.765884399414062
13:13:56.089062,0.04601,-17.724713724952753,-40.188,-27.765884399414062
13:13:56.094061,0.04601,-17.724713724952753,-40.188,-27.765884399414062
13:13:56.099062,0.04601,-17.724713724952753,-40.188,-27.765884399414062
13:13:56.104439,0.04815,-18.573956889015253,-40.83,-29.095230102539062
13:13:56.109389,0.04815,-18.573956889015253,-40.83,-29.095230102539062
13:13:56.114393,0.04815,-18.573956889015253,-40.83,-29.095230102539062
13:13:56.119390,0.04815,-18.573956889015253,-40.83,-29.095230102539062
13:13:56.124280,0.04815,-18.573956889015253,-40.83,-29.095230102539062
13:13:56.129445,0.04815,-18.573956889015253,-40.83,-29.095230102539062
13:13:56.134311,0.04815,-18.573956889015253,-40.83,-29.095230102539062
13:13:56.139246,0.0535,-19.26431028256994,-40.746,-30.350418090820312
13:13:56.144084,0.0535,-19.26431028256994,-40.746,-30.350418090820312
13:13:56.149065,0.0535,-19.26431028256994,-40.746,-30.350418090820312
13:13:56.154058,0.0535,-19.26431028256994,-40.746,-30.350418090820312
13:13:56.159201,0.0535,-19.26431028256994,-40.746,-30.350418090820312
13:13:56.164048,0.0535,-19.26431028256994,-40.746,-30.350418090820312
13:13:56.169120,0.06527,-19.54372922788244,-41.268,-31.68525695800781
13:13:56.174070,0.06527,-19.54372922788244,-41.268,-31.68525695800781
13:13:56.179085,0.06527,-19.54372922788244,-41.268,-31.68525695800781
13:13:56.184066,0.06527,-19.54372922788244,-41.268,-31.68525695800781
13:13:56.189087,0.06527,-19.54372922788244,-41.268,-31.68525695800781
13:13:56.194065,0.06527,-19.54372922788244,-41.268,-31.68525695800781
13:13:56.199217,0.06527,-19.54372922788244,-41.268,-31.68525695800781
13:13:56.204073,0.07062,-20.61762754331213,-40.938,-32.99812316894531
13:13:56.209057,0.07062,-20.61762754331213,-40.938,-32.99812316894531
13:13:56.214066,0.07062,-20.61762754331213,-40.938,-32.99812316894531
13:13:56.219071,0.07062,-20.61762754331213,-40.938,-32.99812316894531
13:13:56.224061,0.07062,-20.61762754331213,-40.938,-32.99812316894531
13:13:56.229103,0.07062,-20.61762754331213,-40.938,-32.99812316894531
13:13:56.234089,0.06634,-21.899701517921503,-40.716,-34.2498779296875
13:13:56.239057,0.06634,-21.899701517921503,-40.716,-34.2498779296875
13:13:56.244061,0.06634,-21.899701517921503,-40.716,-34.2498779296875
13:13:56.249060,0.06634,-21.899701517921503,-40.716,-34.2498779296875
13:13:56.254084,0.06634,-21.899701517921503,-40.716,-34.2498779296875
13:13:56.259224,0.06634,-21.899701517921503,-40.716,-34.2498779296875
13:13:56.264096,0.08453,-21.899701517921503,-41.46,-35.50300598144531
13:13:56.269088,0.08453,-22.513348978859003,-41.46,-35.50300598144531
13:13:56.274050,0.08453,-22.513348978859003,-41.46,-35.50300598144531
13:13:56.279098,0.08453,-22.513348978859003,-41.46,-35.50300598144531
13:13:56.284059,0.08453,-22.513348978859003,-41.46,-35.50300598144531
13:13:56.289085,0.08453,-22.513348978859003,-41.46,-35.50300598144531
13:13:56.294069,0.08453,-22.513348978859003,-41.46,-35.50300598144531
13:13:56.299123,0.08453,-22.277753275734003,-41.208,-36.81861877441406
13:13:56.304067,0.08453,-22.277753275734003,-41.208,-36.81861877441406
13:13:56.309059,0.08453,-22.277753275734003,-41.208,-36.81861877441406
13:13:56.314067,0.08453,-22.277753275734003,-41.208,-36.81861877441406
13:13:56.319064,0.08453,-22.277753275734003,-41.208,-36.81861877441406
13:13:56.324061,0.08453,-22.277753275734003,-41.208,-36.81861877441406
13:13:56.329131,0.0856,-23.33520261655432,-40.968,-38.16169738769531
13:13:56.334087,0.0856,-23.33520261655432,-40.968,-38.16169738769531
13:13:56.339059,0.0856,-23.33520261655432,-40.968,-38.16169738769531
13:13:56.344062,0.0856,-23.33520261655432,-40.968,-38.16169738769531
13:13:56.349105,0.0856,-23.33520261655432,-40.968,-38.16169738769531
13:13:56.354226,0.0856,-23.33520261655432,-40.968,-38.16169738769531
13:13:56.359066,0.0856,-23.33520261655432,-40.968,-38.16169738769531
13:13:56.364081,0.09737,-25.01177732358557,-40.386,-39.43061828613281
13:13:56.369102,0.09737,-25.01177732358557,-40.386,-39.43061828613281
13:13:56.374050,0.09737,-25.01177732358557,-40.386,-39.43061828613281
13:13:56.379046,0.09737,-25.01177732358557,-40.386,-39.43061828613281
13:13:56.384089,0.09737,-25.01177732358557,-40.386,-39.43061828613281
13:13:56.389045,0.09737,-25.01177732358557,-40.386,-39.43061828613281
13:13:56.394135,0.09844,-25.510373514991816,-41.190000000000005,-40.678253173828125
13:13:56.399068,0.09844,-25.510373514991816,-41.190000000000005,-40.678253173828125
13:13:56.404044,0.09844,-25.510373514991816,-41.190000000000005,-40.678253173828125
13:13:56.409060,0.09844,-25.510373514991816,-41.190000000000005,-40.678253173828125
13:13:56.414071,0.09844,-25.510373514991816,-41.190000000000005,-40.678253173828125
13:13:56.419072,0.09844,-25.510373514991816,-41.190000000000005,-40.678253173828125
13:13:56.424113,0.09844,-25.510373514991816,-41.190000000000005,-40.678253173828125
13:13:56.429468,0.09951,-24.946027201515253,-40.854,-41.95472717285156
13:13:56.434093,0.09951,-24.946027201515253,-40.854,-41.95472717285156
13:13:56.439062,0.09951,-24.946027201515253,-40.854,-41.95472717285156
13:13:56.444062,0.09951,-24.946027201515253,-40.854,-41.95472717285156
13:13:56.449081,0.09951,-24.946027201515253,-40.854,-41.95472717285156
13:13:56.454082,0.09951,-24.946027201515253,-40.854,-41.95472717285156
13:13:56.459309,0.11984,-26.00347654233557,-40.43399999999999,-43.251800537109375
13:13:56.464067,0.11984,-26.00347654233557,-40.43399999999999,-43.251800537109375
13:13:56.469064,0.11984,-26.00347654233557,-40.43399999999999,-43.251800537109375
13:13:56.474096,0.11984,-26.00347654233557,-40.43399999999999,-43.251800537109375
13:13:56.479072,0.11984,-26.00347654233557,-40.43399999999999,-43.251800537109375
13:13:56.484062,0.11984,-26.00347654233557,-40.43399999999999,-43.251800537109375
13:13:56.489228,0.11984,-26.00347654233557,-40.43399999999999,-43.251800537109375
13:13:56.494055,0.11877,-27.92660276303869,-40.746,-44.57427978515625
13:13:56.499068,0.11877,-27.92660276303869,-40.746,-44.57427978515625
13:13:56.504082,0.11877,-27.92660276303869,-40.746,-44.57427978515625
13:13:56.509058,0.11877,-27.92660276303869,-40.746,-44.57427978515625
13:13:56.514086,0.11877,-27.92660276303869,-40.746,-44.57427978515625
13:13:56.519061,0.11877,-27.92660276303869,-40.746,-44.57427978515625
13:13:56.524100,0.1177,-27.608823222023062,-41.214000000000006,-45.84320068359375
13:13:56.529124,0.1177,-27.608823222023062,-41.214000000000006,-45.84320068359375
13:13:56.534099,0.1177,-27.608823222023062,-41.214000000000006,-45.84320068359375
13:13:56.539061,0.1177,-27.608823222023062,-41.214000000000006,-45.84320068359375
13:13:56.544057,0.1177,-27.608823222023062,-41.214000000000006,-45.84320068359375
13:13:56.549058,0.1177,-27.608823222023062,-41.214000000000006,-45.84320068359375
13:13:56.554613,0.12733,-27.608823222023062,-40.908,-47.1038818359375
13:13:56.559047,0.12733,-27.53759519467932,-40.908,-47.1038818359375
13:13:56.564073,0.12733,-27.53759519467932,-40.908,-47.1038818359375
13:13:56.569086,0.12733,-27.53759519467932,-40.908,-47.1038818359375
13:13:56.574112,0.12733,-27.53759519467932,-40.908,-47.1038818359375
13:13:56.579100,0.12733,-27.53759519467932,-40.908,-47.1038818359375
13:13:56.584063,0.12733,-27.53759519467932,-40.908,-47.1038818359375
13:13:56.589111,0.13482,-28.66627256284338,-41.46,-48.46824645996094
13:13:56.594061,0.13482,-28.66627256284338,-41.46,-48.46824645996094
13:13:56.599048,0.13482,-28.66627256284338,-41.46,-48.46824645996094
13:13:56.604060,0.13482,-28.66627256284338,-41.46,-48.46824645996094
13:13:56.609088,0.13482,-28.66627256284338,-41.46,-48.46824645996094
13:13:56.614072,0.13482,-28.66627256284338,-41.46,-48.46824645996094
13:13:56.619620,0.13589,-28.66627256284338,-41.532,-49.77218627929688
13:13:56.624088,0.13589,-30.496259135109003,-41.532,-49.77218627929688
13:13:56.629088,0.13589,-30.496259135109003,-41.532,-49.77218627929688
13:13:56.634065,0.13589,-30.496259135109003,-41.532,-49.77218627929688
13:13:56.639060,0.13589,-30.496259135109003,-41.532,-49.77218627929688
13:13:56.644088,0.13589,-30.496259135109003,-41.532,-49.77218627929688
13:13:56.649069,0.13589,-30.496259135109003,-41.532,-49.77218627929688
13:13:56.654225,0.14231,-30.140118998390253,-40.662,-51.07612609863281
13:13:56.659041,0.14231,-30.140118998390253,-40.662,-51.07612609863281
13:13:56.664058,0.14231,-30.140118998390253,-40.662,-51.07612609863281
13:13:56.669061,0.14231,-30.140118998390253,-40.662,-51.07612609863281
13:13:56.674073,0.14231,-30.140118998390253,-40.662,-51.07612609863281
13:13:56.679071,0.14231,-30.140118998390253,-40.662,-51.07612609863281
13:13:56.684421,0.14231,-30.140118998390253,-40.746,-52.29835510253906
13:13:56.689038,0.14231,-29.86617795835119,-40.746,-52.29835510253906
13:13:56.694047,0.14231,-29.86617795835119,-40.746,-52.29835510253906
13:13:56.699066,0.14231,-29.86617795835119,-40.746,-52.29835510253906
13:13:56.704064,0.14231,-29.86617795835119,-40.746,-52.29835510253906
13:13:56.709104,0.14231,-29.86617795835119,-40.746,-52.29835510253906
13:13:56.714089,0.14231,-29.86617795835119,-40.746,-52.29835510253906
13:13:56.719118,0.1476599999999999,-30.945538920265253,-40.854,-53.63594055175781
13:13:56.724044,0.1476599999999999,-30.945538920265253,-40.854,-53.63594055175781
13:13:56.729053,0.1476599999999999,-30.945538920265253,-40.854,-53.63594055175781
13:13:56.734105,0.1476599999999999,-30.945538920265253,-40.854,-53.63594055175781
13:13:56.739036,0.1476599999999999,-30.945538920265253,-40.854,-53.63594055175781
13:13:56.744055,0.1476599999999999,-30.945538920265253,-40.854,-53.63594055175781
13:13:56.749363,0.1605,-30.945538920265253,-40.368,-54.97283935546875
13:13:56.754183,0.1605,-32.3865179241715,-40.368,-54.97283935546875
13:13:56.759051,0.1605,-32.3865179241715,-40.368,-54.97283935546875
13:13:56.764084,0.1605,-32.3865179241715,-40.368,-54.97283935546875
13:13:56.769065,0.1605,-32.3865179241715,-40.368,-54.97283935546875
13:13:56.774081,0.1605,-32.3865179241715,-40.368,-54.97283935546875
13:13:56.779072,0.1605,-32.3865179241715,-40.368,-54.97283935546875
13:13:56.784128,0.16264,-31.85505430112463,-40.416,-56.2664794921875
13:13:56.789098,0.16264,-31.85505430112463,-40.416,-56.2664794921875
13:13:56.794088,0.16264,-31.85505430112463,-40.416,-56.2664794921875
13:13:56.799071,0.16264,-31.85505430112463,-40.416,-56.2664794921875
13:13:56.804083,0.16264,-31.85505430112463,-40.416,-56.2664794921875
13:13:56.809086,0.16264,-31.85505430112463,-40.416,-56.2664794921875
13:13:56.814727,0.16157,-31.85505430112463,-40.47,-57.54981994628906
13:13:56.819393,0.16157,-32.36459104428869,-40.47,-57.54981994628906
13:13:56.824420,0.16157,-32.36459104428869,-40.47,-57.54981994628906
13:13:56.829417,0.16157,-32.36459104428869,-40.47,-57.54981994628906
13:13:56.834476,0.16157,-32.36459104428869,-40.47,-57.54981994628906
13:13:56.839437,0.16157,-32.36459104428869,-40.47,-57.54981994628906
13:13:56.844447,0.16157,-32.36459104428869,-40.47,-57.54981994628906
13:13:56.849378,0.16906,-33.45492307553869,-41.106,-58.81393432617188
13:13:56.854413,0.16906,-33.45492307553869,-41.106,-58.81393432617188
13:13:56.859269,0.16906,-33.45492307553869,-41.106,-58.81393432617188
13:13:56.864391,0.16906,-33.45492307553869,-41.106,-58.81393432617188
13:13:56.869400,0.16906,-33.45492307553869,-41.106,-58.81393432617188
13:13:56.874425,0.16906,-33.45492307553869,-41.106,-58.81393432617188
13:13:56.879447,0.16906,-33.45492307553869,-41.106,-58.81393432617188
13:13:56.884415,0.17227,-33.73434202085119,-40.776,-60.192718505859375
13:13:56.889395,0.17227,-33.73434202085119,-40.776,-60.192718505859375
13:13:56.894393,0.17227,-33.73434202085119,-40.776,-60.192718505859375
13:13:56.899425,0.17227,-33.73434202085119,-40.776,-60.192718505859375
13:13:56.904304,0.17227,-33.73434202085119,-40.776,-60.192718505859375
13:13:56.909432,0.17227,-33.73434202085119,-40.776,-60.192718505859375
13:13:56.914379,0.18297,-33.811047953468375,-40.692,-61.52824401855469
13:13:56.919403,0.18297,-33.811047953468375,-40.692,-61.52824401855469
13:13:56.924398,0.18297,-33.811047953468375,-40.692,-61.52824401855469
13:13:56.929387,0.18297,-33.811047953468375,-40.692,-61.52824401855469
13:13:56.934370,0.18297,-33.811047953468375,-40.692,-61.52824401855469
13:13:56.939285,0.18297,-33.811047953468375,-40.692,-61.52824401855469
13:13:56.944340,0.18297,-33.811047953468375,-40.692,-61.52824401855469
13:13:56.949323,0.17334,-34.2712835491715,-40.704,-62.75115966796875
13:13:56.954364,0.17334,-34.2712835491715,-40.704,-62.75115966796875
13:13:56.959371,0.17334,-34.2712835491715,-40.704,-62.75115966796875
13:13:56.964270,0.17334,-34.2712835491715,-40.704,-62.75115966796875
13:13:56.969472,0.17334,-34.2712835491715,-40.704,-62.75115966796875
13:13:56.974461,0.17334,-34.2712835491715,-40.704,-62.75115966796875
13:13:56.979542,0.18297,-35.394483012062125,-40.66799999999999,-64.06471252441406
13:13:56.984415,0.18297,-35.394483012062125,-40.66799999999999,-64.06471252441406
13:13:56.989672,0.18297,-35.394483012062125,-40.66799999999999,-64.06471252441406
13:13:56.994414,0.18297,-35.394483012062125,-40.66799999999999,-64.06471252441406
13:13:56.999433,0.18297,-35.394483012062125,-40.66799999999999,-64.06471252441406
13:13:57.004423,0.18297,-35.394483012062125,-40.66799999999999,-64.06471252441406
13:13:57.009431,0.18297,-35.394483012062125,-40.66799999999999,-64.06471252441406
13:13:57.014356,0.1926,-34.747968119484,-41.208,-65.40367126464844
13:13:57.019320,0.1926,-34.747968119484,-41.208,-65.40367126464844
13:13:57.024361,0.1926,-34.747968119484,-41.208,-65.40367126464844
13:13:57.029322,0.1926,-34.747968119484,-41.208,-65.40367126464844
13:13:57.034321,0.1926,-34.747968119484,-41.208,-65.40367126464844
13:13:57.039374,0.1926,-34.747968119484,-41.208,-65.40367126464844
13:13:57.044293,0.17869,-34.93972532163244,-40.992,-66.719970703125
13:13:57.049378,0.17869,-34.93972532163244,-40.992,-66.719970703125
13:13:57.054349,0.17869,-34.93972532163244,-40.992,-66.719970703125
13:13:57.059416,0.17869,-34.93972532163244,-40.992,-66.719970703125
13:13:57.064341,0.17869,-34.93972532163244,-40.992,-66.719970703125
13:13:57.069307,0.17869,-34.93972532163244,-40.992,-66.719970703125
13:13:57.074323,0.17869,-34.93972532163244,-40.992,-66.719970703125
13:13:57.079277,0.18832,-36.46288816342931,-40.872,-68.00605773925781
13:13:57.084300,0.18832,-36.46288816342931,-40.872,-68.00605773925781
13:13:57.089363,0.18832,-36.46288816342931,-40.872,-68.00605773925781
13:13:57.094409,0.18832,-36.46288816342931,-40.872,-68.00605773925781
13:13:57.099131,0.18832,-36.46288816342931,-40.872,-68.00605773925781
13:13:57.104432,0.18832,-36.46288816342931,-40.872,-68.00605773925781
13:13:57.109359,0.1926,-37.202557963234,-41.55,-69.29420471191406
13:13:57.114375,0.1926,-37.202557963234,-41.55,-69.29420471191406
13:13:57.119402,0.1926,-37.202557963234,-41.55,-69.29420471191406
13:13:57.124426,0.1926,-37.202557963234,-41.55,-69.29420471191406
13:13:57.129374,0.1926,-37.202557963234,-41.55,-69.29420471191406
13:13:57.134353,0.1926,-37.202557963234,-41.55,-69.29420471191406
13:13:57.139326,0.1926,-37.202557963234,-41.55,-69.29420471191406
13:13:57.144332,0.19046,-35.252026957374625,-40.218,-70.55488586425781
13:13:57.149337,0.19046,-35.252026957374625,-40.218,-70.55488586425781
13:13:57.154412,0.19046,-35.252026957374625,-40.218,-70.55488586425781
13:13:57.159367,0.19046,-35.252026957374625,-40.218,-70.55488586425781
13:13:57.164313,0.19046,-35.252026957374625,-40.218,-70.55488586425781
13:13:57.169334,0.19046,-35.252026957374625,-40.218,-70.55488586425781
13:13:57.174340,0.20009,-36.50124875913244,-40.362,-71.91375732421875
13:13:57.179409,0.20009,-36.50124875913244,-40.362,-71.91375732421875
13:13:57.184449,0.20009,-36.50124875913244,-40.362,-71.91375732421875
13:13:57.189435,0.20009,-36.50124875913244,-40.362,-71.91375732421875
13:13:57.194450,0.20009,-36.50124875913244,-40.362,-71.91375732421875
13:13:57.199304,0.20009,-36.50124875913244,-40.362,-71.91375732421875
13:13:57.204403,0.20009,-36.50124875913244,-40.362,-71.91375732421875
13:13:57.209378,0.2033,-38.79694883237463,-39.816,-73.17100524902344
13:13:57.214411,0.2033,-38.79694883237463,-39.816,-73.17100524902344
13:13:57.219435,0.2033,-38.79694883237463,-39.816,-73.17100524902344
13:13:57.224441,0.2033,-38.79694883237463,-39.816,-73.17100524902344
13:13:57.229341,0.2033,-38.79694883237463,-39.816,-73.17100524902344
13:13:57.234299,0.2033,-38.79694883237463,-39.816,-73.17100524902344
13:13:57.239275,0.21293,-38.555859965187125,-39.834,-74.43580627441406
13:13:57.244302,0.21293,-38.555859965187125,-39.834,-74.43580627441406
13:13:57.249279,0.21293,-38.555859965187125,-39.834,-74.43580627441406
13:13:57.254350,0.21293,-38.555859965187125,-39.834,-74.43580627441406
13:13:57.259311,0.21293,-38.555859965187125,-39.834,-74.43580627441406
13:13:57.264211,0.21293,-38.555859965187125,-39.834,-74.43580627441406
13:13:57.269311,0.21293,-38.555859965187125,-39.834,-74.43580627441406
13:13:57.274201,0.20437,-37.071057719093375,-38.244,-75.63262939453125
13:13:57.279249,0.20437,-37.071057719093375,-38.244,-75.63262939453125
13:13:57.284092,0.20437,-37.071057719093375,-38.244,-75.63262939453125
13:13:57.289101,0.20437,-37.071057719093375,-38.244,-75.63262939453125
13:13:57.294086,0.20437,-37.071057719093375,-38.244,-75.63262939453125
13:13:57.299086,0.20437,-37.071057719093375,-38.244,-75.63262939453125
13:13:57.304426,0.20972,-38.49560300717931,-37.674,-76.90498352050781
13:13:57.309382,0.20972,-38.49560300717931,-37.674,-76.90498352050781
13:13:57.314420,0.20972,-38.49560300717931,-37.674,-76.90498352050781
13:13:57.319440,0.20972,-38.49560300717931,-37.674,-76.90498352050781
13:13:57.324127,0.20972,-38.49560300717931,-37.674,-76.90498352050781
13:13:57.329526,0.20972,-38.49560300717931,-37.674,-76.90498352050781
13:13:57.334657,0.23005,-38.49560300717931,-36.876,-78.08944702148438
13:13:57.339407,0.23005,-39.596875590187125,-36.876,-78.08944702148438
13:13:57.344401,0.23005,-39.596875590187125,-36.876,-78.08944702148438
13:13:57.349441,0.23005,-39.596875590187125,-36.876,-78.08944702148438
13:13:57.354407,0.23005,-39.596875590187125,-36.876,-78.08944702148438
13:13:57.359419,0.23005,-39.596875590187125,-36.876,-78.08944702148438
13:13:57.364405,0.23005,-39.596875590187125,-36.876,-78.08944702148438
13:13:57.369306,0.21828,-38.840772074562125,-35.118,-79.20661926269531
13:13:57.374120,0.21828,-38.840772074562125,-35.118,-79.20661926269531
13:13:57.379320,0.21828,-38.840772074562125,-35.118,-79.20661926269531
13:13:57.384117,0.21828,-38.840772074562125,-35.118,-79.20661926269531
13:13:57.389066,0.21828,-38.840772074562125,-35.118,-79.20661926269531
13:13:57.394065,0.21828,-38.840772074562125,-35.118,-79.20661926269531
13:13:57.399323,0.21828,-38.840772074562125,-35.118,-79.20661926269531
13:13:57.404085,0.20437,-38.890088480812125,-35.394000000000005,-80.32173156738281
13:13:57.409062,0.20437,-38.890088480812125,-35.394000000000005,-80.32173156738281
13:13:57.414065,0.20437,-38.890088480812125,-35.394000000000005,-80.32173156738281
13:13:57.419061,0.20437,-38.890088480812125,-35.394000000000005,-80.32173156738281
13:13:57.424056,0.20437,-38.890088480812125,-35.394000000000005,-80.32173156738281
13:13:57.429060,0.20437,-38.890088480812125,-35.394000000000005,-80.32173156738281
13:13:57.434155,0.21721,-38.35314695249181,-34.116,-81.38465881347656
13:13:57.439071,0.21721,-38.35314695249181,-34.116,-81.38465881347656
13:13:57.444045,0.21721,-38.35314695249181,-34.116,-81.38465881347656
13:13:57.449045,0.21721,-38.35314695249181,-34.116,-81.38465881347656
13:13:57.454083,0.21721,-38.35314695249181,-34.116,-81.38465881347656
13:13:57.459071,0.21721,-38.35314695249181,-34.116,-81.38465881347656
13:13:57.464127,0.21721,-38.35314695249181,-34.116,-81.38465881347656
13:13:57.469091,0.22363,-40.0351995647965,-33.03,-82.51419067382812
13:13:57.474056,0.22363,-40.0351995647965,-33.03,-82.51419067382812
13:13:57.479087,0.22363,-40.0351995647965,-33.03,-82.51419067382812
13:13:57.484176,0.22363,-40.0351995647965,-33.03,-82.51419067382812
13:13:57.489073,0.22363,-40.0351995647965,-33.03,-82.51419067382812
13:13:57.494064,0.22363,-40.0351995647965,-33.03,-82.51419067382812
13:13:57.499141,0.22149,-39.859876078468375,-31.578,-83.54415893554688
13:13:57.504082,0.22149,-39.859876078468375,-31.578,-83.54415893554688
13:13:57.509059,0.22149,-39.859876078468375,-31.578,-83.54415893554688
13:13:57.514041,0.22149,-39.859876078468375,-31.578,-83.54415893554688
13:13:57.519481,0.22149,-39.859876078468375,-31.578,-83.54415893554688
13:13:57.524390,0.22149,-39.859876078468375,-31.578,-83.54415893554688
13:13:57.530159,0.23326,-39.28457395444494,-30.666,-84.52125549316406
13:13:57.534072,0.23326,-39.28457395444494,-30.666,-84.52125549316406
13:13:57.539065,0.23326,-39.28457395444494,-30.666,-84.52125549316406
13:13:57.544067,0.23326,-39.28457395444494,-30.666,-84.52125549316406
13:13:57.549054,0.23326,-39.28457395444494,-30.666,-84.52125549316406
13:13:57.554083,0.23326,-39.28457395444494,-30.666,-84.52125549316406
13:13:57.559216,0.23326,-39.28457395444494,-30.666,-84.52125549316406
13:13:57.564032,0.21614,-38.818860453468375,-30.504,-85.48324584960938
13:13:57.569221,0.21614,-38.818860453468375,-30.504,-85.48324584960938
13:13:57.574096,0.21614,-38.818860453468375,-30.504,-85.48324584960938
13:13:57.579085,0.21614,-38.818860453468375,-30.504,-85.48324584960938
13:13:57.584070,0.21614,-38.818860453468375,-30.504,-85.48324584960938
13:13:57.589087,0.21614,-38.818860453468375,-30.504,-85.48324584960938
13:13:57.594446,0.23433,-38.818860453468375,-30.012,-86.39167785644531
13:13:57.599056,0.23433,-38.92843381772619,-30.012,-86.39167785644531
13:13:57.604065,0.23433,-38.92843381772619,-30.012,-86.39167785644531
13:13:57.609069,0.23433,-38.92843381772619,-30.012,-86.39167785644531
13:13:57.614071,0.23433,-38.92843381772619,-30.012,-86.39167785644531
13:13:57.619105,0.23433,-38.92843381772619,-30.012,-86.39167785644531
13:13:57.624462,0.23433,-38.92843381772619,-30.012,-86.39167785644531
13:13:57.629275,0.23112,-40.06258909116369,-28.698,-87.31315612792969
13:13:57.634440,0.23112,-40.06258909116369,-28.698,-87.31315612792969
13:13:57.639432,0.23112,-40.06258909116369,-28.698,-87.31315612792969
13:13:57.644340,0.23112,-40.06258909116369,-28.698,-87.31315612792969
13:13:57.649393,0.23112,-40.06258909116369,-28.698,-87.31315612792969
13:13:57.654383,0.23112,-40.06258909116369,-28.698,-87.31315612792969
13:13:57.659305,0.25466,-40.06258909116369,-27.018,-88.23463439941406
13:13:57.664264,0.25466,-39.69001523862463,-27.018,-88.23463439941406
13:13:57.669349,0.25466,-39.69001523862463,-27.018,-88.23463439941406
13:13:57.674366,0.25466,-39.69001523862463,-27.018,-88.23463439941406
13:13:57.679402,0.25466,-39.69001523862463,-27.018,-88.23463439941406
13:13:57.684400,0.25466,-39.69001523862463,-27.018,-88.23463439941406
13:13:57.689393,0.25466,-39.69001523862463,-27.018,-88.23463439941406
13:13:57.694328,0.23433,-40.23791257749181,-25.386,-89.0771484375
13:13:57.699355,0.23433,-40.23791257749181,-25.386,-89.0771484375
13:13:57.704396,0.23433,-40.23791257749181,-25.386,-89.0771484375
13:13:57.709393,0.23433,-40.23791257749181,-25.386,-89.0771484375
13:13:57.714394,0.23433,-40.23791257749181,-25.386,-89.0771484375
13:13:57.719398,0.23433,-40.23791257749181,-25.386,-89.0771484375
13:13:57.724425,0.23433,-40.23791257749181,-25.386,-89.0771484375
13:13:57.729403,0.22791,-38.62708799253088,-25.068,-89.88601684570312
13:13:57.734293,0.22791,-38.62708799253088,-25.068,-89.88601684570312
13:13:57.739277,0.22791,-38.62708799253088,-25.068,-89.88601684570312
13:13:57.744405,0.22791,-38.62708799253088,-25.068,-89.88601684570312
13:13:57.749396,0.22791,-38.62708799253088,-25.068,-89.88601684570312
13:13:57.754399,0.22791,-38.62708799253088,-25.068,-89.88601684570312
13:13:57.759368,0.23219,-39.53660337339025,-23.502,-90.64201354980467
13:13:57.764367,0.23219,-39.53660337339025,-23.502,-90.64201354980467
13:13:57.769317,0.23219,-39.53660337339025,-23.502,-90.64201354980467
13:13:57.774359,0.23219,-39.53660337339025,-23.502,-90.64201354980467
13:13:57.779376,0.23219,-39.53660337339025,-23.502,-90.64201354980467
13:13:57.784398,0.23219,-39.53660337339025,-23.502,-90.64201354980467
13:13:57.789418,0.23219,-39.53660337339025,-23.502,-90.64201354980467
13:13:57.794348,0.24396,-39.290051859718375,-22.872,-91.3959503173828
13:13:57.799368,0.24396,-39.290051859718375,-22.872,-91.3959503173828
13:13:57.804394,0.24396,-39.290051859718375,-22.872,-91.3959503173828
13:13:57.809406,0.24396,-39.290051859718375,-22.872,-91.3959503173828
13:13:57.814404,0.24396,-39.290051859718375,-22.872,-91.3959503173828
13:13:57.819392,0.24396,-39.290051859718375,-22.872,-91.3959503173828
13:13:57.824393,0.23219,-38.65997068296056,-22.056,-92.11761474609376
13:13:57.829397,0.23219,-38.65997068296056,-22.056,-92.11761474609376
13:13:57.834393,0.23219,-38.65997068296056,-22.056,-92.11761474609376
13:13:57.839395,0.23219,-38.65997068296056,-22.056,-92.11761474609376
13:13:57.844430,0.23219,-38.65997068296056,-22.056,-92.11761474609376
13:13:57.849382,0.23219,-38.65997068296056,-22.056,-92.11761474609376
13:13:57.854513,0.23219,-38.65997068296056,-22.056,-92.11761474609376
13:13:57.859338,0.2600099999999999,-41.67341367612463,-21.774,-92.80906677246094
13:13:57.864337,0.2600099999999999,-41.67341367612463,-21.774,-92.80906677246094
13:13:57.869338,0.2600099999999999,-41.67341367612463,-21.774,-92.80906677246094
13:13:57.874364,0.2600099999999999,-41.67341367612463,-21.774,-92.80906677246094
13:13:57.879445,0.2600099999999999,-41.67341367612463,-21.774,-92.80906677246094
13:13:57.884365,0.2600099999999999,-41.67341367612463,-21.774,-92.80906677246094
13:13:57.889296,0.24289,-38.78597776303869,-19.878,-93.49365234375
13:13:57.894283,0.24289,-38.78597776303869,-19.878,-93.49365234375
13:13:57.899336,0.24289,-38.78597776303869,-19.878,-93.49365234375
13:13:57.904421,0.24289,-38.78597776303869,-19.878,-93.49365234375
13:13:57.909368,0.24289,-38.78597776303869,-19.878,-93.49365234375
13:13:57.914141,0.24289,-38.78597776303869,-19.878,-93.49365234375
13:13:57.919286,0.24289,-38.78597776303869,-19.878,-93.49365234375
13:13:57.924262,0.24289,-40.68171445737463,-19.056,-94.14390563964844
13:13:57.929315,0.24289,-40.68171445737463,-19.056,-94.14390563964844
13:13:57.934355,0.24289,-40.68171445737463,-19.056,-94.14390563964844
13:13:57.939416,0.24289,-40.68171445737463,-19.056,-94.14390563964844
13:13:57.944372,0.24289,-40.68171445737463,-19.056,-94.14390563964844
13:13:57.949326,0.24289,-40.68171445737463,-19.056,-94.14390563964844
13:13:57.954156,0.23112,-39.12020627866369,-17.544,-94.70832824707033
13:13:57.959263,0.23112,-39.12020627866369,-17.544,-94.70832824707033
13:13:57.964403,0.23112,-39.12020627866369,-17.544,-94.70832824707033
13:13:57.969293,0.23112,-39.12020627866369,-17.544,-94.70832824707033
13:13:57.974310,0.23112,-39.12020627866369,-17.544,-94.70832824707033
13:13:57.979363,0.23112,-39.12020627866369,-17.544,-94.70832824707033
13:13:57.984290,0.23112,-39.12020627866369,-17.544,-94.70832824707033
13:13:57.989287,0.24396,-38.5723089397965,-16.86,-95.25833129882812
13:13:57.994243,0.24396,-38.5723089397965,-16.86,-95.25833129882812
13:13:57.999310,0.24396,-38.5723089397965,-16.86,-95.25833129882812
13:13:58.004376,0.24396,-38.5723089397965,-16.86,-95.25833129882812
13:13:58.009363,0.24396,-38.5723089397965,-16.86,-95.25833129882812
13:13:58.014368,0.24396,-38.5723089397965,-16.86,-95.25833129882812
13:13:58.019284,0.24824,-40.38036863217931,-15.954,-95.78773498535156
13:13:58.024350,0.24824,-40.38036863217931,-15.954,-95.78773498535156
13:13:58.029333,0.24824,-40.38036863217931,-15.954,-95.78773498535156
13:13:58.034321,0.24824,-40.38036863217931,-15.954,-95.78773498535156
13:13:58.039381,0.24824,-40.38036863217931,-15.954,-95.78773498535156
13:13:58.044299,0.24824,-40.38036863217931,-15.954,-95.78773498535156
13:13:58.049275,0.24824,-40.38036863217931,-15.954,-95.78773498535156
13:13:58.054251,0.24075,-39.810559672218375,-14.934,-96.27799987792967
13:13:58.059296,0.24075,-39.810559672218375,-14.934,-96.27799987792967
13:13:58.064318,0.24075,-39.810559672218375,-14.934,-96.27799987792967
13:13:58.069202,0.24075,-39.810559672218375,-14.934,-96.27799987792967
13:13:58.074321,0.24075,-39.810559672218375,-14.934,-96.27799987792967
13:13:58.079340,0.24075,-39.810559672218375,-14.934,-96.27799987792967
13:13:58.084656,0.23326,-38.52847043881994,-14.028,-96.734619140625
13:13:58.089339,0.23326,-38.52847043881994,-14.028,-96.734619140625
13:13:58.094313,0.23326,-38.52847043881994,-14.028,-96.734619140625
13:13:58.099387,0.23326,-38.52847043881994,-14.028,-96.734619140625
13:13:58.104343,0.23326,-38.52847043881994,-14.028,-96.734619140625
13:13:58.109325,0.23326,-38.52847043881994,-14.028,-96.734619140625
13:13:58.114283,0.23326,-38.52847043881994,-14.028,-96.734619140625
13:13:58.119272,0.25252,-38.7585882366715,-13.212,-97.15896606445312
13:13:58.124323,0.25252,-38.7585882366715,-13.212,-97.15896606445312
13:13:58.129279,0.25252,-38.7585882366715,-13.212,-97.15896606445312
13:13:58.134303,0.25252,-38.7585882366715,-13.212,-97.15896606445312
13:13:58.139280,0.25252,-38.7585882366715,-13.212,-97.15896606445312
13:13:58.144256,0.25252,-38.7585882366715,-13.212,-97.15896606445312
13:13:58.149231,0.24396,-38.7585882366715,-12.438,-97.58193969726562
13:13:58.154345,0.24396,-39.49825803647619,-12.438,-97.58193969726562
13:13:58.159361,0.24396,-39.49825803647619,-12.438,-97.58193969726562
13:13:58.164397,0.24396,-39.49825803647619,-12.438,-97.58193969726562
13:13:58.169319,0.24396,-39.49825803647619,-12.438,-97.58193969726562
13:13:58.174307,0.24396,-39.49825803647619,-12.438,-97.58193969726562
13:13:58.179293,0.24396,-39.49825803647619,-12.438,-97.58193969726562
13:13:58.184314,0.24075,-40.00231687436681,-11.232,-97.94517517089844
13:13:58.189385,0.24075,-40.00231687436681,-11.232,-97.94517517089844
13:13:58.194170,0.24075,-40.00231687436681,-11.232,-97.94517517089844
13:13:58.199422,0.24075,-40.00231687436681,-11.232,-97.94517517089844
13:13:58.204443,0.24075,-40.00231687436681,-11.232,-97.94517517089844
13:13:58.209304,0.24075,-40.00231687436681,-11.232,-97.94517517089844
13:13:58.214318,0.24075,-40.00231687436681,-11.232,-97.94517517089844
13:13:58.219298,0.24182,-38.96679441342931,-10.188,-98.27682495117188
13:13:58.224292,0.24182,-38.96679441342931,-10.188,-98.27682495117188
13:13:58.229261,0.24182,-38.96679441342931,-10.188,-98.27682495117188
13:13:58.234307,0.24182,-38.96679441342931,-10.188,-98.27682495117188
13:13:58.239309,0.24182,-38.96679441342931,-10.188,-98.27682495117188
13:13:58.244287,0.24182,-38.96679441342931,-10.188,-98.27682495117188
13:13:58.249308,0.24824,-38.90652219663244,-8.729999999999999,-98.59748840332033
13:13:58.254281,0.24824,-38.90652219663244,-8.729999999999999,-98.59748840332033
13:13:58.259337,0.24824,-38.90652219663244,-8.729999999999999,-98.59748840332033
13:13:58.264411,0.24824,-38.90652219663244,-8.729999999999999,-98.59748840332033
13:13:58.269346,0.24824,-38.90652219663244,-8.729999999999999,-98.59748840332033
13:13:58.274300,0.24824,-38.90652219663244,-8.729999999999999,-98.59748840332033
13:13:58.279227,0.24824,-38.90652219663244,-8.729999999999999,-98.59748840332033
13:13:58.284237,0.2568,-39.40511838803869,-8.538,-98.8886260986328
13:13:58.289331,0.2568,-39.40511838803869,-8.538,-98.8886260986328
13:13:58.294360,0.2568,-39.40511838803869,-8.538,-98.8886260986328
13:13:58.299368,0.2568,-39.40511838803869,-8.538,-98.8886260986328
13:13:58.304280,0.2568,-39.40511838803869,-8.538,-98.8886260986328
13:13:58.309295,0.2568,-39.40511838803869,-8.538,-98.8886260986328
13:13:58.314342,0.2600099999999999,-39.53112546811681,-6.564,-99.13581848144533
13:13:58.319239,0.2600099999999999,-39.53112546811681,-6.564,-99.13581848144533
13:13:58.324344,0.2600099999999999,-39.53112546811681,-6.564,-99.13581848144533
13:13:58.329371,0.2600099999999999,-39.53112546811681,-6.564,-99.13581848144533
13:13:58.334342,0.2600099999999999,-39.53112546811681,-6.564,-99.13581848144533
13:13:58.339331,0.2600099999999999,-39.53112546811681,-6.564,-99.13581848144533
13:13:58.344270,0.2600099999999999,-39.53112546811681,-6.564,-99.13581848144533
13:13:58.349297,0.25145,-39.4653753460465,-5.352,-99.34043884277344
13:13:58.354419,0.25145,-39.4653753460465,-5.352,-99.34043884277344
13:13:58.359310,0.25145,-39.4653753460465,-5.352,-99.34043884277344
13:13:58.364389,0.25145,-39.4653753460465,-5.352,-99.34043884277344
13:13:58.369231,0.25145,-39.4653753460465,-5.352,-99.34043884277344
13:13:58.374289,0.25145,-39.4653753460465,-5.352,-99.34043884277344
13:13:58.379174,0.2461,-38.5723089397965,-4.308,-99.51278686523438
13:13:58.384088,0.2461,-38.5723089397965,-4.308,-99.51278686523438
13:13:58.389063,0.2461,-38.5723089397965,-4.308,-99.51278686523438
13:13:58.394065,0.2461,-38.5723089397965,-4.308,-99.51278686523438
13:13:58.399088,0.2461,-38.5723089397965,-4.308,-99.51278686523438
13:13:58.404072,0.2461,-38.5723089397965,-4.308,-99.51278686523438
13:13:58.409072,0.2461,-38.5723089397965,-4.308,-99.51278686523438
13:13:58.414088,0.2461,-38.714764994484,-3.486,-99.656982421875
13:13:58.419060,0.2461,-38.714764994484,-3.486,-99.656982421875
13:13:58.424062,0.2461,-38.714764994484,-3.486,-99.656982421875
13:13:58.429088,0.2461,-38.714764994484,-3.486,-99.656982421875
13:13:58.434071,0.2461,-38.714764994484,-3.486,-99.656982421875
13:13:58.439065,0.2461,-38.714764994484,-3.486,-99.656982421875
13:13:58.444202,0.25038,-38.39697019467931,-3.156,-99.7503662109375
13:13:58.449068,0.25038,-38.39697019467931,-3.156,-99.7503662109375
13:13:58.454060,0.25038,-38.39697019467931,-3.156,-99.7503662109375
13:13:58.459070,0.25038,-38.39697019467931,-3.156,-99.7503662109375
13:13:58.464071,0.25038,-38.39697019467931,-3.156,-99.7503662109375
13:13:58.469089,0.25038,-38.39697019467931,-3.156,-99.7503662109375
13:13:58.474087,0.25038,-38.39697019467931,-3.156,-99.7503662109375
13:13:58.479105,0.2461,-39.240735453468375,-1.728,-99.83139038085938
13:13:58.484127,0.2461,-39.240735453468375,-1.728,-99.83139038085938
13:13:58.489083,0.2461,-39.240735453468375,-1.728,-99.83139038085938
13:13:58.494056,0.2461,-39.240735453468375,-1.728,-99.83139038085938
13:13:58.499062,0.2461,-39.240735453468375,-1.728,-99.83139038085938
13:13:58.504095,0.2461,-39.240735453468375,-1.728,-99.83139038085938
13:13:58.509118,0.24396,-39.240735453468375,-1.374,-99.88082885742188
13:13:58.514090,0.24396,-39.50921384702306,-1.374,-99.88082885742188
13:13:58.519072,0.24396,-39.50921384702306,-1.374,-99.88082885742188
13:13:58.524038,0.24396,-39.50921384702306,-1.374,-99.88082885742188
13:13:58.529051,0.24396,-39.50921384702306,-1.374,-99.88082885742188
13:13:58.534071,0.24396,-39.50921384702306,-1.374,-99.88082885742188
13:13:58.539055,0.24396,-39.50921384702306,-1.374,-99.88082885742188
13:13:58.544100,0.2461,-37.827161234718375,-1.014,-99.91928100585938
13:13:58.549054,0.2461,-37.827161234718375,-1.014,-99.91928100585938
13:13:58.554064,0.2461,-37.827161234718375,-1.014,-99.91928100585938
13:13:58.559059,0.2461,-37.827161234718375,-1.014,-99.91928100585938
13:13:58.564041,0.2461,-37.827161234718375,-1.014,-99.91928100585938
13:13:58.569083,0.2461,-37.827161234718375,-1.014,-99.91928100585938
13:13:58.574289,0.2568,-38.27096311460119,-0.8220000000000001,-99.96047973632812
13:13:58.579091,0.2568,-38.27096311460119,-0.8220000000000001,-99.96047973632812
13:13:58.584066,0.2568,-38.27096311460119,-0.8220000000000001,-99.96047973632812
13:13:58.589058,0.2568,-38.27096311460119,-0.8220000000000001,-99.96047973632812
13:13:58.594189,0.2568,-38.27096311460119,-0.8220000000000001,-99.96047973632812
13:13:58.599063,0.2568,-38.27096311460119,-0.8220000000000001,-99.96047973632812
13:13:58.604061,0.2568,-38.27096311460119,-0.8220000000000001,-99.96047973632812
13:13:58.609118,0.25252,-38.54490415464025,-0.3,-99.97352600097656
13:13:58.614056,0.25252,-38.54490415464025,-0.3,-99.97352600097656
13:13:58.619059,0.25252,-38.54490415464025,-0.3,-99.97352600097656
13:13:58.624084,0.25252,-38.54490415464025,-0.3,-99.97352600097656
13:13:58.629043,0.25252,-38.54490415464025,-0.3,-99.97352600097656
13:13:58.634072,0.25252,-38.54490415464025,-0.3,-99.97352600097656
13:13:58.639341,0.24717,-37.81072751889806,0.054,-99.97833251953124
13:13:58.644065,0.24717,-37.81072751889806,0.054,-99.97833251953124
13:13:58.649043,0.24717,-37.81072751889806,0.054,-99.97833251953124
13:13:58.654067,0.24717,-37.81072751889806,0.054,-99.97833251953124
13:13:58.659085,0.24717,-37.81072751889806,0.054,-99.97833251953124
13:13:58.664066,0.24717,-37.81072751889806,0.054,-99.97833251953124
13:13:58.669107,0.24717,-37.81072751889806,0.054,-99.97833251953124
13:13:58.674430,0.25252,-38.68736020932775,-0.1919999999999999,-99.97970581054688
13:13:58.679159,0.25252,-38.68736020932775,-0.1919999999999999,-99.97970581054688
13:13:58.684273,0.25252,-38.68736020932775,-0.1919999999999999,-99.97970581054688
13:13:58.689145,0.25252,-38.68736020932775,-0.1919999999999999,-99.97970581054688
13:13:58.694098,0.25252,-38.68736020932775,-0.1919999999999999,-99.97970581054688
13:13:58.699113,0.25252,-38.68736020932775,-0.1919999999999999,-99.97970581054688
13:13:58.704060,0.25252,-38.68736020932775,-0.1919999999999999,-99.97970581054688
13:13:58.709108,0.2461,-38.24355832944494,-0.0,-99.98382568359376
13:13:58.714063,0.2461,-38.24355832944494,-0.0,-99.98382568359376
13:13:58.719095,0.2461,-38.24355832944494,-0.0,-99.98382568359376
13:13:58.724058,0.2461,-38.24355832944494,-0.0,-99.98382568359376
13:13:58.729088,0.2461,-38.24355832944494,-0.0,-99.98382568359376
13:13:58.734062,0.2461,-38.24355832944494,-0.0,-99.98382568359376
13:13:58.739098,0.2461,-38.26000730405431,-0.1379999999999999,-99.986572265625
13:13:58.744070,0.2461,-38.26000730405431,-0.1379999999999999,-99.986572265625
13:13:58.749058,0.2461,-38.26000730405431,-0.1379999999999999,-99.986572265625
13:13:58.754087,0.2461,-38.26000730405431,-0.1379999999999999,-99.986572265625
13:13:58.759230,0.2461,-38.26000730405431,-0.1379999999999999,-99.986572265625
13:13:58.764192,0.2461,-38.26000730405431,-0.1379999999999999,-99.986572265625
13:13:58.769048,0.24503,-38.15041868100744,-0.084,-99.98451232910156
13:13:58.774016,0.24503,-38.15041868100744,-0.084,-99.98451232910156
13:13:58.779016,0.24503,-38.15041868100744,-0.084,-99.98451232910156
13:13:58.783972,0.24503,-38.15041868100744,-0.084,-99.98451232910156
13:13:58.789007,0.24503,-38.15041868100744,-0.084,-99.98451232910156
13:13:58.793978,0.24503,-38.15041868100744,-0.084,-99.98451232910156
13:13:58.798956,0.24503,-38.15041868100744,-0.084,-99.98451232910156
13:13:58.804085,0.23968,-38.11755124936681,0.108,-99.99069213867188
13:13:58.808961,0.23968,-38.11755124936681,0.108,-99.99069213867188
13:13:58.814015,0.23968,-38.11755124936681,0.108,-99.99069213867188
13:13:58.819010,0.23968,-38.11755124936681,0.108,-99.99069213867188
13:13:58.824023,0.23968,-38.11755124936681,0.108,-99.99069213867188
13:13:58.829050,0.23968,-38.11755124936681,0.108,-99.99069213867188
13:13:58.834252,0.23861,-38.11755124936681,-0.1919999999999999,-99.98863220214844
13:13:58.839066,0.23861,-38.27096311460119,-0.1919999999999999,-99.98863220214844
13:13:58.844096,0.23861,-38.27096311460119,-0.1919999999999999,-99.98863220214844
13:13:58.849072,0.23861,-38.27096311460119,-0.1919999999999999,-99.98863220214844
13:13:58.854083,0.23861,-38.27096311460119,-0.1919999999999999,-99.98863220214844
13:13:58.859070,0.23861,-38.27096311460119,-0.1919999999999999,-99.98863220214844
13:13:58.864113,0.23861,-38.27096311460119,-0.1919999999999999,-99.98863220214844
13:13:58.869319,0.24075,-38.183301371437125,-0.1919999999999999,-99.9872589111328
13:13:58.874051,0.24075,-38.183301371437125,-0.1919999999999999,-99.9872589111328
13:13:58.879066,0.24075,-38.183301371437125,-0.1919999999999999,-99.9872589111328
13:13:58.884058,0.24075,-38.183301371437125,-0.1919999999999999,-99.9872589111328
13:13:58.889101,0.24075,-38.183301371437125,-0.1919999999999999,-99.9872589111328
13:13:58.894059,0.24075,-38.183301371437125,-0.1919999999999999,-99.9872589111328
13:13:58.899132,0.24075,-38.183301371437125,-0.1919999999999999,-99.9872589111328
13:13:58.904087,0.24182,-38.20521299253088,-0.246,-99.99069213867188
13:13:58.909150,0.24182,-38.20521299253088,-0.246,-99.99069213867188
13:13:58.914065,0.24182,-38.20521299253088,-0.246,-99.99069213867188
13:13:58.919063,0.24182,-38.20521299253088,-0.246,-99.99069213867188
13:13:58.924087,0.24182,-38.20521299253088,-0.246,-99.99069213867188
13:13:58.929064,0.24182,-38.20521299253088,-0.246,-99.99069213867188
13:13:58.934142,0.23968,-38.183301371437125,-0.1379999999999999,-99.99000549316406
13:13:58.939054,0.23968,-38.183301371437125,-0.1379999999999999,-99.99000549316406
13:13:58.944062,0.23968,-38.183301371437125,-0.1379999999999999,-99.99000549316406
13:13:58.949059,0.23968,-38.183301371437125,-0.1379999999999999,-99.99000549316406
13:13:58.954082,0.23968,-38.183301371437125,-0.1379999999999999,-99.99000549316406
13:13:58.959071,0.23968,-38.183301371437125,-0.1379999999999999,-99.99000549316406
13:13:58.964416,0.23968,-38.183301371437125,-0.1379999999999999,-99.99000549316406
13:13:58.969111,0.23968,-38.20521299253088,-0.1919999999999999,-99.99137878417967
13:13:58.974040,0.23968,-38.20521299253088,-0.1919999999999999,-99.99137878417967
13:13:58.979067,0.23968,-38.20521299253088,-0.1919999999999999,-99.99137878417967
13:13:58.984093,0.23968,-38.20521299253088,-0.1919999999999999,-99.99137878417967
13:13:58.989086,0.23968,-38.20521299253088,-0.1919999999999999,-99.99137878417967
13:13:58.994069,0.23968,-38.20521299253088,-0.1919999999999999,-99.99137878417967
13:13:58.999124,0.23647,-38.194257181984,-0.3,-99.99343872070312
13:13:59.004070,0.23647,-38.194257181984,-0.3,-99.99343872070312
13:13:59.009055,0.23647,-38.194257181984,-0.3,-99.99343872070312
13:13:59.014151,0.23647,-38.194257181984,-0.3,-99.99343872070312
13:13:59.019057,0.23647,-38.194257181984,-0.3,-99.99343872070312
13:13:59.024057,0.23647,-38.194257181984,-0.3,-99.99343872070312
13:13:59.029063,0.23647,-38.194257181984,-0.3,-99.99343872070312
13:13:59.034093,0.23968,-38.183301371437125,-0.162,-99.99000549316406
13:13:59.039059,0.23968,-38.183301371437125,-0.162,-99.99000549316406
13:13:59.044066,0.23968,-38.183301371437125,-0.162,-99.99000549316406
13:13:59.049063,0.23968,-38.183301371437125,-0.162,-99.99000549316406
13:13:59.054090,0.23968,-38.183301371437125,-0.162,-99.99000549316406
13:13:59.059070,0.23968,-38.183301371437125,-0.162,-99.99000549316406
13:13:59.064165,0.23647,-38.20521299253088,-0.054,-99.9968719482422
13:13:59.069073,0.23647,-38.20521299253088,-0.054,-99.9968719482422
13:13:59.074045,0.23647,-38.20521299253088,-0.054,-99.9968719482422
13:13:59.079061,0.23647,-38.20521299253088,-0.054,-99.9968719482422
13:13:59.084105,0.23647,-38.20521299253088,-0.054,-99.9968719482422
13:13:59.089362,0.23647,-38.20521299253088,-0.054,-99.9968719482422
13:13:59.094124,0.23647,-38.20521299253088,-0.054,-99.9968719482422
13:13:59.099346,0.2354,-38.20521299253088,-0.054,-99.99755859375
13:13:59.104171,0.2354,-38.20521299253088,-0.054,-99.99755859375
13:13:59.109090,0.2354,-38.20521299253088,-0.054,-99.99755859375
13:13:59.114063,0.2354,-38.20521299253088,-0.054,-99.99755859375
13:13:59.119147,0.2354,-38.20521299253088,-0.054,-99.99755859375
13:13:59.124060,0.2354,-38.20521299253088,-0.054,-99.99755859375
13:13:59.129379,0.23754,-38.20521299253088,0.1379999999999999,-99.99549865722656
13:13:59.134119,0.23754,-38.20521299253088,0.1379999999999999,-99.99549865722656
13:13:59.139066,0.23754,-38.20521299253088,0.1379999999999999,-99.99549865722656
13:13:59.144061,0.23754,-38.20521299253088,0.1379999999999999,-99.99549865722656
13:13:59.149065,0.23754,-38.20521299253088,0.1379999999999999,-99.99549865722656
13:13:59.154096,0.23754,-38.20521299253088,0.1379999999999999,-99.99549865722656
13:13:59.159088,0.23754,-38.20521299253088,0.1379999999999999,-99.99549865722656
13:13:59.164126,0.23861,-38.20521299253088,0.108,-99.9982452392578
13:13:59.169054,0.23861,-38.20521299253088,0.108,-99.9982452392578
13:13:59.174061,0.23861,-38.20521299253088,0.108,-99.9982452392578
13:13:59.179089,0.23861,-38.20521299253088,0.108,-99.9982452392578
13:13:59.184061,0.23861,-38.20521299253088,0.108,-99.9982452392578
13:13:59.189089,0.23861,-38.20521299253088,0.108,-99.9982452392578
13:13:59.194226,0.23861,-38.20521299253088,0.108,-99.9982452392578
13:13:59.199098,0.25466,-38.21616880307775,0.084,-99.99137878417967
13:13:59.204085,0.25466,-38.21616880307775,0.084,-99.99137878417967
13:13:59.209093,0.25466,-38.21616880307775,0.084,-99.99137878417967
13:13:59.214046,0.25466,-38.21616880307775,0.084,-99.99137878417967
13:13:59.219061,0.25466,-38.21616880307775,0.084,-99.99137878417967
13:13:59.224071,0.25466,-38.21616880307775,0.084,-99.99137878417967
13:13:59.229098,0.28569,-38.20521299253088,-0.03,-99.99481201171876
13:13:59.234063,0.28569,-38.20521299253088,-0.03,-99.99481201171876
13:13:59.239056,0.28569,-38.20521299253088,-0.03,-99.99481201171876
13:13:59.244064,0.28569,-38.20521299253088,-0.03,-99.99481201171876
13:13:59.249205,0.28569,-38.20521299253088,-0.03,-99.99481201171876
13:13:59.254063,0.28569,-38.20521299253088,-0.03,-99.99481201171876
13:13:59.259059,0.28569,-38.20521299253088,-0.03,-99.99481201171876
13:13:59.264134,0.33063,-38.369580668312125,0.3,-99.99618530273438
13:13:59.269067,0.33063,-38.369580668312125,0.3,-99.99618530273438
13:13:59.274062,0.33063,-38.369580668312125,0.3,-99.99618530273438
13:13:59.279061,0.33063,-38.369580668312125,0.3,-99.99618530273438
13:13:59.284084,0.33063,-38.369580668312125,0.3,-99.99618530273438
13:13:59.289081,0.33063,-38.369580668312125,0.3,-99.99618530273438
13:13:59.294169,0.38306,-38.81338254819494,1.098,-99.97764587402344
13:13:59.299062,0.38306,-38.81338254819494,1.098,-99.97764587402344
13:13:59.304031,0.38306,-38.81338254819494,1.098,-99.97764587402344
13:13:59.309067,0.38306,-38.81338254819494,1.098,-99.97764587402344
13:13:59.314061,0.38306,-38.81338254819494,1.098,-99.97764587402344
13:13:59.319065,0.38306,-38.81338254819494,1.098,-99.97764587402344
13:13:59.324058,0.38306,-38.81338254819494,1.098,-99.97764587402344
13:13:59.329087,0.42693,-39.73385373960119,2.25,-99.92958068847656
13:13:59.334177,0.42693,-39.73385373960119,2.25,-99.92958068847656
13:13:59.339062,0.42693,-39.73385373960119,2.25,-99.92958068847656
13:13:59.344068,0.42693,-39.73385373960119,2.25,-99.92958068847656
13:13:59.349058,0.42693,-39.73385373960119,2.25,-99.92958068847656
13:13:59.354088,0.42693,-39.73385373960119,2.25,-99.92958068847656
13:13:59.359127,0.41516,-40.413251322609,4.968,-99.8004913330078
13:13:59.364063,0.41516,-40.413251322609,4.968,-99.8004913330078
13:13:59.369154,0.41516,-40.413251322609,4.968,-99.8004913330078
13:13:59.374056,0.41516,-40.413251322609,4.968,-99.8004913330078
13:13:59.379067,0.41516,-40.413251322609,4.968,-99.8004913330078
13:13:59.384081,0.41516,-40.413251322609,4.968,-99.8004913330078
13:13:59.389115,0.41516,-40.413251322609,4.968,-99.8004913330078
13:13:59.394280,0.40446,-39.596875590187125,6.234,-99.62059020996094
13:13:59.399102,0.40446,-39.596875590187125,6.234,-99.62059020996094
13:13:59.404457,0.40446,-39.596875590187125,6.234,-99.62059020996094
13:13:59.409314,0.40446,-39.596875590187125,6.234,-99.62059020996094
13:13:59.414096,0.40446,-39.596875590187125,6.234,-99.62059020996094
13:13:59.419072,0.40446,-39.596875590187125,6.234,-99.62059020996094
13:13:59.424247,0.42158,-39.596875590187125,6.701999999999999,-99.38919067382812
13:13:59.429068,0.42158,-39.08184568296056,6.701999999999999,-99.38919067382812
13:13:59.434171,0.42158,-39.08184568296056,6.701999999999999,-99.38919067382812
13:13:59.439055,0.42158,-39.08184568296056,6.701999999999999,-99.38919067382812
13:13:59.444068,0.42158,-39.08184568296056,6.701999999999999,-99.38919067382812
13:13:59.449090,0.42158,-39.08184568296056,6.701999999999999,-99.38919067382812
13:13:59.454060,0.42158,-39.08184568296056,6.701999999999999,-99.38919067382812
13:13:59.459117,0.428,-38.714764994484,7.608000000000001,-99.1461181640625
13:13:59.464059,0.428,-38.714764994484,7.608000000000001,-99.1461181640625
13:13:59.469061,0.428,-38.714764994484,7.608000000000001,-99.1461181640625
13:13:59.474068,0.428,-38.714764994484,7.608000000000001,-99.1461181640625
13:13:59.479052,0.428,-38.714764994484,7.608000000000001,-99.1461181640625
13:13:59.484072,0.428,-38.714764994484,7.608000000000001,-99.1461181640625
13:13:59.489125,0.42479,-39.05993406186681,8.43,-98.88999938964844
13:13:59.494087,0.42479,-39.05993406186681,8.43,-98.88999938964844
13:13:59.499046,0.42479,-39.05993406186681,8.43,-98.88999938964844
13:13:59.504083,0.42479,-39.05993406186681,8.43,-98.88999938964844
13:13:59.509069,0.42479,-39.05993406186681,8.43,-98.88999938964844
13:13:59.514087,0.42479,-39.05993406186681,8.43,-98.88999938964844
13:13:59.519093,0.42479,-39.05993406186681,8.43,-98.88999938964844
13:13:59.524112,0.42693,-39.48730222592931,9.528,-98.58306884765624
13:13:59.529083,0.42693,-39.48730222592931,9.528,-98.58306884765624
13:13:59.534059,0.42693,-39.48730222592931,9.528,-98.58306884765624
13:13:59.539083,0.42693,-39.48730222592931,9.528,-98.58306884765624
13:13:59.544158,0.42693,-39.48730222592931,9.528,-98.58306884765624
13:13:59.549091,0.42693,-39.48730222592931,9.528,-98.58306884765624
13:13:59.554118,0.42158,-39.48730222592931,11.094,-98.24729919433594
13:13:59.559057,0.42158,-38.84624997983556,11.094,-98.24729919433594
13:13:59.564070,0.42158,-38.84624997983556,11.094,-98.24729919433594
13:13:59.569083,0.42158,-38.84624997983556,11.094,-98.24729919433594
13:13:59.574070,0.42158,-38.84624997983556,11.094,-98.24729919433594
13:13:59.579110,0.42158,-38.84624997983556,11.094,-98.24729919433594
13:13:59.584422,0.42158,-38.84624997983556,11.094,-98.24729919433594
13:13:59.589276,0.42051,-38.88461057553869,11.808,-97.88475036621094
13:13:59.594273,0.42051,-38.88461057553869,11.808,-97.88475036621094
13:13:59.599102,0.42051,-38.88461057553869,11.808,-97.88475036621094
13:13:59.604067,0.42051,-38.88461057553869,11.808,-97.88475036621094
13:13:59.609085,0.42051,-38.88461057553869,11.808,-97.88475036621094
13:13:59.614066,0.42051,-38.88461057553869,11.808,-97.88475036621094
13:13:59.619358,0.4376300000000001,-39.09829465756994,12.138,-97.52700805664062
13:13:59.624047,0.4376300000000001,-39.09829465756994,12.138,-97.52700805664062
13:13:59.629032,0.4376300000000001,-39.09829465756994,12.138,-97.52700805664062
13:13:59.634064,0.4376300000000001,-39.09829465756994,12.138,-97.52700805664062
13:13:59.639083,0.4376300000000001,-39.09829465756994,12.138,-97.52700805664062
13:13:59.644150,0.4376300000000001,-39.09829465756994,12.138,-97.52700805664062
13:13:59.649055,0.4376300000000001,-39.09829465756994,12.138,-97.52700805664062
13:13:59.654106,0.45261,-39.49278013120275,12.743999999999998,-97.15003967285156
13:13:59.659086,0.45261,-39.49278013120275,12.743999999999998,-97.15003967285156
13:13:59.664083,0.45261,-39.49278013120275,12.743999999999998,-97.15003967285156
13:13:59.669043,0.45261,-39.49278013120275,12.743999999999998,-97.15003967285156
13:13:59.674059,0.45261,-39.49278013120275,12.743999999999998,-97.15003967285156
13:13:59.679090,0.45261,-39.49278013120275,12.743999999999998,-97.15003967285156
13:13:59.684111,0.4494,-40.13381711850744,14.274,-96.71470642089844
13:13:59.689060,0.4494,-40.13381711850744,14.274,-96.71470642089844
13:13:59.694056,0.4494,-40.13381711850744,14.274,-96.71470642089844
13:13:59.699058,0.4494,-40.13381711850744,14.274,-96.71470642089844
13:13:59.704082,0.4494,-40.13381711850744,14.274,-96.71470642089844
13:13:59.709073,0.4494,-40.13381711850744,14.274,-96.71470642089844
13:13:59.714067,0.4494,-40.13381711850744,14.274,-96.71470642089844
13:13:59.719255,0.41195,-39.85438291440588,15.438,-96.24984741210938
13:13:59.724063,0.41195,-39.85438291440588,15.438,-96.24984741210938
13:13:59.729065,0.41195,-39.85438291440588,15.438,-96.24984741210938
13:13:59.734067,0.41195,-39.85438291440588,15.438,-96.24984741210938
13:13:59.739097,0.41195,-39.85438291440588,15.438,-96.24984741210938
13:13:59.744089,0.41195,-39.85438291440588,15.438,-96.24984741210938
13:13:59.749155,0.42693,-39.29552976499181,16.884,-95.73348999023438
13:13:59.754070,0.42693,-39.29552976499181,16.884,-95.73348999023438
13:13:59.759085,0.42693,-39.29552976499181,16.884,-95.73348999023438
13:13:59.764090,0.42693,-39.29552976499181,16.884,-95.73348999023438
13:13:59.769068,0.42693,-39.29552976499181,16.884,-95.73348999023438
13:13:59.774108,0.42693,-39.29552976499181,16.884,-95.73348999023438
13:13:59.779484,0.42693,-39.29552976499181,16.884,-95.73348999023438
13:13:59.784371,0.43014,-39.125684183937125,17.105999999999998,-95.20271301269533
13:13:59.789291,0.43014,-39.125684183937125,17.105999999999998,-95.20271301269533
13:13:59.794109,0.43014,-39.125684183937125,17.105999999999998,-95.20271301269533
13:13:59.799084,0.43014,-39.125684183937125,17.105999999999998,-95.20271301269533
13:13:59.804089,0.43014,-39.125684183937125,17.105999999999998,-95.20271301269533
13:13:59.809084,0.43014,-39.125684183937125,17.105999999999998,-95.20271301269533
13:13:59.814424,0.43121,-39.52016965756994,18.15,-94.64584350585938
13:13:59.819434,0.43121,-39.52016965756994,18.15,-94.64584350585938
13:13:59.824103,0.43121,-39.52016965756994,18.15,-94.64584350585938
13:13:59.829056,0.43121,-39.52016965756994,18.15,-94.64584350585938
13:13:59.834085,0.43121,-39.52016965756994,18.15,-94.64584350585938
13:13:59.839308,0.43121,-39.52016965756994,18.15,-94.64584350585938
13:13:59.844107,0.43121,-39.52016965756994,18.15,-94.64584350585938
13:13:59.849131,0.44405,-39.55853025327306,18.894,-94.04708862304688
13:13:59.854185,0.44405,-39.55853025327306,18.894,-94.04708862304688
13:13:59.859053,0.44405,-39.55853025327306,18.894,-94.04708862304688
13:13:59.864060,0.44405,-39.55853025327306,18.894,-94.04708862304688
13:13:59.869045,0.44405,-39.55853025327306,18.894,-94.04708862304688
13:13:59.874071,0.44405,-39.55853025327306,18.894,-94.04708862304688
13:13:59.879140,0.44512,-39.62975828061681,19.854000000000003,-93.39202880859376
13:13:59.884066,0.44512,-39.62975828061681,19.854000000000003,-93.39202880859376
13:13:59.889058,0.44512,-39.62975828061681,19.854000000000003,-93.39202880859376
13:13:59.894068,0.44512,-39.62975828061681,19.854000000000003,-93.39202880859376
13:13:59.899064,0.44512,-39.62975828061681,19.854000000000003,-93.39202880859376
13:13:59.904087,0.44512,-39.62975828061681,19.854000000000003,-93.39202880859376
13:13:59.909069,0.44512,-39.62975828061681,19.854000000000003,-93.39202880859376
13:13:59.914099,0.42907,-39.59139768491369,21.474,-92.7239227294922
13:13:59.919066,0.42907,-39.59139768491369,21.474,-92.7239227294922
13:13:59.924064,0.42907,-39.59139768491369,21.474,-92.7239227294922
13:13:59.929045,0.42907,-39.59139768491369,21.474,-92.7239227294922
13:13:59.934059,0.42907,-39.59139768491369,21.474,-92.7239227294922
13:13:59.939058,0.42907,-39.59139768491369,21.474,-92.7239227294922
13:13:59.944135,0.44084,-39.59139768491369,21.804,-92.02835083007812
13:13:59.949035,0.44084,-39.76672117124181,21.804,-92.02835083007812
13:13:59.954056,0.44084,-39.76672117124181,21.804,-92.02835083007812
13:13:59.959057,0.44084,-39.76672117124181,21.804,-92.02835083007812
13:13:59.964146,0.44084,-39.76672117124181,21.804,-92.02835083007812
13:13:59.969433,0.44084,-39.76672117124181,21.804,-92.02835083007812
13:13:59.974314,0.44084,-39.76672117124181,21.804,-92.02835083007812
13:13:59.979304,0.45582,-40.18313352475744,23.418,-91.30874633789062
13:13:59.984375,0.45582,-40.18313352475744,23.418,-91.30874633789062
13:13:59.989394,0.45582,-40.18313352475744,23.418,-91.30874633789062
13:13:59.994301,0.45582,-40.18313352475744,23.418,-91.30874633789062
13:13:59.999096,0.45582,-40.18313352475744,23.418,-91.30874633789062
13:14:00.004237,0.45582,-40.18313352475744,23.418,-91.30874633789062
13:14:00.009215,0.45582,-40.18313352475744,23.418,-91.30874633789062
13:14:00.014150,0.43656,-39.69001523862463,23.802,-90.56785583496094
13:14:00.019069,0.43656,-39.69001523862463,23.802,-90.56785583496094
13:14:00.024070,0.43656,-39.69001523862463,23.802,-90.56785583496094
13:14:00.029086,0.43656,-39.69001523862463,23.802,-90.56785583496094
13:14:00.034090,0.43656,-39.69001523862463,23.802,-90.56785583496094
13:14:00.039057,0.43656,-39.69001523862463,23.802,-90.56785583496094
13:14:00.044114,0.4601,-39.7996038616715,24.522,-89.77684020996094
13:14:00.049050,0.4601,-39.7996038616715,24.522,-89.77684020996094
13:14:00.054032,0.4601,-39.7996038616715,24.522,-89.77684020996094
13:14:00.059094,0.4601,-39.7996038616715,24.522,-89.77684020996094
13:14:00.064071,0.4601,-39.7996038616715,24.522,-89.77684020996094
13:14:00.069085,0.4601,-39.7996038616715,24.522,-89.77684020996094
13:14:00.074047,0.4601,-39.7996038616715,24.522,-89.77684020996094
13:14:00.079114,0.44298,-39.73933164487463,27.708,-88.98651123046875
13:14:00.084400,0.44298,-39.73933164487463,27.708,-88.98651123046875
13:14:00.089284,0.44298,-39.73933164487463,27.708,-88.98651123046875
13:14:00.094316,0.44298,-39.73933164487463,27.708,-88.98651123046875
13:14:00.099337,0.44298,-39.73933164487463,27.708,-88.98651123046875
13:14:00.104328,0.44298,-39.73933164487463,27.708,-88.98651123046875
13:14:00.109337,0.44405,-39.96944944272619,26.58,-88.10279846191406
13:14:00.114438,0.44405,-39.96944944272619,26.58,-88.10279846191406
13:14:00.119208,0.44405,-39.96944944272619,26.58,-88.10279846191406
13:14:00.124200,0.44405,-39.96944944272619,26.58,-88.10279846191406
13:14:00.129182,0.44405,-39.96944944272619,26.58,-88.10279846191406
13:14:00.134148,0.44405,-39.96944944272619,26.58,-88.10279846191406
13:14:00.139068,0.44405,-39.96944944272619,26.58,-88.10279846191406
13:14:00.144069,0.43977,-38.75311033139806,28.584000000000003,-87.1710205078125
13:14:00.149109,0.43977,-38.75311033139806,28.584000000000003,-87.1710205078125
13:14:00.154073,0.43977,-38.75311033139806,28.584000000000003,-87.1710205078125
13:14:00.159070,0.43977,-38.75311033139806,28.584000000000003,-87.1710205078125
13:14:00.164046,0.43977,-38.75311033139806,28.584000000000003,-87.1710205078125
13:14:00.169064,0.43977,-38.75311033139806,28.584000000000003,-87.1710205078125
13:14:00.174431,0.46331,-39.892743510109,28.968,-86.22756958007812
13:14:00.179060,0.46331,-39.892743510109,28.968,-86.22756958007812
13:14:00.184053,0.46331,-39.892743510109,28.968,-86.22756958007812
13:14:00.189061,0.46331,-39.892743510109,28.968,-86.22756958007812
13:14:00.194082,0.46331,-39.892743510109,28.968,-86.22756958007812
13:14:00.199131,0.46331,-39.892743510109,28.968,-86.22756958007812
13:14:00.204063,0.46331,-39.892743510109,28.968,-86.22756958007812
13:14:00.209039,0.44726,-39.925610941749625,30.696,-85.32600402832031
13:14:00.214054,0.44726,-39.925610941749625,30.696,-85.32600402832031
13:14:00.219072,0.44726,-39.925610941749625,30.696,-85.32600402832031
13:14:00.224082,0.44726,-39.925610941749625,30.696,-85.32600402832031
13:14:00.229434,0.44726,-39.925610941749625,30.696,-85.32600402832031
13:14:00.234373,0.44726,-39.925610941749625,30.696,-85.32600402832031
13:14:00.239729,0.47401,-40.73103086362463,31.578,-84.37088012695312
13:14:00.244315,0.47401,-40.73103086362463,31.578,-84.37088012695312
13:14:00.249355,0.47401,-40.73103086362463,31.578,-84.37088012695312
13:14:00.254397,0.47401,-40.73103086362463,31.578,-84.37088012695312
13:14:00.259418,0.47401,-40.73103086362463,31.578,-84.37088012695312
13:14:00.264344,0.47401,-40.73103086362463,31.578,-84.37088012695312
13:14:00.269302,0.47401,-40.73103086362463,31.578,-84.37088012695312
13:14:00.274132,0.4494,-39.20786802182775,32.867999999999995,-83.37730407714844
13:14:00.279020,0.4494,-39.20786802182775,32.867999999999995,-83.37730407714844
13:14:00.284056,0.4494,-39.20786802182775,32.867999999999995,-83.37730407714844
13:14:00.289064,0.4494,-39.20786802182775,32.867999999999995,-83.37730407714844
13:14:00.294091,0.4494,-39.20786802182775,32.867999999999995,-83.37730407714844
13:14:00.299066,0.4494,-39.20786802182775,32.867999999999995,-83.37730407714844
13:14:00.304462,0.45047,-39.67358152280431,33.52799999999999,-82.26081848144531
13:14:00.309070,0.45047,-39.67358152280431,33.52799999999999,-82.26081848144531
13:14:00.314069,0.45047,-39.67358152280431,33.52799999999999,-82.26081848144531
13:14:00.319068,0.45047,-39.67358152280431,33.52799999999999,-82.26081848144531
13:14:00.324071,0.45047,-39.67358152280431,33.52799999999999,-82.26081848144531
13:14:00.329116,0.45047,-39.67358152280431,33.52799999999999,-82.26081848144531
13:14:00.334093,0.45047,-39.67358152280431,33.52799999999999,-82.26081848144531
13:14:00.339348,0.4494,-39.19691221128088,33.858,-81.16218566894531
13:14:00.344275,0.4494,-39.19691221128088,33.858,-81.16218566894531
13:14:00.349249,0.4494,-39.19691221128088,33.858,-81.16218566894531
13:14:00.354089,0.4494,-39.19691221128088,33.858,-81.16218566894531
13:14:00.359069,0.4494,-39.19691221128088,33.858,-81.16218566894531
13:14:00.364448,0.4494,-39.19691221128088,33.858,-81.16218566894531
13:14:00.369265,0.46117,-39.19691221128088,34.764,-80.08621215820312
13:14:00.374140,0.46117,-39.35580198178869,34.764,-80.08621215820312
13:14:00.379046,0.46117,-39.35580198178869,34.764,-80.08621215820312
13:14:00.384054,0.46117,-39.35580198178869,34.764,-80.08621215820312
13:14:00.389057,0.46117,-39.35580198178869,34.764,-80.08621215820312
13:14:00.394094,0.46117,-39.35580198178869,34.764,-80.08621215820312
13:14:00.399071,0.46117,-39.35580198178869,34.764,-80.08621215820312
13:14:00.404156,0.46117,-39.72837583432775,36.132,-78.97178649902344
13:14:00.409071,0.46117,-39.72837583432775,36.132,-78.97178649902344
13:14:00.414061,0.46117,-39.72837583432775,36.132,-78.97178649902344
13:14:00.419059,0.46117,-39.72837583432775,36.132,-78.97178649902344
13:14:00.424071,0.46117,-39.72837583432775,36.132,-78.97178649902344
13:14:00.429067,0.46117,-39.72837583432775,36.132,-78.97178649902344
13:14:00.434133,0.46117,-39.72837583432775,36.132,-78.97178649902344
13:14:00.439260,0.45582,-39.92013303647619,37.29,-77.85736083984375
13:14:00.444071,0.45582,-39.92013303647619,37.29,-77.85736083984375
13:14:00.449068,0.45582,-39.92013303647619,37.29,-77.85736083984375
13:14:00.454067,0.45582,-39.92013303647619,37.29,-77.85736083984375
13:14:00.459060,0.45582,-39.92013303647619,37.29,-77.85736083984375
13:14:00.464043,0.45582,-39.92013303647619,37.29,-77.85736083984375
13:14:00.469138,0.45475,-38.78049985776525,39.456,-76.60560607910156
13:14:00.474391,0.45475,-38.78049985776525,39.456,-76.60560607910156
13:14:00.479353,0.45475,-38.78049985776525,39.456,-76.60560607910156
13:14:00.484364,0.45475,-38.78049985776525,39.456,-76.60560607910156
13:14:00.489408,0.45475,-38.78049985776525,39.456,-76.60560607910156
13:14:00.494391,0.45475,-38.78049985776525,39.456,-76.60560607910156
13:14:00.499321,0.45475,-38.78049985776525,39.456,-76.60560607910156
13:14:00.504357,0.44084,-38.32574216733556,38.98800000000001,-75.32638549804688
13:14:00.509423,0.44084,-38.32574216733556,38.98800000000001,-75.32638549804688
13:14:00.514406,0.44084,-38.32574216733556,38.98800000000001,-75.32638549804688
13:14:00.519397,0.44084,-38.32574216733556,38.98800000000001,-75.32638549804688
13:14:00.524348,0.44084,-38.32574216733556,38.98800000000001,-75.32638549804688
13:14:00.529305,0.44084,-38.32574216733556,38.98800000000001,-75.32638549804688
13:14:00.534356,0.44405,-39.03802244077306,39.048,-74.10484313964844
13:14:00.539292,0.44405,-39.03802244077306,39.048,-74.10484313964844
13:14:00.544414,0.44405,-39.03802244077306,39.048,-74.10484313964844
13:14:00.549404,0.44405,-39.03802244077306,39.048,-74.10484313964844
13:14:00.554376,0.44405,-39.03802244077306,39.048,-74.10484313964844
13:14:00.559400,0.44405,-39.03802244077306,39.048,-74.10484313964844
13:14:00.564435,0.44405,-39.03802244077306,39.048,-74.10484313964844
13:14:00.569322,0.43335,-37.52581540952306,41.106,-72.89497375488281
13:14:00.574250,0.43335,-37.52581540952306,41.106,-72.89497375488281
13:14:00.579307,0.43335,-37.52581540952306,41.106,-72.89497375488281
13:14:00.584069,0.43335,-37.52581540952306,41.106,-72.89497375488281
13:14:00.589093,0.43335,-37.52581540952306,41.106,-72.89497375488281
13:14:00.594067,0.43335,-37.52581540952306,41.106,-72.89497375488281
13:14:00.599144,0.42907,-37.67922727475744,41.214000000000006,-71.58760070800781
13:14:00.604092,0.42907,-37.67922727475744,41.214000000000006,-71.58760070800781
13:14:00.609065,0.42907,-37.67922727475744,41.214000000000006,-71.58760070800781
13:14:00.614065,0.42907,-37.67922727475744,41.214000000000006,-71.58760070800781
13:14:00.619070,0.42907,-37.67922727475744,41.214000000000006,-71.58760070800781
13:14:00.624070,0.42907,-37.67922727475744,41.214000000000006,-71.58760070800781
13:14:00.629877,0.43656,-37.60252134214025,39.94799999999999,-70.26786804199219
13:14:00.634209,0.43656,-37.60252134214025,39.94799999999999,-70.26786804199219
13:14:00.639084,0.43656,-37.60252134214025,39.94799999999999,-70.26786804199219
13:14:00.644065,0.43656,-37.60252134214025,39.94799999999999,-70.26786804199219
13:14:00.649085,0.43656,-37.60252134214025,39.94799999999999,-70.26786804199219
13:14:00.654064,0.43656,-37.60252134214025,39.94799999999999,-70.26786804199219
13:14:00.659084,0.43656,-37.60252134214025,39.94799999999999,-70.26786804199219
13:14:00.664116,0.41944,-36.27113096128088,40.968,-68.96942138671875
13:14:00.669063,0.41944,-36.27113096128088,40.968,-68.96942138671875
13:14:00.674066,0.41944,-36.27113096128088,40.968,-68.96942138671875
13:14:00.679371,0.41944,-36.27113096128088,40.968,-68.96942138671875
13:14:00.684327,0.41944,-36.27113096128088,40.968,-68.96942138671875
13:14:00.689373,0.41944,-36.27113096128088,40.968,-68.96942138671875
13:14:00.694841,0.41409,-36.34234372983556,40.854,-67.72178649902344
13:14:00.699265,0.41409,-36.34234372983556,40.854,-67.72178649902344
13:14:00.704378,0.41409,-36.34234372983556,40.854,-67.72178649902344
13:14:00.709395,0.41409,-36.34234372983556,40.854,-67.72178649902344
13:14:00.714395,0.41409,-36.34234372983556,40.854,-67.72178649902344
13:14:00.719430,0.41409,-36.34234372983556,40.854,-67.72178649902344
13:14:00.724337,0.41409,-36.34234372983556,40.854,-67.72178649902344
13:14:00.729305,0.42372,-36.41904966245275,40.638,-66.44805908203125
13:14:00.734286,0.42372,-36.41904966245275,40.638,-66.44805908203125
13:14:00.739386,0.42372,-36.41904966245275,40.638,-66.44805908203125
13:14:00.744419,0.42372,-36.41904966245275,40.638,-66.44805908203125
13:14:00.749387,0.42372,-36.41904966245275,40.638,-66.44805908203125
13:14:00.754286,0.42372,-36.41904966245275,40.638,-66.44805908203125
13:14:00.759490,0.41944,-36.868329447609,40.386,-65.13725280761719
13:14:00.764263,0.41944,-36.868329447609,40.386,-65.13725280761719
13:14:00.769310,0.41944,-36.868329447609,40.386,-65.13725280761719
13:14:00.774274,0.41944,-36.868329447609,40.386,-65.13725280761719
13:14:00.779374,0.41944,-36.868329447609,40.386,-65.13725280761719
13:14:00.784403,0.41944,-36.868329447609,40.386,-65.13725280761719
13:14:00.789443,0.41944,-36.868329447609,40.386,-65.13725280761719
13:14:00.794210,0.39269,-35.18627683530431,40.386,-63.76739501953125
13:14:00.799115,0.39269,-35.18627683530431,40.386,-63.76739501953125
13:14:00.804068,0.39269,-35.18627683530431,40.386,-63.76739501953125
13:14:00.809093,0.39269,-35.18627683530431,40.386,-63.76739501953125
13:14:00.814083,0.39269,-35.18627683530431,40.386,-63.76739501953125
13:14:00.819067,0.39269,-35.18627683530431,40.386,-63.76739501953125
13:14:00.825320,0.40339,-33.86584226499181,41.184000000000005,-62.52525329589844
13:14:00.829299,0.40339,-33.86584226499181,41.184000000000005,-62.52525329589844
13:14:00.834414,0.40339,-33.86584226499181,41.184000000000005,-62.52525329589844
13:14:00.839385,0.40339,-33.86584226499181,41.184000000000005,-62.52525329589844
13:14:00.844430,0.40339,-33.86584226499181,41.184000000000005,-62.52525329589844
13:14:00.849308,0.40339,-33.86584226499181,41.184000000000005,-62.52525329589844
13:14:00.854256,0.40339,-33.86584226499181,41.184000000000005,-62.52525329589844
13:14:00.859309,0.4066,-35.169843119484,40.992,-61.23779296875
13:14:00.864297,0.4066,-35.169843119484,40.992,-61.23779296875
13:14:00.869431,0.4066,-35.169843119484,40.992,-61.23779296875
13:14:00.874352,0.4066,-35.169843119484,40.992,-61.23779296875
13:14:00.879338,0.4066,-35.169843119484,40.992,-61.23779296875
13:14:00.884345,0.4066,-35.169843119484,40.992,-61.23779296875
13:14:00.889557,0.38948,-35.83828489194494,40.212,-59.95307922363281
13:14:00.894280,0.38948,-35.83828489194494,40.212,-59.95307922363281
13:14:00.899270,0.38948,-35.83828489194494,40.212,-59.95307922363281
13:14:00.904100,0.38948,-35.83828489194494,40.212,-59.95307922363281
13:14:00.909054,0.38948,-35.83828489194494,40.212,-59.95307922363281
13:14:00.914072,0.38948,-35.83828489194494,40.212,-59.95307922363281
13:14:00.919072,0.38948,-35.83828489194494,40.212,-59.95307922363281
13:14:00.924375,0.38841,-33.06591550717931,41.298,-58.60382080078125
13:14:00.929304,0.38841,-33.06591550717931,41.298,-58.60382080078125
13:14:00.934195,0.38841,-33.06591550717931,41.298,-58.60382080078125
13:14:00.939083,0.38841,-33.06591550717931,41.298,-58.60382080078125
13:14:00.944442,0.38841,-33.06591550717931,41.298,-58.60382080078125
13:14:00.949347,0.38841,-33.06591550717931,41.298,-58.60382080078125
13:14:00.954276,0.3841299999999999,-32.73716489682775,40.884,-57.36717224121093
13:14:00.959299,0.3841299999999999,-32.73716489682775,40.884,-57.36717224121093
13:14:00.964311,0.3841299999999999,-32.73716489682775,40.884,-57.36717224121093
13:14:00.969310,0.3841299999999999,-32.73716489682775,40.884,-57.36717224121093
13:14:00.974287,0.3841299999999999,-32.73716489682775,40.884,-57.36717224121093
13:14:00.979307,0.3841299999999999,-32.73716489682775,40.884,-57.36717224121093
13:14:00.984390,0.3841299999999999,-32.73716489682775,40.884,-57.36717224121093
13:14:00.989333,0.37985,-33.482312601905875,41.13,-56.0687255859375
13:14:00.994268,0.37985,-33.482312601905875,41.13,-56.0687255859375
13:14:00.999383,0.37985,-33.482312601905875,41.13,-56.0687255859375
13:14:01.004386,0.37985,-33.482312601905875,41.13,-56.0687255859375
13:14:01.009406,0.37985,-33.482312601905875,41.13,-56.0687255859375
13:14:01.014340,0.37985,-33.482312601905875,41.13,-56.0687255859375
13:14:01.019273,0.38627,-33.197400492530875,40.86,-54.795684814453125
13:14:01.024288,0.38627,-33.197400492530875,40.86,-54.795684814453125
13:14:01.029360,0.38627,-33.197400492530875,40.86,-54.795684814453125
13:14:01.034310,0.38627,-33.197400492530875,40.86,-54.795684814453125
13:14:01.039339,0.38627,-33.197400492530875,40.86,-54.795684814453125
13:14:01.044396,0.38627,-33.197400492530875,40.86,-54.795684814453125
13:14:01.049325,0.38627,-33.197400492530875,40.86,-54.795684814453125
13:14:01.054323,0.37236,-31.92080442319494,40.986,-53.4979248046875
13:14:01.059098,0.37236,-31.92080442319494,40.986,-53.4979248046875
13:14:01.064405,0.37236,-31.92080442319494,40.986,-53.4979248046875
13:14:01.069334,0.37236,-31.92080442319494,40.986,-53.4979248046875
13:14:01.074427,0.37236,-31.92080442319494,40.986,-53.4979248046875
13:14:01.079245,0.37236,-31.92080442319494,40.986,-53.4979248046875
13:14:01.084216,0.3531,-30.55105344663244,41.076,-52.13630676269531
13:14:01.089113,0.3531,-30.55105344663244,41.076,-52.13630676269531
13:14:01.094112,0.3531,-30.55105344663244,41.076,-52.13630676269531
13:14:01.099089,0.3531,-30.55105344663244,41.076,-52.13630676269531
13:14:01.104454,0.3531,-30.55105344663244,41.076,-52.13630676269531
13:14:01.109380,0.3531,-30.55105344663244,41.076,-52.13630676269531
13:14:01.114406,0.3531,-30.55105344663244,41.076,-52.13630676269531
13:14:01.119275,0.36808,-31.13729612241369,41.328,-50.91270446777344
13:14:01.124299,0.36808,-31.13729612241369,41.328,-50.91270446777344
13:14:01.129415,0.36808,-31.13729612241369,41.328,-50.91270446777344
13:14:01.134241,0.36808,-31.13729612241369,41.328,-50.91270446777344
13:14:01.139113,0.36808,-31.13729612241369,41.328,-50.91270446777344
13:14:01.144035,0.36808,-31.13729612241369,41.328,-50.91270446777344
13:14:01.149038,0.35524,-30.753766459327757,41.322,-49.61151123046875
13:14:01.154064,0.35524,-30.753766459327757,41.322,-49.61151123046875
13:14:01.159069,0.35524,-30.753766459327757,41.322,-49.61151123046875
13:14:01.164061,0.35524,-30.753766459327757,41.322,-49.61151123046875
13:14:01.169414,0.35524,-30.753766459327757,41.322,-49.61151123046875
13:14:01.174273,0.35524,-30.753766459327757,41.322,-49.61151123046875
13:14:01.179252,0.35524,-30.753766459327757,41.322,-49.61151123046875
13:14:01.184290,0.35524,-29.53194944272619,41.268,-48.24920654296875
13:14:01.189522,0.35524,-29.53194944272619,41.268,-48.24920654296875
13:14:01.194125,0.35524,-29.53194944272619,41.268,-48.24920654296875
13:14:01.199073,0.35524,-29.53194944272619,41.268,-48.24920654296875
13:14:01.204100,0.35524,-29.53194944272619,41.268,-48.24920654296875
13:14:01.209047,0.35524,-29.53194944272619,41.268,-48.24920654296875
13:14:01.214243,0.33063,-29.53194944272619,40.812,-46.92329406738281
13:14:01.219062,0.33063,-29.142941874366816,40.812,-46.92329406738281
13:14:01.224070,0.33063,-29.142941874366816,40.812,-46.92329406738281
13:14:01.229071,0.33063,-29.142941874366816,40.812,-46.92329406738281
13:14:01.234455,0.33063,-29.142941874366816,40.812,-46.92329406738281
13:14:01.239304,0.33063,-29.142941874366816,40.812,-46.92329406738281
13:14:01.244127,0.33063,-29.142941874366816,40.812,-46.92329406738281
13:14:01.249061,0.34454,-28.68270627866369,40.43399999999999,-45.63034057617188
13:14:01.254053,0.34454,-28.68270627866369,40.43399999999999,-45.63034057617188
13:14:01.259064,0.34454,-28.68270627866369,40.43399999999999,-45.63034057617188
13:14:01.264060,0.34454,-28.68270627866369,40.43399999999999,-45.63034057617188
13:14:01.269058,0.34454,-28.68270627866369,40.43399999999999,-45.63034057617188
13:14:01.274084,0.34454,-28.68270627866369,40.43399999999999,-45.63034057617188
13:14:01.279469,0.33384,-27.663617533546503,41.514,-44.36553955078125
13:14:01.284023,0.33384,-27.663617533546503,41.514,-44.36553955078125
13:14:01.289065,0.33384,-27.663617533546503,41.514,-44.36553955078125
13:14:01.294092,0.33384,-27.663617533546503,41.514,-44.36553955078125
13:14:01.299083,0.33384,-27.663617533546503,41.514,-44.36553955078125
13:14:01.304061,0.33384,-27.663617533546503,41.514,-44.36553955078125
13:14:01.309111,0.33384,-27.663617533546503,41.514,-44.36553955078125
13:14:01.314056,0.32742,-27.78962461362463,41.022,-43.05473327636719
13:14:01.319060,0.32742,-27.78962461362463,41.022,-43.05473327636719
13:14:01.324058,0.32742,-27.78962461362463,41.022,-43.05473327636719
13:14:01.329085,0.32742,-27.78962461362463,41.022,-43.05473327636719
13:14:01.334085,0.32742,-27.78962461362463,41.022,-43.05473327636719
13:14:01.339055,0.32742,-27.78962461362463,41.022,-43.05473327636719
13:14:01.344370,0.32314,-27.78962461362463,41.190000000000005,-41.69380187988281
13:14:01.349045,0.32314,-26.956830424171503,41.190000000000005,-41.69380187988281
13:14:01.354053,0.32314,-26.956830424171503,41.190000000000005,-41.69380187988281
13:14:01.359069,0.32314,-26.956830424171503,41.190000000000005,-41.69380187988281
13:14:01.364088,0.32314,-26.956830424171503,41.190000000000005,-41.69380187988281
13:14:01.369066,0.32314,-26.956830424171503,41.190000000000005,-41.69380187988281
13:14:01.374068,0.32314,-26.956830424171503,41.190000000000005,-41.69380187988281
13:14:01.379059,0.31993,-26.09113828549963,41.868,-40.4022216796875
13:14:01.384175,0.31993,-26.09113828549963,41.868,-40.4022216796875
13:14:01.389037,0.31993,-26.09113828549963,41.868,-40.4022216796875
13:14:01.394056,0.31993,-26.09113828549963,41.868,-40.4022216796875
13:14:01.399058,0.31993,-26.09113828549963,41.868,-40.4022216796875
13:14:01.404083,0.31993,-26.09113828549963,41.868,-40.4022216796875
13:14:01.409272,0.30923,-24.88575498471838,41.874,-39.162139892578125
13:14:01.414084,0.30923,-24.88575498471838,41.874,-39.162139892578125
13:14:01.419045,0.30923,-24.88575498471838,41.874,-39.162139892578125
13:14:01.424061,0.30923,-24.88575498471838,41.874,-39.162139892578125
13:14:01.429082,0.30923,-24.88575498471838,41.874,-39.162139892578125
13:14:01.434092,0.30923,-24.88575498471838,41.874,-39.162139892578125
13:14:01.439065,0.30923,-24.88575498471838,41.874,-39.162139892578125
13:14:01.444259,0.30174,-24.50222532163244,41.598,-37.86918640136719
13:14:01.449089,0.30174,-24.50222532163244,41.598,-37.86918640136719
13:14:01.454070,0.30174,-24.50222532163244,41.598,-37.86918640136719
13:14:01.459062,0.30174,-24.50222532163244,41.598,-37.86918640136719
13:14:01.464094,0.30174,-24.50222532163244,41.598,-37.86918640136719
13:14:01.469088,0.30174,-24.50222532163244,41.598,-37.86918640136719
13:14:01.474403,0.29318,-24.754269999366816,40.968,-36.541900634765625
13:14:01.479378,0.29318,-24.754269999366816,40.968,-36.541900634765625
13:14:01.484384,0.29318,-24.754269999366816,40.968,-36.541900634765625
13:14:01.489316,0.29318,-24.754269999366816,40.968,-36.541900634765625
13:14:01.494366,0.29318,-24.754269999366816,40.968,-36.541900634765625
13:14:01.499381,0.29318,-24.754269999366816,40.968,-36.541900634765625
13:14:01.504392,0.29318,-24.754269999366816,40.968,-36.541900634765625
13:14:01.509142,0.28141,-23.291379374366816,40.938,-35.20088195800781
13:14:01.514093,0.28141,-23.291379374366816,40.938,-35.20088195800781
13:14:01.519066,0.28141,-23.291379374366816,40.938,-35.20088195800781
13:14:01.524063,0.28141,-23.291379374366816,40.938,-35.20088195800781
13:14:01.529082,0.28141,-23.291379374366816,40.938,-35.20088195800781
13:14:01.534071,0.28141,-23.291379374366816,40.938,-35.20088195800781
13:14:01.539462,0.28034,-22.03120176206213,41.712,-33.93402099609375
13:14:01.544065,0.28034,-22.03120176206213,41.712,-33.93402099609375
13:14:01.549067,0.28034,-22.03120176206213,41.712,-33.93402099609375
13:14:01.554042,0.28034,-22.03120176206213,41.712,-33.93402099609375
13:14:01.559059,0.28034,-22.03120176206213,41.712,-33.93402099609375
13:14:01.564072,0.28034,-22.03120176206213,41.712,-33.93402099609375
13:14:01.569117,0.28034,-22.03120176206213,41.712,-33.93402099609375
13:14:01.574151,0.28355,-22.064069193702757,41.022,-32.699432373046875
13:14:01.579073,0.28355,-22.064069193702757,41.022,-32.699432373046875
13:14:01.584061,0.28355,-22.064069193702757,41.022,-32.699432373046875
13:14:01.589190,0.28355,-22.064069193702757,41.022,-32.699432373046875
13:14:01.594063,0.28355,-22.064069193702757,41.022,-32.699432373046875
13:14:01.599026,0.28355,-22.064069193702757,41.022,-32.699432373046875
13:14:01.604145,0.2675,-21.79560605893713,40.83,-31.337127685546875
13:14:01.609058,0.2675,-21.79560605893713,40.83,-31.337127685546875
13:14:01.614049,0.2675,-21.79560605893713,40.83,-31.337127685546875
13:14:01.619090,0.2675,-21.79560605893713,40.83,-31.337127685546875
13:14:01.624061,0.2675,-21.79560605893713,40.83,-31.337127685546875
13:14:01.629060,0.2675,-21.79560605893713,40.83,-31.337127685546875
13:14:01.634069,0.2675,-21.79560605893713,40.83,-31.337127685546875
13:14:01.639071,0.25787,-20.16834775815588,40.908,-30.02975463867188
13:14:01.644058,0.25787,-20.16834775815588,40.908,-30.02975463867188
13:14:01.649070,0.25787,-20.16834775815588,40.908,-30.02975463867188
13:14:01.654071,0.25787,-20.16834775815588,40.908,-30.02975463867188
13:14:01.659089,0.25787,-20.16834775815588,40.908,-30.02975463867188
13:14:01.664039,0.25787,-20.16834775815588,40.908,-30.02975463867188
13:14:01.669107,0.26429,-19.24239866147619,41.1,-28.794479370117188
13:14:01.674061,0.26429,-19.24239866147619,41.1,-28.794479370117188
13:14:01.679190,0.26429,-19.24239866147619,41.1,-28.794479370117188
13:14:01.684116,0.26429,-19.24239866147619,41.1,-28.794479370117188
13:14:01.689106,0.26429,-19.24239866147619,41.1,-28.794479370117188
13:14:01.694219,0.26429,-19.24239866147619,41.1,-28.794479370117188
13:14:01.699088,0.26429,-19.24239866147619,41.1,-28.794479370117188
13:14:01.704119,0.25145,-18.738324564796503,41.544,-27.520065307617188
13:14:01.709056,0.25145,-18.738324564796503,41.544,-27.520065307617188
13:14:01.714061,0.25145,-18.738324564796503,41.544,-27.520065307617188
13:14:01.719065,0.25145,-18.738324564796503,41.544,-27.520065307617188
13:14:01.724084,0.25145,-18.738324564796503,41.544,-27.520065307617188
13:14:01.729068,0.25145,-18.738324564796503,41.544,-27.520065307617188
13:14:01.734119,0.23754,-18.79859678159338,41.28600000000001,-26.208572387695312
13:14:01.739108,0.23754,-18.79859678159338,41.28600000000001,-26.208572387695312
13:14:01.744056,0.23754,-18.79859678159338,41.28600000000001,-26.208572387695312
13:14:01.749058,0.23754,-18.79859678159338,41.28600000000001,-26.208572387695312
13:14:01.754126,0.23754,-18.79859678159338,41.28600000000001,-26.208572387695312
13:14:01.759058,0.23754,-18.79859678159338,41.28600000000001,-26.208572387695312
13:14:01.764412,0.23754,-18.79859678159338,41.28600000000001,-26.208572387695312
13:14:01.769192,0.24075,-17.154889506202753,40.884,-24.86480712890625
13:14:01.774070,0.24075,-17.154889506202753,40.884,-24.86480712890625
13:14:01.779033,0.24075,-17.154889506202753,40.884,-24.86480712890625
13:14:01.784042,0.24075,-17.154889506202753,40.884,-24.86480712890625
13:14:01.789085,0.24075,-17.154889506202753,40.884,-24.86480712890625
13:14:01.794136,0.24075,-17.154889506202753,40.884,-24.86480712890625
13:14:01.799143,0.22791,-15.839932841163687,40.632,-23.55537414550781
13:14:01.804072,0.22791,-15.839932841163687,40.632,-23.55537414550781
13:14:01.809070,0.22791,-15.839932841163687,40.632,-23.55537414550781
13:14:01.814088,0.22791,-15.839932841163687,40.632,-23.55537414550781
13:14:01.819073,0.22791,-15.839932841163687,40.632,-23.55537414550781
13:14:01.824061,0.22791,-15.839932841163687,40.632,-23.55537414550781
13:14:01.829069,0.22791,-15.839932841163687,40.632,-23.55537414550781
13:14:01.834109,0.22149,-15.609815043312128,41.298,-22.25692749023437
13:14:01.839062,0.22149,-15.609815043312128,41.298,-22.25692749023437
13:14:01.844088,0.22149,-15.609815043312128,41.298,-22.25692749023437
13:14:01.849056,0.22149,-15.609815043312128,41.298,-22.25692749023437
13:14:01.854088,0.22149,-15.609815043312128,41.298,-22.25692749023437
13:14:01.859067,0.22149,-15.609815043312128,41.298,-22.25692749023437
13:14:01.864408,0.20437,-15.226285380226187,41.46,-20.961227416992188
13:14:01.869051,0.20437,-15.226285380226187,41.46,-20.961227416992188
13:14:01.874055,0.20437,-15.226285380226187,41.46,-20.961227416992188
13:14:01.879042,0.20437,-15.226285380226187,41.46,-20.961227416992188
13:14:01.884070,0.20437,-15.226285380226187,41.46,-20.961227416992188
13:14:01.889070,0.20437,-15.226285380226187,41.46,-20.961227416992188
13:14:01.894127,0.20437,-15.226285380226187,41.46,-20.961227416992188
13:14:01.899110,0.214,-13.971600931984002,40.968,-19.587936401367188
13:14:01.904067,0.214,-13.971600931984002,40.968,-19.587936401367188
13:14:01.909064,0.214,-13.971600931984002,40.968,-19.587936401367188
13:14:01.914057,0.214,-13.971600931984002,40.968,-19.587936401367188
13:14:01.919089,0.214,-13.971600931984002,40.968,-19.587936401367188
13:14:01.924130,0.214,-13.971600931984002,40.968,-19.587936401367188
13:14:01.929232,0.18939,-12.88674680600744,40.716,-18.298416137695312
13:14:01.934062,0.18939,-12.88674680600744,40.716,-18.298416137695312
13:14:01.939054,0.18939,-12.88674680600744,40.716,-18.298416137695312
13:14:01.944094,0.18939,-12.88674680600744,40.716,-18.298416137695312
13:14:01.949061,0.18939,-12.88674680600744,40.716,-18.298416137695312
13:14:01.954067,0.18939,-12.88674680600744,40.716,-18.298416137695312
13:14:01.959069,0.18939,-12.88674680600744,40.716,-18.298416137695312
13:14:01.964123,0.18618,-12.234754008155877,41.736,-17.063140869140625
13:14:01.969065,0.18618,-12.234754008155877,41.736,-17.063140869140625
13:14:01.974084,0.18618,-12.234754008155877,41.736,-17.063140869140625
13:14:01.979082,0.18618,-12.234754008155877,41.736,-17.063140869140625
13:14:01.984070,0.18618,-12.234754008155877,41.736,-17.063140869140625
13:14:01.989069,0.18618,-12.234754008155877,41.736,-17.063140869140625
13:14:01.994432,0.18725,-11.434811991554314,41.208,-15.77293395996094
13:14:01.999068,0.18725,-11.434811991554314,41.208,-15.77293395996094
13:14:02.004073,0.18725,-11.434811991554314,41.208,-15.77293395996094
13:14:02.009041,0.18725,-11.434811991554314,41.208,-15.77293395996094
13:14:02.014088,0.18725,-11.434811991554314,41.208,-15.77293395996094
13:14:02.019082,0.18725,-11.434811991554314,41.208,-15.77293395996094
13:14:02.024083,0.18725,-11.434811991554314,41.208,-15.77293395996094
13:14:02.029276,0.16906,-10.81020872006994,40.854,-14.435348510742186
13:14:02.034131,0.16906,-10.81020872006994,40.854,-14.435348510742186
13:14:02.039090,0.16906,-10.81020872006994,40.854,-14.435348510742186
13:14:02.044089,0.16906,-10.81020872006994,40.854,-14.435348510742186
13:14:02.049083,0.16906,-10.81020872006994,40.854,-14.435348510742186
13:14:02.054083,0.16906,-10.81020872006994,40.854,-14.435348510742186
13:14:02.059433,0.15729,-9.292523783546502,40.254,-13.149261474609377
13:14:02.064249,0.15729,-9.292523783546502,40.254,-13.149261474609377
13:14:02.069059,0.15729,-9.292523783546502,40.254,-13.149261474609377
13:14:02.074083,0.15729,-9.292523783546502,40.254,-13.149261474609377
13:14:02.079069,0.15729,-9.292523783546502,40.254,-13.149261474609377
13:14:02.084058,0.15729,-9.292523783546502,40.254,-13.149261474609377
13:14:02.089088,0.15729,-9.292523783546502,40.254,-13.149261474609377
13:14:02.094129,0.16371,-8.941876810890252,41.022,-11.8377685546875
13:14:02.099165,0.16371,-8.941876810890252,41.022,-11.8377685546875
13:14:02.104063,0.16371,-8.941876810890252,41.022,-11.8377685546875
13:14:02.109058,0.16371,-8.941876810890252,41.022,-11.8377685546875
13:14:02.114072,0.16371,-8.941876810890252,41.022,-11.8377685546875
13:14:02.119072,0.16371,-8.941876810890252,41.022,-11.8377685546875
13:14:02.124326,0.15301,-7.665265482765252,41.39999999999999,-10.54962158203125
13:14:02.129053,0.15301,-7.665265482765252,41.39999999999999,-10.54962158203125
13:14:02.134040,0.15301,-7.665265482765252,41.39999999999999,-10.54962158203125
13:14:02.139089,0.15301,-7.665265482765252,41.39999999999999,-10.54962158203125
13:14:02.144085,0.15301,-7.665265482765252,41.39999999999999,-10.54962158203125
13:14:02.149084,0.15301,-7.665265482765252,41.39999999999999,-10.54962158203125
13:14:02.154114,0.15301,-7.665265482765252,41.39999999999999,-10.54962158203125
13:14:02.159420,0.14659,-7.352963847023065,40.638,-9.264907836914062
13:14:02.164289,0.14659,-7.352963847023065,40.638,-9.264907836914062
13:14:02.169312,0.14659,-7.352963847023065,40.638,-9.264907836914062
13:14:02.174111,0.14659,-7.352963847023065,40.638,-9.264907836914062
13:14:02.179069,0.14659,-7.352963847023065,40.638,-9.264907836914062
13:14:02.184083,0.14659,-7.352963847023065,40.638,-9.264907836914062
13:14:02.189589,0.12947,-6.388654154640252,40.638,-7.908096313476562
13:14:02.194058,0.12947,-6.388654154640252,40.638,-7.908096313476562
13:14:02.199061,0.12947,-6.388654154640252,40.638,-7.908096313476562
13:14:02.204205,0.12947,-6.388654154640252,40.638,-7.908096313476562
13:14:02.209053,0.12947,-6.388654154640252,40.638,-7.908096313476562
13:14:02.214055,0.12947,-6.388654154640252,40.638,-7.908096313476562
13:14:02.219045,0.12947,-6.388654154640252,40.638,-7.908096313476562
13:14:02.224137,0.12412,-5.396954935890252,41.406000000000006,-6.6336822509765625
13:14:02.229066,0.12412,-5.396954935890252,41.406000000000006,-6.6336822509765625
13:14:02.234068,0.12412,-5.396954935890252,41.406000000000006,-6.6336822509765625
13:14:02.239061,0.12412,-5.396954935890252,41.406000000000006,-6.6336822509765625
13:14:02.244082,0.12412,-5.396954935890252,41.406000000000006,-6.6336822509765625
13:14:02.249073,0.12412,-5.396954935890252,41.406000000000006,-6.6336822509765625
13:14:02.254103,0.1177,-3.977902811866815,41.268,-5.35308837890625
13:14:02.259062,0.1177,-3.977902811866815,41.268,-5.35308837890625
13:14:02.264060,0.1177,-3.977902811866815,41.268,-5.35308837890625
13:14:02.269068,0.1177,-3.977902811866815,41.268,-5.35308837890625
13:14:02.274067,0.1177,-3.977902811866815,41.268,-5.35308837890625
13:14:02.279071,0.1177,-3.977902811866815,41.268,-5.35308837890625
13:14:02.284104,0.1177,-3.977902811866815,41.268,-5.35308837890625
13:14:02.289233,0.11877,-3.6765569866715024,41.214000000000006,-4.0821075439453125
13:14:02.294096,0.11877,-3.6765569866715024,41.214000000000006,-4.0821075439453125
13:14:02.299090,0.11877,-3.6765569866715024,41.214000000000006,-4.0821075439453125
13:14:02.304061,0.11877,-3.6765569866715024,41.214000000000006,-4.0821075439453125
13:14:02.309197,0.11877,-3.6765569866715024,41.214000000000006,-4.0821075439453125
13:14:02.314058,0.11877,-3.6765569866715024,41.214000000000006,-4.0821075439453125
13:14:02.319224,0.107,-2.931409281593377,40.902,-2.698516845703125
13:14:02.324070,0.107,-2.931409281593377,40.902,-2.698516845703125
13:14:02.329046,0.107,-2.931409281593377,40.902,-2.698516845703125
13:14:02.334071,0.107,-2.931409281593377,40.902,-2.698516845703125
13:14:02.339089,0.107,-2.931409281593377,40.902,-2.698516845703125
13:14:02.344082,0.107,-2.931409281593377,40.902,-2.698516845703125
13:14:02.349122,0.107,-2.931409281593377,40.902,-2.698516845703125
13:14:02.354112,0.0963,-1.7095922649918147,40.968,-1.4453887939453125
13:14:02.359072,0.0963,-1.7095922649918147,40.968,-1.4453887939453125
13:14:02.364059,0.0963,-1.7095922649918147,40.968,-1.4453887939453125
13:14:02.369119,0.0963,-1.7095922649918147,40.968,-1.4453887939453125
13:14:02.374046,0.0963,-1.7095922649918147,40.968,-1.4453887939453125
13:14:02.379031,0.0963,-1.7095922649918147,40.968,-1.4453887939453125
13:14:02.384119,0.08881,-0.6247533978043147,41.328,-0.14007568359375
13:14:02.389071,0.08881,-0.6247533978043147,41.328,-0.14007568359375
13:14:02.394066,0.08881,-0.6247533978043147,41.328,-0.14007568359375
13:14:02.399073,0.08881,-0.6247533978043147,41.328,-0.14007568359375
13:14:02.404057,0.08881,-0.6247533978043147,41.328,-0.14007568359375
13:14:02.409071,0.08881,-0.6247533978043147,41.328,-0.14007568359375
13:14:02.414271,0.08881,-0.6247533978043147,41.328,-0.14007568359375
13:14:02.419083,0.08453,0.1587549029769352,40.386,1.1432647705078125
13:14:02.424064,0.08453,0.1587549029769352,40.386,1.1432647705078125
13:14:02.429064,0.08453,0.1587549029769352,40.386,1.1432647705078125
13:14:02.434083,0.08453,0.1587549029769352,40.386,1.1432647705078125
13:14:02.439072,0.08453,0.1587549029769352,40.386,1.1432647705078125
13:14:02.444069,0.08453,0.1587549029769352,40.386,1.1432647705078125
13:14:02.450548,0.06848,0.3888727008284978,40.584,2.4884033203125
13:14:02.454031,0.06848,0.3888727008284978,40.584,2.4884033203125
13:14:02.459065,0.06848,0.3888727008284978,40.584,2.4884033203125
13:14:02.464071,0.06848,0.3888727008284978,40.584,2.4884033203125
13:14:02.469083,0.06848,0.3888727008284978,40.584,2.4884033203125
13:14:02.474083,0.06848,0.3888727008284978,40.584,2.4884033203125
13:14:02.479115,0.06848,0.3888727008284978,40.584,2.4884033203125
13:14:02.484406,0.06313,2.10379274477381,40.524,3.812942504882813
13:14:02.489263,0.06313,2.10379274477381,40.524,3.812942504882813
13:14:02.494107,0.06313,2.10379274477381,40.524,3.812942504882813
13:14:02.499125,0.06313,2.10379274477381,40.524,3.812942504882813
13:14:02.504092,0.06313,2.10379274477381,40.524,3.812942504882813
13:14:02.509062,0.06313,2.10379274477381,40.524,3.812942504882813
13:14:02.514267,0.06741,2.10379274477381,40.494,5.107955932617188
13:14:02.519188,0.06741,2.95303590883631,40.494,5.107955932617188
13:14:02.524067,0.06741,2.95303590883631,40.494,5.107955932617188
13:14:02.529094,0.06741,2.95303590883631,40.494,5.107955932617188
13:14:02.534118,0.06741,2.95303590883631,40.494,5.107955932617188
13:14:02.539041,0.06741,2.95303590883631,40.494,5.107955932617188
13:14:02.544048,0.06741,2.95303590883631,40.494,5.107955932617188
13:14:02.549162,0.04815,3.747500020164435,40.83,6.3700103759765625
13:14:02.554085,0.04815,3.747500020164435,40.83,6.3700103759765625
13:14:02.559100,0.04815,3.747500020164435,40.83,6.3700103759765625
13:14:02.564061,0.04815,3.747500020164435,40.83,6.3700103759765625
13:14:02.569072,0.04815,3.747500020164435,40.83,6.3700103759765625
13:14:02.574081,0.04815,3.747500020164435,40.83,6.3700103759765625
13:14:02.579545,0.03959,3.857073384422248,39.94799999999999,7.662277221679688
13:14:02.584110,0.03959,3.857073384422248,39.94799999999999,7.662277221679688
13:14:02.589041,0.03959,3.857073384422248,39.94799999999999,7.662277221679688
13:14:02.594064,0.03959,3.857073384422248,39.94799999999999,7.662277221679688
13:14:02.599105,0.03959,3.857073384422248,39.94799999999999,7.662277221679688
13:14:02.604069,0.03959,3.857073384422248,39.94799999999999,7.662277221679688
13:14:02.609063,0.03959,3.857073384422248,39.94799999999999,7.662277221679688
13:14:02.614134,0.0428,5.511736470359748,40.05,8.972396850585938
13:14:02.619199,0.0428,5.511736470359748,40.05,8.972396850585938
13:14:02.624052,0.0428,5.511736470359748,40.05,8.972396850585938
13:14:02.629057,0.0428,5.511736470359748,40.05,8.972396850585938
13:14:02.634084,0.0428,5.511736470359748,40.05,8.972396850585938
13:14:02.639073,0.0428,5.511736470359748,40.05,8.972396850585938
13:14:02.644368,0.03638,6.295229512351935,40.524,10.290756225585938
13:14:02.649056,0.03638,6.295229512351935,40.524,10.290756225585938
13:14:02.654042,0.03638,6.295229512351935,40.524,10.290756225585938
13:14:02.659087,0.03638,6.295229512351935,40.524,10.290756225585938
13:14:02.664062,0.03638,6.295229512351935,40.524,10.290756225585938
13:14:02.669063,0.03638,6.295229512351935,40.524,10.290756225585938
13:14:02.674072,0.03638,6.295229512351935,40.524,10.290756225585938
13:14:02.679145,0.01498,7.34720094789881,41.43,11.561737060546877
13:14:02.684094,0.01498,7.34720094789881,41.43,11.561737060546877
13:14:02.689108,0.01498,7.34720094789881,41.43,11.561737060546877
13:14:02.694112,0.01498,7.34720094789881,41.43,11.561737060546877
13:14:02.699114,0.01498,7.34720094789881,41.43,11.561737060546877
13:14:02.704097,0.01498,7.34720094789881,41.43,11.561737060546877
13:14:02.709106,0.01712,7.544436055320685,40.74,12.800445556640623
13:14:02.714071,0.01712,7.544436055320685,40.74,12.800445556640623
13:14:02.719065,0.01712,7.544436055320685,40.74,12.800445556640623
13:14:02.724230,0.01712,7.544436055320685,40.74,12.800445556640623
13:14:02.729038,0.01712,7.544436055320685,40.74,12.800445556640623
13:14:02.734055,0.01712,7.544436055320685,40.74,12.800445556640623
13:14:02.739044,0.01712,7.544436055320685,40.74,12.800445556640623
13:14:02.744072,0.00856,8.826525288719123,40.5,14.162063598632812
13:14:02.749056,0.00856,8.826525288719123,40.5,14.162063598632812
13:14:02.754059,0.00856,8.826525288719123,40.5,14.162063598632812
13:14:02.759066,0.00856,8.826525288719123,40.5,14.162063598632812
13:14:02.764064,0.00856,8.826525288719123,40.5,14.162063598632812
13:14:02.769091,0.00856,8.826525288719123,40.5,14.162063598632812
13:14:02.774099,-0.0,9.999025899070686,40.824,15.448150634765623
13:14:02.779037,-0.0,9.999025899070686,40.824,15.448150634765623
13:14:02.784047,-0.0,9.999025899070686,40.824,15.448150634765623
13:14:02.789064,-0.0,9.999025899070686,40.824,15.448150634765623
13:14:02.794069,-0.0,9.999025899070686,40.824,15.448150634765623
13:14:02.799058,-0.0,9.999025899070686,40.824,15.448150634765623
13:14:02.804067,-0.0,9.999025899070686,40.824,15.448150634765623
13:14:02.809124,-0.00107,10.377077656883186,40.776,16.753463745117188
13:14:02.814058,-0.00107,10.377077656883186,40.776,16.753463745117188
13:14:02.819064,-0.00107,10.377077656883186,40.776,16.753463745117188
13:14:02.824058,-0.00107,10.377077656883186,40.776,16.753463745117188
13:14:02.829232,-0.00107,10.377077656883186,40.776,16.753463745117188
13:14:02.834067,-0.00107,10.377077656883186,40.776,16.753463745117188
13:14:02.839107,-0.00107,11.57150514711756,40.422,18.05259704589844
13:14:02.844062,-0.00107,11.57150514711756,40.422,18.05259704589844
13:14:02.849032,-0.00107,11.57150514711756,40.422,18.05259704589844
13:14:02.854071,-0.00107,11.57150514711756,40.422,18.05259704589844
13:14:02.859094,-0.00107,11.57150514711756,40.422,18.05259704589844
13:14:02.864057,-0.00107,11.57150514711756,40.422,18.05259704589844
13:14:02.869064,-0.00107,11.57150514711756,40.422,18.05259704589844
13:14:02.874167,-0.00749,12.097490864890998,40.164,19.331130981445312
13:14:02.879065,-0.00749,12.097490864890998,40.164,19.331130981445312
13:14:02.884056,-0.00749,12.097490864890998,40.164,19.331130981445312
13:14:02.889062,-0.00749,12.097490864890998,40.164,19.331130981445312
13:14:02.894070,-0.00749,12.097490864890998,40.164,19.331130981445312
13:14:02.899063,-0.00749,12.097490864890998,40.164,19.331130981445312
13:14:02.904099,-0.01819,13.286425191062872,40.386,20.68519592285156
13:14:02.909058,-0.01819,13.286425191062872,40.386,20.68519592285156
13:14:02.914065,-0.01819,13.286425191062872,40.386,20.68519592285156
13:14:02.919062,-0.01819,13.286425191062872,40.386,20.68519592285156
13:14:02.924087,-0.01819,13.286425191062872,40.386,20.68519592285156
13:14:02.929063,-0.01819,13.286425191062872,40.386,20.68519592285156
13:14:02.934229,-0.01819,13.286425191062872,40.386,20.68519592285156
13:14:02.939062,-0.01819,13.686403828758186,40.440000000000005,21.952056884765625
13:14:02.944063,-0.01819,13.686403828758186,40.440000000000005,21.952056884765625
13:14:02.949065,-0.01819,13.686403828758186,40.440000000000005,21.952056884765625
13:14:02.954057,-0.01819,13.686403828758186,40.440000000000005,21.952056884765625
13:14:02.959087,-0.01819,13.686403828758186,40.440000000000005,21.952056884765625
13:14:02.964073,-0.01819,13.686403828758186,40.440000000000005,21.952056884765625
13:14:02.969550,-0.0321,15.012316304344123,41.05200000000001,23.218917846679688
13:14:02.974369,-0.0321,15.012316304344123,41.05200000000001,23.218917846679688
13:14:02.979529,-0.0321,15.012316304344123,41.05200000000001,23.218917846679688
13:14:02.984690,-0.0321,15.012316304344123,41.05200000000001,23.218917846679688
13:14:02.989487,-0.0321,15.012316304344123,41.05200000000001,23.218917846679688
13:14:02.994384,-0.0321,15.012316304344123,41.05200000000001,23.218917846679688
13:14:02.999417,-0.0321,15.012316304344123,41.05200000000001,23.218917846679688
13:14:03.004347,-0.03852,15.286272603172248,40.992,24.559249877929688
13:14:03.009425,-0.03852,15.286272603172248,40.992,24.559249877929688
13:14:03.014393,-0.03852,15.286272603172248,40.992,24.559249877929688
13:14:03.019443,-0.03852,15.286272603172248,40.992,24.559249877929688
13:14:03.024315,-0.03852,15.286272603172248,40.992,24.559249877929688
13:14:03.029262,-0.03852,15.286272603172248,40.992,24.559249877929688
13:14:03.034157,-0.04601,16.45329530825037,40.308,25.88104248046875
13:14:03.039225,-0.04601,16.45329530825037,40.308,25.88104248046875
13:14:03.044298,-0.04601,16.45329530825037,40.308,25.88104248046875
13:14:03.049290,-0.04601,16.45329530825037,40.308,25.88104248046875
13:14:03.054336,-0.04601,16.45329530825037,40.308,25.88104248046875
13:14:03.059335,-0.04601,16.45329530825037,40.308,25.88104248046875
13:14:03.064388,-0.04601,16.45329530825037,40.308,25.88104248046875
13:14:03.069309,-0.05136,16.92448671450037,40.746,27.176742553710938
13:14:03.074353,-0.05136,16.92448671450037,40.746,27.176742553710938
13:14:03.079433,-0.05136,16.92448671450037,40.746,27.176742553710938
13:14:03.084349,-0.05136,16.92448671450037,40.746,27.176742553710938
13:14:03.089246,-0.05136,16.92448671450037,40.746,27.176742553710938
13:14:03.094292,-0.05136,16.92448671450037,40.746,27.176742553710938
13:14:03.099131,-0.04922,18.25039919008631,40.8,28.42369079589844
13:14:03.104066,-0.04922,18.25039919008631,40.8,28.42369079589844
13:14:03.109041,-0.04922,18.25039919008631,40.8,28.42369079589844
13:14:03.114105,-0.04922,18.25039919008631,40.8,28.42369079589844
13:14:03.119067,-0.04922,18.25039919008631,40.8,28.42369079589844
13:14:03.124046,-0.04922,18.25039919008631,40.8,28.42369079589844
13:14:03.129057,-0.04922,18.25039919008631,40.8,28.42369079589844
13:14:03.134085,-0.05671,18.84213502993006,40.086000000000006,29.74960327148437
13:14:03.139176,-0.05671,18.84213502993006,40.086000000000006,29.74960327148437
13:14:03.144059,-0.05671,18.84213502993006,40.086000000000006,29.74960327148437
13:14:03.149070,-0.05671,18.84213502993006,40.086000000000006,29.74960327148437
13:14:03.154083,-0.05671,18.84213502993006,40.086000000000006,29.74960327148437
13:14:03.159069,-0.05671,18.84213502993006,40.086000000000006,29.74960327148437
13:14:03.164721,-0.0738299999999999,18.84213502993006,40.5,31.06040954589844
13:14:03.169059,-0.0738299999999999,18.84213502993006,40.5,31.06040954589844
13:14:03.174090,-0.0738299999999999,18.84213502993006,40.5,31.06040954589844
13:14:03.179067,-0.0738299999999999,18.84213502993006,40.5,31.06040954589844
13:14:03.184106,-0.0738299999999999,18.84213502993006,40.5,31.06040954589844
13:14:03.189061,-0.0738299999999999,18.84213502993006,40.5,31.06040954589844
13:14:03.194059,-0.0738299999999999,18.84213502993006,40.5,31.06040954589844
13:14:03.199097,-0.07276,20.321474629539438,40.47,32.405548095703125
13:14:03.204068,-0.07276,20.321474629539438,40.47,32.405548095703125
13:14:03.209085,-0.07276,20.321474629539438,40.47,32.405548095703125
13:14:03.214066,-0.07276,20.321474629539438,40.47,32.405548095703125
13:14:03.219060,-0.07276,20.321474629539438,40.47,32.405548095703125
13:14:03.224110,-0.07276,20.321474629539438,40.47,32.405548095703125
13:14:03.229356,-0.0738299999999999,21.230974751609747,40.476,33.690948486328125
13:14:03.234059,-0.0738299999999999,21.230974751609747,40.476,33.690948486328125
13:14:03.239060,-0.0738299999999999,21.230974751609747,40.476,33.690948486328125
13:14:03.244248,-0.0738299999999999,21.230974751609747,40.476,33.690948486328125
13:14:03.249058,-0.0738299999999999,21.230974751609747,40.476,33.690948486328125
13:14:03.254055,-0.0738299999999999,21.230974751609747,40.476,33.690948486328125
13:14:03.259092,-0.0738299999999999,21.230974751609747,40.476,33.690948486328125
13:14:03.264153,-0.08988,21.93229921450037,40.614,34.94476318359375
13:14:03.269067,-0.08988,21.93229921450037,40.614,34.94476318359375
13:14:03.274067,-0.08988,21.93229921450037,40.614,34.94476318359375
13:14:03.279068,-0.08988,21.93229921450037,40.614,34.94476318359375
13:14:03.284062,-0.08988,21.93229921450037,40.614,34.94476318359375
13:14:03.289086,-0.08988,21.93229921450037,40.614,34.94476318359375
13:14:03.294167,-0.08774,21.74052675356287,40.254,36.28303527832031
13:14:03.299096,-0.08774,21.74052675356287,40.254,36.28303527832031
13:14:03.304063,-0.08774,21.74052675356287,40.254,36.28303527832031
13:14:03.309065,-0.08774,21.74052675356287,40.254,36.28303527832031
13:14:03.314083,-0.08774,21.74052675356287,40.254,36.28303527832031
13:14:03.319085,-0.08774,21.74052675356287,40.254,36.28303527832031
13:14:03.324094,-0.08774,21.74052675356287,40.254,36.28303527832031
13:14:03.329483,-0.09202,23.15411623110193,39.894,37.560882568359375
13:14:03.334092,-0.09202,23.15411623110193,39.894,37.560882568359375
13:14:03.339058,-0.09202,23.15411623110193,39.894,37.560882568359375
13:14:03.344062,-0.09202,23.15411623110193,39.894,37.560882568359375
13:14:03.349236,-0.09202,23.15411623110193,39.894,37.560882568359375
13:14:03.354054,-0.09202,23.15411623110193,39.894,37.560882568359375
13:14:03.359129,-0.10379,24.00883730043787,41.022,38.89228820800781
13:14:03.364084,-0.10379,24.00883730043787,41.022,38.89228820800781
13:14:03.369082,-0.10379,24.00883730043787,41.022,38.89228820800781
13:14:03.374062,-0.10379,24.00883730043787,41.022,38.89228820800781
13:14:03.379064,-0.10379,24.00883730043787,41.022,38.89228820800781
13:14:03.384072,-0.10379,24.00883730043787,41.022,38.89228820800781
13:14:03.389083,-0.10379,24.00883730043787,41.022,38.89228820800781
13:14:03.394088,-0.10593,24.710146504539438,39.786,40.20240783691406
13:14:03.399049,-0.10593,24.710146504539438,39.786,40.20240783691406
13:14:03.404054,-0.10593,24.710146504539438,39.786,40.20240783691406
13:14:03.409069,-0.10593,24.710146504539438,39.786,40.20240783691406
13:14:03.414068,-0.10593,24.710146504539438,39.786,40.20240783691406
13:14:03.419068,-0.10593,24.710146504539438,39.786,40.20240783691406
13:14:03.424367,-0.10914,24.55125673403162,40.938,41.48780822753906
13:14:03.429238,-0.10914,24.55125673403162,40.938,41.48780822753906
13:14:03.434085,-0.10914,24.55125673403162,40.938,41.48780822753906
13:14:03.439082,-0.10914,24.55125673403162,40.938,41.48780822753906
13:14:03.444068,-0.10914,24.55125673403162,40.938,41.48780822753906
13:14:03.449235,-0.10914,24.55125673403162,40.938,41.48780822753906
13:14:03.454057,-0.10914,24.55125673403162,40.938,41.48780822753906
13:14:03.459121,-0.1177,26.008669453758184,39.978,42.769775390625
13:14:03.464051,-0.1177,26.008669453758184,39.978,42.769775390625
13:14:03.469063,-0.1177,26.008669453758184,39.978,42.769775390625
13:14:03.474093,-0.1177,26.008669453758184,39.978,42.769775390625
13:14:03.479071,-0.1177,26.008669453758184,39.978,42.769775390625
13:14:03.484071,-0.1177,26.008669453758184,39.978,42.769775390625
13:14:03.489801,-0.12198,26.907229024070684,40.272,44.07440185546875
13:14:03.494383,-0.12198,26.907229024070684,40.272,44.07440185546875
13:14:03.499115,-0.12198,26.907229024070684,40.272,44.07440185546875
13:14:03.504141,-0.12198,26.907229024070684,40.272,44.07440185546875
13:14:03.509087,-0.12198,26.907229024070684,40.272,44.07440185546875
13:14:03.514072,-0.12198,26.907229024070684,40.272,44.07440185546875
13:14:03.519129,-0.12198,26.907229024070684,40.272,44.07440185546875
13:14:03.524138,-0.1177,26.41411073793787,40.638,45.39756774902344
13:14:03.529087,-0.1177,26.41411073793787,40.638,45.39756774902344
13:14:03.534060,-0.1177,26.41411073793787,40.638,45.39756774902344
13:14:03.539085,-0.1177,26.41411073793787,40.638,45.39756774902344
13:14:03.544082,-0.1177,26.41411073793787,40.638,45.39756774902344
13:14:03.549242,-0.1177,26.41411073793787,40.638,45.39756774902344
13:14:03.554159,-0.13375,27.559221821922247,40.662,46.669921875
13:14:03.559064,-0.13375,27.559221821922247,40.662,46.669921875
13:14:03.564056,-0.13375,27.559221821922247,40.662,46.669921875
13:14:03.569113,-0.13375,27.559221821922247,40.662,46.669921875
13:14:03.574124,-0.13375,27.559221821922247,40.662,46.669921875
13:14:03.579095,-0.13375,27.559221821922247,40.662,46.669921875
13:14:03.584051,-0.13375,27.559221821922247,40.662,46.669921875
13:14:03.589125,-0.13696,28.39750917543787,40.968,47.98759460449219
13:14:03.594110,-0.13696,28.39750917543787,40.968,47.98759460449219
13:14:03.599110,-0.13696,28.39750917543787,40.968,47.98759460449219
13:14:03.604063,-0.13696,28.39750917543787,40.968,47.98759460449219
13:14:03.609055,-0.13696,28.39750917543787,40.968,47.98759460449219
13:14:03.614068,-0.13696,28.39750917543787,40.968,47.98759460449219
13:14:03.619168,-0.14231,29.18649538149256,40.488,49.269561767578125
13:14:03.624087,-0.14231,29.18649538149256,40.488,49.269561767578125
13:14:03.629085,-0.14231,29.18649538149256,40.488,49.269561767578125
13:14:03.634063,-0.14231,29.18649538149256,40.488,49.269561767578125
13:14:03.639082,-0.14231,29.18649538149256,40.488,49.269561767578125
13:14:03.644070,-0.14231,29.18649538149256,40.488,49.269561767578125
13:14:03.649087,-0.14231,29.18649538149256,40.488,49.269561767578125
13:14:03.654248,-0.14659,29.06595094789881,40.446,50.54054260253906
13:14:03.659055,-0.14659,29.06595094789881,40.446,50.54054260253906
13:14:03.664058,-0.14659,29.06595094789881,40.446,50.54054260253906
13:14:03.669091,-0.14659,29.06595094789881,40.446,50.54054260253906
13:14:03.674082,-0.14659,29.06595094789881,40.446,50.54054260253906
13:14:03.679068,-0.14659,29.06595094789881,40.446,50.54054260253906
13:14:03.684457,-0.13482,29.991900044578497,40.908,51.83967590332031
13:14:03.689408,-0.13482,29.991900044578497,40.908,51.83967590332031
13:14:03.694317,-0.13482,29.991900044578497,40.908,51.83967590332031
13:14:03.699117,-0.13482,29.991900044578497,40.908,51.83967590332031
13:14:03.704085,-0.13482,29.991900044578497,40.908,51.83967590332031
13:14:03.709087,-0.13482,29.991900044578497,40.908,51.83967590332031
13:14:03.714126,-0.13482,29.991900044578497,40.908,51.83967590332031
13:14:03.719103,-0.1605,30.55075319399256,40.194,53.15116882324219
13:14:03.724039,-0.1605,30.55075319399256,40.194,53.15116882324219
13:14:03.729082,-0.1605,30.55075319399256,40.194,53.15116882324219
13:14:03.734086,-0.1605,30.55075319399256,40.194,53.15116882324219
13:14:03.739067,-0.1605,30.55075319399256,40.194,53.15116882324219
13:14:03.744084,-0.1605,30.55075319399256,40.194,53.15116882324219
13:14:03.749119,-0.15729,30.983599263328497,40.554,54.47433471679688
13:14:03.754234,-0.15729,30.983599263328497,40.554,54.47433471679688
13:14:03.759105,-0.15729,30.983599263328497,40.554,54.47433471679688
13:14:03.764063,-0.15729,30.983599263328497,40.554,54.47433471679688
13:14:03.769064,-0.15729,30.983599263328497,40.554,54.47433471679688
13:14:03.774093,-0.15729,30.983599263328497,40.554,54.47433471679688
13:14:03.779108,-0.15729,30.983599263328497,40.554,54.47433471679688
13:14:03.784137,-0.15943,31.04387148012537,40.602,55.777587890625
13:14:03.789085,-0.15943,31.04387148012537,40.602,55.777587890625
13:14:03.794086,-0.15943,31.04387148012537,40.602,55.777587890625
13:14:03.799069,-0.15943,31.04387148012537,40.602,55.777587890625
13:14:03.804098,-0.15943,31.04387148012537,40.602,55.777587890625
13:14:03.809082,-0.15943,31.04387148012537,40.602,55.777587890625
13:14:03.814133,-0.17227,32.52319582094569,39.756,57.04307556152344
13:14:03.819067,-0.17227,32.52319582094569,39.756,57.04307556152344
13:14:03.824050,-0.17227,32.52319582094569,39.756,57.04307556152344
13:14:03.829090,-0.17227,32.52319582094569,39.756,57.04307556152344
13:14:03.834058,-0.17227,32.52319582094569,39.756,57.04307556152344
13:14:03.839081,-0.17227,32.52319582094569,39.756,57.04307556152344
13:14:03.844072,-0.17227,32.52319582094569,39.756,57.04307556152344
13:14:03.849096,-0.17334,32.75879152407069,41.106,58.36555480957031
13:14:03.854237,-0.17334,32.75879152407069,41.106,58.36555480957031
13:14:03.859057,-0.17334,32.75879152407069,41.106,58.36555480957031
13:14:03.864062,-0.17334,32.75879152407069,41.106,58.36555480957031
13:14:03.869086,-0.17334,32.75879152407069,41.106,58.36555480957031
13:14:03.874082,-0.17334,32.75879152407069,41.106,58.36555480957031
13:14:03.879197,-0.17762,32.06296022524256,40.626000000000005,59.657135009765625
13:14:03.884050,-0.17762,32.06296022524256,40.626000000000005,59.657135009765625
13:14:03.889056,-0.17762,32.06296022524256,40.626000000000005,59.657135009765625
13:14:03.894082,-0.17762,32.06296022524256,40.626000000000005,59.657135009765625
13:14:03.899087,-0.17762,32.06296022524256,40.626000000000005,59.657135009765625
13:14:03.904094,-0.17762,32.06296022524256,40.626000000000005,59.657135009765625
13:14:03.909060,-0.17762,32.06296022524256,40.626000000000005,59.657135009765625
13:14:03.914121,-0.17548,33.30670412172694,40.086000000000006,60.980987548828125
13:14:03.919048,-0.17548,33.30670412172694,40.086000000000006,60.980987548828125
13:14:03.924098,-0.17548,33.30670412172694,40.086000000000006,60.980987548828125
13:14:03.929070,-0.17548,33.30670412172694,40.086000000000006,60.980987548828125
13:14:03.934068,-0.17548,33.30670412172694,40.086000000000006,60.980987548828125
13:14:03.939106,-0.17548,33.30670412172694,40.086000000000006,60.980987548828125
13:14:03.944310,-0.1819,33.30670412172694,40.33200000000001,62.31101989746093
13:14:03.949272,-0.1819,34.56686647524256,40.33200000000001,62.31101989746093
13:14:03.954254,-0.1819,34.56686647524256,40.33200000000001,62.31101989746093
13:14:03.959067,-0.1819,34.56686647524256,40.33200000000001,62.31101989746093
13:14:03.964082,-0.1819,34.56686647524256,40.33200000000001,62.31101989746093
13:14:03.969089,-0.1819,34.56686647524256,40.33200000000001,62.31101989746093
13:14:03.974340,-0.1819,34.56686647524256,40.33200000000001,62.31101989746093
13:14:03.979210,-0.1819,33.827196675437875,40.224,63.59367370605469
13:14:03.984100,-0.1819,33.827196675437875,40.224,63.59367370605469
13:14:03.989095,-0.1819,33.827196675437875,40.224,63.59367370605469
13:14:03.994082,-0.1819,33.827196675437875,40.224,63.59367370605469
13:14:03.999104,-0.1819,33.827196675437875,40.224,63.59367370605469
13:14:04.004126,-0.1819,33.827196675437875,40.224,63.59367370605469
13:14:04.009416,-0.18297,34.07924135317225,40.194,64.92301940917969
13:14:04.014070,-0.18297,34.07924135317225,40.194,64.92301940917969
13:14:04.019087,-0.18297,34.07924135317225,40.194,64.92301940917969
13:14:04.024089,-0.18297,34.07924135317225,40.194,64.92301940917969
13:14:04.029061,-0.18297,34.07924135317225,40.194,64.92301940917969
13:14:04.034070,-0.18297,34.07924135317225,40.194,64.92301940917969
13:14:04.039070,-0.18297,34.07924135317225,40.194,64.92301940917969
13:14:04.044165,-0.18939,34.99423463930506,39.732000000000006,66.22764587402344
13:14:04.049220,-0.18939,34.99423463930506,39.732000000000006,66.22764587402344
13:14:04.054058,-0.18939,34.99423463930506,39.732000000000006,66.22764587402344
13:14:04.059055,-0.18939,34.99423463930506,39.732000000000006,66.22764587402344
13:14:04.064073,-0.18939,34.99423463930506,39.732000000000006,66.22764587402344
13:14:04.069044,-0.18939,34.99423463930506,39.732000000000006,66.22764587402344
13:14:04.074393,-0.1926,35.77772768129725,39.744,67.53227233886719
13:14:04.079069,-0.1926,35.77772768129725,39.744,67.53227233886719
13:14:04.084056,-0.1926,35.77772768129725,39.744,67.53227233886719
13:14:04.089061,-0.1926,35.77772768129725,39.744,67.53227233886719
13:14:04.094070,-0.1926,35.77772768129725,39.744,67.53227233886719
13:14:04.099070,-0.1926,35.77772768129725,39.744,67.53227233886719
13:14:04.104062,-0.1926,35.77772768129725,39.744,67.53227233886719
13:14:04.109282,-0.19688,35.2353082477035,39.69,68.81492614746094
13:14:04.114100,-0.19688,35.2353082477035,39.69,68.81492614746094
13:14:04.119067,-0.19688,35.2353082477035,39.69,68.81492614746094
13:14:04.124070,-0.19688,35.2353082477035,39.69,68.81492614746094
13:14:04.129060,-0.19688,35.2353082477035,39.69,68.81492614746094
13:14:04.134094,-0.19688,35.2353082477035,39.69,68.81492614746094
13:14:04.139153,-0.19153,35.2353082477035,40.33200000000001,70.10581970214844
13:14:04.144060,-0.19153,35.11476381410975,40.33200000000001,70.10581970214844
13:14:04.149223,-0.19153,35.11476381410975,40.33200000000001,70.10581970214844
13:14:04.154052,-0.19153,35.11476381410975,40.33200000000001,70.10581970214844
13:14:04.159057,-0.19153,35.11476381410975,40.33200000000001,70.10581970214844
13:14:04.164085,-0.19153,35.11476381410975,40.33200000000001,70.10581970214844
13:14:04.169137,-0.19153,35.11476381410975,40.33200000000001,70.10581970214844
13:14:04.174086,-0.20437,36.96667726625819,40.284,71.42829895019531
13:14:04.179057,-0.20437,36.96667726625819,40.284,71.42829895019531
13:14:04.184052,-0.20437,36.96667726625819,40.284,71.42829895019531
13:14:04.189065,-0.20437,36.96667726625819,40.284,71.42829895019531
13:14:04.194055,-0.20437,36.96667726625819,40.284,71.42829895019531
13:14:04.199071,-0.20437,36.96667726625819,40.284,71.42829895019531
13:14:04.204415,-0.20865,36.96667726625819,39.618,72.718505859375
13:14:04.209038,-0.20865,36.91736086000819,39.618,72.718505859375
13:14:04.214066,-0.20865,36.91736086000819,39.618,72.718505859375
13:14:04.219072,-0.20865,36.91736086000819,39.618,72.718505859375
13:14:04.224100,-0.20865,36.91736086000819,39.618,72.718505859375
13:14:04.229098,-0.20865,36.91736086000819,39.618,72.718505859375
13:14:04.234102,-0.20865,36.91736086000819,39.618,72.718505859375
13:14:04.239372,-0.21079,36.68724306215663,39.432,74.00802612304688
13:14:04.244288,-0.21079,36.68724306215663,39.432,74.00802612304688
13:14:04.249232,-0.21079,36.68724306215663,39.432,74.00802612304688
13:14:04.254039,-0.21079,36.68724306215663,39.432,74.00802612304688
13:14:04.259059,-0.21079,36.68724306215663,39.432,74.00802612304688
13:14:04.264088,-0.21079,36.68724306215663,39.432,74.00802612304688
13:14:04.269290,-0.21186,36.68724306215663,38.442,75.25154113769531
13:14:04.274055,-0.21186,37.67346437563319,38.442,75.25154113769531
13:14:04.279029,-0.21186,37.67346437563319,38.442,75.25154113769531
13:14:04.284067,-0.21186,37.67346437563319,38.442,75.25154113769531
13:14:04.289090,-0.21186,37.67346437563319,38.442,75.25154113769531
13:14:04.294072,-0.21186,37.67346437563319,38.442,75.25154113769531
13:14:04.299122,-0.21186,37.67346437563319,38.442,75.25154113769531
13:14:04.304363,-0.2247,38.292589741844125,38.082,76.49917602539062
13:14:04.309269,-0.2247,38.292589741844125,38.082,76.49917602539062
13:14:04.314432,-0.2247,38.292589741844125,38.082,76.49917602539062
13:14:04.319128,-0.2247,38.292589741844125,38.082,76.49917602539062
13:14:04.324421,-0.2247,38.292589741844125,38.082,76.49917602539062
13:14:04.329437,-0.2247,38.292589741844125,38.082,76.49917602539062
13:14:04.334398,-0.2247,38.292589741844125,38.082,76.49917602539062
13:14:04.339247,-0.22149,37.54196413149256,36.492,77.70423889160156
13:14:04.344258,-0.22149,37.54196413149256,36.492,77.70423889160156
13:14:04.349114,-0.22149,37.54196413149256,36.492,77.70423889160156
13:14:04.354325,-0.22149,37.54196413149256,36.492,77.70423889160156
13:14:04.359281,-0.22149,37.54196413149256,36.492,77.70423889160156
13:14:04.364345,-0.22149,37.54196413149256,36.492,77.70423889160156
13:14:04.369243,-0.22577,38.385729390281625,35.382,78.83651733398438
13:14:04.374366,-0.22577,38.385729390281625,35.382,78.83651733398438
13:14:04.379401,-0.22577,38.385729390281625,35.382,78.83651733398438
13:14:04.384420,-0.22577,38.385729390281625,35.382,78.83651733398438
13:14:04.389332,-0.22577,38.385729390281625,35.382,78.83651733398438
13:14:04.394374,-0.22577,38.385729390281625,35.382,78.83651733398438
13:14:04.399246,-0.22577,38.385729390281625,35.382,78.83651733398438
13:14:04.404288,-0.23647,38.385729390281625,33.989999999999995,79.991455078125
13:14:04.409362,-0.23647,38.385729390281625,33.989999999999995,79.991455078125
13:14:04.414403,-0.23647,38.385729390281625,33.989999999999995,79.991455078125
13:14:04.419332,-0.23647,38.385729390281625,33.989999999999995,79.991455078125
13:14:04.424352,-0.23647,38.385729390281625,33.989999999999995,79.991455078125
13:14:04.429292,-0.23647,38.385729390281625,33.989999999999995,79.991455078125
13:14:04.434271,-0.23326,38.4953180133285,33.198,81.07498168945312
13:14:04.439309,-0.23326,38.4953180133285,33.198,81.07498168945312
13:14:04.444333,-0.23326,38.4953180133285,33.198,81.07498168945312
13:14:04.449177,-0.23326,38.4953180133285,33.198,81.07498168945312
13:14:04.454283,-0.23326,38.4953180133285,33.198,81.07498168945312
13:14:04.459324,-0.23326,38.4953180133285,33.198,81.07498168945312
13:14:04.464358,-0.23326,38.4953180133285,33.198,81.07498168945312
13:14:04.469276,-0.23433,38.50079591860194,32.4,82.17361450195312
13:14:04.474382,-0.23433,38.50079591860194,32.4,82.17361450195312
13:14:04.479389,-0.23433,38.50079591860194,32.4,82.17361450195312
13:14:04.484407,-0.23433,38.50079591860194,32.4,82.17361450195312
13:14:04.489429,-0.23433,38.50079591860194,32.4,82.17361450195312
13:14:04.494288,-0.23433,38.50079591860194,32.4,82.17361450195312
13:14:04.499254,-0.23647,38.41311891664881,31.794,83.23379516601562
13:14:04.504283,-0.23647,38.41311891664881,31.794,83.23379516601562
13:14:04.509280,-0.23647,38.41311891664881,31.794,83.23379516601562
13:14:04.514390,-0.23647,38.41311891664881,31.794,83.23379516601562
13:14:04.519319,-0.23647,38.41311891664881,31.794,83.23379516601562
13:14:04.524354,-0.23647,38.41311891664881,31.794,83.23379516601562
13:14:04.529419,-0.23647,38.41311891664881,31.794,83.23379516601562
13:14:04.534164,-0.23005,38.84048708071131,30.834,84.22050476074219
13:14:04.539355,-0.23005,38.84048708071131,30.834,84.22050476074219
13:14:04.544185,-0.23005,38.84048708071131,30.834,84.22050476074219
13:14:04.549333,-0.23005,38.84048708071131,30.834,84.22050476074219
13:14:04.554359,-0.23005,38.84048708071131,30.834,84.22050476074219
13:14:04.559416,-0.23005,38.84048708071131,30.834,84.22050476074219
13:14:04.564376,-0.23861,38.46243532289881,29.928,85.24635314941406
13:14:04.569273,-0.23861,38.46243532289881,29.928,85.24635314941406
13:14:04.574263,-0.23861,38.46243532289881,29.928,85.24635314941406
13:14:04.579311,-0.23861,38.46243532289881,29.928,85.24635314941406
13:14:04.584383,-0.23861,38.46243532289881,29.928,85.24635314941406
13:14:04.589336,-0.23861,38.46243532289881,29.928,85.24635314941406
13:14:04.594400,-0.23861,38.46243532289881,29.928,85.24635314941406
13:14:04.599406,-0.22577,39.37195070375819,28.746,86.19735717773438
13:14:04.604415,-0.22577,39.37195070375819,28.746,86.19735717773438
13:14:04.609315,-0.22577,39.37195070375819,28.746,86.19735717773438
13:14:04.614096,-0.22577,39.37195070375819,28.746,86.19735717773438
13:14:04.619093,-0.22577,39.37195070375819,28.746,86.19735717773438
13:14:04.624062,-0.22577,39.37195070375819,28.746,86.19735717773438
13:14:04.629294,-0.22791,37.9254937945785,27.51,87.10235595703125
13:14:04.634065,-0.22791,37.9254937945785,27.51,87.10235595703125
13:14:04.639203,-0.22791,37.9254937945785,27.51,87.10235595703125
13:14:04.644071,-0.22791,37.9254937945785,27.51,87.10235595703125
13:14:04.649053,-0.22791,37.9254937945785,27.51,87.10235595703125
13:14:04.654062,-0.22791,37.9254937945785,27.51,87.10235595703125
13:14:04.659068,-0.22791,37.9254937945785,27.51,87.10235595703125
13:14:04.664156,-0.23326,39.44317873110194,27.264000000000003,87.97645568847656
13:14:04.669067,-0.23326,39.44317873110194,27.264000000000003,87.97645568847656
13:14:04.674062,-0.23326,39.44317873110194,27.264000000000003,87.97645568847656
13:14:04.679056,-0.23326,39.44317873110194,27.264000000000003,87.97645568847656
13:14:04.684072,-0.23326,39.44317873110194,27.264000000000003,87.97645568847656
13:14:04.689066,-0.23326,39.44317873110194,27.264000000000003,87.97645568847656
13:14:04.694103,-0.23968,37.55291994203944,25.998,88.84986877441406
13:14:04.699068,-0.23968,37.55291994203944,25.998,88.84986877441406
13:14:04.704092,-0.23968,37.55291994203944,25.998,88.84986877441406
13:14:04.709044,-0.23968,37.55291994203944,25.998,88.84986877441406
13:14:04.714056,-0.23968,37.55291994203944,25.998,88.84986877441406
13:14:04.719069,-0.23968,37.55291994203944,25.998,88.84986877441406
13:14:04.724070,-0.23968,37.55291994203944,25.998,88.84986877441406
13:14:04.729128,-0.24503,40.00750978578944,24.66,89.67864990234375
13:14:04.734285,-0.24503,40.00750978578944,24.66,89.67864990234375
13:14:04.739060,-0.24503,40.00750978578944,24.66,89.67864990234375
13:14:04.744068,-0.24503,40.00750978578944,24.66,89.67864990234375
13:14:04.749072,-0.24503,40.00750978578944,24.66,89.67864990234375
13:14:04.754086,-0.24503,40.00750978578944,24.66,89.67864990234375
13:14:04.759173,-0.23968,37.77755983461756,23.118,90.48751831054688
13:14:04.764069,-0.23968,37.77755983461756,23.118,90.48751831054688
13:14:04.769624,-0.23968,37.77755983461756,23.118,90.48751831054688
13:14:04.774485,-0.23968,37.77755983461756,23.118,90.48751831054688
13:14:04.779598,-0.23968,37.77755983461756,23.118,90.48751831054688
13:14:04.784758,-0.23968,37.77755983461756,23.118,90.48751831054688
13:14:04.789294,-0.23968,37.77755983461756,23.118,90.48751831054688
13:14:04.794367,-0.2354,39.284288960594125,22.788,91.21330261230467
13:14:04.799385,-0.2354,39.284288960594125,22.788,91.21330261230467
13:14:04.804448,-0.2354,39.284288960594125,22.788,91.21330261230467
13:14:04.809410,-0.2354,39.284288960594125,22.788,91.21330261230467
13:14:04.814432,-0.2354,39.284288960594125,22.788,91.21330261230467
13:14:04.819376,-0.2354,39.284288960594125,22.788,91.21330261230467
13:14:04.824153,-0.2354,39.02676637758631,22.158,91.93084716796876
13:14:04.829181,-0.2354,39.02676637758631,22.158,91.93084716796876
13:14:04.834410,-0.2354,39.02676637758631,22.158,91.93084716796876
13:14:04.839370,-0.2354,39.02676637758631,22.158,91.93084716796876
13:14:04.844324,-0.2354,39.02676637758631,22.158,91.93084716796876
13:14:04.849311,-0.2354,39.02676637758631,22.158,91.93084716796876
13:14:04.854347,-0.2354,39.02676637758631,22.158,91.93084716796876
13:14:04.859274,-0.23968,38.80761964907069,21.138,92.6264190673828
13:14:04.864320,-0.23968,38.80761964907069,21.138,92.6264190673828
13:14:04.869394,-0.23968,38.80761964907069,21.138,92.6264190673828
13:14:04.874302,-0.23968,38.80761964907069,21.138,92.6264190673828
13:14:04.879326,-0.23968,38.80761964907069,21.138,92.6264190673828
13:14:04.884324,-0.23968,38.80761964907069,21.138,92.6264190673828
13:14:04.889255,-0.24931,40.21571596254725,20.016,93.29177856445312
13:14:04.894327,-0.24931,40.21571596254725,20.016,93.29177856445312
13:14:04.899424,-0.24931,40.21571596254725,20.016,93.29177856445312
13:14:04.904170,-0.24931,40.21571596254725,20.016,93.29177856445312
13:14:04.909289,-0.24931,40.21571596254725,20.016,93.29177856445312
13:14:04.914312,-0.24931,40.21571596254725,20.016,93.29177856445312
13:14:04.919304,-0.24931,40.21571596254725,20.016,93.29177856445312
13:14:04.924260,-0.2354,37.37759645571131,19.11,93.91868591308594
13:14:04.929160,-0.2354,37.37759645571131,19.11,93.91868591308594
13:14:04.934234,-0.2354,37.37759645571131,19.11,93.91868591308594
13:14:04.939090,-0.2354,37.37759645571131,19.11,93.91868591308594
13:14:04.944072,-0.2354,37.37759645571131,19.11,93.91868591308594
13:14:04.949087,-0.2354,37.37759645571131,19.11,93.91868591308594
13:14:04.954162,-0.24717,38.98842104067225,17.682000000000002,94.51263427734376
13:14:04.959069,-0.24717,38.98842104067225,17.682000000000002,94.51263427734376
13:14:04.964061,-0.24717,38.98842104067225,17.682000000000002,94.51263427734376
13:14:04.969087,-0.24717,38.98842104067225,17.682000000000002,94.51263427734376
13:14:04.974088,-0.24717,38.98842104067225,17.682000000000002,94.51263427734376
13:14:04.979071,-0.24717,38.98842104067225,17.682000000000002,94.51263427734376
13:14:04.984111,-0.24717,38.98842104067225,17.682000000000002,94.51263427734376
13:14:04.989262,-0.25466,39.62945802797694,16.884,95.09559631347656
13:14:04.994111,-0.25466,39.62945802797694,16.884,95.09559631347656
13:14:04.999227,-0.25466,39.62945802797694,16.884,95.09559631347656
13:14:05.004086,-0.25466,39.62945802797694,16.884,95.09559631347656
13:14:05.009067,-0.25466,39.62945802797694,16.884,95.09559631347656
13:14:05.014276,-0.25466,39.62945802797694,16.884,95.09559631347656
13:14:05.019489,-0.25038,38.67064149965663,16.445999999999998,95.63255310058594
13:14:05.024252,-0.25038,38.67064149965663,16.445999999999998,95.63255310058594
13:14:05.029366,-0.25038,38.67064149965663,16.445999999999998,95.63255310058594
13:14:05.034330,-0.25038,38.67064149965663,16.445999999999998,95.63255310058594
13:14:05.039355,-0.25038,38.67064149965663,16.445999999999998,95.63255310058594
13:14:05.044389,-0.25038,38.67064149965663,16.445999999999998,95.63255310058594
13:14:05.049467,-0.25038,38.67064149965663,16.445999999999998,95.63255310058594
13:14:05.054325,-0.25894,39.07608278383631,15.072,96.14479064941406
13:14:05.059320,-0.25894,39.07608278383631,15.072,96.14479064941406
13:14:05.064351,-0.25894,39.07608278383631,15.072,96.14479064941406
13:14:05.069365,-0.25894,39.07608278383631,15.072,96.14479064941406
13:14:05.074348,-0.25894,39.07608278383631,15.072,96.14479064941406
13:14:05.079313,-0.25894,39.07608278383631,15.072,96.14479064941406
13:14:05.084101,-0.24396,38.999376851219125,13.974,96.61514282226562
13:14:05.089393,-0.24396,38.999376851219125,13.974,96.61514282226562
13:14:05.094371,-0.24396,38.999376851219125,13.974,96.61514282226562
13:14:05.099360,-0.24396,38.999376851219125,13.974,96.61514282226562
13:14:05.104407,-0.24396,38.999376851219125,13.974,96.61514282226562
13:14:05.109589,-0.24396,38.999376851219125,13.974,96.61514282226562
13:14:05.114254,-0.24396,38.999376851219125,13.974,96.61514282226562
13:14:05.119241,-0.2354,38.41311891664881,12.738,97.02781677246094
13:14:05.124284,-0.2354,38.41311891664881,12.738,97.02781677246094
13:14:05.129283,-0.2354,38.41311891664881,12.738,97.02781677246094
13:14:05.134288,-0.2354,38.41311891664881,12.738,97.02781677246094
13:14:05.139307,-0.2354,38.41311891664881,12.738,97.02781677246094
13:14:05.144511,-0.2354,38.41311891664881,12.738,97.02781677246094
13:14:05.149325,-0.24503,37.914537984031625,11.862,97.43637084960938
13:14:05.154410,-0.24503,37.914537984031625,11.862,97.43637084960938
13:14:05.159377,-0.24503,37.914537984031625,11.862,97.43637084960938
13:14:05.164458,-0.24503,37.914537984031625,11.862,97.43637084960938
13:14:05.169429,-0.24503,37.914537984031625,11.862,97.43637084960938
13:14:05.174319,-0.24503,37.914537984031625,11.862,97.43637084960938
13:14:05.179287,-0.24503,37.914537984031625,11.862,97.43637084960938
13:14:05.184310,-0.25573,38.44052370180506,11.04,97.82020568847656
13:14:05.189319,-0.25573,38.44052370180506,11.04,97.82020568847656
13:14:05.194380,-0.25573,38.44052370180506,11.04,97.82020568847656
13:14:05.199365,-0.25573,38.44052370180506,11.04,97.82020568847656
13:14:05.204279,-0.25573,38.44052370180506,11.04,97.82020568847656
13:14:05.209268,-0.25573,38.44052370180506,11.04,97.82020568847656
13:14:05.214247,-0.26215,38.96103151430506,10.38,98.18000793457033
13:14:05.219259,-0.26215,38.96103151430506,10.38,98.18000793457033
13:14:05.224261,-0.26215,38.96103151430506,10.38,98.18000793457033
13:14:05.229242,-0.26215,38.96103151430506,10.38,98.18000793457033
13:14:05.234352,-0.26215,38.96103151430506,10.38,98.18000793457033
13:14:05.239337,-0.26215,38.96103151430506,10.38,98.18000793457033
13:14:05.244256,-0.26215,38.96103151430506,10.38,98.18000793457033
13:14:05.249262,-0.25466,38.9665094195785,9.336,98.49861145019533
13:14:05.254289,-0.25466,38.9665094195785,9.336,98.49861145019533
13:14:05.259387,-0.25466,38.9665094195785,9.336,98.49861145019533
13:14:05.264414,-0.25466,38.9665094195785,9.336,98.49861145019533
13:14:05.269442,-0.25466,38.9665094195785,9.336,98.49861145019533
13:14:05.274287,-0.25466,38.9665094195785,9.336,98.49861145019533
13:14:05.279276,-0.24824,38.82953127016444,8.676,98.7664031982422
13:14:05.284360,-0.24824,38.82953127016444,8.676,98.7664031982422
13:14:05.289378,-0.24824,38.82953127016444,8.676,98.7664031982422
13:14:05.294105,-0.24824,38.82953127016444,8.676,98.7664031982422
13:14:05.299070,-0.24824,38.82953127016444,8.676,98.7664031982422
13:14:05.304089,-0.24824,38.82953127016444,8.676,98.7664031982422
13:14:05.309704,-0.25038,38.82953127016444,6.917999999999999,99.01771545410156
13:14:05.314055,-0.25038,38.12274416078944,6.917999999999999,99.01771545410156
13:14:05.319066,-0.25038,38.12274416078944,6.917999999999999,99.01771545410156
13:14:05.324057,-0.25038,38.12274416078944,6.917999999999999,99.01771545410156
13:14:05.329201,-0.25038,38.12274416078944,6.917999999999999,99.01771545410156
13:14:05.334071,-0.25038,38.12274416078944,6.917999999999999,99.01771545410156
13:14:05.339065,-0.25038,38.12274416078944,6.917999999999999,99.01771545410156
13:14:05.344121,-0.25894,37.88165529360194,6.234,99.23744201660156
13:14:05.349446,-0.25894,37.88165529360194,6.234,99.23744201660156
13:14:05.354409,-0.25894,37.88165529360194,6.234,99.23744201660156
13:14:05.359404,-0.25894,37.88165529360194,6.234,99.23744201660156
13:14:05.364397,-0.25894,37.88165529360194,6.234,99.23744201660156
13:14:05.369381,-0.25894,37.88165529360194,6.234,99.23744201660156
13:14:05.374174,-0.25894,37.88165529360194,6.234,99.23744201660156
13:14:05.379305,-0.26215,38.98842104067225,5.712,99.437255859375
13:14:05.384124,-0.26215,38.98842104067225,5.712,99.437255859375
13:14:05.389101,-0.26215,38.98842104067225,5.712,99.437255859375
13:14:05.394091,-0.26215,38.98842104067225,5.712,99.437255859375
13:14:05.399061,-0.26215,38.98842104067225,5.712,99.437255859375
13:14:05.404092,-0.26215,38.98842104067225,5.712,99.437255859375
13:14:05.409049,-0.26964,39.284288960594125,4.392,99.60411071777344
13:14:05.414057,-0.26964,39.284288960594125,4.392,99.60411071777344
13:14:05.419058,-0.26964,39.284288960594125,4.392,99.60411071777344
13:14:05.424067,-0.26964,39.284288960594125,4.392,99.60411071777344
13:14:05.429229,-0.26964,39.284288960594125,4.392,99.60411071777344
13:14:05.434065,-0.26964,39.284288960594125,4.392,99.60411071777344
13:14:05.439098,-0.26964,39.284288960594125,4.392,99.60411071777344
13:14:05.444084,-0.26215,38.51722963442225,3.102,99.72770690917967
13:14:05.449062,-0.26215,38.51722963442225,3.102,99.72770690917967
13:14:05.454130,-0.26215,38.51722963442225,3.102,99.72770690917967
13:14:05.459069,-0.26215,38.51722963442225,3.102,99.72770690917967
13:14:05.464071,-0.26215,38.51722963442225,3.102,99.72770690917967
13:14:05.469069,-0.26215,38.51722963442225,3.102,99.72770690917967
13:14:05.474298,-0.27071,37.45978029360194,2.634,99.8114776611328
13:14:05.479086,-0.27071,37.45978029360194,2.634,99.8114776611328
13:14:05.484069,-0.27071,37.45978029360194,2.634,99.8114776611328
13:14:05.489090,-0.27071,37.45978029360194,2.634,99.8114776611328
13:14:05.494091,-0.27071,37.45978029360194,2.634,99.8114776611328
13:14:05.499072,-0.27071,37.45978029360194,2.634,99.8114776611328
13:14:05.504263,-0.27071,37.45978029360194,2.634,99.8114776611328
13:14:05.509053,-0.26536,38.28711183657069,1.152,99.87945556640624
13:14:05.514052,-0.26536,38.28711183657069,1.152,99.87945556640624
13:14:05.519063,-0.26536,38.28711183657069,1.152,99.87945556640624
13:14:05.524085,-0.26536,38.28711183657069,1.152,99.87945556640624
13:14:05.529214,-0.26536,38.28711183657069,1.152,99.87945556640624
13:14:05.534088,-0.26536,38.28711183657069,1.152,99.87945556640624
13:14:05.539084,-0.27071,38.57202394594569,1.044,99.92340087890624
13:14:05.544055,-0.27071,38.57202394594569,1.044,99.92340087890624
13:14:05.549060,-0.27071,38.57202394594569,1.044,99.92340087890624
13:14:05.554151,-0.27071,38.57202394594569,1.044,99.92340087890624
13:14:05.559064,-0.27071,38.57202394594569,1.044,99.92340087890624
13:14:05.564059,-0.27071,38.57202394594569,1.044,99.92340087890624
13:14:05.569060,-0.27071,38.57202394594569,1.044,99.92340087890624
13:14:05.574064,-0.25359,37.61319215883631,0.222,99.93988037109376
13:14:05.579047,-0.25359,37.61319215883631,0.222,99.93988037109376
13:14:05.584083,-0.25359,37.61319215883631,0.222,99.93988037109376
13:14:05.589062,-0.25359,37.61319215883631,0.222,99.93988037109376
13:14:05.594092,-0.25359,37.61319215883631,0.222,99.93988037109376
13:14:05.599089,-0.25359,37.61319215883631,0.222,99.93988037109376
13:14:05.604082,-0.25573,37.700853902000375,0.246,99.95223999023438
13:14:05.609056,-0.25573,37.700853902000375,0.246,99.95223999023438
13:14:05.614065,-0.25573,37.700853902000375,0.246,99.95223999023438
13:14:05.619070,-0.25573,37.700853902000375,0.246,99.95223999023438
13:14:05.624088,-0.25573,37.700853902000375,0.246,99.95223999023438
13:14:05.629181,-0.25573,37.700853902000375,0.246,99.95223999023438
13:14:05.634085,-0.25573,37.700853902000375,0.246,99.95223999023438
13:14:05.639067,-0.25466,37.35568483461756,0.414,99.9639129638672
13:14:05.644056,-0.25466,37.35568483461756,0.414,99.9639129638672
13:14:05.649118,-0.25466,37.35568483461756,0.414,99.9639129638672
13:14:05.654058,-0.25466,37.35568483461756,0.414,99.9639129638672
13:14:05.659067,-0.25466,37.35568483461756,0.414,99.9639129638672
13:14:05.664071,-0.25466,37.35568483461756,0.414,99.9639129638672
13:14:05.669322,-0.26643,37.514574605125375,0.3839999999999999,99.98313903808594
13:14:05.674041,-0.26643,37.514574605125375,0.3839999999999999,99.98313903808594
13:14:05.679058,-0.26643,37.514574605125375,0.3839999999999999,99.98313903808594
13:14:05.684062,-0.26643,37.514574605125375,0.3839999999999999,99.98313903808594
13:14:05.689090,-0.26643,37.514574605125375,0.3839999999999999,99.98313903808594
13:14:05.694094,-0.26643,37.514574605125375,0.3839999999999999,99.98313903808594
13:14:05.699087,-0.26643,37.514574605125375,0.3839999999999999,99.98313903808594
13:14:05.704056,-0.26857,37.64605959047694,0.108,99.99069213867188
13:14:05.709056,-0.26857,37.64605959047694,0.108,99.99069213867188
13:14:05.714067,-0.26857,37.64605959047694,0.108,99.99069213867188
13:14:05.719054,-0.26857,37.64605959047694,0.108,99.99069213867188
13:14:05.724209,-0.26857,37.64605959047694,0.108,99.99069213867188
13:14:05.729065,-0.26857,37.64605959047694,0.108,99.99069213867188
13:14:05.734049,-0.26857,37.82687624086756,0.1379999999999999,99.99755859375
13:14:05.739050,-0.26857,37.82687624086756,0.1379999999999999,99.99755859375
13:14:05.744143,-0.26857,37.82687624086756,0.1379999999999999,99.99755859375
13:14:05.749066,-0.26857,37.82687624086756,0.1379999999999999,99.99755859375
13:14:05.754071,-0.26857,37.82687624086756,0.1379999999999999,99.99755859375
13:14:05.759073,-0.26857,37.82687624086756,0.1379999999999999,99.99755859375
13:14:05.764667,-0.26857,37.82687624086756,0.1379999999999999,99.99755859375
13:14:05.769093,-0.26964,37.56935365785975,0.246,99.99549865722656
13:14:05.774067,-0.26964,37.56935365785975,0.246,99.99549865722656
13:14:05.779092,-0.26964,37.56935365785975,0.246,99.99549865722656
13:14:05.784089,-0.26964,37.56935365785975,0.246,99.99549865722656
13:14:05.789060,-0.26964,37.56935365785975,0.246,99.99549865722656
13:14:05.794118,-0.26964,37.56935365785975,0.246,99.99549865722656
13:14:05.799070,-0.26857,37.61319215883631,-0.054,100.00511169433594
13:14:05.804053,-0.26857,37.61319215883631,-0.054,100.00511169433594
13:14:05.809037,-0.26857,37.61319215883631,-0.054,100.00511169433594
13:14:05.814090,-0.26857,37.61319215883631,-0.054,100.00511169433594
13:14:05.819197,-0.26857,37.61319215883631,-0.054,100.00511169433594
13:14:05.824064,-0.26857,37.61319215883631,-0.054,100.00511169433594
13:14:05.829067,-0.26857,37.61319215883631,-0.054,100.00511169433594
13:14:05.834081,-0.26857,37.48169191469569,-0.0239999999999999,100.00442504882812
13:14:05.839060,-0.26857,37.48169191469569,-0.0239999999999999,100.00442504882812
13:14:05.844127,-0.26857,37.48169191469569,-0.0239999999999999,100.00442504882812
13:14:05.849062,-0.26857,37.48169191469569,-0.0239999999999999,100.00442504882812
13:14:05.854082,-0.26857,37.48169191469569,-0.0239999999999999,100.00442504882812
13:14:05.859067,-0.26857,37.48169191469569,-0.0239999999999999,100.00442504882812
13:14:05.864599,-0.2675,37.60223634828944,-0.246,100.00442504882812
13:14:05.869058,-0.2675,37.60223634828944,-0.246,100.00442504882812
13:14:05.874062,-0.2675,37.60223634828944,-0.246,100.00442504882812
13:14:05.879064,-0.2675,37.60223634828944,-0.246,100.00442504882812
13:14:05.884090,-0.2675,37.60223634828944,-0.246,100.00442504882812
13:14:05.889073,-0.2675,37.60223634828944,-0.246,100.00442504882812
13:14:05.894059,-0.2675,37.60223634828944,-0.246,100.00442504882812
13:14:05.899050,-0.26857,37.63510377993006,0.084,100.00442504882812
13:14:05.904045,-0.26857,37.63510377993006,0.084,100.00442504882812
13:14:05.909053,-0.26857,37.63510377993006,0.084,100.00442504882812
13:14:05.914088,-0.26857,37.63510377993006,0.084,100.00442504882812
13:14:05.919177,-0.26857,37.63510377993006,0.084,100.00442504882812
13:14:05.924068,-0.26857,37.63510377993006,0.084,100.00442504882812
13:14:05.929430,-0.26857,37.63510377993006,0.084,100.00442504882812
13:14:05.934058,-0.27178,37.4543023883285,0.03,100.00373840332033
13:14:05.939034,-0.27178,37.4543023883285,0.03,100.00373840332033
13:14:05.944120,-0.27178,37.4543023883285,0.03,100.00373840332033
13:14:05.949091,-0.27178,37.4543023883285,0.03,100.00373840332033
13:14:05.954070,-0.27178,37.4543023883285,0.03,100.00373840332033
13:14:05.959086,-0.27178,37.4543023883285,0.03,100.00373840332033
13:14:05.964437,-0.26857,37.60771425356288,-0.1379999999999999,99.99755859375
13:14:05.969320,-0.26857,37.60771425356288,-0.1379999999999999,99.99755859375
13:14:05.974323,-0.26857,37.60771425356288,-0.1379999999999999,99.99755859375
13:14:05.979371,-0.26857,37.60771425356288,-0.1379999999999999,99.99755859375
13:14:05.984396,-0.26857,37.60771425356288,-0.1379999999999999,99.99755859375
13:14:05.989278,-0.26857,37.60771425356288,-0.1379999999999999,99.99755859375
13:14:05.994705,-0.26857,37.60771425356288,-0.1379999999999999,99.99755859375
13:14:05.999312,-0.27178,37.54196413149256,0.1379999999999999,100.00579833984376
13:14:06.004396,-0.27178,37.54196413149256,0.1379999999999999,100.00579833984376
13:14:06.009409,-0.27178,37.54196413149256,0.1379999999999999,100.00579833984376
13:14:06.014135,-0.27178,37.54196413149256,0.1379999999999999,100.00579833984376
13:14:06.019279,-0.27178,37.54196413149256,0.1379999999999999,100.00579833984376
13:14:06.024353,-0.27178,37.54196413149256,0.1379999999999999,100.00579833984376
13:14:06.029312,-0.27178,37.61319215883631,-0.168,100.00167846679688
13:14:06.034378,-0.27178,37.61319215883631,-0.168,100.00167846679688
13:14:06.039333,-0.27178,37.61319215883631,-0.168,100.00167846679688
13:14:06.044405,-0.27178,37.61319215883631,-0.168,100.00167846679688
13:14:06.049371,-0.27178,37.61319215883631,-0.168,100.00167846679688
13:14:06.054318,-0.27178,37.61319215883631,-0.168,100.00167846679688
13:14:06.059268,-0.27178,37.61319215883631,-0.168,100.00167846679688
13:14:06.064267,-0.27071,37.49264772524256,-0.0,100.00167846679688
13:14:06.069333,-0.27071,37.49264772524256,-0.0,100.00167846679688
13:14:06.074431,-0.27071,37.49264772524256,-0.0,100.00167846679688
13:14:06.079098,-0.27071,37.49264772524256,-0.0,100.00167846679688
13:14:06.084464,-0.27071,37.49264772524256,-0.0,100.00167846679688
13:14:06.089385,-0.27071,37.49264772524256,-0.0,100.00167846679688
13:14:06.094729,-0.27392,37.60223634828944,-0.162,100.00579833984376
13:14:06.099334,-0.27392,37.60223634828944,-0.162,100.00579833984376
13:14:06.104417,-0.27392,37.60223634828944,-0.162,100.00579833984376
13:14:06.109287,-0.27392,37.60223634828944,-0.162,100.00579833984376
13:14:06.114450,-0.27392,37.60223634828944,-0.162,100.00579833984376
13:14:06.119311,-0.27392,37.60223634828944,-0.162,100.00579833984376
13:14:06.124289,-0.27392,37.60223634828944,-0.162,100.00579833984376
13:14:06.129232,-0.27499,37.596758443016,0.084,100.00236511230467
13:14:06.134307,-0.27499,37.596758443016,0.084,100.00236511230467
13:14:06.139185,-0.27499,37.596758443016,0.084,100.00236511230467
13:14:06.144281,-0.27499,37.596758443016,0.084,100.00236511230467
13:14:06.149293,-0.27499,37.596758443016,0.084,100.00236511230467
13:14:06.154258,-0.27499,37.596758443016,0.084,100.00236511230467
13:14:06.159198,-0.27499,37.54196413149256,0.054,100.00167846679688
13:14:06.164257,-0.27499,37.54196413149256,0.054,100.00167846679688
13:14:06.169243,-0.27499,37.54196413149256,0.054,100.00167846679688
13:14:06.174169,-0.27499,37.54196413149256,0.054,100.00167846679688
13:14:06.179263,-0.27499,37.54196413149256,0.054,100.00167846679688
13:14:06.184268,-0.27499,37.54196413149256,0.054,100.00167846679688
13:14:06.189258,-0.27499,37.54196413149256,0.054,100.00167846679688
13:14:06.194338,-0.28569,37.514574605125375,-0.03,100.00442504882812
13:14:06.199283,-0.28569,37.514574605125375,-0.03,100.00442504882812
13:14:06.204270,-0.28569,37.514574605125375,-0.03,100.00442504882812
13:14:06.209363,-0.28569,37.514574605125375,-0.03,100.00442504882812
13:14:06.214161,-0.28569,37.514574605125375,-0.03,100.00442504882812
13:14:06.219066,-0.28569,37.514574605125375,-0.03,100.00442504882812
13:14:06.224681,-0.30923,37.56387575258631,-0.1379999999999999,100.00099182128906
13:14:06.229047,-0.30923,37.56387575258631,-0.1379999999999999,100.00099182128906
13:14:06.234031,-0.30923,37.56387575258631,-0.1379999999999999,100.00099182128906
13:14:06.239129,-0.30923,37.56387575258631,-0.1379999999999999,100.00099182128906
13:14:06.244089,-0.30923,37.56387575258631,-0.1379999999999999,100.00099182128906
13:14:06.249065,-0.30923,37.56387575258631,-0.1379999999999999,100.00099182128906
13:14:06.254059,-0.30923,37.56387575258631,-0.1379999999999999,100.00099182128906
13:14:06.259069,-0.34775,37.67346437563319,-0.1919999999999999,99.9968719482422
13:14:06.264061,-0.34775,37.67346437563319,-0.1919999999999999,99.9968719482422
13:14:06.269059,-0.34775,37.67346437563319,-0.1919999999999999,99.9968719482422
13:14:06.274071,-0.34775,37.67346437563319,-0.1919999999999999,99.9968719482422
13:14:06.279082,-0.34775,37.67346437563319,-0.1919999999999999,99.9968719482422
13:14:06.284106,-0.34775,37.67346437563319,-0.1919999999999999,99.9968719482422
13:14:06.289657,-0.39376,38.172045308250375,-0.99,99.9920654296875
13:14:06.294053,-0.39376,38.172045308250375,-0.99,99.9920654296875
13:14:06.299054,-0.39376,38.172045308250375,-0.99,99.9920654296875
13:14:06.304058,-0.39376,38.172045308250375,-0.99,99.9920654296875
13:14:06.309092,-0.39376,38.172045308250375,-0.99,99.9920654296875
13:14:06.314109,-0.39376,38.172045308250375,-0.99,99.9920654296875
13:14:06.319060,-0.39376,38.172045308250375,-0.99,99.9920654296875
13:14:06.324048,-0.42158,39.03225954164881,-2.034,99.94880676269533
13:14:06.329051,-0.42158,39.03225954164881,-2.034,99.94880676269533
13:14:06.334056,-0.42158,39.03225954164881,-2.034,99.94880676269533
13:14:06.339117,-0.42158,39.03225954164881,-2.034,99.94880676269533
13:14:06.344100,-0.42158,39.03225954164881,-2.034,99.94880676269533
13:14:06.349067,-0.42158,39.03225954164881,-2.034,99.94880676269533
13:14:06.354291,-0.4376300000000001,39.03225954164881,-3.954,99.85061645507812
13:14:06.359044,-0.4376300000000001,39.31715639223475,-3.954,99.85061645507812
13:14:06.364031,-0.4376300000000001,39.31715639223475,-3.954,99.85061645507812
13:14:06.369054,-0.4376300000000001,39.31715639223475,-3.954,99.85061645507812
13:14:06.374071,-0.4376300000000001,39.31715639223475,-3.954,99.85061645507812
13:14:06.379071,-0.4376300000000001,39.31715639223475,-3.954,99.85061645507812
13:14:06.384068,-0.4376300000000001,39.31715639223475,-3.954,99.85061645507812
13:14:06.389059,-0.42372,39.11444337953944,-5.466,99.6892547607422
13:14:06.394096,-0.42372,39.11444337953944,-5.466,99.6892547607422
13:14:06.399054,-0.42372,39.11444337953944,-5.466,99.6892547607422
13:14:06.404059,-0.42372,39.11444337953944,-5.466,99.6892547607422
13:14:06.409070,-0.42372,39.11444337953944,-5.466,99.6892547607422
13:14:06.414141,-0.42372,39.11444337953944,-5.466,99.6892547607422
13:14:06.419066,-0.42158,38.3966852008285,-6.618,99.4818878173828
13:14:06.424052,-0.42158,38.3966852008285,-6.618,99.4818878173828
13:14:06.429059,-0.42158,38.3966852008285,-6.618,99.4818878173828
13:14:06.434067,-0.42158,38.3966852008285,-6.618,99.4818878173828
13:14:06.439070,-0.42158,38.3966852008285,-6.618,99.4818878173828
13:14:06.444145,-0.42158,38.3966852008285,-6.618,99.4818878173828
13:14:06.449062,-0.42158,38.3966852008285,-6.618,99.4818878173828
13:14:06.454050,-0.42372,38.31997926821131,-7.302,99.25392150878906
13:14:06.459054,-0.42372,38.31997926821131,-7.302,99.25392150878906
13:14:06.464050,-0.42372,38.31997926821131,-7.302,99.25392150878906
13:14:06.469034,-0.42372,38.31997926821131,-7.302,99.25392150878906
13:14:06.474054,-0.42372,38.31997926821131,-7.302,99.25392150878906
13:14:06.479471,-0.42372,38.31997926821131,-7.302,99.25392150878906
13:14:06.484767,-0.40339,38.41311891664881,-8.706,98.99162292480467
13:14:06.489207,-0.40339,38.41311891664881,-8.706,98.99162292480467
13:14:06.494366,-0.40339,38.41311891664881,-8.706,98.99162292480467
13:14:06.499469,-0.40339,38.41311891664881,-8.706,98.99162292480467
13:14:06.504279,-0.40339,38.41311891664881,-8.706,98.99162292480467
13:14:06.509321,-0.40339,38.41311891664881,-8.706,98.99162292480467
13:14:06.514153,-0.40339,38.41311891664881,-8.706,98.99162292480467
13:14:06.519210,-0.41088,38.36929567446131,-9.06,98.7066650390625
13:14:06.524358,-0.41088,38.36929567446131,-9.06,98.7066650390625
13:14:06.529418,-0.41088,38.36929567446131,-9.06,98.7066650390625
13:14:06.534425,-0.41088,38.36929567446131,-9.06,98.7066650390625
13:14:06.539393,-0.41088,38.36929567446131,-9.06,98.7066650390625
13:14:06.544400,-0.41088,38.36929567446131,-9.06,98.7066650390625
13:14:06.549243,-0.41302,37.985766011375375,-9.528,98.3935546875
13:14:06.554327,-0.41302,37.985766011375375,-9.528,98.3935546875
13:14:06.559405,-0.41302,37.985766011375375,-9.528,98.3935546875
13:14:06.564358,-0.41302,37.985766011375375,-9.528,98.3935546875
13:14:06.569214,-0.41302,37.985766011375375,-9.528,98.3935546875
13:14:06.574313,-0.41302,37.985766011375375,-9.528,98.3935546875
13:14:06.579371,-0.41302,37.985766011375375,-9.528,98.3935546875
13:14:06.584401,-0.41623,38.27615602602381,-10.488,98.07632446289062
13:14:06.589396,-0.41623,38.27615602602381,-10.488,98.07632446289062
13:14:06.594307,-0.41623,38.27615602602381,-10.488,98.07632446289062
13:14:06.599101,-0.41623,38.27615602602381,-10.488,98.07632446289062
13:14:06.604069,-0.41623,38.27615602602381,-10.488,98.07632446289062
13:14:06.609064,-0.41623,38.27615602602381,-10.488,98.07632446289062
13:14:06.614115,-0.42479,38.96103151430506,-11.67,97.72750854492188
13:14:06.619389,-0.42479,38.96103151430506,-11.67,97.72750854492188
13:14:06.624326,-0.42479,38.96103151430506,-11.67,97.72750854492188
13:14:06.629364,-0.42479,38.96103151430506,-11.67,97.72750854492188
13:14:06.634384,-0.42479,38.96103151430506,-11.67,97.72750854492188
13:14:06.639385,-0.42479,38.96103151430506,-11.67,97.72750854492188
13:14:06.644431,-0.42479,38.96103151430506,-11.67,97.72750854492188
13:14:06.649323,-0.42693,38.94458253969569,-12.852,97.34367370605467
13:14:06.654370,-0.42693,38.94458253969569,-12.852,97.34367370605467
13:14:06.659407,-0.42693,38.94458253969569,-12.852,97.34367370605467
13:14:06.664440,-0.42693,38.94458253969569,-12.852,97.34367370605467
13:14:06.669368,-0.42693,38.94458253969569,-12.852,97.34367370605467
13:14:06.674350,-0.42693,38.94458253969569,-12.852,97.34367370605467
13:14:06.679269,-0.43442,39.010332661766,-13.782000000000002,96.91658020019533
13:14:06.684255,-0.43442,39.010332661766,-13.782000000000002,96.91658020019533
13:14:06.689255,-0.43442,39.010332661766,-13.782000000000002,96.91658020019533
13:14:06.694346,-0.43442,39.010332661766,-13.782000000000002,96.91658020019533
13:14:06.699367,-0.43442,39.010332661766,-13.782000000000002,96.91658020019533
13:14:06.704309,-0.43442,39.010332661766,-13.782000000000002,96.91658020019533
13:14:06.709340,-0.43442,39.010332661766,-13.782000000000002,96.91658020019533
13:14:06.714317,-0.41302,38.23779543032069,-15.269999999999998,96.4702606201172
13:14:06.719257,-0.41302,38.23779543032069,-15.269999999999998,96.4702606201172
13:14:06.724261,-0.41302,38.23779543032069,-15.269999999999998,96.4702606201172
13:14:06.729272,-0.41302,38.23779543032069,-15.269999999999998,96.4702606201172
13:14:06.734330,-0.41302,38.23779543032069,-15.269999999999998,96.4702606201172
13:14:06.739407,-0.41302,38.23779543032069,-15.269999999999998,96.4702606201172
13:14:06.744352,-0.43228,38.856920796531625,-15.21,95.96900939941406
13:14:06.749416,-0.43228,38.856920796531625,-15.21,95.96900939941406
13:14:06.754293,-0.43228,38.856920796531625,-15.21,95.96900939941406
13:14:06.759117,-0.43228,38.856920796531625,-15.21,95.96900939941406
13:14:06.764418,-0.43228,38.856920796531625,-15.21,95.96900939941406
13:14:06.769387,-0.43228,38.856920796531625,-15.21,95.96900939941406
13:14:06.774414,-0.43228,38.856920796531625,-15.21,95.96900939941406
13:14:06.779339,-0.44298,38.714464741844125,-16.416,95.45539855957033
13:14:06.784353,-0.44298,38.714464741844125,-16.416,95.45539855957033
13:14:06.789372,-0.44298,38.714464741844125,-16.416,95.45539855957033
13:14:06.794364,-0.44298,38.714464741844125,-16.416,95.45539855957033
13:14:06.799400,-0.44298,38.714464741844125,-16.416,95.45539855957033
13:14:06.804289,-0.44298,38.714464741844125,-16.416,95.45539855957033
13:14:06.809254,-0.42586,38.950060444969125,-17.490000000000002,94.8724365234375
13:14:06.814067,-0.42586,38.950060444969125,-17.490000000000002,94.8724365234375
13:14:06.819039,-0.42586,38.950060444969125,-17.490000000000002,94.8724365234375
13:14:06.824071,-0.42586,38.950060444969125,-17.490000000000002,94.8724365234375
13:14:06.829215,-0.42586,38.950060444969125,-17.490000000000002,94.8724365234375
13:14:06.834050,-0.42586,38.950060444969125,-17.490000000000002,94.8724365234375
13:14:06.839066,-0.42586,38.950060444969125,-17.490000000000002,94.8724365234375
13:14:06.844108,-0.43014,38.4953180133285,-18.540000000000003,94.3073272705078
13:14:06.849063,-0.43014,38.4953180133285,-18.540000000000003,94.3073272705078
13:14:06.854143,-0.43014,38.4953180133285,-18.540000000000003,94.3073272705078
13:14:06.859072,-0.43014,38.4953180133285,-18.540000000000003,94.3073272705078
13:14:06.864059,-0.43014,38.4953180133285,-18.540000000000003,94.3073272705078
13:14:06.869085,-0.43014,38.4953180133285,-18.540000000000003,94.3073272705078
13:14:06.874073,-0.4387,39.21853883852381,-18.888,93.7298583984375
13:14:06.879062,-0.4387,39.21853883852381,-18.888,93.7298583984375
13:14:06.884088,-0.4387,39.21853883852381,-18.888,93.7298583984375
13:14:06.889083,-0.4387,39.21853883852381,-18.888,93.7298583984375
13:14:06.894104,-0.4387,39.21853883852381,-18.888,93.7298583984375
13:14:06.899105,-0.4387,39.21853883852381,-18.888,93.7298583984375
13:14:06.904443,-0.4387,39.21853883852381,-18.888,93.7298583984375
13:14:06.909344,-0.43335,39.28976686586756,-20.436,93.09196472167967
13:14:06.914346,-0.43335,39.28976686586756,-20.436,93.09196472167967
13:14:06.919408,-0.43335,39.28976686586756,-20.436,93.09196472167967
13:14:06.924333,-0.43335,39.28976686586756,-20.436,93.09196472167967
13:14:06.929276,-0.43335,39.28976686586756,-20.436,93.09196472167967
13:14:06.934317,-0.43335,39.28976686586756,-20.436,93.09196472167967
13:14:06.939275,-0.44084,39.245928364891,-20.76,92.42591857910156
13:14:06.944348,-0.44084,39.245928364891,-20.76,92.42591857910156
13:14:06.949418,-0.44084,39.245928364891,-20.76,92.42591857910156
13:14:06.954422,-0.44084,39.245928364891,-20.76,92.42591857910156
13:14:06.959352,-0.44084,39.245928364891,-20.76,92.42591857910156
13:14:06.964347,-0.44084,39.245928364891,-20.76,92.42591857910156
13:14:06.969795,-0.43549,38.9171930133285,-22.374,91.72760009765624
13:14:06.974315,-0.43549,38.9171930133285,-22.374,91.72760009765624
13:14:06.979336,-0.43549,38.9171930133285,-22.374,91.72760009765624
13:14:06.984282,-0.43549,38.9171930133285,-22.374,91.72760009765624
13:14:06.989260,-0.43549,38.9171930133285,-22.374,91.72760009765624
13:14:06.994294,-0.43549,38.9171930133285,-22.374,91.72760009765624
13:14:06.999270,-0.43549,38.9171930133285,-22.374,91.72760009765624
13:14:07.004265,-0.4376300000000001,38.79117067446131,-22.458,90.98533630371094
13:14:07.009314,-0.4376300000000001,38.79117067446131,-22.458,90.98533630371094
13:14:07.014350,-0.4376300000000001,38.79117067446131,-22.458,90.98533630371094
13:14:07.019382,-0.4376300000000001,38.79117067446131,-22.458,90.98533630371094
13:14:07.024344,-0.4376300000000001,38.79117067446131,-22.458,90.98533630371094
13:14:07.029392,-0.4376300000000001,38.79117067446131,-22.458,90.98533630371094
13:14:07.034449,-0.45582,39.399340230125375,-24.408,90.252685546875
13:14:07.039327,-0.45582,39.399340230125375,-24.408,90.252685546875
13:14:07.044412,-0.45582,39.399340230125375,-24.408,90.252685546875
13:14:07.049453,-0.45582,39.399340230125375,-24.408,90.252685546875
13:14:07.054463,-0.45582,39.399340230125375,-24.408,90.252685546875
13:14:07.059471,-0.45582,39.399340230125375,-24.408,90.252685546875
13:14:07.064431,-0.45582,39.399340230125375,-24.408,90.252685546875
13:14:07.069391,-0.43442,39.39386232485194,-24.954000000000004,89.44038391113281
13:14:07.074387,-0.43442,39.39386232485194,-24.954000000000004,89.44038391113281
13:14:07.079450,-0.43442,39.39386232485194,-24.954000000000004,89.44038391113281
13:14:07.084418,-0.43442,39.39386232485194,-24.954000000000004,89.44038391113281
13:14:07.089405,-0.43442,39.39386232485194,-24.954000000000004,89.44038391113281
13:14:07.094415,-0.43442,39.39386232485194,-24.954000000000004,89.44038391113281
13:14:07.099819,-0.45689,39.38290651430506,-26.196,88.58482360839844
13:14:07.104328,-0.45689,39.38290651430506,-26.196,88.58482360839844
13:14:07.109396,-0.45689,39.38290651430506,-26.196,88.58482360839844
13:14:07.114411,-0.45689,39.38290651430506,-26.196,88.58482360839844
13:14:07.119438,-0.45689,39.38290651430506,-26.196,88.58482360839844
13:14:07.124425,-0.45689,39.38290651430506,-26.196,88.58482360839844
13:14:07.129408,-0.45689,39.38290651430506,-26.196,88.58482360839844
13:14:07.134370,-0.42586,38.6815973102035,-27.564000000000004,87.73406982421875
13:14:07.139409,-0.42586,38.6815973102035,-27.564000000000004,87.73406982421875
13:14:07.144376,-0.42586,38.6815973102035,-27.564000000000004,87.73406982421875
13:14:07.149270,-0.42586,38.6815973102035,-27.564000000000004,87.73406982421875
13:14:07.154118,-0.42586,38.6815973102035,-27.564000000000004,87.73406982421875
13:14:07.159091,-0.42586,38.6815973102035,-27.564000000000004,87.73406982421875
13:14:07.164282,-0.44084,39.13087709535975,-27.69,86.88262939453125
13:14:07.169288,-0.44084,39.13087709535975,-27.69,86.88262939453125
13:14:07.174162,-0.44084,39.13087709535975,-27.69,86.88262939453125
13:14:07.179379,-0.44084,39.13087709535975,-27.69,86.88262939453125
13:14:07.184381,-0.44084,39.13087709535975,-27.69,86.88262939453125
13:14:07.189396,-0.44084,39.13087709535975,-27.69,86.88262939453125
13:14:07.194452,-0.44084,39.13087709535975,-27.69,86.88262939453125
13:14:07.199345,-0.44191,38.64872987856288,-28.746,85.93574523925781
13:14:07.204360,-0.44191,38.64872987856288,-28.746,85.93574523925781
13:14:07.209365,-0.44191,38.64872987856288,-28.746,85.93574523925781
13:14:07.214342,-0.44191,38.64872987856288,-28.746,85.93574523925781
13:14:07.219072,-0.44191,38.64872987856288,-28.746,85.93574523925781
13:14:07.224418,-0.44191,38.64872987856288,-28.746,85.93574523925781
13:14:07.229330,-0.46224,39.43222292055506,-29.622,85.00534057617188
13:14:07.234350,-0.46224,39.43222292055506,-29.622,85.00534057617188
13:14:07.239197,-0.46224,39.43222292055506,-29.622,85.00534057617188
13:14:07.244057,-0.46224,39.43222292055506,-29.622,85.00534057617188
13:14:07.249082,-0.46224,39.43222292055506,-29.622,85.00534057617188
13:14:07.254063,-0.46224,39.43222292055506,-29.622,85.00534057617188
13:14:07.259071,-0.46224,39.43222292055506,-29.622,85.00534057617188
13:14:07.264167,-0.42907,38.65968568910975,-30.942,84.01107788085938
13:14:07.269087,-0.42907,38.65968568910975,-30.942,84.01107788085938
13:14:07.274068,-0.42907,38.65968568910975,-30.942,84.01107788085938
13:14:07.279061,-0.42907,38.65968568910975,-30.942,84.01107788085938
13:14:07.284063,-0.42907,38.65968568910975,-30.942,84.01107788085938
13:14:07.289084,-0.42907,38.65968568910975,-30.942,84.01107788085938
13:14:07.294149,-0.45047,39.28976686586756,-31.332,82.98179626464844
13:14:07.299071,-0.45047,39.28976686586756,-31.332,82.98179626464844
13:14:07.304066,-0.45047,39.28976686586756,-31.332,82.98179626464844
13:14:07.309081,-0.45047,39.28976686586756,-31.332,82.98179626464844
13:14:07.314071,-0.45047,39.28976686586756,-31.332,82.98179626464844
13:14:07.319058,-0.45047,39.28976686586756,-31.332,82.98179626464844
13:14:07.324122,-0.45047,39.28976686586756,-31.332,82.98179626464844
13:14:07.329436,-0.44726,38.69803102602381,-33.03,81.95457458496094
13:14:07.334308,-0.44726,38.69803102602381,-33.03,81.95457458496094
13:14:07.339106,-0.44726,38.69803102602381,-33.03,81.95457458496094
13:14:07.344204,-0.44726,38.69803102602381,-33.03,81.95457458496094
13:14:07.349071,-0.44726,38.69803102602381,-33.03,81.95457458496094
13:14:07.354070,-0.44726,38.69803102602381,-33.03,81.95457458496094
13:14:07.359157,-0.45154,39.13635500063319,-33.690000000000005,80.84907531738281
13:14:07.364063,-0.45154,39.13635500063319,-33.690000000000005,80.84907531738281
13:14:07.369064,-0.45154,39.13635500063319,-33.690000000000005,80.84907531738281
13:14:07.374092,-0.45154,39.13635500063319,-33.690000000000005,80.84907531738281
13:14:07.379089,-0.45154,39.13635500063319,-33.690000000000005,80.84907531738281
13:14:07.384072,-0.45154,39.13635500063319,-33.690000000000005,80.84907531738281
13:14:07.389112,-0.45154,39.13635500063319,-33.690000000000005,80.84907531738281
13:14:07.394315,-0.44619,38.39120729555506,-35.226,79.75456237792969
13:14:07.399307,-0.44619,38.39120729555506,-35.226,79.75456237792969
13:14:07.404109,-0.44619,38.39120729555506,-35.226,79.75456237792969
13:14:07.409067,-0.44619,38.39120729555506,-35.226,79.75456237792969
13:14:07.414064,-0.44619,38.39120729555506,-35.226,79.75456237792969
13:14:07.419080,-0.44619,38.39120729555506,-35.226,79.75456237792969
13:14:07.424130,-0.44298,38.70898683657069,-35.44799999999999,78.59687805175781
13:14:07.429061,-0.44298,38.70898683657069,-35.44799999999999,78.59687805175781
13:14:07.434038,-0.44298,38.70898683657069,-35.44799999999999,78.59687805175781
13:14:07.439051,-0.44298,38.70898683657069,-35.44799999999999,78.59687805175781
13:14:07.444082,-0.44298,38.70898683657069,-35.44799999999999,78.59687805175781
13:14:07.449188,-0.44298,38.70898683657069,-35.44799999999999,78.59687805175781
13:14:07.454049,-0.44298,38.70898683657069,-35.44799999999999,78.59687805175781
13:14:07.459112,-0.45903,38.56653078188319,-37.038,77.43438720703125
13:14:07.464085,-0.45903,38.56653078188319,-37.038,77.43438720703125
13:14:07.469093,-0.45903,38.56653078188319,-37.038,77.43438720703125
13:14:07.474085,-0.45903,38.56653078188319,-37.038,77.43438720703125
13:14:07.479069,-0.45903,38.56653078188319,-37.038,77.43438720703125
13:14:07.484122,-0.45903,38.56653078188319,-37.038,77.43438720703125
13:14:07.489174,-0.44298,38.28163393129725,-37.77,76.22589111328125
13:14:07.494435,-0.44298,38.28163393129725,-37.77,76.22589111328125
13:14:07.499431,-0.44298,38.28163393129725,-37.77,76.22589111328125
13:14:07.504435,-0.44298,38.28163393129725,-37.77,76.22589111328125
13:14:07.509430,-0.44298,38.28163393129725,-37.77,76.22589111328125
13:14:07.514418,-0.44298,38.28163393129725,-37.77,76.22589111328125
13:14:07.519425,-0.44298,38.28163393129725,-37.77,76.22589111328125
13:14:07.524351,-0.44191,37.865221577781625,-38.22,74.98100280761719
13:14:07.529400,-0.44191,37.865221577781625,-38.22,74.98100280761719
13:14:07.534361,-0.44191,37.865221577781625,-38.22,74.98100280761719
13:14:07.539414,-0.44191,37.865221577781625,-38.22,74.98100280761719
13:14:07.544351,-0.44191,37.865221577781625,-38.22,74.98100280761719
13:14:07.549315,-0.44191,37.865221577781625,-38.22,74.98100280761719
13:14:07.554258,-0.44405,37.74469240297694,-38.766000000000005,73.71139526367188
13:14:07.559304,-0.44405,37.74469240297694,-38.766000000000005,73.71139526367188
13:14:07.564207,-0.44405,37.74469240297694,-38.766000000000005,73.71139526367188
13:14:07.569345,-0.44405,37.74469240297694,-38.766000000000005,73.71139526367188
13:14:07.574294,-0.44405,37.74469240297694,-38.766000000000005,73.71139526367188
13:14:07.579272,-0.44405,37.74469240297694,-38.766000000000005,73.71139526367188
13:14:07.584296,-0.44405,37.74469240297694,-38.766000000000005,73.71139526367188
13:14:07.589187,-0.43977,37.71180971254725,-39.618,72.42256164550781
13:14:07.594201,-0.43977,37.71180971254725,-39.618,72.42256164550781
13:14:07.599346,-0.43977,37.71180971254725,-39.618,72.42256164550781
13:14:07.604111,-0.43977,37.71180971254725,-39.618,72.42256164550781
13:14:07.609395,-0.43977,37.71180971254725,-39.618,72.42256164550781
13:14:07.614358,-0.43977,37.71180971254725,-39.618,72.42256164550781
13:14:07.619171,-0.42265,36.66533144106288,-39.726,71.15364074707031
13:14:07.624188,-0.42265,36.66533144106288,-39.726,71.15364074707031
13:14:07.629275,-0.42265,36.66533144106288,-39.726,71.15364074707031
13:14:07.634321,-0.42265,36.66533144106288,-39.726,71.15364074707031
13:14:07.639274,-0.42265,36.66533144106288,-39.726,71.15364074707031
13:14:07.644298,-0.42265,36.66533144106288,-39.726,71.15364074707031
13:14:07.649266,-0.42265,36.66533144106288,-39.726,71.15364074707031
13:14:07.654263,-0.43121,36.42972047914881,-40.002,69.88197326660156
13:14:07.659334,-0.43121,36.42972047914881,-40.002,69.88197326660156
13:14:07.664281,-0.43121,36.42972047914881,-40.002,69.88197326660156
13:14:07.669060,-0.43121,36.42972047914881,-40.002,69.88197326660156
13:14:07.674051,-0.43121,36.42972047914881,-40.002,69.88197326660156
13:14:07.679091,-0.43121,36.42972047914881,-40.002,69.88197326660156
13:14:07.684204,-0.42372,36.45712526430506,-40.248000000000005,68.55537414550781
13:14:07.689082,-0.42372,36.45712526430506,-40.248000000000005,68.55537414550781
13:14:07.694045,-0.42372,36.45712526430506,-40.248000000000005,68.55537414550781
13:14:07.699086,-0.42372,36.45712526430506,-40.248000000000005,68.55537414550781
13:14:07.704083,-0.42372,36.45712526430506,-40.248000000000005,68.55537414550781
13:14:07.709088,-0.42372,36.45712526430506,-40.248000000000005,68.55537414550781
13:14:07.714112,-0.42372,36.45712526430506,-40.248000000000005,68.55537414550781
13:14:07.719375,-0.42051,36.76942690004725,-39.84,67.25418090820312
13:14:07.724437,-0.42051,36.76942690004725,-39.84,67.25418090820312
13:14:07.729316,-0.42051,36.76942690004725,-39.84,67.25418090820312
13:14:07.734385,-0.42051,36.76942690004725,-39.84,67.25418090820312
13:14:07.739431,-0.42051,36.76942690004725,-39.84,67.25418090820312
13:14:07.744421,-0.42051,36.76942690004725,-39.84,67.25418090820312
13:14:07.749389,-0.41302,35.06546266664881,-40.83,65.97221374511719
13:14:07.754346,-0.41302,35.06546266664881,-40.83,65.97221374511719
13:14:07.759298,-0.41302,35.06546266664881,-40.83,65.97221374511719
13:14:07.764323,-0.41302,35.06546266664881,-40.83,65.97221374511719
13:14:07.769261,-0.41302,35.06546266664881,-40.83,65.97221374511719
13:14:07.774256,-0.41302,35.06546266664881,-40.83,65.97221374511719
13:14:07.779322,-0.41302,35.06546266664881,-40.83,65.97221374511719
13:14:07.784367,-0.40125,35.279131489891,-40.002,64.66346740722656
13:14:07.789605,-0.40125,35.279131489891,-40.002,64.66346740722656
13:14:07.794321,-0.40125,35.279131489891,-40.002,64.66346740722656
13:14:07.799417,-0.40125,35.279131489891,-40.002,64.66346740722656
13:14:07.804304,-0.40125,35.279131489891,-40.002,64.66346740722656
13:14:07.809371,-0.40125,35.279131489891,-40.002,64.66346740722656
13:14:07.814335,-0.40018,35.42706544985194,-40.554,63.37532043457031
13:14:07.819329,-0.40018,35.42706544985194,-40.554,63.37532043457031
13:14:07.824290,-0.40018,35.42706544985194,-40.554,63.37532043457031
13:14:07.829357,-0.40018,35.42706544985194,-40.554,63.37532043457031
13:14:07.834374,-0.40018,35.42706544985194,-40.554,63.37532043457031
13:14:07.839393,-0.40018,35.42706544985194,-40.554,63.37532043457031
13:14:07.844363,-0.40018,35.42706544985194,-40.554,63.37532043457031
13:14:07.849338,-0.39483,34.490160542625375,-40.824,62.13661193847656
13:14:07.854318,-0.39483,34.490160542625375,-40.824,62.13661193847656
13:14:07.859296,-0.39483,34.490160542625375,-40.824,62.13661193847656
13:14:07.864408,-0.39483,34.490160542625375,-40.824,62.13661193847656
13:14:07.869397,-0.39483,34.490160542625375,-40.824,62.13661193847656
13:14:07.874338,-0.39483,34.490160542625375,-40.824,62.13661193847656
13:14:07.879306,-0.39162,34.00253542055506,-40.278,60.77430725097656
13:14:07.884315,-0.39162,34.00253542055506,-40.278,60.77430725097656
13:14:07.889323,-0.39162,34.00253542055506,-40.278,60.77430725097656
13:14:07.894324,-0.39162,34.00253542055506,-40.278,60.77430725097656
13:14:07.899375,-0.39162,34.00253542055506,-40.278,60.77430725097656
13:14:07.904287,-0.39162,34.00253542055506,-40.278,60.77430725097656
13:14:07.909290,-0.39162,34.00253542055506,-40.278,60.77430725097656
13:14:07.914260,-0.40125,33.96417482485194,-40.746,59.52117919921876
13:14:07.919257,-0.40125,33.96417482485194,-40.746,59.52117919921876
13:14:07.924302,-0.40125,33.96417482485194,-40.746,59.52117919921876
13:14:07.929347,-0.40125,33.96417482485194,-40.746,59.52117919921876
13:14:07.934402,-0.40125,33.96417482485194,-40.746,59.52117919921876
13:14:07.939321,-0.40125,33.96417482485194,-40.746,59.52117919921876
13:14:07.944260,-0.38841,33.5368219195785,-40.446,58.20213317871093
13:14:07.949256,-0.38841,33.5368219195785,-40.446,58.20213317871093
13:14:07.954294,-0.38841,33.5368219195785,-40.446,58.20213317871093
13:14:07.959328,-0.38841,33.5368219195785,-40.446,58.20213317871093
13:14:07.964317,-0.38841,33.5368219195785,-40.446,58.20213317871093
13:14:07.969253,-0.38841,33.5368219195785,-40.446,58.20213317871093
13:14:07.974242,-0.38841,33.5368219195785,-40.446,58.20213317871093
13:14:07.979265,-0.38627,32.35882814516444,-40.362,56.92222595214844
13:14:07.984286,-0.38627,32.35882814516444,-40.362,56.92222595214844
13:14:07.989290,-0.38627,32.35882814516444,-40.362,56.92222595214844
13:14:07.994270,-0.38627,32.35882814516444,-40.362,56.92222595214844
13:14:07.999293,-0.38627,32.35882814516444,-40.362,56.92222595214844
13:14:08.004284,-0.38627,32.35882814516444,-40.362,56.92222595214844
13:14:08.009309,-0.38841,32.61635072817225,-40.002,55.62583923339844
13:14:08.014274,-0.38841,32.61635072817225,-40.002,55.62583923339844
13:14:08.019277,-0.38841,32.61635072817225,-40.002,55.62583923339844
13:14:08.024332,-0.38841,32.61635072817225,-40.002,55.62583923339844
13:14:08.029314,-0.38841,32.61635072817225,-40.002,55.62583923339844
13:14:08.034322,-0.38841,32.61635072817225,-40.002,55.62583923339844
13:14:08.039266,-0.37771,32.38623293032069,-40.33200000000001,54.37889099121094
13:14:08.044282,-0.37771,32.38623293032069,-40.33200000000001,54.37889099121094
13:14:08.049246,-0.37771,32.38623293032069,-40.33200000000001,54.37889099121094
13:14:08.054276,-0.37771,32.38623293032069,-40.33200000000001,54.37889099121094
13:14:08.059303,-0.37771,32.38623293032069,-40.33200000000001,54.37889099121094
13:14:08.064303,-0.37771,32.38623293032069,-40.33200000000001,54.37889099121094
13:14:08.069330,-0.37771,32.38623293032069,-40.33200000000001,54.37889099121094
13:14:08.074320,-0.37664,31.37260683168787,-39.858,53.092803955078125
13:14:08.079340,-0.37664,31.37260683168787,-39.858,53.092803955078125
13:14:08.084417,-0.37664,31.37260683168787,-39.858,53.092803955078125
13:14:08.089413,-0.37664,31.37260683168787,-39.858,53.092803955078125
13:14:08.094358,-0.37664,31.37260683168787,-39.858,53.092803955078125
13:14:08.099337,-0.37664,31.37260683168787,-39.858,53.092803955078125
13:14:08.104245,-0.35096,30.50145204653162,-39.558,51.74629211425781
13:14:08.109263,-0.35096,30.50145204653162,-39.558,51.74629211425781
13:14:08.114314,-0.35096,30.50145204653162,-39.558,51.74629211425781
13:14:08.119265,-0.35096,30.50145204653162,-39.558,51.74629211425781
13:14:08.124304,-0.35096,30.50145204653162,-39.558,51.74629211425781
13:14:08.129310,-0.35096,30.50145204653162,-39.558,51.74629211425781
13:14:08.134277,-0.35096,30.50145204653162,-39.558,51.74629211425781
13:14:08.139308,-0.35845,30.66581972231287,-40.458,50.51719665527344
13:14:08.144297,-0.35845,30.66581972231287,-40.458,50.51719665527344
13:14:08.149319,-0.35845,30.66581972231287,-40.458,50.51719665527344
13:14:08.154290,-0.35845,30.66581972231287,-40.458,50.51719665527344
13:14:08.159277,-0.35845,30.66581972231287,-40.458,50.51719665527344
13:14:08.164270,-0.35845,30.66581972231287,-40.458,50.51719665527344
13:14:08.169096,-0.36808,30.27133424868006,-40.806,49.22286987304688
13:14:08.174248,-0.36808,30.27133424868006,-40.806,49.22286987304688
13:14:08.179274,-0.36808,30.27133424868006,-40.806,49.22286987304688
13:14:08.184341,-0.36808,30.27133424868006,-40.806,49.22286987304688
13:14:08.189371,-0.36808,30.27133424868006,-40.806,49.22286987304688
13:14:08.194295,-0.36808,30.27133424868006,-40.806,49.22286987304688
13:14:08.199288,-0.36808,30.27133424868006,-40.806,49.22286987304688
13:14:08.204261,-0.34561,29.11526735414881,-40.83,47.92579650878906
13:14:08.209280,-0.34561,29.11526735414881,-40.83,47.92579650878906
13:14:08.214282,-0.34561,29.11526735414881,-40.83,47.92579650878906
13:14:08.219406,-0.34561,29.11526735414881,-40.83,47.92579650878906
13:14:08.224434,-0.34561,29.11526735414881,-40.83,47.92579650878906
13:14:08.229414,-0.34561,29.11526735414881,-40.83,47.92579650878906
13:14:08.234263,-0.3424,28.797487813133184,-40.33200000000001,46.61773681640625
13:14:08.239321,-0.3424,28.797487813133184,-40.33200000000001,46.61773681640625
13:14:08.244402,-0.3424,28.797487813133184,-40.33200000000001,46.61773681640625
13:14:08.249413,-0.3424,28.797487813133184,-40.33200000000001,46.61773681640625
13:14:08.254169,-0.3424,28.797487813133184,-40.33200000000001,46.61773681640625
13:14:08.259312,-0.3424,28.797487813133184,-40.33200000000001,46.61773681640625
13:14:08.264215,-0.33491,28.53448732485193,-40.386,45.38246154785156
13:14:08.269071,-0.33491,28.53448732485193,-40.386,45.38246154785156
13:14:08.274071,-0.33491,28.53448732485193,-40.386,45.38246154785156
13:14:08.279070,-0.33491,28.53448732485193,-40.386,45.38246154785156
13:14:08.284431,-0.33491,28.53448732485193,-40.386,45.38246154785156
13:14:08.289398,-0.33491,28.53448732485193,-40.386,45.38246154785156
13:14:08.294324,-0.33491,28.53448732485193,-40.386,45.38246154785156
13:14:08.299298,-0.33277,27.471560078758184,-40.446,44.06890869140625
13:14:08.304386,-0.33277,27.471560078758184,-40.446,44.06890869140625
13:14:08.309395,-0.33277,27.471560078758184,-40.446,44.06890869140625
13:14:08.314289,-0.33277,27.471560078758184,-40.446,44.06890869140625
13:14:08.319277,-0.33277,27.471560078758184,-40.446,44.06890869140625
13:14:08.324280,-0.33277,27.471560078758184,-40.446,44.06890869140625
13:14:08.329300,-0.33812,26.96202333559412,-40.992,42.7752685546875
13:14:08.334322,-0.33812,26.96202333559412,-40.992,42.7752685546875
13:14:08.339377,-0.33812,26.96202333559412,-40.992,42.7752685546875
13:14:08.344258,-0.33812,26.96202333559412,-40.992,42.7752685546875
13:14:08.349238,-0.33812,26.96202333559412,-40.992,42.7752685546875
13:14:08.354286,-0.33812,26.96202333559412,-40.992,42.7752685546875
13:14:08.359456,-0.33812,26.96202333559412,-40.992,42.7752685546875
13:14:08.364325,-0.31458,26.507265645164438,-40.458,41.504974365234375
13:14:08.369140,-0.31458,26.507265645164438,-40.458,41.504974365234375
13:14:08.374178,-0.31458,26.507265645164438,-40.458,41.504974365234375
13:14:08.379090,-0.31458,26.507265645164438,-40.458,41.504974365234375
13:14:08.384054,-0.31458,26.507265645164438,-40.458,41.504974365234375
13:14:08.389071,-0.31458,26.507265645164438,-40.458,41.504974365234375
13:14:08.394096,-0.31565,25.696367818016,-40.638,40.22300720214844
13:14:08.399070,-0.31565,25.696367818016,-40.638,40.22300720214844
13:14:08.404069,-0.31565,25.696367818016,-40.638,40.22300720214844
13:14:08.409093,-0.31565,25.696367818016,-40.638,40.22300720214844
13:14:08.414088,-0.31565,25.696367818016,-40.638,40.22300720214844
13:14:08.419069,-0.31565,25.696367818016,-40.638,40.22300720214844
13:14:08.424084,-0.31565,25.696367818016,-40.638,40.22300720214844
13:14:08.429440,-0.31137,24.726580220359747,-40.146,38.93829345703125
13:14:08.434197,-0.31137,24.726580220359747,-40.146,38.93829345703125
13:14:08.439276,-0.31137,24.726580220359747,-40.146,38.93829345703125
13:14:08.444105,-0.31137,24.726580220359747,-40.146,38.93829345703125
13:14:08.449284,-0.31137,24.726580220359747,-40.146,38.93829345703125
13:14:08.454092,-0.31137,24.726580220359747,-40.146,38.93829345703125
13:14:08.459117,-0.2996,24.523867207664438,-40.356,37.6116943359375
13:14:08.464065,-0.2996,24.523867207664438,-40.356,37.6116943359375
13:14:08.469047,-0.2996,24.523867207664438,-40.356,37.6116943359375
13:14:08.474092,-0.2996,24.523867207664438,-40.356,37.6116943359375
13:14:08.479071,-0.2996,24.523867207664438,-40.356,37.6116943359375
13:14:08.484063,-0.2996,24.523867207664438,-40.356,37.6116943359375
13:14:08.489222,-0.2996,24.523867207664438,-40.356,37.6116943359375
13:14:08.494066,-0.30174,24.260866719383184,-40.68600000000001,36.3702392578125
13:14:08.499065,-0.30174,24.260866719383184,-40.68600000000001,36.3702392578125
13:14:08.504069,-0.30174,24.260866719383184,-40.68600000000001,36.3702392578125
13:14:08.509068,-0.30174,24.260866719383184,-40.68600000000001,36.3702392578125
13:14:08.514088,-0.30174,24.260866719383184,-40.68600000000001,36.3702392578125
13:14:08.519067,-0.30174,24.260866719383184,-40.68600000000001,36.3702392578125
13:14:08.524106,-0.29318,22.87468202700037,-40.134,35.00038146972656
13:14:08.529085,-0.29318,22.87468202700037,-40.134,35.00038146972656
13:14:08.534254,-0.29318,22.87468202700037,-40.134,35.00038146972656
13:14:08.539095,-0.29318,22.87468202700037,-40.134,35.00038146972656
13:14:08.544065,-0.29318,22.87468202700037,-40.134,35.00038146972656
13:14:08.549082,-0.29318,22.87468202700037,-40.134,35.00038146972656
13:14:08.554286,-0.29318,22.87468202700037,-40.134,35.00038146972656
13:14:08.559057,-0.27927,21.87750490297693,-40.578,33.737640380859375
13:14:08.564103,-0.27927,21.87750490297693,-40.578,33.737640380859375
13:14:08.569061,-0.27927,21.87750490297693,-40.578,33.737640380859375
13:14:08.574081,-0.27927,21.87750490297693,-40.578,33.737640380859375
13:14:08.579071,-0.27927,21.87750490297693,-40.578,33.737640380859375
13:14:08.584060,-0.27927,21.87750490297693,-40.578,33.737640380859375
13:14:08.589079,-0.27178,21.50493105043787,-40.854,32.42820739746094
13:14:08.594038,-0.27178,21.50493105043787,-40.854,32.42820739746094
13:14:08.599083,-0.27178,21.50493105043787,-40.854,32.42820739746094
13:14:08.604062,-0.27178,21.50493105043787,-40.854,32.42820739746094
13:14:08.609062,-0.27178,21.50493105043787,-40.854,32.42820739746094
13:14:08.614067,-0.27178,21.50493105043787,-40.854,32.42820739746094
13:14:08.620654,-0.27071,21.38438661684412,-40.992,31.150360107421875
13:14:08.624596,-0.27071,21.38438661684412,-40.992,31.150360107421875
13:14:08.629295,-0.27071,21.38438661684412,-40.992,31.150360107421875
13:14:08.634395,-0.27071,21.38438661684412,-40.992,31.150360107421875
13:14:08.639264,-0.27071,21.38438661684412,-40.992,31.150360107421875
13:14:08.644367,-0.27071,21.38438661684412,-40.992,31.150360107421875
13:14:08.649321,-0.27071,21.38438661684412,-40.992,31.150360107421875
13:14:08.654390,-0.25466,19.82835634340662,-40.47,29.80247497558593
13:14:08.659382,-0.25466,19.82835634340662,-40.47,29.80247497558593
13:14:08.664401,-0.25466,19.82835634340662,-40.47,29.80247497558593
13:14:08.669437,-0.25466,19.82835634340662,-40.47,29.80247497558593
13:14:08.674376,-0.25466,19.82835634340662,-40.47,29.80247497558593
13:14:08.679269,-0.25466,19.82835634340662,-40.47,29.80247497558593
13:14:08.684275,-0.25466,19.82835634340662,-40.47,29.80247497558593
13:14:08.689301,-0.26322,19.19827516664881,-40.716,28.52943420410156
13:14:08.694405,-0.26322,19.19827516664881,-40.716,28.52943420410156
13:14:08.699422,-0.26322,19.19827516664881,-40.716,28.52943420410156
13:14:08.704342,-0.26322,19.19827516664881,-40.716,28.52943420410156
13:14:08.709367,-0.26322,19.19827516664881,-40.716,28.52943420410156
13:14:08.714304,-0.26322,19.19827516664881,-40.716,28.52943420410156
13:14:08.719285,-0.25038,18.546267110008184,-40.824,27.228927612304688
13:14:08.724269,-0.25038,18.546267110008184,-40.824,27.228927612304688
13:14:08.729313,-0.25038,18.546267110008184,-40.824,27.228927612304688
13:14:08.734072,-0.25038,18.546267110008184,-40.824,27.228927612304688
13:14:08.739399,-0.25038,18.546267110008184,-40.824,27.228927612304688
13:14:08.744284,-0.25038,18.546267110008184,-40.824,27.228927612304688
13:14:08.749662,-0.25038,18.546267110008184,-40.824,27.228927612304688
13:14:08.754317,-0.24396,18.047686177391,-40.86,25.97991943359375
13:14:08.759113,-0.24396,18.047686177391,-40.86,25.97991943359375
13:14:08.764068,-0.24396,18.047686177391,-40.86,25.97991943359375
13:14:08.769092,-0.24396,18.047686177391,-40.86,25.97991943359375
13:14:08.774071,-0.24396,18.047686177391,-40.86,25.97991943359375
13:14:08.779405,-0.24396,18.047686177391,-40.86,25.97991943359375
13:14:08.784218,-0.24182,16.97380312075037,-41.244,24.62242126464844
13:14:08.789090,-0.24182,16.97380312075037,-41.244,24.62242126464844
13:14:08.794117,-0.24182,16.97380312075037,-41.244,24.62242126464844
13:14:08.799111,-0.24182,16.97380312075037,-41.244,24.62242126464844
13:14:08.804061,-0.24182,16.97380312075037,-41.244,24.62242126464844
13:14:08.809083,-0.24182,16.97380312075037,-41.244,24.62242126464844
13:14:08.814485,-0.24182,16.97380312075037,-41.244,24.62242126464844
13:14:08.819378,-0.22042,15.921831685203498,-40.8,23.328094482421875
13:14:08.824406,-0.22042,15.921831685203498,-40.8,23.328094482421875
13:14:08.829396,-0.22042,15.921831685203498,-40.8,23.328094482421875
13:14:08.834423,-0.22042,15.921831685203498,-40.8,23.328094482421875
13:14:08.839359,-0.22042,15.921831685203498,-40.8,23.328094482421875
13:14:08.844317,-0.22042,15.921831685203498,-40.8,23.328094482421875
13:14:08.849279,-0.22256,15.532824116844123,-39.444,22.1044921875
13:14:08.854299,-0.22256,15.532824116844123,-39.444,22.1044921875
13:14:08.859404,-0.22256,15.532824116844123,-39.444,22.1044921875
13:14:08.864141,-0.22256,15.532824116844123,-39.444,22.1044921875
13:14:08.869420,-0.22256,15.532824116844123,-39.444,22.1044921875
13:14:08.874388,-0.22256,15.532824116844123,-39.444,22.1044921875
13:14:08.879854,-0.22577,14.398668843406623,-40.854,20.81977844238281
13:14:08.884055,-0.22577,14.398668843406623,-40.854,20.81977844238281
13:14:08.889060,-0.22577,14.398668843406623,-40.854,20.81977844238281
13:14:08.894088,-0.22577,14.398668843406623,-40.854,20.81977844238281
13:14:08.899087,-0.22577,14.398668843406623,-40.854,20.81977844238281
13:14:08.904072,-0.22577,14.398668843406623,-40.854,20.81977844238281
13:14:08.909433,-0.22577,14.398668843406623,-40.854,20.81977844238281
13:14:08.914317,-0.20223,14.031572896140998,-40.872,19.48837280273437
13:14:08.919352,-0.20223,14.031572896140998,-40.872,19.48837280273437
13:14:08.924452,-0.20223,14.031572896140998,-40.872,19.48837280273437
13:14:08.929408,-0.20223,14.031572896140998,-40.872,19.48837280273437
13:14:08.934330,-0.20223,14.031572896140998,-40.872,19.48837280273437
13:14:08.939325,-0.20223,14.031572896140998,-40.872,19.48837280273437
13:14:08.945005,-0.18939,12.815233784812872,-40.218,18.174819946289062
13:14:08.949143,-0.18939,12.815233784812872,-40.218,18.174819946289062
13:14:08.954295,-0.18939,12.815233784812872,-40.218,18.174819946289062
13:14:08.959346,-0.18939,12.815233784812872,-40.218,18.174819946289062
13:14:08.964329,-0.18939,12.815233784812872,-40.218,18.174819946289062
13:14:08.969226,-0.18939,12.815233784812872,-40.218,18.174819946289062
13:14:08.974282,-0.18939,12.815233784812872,-40.218,18.174819946289062
13:14:08.979317,-0.19581,12.23446901430506,-40.872,16.881179809570312
13:14:08.984309,-0.19581,12.23446901430506,-40.872,16.881179809570312
13:14:08.989340,-0.19581,12.23446901430506,-40.872,16.881179809570312
13:14:08.994358,-0.19581,12.23446901430506,-40.872,16.881179809570312
13:14:08.999417,-0.19581,12.23446901430506,-40.872,16.881179809570312
13:14:09.004373,-0.19581,12.23446901430506,-40.872,16.881179809570312
13:14:09.009679,-0.1819,12.23446901430506,-40.494,15.630111694335936
13:14:09.014313,-0.1819,10.809923726219123,-40.494,15.630111694335936
13:14:09.019357,-0.1819,10.809923726219123,-40.494,15.630111694335936
13:14:09.024109,-0.1819,10.809923726219123,-40.494,15.630111694335936
13:14:09.029403,-0.1819,10.809923726219123,-40.494,15.630111694335936
13:14:09.034388,-0.1819,10.809923726219123,-40.494,15.630111694335936
13:14:09.039295,-0.1819,10.809923726219123,-40.494,15.630111694335936
13:14:09.044302,-0.17227,10.694857197898813,-40.242,14.277420043945312
13:14:09.049276,-0.17227,10.694857197898813,-40.242,14.277420043945312
13:14:09.054270,-0.17227,10.694857197898813,-40.242,14.277420043945312
13:14:09.059318,-0.17227,10.694857197898813,-40.242,14.277420043945312
13:14:09.064340,-0.17227,10.694857197898813,-40.242,14.277420043945312
13:14:09.069333,-0.17227,10.694857197898813,-40.242,14.277420043945312
13:14:09.074180,-0.1712,9.599062520164436,-40.30199999999999,12.97760009765625
13:14:09.079322,-0.1712,9.599062520164436,-40.30199999999999,12.97760009765625
13:14:09.084330,-0.1712,9.599062520164436,-40.30199999999999,12.97760009765625
13:14:09.089287,-0.1712,9.599062520164436,-40.30199999999999,12.97760009765625
13:14:09.094324,-0.1712,9.599062520164436,-40.30199999999999,12.97760009765625
13:14:09.099347,-0.1712,9.599062520164436,-40.30199999999999,12.97760009765625
13:14:09.104263,-0.1712,9.599062520164436,-40.30199999999999,12.97760009765625
13:14:09.109277,-0.1605,8.558062153953498,-40.71,11.723098754882812
13:14:09.114299,-0.1605,8.558062153953498,-40.71,11.723098754882812
13:14:09.119353,-0.1605,8.558062153953498,-40.71,11.723098754882812
13:14:09.124353,-0.1605,8.558062153953498,-40.71,11.723098754882812
13:14:09.129311,-0.1605,8.558062153953498,-40.71,11.723098754882812
13:14:09.134369,-0.1605,8.558062153953498,-40.71,11.723098754882812
13:14:09.139177,-0.1605,7.48416383852381,-40.326,10.44525146484375
13:14:09.144090,-0.1605,7.48416383852381,-40.326,10.44525146484375
13:14:09.149063,-0.1605,7.48416383852381,-40.326,10.44525146484375
13:14:09.154063,-0.1605,7.48416383852381,-40.326,10.44525146484375
13:14:09.159083,-0.1605,7.48416383852381,-40.326,10.44525146484375
13:14:09.164068,-0.1605,7.48416383852381,-40.326,10.44525146484375
13:14:09.169128,-0.1605,7.48416383852381,-40.326,10.44525146484375
13:14:09.174266,-0.14445,6.963671284812873,-40.476,9.1845703125
13:14:09.179061,-0.14445,6.963671284812873,-40.476,9.1845703125
13:14:09.184067,-0.14445,6.963671284812873,-40.476,9.1845703125
13:14:09.189069,-0.14445,6.963671284812873,-40.476,9.1845703125
13:14:09.194085,-0.14445,6.963671284812873,-40.476,9.1845703125
13:14:09.199134,-0.14445,6.963671284812873,-40.476,9.1845703125
13:14:09.204157,-0.14017,6.645876485008185,-40.752,7.8408050537109375
13:14:09.209096,-0.14017,6.645876485008185,-40.752,7.8408050537109375
13:14:09.214064,-0.14017,6.645876485008185,-40.752,7.8408050537109375
13:14:09.219066,-0.14017,6.645876485008185,-40.752,7.8408050537109375
13:14:09.224104,-0.14017,6.645876485008185,-40.752,7.8408050537109375
13:14:09.229073,-0.14017,6.645876485008185,-40.752,7.8408050537109375
13:14:09.234148,-0.14017,6.645876485008185,-40.752,7.8408050537109375
13:14:09.239265,-0.13161,4.810412007469123,-40.67999999999999,6.554718017578125
13:14:09.244138,-0.13161,4.810412007469123,-40.67999999999999,6.554718017578125
13:14:09.249111,-0.13161,4.810412007469123,-40.67999999999999,6.554718017578125
13:14:09.254056,-0.13161,4.810412007469123,-40.67999999999999,6.554718017578125
13:14:09.259052,-0.13161,4.810412007469123,-40.67999999999999,6.554718017578125
13:14:09.264063,-0.13161,4.810412007469123,-40.67999999999999,6.554718017578125
13:14:09.269114,-0.12626,4.163897114890998,-40.362,5.2315521240234375
13:14:09.274064,-0.12626,4.163897114890998,-40.362,5.2315521240234375
13:14:09.279064,-0.12626,4.163897114890998,-40.362,5.2315521240234375
13:14:09.284088,-0.12626,4.163897114890998,-40.362,5.2315521240234375
13:14:09.289086,-0.12626,4.163897114890998,-40.362,5.2315521240234375
13:14:09.294082,-0.12626,4.163897114890998,-40.362,5.2315521240234375
13:14:09.299350,-0.12626,4.163897114890998,-40.362,5.2315521240234375
13:14:09.304357,-0.11663,3.243425923484748,-40.578,3.966064453125
13:14:09.309363,-0.11663,3.243425923484748,-40.578,3.966064453125
13:14:09.314322,-0.11663,3.243425923484748,-40.578,3.966064453125
13:14:09.319378,-0.11663,3.243425923484748,-40.578,3.966064453125
13:14:09.324331,-0.11663,3.243425923484748,-40.578,3.966064453125
13:14:09.329298,-0.11663,3.243425923484748,-40.578,3.966064453125
13:14:09.334343,-0.11021,3.09549196352381,-41.31,2.706756591796875
13:14:09.339325,-0.11021,3.09549196352381,-41.31,2.706756591796875
13:14:09.344397,-0.11021,3.09549196352381,-41.31,2.706756591796875
13:14:09.349375,-0.11021,3.09549196352381,-41.31,2.706756591796875
13:14:09.354307,-0.11021,3.09549196352381,-41.31,2.706756591796875
13:14:09.359381,-0.11021,3.09549196352381,-41.31,2.706756591796875
13:14:09.364220,-0.11021,3.09549196352381,-41.31,2.706756591796875
13:14:09.369186,-0.10165,1.4682336627425605,-39.804,1.347198486328125
13:14:09.374115,-0.10165,1.4682336627425605,-39.804,1.347198486328125
13:14:09.379072,-0.10165,1.4682336627425605,-39.804,1.347198486328125
13:14:09.384093,-0.10165,1.4682336627425605,-39.804,1.347198486328125
13:14:09.389056,-0.10165,1.4682336627425605,-39.804,1.347198486328125
13:14:09.394080,-0.10165,1.4682336627425605,-39.804,1.347198486328125
13:14:09.399138,-0.09309,0.6409021197738103,-39.864,0.0762176513671875
13:14:09.404083,-0.09309,0.6409021197738103,-39.864,0.0762176513671875
13:14:09.409060,-0.09309,0.6409021197738103,-39.864,0.0762176513671875
13:14:09.414061,-0.09309,0.6409021197738103,-39.864,0.0762176513671875
13:14:09.419060,-0.09309,0.6409021197738103,-39.864,0.0762176513671875
13:14:09.424082,-0.09309,0.6409021197738103,-39.864,0.0762176513671875
13:14:09.429350,-0.08132,0.6409021197738103,-41.538,-1.2139892578125
13:14:09.434095,-0.08132,0.0053430377425602,-41.538,-1.2139892578125
13:14:09.439059,-0.08132,0.0053430377425602,-41.538,-1.2139892578125
13:14:09.444070,-0.08132,0.0053430377425602,-41.538,-1.2139892578125
13:14:09.449114,-0.08132,0.0053430377425602,-41.538,-1.2139892578125
13:14:09.454068,-0.08132,0.0053430377425602,-41.538,-1.2139892578125
13:14:09.459060,-0.08132,0.0053430377425602,-41.538,-1.2139892578125
13:14:09.464080,-0.09095,-0.6959814251480647,-41.76,-2.468490600585937
13:14:09.469065,-0.09095,-0.6959814251480647,-41.76,-2.468490600585937
13:14:09.474064,-0.09095,-0.6959814251480647,-41.76,-2.468490600585937
13:14:09.479063,-0.09095,-0.6959814251480647,-41.76,-2.468490600585937
13:14:09.484085,-0.09095,-0.6959814251480647,-41.76,-2.468490600585937
13:14:09.489069,-0.09095,-0.6959814251480647,-41.76,-2.468490600585937
13:14:09.494130,-0.09095,-0.6959814251480647,-41.76,-2.468490600585937
13:14:09.499440,-0.06955,-1.6931585491715022,-40.704,-3.8616943359375
13:14:09.504423,-0.06955,-1.6931585491715022,-40.704,-3.8616943359375
13:14:09.509417,-0.06955,-1.6931585491715022,-40.704,-3.8616943359375
13:14:09.514327,-0.06955,-1.6931585491715022,-40.704,-3.8616943359375
13:14:09.519300,-0.06955,-1.6931585491715022,-40.704,-3.8616943359375
13:14:09.524296,-0.06955,-1.6931585491715022,-40.704,-3.8616943359375
13:14:09.529347,-0.06206,-3.13961545835119,-40.554,-5.1216888427734375
13:14:09.534515,-0.06206,-3.13961545835119,-40.554,-5.1216888427734375
13:14:09.539388,-0.06206,-3.13961545835119,-40.554,-5.1216888427734375
13:14:09.544292,-0.06206,-3.13961545835119,-40.554,-5.1216888427734375
13:14:09.549119,-0.06206,-3.13961545835119,-40.554,-5.1216888427734375
13:14:09.554482,-0.06206,-3.13961545835119,-40.554,-5.1216888427734375
13:14:09.559445,-0.06634,-3.13961545835119,-40.974,-6.4029693603515625
13:14:09.564064,-0.06634,-3.671079081398065,-40.974,-6.4029693603515625
13:14:09.569061,-0.06634,-3.671079081398065,-40.974,-6.4029693603515625
13:14:09.574041,-0.06634,-3.671079081398065,-40.974,-6.4029693603515625
13:14:09.579065,-0.06634,-3.671079081398065,-40.974,-6.4029693603515625
13:14:09.584070,-0.06634,-3.671079081398065,-40.974,-6.4029693603515625
13:14:09.589064,-0.06634,-3.671079081398065,-40.974,-6.4029693603515625
13:14:09.594130,-0.04601,-4.651807230812127,-41.586,-7.702789306640625
13:14:09.599129,-0.04601,-4.651807230812127,-41.586,-7.702789306640625
13:14:09.604136,-0.04601,-4.651807230812127,-41.586,-7.702789306640625
13:14:09.609087,-0.04601,-4.651807230812127,-41.586,-7.702789306640625
13:14:09.614062,-0.04601,-4.651807230812127,-41.586,-7.702789306640625
13:14:09.619064,-0.04601,-4.651807230812127,-41.586,-7.702789306640625
13:14:09.624257,-0.04601,-4.651807230812127,-41.586,-7.702789306640625
13:14:09.629088,-0.03638,-5.029858988624627,-40.986,-9.042434692382812
13:14:09.634047,-0.03638,-5.029858988624627,-40.986,-9.042434692382812
13:14:09.639095,-0.03638,-5.029858988624627,-40.986,-9.042434692382812
13:14:09.644068,-0.03638,-5.029858988624627,-40.986,-9.042434692382812
13:14:09.649061,-0.03638,-5.029858988624627,-40.986,-9.042434692382812
13:14:09.654082,-0.03638,-5.029858988624627,-40.986,-9.042434692382812
13:14:09.659141,-0.04387,-6.399609965187127,-39.666,-10.336761474609377
13:14:09.664134,-0.04387,-6.399609965187127,-39.666,-10.336761474609377
13:14:09.669051,-0.04387,-6.399609965187127,-39.666,-10.336761474609377
13:14:09.674050,-0.04387,-6.399609965187127,-39.666,-10.336761474609377
13:14:09.679090,-0.04387,-6.399609965187127,-39.666,-10.336761474609377
13:14:09.684069,-0.04387,-6.399609965187127,-39.666,-10.336761474609377
13:14:09.689082,-0.04387,-6.399609965187127,-39.666,-10.336761474609377
13:14:09.694327,-0.03424,-7.089963358741815,-40.956,-11.65924072265625
13:14:09.699115,-0.03424,-7.089963358741815,-40.956,-11.65924072265625
13:14:09.704080,-0.03424,-7.089963358741815,-40.956,-11.65924072265625
13:14:09.709066,-0.03424,-7.089963358741815,-40.956,-11.65924072265625
13:14:09.714089,-0.03424,-7.089963358741815,-40.956,-11.65924072265625
13:14:09.719081,-0.03424,-7.089963358741815,-40.956,-11.65924072265625
13:14:09.724399,-0.02461,-8.432324808937127,-40.776,-12.908935546875
13:14:09.729120,-0.02461,-8.432324808937127,-40.776,-12.908935546875
13:14:09.734085,-0.02461,-8.432324808937127,-40.776,-12.908935546875
13:14:09.739109,-0.02461,-8.432324808937127,-40.776,-12.908935546875
13:14:09.744068,-0.02461,-8.432324808937127,-40.776,-12.908935546875
13:14:09.749066,-0.02461,-8.432324808937127,-40.776,-12.908935546875
13:14:09.754098,-0.02461,-8.432324808937127,-40.776,-12.908935546875
13:14:09.759094,-0.02247,-8.689832133155877,-40.464000000000006,-14.271926879882812
13:14:09.764092,-0.02247,-8.689832133155877,-40.464000000000006,-14.271926879882812
13:14:09.769057,-0.02247,-8.689832133155877,-40.464000000000006,-14.271926879882812
13:14:09.774053,-0.02247,-8.689832133155877,-40.464000000000006,-14.271926879882812
13:14:09.779085,-0.02247,-8.689832133155877,-40.464000000000006,-14.271926879882812
13:14:09.784073,-0.02247,-8.689832133155877,-40.464000000000006,-14.271926879882812
13:14:09.789365,-0.02247,-8.689832133155877,-40.464000000000006,-14.271926879882812
13:14:09.794189,-0.00642,-9.955487650734002,-40.818000000000005,-15.629425048828123
13:14:09.799131,-0.00642,-9.955487650734002,-40.818000000000005,-15.629425048828123
13:14:09.804110,-0.00642,-9.955487650734002,-40.818000000000005,-15.629425048828123
13:14:09.809085,-0.00642,-9.955487650734002,-40.818000000000005,-15.629425048828123
13:14:09.814068,-0.00642,-9.955487650734002,-40.818000000000005,-15.629425048828123
13:14:09.819057,-0.00642,-9.955487650734002,-40.818000000000005,-15.629425048828123
13:14:09.824133,-0.00428,-10.673230570655877,-40.47,-16.922378540039062
13:14:09.829068,-0.00428,-10.673230570655877,-40.47,-16.922378540039062
13:14:09.834057,-0.00428,-10.673230570655877,-40.47,-16.922378540039062
13:14:09.839083,-0.00428,-10.673230570655877,-40.47,-16.922378540039062
13:14:09.844061,-0.00428,-10.673230570655877,-40.47,-16.922378540039062
13:14:09.849082,-0.00428,-10.673230570655877,-40.47,-16.922378540039062
13:14:09.854140,-0.00428,-10.673230570655877,-40.47,-16.922378540039062
13:14:09.859089,-0.0,-11.906003397804314,-41.76,-18.20228576660156
13:14:09.864124,-0.0,-11.906003397804314,-41.76,-18.20228576660156
13:14:09.869040,-0.0,-11.906003397804314,-41.76,-18.20228576660156
13:14:09.874051,-0.0,-11.906003397804314,-41.76,-18.20228576660156
13:14:09.879069,-0.0,-11.906003397804314,-41.76,-18.20228576660156
13:14:09.884070,-0.0,-11.906003397804314,-41.76,-18.20228576660156
13:14:09.889118,0.00749,-12.393643778663687,-41.07,-19.50279235839844
13:14:09.894068,0.00749,-12.393643778663687,-41.07,-19.50279235839844
13:14:09.899065,0.00749,-12.393643778663687,-41.07,-19.50279235839844
13:14:09.904068,0.00749,-12.393643778663687,-41.07,-19.50279235839844
13:14:09.909083,0.00749,-12.393643778663687,-41.07,-19.50279235839844
13:14:09.914082,0.00749,-12.393643778663687,-41.07,-19.50279235839844
13:14:09.919246,0.00749,-12.393643778663687,-41.07,-19.50279235839844
13:14:09.924317,0.01605,-12.919629496437128,-40.08,-20.83213806152344
13:14:09.929181,0.01605,-12.919629496437128,-40.08,-20.83213806152344
13:14:09.934070,0.01605,-12.919629496437128,-40.08,-20.83213806152344
13:14:09.939068,0.01605,-12.919629496437128,-40.08,-20.83213806152344
13:14:09.944062,0.01605,-12.919629496437128,-40.08,-20.83213806152344
13:14:09.949062,0.01605,-12.919629496437128,-40.08,-20.83213806152344
13:14:09.954139,0.01926,-14.135968607765252,-40.872,-22.131271362304688
13:14:09.959061,0.01926,-14.135968607765252,-40.872,-22.131271362304688
13:14:09.964054,0.01926,-14.135968607765252,-40.872,-22.131271362304688
13:14:09.969053,0.01926,-14.135968607765252,-40.872,-22.131271362304688
13:14:09.974063,0.01926,-14.135968607765252,-40.872,-22.131271362304688
13:14:09.979068,0.01926,-14.135968607765252,-40.872,-22.131271362304688
13:14:09.984071,0.01926,-14.135968607765252,-40.872,-22.131271362304688
13:14:09.989258,0.0214,-15.286557597023064,-40.932,-23.393325805664062
13:14:09.994093,0.0214,-15.286557597023064,-40.932,-23.393325805664062
13:14:09.999126,0.0214,-15.286557597023064,-40.932,-23.393325805664062
13:14:10.004065,0.0214,-15.286557597023064,-40.932,-23.393325805664062
13:14:10.009059,0.0214,-15.286557597023064,-40.932,-23.393325805664062
13:14:10.014090,0.0214,-15.286557597023064,-40.932,-23.393325805664062
13:14:10.019142,0.02461,-15.81802122006994,-40.134,-24.71099853515625
13:14:10.024082,0.02461,-15.81802122006994,-40.134,-24.71099853515625
13:14:10.029045,0.02461,-15.81802122006994,-40.134,-24.71099853515625
13:14:10.034084,0.02461,-15.81802122006994,-40.134,-24.71099853515625
13:14:10.039090,0.02461,-15.81802122006994,-40.134,-24.71099853515625
13:14:10.044063,0.02461,-15.81802122006994,-40.134,-24.71099853515625
13:14:10.049067,0.02461,-15.81802122006994,-40.134,-24.71099853515625
13:14:10.054098,0.04708,-16.13032285581213,-41.478,-26.08428955078125
13:14:10.059033,0.04708,-16.13032285581213,-41.478,-26.08428955078125
13:14:10.064093,0.04708,-16.13032285581213,-41.478,-26.08428955078125
13:14:10.069055,0.04708,-16.13032285581213,-41.478,-26.08428955078125
13:14:10.074060,0.04708,-16.13032285581213,-41.478,-26.08428955078125
13:14:10.079068,0.04708,-16.13032285581213,-41.478,-26.08428955078125
13:14:10.084609,0.04494,-17.653485697609003,-40.266,-27.39097595214844
13:14:10.089068,0.04494,-17.653485697609003,-40.266,-27.39097595214844
13:14:10.094057,0.04494,-17.653485697609003,-40.266,-27.39097595214844
13:14:10.099045,0.04494,-17.653485697609003,-40.266,-27.39097595214844
13:14:10.104087,0.04494,-17.653485697609003,-40.266,-27.39097595214844
13:14:10.109067,0.04494,-17.653485697609003,-40.266,-27.39097595214844
13:14:10.114071,0.04494,-17.653485697609003,-40.266,-27.39097595214844
13:14:10.119370,0.05029,-18.617780131202757,-40.194,-28.629684448242188
13:14:10.124292,0.05029,-18.617780131202757,-40.194,-28.629684448242188
13:14:10.129250,0.05029,-18.617780131202757,-40.194,-28.629684448242188
13:14:10.134121,0.05029,-18.617780131202757,-40.194,-28.629684448242188
13:14:10.139083,0.05029,-18.617780131202757,-40.194,-28.629684448242188
13:14:10.144415,0.05029,-18.617780131202757,-40.194,-28.629684448242188
13:14:10.149998,0.05778,-19.05062620053869,-40.818000000000005,-29.934310913085938
13:14:10.154185,0.05778,-19.05062620053869,-40.818000000000005,-29.934310913085938
13:14:10.159205,0.05778,-19.05062620053869,-40.818000000000005,-29.934310913085938
13:14:10.164281,0.05778,-19.05062620053869,-40.818000000000005,-29.934310913085938
13:14:10.169286,0.05778,-19.05062620053869,-40.818000000000005,-29.934310913085938
13:14:10.174291,0.05778,-19.05062620053869,-40.818000000000005,-29.934310913085938
13:14:10.179367,0.05778,-19.05062620053869,-40.818000000000005,-29.934310913085938
13:14:10.184402,0.06099,-18.973920267921503,-40.272,-31.24168395996094
13:14:10.189272,0.06099,-18.973920267921503,-40.272,-31.24168395996094
13:14:10.194174,0.06099,-18.973920267921503,-40.272,-31.24168395996094
13:14:10.199130,0.06099,-18.973920267921503,-40.272,-31.24168395996094
13:14:10.204063,0.06099,-18.973920267921503,-40.272,-31.24168395996094
13:14:10.209087,0.06099,-18.973920267921503,-40.272,-31.24168395996094
13:14:10.214265,0.06741,-20.63953916440588,-40.902,-32.58476257324219
13:14:10.219060,0.06741,-20.63953916440588,-40.902,-32.58476257324219
13:14:10.224032,0.06741,-20.63953916440588,-40.902,-32.58476257324219
13:14:10.229086,0.06741,-20.63953916440588,-40.902,-32.58476257324219
13:14:10.234070,0.06741,-20.63953916440588,-40.902,-32.58476257324219
13:14:10.239059,0.06741,-20.63953916440588,-40.902,-32.58476257324219
13:14:10.244072,0.06741,-20.63953916440588,-40.902,-32.58476257324219
13:14:10.249162,0.08025,-21.98188535581213,-40.956,-33.85368347167969
13:14:10.254066,0.08025,-21.98188535581213,-40.956,-33.85368347167969
13:14:10.259202,0.08025,-21.98188535581213,-40.956,-33.85368347167969
13:14:10.264056,0.08025,-21.98188535581213,-40.956,-33.85368347167969
13:14:10.269031,0.08025,-21.98188535581213,-40.956,-33.85368347167969
13:14:10.274087,0.08025,-21.98188535581213,-40.956,-33.85368347167969
13:14:10.279244,0.07704,-21.949017924171503,-41.754,-35.14457702636719
13:14:10.284096,0.07704,-21.949017924171503,-41.754,-35.14457702636719
13:14:10.289043,0.07704,-21.949017924171503,-41.754,-35.14457702636719
13:14:10.294083,0.07704,-21.949017924171503,-41.754,-35.14457702636719
13:14:10.299058,0.07704,-21.949017924171503,-41.754,-35.14457702636719
13:14:10.304066,0.07704,-21.949017924171503,-41.754,-35.14457702636719
13:14:10.309067,0.07704,-21.949017924171503,-41.754,-35.14457702636719
13:14:10.314329,0.08881,-21.998334330421503,-41.064,-36.47117614746094
13:14:10.319104,0.08881,-21.998334330421503,-41.064,-36.47117614746094
13:14:10.324069,0.08881,-21.998334330421503,-41.064,-36.47117614746094
13:14:10.329084,0.08881,-21.998334330421503,-41.064,-36.47117614746094
13:14:10.334089,0.08881,-21.998334330421503,-41.064,-36.47117614746094
13:14:10.339092,0.08881,-21.998334330421503,-41.064,-36.47117614746094
13:14:10.344247,0.08774,-23.49409238706213,-39.912,-37.77717590332031
13:14:10.349070,0.08774,-23.49409238706213,-39.912,-37.77717590332031
13:14:10.354086,0.08774,-23.49409238706213,-39.912,-37.77717590332031
13:14:10.359173,0.08774,-23.49409238706213,-39.912,-37.77717590332031
13:14:10.364062,0.08774,-23.49409238706213,-39.912,-37.77717590332031
13:14:10.369061,0.08774,-23.49409238706213,-39.912,-37.77717590332031
13:14:10.374073,0.08774,-23.49409238706213,-39.912,-37.77717590332031
13:14:10.379118,0.09737,-24.95698301206213,-41.040000000000006,-39.087982177734375
13:14:10.384065,0.09737,-24.95698301206213,-41.040000000000006,-39.087982177734375
13:14:10.389070,0.09737,-24.95698301206213,-41.040000000000006,-39.087982177734375
13:14:10.394059,0.09737,-24.95698301206213,-41.040000000000006,-39.087982177734375
13:14:10.399120,0.09737,-24.95698301206213,-41.040000000000006,-39.087982177734375
13:14:10.404089,0.09737,-24.95698301206213,-41.040000000000006,-39.087982177734375
13:14:10.409128,0.10593,-24.803571146827757,-41.07,-40.35346984863281
13:14:10.414084,0.10593,-24.803571146827757,-41.07,-40.35346984863281
13:14:10.419045,0.10593,-24.803571146827757,-41.07,-40.35346984863281
13:14:10.424072,0.10593,-24.803571146827757,-41.07,-40.35346984863281
13:14:10.429082,0.10593,-24.803571146827757,-41.07,-40.35346984863281
13:14:10.434069,0.10593,-24.803571146827757,-41.07,-40.35346984863281
13:14:10.439122,0.10593,-24.803571146827757,-41.07,-40.35346984863281
13:14:10.444236,0.09844,-24.924115580421503,-40.938,-41.6107177734375
13:14:10.449085,0.09844,-24.924115580421503,-40.938,-41.6107177734375
13:14:10.454068,0.09844,-24.924115580421503,-40.938,-41.6107177734375
13:14:10.459093,0.09844,-24.924115580421503,-40.938,-41.6107177734375
13:14:10.464167,0.09844,-24.924115580421503,-40.938,-41.6107177734375
13:14:10.469051,0.09844,-24.924115580421503,-40.938,-41.6107177734375
13:14:10.474121,0.11449,-26.15688840756994,-41.094,-42.95654296875
13:14:10.479103,0.11449,-26.15688840756994,-41.094,-42.95654296875
13:14:10.484058,0.11449,-26.15688840756994,-41.094,-42.95654296875
13:14:10.489055,0.11449,-26.15688840756994,-41.094,-42.95654296875
13:14:10.494097,0.11449,-26.15688840756994,-41.094,-42.95654296875
13:14:10.499045,0.11449,-26.15688840756994,-41.094,-42.95654296875
13:14:10.504059,0.11449,-26.15688840756994,-41.094,-42.95654296875
13:14:10.509179,0.12626,-27.680051249366816,-40.902,-44.26322937011719
13:14:10.514072,0.12626,-27.680051249366816,-40.902,-44.26322937011719
13:14:10.519070,0.12626,-27.680051249366816,-40.902,-44.26322937011719
13:14:10.524068,0.12626,-27.680051249366816,-40.902,-44.26322937011719
13:14:10.529045,0.12626,-27.680051249366816,-40.902,-44.26322937011719
13:14:10.534099,0.12626,-27.680051249366816,-40.902,-44.26322937011719
13:14:10.539171,0.11877,-27.208859843116816,-41.094,-45.54450988769531
13:14:10.544066,0.11877,-27.208859843116816,-41.094,-45.54450988769531
13:14:10.549102,0.11877,-27.208859843116816,-41.094,-45.54450988769531
13:14:10.554066,0.11877,-27.208859843116816,-41.094,-45.54450988769531
13:14:10.559064,0.11877,-27.208859843116816,-41.094,-45.54450988769531
13:14:10.564155,0.11877,-27.208859843116816,-41.094,-45.54450988769531
13:14:10.569053,0.11877,-27.208859843116816,-41.094,-45.54450988769531
13:14:10.574134,0.12519,-27.943036478859003,-40.716,-46.81755065917969
13:14:10.579070,0.12519,-27.943036478859003,-40.716,-46.81755065917969
13:14:10.584063,0.12519,-27.943036478859003,-40.716,-46.81755065917969
13:14:10.589096,0.12519,-27.943036478859003,-40.716,-46.81755065917969
13:14:10.594072,0.12519,-27.943036478859003,-40.716,-46.81755065917969
13:14:10.599115,0.12519,-27.943036478859003,-40.716,-46.81755065917969
13:14:10.604114,0.14338,-28.92925779233557,-41.892,-48.15788269042969
13:14:10.609066,0.14338,-28.92925779233557,-41.892,-48.15788269042969
13:14:10.614058,0.14338,-28.92925779233557,-41.892,-48.15788269042969
13:14:10.619072,0.14338,-28.92925779233557,-41.892,-48.15788269042969
13:14:10.624098,0.14338,-28.92925779233557,-41.892,-48.15788269042969
13:14:10.629042,0.14338,-28.92925779233557,-41.892,-48.15788269042969
13:14:10.634102,0.14338,-28.92925779233557,-41.892,-48.15788269042969
13:14:10.639164,0.14231,-29.43880979428869,-40.464000000000006,-49.48860168457031
13:14:10.644070,0.14231,-29.43880979428869,-40.464000000000006,-49.48860168457031
13:14:10.649064,0.14231,-29.43880979428869,-40.464000000000006,-49.48860168457031
13:14:10.654064,0.14231,-29.43880979428869,-40.464000000000006,-49.48860168457031
13:14:10.659055,0.14231,-29.43880979428869,-40.464000000000006,-49.48860168457031
13:14:10.664208,0.14231,-29.43880979428869,-40.464000000000006,-49.48860168457031
13:14:10.669339,0.13375,-29.55935422788244,-41.364,-50.74653625488281
13:14:10.674250,0.13375,-29.55935422788244,-41.364,-50.74653625488281
13:14:10.679251,0.13375,-29.55935422788244,-41.364,-50.74653625488281
13:14:10.684251,0.13375,-29.55935422788244,-41.364,-50.74653625488281
13:14:10.689517,0.13375,-29.55935422788244,-41.364,-50.74653625488281
13:14:10.694168,0.13375,-29.55935422788244,-41.364,-50.74653625488281
13:14:10.699749,0.13375,-29.55935422788244,-41.364,-50.74653625488281
13:14:10.704374,0.1476599999999999,-30.64419309506994,-41.208,-51.97837829589844
13:14:10.709639,0.1476599999999999,-30.64419309506994,-41.208,-51.97837829589844
13:14:10.714309,0.1476599999999999,-30.64419309506994,-41.208,-51.97837829589844
13:14:10.719359,0.1476599999999999,-30.64419309506994,-41.208,-51.97837829589844
13:14:10.724280,0.1476599999999999,-30.64419309506994,-41.208,-51.97837829589844
13:14:10.729116,0.1476599999999999,-30.64419309506994,-41.208,-51.97837829589844
13:14:10.734300,0.15408,-31.30166379819494,-41.262,-53.304290771484375
13:14:10.739054,0.15408,-31.30166379819494,-41.262,-53.304290771484375
13:14:10.744068,0.15408,-31.30166379819494,-41.262,-53.304290771484375
13:14:10.749071,0.15408,-31.30166379819494,-41.262,-53.304290771484375
13:14:10.754097,0.15408,-31.30166379819494,-41.262,-53.304290771484375
13:14:10.759073,0.15408,-31.30166379819494,-41.262,-53.304290771484375
13:14:10.764446,0.15408,-31.30166379819494,-41.262,-53.304290771484375
13:14:10.769317,0.16585,-31.17017881284338,-40.626000000000005,-54.64118957519531
13:14:10.774432,0.16585,-31.17017881284338,-40.626000000000005,-54.64118957519531
13:14:10.779698,0.16585,-31.17017881284338,-40.626000000000005,-54.64118957519531
13:14:10.784412,0.16585,-31.17017881284338,-40.626000000000005,-54.64118957519531
13:14:10.789403,0.16585,-31.17017881284338,-40.626000000000005,-54.64118957519531
13:14:10.794302,0.16585,-31.17017881284338,-40.626000000000005,-54.64118957519531
13:14:10.799329,0.15408,-31.603009623390253,-40.41,-55.875091552734375
13:14:10.804381,0.15408,-31.603009623390253,-40.41,-55.875091552734375
13:14:10.809102,0.15408,-31.603009623390253,-40.41,-55.875091552734375
13:14:10.814109,0.15408,-31.603009623390253,-40.41,-55.875091552734375
13:14:10.819458,0.15408,-31.603009623390253,-40.41,-55.875091552734375
13:14:10.824350,0.15408,-31.603009623390253,-40.41,-55.875091552734375
13:14:10.829644,0.16157,-31.603009623390253,-41.7,-57.17559814453125
13:14:10.834164,0.16157,-33.08782712827306,-41.7,-57.17559814453125
13:14:10.839056,0.16157,-33.08782712827306,-41.7,-57.17559814453125
13:14:10.844060,0.16157,-33.08782712827306,-41.7,-57.17559814453125
13:14:10.849103,0.16157,-33.08782712827306,-41.7,-57.17559814453125
13:14:10.854063,0.16157,-33.08782712827306,-41.7,-57.17559814453125
13:14:10.859073,0.16157,-33.08782712827306,-41.7,-57.17559814453125
13:14:10.864097,0.16799,-33.59737913022619,-41.394,-58.45550537109375
13:14:10.869055,0.16799,-33.59737913022619,-41.394,-58.45550537109375
13:14:10.874150,0.16799,-33.59737913022619,-41.394,-58.45550537109375
13:14:10.879058,0.16799,-33.59737913022619,-41.394,-58.45550537109375
13:14:10.884068,0.16799,-33.59737913022619,-41.394,-58.45550537109375
13:14:10.889072,0.16799,-33.59737913022619,-41.394,-58.45550537109375
13:14:10.894674,0.16692,-32.35363523374181,-40.914,-59.82879638671875
13:14:10.899062,0.16692,-32.35363523374181,-40.914,-59.82879638671875
13:14:10.904061,0.16692,-32.35363523374181,-40.914,-59.82879638671875
13:14:10.909073,0.16692,-32.35363523374181,-40.914,-59.82879638671875
13:14:10.914085,0.16692,-32.35363523374181,-40.914,-59.82879638671875
13:14:10.919072,0.16692,-32.35363523374181,-40.914,-59.82879638671875
13:14:10.924072,0.16692,-32.35363523374181,-40.914,-59.82879638671875
13:14:10.929164,0.18404,-33.87679807553869,-40.734,-61.12449645996094
13:14:10.934052,0.18404,-33.87679807553869,-40.734,-61.12449645996094
13:14:10.939061,0.18404,-33.87679807553869,-40.734,-61.12449645996094
13:14:10.944060,0.18404,-33.87679807553869,-40.734,-61.12449645996094
13:14:10.949094,0.18404,-33.87679807553869,-40.734,-61.12449645996094
13:14:10.954065,0.18404,-33.87679807553869,-40.734,-61.12449645996094
13:14:10.959974,0.18083,-33.87679807553869,-40.43399999999999,-62.41127014160156
13:14:10.964384,0.18083,-35.33421079526525,-40.43399999999999,-62.41127014160156
13:14:10.969382,0.18083,-35.33421079526525,-40.43399999999999,-62.41127014160156
13:14:10.974258,0.18083,-35.33421079526525,-40.43399999999999,-62.41127014160156
13:14:10.979060,0.18083,-35.33421079526525,-40.43399999999999,-62.41127014160156
13:14:10.984059,0.18083,-35.33421079526525,-40.43399999999999,-62.41127014160156
13:14:10.989063,0.18083,-35.33421079526525,-40.43399999999999,-62.41127014160156
13:14:10.994085,0.17655,-34.85754148374181,-41.118,-63.656158447265625
13:14:10.999052,0.17655,-34.85754148374181,-41.118,-63.656158447265625
13:14:11.004056,0.17655,-34.85754148374181,-41.118,-63.656158447265625
13:14:11.009058,0.17655,-34.85754148374181,-41.118,-63.656158447265625
13:14:11.014083,0.17655,-34.85754148374181,-41.118,-63.656158447265625
13:14:11.019065,0.17655,-34.85754148374181,-41.118,-63.656158447265625
13:14:11.024072,0.17655,-34.85754148374181,-41.118,-63.656158447265625
13:14:11.029088,0.18404,-33.739819926124625,-41.214000000000006,-65.0006103515625
13:14:11.034062,0.18404,-33.739819926124625,-41.214000000000006,-65.0006103515625
13:14:11.039062,0.18404,-33.739819926124625,-41.214000000000006,-65.0006103515625
13:14:11.044096,0.18404,-33.739819926124625,-41.214000000000006,-65.0006103515625
13:14:11.049082,0.18404,-33.739819926124625,-41.214000000000006,-65.0006103515625
13:14:11.054423,0.18404,-33.739819926124625,-41.214000000000006,-65.0006103515625
13:14:11.059329,0.18297,-35.49310056577306,-40.68600000000001,-66.36566162109375
13:14:11.064354,0.18297,-35.49310056577306,-40.68600000000001,-66.36566162109375
13:14:11.069450,0.18297,-35.49310056577306,-40.68600000000001,-66.36566162109375
13:14:11.074334,0.18297,-35.49310056577306,-40.68600000000001,-66.36566162109375
13:14:11.079053,0.18297,-35.49310056577306,-40.68600000000001,-66.36566162109375
13:14:11.084058,0.18297,-35.49310056577306,-40.68600000000001,-66.36566162109375
13:14:11.089089,0.18297,-35.49310056577306,-40.68600000000001,-66.36566162109375
13:14:11.094109,0.19581,-36.92860166440588,-40.572,-67.64213562011719
13:14:11.099064,0.19581,-36.92860166440588,-40.572,-67.64213562011719
13:14:11.104066,0.19581,-36.92860166440588,-40.572,-67.64213562011719
13:14:11.109082,0.19581,-36.92860166440588,-40.572,-67.64213562011719
13:14:11.114082,0.19581,-36.92860166440588,-40.572,-67.64213562011719
13:14:11.119057,0.19581,-36.92860166440588,-40.572,-67.64213562011719
13:14:11.124092,0.19153,-36.39166013608556,-41.040000000000006,-68.96255493164062
13:14:11.129094,0.19153,-36.39166013608556,-41.040000000000006,-68.96255493164062
13:14:11.134072,0.19153,-36.39166013608556,-41.040000000000006,-68.96255493164062
13:14:11.139065,0.19153,-36.39166013608556,-41.040000000000006,-68.96255493164062
13:14:11.144069,0.19153,-36.39166013608556,-41.040000000000006,-68.96255493164062
13:14:11.149086,0.19153,-36.39166013608556,-41.040000000000006,-68.96255493164062
13:14:11.154070,0.19153,-36.39166013608556,-41.040000000000006,-68.96255493164062
13:14:11.159252,0.18939,-34.74249021421056,-41.34,-70.25070190429688
13:14:11.164416,0.18939,-34.74249021421056,-41.34,-70.25070190429688
13:14:11.169196,0.18939,-34.74249021421056,-41.34,-70.25070190429688
13:14:11.174086,0.18939,-34.74249021421056,-41.34,-70.25070190429688
13:14:11.179058,0.18939,-34.74249021421056,-41.34,-70.25070190429688
13:14:11.184067,0.18939,-34.74249021421056,-41.34,-70.25070190429688
13:14:11.189967,0.20544,-37.25185911069494,-40.764,-71.58554077148438
13:14:11.194350,0.20544,-37.25185911069494,-40.764,-71.58554077148438
13:14:11.199150,0.20544,-37.25185911069494,-40.764,-71.58554077148438
13:14:11.204123,0.20544,-37.25185911069494,-40.764,-71.58554077148438
13:14:11.209071,0.20544,-37.25185911069494,-40.764,-71.58554077148438
13:14:11.214064,0.20544,-37.25185911069494,-40.764,-71.58554077148438
13:14:11.219093,0.20544,-37.25185911069494,-40.764,-71.58554077148438
13:14:11.224153,0.21186,-39.09829465756994,-39.33,-72.89291381835938
13:14:11.229066,0.21186,-39.09829465756994,-39.33,-72.89291381835938
13:14:11.234061,0.21186,-39.09829465756994,-39.33,-72.89291381835938
13:14:11.239059,0.21186,-39.09829465756994,-39.33,-72.89291381835938
13:14:11.244097,0.21186,-39.09829465756994,-39.33,-72.89291381835938
13:14:11.249069,0.21186,-39.09829465756994,-39.33,-72.89291381835938
13:14:11.254353,0.21186,-39.09829465756994,-39.33,-72.89291381835938
13:14:11.259064,0.21186,-37.71209470639806,-39.534,-74.16732788085938
13:14:11.264039,0.21186,-37.71209470639806,-39.534,-74.16732788085938
13:14:11.269070,0.21186,-37.71209470639806,-39.534,-74.16732788085938
13:14:11.274210,0.21186,-37.71209470639806,-39.534,-74.16732788085938
13:14:11.279067,0.21186,-37.71209470639806,-39.534,-74.16732788085938
13:14:11.284057,0.21186,-37.71209470639806,-39.534,-74.16732788085938
13:14:11.289153,0.20758,-37.26283018003088,-38.826,-75.39985656738281
13:14:11.294122,0.20758,-37.26283018003088,-38.826,-75.39985656738281
13:14:11.299068,0.20758,-37.26283018003088,-38.826,-75.39985656738281
13:14:11.304108,0.20758,-37.26283018003088,-38.826,-75.39985656738281
13:14:11.309065,0.20758,-37.26283018003088,-38.826,-75.39985656738281
13:14:11.314082,0.20758,-37.26283018003088,-38.826,-75.39985656738281
13:14:11.319069,0.20758,-37.26283018003088,-38.826,-75.39985656738281
13:14:11.324069,0.21614,-38.64353696714025,-37.776,-76.68800354003906
13:14:11.329062,0.21614,-38.64353696714025,-37.776,-76.68800354003906
13:14:11.334052,0.21614,-38.64353696714025,-37.776,-76.68800354003906
13:14:11.339085,0.21614,-38.64353696714025,-37.776,-76.68800354003906
13:14:11.344070,0.21614,-38.64353696714025,-37.776,-76.68800354003906
13:14:11.349071,0.21614,-38.64353696714025,-37.776,-76.68800354003906
13:14:11.354184,0.22684,-39.41607419858556,-36.312,-77.86491394042969
13:14:11.359061,0.22684,-39.41607419858556,-36.312,-77.86491394042969
13:14:11.364058,0.22684,-39.41607419858556,-36.312,-77.86491394042969
13:14:11.369230,0.22684,-39.41607419858556,-36.312,-77.86491394042969
13:14:11.374121,0.22684,-39.41607419858556,-36.312,-77.86491394042969
13:14:11.379213,0.22684,-39.41607419858556,-36.312,-77.86491394042969
13:14:11.384066,0.22684,-39.41607419858556,-36.312,-77.86491394042969
13:14:11.389132,0.21935,-38.933911722999625,-35.88,-78.9971923828125
13:14:11.394066,0.21935,-38.933911722999625,-35.88,-78.9971923828125
13:14:11.399064,0.21935,-38.933911722999625,-35.88,-78.9971923828125
13:14:11.404118,0.21935,-38.933911722999625,-35.88,-78.9971923828125
13:14:11.409068,0.21935,-38.933911722999625,-35.88,-78.9971923828125
13:14:11.414094,0.21935,-38.933911722999625,-35.88,-78.9971923828125
13:14:11.419135,0.22684,-38.7585882366715,-34.236,-80.12809753417969
13:14:11.424068,0.22684,-38.7585882366715,-34.236,-80.12809753417969
13:14:11.429083,0.22684,-38.7585882366715,-34.236,-80.12809753417969
13:14:11.434082,0.22684,-38.7585882366715,-34.236,-80.12809753417969
13:14:11.439118,0.22684,-38.7585882366715,-34.236,-80.12809753417969
13:14:11.444061,0.22684,-38.7585882366715,-34.236,-80.12809753417969
13:14:11.449064,0.22684,-38.7585882366715,-34.236,-80.12809753417969
13:14:11.454128,0.22791,-38.2873968304215,-34.254000000000005,-81.24046325683594
13:14:11.459057,0.22791,-38.2873968304215,-34.254000000000005,-81.24046325683594
13:14:11.464064,0.22791,-38.2873968304215,-34.254000000000005,-81.24046325683594
13:14:11.469062,0.22791,-38.2873968304215,-34.254000000000005,-81.24046325683594
13:14:11.474072,0.22791,-38.2873968304215,-34.254000000000005,-81.24046325683594
13:14:11.479184,0.22791,-38.2873968304215,-34.254000000000005,-81.24046325683594
13:14:11.484168,0.22898,-39.98040525327306,-33.54,-82.35763549804688
13:14:11.489064,0.22898,-39.98040525327306,-33.54,-82.35763549804688
13:14:11.494045,0.22898,-39.98040525327306,-33.54,-82.35763549804688
13:14:11.499108,0.22898,-39.98040525327306,-33.54,-82.35763549804688
13:14:11.504099,0.22898,-39.98040525327306,-33.54,-82.35763549804688
13:14:11.509073,0.22898,-39.98040525327306,-33.54,-82.35763549804688
13:14:11.514071,0.22898,-39.98040525327306,-33.54,-82.35763549804688
13:14:11.519123,0.23433,-39.89822141538244,-31.668,-83.43154907226562
13:14:11.524109,0.23433,-39.89822141538244,-31.668,-83.43154907226562
13:14:11.529064,0.23433,-39.89822141538244,-31.668,-83.43154907226562
13:14:11.534092,0.23433,-39.89822141538244,-31.668,-83.43154907226562
13:14:11.539070,0.23433,-39.89822141538244,-31.668,-83.43154907226562
13:14:11.544058,0.23433,-39.89822141538244,-31.668,-83.43154907226562
13:14:11.549271,0.22898,-39.89822141538244,-30.438,-84.39903259277344
13:14:11.554416,0.22898,-39.421552103859,-30.438,-84.39903259277344
13:14:11.559269,0.22898,-39.421552103859,-30.438,-84.39903259277344
13:14:11.564403,0.22898,-39.421552103859,-30.438,-84.39903259277344
13:14:11.569426,0.22898,-39.421552103859,-30.438,-84.39903259277344
13:14:11.574459,0.22898,-39.421552103859,-30.438,-84.39903259277344
13:14:11.579386,0.22898,-39.421552103859,-30.438,-84.39903259277344
13:14:11.584072,0.22791,-38.56683103452306,-29.832000000000004,-85.37750244140625
13:14:11.589060,0.22791,-38.56683103452306,-29.832000000000004,-85.37750244140625
13:14:11.594062,0.22791,-38.56683103452306,-29.832000000000004,-85.37750244140625
13:14:11.599088,0.22791,-38.56683103452306,-29.832000000000004,-85.37750244140625
13:14:11.604117,0.22791,-38.56683103452306,-29.832000000000004,-85.37750244140625
13:14:11.609060,0.22791,-38.56683103452306,-29.832000000000004,-85.37750244140625
13:14:11.614111,0.22791,-38.56683103452306,-29.832000000000004,-85.37750244140625
13:14:11.619060,0.23112,-39.3284124554215,-29.532000000000004,-86.29005432128906
13:14:11.624056,0.23112,-39.3284124554215,-29.532000000000004,-86.29005432128906
13:14:11.629054,0.23112,-39.3284124554215,-29.532000000000004,-86.29005432128906
13:14:11.634073,0.23112,-39.3284124554215,-29.532000000000004,-86.29005432128906
13:14:11.639064,0.23112,-39.3284124554215,-29.532000000000004,-86.29005432128906
13:14:11.644065,0.23112,-39.3284124554215,-29.532000000000004,-86.29005432128906
13:14:11.649056,0.23219,-39.7502874554215,-27.858000000000004,-87.21290588378906
13:14:11.654073,0.23219,-39.7502874554215,-27.858000000000004,-87.21290588378906
13:14:11.659062,0.23219,-39.7502874554215,-27.858000000000004,-87.21290588378906
13:14:11.664056,0.23219,-39.7502874554215,-27.858000000000004,-87.21290588378906
13:14:11.669087,0.23219,-39.7502874554215,-27.858000000000004,-87.21290588378906
13:14:11.674071,0.23219,-39.7502874554215,-27.858000000000004,-87.21290588378906
13:14:11.679326,0.23647,-39.7502874554215,-27.252,-88.14537048339844
13:14:11.684038,0.23647,-40.01876584897619,-27.252,-88.14537048339844
13:14:11.689053,0.23647,-40.01876584897619,-27.252,-88.14537048339844
13:14:11.694055,0.23647,-40.01876584897619,-27.252,-88.14537048339844
13:14:11.699066,0.23647,-40.01876584897619,-27.252,-88.14537048339844
13:14:11.704102,0.23647,-40.01876584897619,-27.252,-88.14537048339844
13:14:11.709067,0.23647,-40.01876584897619,-27.252,-88.14537048339844
13:14:11.714054,0.24503,-39.547559183937125,-25.596,-88.97483825683594
13:14:11.719048,0.24503,-39.547559183937125,-25.596,-88.97483825683594
13:14:11.724053,0.24503,-39.547559183937125,-25.596,-88.97483825683594
13:14:11.729069,0.24503,-39.547559183937125,-25.596,-88.97483825683594
13:14:11.734067,0.24503,-39.547559183937125,-25.596,-88.97483825683594
13:14:11.739139,0.24503,-39.547559183937125,-25.596,-88.97483825683594
13:14:11.744259,0.23219,-39.547559183937125,-25.686,-89.75349426269531
13:14:11.749021,0.23219,-39.26814023862463,-25.686,-89.75349426269531
13:14:11.754056,0.23219,-39.26814023862463,-25.686,-89.75349426269531
13:14:11.759068,0.23219,-39.26814023862463,-25.686,-89.75349426269531
13:14:11.764067,0.23219,-39.26814023862463,-25.686,-89.75349426269531
13:14:11.769065,0.23219,-39.26814023862463,-25.686,-89.75349426269531
13:14:11.774053,0.23219,-39.26814023862463,-25.686,-89.75349426269531
13:14:11.779083,0.22791,-39.076367777687125,-24.258,-90.54519653320312
13:14:11.784045,0.22791,-39.076367777687125,-24.258,-90.54519653320312
13:14:11.789064,0.22791,-39.076367777687125,-24.258,-90.54519653320312
13:14:11.794137,0.22791,-39.076367777687125,-24.258,-90.54519653320312
13:14:11.799103,0.22791,-39.076367777687125,-24.258,-90.54519653320312
13:14:11.804082,0.22791,-39.076367777687125,-24.258,-90.54519653320312
13:14:11.809227,0.22791,-39.076367777687125,-24.258,-90.54519653320312
13:14:11.814165,0.24289,-40.37489072690588,-24.036,-91.2957000732422
13:14:11.819066,0.24289,-40.37489072690588,-24.036,-91.2957000732422
13:14:11.824060,0.24289,-40.37489072690588,-24.036,-91.2957000732422
13:14:11.829064,0.24289,-40.37489072690588,-24.036,-91.2957000732422
13:14:11.834090,0.24289,-40.37489072690588,-24.036,-91.2957000732422
13:14:11.839072,0.24289,-40.37489072690588,-24.036,-91.2957000732422
13:14:11.844122,0.23433,-38.22712461362463,-22.248,-92.02423095703124
13:14:11.849067,0.23433,-38.22712461362463,-22.248,-92.02423095703124
13:14:11.854459,0.23433,-38.22712461362463,-22.248,-92.02423095703124
13:14:11.859352,0.23433,-38.22712461362463,-22.248,-92.02423095703124
13:14:11.864427,0.23433,-38.22712461362463,-22.248,-92.02423095703124
13:14:11.869430,0.23433,-38.22712461362463,-22.248,-92.02423095703124
13:14:11.874272,0.23433,-38.22712461362463,-22.248,-92.02423095703124
13:14:11.879212,0.25252,-41.77204648862463,-21.756,-92.72666931152344
13:14:11.884109,0.25252,-41.77204648862463,-21.756,-92.72666931152344
13:14:11.889071,0.25252,-41.77204648862463,-21.756,-92.72666931152344
13:14:11.894070,0.25252,-41.77204648862463,-21.756,-92.72666931152344
13:14:11.899091,0.25252,-41.77204648862463,-21.756,-92.72666931152344
13:14:11.904084,0.25252,-41.77204648862463,-21.756,-92.72666931152344
13:14:11.909107,0.23433,-38.54490415464025,-20.166000000000004,-93.4174346923828
13:14:11.914063,0.23433,-38.54490415464025,-20.166000000000004,-93.4174346923828
13:14:11.919356,0.23433,-38.54490415464025,-20.166000000000004,-93.4174346923828
13:14:11.924318,0.23433,-38.54490415464025,-20.166000000000004,-93.4174346923828
13:14:11.929311,0.23433,-38.54490415464025,-20.166000000000004,-93.4174346923828
13:14:11.934308,0.23433,-38.54490415464025,-20.166000000000004,-93.4174346923828
13:14:11.939334,0.23433,-38.54490415464025,-20.166000000000004,-93.4174346923828
13:14:11.944386,0.24396,-40.38036863217931,-19.008000000000003,-94.07318115234376
13:14:11.949479,0.24396,-40.38036863217931,-19.008000000000003,-94.07318115234376
13:14:11.954327,0.24396,-40.38036863217931,-19.008000000000003,-94.07318115234376
13:14:11.959097,0.24396,-40.38036863217931,-19.008000000000003,-94.07318115234376
13:14:11.964066,0.24396,-40.38036863217931,-19.008000000000003,-94.07318115234376
13:14:11.969107,0.24396,-40.38036863217931,-19.008000000000003,-94.07318115234376
13:14:11.974059,0.2354,-39.93658201108556,-17.634,-94.66094970703124
13:14:11.979064,0.2354,-39.93658201108556,-17.634,-94.66094970703124
13:14:11.984045,0.2354,-39.93658201108556,-17.634,-94.66094970703124
13:14:11.989098,0.2354,-39.93658201108556,-17.634,-94.66094970703124
13:14:11.994149,0.2354,-39.93658201108556,-17.634,-94.66094970703124
13:14:11.999071,0.2354,-39.93658201108556,-17.634,-94.66094970703124
13:14:12.004094,0.2354,-39.93658201108556,-17.634,-94.66094970703124
13:14:12.009031,0.22791,-38.42437497983556,-17.448,-95.18280029296876
13:14:12.014059,0.22791,-38.42437497983556,-17.448,-95.18280029296876
13:14:12.019068,0.22791,-38.42437497983556,-17.448,-95.18280029296876
13:14:12.024084,0.22791,-38.42437497983556,-17.448,-95.18280029296876
13:14:12.029073,0.22791,-38.42437497983556,-17.448,-95.18280029296876
13:14:12.034071,0.22791,-38.42437497983556,-17.448,-95.18280029296876
13:14:12.040201,0.24289,-40.2214788616715,-16.428,-95.75271606445312
13:14:12.044257,0.24289,-40.2214788616715,-16.428,-95.75271606445312
13:14:12.049067,0.24289,-40.2214788616715,-16.428,-95.75271606445312
13:14:12.054108,0.24289,-40.2214788616715,-16.428,-95.75271606445312
13:14:12.059072,0.24289,-40.2214788616715,-16.428,-95.75271606445312
13:14:12.064064,0.24289,-40.2214788616715,-16.428,-95.75271606445312
13:14:12.069069,0.24289,-40.2214788616715,-16.428,-95.75271606445312
13:14:12.074026,0.23433,-39.69001523862463,-14.922000000000002,-96.22238159179688
13:14:12.079045,0.23433,-39.69001523862463,-14.922000000000002,-96.22238159179688
13:14:12.084055,0.23433,-39.69001523862463,-14.922000000000002,-96.22238159179688
13:14:12.089061,0.23433,-39.69001523862463,-14.922000000000002,-96.22238159179688
13:14:12.094072,0.23433,-39.69001523862463,-14.922000000000002,-96.22238159179688
13:14:12.099098,0.23433,-39.69001523862463,-14.922000000000002,-96.22238159179688
13:14:12.104093,0.23433,-39.69001523862463,-14.922000000000002,-96.22238159179688
13:14:12.109061,0.24396,-38.40794126401525,-13.98,-96.68174743652344
13:14:12.114052,0.24396,-38.40794126401525,-13.98,-96.68174743652344
13:14:12.119060,0.24396,-38.40794126401525,-13.98,-96.68174743652344
13:14:12.124057,0.24396,-38.40794126401525,-13.98,-96.68174743652344
13:14:12.129087,0.24396,-38.40794126401525,-13.98,-96.68174743652344
13:14:12.134072,0.24396,-38.40794126401525,-13.98,-96.68174743652344
13:14:12.139129,0.23968,-38.68736020932775,-13.542,-97.12806701660156
13:14:12.144064,0.23968,-38.68736020932775,-13.542,-97.12806701660156
13:14:12.149070,0.23968,-38.68736020932775,-13.542,-97.12806701660156
13:14:12.154059,0.23968,-38.68736020932775,-13.542,-97.12806701660156
13:14:12.159087,0.23968,-38.68736020932775,-13.542,-97.12806701660156
13:14:12.164086,0.23968,-38.68736020932775,-13.542,-97.12806701660156
13:14:12.169189,0.23968,-38.68736020932775,-13.542,-97.12806701660156
13:14:12.174048,0.25252,-39.69001523862463,-12.414,-97.53799438476562
13:14:12.179036,0.25252,-39.69001523862463,-12.414,-97.53799438476562
13:14:12.184027,0.25252,-39.69001523862463,-12.414,-97.53799438476562
13:14:12.189072,0.25252,-39.69001523862463,-12.414,-97.53799438476562
13:14:12.194065,0.25252,-39.69001523862463,-12.414,-97.53799438476562
13:14:12.199087,0.25252,-39.69001523862463,-12.414,-97.53799438476562
13:14:12.204068,0.23754,-39.942059916359,-11.454,-97.90740966796876
13:14:12.209061,0.23754,-39.942059916359,-11.454,-97.90740966796876
13:14:12.214086,0.23754,-39.942059916359,-11.454,-97.90740966796876
13:14:12.219060,0.23754,-39.942059916359,-11.454,-97.90740966796876
13:14:12.224069,0.23754,-39.942059916359,-11.454,-97.90740966796876
13:14:12.229067,0.23754,-39.942059916359,-11.454,-97.90740966796876
13:14:12.234473,0.23754,-39.942059916359,-11.454,-97.90740966796876
13:14:12.239409,0.24396,-39.08184568296056,-10.002,-98.24867248535156
13:14:12.244417,0.24396,-39.08184568296056,-10.002,-98.24867248535156
13:14:12.249457,0.24396,-39.08184568296056,-10.002,-98.24867248535156
13:14:12.254437,0.24396,-39.08184568296056,-10.002,-98.24867248535156
13:14:12.259428,0.24396,-39.08184568296056,-10.002,-98.24867248535156
13:14:12.264444,0.24396,-39.08184568296056,-10.002,-98.24867248535156
13:14:12.269569,0.24931,-38.8079046429215,-9.174,-98.5693359375
13:14:12.274296,0.24931,-38.8079046429215,-9.174,-98.5693359375
13:14:12.279352,0.24931,-38.8079046429215,-9.174,-98.5693359375
13:14:12.284400,0.24931,-38.8079046429215,-9.174,-98.5693359375
13:14:12.289321,0.24931,-38.8079046429215,-9.174,-98.5693359375
13:14:12.294096,0.24931,-38.8079046429215,-9.174,-98.5693359375
13:14:12.299103,0.24931,-38.8079046429215,-9.174,-98.5693359375
13:14:12.304062,0.25466,-39.55853025327306,-8.405999999999999,-98.8652801513672
13:14:12.309062,0.25466,-39.55853025327306,-8.405999999999999,-98.8652801513672
13:14:12.314052,0.25466,-39.55853025327306,-8.405999999999999,-98.8652801513672
13:14:12.319056,0.25466,-39.55853025327306,-8.405999999999999,-98.8652801513672
13:14:12.324070,0.25466,-39.55853025327306,-8.405999999999999,-98.8652801513672
13:14:12.329070,0.25466,-39.55853025327306,-8.405999999999999,-98.8652801513672
13:14:12.334071,0.26215,-39.55853025327306,-6.894,-99.12002563476562
13:14:12.339101,0.26215,-39.3284124554215,-6.894,-99.12002563476562
13:14:12.344060,0.26215,-39.3284124554215,-6.894,-99.12002563476562
13:14:12.349069,0.26215,-39.3284124554215,-6.894,-99.12002563476562
13:14:12.354064,0.26215,-39.3284124554215,-6.894,-99.12002563476562
13:14:12.359064,0.26215,-39.3284124554215,-6.894,-99.12002563476562
13:14:12.364083,0.26215,-39.3284124554215,-6.894,-99.12002563476562
13:14:12.369063,0.25252,-39.56948606381994,-5.772,-99.32395935058594
13:14:12.374094,0.25252,-39.56948606381994,-5.772,-99.32395935058594
13:14:12.379037,0.25252,-39.56948606381994,-5.772,-99.32395935058594
13:14:12.384068,0.25252,-39.56948606381994,-5.772,-99.32395935058594
13:14:12.389073,0.25252,-39.56948606381994,-5.772,-99.32395935058594
13:14:12.394069,0.25252,-39.56948606381994,-5.772,-99.32395935058594
13:14:12.399665,0.25038,-38.43533079038244,-3.984,-99.50042724609376
13:14:12.404084,0.25038,-38.43533079038244,-3.984,-99.50042724609376
13:14:12.409062,0.25038,-38.43533079038244,-3.984,-99.50042724609376
13:14:12.414069,0.25038,-38.43533079038244,-3.984,-99.50042724609376
13:14:12.419088,0.25038,-38.43533079038244,-3.984,-99.50042724609376
13:14:12.424071,0.25038,-38.43533079038244,-3.984,-99.50042724609376
13:14:12.429070,0.25038,-38.43533079038244,-3.984,-99.50042724609376
13:14:12.434421,0.25038,-38.67640439878088,-3.708,-99.6405029296875
13:14:12.439420,0.25038,-38.67640439878088,-3.708,-99.6405029296875
13:14:12.444372,0.25038,-38.67640439878088,-3.708,-99.6405029296875
13:14:12.449325,0.25038,-38.67640439878088,-3.708,-99.6405029296875
13:14:12.454347,0.25038,-38.67640439878088,-3.708,-99.6405029296875
13:14:12.459277,0.25038,-38.67640439878088,-3.708,-99.6405029296875
13:14:12.464321,0.25038,-38.67640439878088,-3.708,-99.6405029296875
13:14:12.469328,0.25145,-38.605176371437125,-3.132,-99.7393798828125
13:14:12.474306,0.25145,-38.605176371437125,-3.132,-99.7393798828125
13:14:12.479279,0.25145,-38.605176371437125,-3.132,-99.7393798828125
13:14:12.484367,0.25145,-38.605176371437125,-3.132,-99.7393798828125
13:14:12.489406,0.25145,-38.605176371437125,-3.132,-99.7393798828125
13:14:12.494400,0.25145,-38.605176371437125,-3.132,-99.7393798828125
13:14:12.499348,0.24503,-39.35032407651525,-1.866,-99.82521057128906
13:14:12.504320,0.24503,-39.35032407651525,-1.866,-99.82521057128906
13:14:12.509363,0.24503,-39.35032407651525,-1.866,-99.82521057128906
13:14:12.514396,0.24503,-39.35032407651525,-1.866,-99.82521057128906
13:14:12.519385,0.24503,-39.35032407651525,-1.866,-99.82521057128906
13:14:12.524410,0.24503,-39.35032407651525,-1.866,-99.82521057128906
13:14:12.529436,0.24503,-39.35032407651525,-1.866,-99.82521057128906
13:14:12.534416,0.24182,-39.48730222592931,-1.206,-99.8773956298828
13:14:12.539291,0.24182,-39.48730222592931,-1.206,-99.8773956298828
13:14:12.544321,0.24182,-39.48730222592931,-1.206,-99.8773956298828
13:14:12.549302,0.24182,-39.48730222592931,-1.206,-99.8773956298828
13:14:12.554291,0.24182,-39.48730222592931,-1.206,-99.8773956298828
13:14:12.559283,0.24182,-39.48730222592931,-1.206,-99.8773956298828
13:14:12.564332,0.23968,-37.42171995053869,-0.99,-99.90280151367188
13:14:12.569245,0.23968,-37.42171995053869,-0.99,-99.90280151367188
13:14:12.574352,0.23968,-37.42171995053869,-0.99,-99.90280151367188
13:14:12.579279,0.23968,-37.42171995053869,-0.99,-99.90280151367188
13:14:12.584374,0.23968,-37.42171995053869,-0.99,-99.90280151367188
13:14:12.589450,0.23968,-37.42171995053869,-0.99,-99.90280151367188
13:14:12.594472,0.23968,-37.42171995053869,-0.99,-99.90280151367188
13:14:12.599378,0.25787,-37.96413938413244,-0.99,-99.95155334472656
13:14:12.604455,0.25787,-37.96413938413244,-0.99,-99.95155334472656
13:14:12.609416,0.25787,-37.96413938413244,-0.99,-99.95155334472656
13:14:12.614380,0.25787,-37.96413938413244,-0.99,-99.95155334472656
13:14:12.619325,0.25787,-37.96413938413244,-0.99,-99.95155334472656
13:14:12.624309,0.25787,-37.96413938413244,-0.99,-99.95155334472656
13:14:12.629315,0.25466,-39.02706663022619,-0.5519999999999999,-99.97146606445312
13:14:12.634206,0.25466,-39.02706663022619,-0.5519999999999999,-99.97146606445312
13:14:12.639296,0.25466,-39.02706663022619,-0.5519999999999999,-99.97146606445312
13:14:12.644395,0.25466,-39.02706663022619,-0.5519999999999999,-99.97146606445312
13:14:12.649373,0.25466,-39.02706663022619,-0.5519999999999999,-99.97146606445312
13:14:12.654328,0.25466,-39.02706663022619,-0.5519999999999999,-99.97146606445312
13:14:12.659585,0.24931,-39.02706663022619,0.162,-99.98039245605467
13:14:12.664095,0.24931,-38.194257181984,0.162,-99.98039245605467
13:14:12.669059,0.24931,-38.194257181984,0.162,-99.98039245605467
13:14:12.674090,0.24931,-38.194257181984,0.162,-99.98039245605467
13:14:12.679058,0.24931,-38.194257181984,0.162,-99.98039245605467
13:14:12.684103,0.24931,-38.194257181984,0.162,-99.98039245605467
13:14:12.689062,0.24931,-38.194257181984,0.162,-99.98039245605467
13:14:12.694065,0.24931,-38.61065427671056,-0.2759999999999999,-99.98519897460938
13:14:12.699099,0.24931,-38.61065427671056,-0.2759999999999999,-99.98519897460938
13:14:12.704067,0.24931,-38.61065427671056,-0.2759999999999999,-99.98519897460938
13:14:12.709096,0.24931,-38.61065427671056,-0.2759999999999999,-99.98519897460938
13:14:12.714067,0.24931,-38.61065427671056,-0.2759999999999999,-99.98519897460938
13:14:12.719065,0.24931,-38.61065427671056,-0.2759999999999999,-99.98519897460938
13:14:12.724891,0.24289,-38.144940775734,-0.0,-99.9858856201172
13:14:12.729041,0.24289,-38.144940775734,-0.0,-99.9858856201172
13:14:12.734069,0.24289,-38.144940775734,-0.0,-99.9858856201172
13:14:12.739057,0.24289,-38.144940775734,-0.0,-99.9858856201172
13:14:12.744084,0.24289,-38.144940775734,-0.0,-99.9858856201172
13:14:12.749068,0.24289,-38.144940775734,-0.0,-99.9858856201172
13:14:12.754066,0.24289,-38.144940775734,-0.0,-99.9858856201172
13:14:12.759455,0.24289,-38.11755124936681,-0.03,-99.98931884765624
13:14:12.764334,0.24289,-38.11755124936681,-0.03,-99.98931884765624
13:14:12.769425,0.24289,-38.11755124936681,-0.03,-99.98931884765624
13:14:12.774387,0.24289,-38.11755124936681,-0.03,-99.98931884765624
13:14:12.779336,0.24289,-38.11755124936681,-0.03,-99.98931884765624
13:14:12.784266,0.24289,-38.11755124936681,-0.03,-99.98931884765624
13:14:12.789739,0.24396,-38.11755124936681,0.054,-99.98794555664062
13:14:12.794420,0.24396,-38.26000730405431,0.054,-99.98794555664062
13:14:12.799135,0.24396,-38.26000730405431,0.054,-99.98794555664062
13:14:12.804069,0.24396,-38.26000730405431,0.054,-99.98794555664062
13:14:12.809066,0.24396,-38.26000730405431,0.054,-99.98794555664062
13:14:12.814171,0.24396,-38.26000730405431,0.054,-99.98794555664062
13:14:12.819063,0.24396,-38.26000730405431,0.054,-99.98794555664062
13:14:12.824120,0.24289,-38.13946287046056,0.3839999999999999,-99.98931884765624
13:14:12.829108,0.24289,-38.13946287046056,0.3839999999999999,-99.98931884765624
13:14:12.834082,0.24289,-38.13946287046056,0.3839999999999999,-99.98931884765624
13:14:12.839050,0.24289,-38.13946287046056,0.3839999999999999,-99.98931884765624
13:14:12.844067,0.24289,-38.13946287046056,0.3839999999999999,-99.98931884765624
13:14:12.849068,0.24289,-38.13946287046056,0.3839999999999999,-99.98931884765624
13:14:12.854474,0.24289,-38.13946287046056,0.3839999999999999,-99.98931884765624
13:14:12.859324,0.24182,-38.298352640968375,-0.054,-99.99000549316406
13:14:12.864300,0.24182,-38.298352640968375,-0.054,-99.99000549316406
13:14:12.869381,0.24182,-38.298352640968375,-0.054,-99.99000549316406
13:14:12.874334,0.24182,-38.298352640968375,-0.054,-99.99000549316406
13:14:12.879310,0.24182,-38.298352640968375,-0.054,-99.99000549316406
13:14:12.884273,0.24182,-38.298352640968375,-0.054,-99.99000549316406
13:14:12.889330,0.24075,-38.183301371437125,0.1919999999999999,-99.99069213867188
13:14:12.894408,0.24075,-38.183301371437125,0.1919999999999999,-99.99069213867188
13:14:12.899328,0.24075,-38.183301371437125,0.1919999999999999,-99.99069213867188
13:14:12.904341,0.24075,-38.183301371437125,0.1919999999999999,-99.99069213867188
13:14:12.909417,0.24075,-38.183301371437125,0.1919999999999999,-99.99069213867188
13:14:12.914351,0.24075,-38.183301371437125,0.1919999999999999,-99.99069213867188
13:14:12.920307,0.24182,-38.20521299253088,-0.0,-99.98863220214844
13:14:12.924391,0.24182,-38.20521299253088,-0.0,-99.98863220214844
13:14:12.929363,0.24182,-38.20521299253088,-0.0,-99.98863220214844
13:14:12.934386,0.24182,-38.20521299253088,-0.0,-99.98863220214844
13:14:12.939353,0.24182,-38.20521299253088,-0.0,-99.98863220214844
13:14:12.944395,0.24182,-38.20521299253088,-0.0,-99.98863220214844
13:14:12.949439,0.24182,-38.20521299253088,-0.0,-99.98863220214844
13:14:12.954416,0.23861,-38.194257181984,0.03,-99.9920654296875
13:14:12.959406,0.23861,-38.194257181984,0.03,-99.9920654296875
13:14:12.964376,0.23861,-38.194257181984,0.03,-99.9920654296875
13:14:12.969397,0.23861,-38.194257181984,0.03,-99.9920654296875
13:14:12.974295,0.23861,-38.194257181984,0.03,-99.9920654296875
13:14:12.979098,0.23861,-38.194257181984,0.03,-99.9920654296875
13:14:12.984924,0.23647,-38.20521299253088,-0.03,-99.9920654296875
13:14:12.989226,0.23647,-38.20521299253088,-0.03,-99.9920654296875
13:14:12.994384,0.23647,-38.20521299253088,-0.03,-99.9920654296875
13:14:12.999366,0.23647,-38.20521299253088,-0.03,-99.9920654296875
13:14:13.004395,0.23647,-38.20521299253088,-0.03,-99.9920654296875
13:14:13.009392,0.23647,-38.20521299253088,-0.03,-99.9920654296875
13:14:13.014404,0.23647,-38.20521299253088,-0.03,-99.9920654296875
13:14:13.019320,0.24075,-38.27096311460119,-0.054,-99.99000549316406
13:14:13.024363,0.24075,-38.27096311460119,-0.054,-99.99000549316406
13:14:13.029396,0.24075,-38.27096311460119,-0.054,-99.99000549316406
13:14:13.034399,0.24075,-38.27096311460119,-0.054,-99.99000549316406
13:14:13.039393,0.24075,-38.27096311460119,-0.054,-99.99000549316406
13:14:13.044400,0.24075,-38.27096311460119,-0.054,-99.99000549316406
13:14:13.050345,0.23754,-38.18877927671056,-0.03,-99.99481201171876
13:14:13.054303,0.23754,-38.18877927671056,-0.03,-99.99481201171876
13:14:13.059365,0.23754,-38.18877927671056,-0.03,-99.99481201171876
13:14:13.064439,0.23754,-38.18877927671056,-0.03,-99.99481201171876
13:14:13.069430,0.23754,-38.18877927671056,-0.03,-99.99481201171876
13:14:13.074444,0.23754,-38.18877927671056,-0.03,-99.99481201171876
13:14:13.079263,0.23754,-38.18877927671056,-0.03,-99.99481201171876
13:14:13.084272,0.23647,-38.20521299253088,0.054,-99.9968719482422
13:14:13.089327,0.23647,-38.20521299253088,0.054,-99.9968719482422
13:14:13.094248,0.23647,-38.20521299253088,0.054,-99.9968719482422
13:14:13.099320,0.23647,-38.20521299253088,0.054,-99.9968719482422
13:14:13.104354,0.23647,-38.20521299253088,0.054,-99.9968719482422
