m_t_3,jts3,v3,q3,velocity
-0.00642,-0.0001501263199397,0.1379999999999999,-0.00274658203125,
-0.00642,-0.0001501263199397,0.1379999999999999,-0.00274658203125,0.0
-0.00749,-0.0001501263199397,-0.054,-0.0,0.5420528974245117
-0.00749,-0.0111059368668147,-0.054,-0.0,0.0
-0.00642,-0.0001501263199397,-0.162,-0.0,0.0
-0.0,-0.0001501263199397,-0.0,-0.0020599365234375,-0.4191122122965409
-0.0,-0.0001501263199397,-0.0,-0.0020599365234375,0.0
0.01284,-0.0220617474136897,0.1379999999999999,0.001373291015625,0.6822789227071767
0.01284,-0.0220617474136897,0.1379999999999999,0.001373291015625,0.0
0.03745,-0.3014959515152522,0.6300000000000001,0.001373291015625,0.0
0.06313,-0.6576208294449397,1.4580000000000002,0.0377655029296875,7.350477057980695
0.06313,-0.6576208294449397,1.4580000000000002,0.0377655029296875,0.0
0.07276,-1.3205846966324395,2.61,0.1023101806640625,13.191227822271587
0.07276,-1.3205846966324395,2.61,0.1023101806640625,0.0
0.0749,-1.4246801556168147,3.786,0.2094268798828125,21.49642769792311
0.0749,-1.4246801556168147,3.786,0.2094268798828125,0.0
0.06313,-0.9808782757340022,5.274,0.3577423095703125,29.85415251358679
0.06313,-0.9808782757340022,5.274,0.3577423095703125,0.0
0.05885,-0.1042455853043147,5.928,0.5472564697265625,37.53498913770034
0.05885,-0.1042455853043147,5.928,0.5472564697265625,0.0
0.06634,0.4272180377425603,6.864,0.759429931640625,43.16855786654372
0.06634,0.4272180377425603,6.864,0.759429931640625,0.0
0.07062,0.2792840777816228,7.77,0.984649658203125,44.77529355119303
0.07062,0.2792840777816228,7.77,0.984649658203125,0.0
0.06848,-0.1152013958511897,8.346,1.2476348876953125,53.0426037701068
0.06848,-0.1152013958511897,8.346,1.2476348876953125,0.0
0.07276,-0.1809515179215022,10.104,1.5277862548828125,55.22400299379072
0.07276,-0.1809515179215022,10.104,1.5277862548828125,0.0
0.06955,-0.1809515179215022,10.872000000000002,1.8628692626953125,54.12421382854141
0.06955,-0.0658849896011897,10.872000000000002,1.8628692626953125,0.0
0.05885,0.4436517535628728,12.054,2.23846435546875,74.53762507907052
0.05885,0.4436517535628728,12.054,2.23846435546875,0.0
0.05029,0.4436517535628728,12.384,2.6470184326171875,78.47754075075568
0.05029,1.1449609576644353,12.384,2.6470184326171875,0.0
0.04922,1.6326013385238105,12.876,3.05419921875,80.53417447247163
0.04922,1.6326013385238105,12.876,3.05419921875,0.0
0.05992,1.8681970416488105,14.55,3.497772216796875,78.32827088943618
0.05992,1.8681970416488105,14.55,3.497772216796875,0.0
0.06527,1.1285272418441228,15.294,3.962631225585937,91.05955118296956
0.06527,1.1285272418441228,15.294,3.962631225585937,0.0
0.06099,1.3586450396956853,16.554,4.4666290283203125,97.67399277798084
0.06099,1.3586450396956853,16.554,4.4666290283203125,0.0
0.07169,2.147631245750373,17.574,5.0042724609375,102.76059491918912
0.07169,2.147631245750373,17.574,5.0042724609375,0.0
0.04815,2.88180788149256,18.972,5.590667724609375,116.00301951965804
0.04815,2.88180788149256,18.972,5.590667724609375,0.0
0.0428,2.88180788149256,19.44,6.2237548828125,123.6498355865502
0.0428,2.9804254352034976,19.44,6.2237548828125,0.0
0.05136,3.59408815493006,20.544,6.8671417236328125,127.7067965105824
0.05136,3.59408815493006,20.544,6.8671417236328125,0.0
0.0428,3.59408815493006,21.966,7.560653686523437,130.82662948323411
0.0428,3.80227907289881,21.966,7.560653686523437,0.0
0.04173,5.067934590476935,22.02,8.279571533203125,143.29636170613858
0.04173,5.067934590476935,22.02,8.279571533203125,0.0
0.03745,5.024096089500373,23.748,9.019775390625,144.43002096036767
0.03745,5.024096089500373,23.748,9.019775390625,0.0
0.03317,5.062456685203498,24.66,9.759292602539062,146.1496466233339
0.03317,5.062456685203498,24.66,9.759292602539062,0.0
0.03531,5.862383443015998,25.644,10.542755126953123,156.34853809899474
0.03531,5.862383443015998,25.644,10.542755126953123,0.0
0.04387,5.517214375633185,26.364,11.37908935546875,167.2668457031215
0.04387,5.517214375633185,26.364,11.37908935546875,0.0
0.02568,7.900576192039435,27.618,12.231216430664062,168.37128535769918
0.02568,7.900576192039435,27.618,12.231216430664062,0.0
0.02247,6.963671284812873,29.214,13.154754638671877,183.2417079380608
0.02247,6.963671284812873,29.214,13.154754638671877,0.0
0.00214,9.631945210594123,29.568,14.100265502929688,190.0142412093721
0.00214,9.631945210594123,29.568,14.100265502929688,0.0
0.00321,9.073076802390998,29.436,15.062255859375,191.44086695428888
0.00321,9.073076802390998,29.436,15.062255859375,0.0
-0.00107,11.330431538719123,30.012,15.979614257812502,182.9229109546368
-0.00107,11.330431538719123,30.012,15.979614257812502,0.0
-0.0,10.316820698875372,29.628,16.942291259765625,182.60185924755947
-0.0,10.316820698875372,29.628,16.942291259765625,0.0
-0.00963,11.692049580711313,30.42,17.854843139648438,184.1307263686077
-0.00963,11.692049580711313,30.42,17.854843139648438,0.0
-0.00749,11.505755025047248,30.216,18.85116577148437,195.97219351611264
-0.00749,11.505755025047248,30.216,18.85116577148437,0.0
-0.02461,13.291903096336313,30.804,19.83924865722656,209.42833525692825
-0.02461,13.291903096336313,30.804,19.83924865722656,0.0
-0.02782,13.401491719383186,29.628,20.837631225585938,198.88098971302264
-0.02782,13.401491719383186,29.628,20.837631225585938,0.0
-0.03531,13.97677858461756,30.48,21.76254272460937,181.71149293191095
-0.03531,13.97677858461756,30.48,21.76254272460937,0.0
-0.02033,13.987749653953498,29.874,22.74169921875,192.89923052415543
-0.02033,13.987749653953498,29.874,22.74169921875,0.0
-0.02996,14.058977681297248,30.918000000000003,23.736648559570312,197.05869297292463
-0.02996,14.058977681297248,30.918000000000003,23.736648559570312,0.0
-0.03959,14.058977681297248,30.341999999999995,24.713058471679688,193.3867918616279
-0.03959,15.352007466453498,30.341999999999995,24.713058471679688,0.0
-0.05885,16.321795064109747,30.066,25.745086669921875,195.12728270791607
-0.05885,16.321795064109747,30.066,25.745086669921875,0.0
-0.05457,17.855913716453497,30.918000000000003,26.68853759765625,180.28873069642023
-0.05457,17.855913716453497,30.918000000000003,26.68853759765625,0.0
-0.05671,17.49978883852381,30.282,27.677993774414062,198.96564986080625
-0.05671,17.49978883852381,30.282,27.677993774414062,0.0
-0.06206,18.34355409731287,31.056,28.65097045898437,198.3238248206877
-0.06206,18.34355409731287,31.056,28.65097045898437,0.0
-0.05885,17.92166383852381,30.15,29.61227416992188,192.0686735139817
-0.05885,17.92166383852381,30.15,29.61227416992188,0.0
-0.08667,19.47769411196131,30.672,30.620269775390625,202.00312734844417
-0.08667,19.47769411196131,30.672,30.620269775390625,0.0
-0.08132,19.768084126609747,29.982,31.63787841796875,202.54949095902504
-0.08132,19.768084126609747,29.982,31.63787841796875,0.0
-0.08774,20.502276021141,30.42,32.56622314453125,187.0531385376769
-0.08774,20.502276021141,30.42,32.56622314453125,0.0
-0.08132,20.858416157859747,29.706,33.54949951171875,196.4980749775177
-0.08132,20.858416157859747,29.706,33.54949951171875,0.0
-0.08988,20.578981953758184,30.042,34.50599670410156,197.1752612621688
-0.08988,20.578981953758184,30.042,34.50599670410156,0.0
-0.09095,21.69121034731287,30.012,35.49407958984375,197.02550064649836
-0.09095,21.69121034731287,30.012,35.49407958984375,0.0
-0.09416,22.11310060610193,30.012,36.48628234863281,198.36120727490447
-0.09416,22.11310060610193,30.012,36.48628234863281,0.0
-0.11235,23.833513814109747,30.288,37.472991943359375,197.22358479444105
-0.11235,23.833513814109747,30.288,37.472991943359375,0.0
-0.11021,23.428057271141,29.628,38.41712951660156,187.2174446246688
-0.11021,23.428057271141,29.628,38.41712951660156,0.0
-0.11128,24.50741823305506,30.096000000000004,39.37568664550781,188.8038465444653
-0.11128,24.50741823305506,30.096000000000004,39.37568664550781,0.0
-0.107,23.88829286684412,30.504,40.35415649414063,196.7168975940517
-0.107,23.88829286684412,30.504,40.35415649414063,0.0
-0.12626,25.33474977602381,31.134,41.348419189453125,198.653885177333
-0.12626,25.33474977602381,31.134,41.348419189453125,0.0
-0.12733,25.42241151918787,30.528,42.34954833984375,198.4398712369934
-0.12733,25.42241151918787,30.528,42.34954833984375,0.0
-0.13161,26.44699342836756,30.066,43.330078125,196.7355106653665
-0.13161,26.44699342836756,30.066,43.330078125,0.0
-0.12412,26.56204469789881,30.312,44.30992126464844,195.85111725933703
-0.12412,26.56204469789881,30.312,44.30992126464844,0.0
-0.14445,26.34288271059412,30.504,45.226593017578125,168.1041175370735
-0.14445,26.34288271059412,30.504,45.226593017578125,0.0
-0.13054,27.16473634828944,30.804,46.19956970214844,205.4427121136704
-0.13054,27.16473634828944,30.804,46.19956970214844,0.0
-0.1391,27.34555299868006,29.796000000000003,47.208251953125,199.93701704193643
-0.1391,27.34555299868006,29.796000000000003,47.208251953125,0.0
-0.15408,28.87419374575037,30.696,48.20457458496094,198.8667927816259
-0.15408,28.87419374575037,30.696,48.20457458496094,0.0
-0.15194,28.87419374575037,30.228,49.17961120605469,193.6133083982808
-0.15194,28.49066408266444,30.228,49.17961120605469,0.0
-0.15729,29.685076314109747,30.396,50.18211364746094,199.3046603193304
-0.15729,29.685076314109747,30.396,50.18211364746094,0.0
-0.14659,29.685076314109747,30.09,51.15165710449219,173.00918219687009
-0.14659,29.00567873110193,30.09,51.15165710449219,0.0
-0.16264,30.34256227602381,30.858,52.12532043457031,201.75369458726183
-0.16264,30.34256227602381,30.858,52.12532043457031,0.0
-0.16478,30.07408388246912,30.174000000000003,53.1134033203125,198.76943989984545
-0.16478,30.07408388246912,30.174000000000003,53.1134033203125,0.0
-0.17655,31.383562642234747,31.188,54.073333740234375,192.6024117018256
-0.17655,31.383562642234747,31.188,54.073333740234375,0.0
-0.16157,31.04387148012537,30.234,55.020904541015625,190.8116795773752
-0.16157,31.04387148012537,30.234,55.020904541015625,0.0
-0.18297,31.37260683168787,30.450000000000003,55.97465515136719,191.9401510065531
-0.18297,31.37260683168787,30.450000000000003,55.97465515136719,0.0
-0.1712,31.646563130516,30.006,56.93527221679688,192.5084299458201
-0.1712,31.646563130516,30.006,56.93527221679688,0.0
-0.16799,31.75065858950037,29.652,57.900009155273445,191.26426218804733
-0.16799,31.75065858950037,29.652,57.900009155273445,0.0
-0.18511,32.72592409243006,29.76,58.88877868652343,204.88386474305565
-0.18511,32.72592409243006,29.76,58.88877868652343,0.0
-0.18511,32.60537965883631,30.372,59.85282897949219,192.9258140822039
-0.18511,32.60537965883631,30.372,59.85282897949219,0.0
-0.18618,33.54229982485194,29.658,60.81207275390625,192.54190574348743
-0.18618,33.54229982485194,29.658,60.81207275390625,0.0
-0.18083,33.120409566062875,30.144,61.78916931152343,194.5244988288235
-0.18083,33.120409566062875,30.144,61.78916931152343,0.0
-0.18832,34.232653218406625,30.558,62.71888732910156,188.39270872909967
-0.18832,34.232653218406625,30.558,62.71888732910156,0.0
-0.18725,33.32313783754725,29.736,63.68911743164063,198.6141458626448
-0.18725,33.32313783754725,29.736,63.68911743164063,0.0
-0.18404,35.059984761375375,30.99,64.69230651855469,197.67272648553916
-0.18404,35.059984761375375,30.99,64.69230651855469,0.0
-0.20116,34.26004274477381,29.814,65.65155029296875,190.4773181918298
-0.20116,34.26004274477381,29.814,65.65155029296875,0.0
-0.20437,35.481859761375375,30.450000000000003,66.59843444824219,190.82711714499283
-0.20437,35.481859761375375,30.450000000000003,66.59843444824219,0.0
-0.1926,34.94491823305506,29.928,67.57347106933594,197.25604311019185
-0.1926,34.94491823305506,29.928,67.57347106933594,0.0
-0.2033,35.837999898094125,30.042,68.53134155273438,197.37697988841583
-0.2033,35.837999898094125,30.042,68.53134155273438,0.0
-0.20223,35.268175679344125,30.174000000000003,69.4940185546875,192.41994842156004
-0.20223,35.268175679344125,30.174000000000003,69.4940185546875,0.0
-0.21186,36.05716188539881,30.174000000000003,70.47248840332031,197.95060664228777
-0.21186,36.05716188539881,30.174000000000003,70.47248840332031,0.0
-0.2033,35.8927789508285,29.982,71.43035888671875,196.8496677760941
-0.2033,35.8927789508285,29.982,71.43035888671875,0.0
-0.21079,36.06811769594569,30.288,72.40196228027344,193.89411166528728
-0.21079,36.06811769594569,30.288,72.40196228027344,0.0
-0.20972,36.56669862856288,30.48,73.39553833007812,193.0773513028978
-0.20972,36.56669862856288,30.48,73.39553833007812,0.0
-0.2033,35.91470583071131,29.844000000000005,74.33692932128906,192.2383073740879
-0.2033,35.91470583071131,29.844000000000005,74.33692932128906,0.0
-0.2033,37.14747865785975,30.096000000000004,75.34561157226562,204.9750560814005
-0.2033,37.14747865785975,30.096000000000004,75.34561157226562,0.0
-0.20651,36.53383119692225,29.982,76.343994140625,201.8157607356717
-0.20651,36.53383119692225,29.982,76.343994140625,0.0
-0.21721,37.72824342836756,30.366,77.27645874023438,190.72706066870637
-0.21721,37.72824342836756,30.366,77.27645874023438,0.0
-0.20972,36.7475152789535,30.066,78.29681396484375,212.57400512695688
-0.20972,36.7475152789535,30.066,78.29681396484375,0.0
-0.2247,38.39120729555506,29.844000000000005,79.25880432128906,186.975773847479
-0.2247,38.39120729555506,29.844000000000005,79.25880432128906,0.0
-0.21614,36.80777223696131,30.450000000000003,80.23384094238281,192.8855828078623
-0.21614,36.80777223696131,30.450000000000003,80.23384094238281,0.0
-0.21828,38.11178835024256,30.834,81.20269775390625,193.1917869438477
-0.21828,38.11178835024256,30.834,81.20269775390625,0.0
-0.21614,37.33375795473475,29.682,82.17361450195312,192.64221191405656
-0.21614,37.33375795473475,29.682,82.17361450195312,0.0
-0.22042,37.936449605125375,30.066,83.18504333496094,191.7037211917824
-0.22042,37.936449605125375,30.066,83.18504333496094,0.0
-0.22898,38.035082417625375,29.244000000000003,84.13330078125,186.4079902278619
-0.22898,38.035082417625375,29.244000000000003,84.13330078125,0.0
-0.23219,38.1610894977035,28.638,85.12138366699219,197.97292841959404
-0.23219,38.1610894977035,28.638,85.12138366699219,0.0
-0.22577,38.56653078188319,27.948,86.05247497558594,176.10957227042607
-0.22577,38.56653078188319,27.948,86.05247497558594,0.0
-0.23112,38.08438356508631,27.042,86.97257995605469,182.1268765773436
-0.23112,38.08438356508631,27.042,86.97257995605469,0.0
-0.23326,38.08438356508631,26.718,87.83981323242188,168.98543966624405
-0.23326,38.84596498598475,26.718,87.83981323242188,0.0
-0.23326,37.68442018618006,25.698,88.71391296386719,174.12345247914507
-0.23326,37.68442018618006,25.698,88.71391296386719,0.0
-0.23968,37.68442018618006,24.852,89.53651428222656,144.49346888448665
-0.23968,39.11992128481288,24.852,89.53651428222656,0.0
-0.2461,39.18567140688319,24.276,90.31723022460938,153.8659720896352
-0.2461,39.18567140688319,24.276,90.31723022460938,0.0
-0.2354,38.56653078188319,22.788,91.07460021972656,154.03091216538792
-0.2354,38.56653078188319,22.788,91.07460021972656,0.0
-0.24717,40.051348286766,23.088,91.78459167480467,138.75150578036667
-0.24717,40.051348286766,23.088,91.78459167480467,0.0
-0.22791,40.051348286766,20.814,92.46986389160156,141.20589672302873
-0.22791,37.63510377993006,20.814,92.46986389160156,0.0
-0.24931,39.88150270571131,20.376,93.16818237304688,140.90364839493907
-0.24931,39.88150270571131,20.376,93.16818237304688,0.0
-0.23219,37.936449605125375,18.888,93.7786102294922,116.07299038702487
-0.23219,37.936449605125375,18.888,93.7786102294922,0.0
-0.24824,38.54461916078944,18.558,94.39590454101562,121.68230071424868
-0.24824,38.54461916078944,18.558,94.39590454101562,0.0
-0.24931,40.01298769106288,17.214000000000002,95.00015258789062,120.12883635686732
-0.24931,40.01298769106288,17.214000000000002,95.00015258789062,0.0
-0.24182,38.56653078188319,16.392,95.537109375,104.1421231787008
-0.24182,38.56653078188319,16.392,95.537109375,0.0
-0.25038,38.56653078188319,15.264,96.06170654296876,103.65484449096346
-0.25038,38.61036928285975,15.264,96.06170654296876,0.0
-0.2568,38.73639162172694,13.728,96.54991149902344,99.32959431427732
-0.2568,38.73639162172694,13.728,96.54991149902344,0.0
-0.22898,38.52270753969569,12.738,96.98524475097656,85.81376935800772
-0.22898,38.52270753969569,12.738,96.98524475097656,0.0
-0.23968,38.31450136293788,11.724,97.39036560058594,80.57296133839023
-0.23968,38.31450136293788,11.724,97.39036560058594,0.0
-0.25466,38.4953180133285,11.586,97.78106689453124,81.9939756443454
-0.25466,38.4953180133285,11.586,97.78106689453124,0.0
-0.26429,38.82953127016444,10.902,98.1353759765625,69.55419749336919
-0.26429,38.82953127016444,10.902,98.1353759765625,0.0
-0.25573,38.714464741844125,9.636,98.45260620117188,61.72995224934587
-0.25573,38.714464741844125,9.636,98.45260620117188,0.0
-0.25038,39.06512697328944,8.154,98.73756408691406,55.26723928281913
-0.25038,39.06512697328944,8.154,98.73756408691406,0.0
-0.24931,37.99672182192225,7.086,98.9875030517578,49.838278134342005
-0.24931,37.99672182192225,7.086,98.9875030517578,0.0
-0.2600099999999999,37.76660402407069,6.834,99.2168426513672,42.87522894174816
-0.2600099999999999,37.76660402407069,6.834,99.2168426513672,0.0
-0.26643,38.64872987856288,5.489999999999999,99.41940307617188,39.23308634605648
-0.26643,38.64872987856288,5.489999999999999,99.41940307617188,0.0
-0.27071,39.14731081118006,4.338,99.58763122558594,33.12229758103038
-0.27071,39.14731081118006,4.338,99.58763122558594,0.0
-0.26322,38.19945009340663,3.018,99.7174072265625,24.84226664942221
-0.26322,38.19945009340663,3.018,99.7174072265625,0.0
-0.2675,37.64605959047694,2.826,99.80255126953124,16.11355847250711
-0.2675,37.64605959047694,2.826,99.80255126953124,0.0
-0.26857,38.08438356508631,1.374,99.8712158203125,13.64015708805352
-0.26857,38.08438356508631,1.374,99.8712158203125,0.0
-0.27392,38.71994264711756,1.2600000000000002,99.9261474609375,11.115265201335989
-0.27392,38.71994264711756,1.2600000000000002,99.9261474609375,0.0
-0.25359,37.547442036766,0.246,99.942626953125,3.413316525994319
-0.25359,37.547442036766,0.246,99.942626953125,0.0
-0.2568,37.73373659243006,0.108,99.94880676269533,1.2067583617119302
-0.2568,37.73373659243006,0.108,99.94880676269533,0.0
-0.25466,37.30636842836756,0.3839999999999999,99.96322631835938,2.9106894759889417
-0.25466,37.30636842836756,0.3839999999999999,99.96322631835938,0.0
-0.26215,37.54196413149256,0.33,99.97077941894533,1.5064021910553649
-0.26215,37.54196413149256,0.33,99.97077941894533,0.0
-0.26536,37.54196413149256,0.3,99.9872589111328,3.3198010047282325
-0.26536,37.47073610414881,0.3,99.9872589111328,0.0
-0.26215,37.82687624086756,0.246,99.99755859375,2.0306945223188744
-0.26215,37.82687624086756,0.246,99.99755859375,0.0
-0.26108,37.82687624086756,-0.054,99.99412536621094,-0.6431673921061181
-0.26108,37.547442036766,-0.054,99.99412536621094,0.0
-0.26215,37.56935365785975,-0.1379999999999999,99.99755859375,0.6779675235115579
-0.26215,37.56935365785975,-0.1379999999999999,99.99755859375,0.0
-0.26215,37.56935365785975,0.054,99.9982452392578,0.1289233022527728
-0.26215,37.42141969789881,0.054,99.9982452392578,0.0
-0.26108,37.54196413149256,0.03,99.99755859375,-0.1365643412486583
-0.26108,37.54196413149256,0.03,99.99755859375,0.0
-0.26108,37.60771425356288,0.054,99.9982452392578,0.144496108543415
-0.26108,37.60771425356288,0.054,99.9982452392578,0.0
-0.26429,37.44882448305506,-0.1379999999999999,100.0030517578125,0.9540529088332332
-0.26429,37.44882448305506,-0.1379999999999999,100.0030517578125,0.0
-0.26215,37.44882448305506,0.162,99.9982452392578,-0.9192041603942966
-0.26215,37.55291994203944,0.162,99.9982452392578,0.0
-0.26215,37.52005251039881,0.084,100.00099182128906,0.5435547261555718
-0.26215,37.52005251039881,0.084,100.00099182128906,0.0
-0.26215,37.52005251039881,-0.054,99.9968719482422,-0.7644967613399001
-0.26215,37.596758443016,-0.054,99.9968719482422,0.0
-0.26643,37.443346577781625,-0.054,100.00099182128906,0.7788039786126885
-0.26643,37.443346577781625,-0.054,100.00099182128906,0.0
-0.26429,37.443346577781625,0.054,99.99893188476562,-0.391622913201059
-0.26429,37.54196413149256,0.054,99.99893188476562,0.0
-0.26429,37.56935365785975,0.03,100.00579833984376,1.3891270641592803
-0.26429,37.56935365785975,0.03,100.00579833984376,0.0
-0.26429,37.514574605125375,-0.108,100.00099182128906,-0.9737679405797968
-0.26429,37.514574605125375,-0.108,100.00099182128906,0.0
-0.27178,37.514574605125375,0.054,100.00099182128906,0.0
-0.2953199999999999,37.53100832094569,-0.162,99.99893188476562,-0.3601917334214879
-0.2953199999999999,37.53100832094569,-0.162,99.99893188476562,0.0
-0.33384,37.63510377993006,-0.03,99.9982452392578,-0.1383807956119958
-0.33384,37.63510377993006,-0.03,99.9982452392578,0.0
-0.3852,37.89262636293788,-0.7679999999999999,99.98794555664062,-2.0290942902233207
-0.3852,37.89262636293788,-0.7679999999999999,99.98794555664062,0.0
-0.42586,38.85144289125819,-1.758,99.9591064453125,-6.013159159325729
-0.42586,38.85144289125819,-1.758,99.9591064453125,0.0
-0.4387,39.333605366844125,-3.732,99.87533569335938,-17.286576961025684
-0.4387,39.333605366844125,-3.732,99.87533569335938,0.0
-0.42693,39.14731081118006,-5.735999999999999,99.71054077148438,-31.18753252743832
-0.42693,39.14731081118006,-5.735999999999999,99.71054077148438,0.0
-0.41837,38.27615602602381,-6.510000000000001,99.51210021972656,-38.64470336081951
-0.41837,38.27615602602381,-6.510000000000001,99.51210021972656,0.0
-0.42372,38.31997926821131,-7.608000000000001,99.2827606201172,-43.567553117276645
-0.42372,38.31997926821131,-7.608000000000001,99.2827606201172,0.0
-0.40339,38.435045796531625,-8.514000000000001,99.02183532714844,-52.28963786948898
-0.40339,38.435045796531625,-8.514000000000001,99.02183532714844,0.0
-0.4066,38.16656740297694,-9.198,98.74099731445312,-56.13392218574754
-0.4066,38.16656740297694,-9.198,98.74099731445312,0.0
-0.40125,37.88714845766444,-9.636,98.41964721679688,-64.64496030099212
-0.40125,37.88714845766444,-9.636,98.41964721679688,0.0
-0.41409,38.12822206606288,-9.912,98.1072235107422,-66.05152347879687
-0.41409,38.12822206606288,-9.912,98.1072235107422,0.0
-0.43335,39.03225954164881,-10.488,97.76870727539062,-66.65017431612864
-0.43335,39.03225954164881,-10.488,97.76870727539062,0.0
-0.42907,38.977465230125375,-12.354,97.39585876464844,-75.59783267278497
-0.42907,38.977465230125375,-12.354,97.39585876464844,0.0
-0.42693,39.04321535219569,-13.836,96.96189880371094,-86.2057927964804
-0.42693,39.04321535219569,-13.836,96.96189880371094,0.0
-0.42586,38.254229146141,-14.604,96.5203857421875,-77.03944538884014
-0.42586,38.254229146141,-14.604,96.5203857421875,0.0
-0.43335,38.80214174379725,-15.186,96.03561401367188,-99.11505387766287
-0.43335,38.80214174379725,-15.186,96.03561401367188,0.0
-0.43549,38.87335451235194,-16.2,95.51101684570312,-105.91503492202678
-0.43549,38.87335451235194,-16.2,95.51101684570312,0.0
-0.41944,38.89528139223475,-17.076,94.94728088378906,-115.11863629038064
-0.41944,38.89528139223475,-17.076,94.94728088378906,0.0
-0.43977,38.33093507875819,-17.789999999999996,94.36569213867188,-118.88567970506946
-0.43977,38.33093507875819,-17.789999999999996,94.36569213867188,0.0
-0.44084,38.977465230125375,-18.81,93.76556396484376,-118.22856064383916
-0.44084,38.977465230125375,-18.81,93.76556396484376,0.0
-0.42693,39.12539919008631,-20.154,93.153076171875,-101.48927803955183
-0.42693,39.12539919008631,-20.154,93.153076171875,0.0
-0.43549,39.1034723102035,-21.222,92.4774169921875,-135.5112674864699
-0.43549,39.1034723102035,-21.222,92.4774169921875,0.0
-0.43442,38.78021486391444,-22.212,91.76536560058594,-144.8141939397165
-0.43442,38.78021486391444,-22.212,91.76536560058594,0.0
-0.42907,38.99389894594569,-22.626,91.03683471679688,-145.4734192869498
-0.42907,38.99389894594569,-22.626,91.03683471679688,0.0
-0.44833,39.22401674379725,-24.384,90.26641845703124,-159.8042438841901
-0.44833,39.22401674379725,-24.384,90.26641845703124,0.0
-0.42907,39.284288960594125,-25.368,89.44450378417969,-163.66281817037913
-0.42907,39.284288960594125,-25.368,89.44450378417969,0.0
-0.45689,39.245928364891,-24.96,88.63151550292969,-164.839473083966
-0.45689,39.245928364891,-24.96,88.63151550292969,0.0
-0.43121,38.588457661766,-27.21,87.7642822265625,-174.1082666868199
-0.43121,38.588457661766,-27.21,87.7642822265625,0.0
-0.44619,39.02128847231288,-27.624,86.84005737304688,-187.014337012478
-0.44619,39.02128847231288,-27.624,86.84005737304688,0.0
-0.43228,38.19945009340663,-29.868,85.9515380859375,-187.64926866089667
-0.43228,38.19945009340663,-29.868,85.9515380859375,0.0
-0.45154,38.87335451235194,-29.406,85.02662658691406,-183.95216766578244
-0.45154,38.87335451235194,-29.406,85.02662658691406,0.0
-0.41195,37.84330995668788,-30.012,84.04060363769531,-195.872655784408
-0.41195,37.84330995668788,-30.012,84.04060363769531,0.0
-0.43014,38.32545717348475,-29.346000000000004,83.05252075195312,-206.36651748999432
-0.43014,38.32545717348475,-29.346000000000004,83.05252075195312,0.0
-0.42479,37.67894228090663,-29.712000000000003,82.09190368652344,-167.12196684581545
-0.42479,37.67894228090663,-29.712000000000003,82.09190368652344,0.0
-0.43014,38.36929567446131,-29.982,81.15325927734375,-188.48281308829965
-0.43014,38.36929567446131,-29.982,81.15325927734375,0.0
-0.41516,37.63510377993006,-30.672,80.12741088867188,-223.2046102419525
-0.41516,37.63510377993006,-30.672,80.12741088867188,0.0
-0.43228,38.36381776918788,-30.341999999999995,79.17572021484375,-190.4905271873664
-0.43228,38.36381776918788,-30.341999999999995,79.17572021484375,0.0
-0.42907,37.54196413149256,-29.85,78.22471618652344,-186.36175354111265
-0.42907,37.54196413149256,-29.85,78.22471618652344,0.0
-0.4173,37.67346437563319,-29.958,77.22427368164062,-200.0885009765668
-0.4173,37.67346437563319,-29.958,77.22427368164062,0.0
-0.41837,37.18582399477381,-29.952,76.25198364257812,-191.50877271272407
-0.41837,37.18582399477381,-29.952,76.25198364257812,0.0
-0.42372,37.13104494203944,-29.736,75.25772094726562,-195.3364823796645
-0.42372,37.13104494203944,-29.736,75.25772094726562,0.0
-0.41944,37.08172853578944,-29.952,74.29985046386719,-192.3821015060273
-0.41944,37.08172853578944,-29.952,74.29985046386719,0.0
-0.41837,37.03789003481288,-30.012,73.31039428710938,-185.29141886849223
-0.41837,37.03789003481288,-30.012,73.31039428710938,0.0
-0.41088,36.758471089500375,-30.012,72.36007690429688,-196.99779909047848
-0.41088,36.758471089500375,-30.012,72.36007690429688,0.0
-0.41409,36.09550722231288,-30.15,71.38641357421875,-182.1633919697094
-0.41409,36.09550722231288,-30.15,71.38641357421875,0.0
-0.41088,36.09550722231288,-29.844000000000005,70.42922973632812,-188.23674294803328
-0.41088,36.68724306215663,-29.844000000000005,70.42922973632812,0.0
-0.40125,35.77224977602381,-30.341999999999995,69.43359375,-198.2943609496651
-0.40125,35.77224977602381,-30.341999999999995,69.43359375,0.0
-0.41623,36.473558980125375,-30.341999999999995,68.49838256835938,-190.7426436142546
-0.41623,36.473558980125375,-30.341999999999995,68.49838256835938,0.0
-0.39376,35.5202203570785,-30.918000000000003,67.53433227539062,-196.06473316428344
-0.39376,35.5202203570785,-30.918000000000003,67.53433227539062,0.0
-0.40446,35.788683491844125,-29.928,66.53182983398438,-155.6922567799662
-0.40446,35.788683491844125,-29.928,66.53182983398438,0.0
-0.38841,34.85177858461756,-29.982,65.54924011230469,-194.80367202214936
-0.38841,34.85177858461756,-29.982,65.54924011230469,0.0
-0.41088,35.49829347719569,-30.174000000000003,64.58038330078125,-192.84570293063223
-0.41088,35.49829347719569,-30.174000000000003,64.58038330078125,0.0
-0.39055,34.41345461000819,-30.750000000000004,63.62594604492188,-195.46124428823683
-0.39055,34.41345461000819,-30.750000000000004,63.62594604492188,0.0
-0.39269,34.9503961383285,-30.006,62.669448852539055,-170.37712725024957
-0.39269,34.9503961383285,-30.006,62.669448852539055,0.0
-0.39804,33.997057515281625,-29.79,61.71020507812499,-194.02179903196824
-0.39804,33.997057515281625,-29.79,61.71020507812499,0.0
-0.38092,33.95321901430506,-29.844000000000005,60.72624206542969,-197.74176300146448
-0.38092,33.95321901430506,-29.844000000000005,60.72624206542969,0.0
-0.3841299999999999,33.580645161766,-30.12,59.74845886230469,-207.59728304139185
-0.3841299999999999,33.580645161766,-30.12,59.74845886230469,0.0
-0.38199,33.120409566062875,-30.918000000000003,58.79196166992188,-192.18348249603395
-0.38199,33.120409566062875,-30.918000000000003,58.79196166992188,0.0
-0.37664,33.120409566062875,-29.82,57.80731201171875,-179.87754077515817
-0.37664,32.96151979555506,-29.82,57.80731201171875,0.0
-0.37236,32.33143861879725,-30.15,56.84051513671875,-196.9838783618439
-0.37236,32.33143861879725,-30.15,56.84051513671875,0.0
-0.36273,32.638262349266,-29.652,55.86341857910156,-194.8348071021228
-0.36273,32.638262349266,-29.652,55.86341857910156,0.0
-0.37129,31.52054079164881,-30.996,54.89387512207031,-195.1577006906757
-0.37129,31.52054079164881,-30.996,54.89387512207031,0.0
-0.36487,32.06296022524256,-30.012,53.90098571777344,-188.54717134388875
-0.36487,32.06296022524256,-30.012,53.90098571777344,0.0
-0.34882,30.654863911766,-29.682,52.94929504394531,-190.4524062093368
-0.34882,30.654863911766,-29.682,52.94929504394531,0.0
-0.34989,30.654863911766,-30.12,51.94816589355469,-185.0515989631347
-0.34989,31.20823915590662,-30.12,51.94816589355469,0.0
-0.35738,30.20010622133631,-30.282,51.00334167480469,-190.06723370548116
-0.35738,30.20010622133631,-30.282,51.00334167480469,0.0
-0.34775,30.20010622133631,-30.204,50.008392333984375,-176.97426908935415
-0.34775,30.682253438133184,-30.204,50.008392333984375,0.0
-0.34561,29.58645876039881,-30.204,49.052581787109375,-191.23860481694155
-0.34561,29.58645876039881,-30.204,49.052581787109375,0.0
-0.33919,29.454958516258184,-30.672,48.05488586425781,-220.9246950512886
-0.33919,29.454958516258184,-30.672,48.05488586425781,0.0
-0.33277,28.550921040672247,-29.898000000000003,47.10044860839844,-190.43041816827892
-0.33277,28.550921040672247,-29.898000000000003,47.10044860839844,0.0
-0.32528,28.04686220278162,-30.336,46.11305236816406,-197.36083154793388
-0.32528,28.04686220278162,-30.336,46.11305236816406,0.0
-0.33384,28.134523945945684,-30.12,45.142822265625,-188.72400360611763
-0.33384,28.134523945945684,-30.12,45.142822265625,0.0
-0.321,27.29623659243006,-30.42,44.14649963378906,-186.158937189068
-0.321,27.29623659243006,-30.42,44.14649963378906,0.0
-0.33491,27.586626607078497,-30.228,43.17970275878906,-200.04073556798497
-0.33491,27.586626607078497,-30.228,43.17970275878906,0.0
-0.30388,26.17851503481287,-30.096000000000004,42.1929931640625,-198.41335104094665
-0.30388,26.17851503481287,-30.096000000000004,42.1929931640625,0.0
-0.30602,26.50177248110193,-30.366,41.21040344238281,-195.57916434704885
-0.30602,26.50177248110193,-30.366,41.21040344238281,0.0
-0.30388,25.14299257387537,-30.258,40.24566650390625,-202.63325739901163
-0.30388,25.14299257387537,-30.258,40.24566650390625,0.0
-0.31565,25.931963521141,-29.982,39.285736083984375,-193.8470153315814
-0.31565,25.931963521141,-29.982,39.285736083984375,0.0
-0.2889,24.704668599266,-30.918000000000003,38.331298828125,-178.19963701631627
-0.2889,24.704668599266,-30.918000000000003,38.331298828125,0.0
-0.28997,24.797808247703497,-30.648,37.36587524414063,-196.50388438516896
-0.28997,24.797808247703497,-30.648,37.36587524414063,0.0
-0.29425,23.51024110903162,-30.396,36.3922119140625,-182.09525529796423
-0.29425,23.51024110903162,-30.396,36.3922119140625,0.0
-0.27927,22.85277040590662,-30.42,35.40000915527344,-199.5179486806657
-0.27927,22.85277040590662,-30.42,35.40000915527344,0.0
-0.27606,22.370607930320684,-30.726000000000003,34.44488525390625,-188.4245218716179
-0.27606,22.370607930320684,-30.726000000000003,34.44488525390625,0.0
-0.28141,21.806276875633184,-30.618,33.50761413574219,-184.5385150943444
-0.28141,21.806276875633184,-30.618,33.50761413574219,0.0
-0.28141,21.90489442934412,-30.036,32.52777099609375,-189.2319698046457
-0.28141,21.90489442934412,-30.036,32.52777099609375,0.0
-0.26215,20.809099751609747,-30.696,31.56646728515625,-191.45662436516005
-0.26215,20.809099751609747,-30.696,31.56646728515625,0.0
-0.2568,20.78171022524256,-30.066,30.55023193359375,-219.11068382115516
-0.2568,20.78171022524256,-30.066,30.55023193359375,0.0
-0.24717,19.203753071922247,-30.48,29.574508666992188,-193.7111905105447
-0.24717,19.203753071922247,-30.48,29.574508666992188,0.0
-0.26108,19.70782716860193,-30.204,28.620758056640625,-178.47129684725266
-0.26108,19.70782716860193,-30.204,28.620758056640625,0.0
-0.24075,18.661333638328497,-30.48,27.6800537109375,-191.08355590151643
-0.24075,18.661333638328497,-30.48,27.6800537109375,0.0
-0.24182,19.07773073305506,-29.544000000000004,26.70501708984375,-194.3465459624585
-0.24182,19.07773073305506,-29.544000000000004,26.70501708984375,0.0
-0.23861,17.790163594383184,-30.612,25.74165344238281,-191.25742455045696
-0.23861,17.790163594383184,-30.612,25.74165344238281,0.0
-0.2354,16.919008809226934,-29.844000000000005,24.745330810546875,-201.39935957873791
-0.2354,16.919008809226934,-29.844000000000005,24.745330810546875,0.0
-0.21507,15.993059712547248,-30.174000000000003,23.792953491210938,-190.7425033719496
-0.21507,15.993059712547248,-30.174000000000003,23.792953491210938,0.0
-0.21079,15.291750508445686,-29.736,22.82135009765625,-184.2600784287027
-0.21079,15.291750508445686,-29.736,22.82135009765625,0.0
-0.22149,15.384890156883186,-30.312,21.86485290527344,-175.63297693401435
-0.22149,15.384890156883186,-30.312,21.86485290527344,0.0
-0.20223,14.568514424461313,-30.942,20.910415649414062,-189.9377623600816
-0.20223,14.568514424461313,-30.942,20.910415649414062,0.0
-0.19581,14.54660280336756,-30.426,19.952545166015625,-193.002313801819
-0.19581,14.54660280336756,-30.426,19.952545166015625,0.0
-0.19474,12.733049946922248,-30.972,18.969268798828125,-196.73396702429
-0.19474,12.733049946922248,-30.972,18.969268798828125,0.0
-0.1926,12.667299824851936,-30.558,17.964706420898438,-201.55745945618432
-0.1926,12.667299824851936,-30.558,17.964706420898438,0.0
-0.17976,11.653688985008186,-30.918000000000003,17.022628784179688,-200.27160644530127
-0.17976,11.653688985008186,-30.918000000000003,17.022628784179688,0.0
-0.18725,12.283770161765998,-30.15,16.079177856445312,-188.6524550558626
-0.18725,12.283770161765998,-30.15,16.079177856445312,0.0
-0.17869,11.368776875633186,-30.81,15.11444091796875,-193.06322563071123
-0.17869,11.368776875633186,-30.81,15.11444091796875,0.0
-0.18083,10.86471803774256,-30.012,14.111251831054688,-199.95796031771252
-0.18083,10.86471803774256,-30.012,14.111251831054688,0.0
-0.1476599999999999,9.374422627586313,-31.002,13.10943603515625,-204.32710501706893
-0.1476599999999999,9.374422627586313,-31.002,13.10943603515625,0.0
-0.15301,8.032076436180061,-30.228,12.14813232421875,-192.3761678882532
-0.15301,8.032076436180061,-30.228,12.14813232421875,0.0
-0.15408,8.032076436180061,-30.12,11.220474243164062,-185.12434265703905
-0.15408,7.895098286765998,-30.12,11.220474243164062,0.0
-0.14659,7.31979616274256,-30.672,10.254364013671877,-194.5841348423901
-0.14659,7.31979616274256,-30.672,10.254364013671877,0.0
-0.13803,7.65402467836756,-30.942,9.288253784179688,-180.68266869124943
-0.13803,7.65402467836756,-30.942,9.288253784179688,0.0
-0.13161,6.147295552390998,-30.78,8.281631469726562,-185.55250036006055
-0.13161,6.147295552390998,-30.78,8.281631469726562,0.0
-0.13054,5.747332173484748,-30.612,7.303848266601562,-200.20131104113224
-0.13054,5.747332173484748,-30.612,7.303848266601562,0.0
-0.11342,4.361147481101935,-30.312,6.3480377197265625,-191.58359328021123
-0.11342,4.361147481101935,-30.312,6.3480377197265625,0.0
-0.11235,4.361147481101935,-30.450000000000003,5.362701416015625,-197.89843416566308
-0.11235,4.55838258852381,-30.450000000000003,5.362701416015625,0.0
-0.10593,3.983095723289435,-31.416,4.404144287109375,-189.62554478862447
-0.10593,3.983095723289435,-31.416,4.404144287109375,0.0
-0.11877,3.988573628562873,-30.504,3.437347412109375,-190.95336263085812
-0.11877,3.988573628562873,-30.504,3.437347412109375,0.0
-0.09523,2.71744020571131,-30.504,2.468490600585937,-193.38459311843516
-0.09523,2.71744020571131,-30.504,2.468490600585937,0.0
-0.09095,1.2271600543441228,-30.036,1.4536285400390625,-212.62561503181337
-0.09095,1.2271600543441228,-30.036,1.4536285400390625,0.0
-0.07918,0.4381738482894353,-31.14,0.50262451171875,-190.58196960329255
-0.07918,0.4381738482894353,-31.14,0.50262451171875,0.0
-0.08132,0.4381738482894353,-30.426,-0.506744384765625,-178.90267573278774
-0.08132,-0.5151647747574397,-30.426,-0.506744384765625,0.0
-0.08988,0.4272180377425603,-30.78,-1.4481353759765625,-189.22431984139632
-0.08988,0.4272180377425603,-30.78,-1.4481353759765625,0.0
-0.06955,-0.6959814251480647,-30.672,-2.4259185791015625,-195.71321119394645
-0.06955,-0.6959814251480647,-30.672,-2.4259185791015625,0.0
-0.05992,-1.0904668987808772,-30.204,-3.46343994140625,-207.04876517748775
-0.05992,-1.0904668987808772,-30.204,-3.46343994140625,0.0
-0.04387,-3.030026835304315,-30.888,-4.443283081054688,-198.26854302883083
-0.04387,-3.030026835304315,-30.888,-4.443283081054688,0.0
-0.05778,-3.128659647804315,-30.834,-5.416259765625,-195.1808795527372
-0.05778,-3.128659647804315,-30.834,-5.416259765625,0.0
-0.04815,-3.764218729835565,-31.11,-6.378936767578125,-194.24475422783144
-0.04815,-3.764218729835565,-31.11,-6.378936767578125,0.0
-0.05671,-3.65463010678869,-30.450000000000003,-7.305908203125,-187.1913238180507
-0.05671,-3.65463010678869,-30.450000000000003,-7.305908203125,0.0
-0.03638,-4.240888041359002,-30.534,-8.306350708007812,-204.17193977203428
-0.03638,-4.240888041359002,-30.534,-8.306350708007812,0.0
-0.03103,-4.240888041359002,-30.81,-9.35211181640625,-210.0343660169372
-0.03103,-6.196896952491815,-30.81,-9.35211181640625,0.0
-0.02461,-6.777661722999627,-29.736,-10.306549072265623,-193.4800843014684
-0.02461,-6.777661722999627,-29.736,-10.306549072265623,0.0
-0.01498,-8.010434550148064,-30.942,-11.267852783203123,-173.3640596821558
-0.01498,-8.010434550148064,-30.942,-11.267852783203123,0.0
-0.01712,-7.144757670265252,-30.618,-12.243576049804688,-200.43616815972584
-0.01712,-7.144757670265252,-30.618,-12.243576049804688,0.0
-0.01284,-7.895383280616815,-30.804,-13.187026977539062,-179.73917464936636
-0.01284,-7.895383280616815,-30.804,-13.187026977539062,0.0
-0.01712,-8.087140482765252,-30.144,-14.212875366210938,-195.47415942680848
-0.01712,-8.087140482765252,-30.144,-14.212875366210938,0.0
-0.0,-9.889737528663687,-30.204,-15.235977172851562,-209.05226944025097
-0.0,-9.889737528663687,-30.204,-15.235977172851562,0.0
-0.00107,-10.854047221046502,-30.204,-16.198654174804688,-192.38149519448615
-0.00107,-10.854047221046502,-30.204,-16.198654174804688,0.0
0.00535,-11.23757688413244,-30.42,-17.136611938476562,-187.51654611588884
0.00535,-11.23757688413244,-30.42,-17.136611938476562,0.0
-0.0,-11.51699582944494,-30.972,-18.097915649414062,-192.49173226622167
-0.0,-11.51699582944494,-30.972,-18.097915649414062,0.0
0.00107,-11.012936991554314,-30.612,-19.068832397460938,-196.3828373881196
0.00107,-11.012936991554314,-30.612,-19.068832397460938,0.0
0.01284,-12.952496928077752,-30.726000000000003,-20.076828002929688,-205.37807772385423
0.01284,-12.952496928077752,-30.726000000000003,-20.076828002929688,0.0
0.0321,-13.544232767921502,-30.396,-21.090316772460938,-197.13844962677257
0.0321,-13.544232767921502,-30.396,-21.090316772460938,0.0
0.03531,-15.166013163429314,-30.48,-22.05780029296875,-188.96162509918983
0.03531,-15.166013163429314,-30.48,-22.05780029296875,0.0
0.02354,-14.535931986671502,-30.258,-22.9888916015625,-186.89106956926415
0.02354,-14.535931986671502,-30.258,-22.9888916015625,0.0
0.03103,-14.963300150734002,-30.612,-23.92822265625,-192.40701652753933
0.03103,-14.963300150734002,-30.612,-23.92822265625,0.0
0.03317,-14.963300150734002,-30.174000000000003,-24.918365478515625,-183.1562749289353
0.03317,-14.815366190773064,-30.174000000000003,-24.918365478515625,0.0
0.05136,-16.36044065366369,-31.326,-25.927734375,-201.8737792969152
0.05136,-16.36044065366369,-31.326,-25.927734375,0.0
0.04922,-17.784970682960566,-30.228,-26.93572998046875,-208.7811941733192
0.04922,-17.784970682960566,-30.228,-26.93572998046875,0.0
0.05778,-18.124677103859003,-30.258,-27.90321350097656,-193.41933636704263
0.05778,-18.124677103859003,-30.258,-27.90321350097656,0.0
0.05671,-18.65066282163244,-30.996,-28.82057189941406,-183.7289001477467
0.05671,-18.65066282163244,-30.996,-28.82057189941406,0.0
0.05457,-17.64252988706213,-31.218,-29.78462219238281,-193.46784928133388
0.05457,-17.64252988706213,-31.218,-29.78462219238281,0.0
0.05778,-19.36840574155432,-31.271999999999995,-30.762405395507816,-193.96611845366988
0.05778,-19.36840574155432,-31.271999999999995,-30.762405395507816,0.0
0.06955,-19.724545878273062,-31.056,-31.809539794921875,-210.47927626413448
0.06955,-19.724545878273062,-31.056,-31.809539794921875,0.0
0.08667,-21.66958372006994,-30.864000000000004,-32.77839660644531,-205.8331870668111
0.08667,-21.66958372006994,-30.864000000000004,-32.77839660644531,0.0
0.08667,-21.32441465268713,-30.396,-33.75,-193.93281308475235
0.08667,-21.32441465268713,-30.396,-33.75,0.0
0.07811,-21.57644407163244,-31.248,-34.65843200683594,-180.8544708015166
0.07811,-21.57644407163244,-31.248,-34.65843200683594,0.0
0.07062,-21.51617185483557,-31.356,-35.657501220703125,-187.05658376095545
0.07062,-21.51617185483557,-31.356,-35.657501220703125,0.0
0.0963,-22.414731425148062,-31.572,-36.63047790527344,-196.95884303044755
0.0963,-22.414731425148062,-31.572,-36.63047790527344,0.0
0.10486,-24.27210752378088,-30.15,-37.65769958496094,-213.47083950275453
0.10486,-24.27210752378088,-30.15,-37.65769958496094,0.0
0.11984,-24.19540159116369,-30.474,-38.65264892578125,-204.63787347191789
0.11984,-24.19540159116369,-30.474,-38.65264892578125,0.0
0.10165,-25.16518918881994,-30.774,-39.60845947265625,-189.45699640736865
0.10165,-25.16518918881994,-30.774,-39.60845947265625,0.0
0.107,-23.647504252296503,-30.312,-40.56358337402344,-188.94637020120624
0.107,-23.647504252296503,-30.312,-40.56358337402344,0.0
0.10379,-25.176144999366816,-31.086,-41.52488708496094,-182.27222429607505
0.10379,-25.176144999366816,-31.086,-41.52488708496094,0.0
0.12198,-25.56515256772619,-30.696,-42.53974914550781,-199.81532989699144
0.12198,-25.56515256772619,-30.696,-42.53974914550781,0.0
0.1391,-27.444455546241816,-31.11,-43.559417724609375,-196.50579670481383
0.1391,-27.444455546241816,-31.11,-43.559417724609375,0.0
0.12519,-27.51568357358557,-30.312,-44.496002197265625,-183.32050746846883
0.12519,-27.51568357358557,-30.312,-44.496002197265625,0.0
0.12412,-27.29652158628088,-30.942,-45.457305908203125,-189.0097740734892
0.12412,-27.29652158628088,-30.942,-45.457305908203125,0.0
0.12198,-27.329389017921503,-31.086,-46.41792297363281,-193.75092082082315
0.12198,-27.329389017921503,-31.086,-46.41792297363281,0.0
0.1476599999999999,-27.34036008725744,-30.81,-47.39982604980469,-185.54479897425125
0.1476599999999999,-27.34036008725744,-30.81,-47.39982604980469,0.0
0.14338,-29.70181028256994,-31.332,-48.41468811035156,-191.591855870638
0.14338,-29.70181028256994,-31.332,-48.41468811035156,0.0
0.15836,-29.46072141538244,-30.15,-49.40483093261719,-191.51698689858557
0.15836,-29.46072141538244,-30.15,-49.40483093261719,0.0
0.14659,-30.69349424253088,-31.218,-50.3338623046875,-182.0202531485327
0.14659,-30.69349424253088,-31.218,-50.3338623046875,0.0
0.14445,-29.09364072690588,-30.396,-51.329498291015625,-174.48930710272117
0.14445,-29.09364072690588,-30.396,-51.329498291015625,0.0
0.14659,-30.10177366147619,-31.302,-52.25852966308594,-181.52234702430655
0.14659,-30.10177366147619,-31.302,-52.25852966308594,0.0
0.1498,-30.10177366147619,-31.380000000000003,-53.24592590332031,-211.4338844185381
0.1498,-30.370236796241816,-31.380000000000003,-53.24592590332031,0.0
0.17976,-32.0522894085465,-31.248,-54.28482055664063,-214.29345159251605
0.17976,-32.0522894085465,-31.248,-54.28482055664063,0.0
0.17013,-32.0522894085465,-29.874,-55.2392578125,-185.8689884828008
0.17013,-32.5234808147965,-29.874,-55.2392578125,0.0
0.17548,-32.090650004249625,-30.450000000000003,-56.20262145996094,-193.83574395591756
0.17548,-32.090650004249625,-30.450000000000003,-56.20262145996094,0.0
0.15408,-32.29336301694494,-30.750000000000004,-57.13920593261719,-180.21636957021911
0.15408,-32.29336301694494,-30.750000000000004,-57.13920593261719,0.0
0.17227,-31.55918638120276,-31.218,-58.09226989746093,-186.25443909394068
0.17227,-31.55918638120276,-31.218,-58.09226989746093,0.0
0.17548,-33.72338621030431,-31.74000000000001,-59.09751892089844,-200.6485076722121
0.17548,-33.72338621030431,-31.74000000000001,-59.09751892089844,0.0
0.19153,-33.61929075131994,-30.234,-60.121994018554695,-205.55278845429197
0.19153,-33.61929075131994,-30.234,-60.121994018554695,0.0
0.19046,-35.087659281593375,-30.726000000000003,-61.06132507324219,-188.2049799013724
0.19046,-35.087659281593375,-30.726000000000003,-61.06132507324219,0.0
0.17869,-33.55901853452306,-29.238,-62.008895874023445,-193.7772598734829
0.17869,-33.55901853452306,-29.238,-62.008895874023445,0.0
0.17976,-34.26580564389806,-31.05,-62.96539306640624,-191.2994384765977
0.17976,-34.26580564389806,-31.05,-62.96539306640624,0.0
0.18297,-33.96993772397619,-30.204,-63.90129089355468,-187.17956542972476
0.18297,-33.96993772397619,-30.204,-63.90129089355468,0.0
0.19795,-35.33421079526525,-31.578,-64.92233276367188,-204.1675405153345
0.19795,-35.33421079526525,-31.578,-64.92233276367188,0.0
0.19688,-36.08483640561681,-30.81,-65.93101501464844,-202.01927718334125
0.19688,-36.08483640561681,-30.81,-65.93101501464844,0.0
0.19795,-35.641034525734,-29.988,-66.90605163574219,-198.9058794561089
0.19795,-35.641034525734,-29.988,-66.90605163574219,0.0
0.18618,-35.964307230812125,-30.642,-67.86392211914062,-190.7728507066793
0.18618,-35.964307230812125,-30.642,-67.86392211914062,0.0
0.19902,-34.91781370053869,-30.81,-68.81767272949219,-191.5931318504744
0.19902,-34.91781370053869,-30.81,-68.81767272949219,0.0
0.19046,-36.75327817807775,-31.716000000000005,-69.78790283203125,-184.06945599297592
0.19046,-36.75327817807775,-31.716000000000005,-69.78790283203125,0.0
0.20651,-36.3533147991715,-30.042,-70.78628540039062,-200.7202590187444
0.20651,-36.3533147991715,-30.042,-70.78628540039062,0.0
0.21935,-38.03536741147619,-31.026,-71.82861328125,-213.06784154934527
0.21935,-38.03536741147619,-31.026,-71.82861328125,0.0
0.20865,-36.53411619077306,-29.628,-72.75627136230469,-184.645318681246
0.20865,-36.53411619077306,-29.628,-72.75627136230469,0.0
0.19688,-37.12585203061681,-30.834,-73.71620178222656,-189.1488512161435
0.19688,-37.12585203061681,-30.834,-73.71620178222656,0.0
0.19795,-36.67657224546056,-31.164000000000005,-74.674072265625,-197.9480230209428
0.19795,-36.67657224546056,-31.164000000000005,-74.674072265625,0.0
0.20758,-37.28474180112463,-31.086,-75.66490173339844,-198.4039783286842
0.20758,-37.28474180112463,-31.086,-75.66490173339844,0.0
0.21828,-38.33123533139806,-30.341999999999995,-76.64749145507812,-190.57209497280525
0.21828,-38.33123533139806,-30.341999999999995,-76.64749145507812,0.0
0.21935,-37.88743345151525,-30.672,-77.67745971679688,-216.51634679815425
0.21935,-37.88743345151525,-30.672,-77.67745971679688,0.0
0.20009,-38.40794126401525,-29.982,-78.63670349121094,-190.21292373863835
0.20009,-38.40794126401525,-29.982,-78.63670349121094,0.0
0.20116,-37.01626340756994,-30.588,-79.56573486328125,-187.00309421705688
0.20116,-37.01626340756994,-30.588,-79.56573486328125,0.0
0.20972,-38.55038205991369,-30.942,-80.50163269042969,-191.1165667037969
0.20972,-38.55038205991369,-30.942,-80.50163269042969,0.0
0.21828,-37.63538877378088,-30.750000000000004,-81.54396057128906,-205.79030224271568
0.21828,-37.63538877378088,-30.750000000000004,-81.54396057128906,0.0
0.23005,-39.61330930600744,-30.78,-82.55195617675781,-203.18395595009787
0.23005,-39.61330930600744,-30.78,-82.55195617675781,0.0
0.214,-38.44080869565588,-30.174000000000003,-83.49884033203125,-191.01959961130697
0.214,-38.44080869565588,-30.174000000000003,-83.49884033203125,0.0
0.22042,-38.901044291359,-30.036,-84.43336486816406,-190.2146419973093
0.22042,-38.901044291359,-30.036,-84.43336486816406,0.0
0.22256,-38.44628660092931,-30.09,-85.35896301269531,-184.60274123076832
0.22256,-38.44628660092931,-30.09,-85.35896301269531,0.0
0.22577,-39.175000590187125,-29.328,-86.28044128417969,-184.18514321093693
0.22577,-39.175000590187125,-29.328,-86.28044128417969,0.0
0.23433,-39.53112546811681,-27.978,-87.17445373535156,-188.13393332742
0.23433,-39.53112546811681,-27.978,-87.17445373535156,0.0
0.24182,-39.78864805112463,-27.21,-88.07258605957031,-178.91082155751906
0.24182,-39.78864805112463,-27.21,-88.07258605957031,0.0
0.24075,-39.78864805112463,-25.176,-88.94393920898438,-155.6265671394967
0.24075,-39.67358152280431,-25.176,-88.94393920898438,0.0
0.22684,-39.175000590187125,-24.522,-89.74319458007812,-158.0180646685941
0.22684,-39.175000590187125,-24.522,-89.74319458007812,0.0
0.22684,-38.84624997983556,-23.97,-90.52459716796876,-154.7331857208983
0.22684,-38.84624997983556,-23.97,-90.52459716796876,0.0
0.24075,-40.024243754249625,-23.748,-91.25518798828124,-147.474933450246
0.24075,-40.024243754249625,-23.748,-91.25518798828124,0.0
0.22684,-38.46819822202306,-22.764000000000003,-91.98989868164062,-148.72686100393997
0.22684,-38.46819822202306,-22.764000000000003,-91.98989868164062,0.0
0.24289,-41.41590635190588,-21.774,-92.69027709960938,-139.04673773452188
0.24289,-41.41590635190588,-21.774,-92.69027709960938,0.0
0.23112,-38.68188230405431,-19.578,-93.36799621582033,-138.33825601366678
0.23112,-38.68188230405431,-19.578,-93.36799621582033,0.0
0.23968,-40.13929502378088,-19.056,-94.031982421875,-131.11891904710947
0.23968,-40.13929502378088,-19.056,-94.031982421875,0.0
0.23968,-39.67358152280431,-17.298,-94.6025848388672,-112.96820768010517
0.23968,-39.67358152280431,-17.298,-94.6025848388672,0.0
0.22577,-38.41341916928869,-17.298,-95.15533447265624,-99.45117556479836
0.22577,-38.41341916928869,-17.298,-95.15533447265624,0.0
0.23861,-39.66262571225744,-15.870000000000005,-95.701904296875,-110.12891884319134
0.23861,-39.66262571225744,-15.870000000000005,-95.701904296875,0.0
0.22898,-39.66262571225744,-15.54,-96.20040893554688,-94.07522903789337
0.22898,-39.410596293312125,-15.54,-96.20040893554688,0.0
0.24931,-38.418897074562125,-14.388,-96.65153503417967,-84.798138840734
0.24931,-38.418897074562125,-14.388,-96.65153503417967,0.0
0.23861,-38.77502195249181,-13.865999999999998,-97.0978546142578,-88.66102107232952
0.23861,-38.77502195249181,-13.865999999999998,-97.0978546142578,0.0
0.24717,-39.71742002378088,-12.384,-97.5091552734375,-79.3098070149809
0.24717,-39.71742002378088,-12.384,-97.5091552734375,0.0
0.2461,-39.7009710491715,-11.37,-97.88818359375,-84.86975376457397
0.2461,-39.7009710491715,-11.37,-97.88818359375,0.0
0.24824,-39.12020627866369,-10.104,-98.2232666015625,-66.51111707273704
0.24824,-39.12020627866369,-10.104,-98.2232666015625,0.0
0.24503,-38.851727885109,-9.168,-98.53843688964844,-63.04666695055832
0.24503,-38.851727885109,-9.168,-98.53843688964844,0.0
0.25466,-39.48182432065588,-8.898,-98.83438110351562,-58.1994520879297
0.25466,-39.48182432065588,-8.898,-98.83438110351562,0.0
0.26429,-39.21334592710119,-6.779999999999999,-99.08843994140624,-49.64025750110102
0.26429,-39.21334592710119,-6.779999999999999,-99.08843994140624,0.0
0.25038,-39.322919291359,-5.574,-99.30885314941406,-43.577146699847056
0.25038,-39.322919291359,-5.574,-99.30885314941406,0.0
0.25145,-38.00796262631994,-4.584,-99.48600769042967,-38.95218579938865
0.25145,-38.00796262631994,-4.584,-99.48600769042967,0.0
0.25145,-38.72572080503088,-3.87,-99.62745666503906,-28.18270065936789
0.25145,-38.72572080503088,-3.87,-99.62745666503906,0.0
0.2461,-39.33389036069494,-3.24,-99.73114013671876,-21.34283072863145
0.2461,-39.33389036069494,-3.24,-99.73114013671876,0.0
0.24503,-39.311963480812125,-1.866,-99.8272705078125,-19.739295912477097
0.24503,-39.311963480812125,-1.866,-99.8272705078125,0.0
0.23968,-39.25170652280431,-1.2899999999999998,-99.87533569335938,-9.597680820062664
0.23968,-39.25170652280431,-1.2899999999999998,-99.87533569335938,0.0
0.23968,-36.81902830014806,-1.014,-99.90966796875,-6.990892973045365
0.23968,-36.81902830014806,-1.014,-99.90966796875,0.0
0.26215,-37.95318357358556,-1.2899999999999998,-99.94468688964844,-6.99120001965052
0.26215,-37.95318357358556,-1.2899999999999998,-99.94468688964844,0.0
0.25894,-39.26814023862463,-0.414,-99.97283935546876,-5.704653661667372
0.25894,-39.26814023862463,-0.414,-99.97283935546876,0.0
0.25038,-38.28191892514806,-0.2759999999999999,-99.98245239257812,-1.910380983577292
0.25038,-38.28191892514806,-0.2759999999999999,-99.98245239257812,0.0
0.25038,-38.4736761272965,-0.108,-99.97833251953124,0.7988894797147166
0.25038,-38.4736761272965,-0.108,-99.97833251953124,0.0
0.24503,-38.09014646421056,-0.0,-99.98245239257812,-0.8301174787203645
0.24503,-38.09014646421056,-0.0,-99.98245239257812,0.0
0.2461,-38.09014646421056,-0.246,-99.98931884765624,-1.2870581214826808
0.2461,-38.02439634214025,-0.246,-99.98931884765624,0.0
0.24396,-38.22712461362463,-0.1919999999999999,-99.98794555664062,0.2749331362584605
0.24396,-38.22712461362463,-0.1919999999999999,-99.98794555664062,0.0
0.24182,-38.22712461362463,0.1379999999999999,-99.9872589111328,0.1374115484944533
0.24182,-38.09014646421056,0.1379999999999999,-99.9872589111328,0.0
0.23754,-38.21616880307775,-0.084,-99.98931884765624,-0.4109189155071867
0.23754,-38.21616880307775,-0.084,-99.98931884765624,0.0
0.23968,-38.21616880307775,-0.054,-99.99549865722656,-1.2048761104165562
0.23968,-38.13946287046056,-0.054,-99.99549865722656,0.0
0.23968,-38.133984965187125,-0.246,-99.98451232910156,2.213646609913336
0.23968,-38.133984965187125,-0.246,-99.98451232910156,0.0
0.23861,-38.183301371437125,-0.108,-99.99343872070312,-1.4585607192097407
0.23861,-38.183301371437125,-0.108,-99.99343872070312,0.0
0.23754,-38.11755124936681,0.162,-99.99275207519533,0.135915579532542
0.23754,-38.11755124936681,0.162,-99.99275207519533,0.0
0.23754,-38.183301371437125,0.3,-99.99481201171876,-0.3934179762103691
0.23754,-38.183301371437125,0.3,-99.99481201171876,0.0
0.23754,-38.144940775734,0.222,-99.99618530273438,-0.2751534793851261
0.23754,-38.144940775734,0.222,-99.99618530273438,0.0
0.23968,-38.144940775734,-0.054,-99.9872589111328,1.6475436695414802
0.23968,-38.133984965187125,-0.054,-99.9872589111328,0.0
0.23861,-38.15041868100744,-0.1379999999999999,-99.99549865722656,-1.6268008082456176
0.23861,-38.15041868100744,-0.1379999999999999,-99.99549865722656,0.0
0.24075,-38.15041868100744,0.03,-99.99549865722656,0.0
0.24075,-38.18877927671056,0.03,-99.99549865722656,0.0
0.25038,-38.183301371437125,0.03,-99.99275207519533,0.5461487435348069
0.25038,-38.183301371437125,0.03,-99.99275207519533,0.0
0.27285,-38.183301371437125,-0.084,-99.9982452392578,-1.128191427905178
0.27285,-38.183301371437125,-0.084,-99.9982452392578,0.0
0.31672,-38.2380804241715,0.2759999999999999,-99.99481201171876,0.6835014013606175
0.31672,-38.2380804241715,0.2759999999999999,-99.99481201171876,0.0
0.36594,-38.583264750343375,0.66,-99.98519897460938,2.061114303042283
0.36594,-38.583264750343375,0.66,-99.98519897460938,0.0
0.40981,-39.596875590187125,1.7040000000000002,-99.95018005371094,7.041809953436519
0.40981,-39.596875590187125,1.7040000000000002,-99.95018005371094,0.0
0.41623,-40.539258402687125,3.678,-99.8664093017578,17.15559122530152
0.41623,-40.539258402687125,3.678,-99.8664093017578,0.0
0.42586,-39.454419535499625,5.712,-99.70298767089844,30.735683817823418
0.42586,-39.454419535499625,5.712,-99.70298767089844,0.0
0.41409,-38.61065427671056,7.278,-99.4928741455078,46.33153812361861
0.41409,-38.61065427671056,7.278,-99.4928741455078,0.0
0.41516,-38.769544047218375,7.77,-99.25666809082033,46.45153484513318
0.41516,-38.769544047218375,7.77,-99.25666809082033,0.0
0.44084,-38.81338254819494,8.322000000000001,-98.98887634277344,54.60680017269581
0.44084,-38.81338254819494,8.322000000000001,-98.98887634277344,0.0
0.42051,-39.44346372495275,9.474,-98.70391845703124,58.573049484515664
0.42051,-39.44346372495275,9.474,-98.70391845703124,0.0
0.41195,-39.44346372495275,10.788,-98.3722686767578,67.32638657602178
0.41195,-39.44346372495275,10.788,-98.3722686767578,0.0
0.41195,-39.09829465756994,11.064,-98.03443908691406,68.33122771920141
0.41195,-39.09829465756994,11.064,-98.03443908691406,0.0
0.41623,-39.054456156593375,11.886,-97.66433715820312,75.68546599406268
0.41623,-39.054456156593375,11.886,-97.66433715820312,0.0
0.43442,-39.43798581967931,12.468,-97.28874206542967,74.64131414416877
0.43442,-39.43798581967931,12.468,-97.28874206542967,0.0
0.44726,-39.859876078468375,13.95,-96.88568115234376,80.16326831460172
0.44726,-39.859876078468375,13.95,-96.88568115234376,0.0
0.43442,-39.7502874554215,15.678,-96.42906188964844,91.9676259205357
0.43442,-39.7502874554215,15.678,-96.42906188964844,0.0
0.41837,-39.22430173764806,16.476,-95.91888427734376,102.52765520593952
0.41837,-39.22430173764806,16.476,-95.91888427734376,0.0
0.4376300000000001,-39.2790960491715,16.668,-95.39291381835938,105.0470259605148
0.4376300000000001,-39.2790960491715,16.668,-95.39291381835938,0.0
0.43121,-39.68453733335119,17.844,-94.85458374023438,108.1418397197782
0.43121,-39.68453733335119,17.844,-94.85458374023438,0.0
0.43977,-39.4653753460465,19.086,-94.26612854003906,116.08901167793304
0.43977,-39.4653753460465,19.086,-94.26612854003906,0.0
0.45261,-39.4653753460465,19.002,-93.65570068359376,112.43836000098706
0.45261,-39.58591977964025,19.002,-93.65570068359376,0.0
0.43335,-39.87630979428869,21.090000000000003,-93.00888061523438,130.59157447194934
0.43335,-39.87630979428869,21.090000000000003,-93.00888061523438,0.0
0.42586,-39.66810361753088,21.966,-92.32772827148438,137.46767785063625
0.42586,-39.66810361753088,21.966,-92.32772827148438,0.0
0.43977,-39.7996038616715,21.858,-91.62803649902344,139.79855593628432
0.43977,-39.7996038616715,21.858,-91.62803649902344,0.0
0.43977,-39.657147806984,23.64,-90.911865234375,143.2629055107967
0.43977,-39.657147806984,23.64,-90.911865234375,0.0
0.46117,-40.08999387631994,24.546,-90.16204833984376,149.36591524526537
0.46117,-40.08999387631994,24.546,-90.16204833984376,0.0
0.45047,-40.26531736264806,25.728,-89.37721252441406,157.85112941062658
0.45047,-40.26531736264806,25.728,-89.37721252441406,0.0
0.45047,-40.314618510109,26.91,-88.53744506835938,168.0543238052383
0.45047,-40.314618510109,26.91,-88.53744506835938,0.0
0.44726,-39.58591977964025,27.048,-87.62283325195312,181.2189055688616
0.44726,-39.58591977964025,27.048,-87.62283325195312,0.0
0.44298,-38.91200010190588,27.816,-86.71165466308594,183.77946528179572
0.44298,-38.91200010190588,27.816,-86.71165466308594,0.0
0.44726,-39.73933164487463,28.752,-85.80184936523438,174.1587476744912
0.44726,-39.73933164487463,28.752,-85.80184936523438,0.0
0.44619,-39.832471293312125,29.76,-84.89479064941406,182.03064736512965
0.44619,-39.832471293312125,29.76,-84.89479064941406,0.0
0.44084,-39.35032407651525,30.366,-83.93280029296875,171.05091686435776
0.44084,-39.35032407651525,30.366,-83.93280029296875,0.0
0.45261,-38.91747800717931,30.942,-82.95021057128906,199.51060338673585
0.45261,-38.91747800717931,30.942,-82.95021057128906,0.0
0.42265,-38.38601438413244,30.78,-81.97792053222656,168.65395300302848
0.42265,-38.38601438413244,30.78,-81.97792053222656,0.0
0.43442,-38.5723089397965,29.766,-80.95550537109375,211.33012838622415
0.43442,-38.5723089397965,29.766,-80.95550537109375,0.0
0.42372,-38.29287473569494,29.568,-80.02098083496094,186.1231898292405
0.42372,-38.29287473569494,29.568,-80.02098083496094,0.0
0.45368,-39.21882383237463,30.672,-79.06242370605469,195.5042074048834
0.45368,-39.21882383237463,30.672,-79.06242370605469,0.0
0.42158,-38.27096311460119,30.972,-78.08876037597656,196.26352148320296
0.42158,-38.27096311460119,30.972,-78.08876037597656,0.0
0.4387,-38.87365476499181,30.78,-77.080078125,200.73278626399912
0.4387,-38.87365476499181,30.78,-77.080078125,0.0
0.40874,-37.1094183147965,30.174000000000003,-76.08512878417969,199.06949596242748
0.40874,-37.1094183147965,30.174000000000003,-76.08512878417969,0.0
0.41623,-37.70113889585119,30.504,-75.08468627929688,179.77403501935044
0.41623,-37.70113889585119,30.504,-75.08468627929688,0.0
0.428,-37.80524961362463,30.642,-74.13368225097656,190.2388534347588
0.428,-37.80524961362463,30.642,-74.13368225097656,0.0
0.43121,-38.16137449155431,30.450000000000003,-73.16070556640625,194.1681669467241
0.43121,-38.16137449155431,30.450000000000003,-73.16070556640625,0.0
0.43121,-37.88743345151525,30.804,-72.18017578125,198.00682252753808
0.43121,-37.88743345151525,30.804,-72.18017578125,0.0
0.39697,-37.021741312843375,30.474,-71.20994567871094,195.3352330458916
0.39697,-37.021741312843375,30.474,-71.20994567871094,0.0
0.41088,-36.71491758237463,30.804,-70.17723083496094,206.66696893138052
0.41088,-36.71491758237463,30.804,-70.17723083496094,0.0
0.4173,-36.04649106870275,30.972,-69.17747497558594,198.83768086212663
0.4173,-36.04649106870275,30.972,-69.17747497558594,0.0
0.42158,-37.43267576108556,30.696,-68.21891784667969,190.2276501103884
0.42158,-37.43267576108556,30.696,-68.21891784667969,0.0
0.40446,-36.336865824562125,30.864000000000004,-67.29743957519531,184.5909998967222
0.40446,-36.336865824562125,30.864000000000004,-67.29743957519531,0.0
0.41088,-36.81355039487463,30.450000000000003,-66.30867004394531,198.9876295531944
0.41088,-36.81355039487463,30.450000000000003,-66.30867004394531,0.0
0.40018,-35.19723264585119,31.602,-65.31784057617188,196.6321626857381
0.40018,-35.19723264585119,31.602,-65.31784057617188,0.0
0.39376,-35.06026975522619,30.341999999999995,-64.28169250488281,186.99658388183093
0.39376,-35.06026975522619,30.341999999999995,-64.28169250488281,0.0
0.3959,-34.96163694272619,30.072,-63.35678100585938,184.6130736573565
0.3959,-34.96163694272619,30.072,-63.35678100585938,0.0
0.39376,-35.42735044370275,30.174000000000003,-62.39685058593749,192.91206188143948
0.39376,-35.42735044370275,30.174000000000003,-62.39685058593749,0.0
0.39911,-35.49310056577306,30.726000000000003,-61.4520263671875,189.95259725576943
0.39911,-35.49310056577306,30.726000000000003,-61.4520263671875,0.0
0.3852,-34.47948972592931,31.026,-60.46119689941406,191.20599532481265
0.3852,-34.47948972592931,31.026,-60.46119689941406,0.0
0.36915,-34.24937192807775,30.288,-59.43672180175781,205.18227471582375
0.36915,-34.24937192807775,30.288,-59.43672180175781,0.0
0.36915,-32.62759153256994,30.450000000000003,-58.438339233398445,190.85883547301248
0.36915,-32.62759153256994,30.450000000000003,-58.438339233398445,0.0
0.38092,-33.83297483335119,30.78,-57.51274108886719,180.8868760076627
0.38092,-33.83297483335119,30.78,-57.51274108886719,0.0
0.38092,-33.12069455991369,31.026,-56.53633117675781,200.4536875609629
0.38092,-33.12069455991369,31.026,-56.53633117675781,0.0
0.3852,-33.72886411557775,31.164000000000005,-55.597686767578125,187.4664288356016
0.3852,-33.72886411557775,31.164000000000005,-55.597686767578125,0.0
0.36059,-32.161878031593375,30.972,-54.608917236328125,197.0838212577044
0.36059,-32.161878031593375,30.972,-54.608917236328125,0.0
0.34454,-31.696164530616816,31.05,-53.59199523925781,190.50618154183215
0.34454,-31.696164530616816,31.05,-53.59199523925781,0.0
0.34561,-30.72089902768713,30.672,-52.609405517578125,203.7299858344771
0.34561,-30.72089902768713,30.672,-52.609405517578125,0.0
0.35096,-30.72089902768713,30.534,-51.69410705566406,172.86089932276025
0.35096,-30.99484006772619,30.534,-51.69410705566406,0.0
0.35738,-31.54275266538244,30.72,-50.73554992675781,189.8884962175469
0.35738,-31.54275266538244,30.72,-50.73554992675781,0.0
0.34133,-30.682538431984003,31.248,-49.78385925292969,195.82112630212455
0.34133,-30.682538431984003,31.248,-49.78385925292969,0.0
0.34347,-30.61678830991369,30.996,-48.78204345703125,201.28908898902773
0.34347,-30.61678830991369,30.996,-48.78204345703125,0.0
0.32849,-28.49642698178869,30.582,-47.80288696289063,174.4444137075652
0.32849,-28.49642698178869,30.582,-47.80288696289063,0.0
0.3317,-28.912824076515253,30.864000000000004,-46.81480407714844,197.53756212361773
0.3317,-28.912824076515253,30.864000000000004,-46.81480407714844,0.0
0.31351,-28.200559061866816,29.958,-45.874786376953125,187.8532574330657
0.31351,-28.200559061866816,29.958,-45.874786376953125,0.0
0.34882,-29.27992002378088,30.666,-44.92652893066406,190.52791767912768
0.34882,-29.27992002378088,30.666,-44.92652893066406,0.0
0.3220699999999999,-27.93208066831213,30.996,-44.009857177734375,187.34350151846456
0.3220699999999999,-27.93208066831213,30.996,-44.009857177734375,0.0
0.31458,-27.72388975034338,30.834,-43.00941467285156,200.00849757748907
0.31458,-27.72388975034338,30.834,-43.00941467285156,0.0
0.29425,-26.00347654233557,31.164000000000005,-41.96502685546875,207.92112629562112
0.29425,-26.00347654233557,31.164000000000005,-41.96502685546875,0.0
0.31137,-25.61994687924963,30.096000000000004,-41.033935546875,182.20964943125617
0.31137,-25.61994687924963,30.096000000000004,-41.033935546875,0.0
0.30174,-25.99252073178869,30.198000000000004,-40.09529113769531,189.3955627884776
0.30174,-25.99252073178869,30.198000000000004,-40.09529113769531,0.0
0.30602,-25.55967466245276,31.164000000000005,-39.13604736328125,187.49878311451783
0.30602,-25.55967466245276,31.164000000000005,-39.13604736328125,0.0
0.30174,-26.06374875913244,30.696,-38.16719055175781,194.27648115569804
0.30174,-26.06374875913244,30.696,-38.16719055175781,0.0
0.28248,-26.06374875913244,32.370000000000005,-37.15232849121094,205.52087090852672
0.28248,-23.85023252378088,32.370000000000005,-37.15232849121094,0.0
0.27606,-23.46670286069494,30.672,-36.16081237792969,194.95008125851984
0.27606,-23.46670286069494,30.672,-36.16081237792969,0.0
0.26536,-22.21200315366369,30.972,-35.16792297363281,206.1647434172042
0.26536,-22.21200315366369,30.972,-35.16792297363281,0.0
0.29425,-23.126996439796503,30.534,-34.19975280761719,194.9205085595945
0.29425,-23.126996439796503,30.534,-34.19975280761719,0.0
0.26108,-22.45856992612463,30.972,-33.29681396484375,179.8682953731302
0.26108,-22.45856992612463,30.972,-33.29681396484375,0.0
0.27499,-22.34350339780432,30.942,-32.2998046875,197.9764252072387
0.27499,-22.34350339780432,30.942,-32.2998046875,0.0
0.25038,-20.951840800148062,30.612,-31.28425598144531,209.13276483827235
0.25038,-20.951840800148062,30.612,-31.28425598144531,0.0
0.25038,-19.324582499366816,30.204,-30.273513793945312,205.3102148081261
0.25038,-19.324582499366816,30.204,-30.273513793945312,0.0
0.24182,-19.57113401303869,29.85,-29.321823120117188,191.14092665763545
0.24182,-19.57113401303869,29.85,-29.321823120117188,0.0
0.24075,-19.00130979428869,31.11,-28.383865356445312,187.62907855016093
0.24075,-19.00130979428869,31.11,-28.383865356445312,0.0
0.26108,-19.916303080421503,30.588,-27.404022216796875,199.35770898237
0.26108,-19.916303080421503,30.588,-27.404022216796875,0.0
0.23326,-18.20138303647619,31.518,-26.445465087890625,196.66744540543013
0.23326,-18.20138303647619,31.518,-26.445465087890625,0.0
0.22791,-17.64252988706213,30.534,-25.40245056152344,208.31126949617985
0.22791,-17.64252988706213,30.534,-25.40245056152344,0.0
0.19902,-15.993344706398064,30.258,-24.39239501953125,199.18271386156667
0.19902,-15.993344706398064,30.258,-24.39239501953125,0.0
0.22363,-16.03718320737463,29.898000000000003,-23.45375061035156,174.3719875867281
0.22363,-16.03718320737463,29.898000000000003,-23.45375061035156,0.0
0.21293,-15.922116679054314,30.750000000000004,-22.489013671875,177.01595201405618
0.21293,-15.922116679054314,30.750000000000004,-22.489013671875,0.0
0.21507,-15.741315287452752,31.218,-21.54212951660156,187.91112428526256
0.21507,-15.741315287452752,31.218,-21.54212951660156,0.0
0.19367,-15.237241190773064,30.972,-20.561599731445312,195.67547099507365
0.19367,-15.237241190773064,30.972,-20.561599731445312,0.0
0.19474,-13.034680765968377,31.026,-19.5721435546875,208.13129506902644
0.19474,-13.034680765968377,31.026,-19.5721435546875,0.0
0.18939,-12.673077982765252,30.942,-18.59710693359375,194.1143979879537
0.18939,-12.673077982765252,30.942,-18.59710693359375,0.0
0.17762,-11.632062357765252,30.942,-17.6605224609375,167.06822558976327
0.17762,-11.632062357765252,30.942,-17.6605224609375,0.0
0.17762,-12.426511210304314,30.258,-16.699905395507812,200.71397104676765
0.17762,-12.426511210304314,30.258,-16.699905395507812,0.0
0.18083,-11.626584452491814,30.78,-15.770187377929688,174.10449767379495
0.18083,-11.626584452491814,30.78,-15.770187377929688,0.0
0.17548,-11.369061869484002,30.09,-14.738159179687502,205.5833064226724
0.17548,-11.369061869484002,30.09,-14.738159179687502,0.0
0.15087,-9.72536985288244,31.356,-13.73291015625,187.89701372663703
0.15087,-9.72536985288244,31.356,-13.73291015625,0.0
0.15836,-8.810376566749627,30.366,-12.755813598632812,189.066671365512
0.15836,-8.810376566749627,30.366,-12.755813598632812,0.0
0.13803,-8.328229349952752,31.218,-11.834335327148438,179.6954507575138
0.13803,-8.328229349952752,31.218,-11.834335327148438,0.0
0.15729,-8.415891093116814,30.366,-10.861358642578123,193.97461813611693
0.15729,-8.415891093116814,30.366,-10.861358642578123,0.0
0.14231,-8.399457377296502,30.81,-9.891815185546877,174.0340077241584
0.14231,-8.399457377296502,30.81,-9.891815185546877,0.0
0.13054,-6.531110209327752,30.834,-8.886566162109375,200.20892719317573
0.13054,-6.531110209327752,30.834,-8.886566162109375,0.0
0.10914,-6.531110209327752,30.450000000000003,-7.9026031494140625,180.77586123376395
0.10914,-5.802411478859002,30.450000000000003,-7.9026031494140625,0.0
0.11449,-4.240888041359002,31.164000000000005,-6.9083404541015625,202.4974939535665
0.11449,-4.240888041359002,31.164000000000005,-6.9083404541015625,0.0
0.11663,-4.240888041359002,30.534,-5.9552764892578125,182.19536701269132
0.11663,-4.712079447609002,30.534,-5.9552764892578125,0.0
0.11021,-4.328549784523065,31.271999999999995,-5.0186920166015625,194.43314773851128
0.11021,-4.328549784523065,31.271999999999995,-5.0186920166015625,0.0
0.10807,-4.328549784523065,30.642,-4.0216827392578125,182.102151112995
0.10807,-4.564145487648065,30.642,-4.0216827392578125,0.0
0.09523,-3.1450933636246274,30.972,-3.01849365234375,198.61197523534477
0.09523,-3.1450933636246274,30.972,-3.01849365234375,0.0
0.10058,-3.1450933636246274,29.904,-2.018051147460937,197.36486582817795
0.10058,-1.7917761028824395,29.904,-2.018051147460937,0.0
0.07062,-0.8329443157730647,30.996,-1.056060791015625,198.10345066830183
0.07062,-0.8329443157730647,30.996,-1.056060791015625,0.0
0.07811,-0.3124517620621272,30.78,-0.089263916015625,199.6276842867028
0.07811,-0.3124517620621272,30.78,-0.089263916015625,0.0
0.08025,-0.8219885052261897,30.15,0.8658599853515625,180.4844862749535
0.08025,-0.8219885052261897,30.15,0.8658599853515625,0.0
0.07597,0.7066522418441228,30.504,1.8505096435546875,199.1202544394868
0.07597,0.7066522418441228,30.504,1.8505096435546875,0.0
0.05885,1.0572992145003728,30.834,2.863311767578125,200.99268188597625
0.05885,1.0572992145003728,30.834,2.863311767578125,0.0
0.04494,2.914690571922248,30.804,3.851394653320313,198.3305671903918
0.04494,2.914690571922248,30.804,3.851394653320313,0.0
0.05457,2.761278706687873,29.958,4.8175048828125,200.89628394522268
0.05457,2.761278706687873,29.958,4.8175048828125,0.0
0.04494,3.363955098289435,31.11,5.7808685302734375,195.8454253833585
0.04494,3.363955098289435,31.11,5.7808685302734375,0.0
0.0535,2.8763299762191226,30.204,6.735992431640625,190.79582528303604
0.0535,2.8763299762191226,30.204,6.735992431640625,0.0
0.03103,2.8763299762191226,30.450000000000003,7.701416015625001,169.2241163864245
0.03103,3.8680291949691226,30.450000000000003,7.701416015625001,0.0
0.02675,5.36380251039881,30.012,8.71490478515625,206.4973043054555
0.02675,5.36380251039881,30.012,8.71490478515625,0.0
0.01819,6.388369160789435,30.366,9.682388305664062,191.2022767801893
0.01819,6.388369160789435,30.366,9.682388305664062,0.0
0.01819,7.44034059633631,30.15,10.652618408203123,192.69714052416396
0.01819,7.44034059633631,30.15,10.652618408203123,0.0
0.01819,6.886965352195685,30.12,11.63726806640625,194.32596372667328
0.01819,6.886965352195685,30.12,11.63726806640625,0.0
0.00856,7.988237935203498,31.134,12.596511840820312,171.99995955070167
0.00856,7.988237935203498,31.134,12.596511840820312,0.0
0.00428,7.867693501609748,30.696,13.60382080078125,205.0293018443451
0.00428,7.867693501609748,30.696,13.60382080078125,0.0
0.00107,9.675768452781623,30.504,14.612503051757812,198.91190119826
0.00107,9.675768452781623,30.504,14.612503051757812,0.0
-0.0,10.01547487368006,29.766,15.547027587890629,178.6170749489512
-0.0,10.01547487368006,29.766,15.547027587890629,0.0
-0.01391,10.683901387351936,30.834,16.517257690429688,179.8387585799911
-0.01391,10.683901387351936,30.834,16.517257690429688,0.0
-0.0,10.470232564109748,30.48,17.474441528320312,189.87975359853831
-0.0,10.470232564109748,30.48,17.474441528320312,0.0
-0.00749,10.788012105125372,30.834,18.460464477539062,193.64158468562536
-0.00749,10.788012105125372,30.834,18.460464477539062,0.0
-0.01177,12.508410054344123,30.504,19.427261352539062,186.2807080925244
-0.01177,12.508410054344123,30.504,19.427261352539062,0.0
-0.03531,13.154940205711313,30.366,20.42152404785156,198.1787313758722
-0.03531,13.154940205711313,30.366,20.42152404785156,0.0
-0.03424,14.68905885805506,30.396,21.393814086914062,196.6606066064204
-0.03424,14.68905885805506,30.396,21.393814086914062,0.0
-0.02461,14.053484517234748,30.258,22.35992431640625,189.6937422918589
-0.02461,14.053484517234748,30.258,22.35992431640625,0.0
-0.03638,15.286272603172248,30.612,23.305435180664062,200.0234534076592
-0.03638,15.286272603172248,30.612,23.305435180664062,0.0
-0.03959,14.458941060203498,30.888,24.27772521972656,192.3042007639535
-0.03959,14.458941060203498,30.888,24.27772521972656,0.0
-0.05243,16.40397890200037,30.588,25.27061462402344,152.49414902417206
-0.05243,16.40397890200037,30.588,25.27061462402344,0.0
-0.04708,16.63957460512537,30.096000000000004,26.273117065429688,199.98053888009264
-0.04708,16.63957460512537,30.096000000000004,26.273117065429688,0.0
-0.06741,17.75729616274256,30.612,27.220687866210938,195.1340199302332
-0.06741,17.75729616274256,30.612,27.220687866210938,0.0
-0.06206,17.510744649070684,30.204,28.164825439453125,192.32788210265247
-0.06206,17.510744649070684,30.204,28.164825439453125,0.0
-0.06206,17.68606813539881,29.904,29.118576049804688,186.3886281711638
-0.06206,17.68606813539881,29.904,29.118576049804688,0.0
-0.06206,18.69967897524256,30.474,30.1080322265625,197.73304891244976
-0.06206,18.69967897524256,30.474,30.1080322265625,0.0
-0.08774,19.302370625633184,30.474,31.11396789550781,204.6248309490916
-0.08774,19.302370625633184,30.474,31.11396789550781,0.0
-0.08239,20.86937196840662,30.642,32.07115173339844,188.051834556147
-0.08239,20.86937196840662,30.642,32.07115173339844,0.0
-0.07704,20.56254823793787,30.312,33.05992126464844,183.8545056247564
-0.07704,20.56254823793787,30.312,33.05992126464844,0.0
-0.08774,21.822710591453497,31.164000000000005,34.02946472167969,187.3513926631264
-0.08774,21.822710591453497,31.164000000000005,34.02946472167969,0.0
-0.09095,21.822710591453497,30.06,34.992828369140625,197.208525580476
-0.09095,20.814577656883184,30.06,34.992828369140625,0.0
-0.10165,22.63908632387537,30.558,36.01524353027344,205.75873639223084
-0.10165,22.63908632387537,30.558,36.01524353027344,0.0
-0.09844,22.814409810203497,30.726000000000003,36.98616027832031,192.9868312554964
-0.09844,22.814409810203497,30.726000000000003,36.98616027832031,0.0
-0.10807,23.76776369203944,30.918000000000003,37.96051025390625,199.41669578088764
-0.10807,23.76776369203944,30.918000000000003,37.96051025390625,0.0
-0.11128,23.877337056297247,30.288,38.95683288574219,197.68306187216888
-0.11128,23.877337056297247,30.288,38.95683288574219,0.0
-0.12198,23.806109028953497,30.474,39.93873596191406,197.5660113021825
-0.12198,23.806109028953497,30.474,39.93873596191406,0.0
-0.1177,24.76494081606287,30.372,40.88768005371094,190.131054257022
-0.1177,24.76494081606287,30.372,40.88768005371094,0.0
-0.13054,24.85808046450037,29.82,41.90254211425781,203.33842126764
-0.13054,24.85808046450037,29.82,41.90254211425781,0.0
-0.13375,26.62779481996912,30.012,42.85560607910156,189.7399890192111
-0.13375,26.62779481996912,30.012,42.85560607910156,0.0
-0.1284,26.06894167055506,29.766,43.86497497558594,200.62987407763788
-0.1284,26.06894167055506,29.766,43.86497497558594,0.0
-0.13589,27.66881044496912,30.588,44.79881286621094,188.12205693489065
-0.13589,27.66881044496912,30.588,44.79881286621094,0.0
-0.1284,26.545610982078497,29.898000000000003,45.7855224609375,199.81968301472625
-0.1284,26.545610982078497,29.898000000000003,45.7855224609375,0.0
-0.14338,28.10711916078944,30.366,46.767425537109375,198.364257812464
-0.14338,28.10711916078944,30.366,46.767425537109375,0.0
-0.14445,28.10711916078944,30.426,47.775421142578125,196.2608266099495
-0.14445,28.05234010805506,30.426,47.775421142578125,0.0
-0.16157,28.96185548891444,30.888,48.75389099121094,193.94843382219847
-0.16157,28.96185548891444,30.888,48.75389099121094,0.0
-0.14338,29.06047304262537,30.42,49.733734130859375,193.3773711561801
-0.14338,29.06047304262537,30.42,49.733734130859375,0.0
-0.1498,29.120745259422247,30.036,50.72181701660156,200.26000927072235
-0.1498,29.120745259422247,30.036,50.72181701660156,0.0
-0.15729,29.91519411196131,30.066,51.69342041015625,212.00161325652184
-0.15729,29.91519411196131,30.066,51.69342041015625,0.0
-0.16799,29.58098085512537,30.396,52.65953063964844,191.8027058750405
-0.16799,29.58098085512537,30.396,52.65953063964844,0.0
-0.1605,29.58098085512537,30.288,53.63594055175781,196.93624689586076
-0.1605,31.25755556215662,30.288,53.63594055175781,0.0
-0.16906,30.726091939109747,29.652,54.60205078125,193.06759182499437
-0.16906,30.726091939109747,29.652,54.60205078125,0.0
-0.17441,32.23829897035975,30.972,55.53314208984375,159.7617207607381
-0.17441,32.23829897035975,30.972,55.53314208984375,0.0
-0.1712,31.14248903383631,30.096000000000004,56.53633117675781,187.33689764963052
-0.1712,31.14248903383631,30.096000000000004,56.53633117675781,0.0
-0.17334,32.66017397035975,30.864000000000004,57.52304077148437,202.85970286313517
-0.17334,32.66017397035975,30.864000000000004,57.52304077148437,0.0
-0.17976,31.98077638735193,30.042,58.47747802734375,178.36614760976238
-0.17976,31.98077638735193,30.042,58.47747802734375,0.0
-0.19153,33.41627748598475,30.972,59.486846923828125,176.3705917322735
-0.19153,33.41627748598475,30.972,59.486846923828125,0.0
-0.18618,32.97247560610194,29.46,60.47218322753907,195.8140508169633
-0.18618,32.97247560610194,29.46,60.47218322753907,0.0
-0.18404,33.5368219195785,30.558,61.45065307617188,166.57641277375643
-0.18404,33.5368219195785,30.558,61.45065307617188,0.0
-0.18725,33.71762331118006,29.406,62.41401672363282,191.5235879644822
-0.18725,33.71762331118006,29.406,62.41401672363282,0.0
-0.19367,33.394365864891,30.341999999999995,63.37051391601562,190.23412736334905
-0.19367,33.394365864891,30.341999999999995,63.37051391601562,0.0
-0.18725,34.59425600160975,29.574,64.3634033203125,189.99031846475444
-0.18725,34.59425600160975,29.574,64.3634033203125,0.0
-0.1926,34.27099855532069,30.312,65.36247253417969,208.00941367200832
-0.1926,34.27099855532069,30.312,65.36247253417969,0.0
-0.20116,35.54213197817225,29.706,66.31553649902344,188.9125797510256
-0.20116,35.54213197817225,29.706,66.31553649902344,0.0
-0.20223,34.54495485414881,30.504,67.3297119140625,204.59459653814548
-0.20223,34.54495485414881,30.504,67.3297119140625,0.0
-0.20009,36.21057375063319,30.144,68.2855224609375,191.23860481690755
-0.20009,36.21057375063319,30.144,68.2855224609375,0.0
-0.20223,34.906572896141,30.204,69.27154541015625,200.08582573434052
-0.20223,34.906572896141,30.204,69.27154541015625,0.0
-0.20865,36.659838277000375,30.51,70.22186279296875,190.55892977993344
-0.20865,36.659838277000375,30.51,70.22186279296875,0.0
-0.2033,35.66815431703944,29.736,71.21406555175781,203.48703010427693
-0.2033,35.66815431703944,29.736,71.21406555175781,0.0
-0.21079,36.72011049379725,29.628,72.20008850097656,195.9505066015033
-0.21079,36.72011049379725,29.628,72.20008850097656,0.0
-0.20651,36.34753664125819,29.298,73.17031860351562,192.96541418838203
-0.20651,36.34753664125819,29.298,73.17031860351562,0.0
-0.21721,36.52835329164881,29.49,74.16114807128906,193.44581565275743
-0.21721,36.52835329164881,29.49,74.16114807128906,0.0
-0.20223,36.81326540102381,30.012,75.11489868164062,191.74720754954328
-0.20223,36.81326540102381,30.012,75.11489868164062,0.0
-0.22042,36.53383119692225,30.12,76.07757568359375,191.0831683114963
-0.22042,36.53383119692225,30.12,76.07757568359375,0.0
-0.20865,37.33375795473475,30.534,77.02995300292969,199.32551681379277
-0.20865,37.33375795473475,30.534,77.02995300292969,0.0
-0.21828,36.495470601219125,30.066,78.03794860839844,206.00768556472383
-0.21828,36.495470601219125,30.066,78.03794860839844,0.0
-0.21079,38.243273335594125,30.09,79.01298522949219,184.80603129138927
-0.21079,38.243273335594125,30.09,79.01298522949219,0.0
-0.22042,36.780382710594125,30.39,79.96330261230469,193.0754536392516
-0.22042,36.780382710594125,30.39,79.96330261230469,0.0
-0.22149,38.24875124086756,30.282,80.9033203125,181.54069142432763
-0.22149,38.24875124086756,30.282,80.9033203125,0.0
-0.21186,36.87900026430506,30.341999999999995,81.87629699707031,190.92949069282844
-0.21186,36.87900026430506,30.341999999999995,81.87629699707031,0.0
-0.22256,38.79117067446131,30.258,82.81631469726562,183.66895275408405
-0.22256,38.79117067446131,30.258,82.81631469726562,0.0
-0.21721,37.48169191469569,30.012,83.83941650390625,190.6637731347153
-0.21721,37.48169191469569,30.012,83.83941650390625,0.0
-0.24075,39.41578920473475,30.372,84.83161926269531,194.9317797228346
-0.24075,39.41578920473475,30.372,84.83161926269531,0.0
-0.23326,37.99124391664881,28.56,85.7318115234375,176.9941527215509
-0.23326,37.99124391664881,28.56,85.7318115234375,0.0
-0.24396,39.481524068016,27.84,86.66290283203125,180.65411497741
-0.24396,39.481524068016,27.84,86.66290283203125,0.0
-0.23647,38.385729390281625,26.712,87.56584167480469,188.66252460793385
-0.23647,38.385729390281625,26.712,87.56584167480469,0.0
-0.2461,39.49249513735194,26.664,88.42002868652344,175.90342086477366
-0.2461,39.49249513735194,26.664,88.42002868652344,0.0
-0.23647,38.41861208071131,24.822,89.25979614257812,163.8570645960493
-0.23647,38.41861208071131,24.822,89.25979614257812,0.0
-0.25359,40.53349550356288,24.93,90.0762176513672,160.17687047059627
-0.25359,40.53349550356288,24.93,90.0762176513672,0.0
-0.23861,37.92001588930506,22.788,90.823974609375,146.50410619276963
-0.23861,37.92001588930506,22.788,90.823974609375,0.0
-0.24182,40.02395876039881,23.01,91.5497589111328,141.313142865608
-0.24182,40.02395876039881,23.01,91.5497589111328,0.0
-0.23326,36.369463521141,21.006,92.25906372070312,139.2705300550776
-0.23326,36.369463521141,21.006,92.25906372070312,0.0
-0.24824,39.50892885317225,20.592,92.95806884765624,136.2317534502617
-0.24824,39.50892885317225,20.592,92.95806884765624,0.0
-0.25038,39.45961244692225,19.272,93.59527587890624,126.93367156369948
-0.25038,39.45961244692225,19.272,93.59527587890624,0.0
-0.24396,38.18300111879725,18.864,94.22355651855467,126.6439507455536
-0.24396,38.18300111879725,18.864,94.22355651855467,0.0
-0.2461,39.56372316469569,17.382,94.8017120361328,115.3312422857246
-0.2461,39.56372316469569,17.382,94.8017120361328,0.0
-0.24182,38.172045308250375,15.57,95.36338806152344,112.8997035961498
-0.24182,38.172045308250375,15.57,95.36338806152344,0.0
-0.24396,38.08986147035975,15.21,95.8893585205078,105.53179353618115
-0.24396,38.08986147035975,15.21,95.8893585205078,0.0
-0.26215,39.16922243227381,14.718,96.38992309570312,100.79834377675571
-0.26215,39.16922243227381,14.718,96.38992309570312,0.0
-0.24289,38.78569276918788,12.99,96.82044982910156,86.36443999966318
-0.24289,38.78569276918788,12.99,96.82044982910156,0.0
-0.24824,38.55009706606288,12.33,97.24205017089844,81.76887932446012
-0.24824,38.55009706606288,12.33,97.24205017089844,0.0
-0.25145,37.79947145571131,11.562,97.62863159179688,79.64182548384545
-0.25145,37.79947145571131,11.562,97.62863159179688,0.0
-0.25359,38.813097554344125,11.064,98.00628662109376,69.67804968576175
-0.25359,38.813097554344125,11.064,98.00628662109376,0.0
-0.26108,38.60489137758631,9.858,98.33587646484376,68.75048889235958
-0.26108,38.60489137758631,9.858,98.33587646484376,0.0
-0.25038,38.86239870180506,8.591999999999999,98.64006042480467,60.44991255185087
-0.25038,38.86239870180506,8.591999999999999,98.64006042480467,0.0
-0.25145,38.02411134828944,7.386000000000001,98.89892578125,49.70532957859903
-0.25145,38.02411134828944,7.386000000000001,98.89892578125,0.0
-0.25466,38.270678120750375,7.002,99.1289520263672,46.0420826895736
-0.25466,38.270678120750375,7.002,99.1289520263672,0.0
-0.27071,37.95288332094569,6.15,99.35279846191406,48.17009587840163
-0.27071,37.95288332094569,6.15,99.35279846191406,0.0
-0.27606,38.71994264711756,5.106,99.525146484375,33.86677588148571
-0.27606,38.71994264711756,5.106,99.525146484375,0.0
-0.26857,38.04056032289881,3.792,99.67620849609376,30.074061660129605
-0.26857,38.04056032289881,3.792,99.67620849609376,0.0
-0.26322,38.98842104067225,2.472,99.77096557617188,19.417434442235837
-0.26322,38.98842104067225,2.472,99.77096557617188,0.0
-0.26857,37.87069948305506,2.196,99.8492431640625,15.531267438612856
-0.26857,37.87069948305506,2.196,99.8492431640625,0.0
-0.26857,39.163744527000375,1.2899999999999998,99.8979949951172,9.811195623809702
-0.26857,39.163744527000375,1.2899999999999998,99.8979949951172,0.0
-0.25894,39.163744527000375,0.3,99.93576049804688,6.989728471157727
-0.25894,37.16391237368006,0.3,99.93576049804688,0.0
-0.25573,37.85426576723475,0.4379999999999999,99.9529266357422,3.4270588331648564
-0.25573,37.85426576723475,0.4379999999999999,99.9529266357422,0.0
-0.25466,37.85426576723475,0.3839999999999999,99.95841979980467,0.9770836112544732
-0.25466,37.28445680727381,0.3839999999999999,99.95841979980467,0.0
-0.25787,37.71728761782069,0.4379999999999999,99.9700927734375,2.324830438723042
-0.25787,37.71728761782069,0.4379999999999999,99.9700927734375,0.0
-0.26536,37.514574605125375,0.3839999999999999,99.98176574707033,2.3317965706797708
-0.26536,37.514574605125375,0.3839999999999999,99.98176574707033,0.0
-0.26429,37.76112611879725,0.354,99.99481201171876,2.6097748846654887
-0.26429,37.76112611879725,0.354,99.99481201171876,0.0
-0.26429,37.60771425356288,-0.054,99.99412536621094,-0.1563044634251449
-0.26429,37.60771425356288,-0.054,99.99412536621094,0.0
-0.26108,37.54196413149256,0.3,99.99549865722656,0.2726948005609348
-0.26108,37.54196413149256,0.3,99.99549865722656,0.0
-0.26536,37.596758443016,-0.054,100.00236511230467,1.393921047120222
-0.26536,37.596758443016,-0.054,100.00236511230467,0.0
-0.26429,37.44882448305506,0.03,99.9968719482422,-1.0851766223771022
-0.26429,37.44882448305506,0.03,99.9968719482422,0.0
-0.26536,37.700853902000375,0.03,100.00442504882812,1.4798394564888364
-0.26536,37.700853902000375,0.03,100.00442504882812,0.0
-0.26536,37.43786867250819,0.03,99.99755859375,-1.3463637408091476
-0.26536,37.43786867250819,0.03,99.99755859375,0.0
-0.26643,37.498125630516,-0.03,100.00373840332033,1.225423273909579
-0.26643,37.498125630516,-0.03,100.00373840332033,0.0
-0.26536,37.536486226219125,-0.0,99.9982452392578,-1.1162698765553687
-0.26536,37.536486226219125,-0.0,99.9982452392578,0.0
-0.26643,37.62962587465663,-0.054,99.99618530273438,-0.4077467386032518
-0.26643,37.62962587465663,-0.054,99.99618530273438,0.0
-0.26643,37.53100832094569,-0.084,100.00236511230467,1.2086465030903182
-0.26643,37.53100832094569,-0.084,100.00236511230467,0.0
-0.26643,37.45978029360194,0.084,100.0030517578125,0.1359424881858965
-0.26643,37.45978029360194,0.084,100.0030517578125,0.0
-0.26857,37.61867006410975,0.108,99.99549865722656,-1.4778126757852386
-0.26857,37.61867006410975,0.108,99.99549865722656,0.0
-0.27071,37.547442036766,-0.03,100.00442504882812,1.781714890530662
-0.27071,37.547442036766,-0.03,100.00442504882812,0.0
-0.28462,37.52553041567225,0.084,100.00373840332033,-0.1208882936264991
-0.28462,37.52553041567225,0.084,100.00373840332033,0.0
-0.31137,37.54196413149256,0.162,100.01060485839844,1.3553997390666546
-0.31137,37.54196413149256,0.162,100.01060485839844,0.0
-0.35631,37.54196413149256,-0.1919999999999999,100.00236511230467,-1.5529110617721034
-0.35631,37.6898980914535,-0.1919999999999999,100.00236511230467,0.0
-0.40125,38.33093507875819,-0.8220000000000001,99.98519897460938,-3.511893963849096
-0.40125,38.33093507875819,-0.8220000000000001,99.98519897460938,0.0
-0.43014,39.19114931215663,-2.61,99.93026733398438,-10.758253158046433
-0.43014,39.19114931215663,-2.61,99.93026733398438,0.0
-0.44298,39.44317873110194,-4.284,99.81422424316406,-23.576410162596478
-0.44298,39.44317873110194,-4.284,99.81422424316406,0.0
-0.43442,39.02128847231288,-6.0120000000000005,99.6453094482422,-28.9336750465641
-0.43442,39.02128847231288,-6.0120000000000005,99.6453094482422,0.0
-0.42693,38.303545552391,-7.163999999999999,99.4207763671875,-43.27097341581023
-0.42693,38.303545552391,-7.163999999999999,99.4207763671875,0.0
-0.41302,38.24875124086756,-7.853999999999999,99.18319702148438,-44.06145135443298
-0.41302,38.24875124086756,-7.853999999999999,99.18319702148438,0.0
-0.40553,38.52270753969569,-8.538,98.91403198242188,-54.11440270656657
-0.40553,38.52270753969569,-8.538,98.91403198242188,0.0
-0.39483,38.24875124086756,-9.498,98.61465454101562,-59.459273367640726
-0.39483,38.24875124086756,-9.498,98.61465454101562,0.0
-0.40874,38.19945009340663,-9.774,98.28849792480467,-60.65773037209945
-0.40874,38.19945009340663,-9.774,98.28849792480467,0.0
-0.428,38.42956789125819,-10.458,97.96234130859376,-64.72645687852909
-0.428,38.42956789125819,-10.458,97.96234130859376,0.0
-0.43442,38.42956789125819,-12.0,97.59979248046876,-71.26967330942149
-0.43442,38.62132509340663,-12.0,97.59979248046876,0.0
-0.41944,38.83500917543788,-13.26,97.18986511230467,-81.18981346090719
-0.41944,38.83500917543788,-13.26,97.18986511230467,0.0
-0.42372,38.83500917543788,-14.472,96.74148559570312,-83.74664112840948
-0.42372,38.8678766070785,-14.472,96.74148559570312,0.0
-0.42372,38.41861208071131,-14.909999999999998,96.26907348632812,-95.76568201403336
-0.42372,38.41861208071131,-14.909999999999998,96.26907348632812,0.0
-0.43121,38.824053364891,-15.785999999999998,95.77674865722656,-95.93235173452688
-0.43121,38.824053364891,-15.785999999999998,95.77674865722656,0.0
-0.4173,38.73639162172694,-17.490000000000002,95.22331237792967,-109.09447650245424
-0.4173,38.73639162172694,-17.490000000000002,95.22331237792967,0.0
-0.41837,38.58297975649256,-17.982000000000003,94.64035034179688,-115.92007081581878
-0.41837,38.58297975649256,-17.982000000000003,94.64035034179688,0.0
-0.43549,38.824053364891,-17.604,94.0594482421875,-114.10373199948036
-0.43549,38.824053364891,-17.604,94.0594482421875,0.0
-0.44191,39.21853883852381,-19.578,93.45451354980467,-118.98794106664364
-0.44191,39.21853883852381,-19.578,93.45451354980467,0.0
-0.43335,39.16922243227381,-20.484,92.80426025390624,-127.82647845449812
-0.43335,39.16922243227381,-20.484,92.80426025390624,0.0
-0.43442,38.999376851219125,-21.99,92.1086883544922,-138.61536457026244
-0.43442,38.999376851219125,-21.99,92.1086883544922,0.0
-0.428,39.02128847231288,-23.286,91.41311645507812,-138.56013932546358
-0.428,39.02128847231288,-23.286,91.41311645507812,0.0
-0.43121,39.12539919008631,-23.64,90.67771911621094,-149.07710092591532
-0.43121,39.12539919008631,-23.64,90.67771911621094,0.0
-0.4376300000000001,38.7309137164535,-25.368,89.89425659179688,-156.69250488284368
-0.4376300000000001,38.7309137164535,-25.368,89.89425659179688,0.0
-0.43121,38.93910463442225,-24.936,89.05242919921875,-147.12118010806017
-0.43121,38.93910463442225,-24.936,89.05242919921875,0.0
-0.45582,39.01581056703944,-26.442,88.23532104492188,-166.3155209233771
-0.45582,39.01581056703944,-26.442,88.23532104492188,0.0
-0.44298,39.40481813539881,-27.564000000000004,87.35092163085938,-168.39288158086796
-0.44298,39.40481813539881,-27.564000000000004,87.35092163085938,0.0
-0.46117,39.50345094789881,-28.362,86.46034240722656,-176.3872496797141
-0.46117,39.50345094789881,-28.362,86.46034240722656,0.0
-0.43121,39.50345094789881,-29.628,85.51826477050781,-188.6796788942429
-0.43121,38.96103151430506,-29.628,85.51826477050781,0.0
-0.44405,38.88980348696131,-29.766,84.58580017089844,-183.33948085128452
-0.44405,38.88980348696131,-29.766,84.58580017089844,0.0
-0.43014,37.85426576723475,-29.574,83.58879089355469,-183.03823707430016
-0.43014,37.85426576723475,-29.574,83.58879089355469,0.0
-0.43656,38.21588380922694,-29.382,82.65220642089844,-186.38496968284196
-0.43656,38.21588380922694,-29.382,82.65220642089844,0.0
-0.42372,38.19397218813319,-28.746,81.71287536621094,-179.5014436627962
-0.42372,38.19397218813319,-28.746,81.71287536621094,0.0
-0.42586,38.28711183657069,-29.598000000000003,80.74333190917969,-180.98627161307445
-0.42586,38.28711183657069,-29.598000000000003,80.74333190917969,0.0
-0.428,37.79947145571131,-29.874,79.81636047363281,-184.50864561048868
-0.428,37.79947145571131,-29.874,79.81636047363281,0.0
-0.43014,37.865221577781625,-29.844000000000005,78.84063720703125,-191.69415846792245
-0.43014,37.865221577781625,-29.844000000000005,78.84063720703125,0.0
-0.428,37.60223634828944,-30.282,77.8546142578125,-197.71865835548007
-0.428,37.60223634828944,-30.282,77.8546142578125,0.0
-0.40981,37.26800783266444,-30.588,76.86996459960938,-211.52516824988248
-0.40981,37.26800783266444,-30.588,76.86996459960938,0.0
-0.41837,37.700853902000375,-29.928,75.90866088867188,-191.68568513209556
-0.41837,37.700853902000375,-29.928,75.90866088867188,0.0
-0.42693,36.82422121157069,-30.48,74.96383666992188,-194.849292379868
-0.42693,36.82422121157069,-30.48,74.96383666992188,0.0
-0.428,37.72824342836756,-30.09,73.98536682128906,-194.8754926574295
-0.428,37.72824342836756,-30.09,73.98536682128906,0.0
-0.40767,36.780382710594125,-30.312,72.99385070800781,-198.14470689075463
-0.40767,36.780382710594125,-30.312,72.99385070800781,0.0
-0.4173,37.33923586000819,-29.844000000000005,72.02293395996094,-194.2999295671357
-0.4173,37.33923586000819,-29.844000000000005,72.02293395996094,0.0
-0.41516,36.46808107485194,-30.096000000000004,71.03622436523438,-197.26301373977472
-0.41516,36.46808107485194,-30.096000000000004,71.03622436523438,0.0
-0.4173,37.04886110414881,-29.736,70.06942749023438,-193.7468687374989
-0.4173,37.04886110414881,-29.736,70.06942749023438,0.0
-0.40553,35.9914117633285,-30.288,69.049072265625,-203.6637174868126
-0.40553,35.9914117633285,-30.288,69.049072265625,0.0
-0.41302,36.57765443910975,-29.352,68.08982849121094,-189.94926226031905
-0.41302,36.57765443910975,-29.352,68.08982849121094,0.0
-0.41088,35.83252199282069,-30.228,67.09831237792969,-195.9518010437142
-0.41088,35.83252199282069,-30.228,67.09831237792969,0.0
-0.40018,35.71197755922694,-29.904,66.12258911132812,-173.1233617106291
-0.40018,35.71197755922694,-29.904,66.12258911132812,0.0
-0.39911,35.50924928774256,-30.258,65.14480590820312,-194.85516204166
-0.39911,35.50924928774256,-30.258,65.14480590820312,0.0
-0.41088,34.78602846254725,-30.366,64.18487548828125,-189.22342202286245
-0.41088,34.78602846254725,-30.366,64.18487548828125,0.0
-0.3852,35.00519044985194,-30.78,63.19335937500001,-191.708451910594
-0.3852,35.00519044985194,-30.78,63.19335937500001,0.0
-0.38627,34.24908693422694,-30.258,62.24578857421875,-189.2114218812368
-0.38627,34.24908693422694,-30.258,62.24578857421875,0.0
-0.38627,34.78055055727381,-29.844000000000005,61.25633239746094,-193.8209944677263
-0.38627,34.78055055727381,-29.844000000000005,61.25633239746094,0.0
-0.38841,33.4381891070785,-30.78,60.25794982910156,-185.2974328803609
-0.38841,33.4381891070785,-30.78,60.25794982910156,0.0
-0.3852,34.17785890688319,-30.15,59.31037902832032,-188.9473182016356
-0.3852,34.17785890688319,-30.15,59.31037902832032,0.0
-0.37664,34.17785890688319,-30.582,58.31817626953124,-189.6412000743844
-0.37664,32.70401247133631,-30.582,58.31817626953124,0.0
-0.3852,33.569689351219125,-30.012,57.350006103515625,-193.36332454879025
-0.3852,33.569689351219125,-30.012,57.350006103515625,0.0
-0.38092,32.51224001039881,-30.228,56.37977600097656,-206.16874257104053
-0.38092,32.51224001039881,-30.228,56.37977600097656,0.0
-0.36594,32.873858052391,-30.012,55.40336608886719,-198.98306747697345
-0.36594,32.873858052391,-30.012,55.40336608886719,0.0
-0.36487,31.87120302309412,-31.271999999999995,54.400177001953125,-212.0010750029438
-0.36487,31.87120302309412,-31.271999999999995,54.400177001953125,0.0
-0.36701,31.46574648012537,-30.18,53.42788696289063,-194.341402970635
-0.36701,31.46574648012537,-30.18,53.42788696289063,0.0
-0.36166,30.967165547508184,-30.696,52.42332458496094,-198.0604057432984
-0.36166,30.967165547508184,-30.696,52.42332458496094,0.0
-0.3531,30.34256227602381,-30.558,51.48605346679688,-181.22024713142724
-0.3531,30.34256227602381,-30.558,51.48605346679688,0.0
-0.35952,30.769915181297247,-29.682,50.4876708984375,-205.38625146260975
-0.35952,30.769915181297247,-29.682,50.4876708984375,0.0
-0.3531,29.57550294985193,-29.874,49.53941345214844,-185.8599463521969
-0.3531,29.57550294985193,-29.874,49.53941345214844,0.0
-0.34668,30.20010622133631,-30.42,48.55270385742188,-195.9312142030303
-0.34668,30.20010622133631,-30.42,48.55270385742188,0.0
-0.33063,28.550921040672247,-30.756,47.55638122558594,-199.0654609062591
-0.33063,28.550921040672247,-30.756,47.55638122558594,0.0
-0.32742,29.11526735414881,-30.474,46.57585144042969,-193.8188940811215
-0.32742,29.11526735414881,-30.474,46.57585144042969,0.0
-0.3317,27.81126649965662,-30.534,45.60836791992188,-190.74990546295516
-0.3317,27.81126649965662,-30.534,45.60836791992188,0.0
-0.32742,28.51805360903162,-29.82,44.649810791015625,-190.6059114945679
-0.32742,28.51805360903162,-29.82,44.649810791015625,0.0
-0.3220699999999999,27.31267030825037,-30.558,43.65486145019531,-194.63015274261053
-0.3220699999999999,27.31267030825037,-30.558,43.65486145019531,0.0
-0.321,27.29623659243006,-29.958,42.70866394042969,-181.507291342038
-0.321,27.29623659243006,-29.958,42.70866394042969,0.0
-0.31458,26.189470845359747,-31.056,41.72538757324219,-188.1148588459729
-0.31458,26.189470845359747,-31.056,41.72538757324219,0.0
-0.29853,26.189470845359747,-30.48,40.777130126953125,-162.87486195272038
-0.29853,25.44981630434412,-30.48,40.777130126953125,0.0
-0.30388,25.33474977602381,-30.06,39.80278015136719,-195.3779778596283
-0.30388,25.33474977602381,-30.06,39.80278015136719,0.0
-0.30816,24.64439638246912,-31.08,38.835296630859375,-174.92018089101597
-0.30816,24.64439638246912,-31.08,38.835296630859375,0.0
-0.29746,25.00601442446131,-30.204,37.87193298339844,-194.1482562396468
-0.29746,25.00601442446131,-30.204,37.87193298339844,0.0
-0.29211,23.663652974266,-30.366,36.93946838378906,-171.34593892116936
-0.29211,23.663652974266,-30.366,36.93946838378906,0.0
-0.28248,23.76776369203944,-29.82,35.89164733886719,-201.42657534059117
-0.28248,23.76776369203944,-29.82,35.89164733886719,0.0
-0.28569,22.19528444399256,-30.341999999999995,34.94819641113281,-166.30546936976924
-0.28569,22.19528444399256,-30.341999999999995,34.94819641113281,0.0
-0.28141,22.99522646059412,-30.144,33.97178649902344,-195.00896986410052
-0.28141,22.99522646059412,-30.144,33.97178649902344,0.0
-0.27499,22.99522646059412,-30.366,33.01666259765625,-189.80999629713864
-0.27499,21.76243837465662,-30.366,33.01666259765625,0.0
-0.26857,21.95968874086756,-29.844000000000005,32.02789306640625,-193.3834404947613
-0.26857,21.95968874086756,-29.844000000000005,32.02789306640625,0.0
-0.26108,21.95968874086756,-31.11,31.03706359863281,-189.74137644072613
-0.26108,20.74334962953944,-31.11,31.03706359863281,0.0
-0.25573,19.932451802391,-30.396,30.06683349609375,-194.5908749577392
-0.25573,19.932451802391,-30.396,30.06683349609375,0.0
-0.2461,19.18731935610193,-30.534,29.10140991210937,-180.8247956517142
-0.2461,19.18731935610193,-30.534,29.10140991210937,0.0
-0.24289,18.55174501528162,-30.228,28.13667297363281,-181.00130177794213
-0.24289,18.55174501528162,-30.228,28.13667297363281,0.0
-0.25038,18.76542909731287,-30.288,27.164382934570312,-183.07099210368813
-0.25038,18.76542909731287,-30.288,27.164382934570312,0.0
-0.23647,17.82852419008631,-30.888,26.239471435546875,-182.42830355492197
-0.23647,17.82852419008631,-30.888,26.239471435546875,0.0
-0.23433,17.724428731101934,-30.12,25.204010009765625,-188.0264074417358
-0.23433,17.724428731101934,-30.12,25.204010009765625,0.0
-0.21721,15.998537617820686,-30.642,24.23652648925781,-190.41202922804763
-0.21721,15.998537617820686,-30.642,24.23652648925781,0.0
-0.23112,16.23961122621912,-29.874,23.253250122070312,-194.2466154063693
-0.23112,16.23961122621912,-29.874,23.253250122070312,0.0
-0.20544,15.20956667055506,-30.918000000000003,22.31529235839844,-178.2511903594711
-0.20544,15.20956667055506,-30.918000000000003,22.31529235839844,0.0
-0.21828,15.625963765281623,-30.258,21.32652282714844,-201.13293963582248
-0.21828,15.625963765281623,-30.258,21.32652282714844,0.0
-0.20544,14.754808980125372,-31.002,20.351486206054688,-192.3528548222468
-0.20544,14.754808980125372,-31.002,20.351486206054688,0.0
-0.21186,14.754808980125372,-30.48,19.376449584960938,-164.50761280475518
-0.21186,13.582293110984748,-30.48,19.376449584960938,0.0
-0.18725,12.530336934226936,-31.164000000000005,18.320388793945312,-210.4545219242086
-0.18725,12.530336934226936,-31.164000000000005,18.320388793945312,0.0
-0.18618,11.396181660789436,-30.450000000000003,17.37213134765625,-190.3367013828568
-0.18618,11.396181660789436,-30.450000000000003,17.37213134765625,0.0
-0.17334,11.927645283836313,-30.942,16.412200927734375,-185.8529370612914
-0.17334,11.927645283836313,-30.942,16.412200927734375,0.0
-0.17976,10.996203023094123,-30.15,15.449523925781252,-188.797215523216
-0.17976,10.996203023094123,-30.15,15.449523925781252,0.0
-0.17655,11.319475728172248,-30.534,14.473114013671877,-192.32025056320177
-0.17655,11.319475728172248,-30.534,14.473114013671877,0.0
-0.15301,9.516878682273813,-30.78,13.460311889648438,-197.42731462454307
-0.15301,9.516878682273813,-30.78,13.460311889648438,0.0
-0.15943,9.231966572898813,-29.568,12.45025634765625,-199.30061996683256
-0.15943,9.231966572898813,-29.568,12.45025634765625,0.0
-0.14445,8.026598530906623,-30.588,11.514358520507812,-185.14299251210247
-0.14445,8.026598530906623,-30.588,11.514358520507812,0.0
-0.15408,8.136171895164436,-30.450000000000003,10.57708740234375,-185.96649169918024
-0.15408,8.136171895164436,-30.450000000000003,10.57708740234375,0.0
-0.14338,7.686892110008185,-30.78,9.57183837890625,-190.02817078218337
-0.14338,7.686892110008185,-30.78,9.57183837890625,0.0
-0.14231,6.689714985984748,-30.804,8.60504150390625,-198.1141137295084
-0.14231,6.689714985984748,-30.804,8.60504150390625,0.0
-0.11984,5.725405293601935,-30.942,7.596359252929687,-199.50202748746395
-0.11984,5.725405293601935,-30.942,7.596359252929687,0.0
-0.12198,4.06527956118006,-30.396,6.6034698486328125,-197.27586018213512
-0.12198,4.06527956118006,-30.396,6.6034698486328125,0.0
-0.10379,4.141985493797248,-30.504,5.651092529296875,-197.26125089808835
-0.10379,4.141985493797248,-30.504,5.651092529296875,0.0
-0.11235,3.47354372133631,-30.750000000000004,4.7138214111328125,-188.39620465616207
-0.11235,3.47354372133631,-30.750000000000004,4.7138214111328125,0.0
-0.11235,4.070757466453498,-30.612,3.728485107421875,-195.1547442485657
-0.11235,4.070757466453498,-30.612,3.728485107421875,0.0
-0.10486,2.97494752993006,-31.356,2.7500152587890625,-187.62604959402876
-0.10486,2.97494752993006,-31.356,2.7500152587890625,0.0
-0.09416,2.098314839500373,-30.48,1.7173004150390625,-203.8118894316012
-0.09416,2.098314839500373,-30.48,1.7173004150390625,0.0
-0.08239,0.5915857135238103,-30.942,0.7367706298828125,-171.75158261627823
-0.08239,0.5915857135238103,-30.942,0.7367706298828125,0.0
-0.08239,0.0930047809066227,-30.036,-0.2108001708984375,-183.81586824084036
-0.08239,0.0930047809066227,-30.036,-0.2108001708984375,0.0
-0.07811,0.1368280230941227,-30.834,-1.1872100830078125,-181.3203179404456
-0.07811,0.1368280230941227,-30.834,-1.1872100830078125,0.0
-0.09309,-0.5644811810074397,-30.588,-2.132720947265625,-190.93515029441173
-0.09309,-0.5644811810074397,-30.588,-2.132720947265625,0.0
-0.06206,-0.5644811810074397,-30.672,-3.160629272460937,-201.78804970462716
-0.06206,-1.0466283978043147,-30.672,-3.160629272460937,0.0
-0.0535,-3.101254862648065,-31.326,-4.1205596923828125,-189.07433916129128
-0.0535,-3.101254862648065,-31.326,-4.1205596923828125,0.0
-0.05564,-3.101254862648065,-30.78,-5.134048461914063,-188.2058996343867
-0.05564,-3.21084348569494,-30.78,-5.134048461914063,0.0
-0.05564,-4.147748392921502,-30.834,-6.071319580078125,-184.39329493676564
-0.05564,-4.147748392921502,-30.834,-6.071319580078125,0.0
-0.05564,-3.3423284710465024,-30.258,-7.029876708984375,-171.72288228355214
-0.05564,-3.3423284710465024,-30.258,-7.029876708984375,0.0
-0.04173,-4.164182108741815,-30.534,-7.980194091796875,-186.66615258543837
-0.04173,-4.164182108741815,-30.534,-7.980194091796875,0.0
-0.04387,-4.783307474952752,-30.318,-8.988189697265625,-198.8157012758912
-0.04387,-4.783307474952752,-30.318,-8.988189697265625,0.0
-0.02782,-6.60781614194494,-30.066,-9.946060180664062,-188.96636089931923
-0.02782,-6.60781614194494,-30.066,-9.946060180664062,0.0
-0.02675,-7.489941996437127,-30.228,-10.9149169921875,-183.0795184284395
-0.02675,-7.489941996437127,-30.228,-10.9149169921875,0.0
-0.01391,-7.424191874366815,-30.528,-11.877593994140623,-190.5913684325481
-0.01391,-7.424191874366815,-30.528,-11.877593994140623,0.0
-0.02461,-8.048795145851189,-31.547999999999995,-12.839584350585938,-185.8559421262653
-0.02461,-8.048795145851189,-31.547999999999995,-12.839584350585938,0.0
-0.01819,-7.780316752296502,-29.766,-13.835220336914062,-196.72712632455352
-0.01819,-7.780316752296502,-29.766,-13.835220336914062,0.0
-0.0,-9.829465311866814,-31.05,-14.843902587890623,-193.9400597917025
-0.0,-9.829465311866814,-31.05,-14.843902587890623,0.0
0.00107,-10.38833372006994,-29.79,-15.850524902343748,-197.29955202919672
0.00107,-10.38833372006994,-29.79,-15.850524902343748,0.0
0.00642,-11.538922709327752,-31.002,-16.761016845703125,-168.39133407787827
0.00642,-11.538922709327752,-31.002,-16.761016845703125,0.0
-0.0,-10.958142680030877,-30.012,-17.736053466796875,-195.0073242187888
-0.0,-10.958142680030877,-30.012,-17.736053466796875,0.0
0.00321,-11.23757688413244,-30.834,-18.6822509765625,-183.94197312701647
0.00321,-11.23757688413244,-30.834,-18.6822509765625,0.0
0.00642,-11.823819559913687,-30.396,-19.68475341796875,-201.7107527980325
0.00642,-11.823819559913687,-30.396,-19.68475341796875,0.0
0.02782,-13.36343137631994,-31.44,-20.66390991210937,-193.85398814907583
0.02782,-13.36343137631994,-31.44,-20.66390991210937,0.0
0.02033,-14.875623148780877,-30.15,-21.658859252929688,-196.43619759525131
0.02033,-14.875623148780877,-30.15,-21.658859252929688,0.0
0.03638,-14.766049784523064,-31.032,-22.613296508789062,-191.46183668186893
0.03638,-14.766049784523064,-31.032,-22.613296508789062,0.0
0.02354,-15.445447367530877,-30.888,-23.57460021972656,-192.26074218753757
0.02354,-15.445447367530877,-30.888,-23.57460021972656,0.0
0.02675,-14.574277323585564,-30.834,-24.536590576171875,-188.3670171226807
0.02675,-14.574277323585564,-30.834,-24.536590576171875,0.0
0.04173,-16.34400693784338,-31.686,-25.5487060546875,-199.43162138247
0.04173,-16.34400693784338,-31.686,-25.5487060546875,0.0
0.05136,-17.02338926206213,-30.012,-26.561508178710938,-200.356503268783
0.05136,-17.02338926206213,-30.012,-26.561508178710938,0.0
0.05671,-18.60134641538244,-30.336,-27.53379821777344,-192.0383249185342
0.05671,-18.60134641538244,-30.336,-27.53379821777344,0.0
0.05778,-18.60134641538244,-30.09,-28.45664978027344,-171.2472745407001
0.05778,-18.14111081967932,-30.09,-28.45664978027344,0.0
0.05671,-18.29452268491369,-31.386,-29.42344665527344,-190.9156546208212
0.05671,-18.29452268491369,-31.386,-29.42344665527344,0.0
0.04922,-18.56300107846838,-30.504,-30.380630493164062,-190.18156922122796
0.04922,-18.56300107846838,-30.504,-30.380630493164062,0.0
0.07597,-19.60400144467932,-31.248,-31.409912109375004,-205.1587833786078
0.07597,-19.60400144467932,-31.248,-31.409912109375004,0.0
0.0856,-21.499738139015253,-30.282,-32.37602233886719,-181.02121594379557
0.0856,-21.499738139015253,-30.282,-32.37602233886719,0.0
0.09095,-21.23127500424963,-30.726000000000003,-33.380584716796875,-197.86534920813236
0.09095,-21.23127500424963,-30.726000000000003,-33.380584716796875,0.0
0.08025,-21.23127500424963,-30.341999999999995,-34.2828369140625,-176.35891267893803
0.08025,-22.091473978859003,-30.341999999999995,-34.2828369140625,0.0
0.0738299999999999,-20.80938474546057,-29.928,-35.26542663574219,-187.91159336004992
0.0738299999999999,-20.80938474546057,-29.928,-35.26542663574219,0.0
0.08774,-22.31063596616369,-31.302,-36.22673034667969,-198.0844242607395
0.08774,-22.31063596616369,-31.302,-36.22673034667969,0.0
0.10379,-23.192746561866816,-30.804,-37.27043151855469,-206.79634869719945
0.10379,-23.192746561866816,-30.804,-37.27043151855469,0.0
0.10914,-24.82549802671057,-31.218,-38.23173522949219,-189.7934276283946
0.10914,-24.82549802671057,-31.218,-38.23173522949219,0.0
0.09737,-24.759747904640253,-30.366,-39.2047119140625,-198.72889799221176
0.09737,-24.759747904640253,-30.366,-39.2047119140625,0.0
0.11021,-24.496747416359003,-31.356,-40.14747619628906,-186.72297132632804
0.11021,-24.496747416359003,-31.356,-40.14747619628906,0.0
0.10272,-24.69399778256994,-30.450000000000003,-41.112213134765625,-183.6195162688282
0.10272,-24.69399778256994,-30.450000000000003,-41.112213134765625,0.0
0.12091,-24.96246091733557,-31.188,-42.09274291992188,-200.96941692062936
0.12091,-24.96246091733557,-31.188,-42.09274291992188,0.0
0.11984,-27.36227170835119,-31.002,-43.12408447265625,-211.7744461466712
0.11984,-27.36227170835119,-31.002,-43.12408447265625,0.0
0.13589,-26.973264139991816,-30.534,-44.105987548828125,-182.03616540082592
0.13589,-26.973264139991816,-30.534,-44.105987548828125,0.0
0.12733,-28.11837522397619,-31.11,-45.05836486816406,-191.85683306521565
0.12733,-28.11837522397619,-31.11,-45.05836486816406,0.0
0.12198,-26.60069028745276,-31.026,-45.987396240234375,-188.86590202699605
0.12198,-26.60069028745276,-31.026,-45.987396240234375,0.0
0.12412,-27.74032346616369,-31.547999999999995,-46.92741394042969,-173.46700501851635
0.12412,-27.74032346616369,-31.547999999999995,-46.92741394042969,0.0
0.13589,-28.33753721128088,-30.834,-47.9278564453125,-193.02382884102624
0.13589,-28.33753721128088,-30.834,-47.9278564453125,0.0
0.15194,-30.10725156674963,-30.864000000000004,-48.94065856933594,-203.37392048664373
0.15194,-30.10725156674963,-30.864000000000004,-48.94065856933594,0.0
0.16264,-30.22230283628088,-30.144,-49.90402221679688,-190.08753896238215
0.16264,-30.22230283628088,-30.144,-49.90402221679688,0.0
0.1476599999999999,-29.948361796241816,-31.164000000000005,-50.85090637207031,-198.9670425033492
0.1476599999999999,-29.948361796241816,-31.164000000000005,-50.85090637207031,0.0
0.14445,-29.95931760678869,-31.194000000000003,-51.78268432617188,-187.7070818093004
0.14445,-29.95931760678869,-31.194000000000003,-51.78268432617188,0.0
0.14873,-29.641538065773062,-31.11,-52.76252746582031,-197.86816228767145
0.14873,-29.641538065773062,-31.11,-52.76252746582031,0.0
0.17013,-31.99201719174963,-31.632,-53.734130859375,-203.0094846541645
0.17013,-31.99201719174963,-31.632,-53.734130859375,0.0
0.17548,-31.937238139015253,-30.48,-54.78401184082031,-187.0445361562897
0.17548,-31.937238139015253,-30.48,-54.78401184082031,0.0
0.16799,-33.07139341245275,-30.228,-55.7171630859375,-189.126721750596
0.16799,-33.07139341245275,-30.228,-55.7171630859375,0.0
0.15943,-31.48248044858557,-30.366,-56.68876647949219,-175.37967392684274
0.15943,-31.48248044858557,-30.366,-56.68876647949219,0.0
0.17013,-32.31528989682775,-30.336,-57.60475158691406,-182.068198652768
0.17013,-32.31528989682775,-30.336,-57.60475158691406,0.0
0.16799,-32.47417966733556,-31.026,-58.5955810546875,-201.6339983259167
0.16799,-32.47417966733556,-31.026,-58.5955810546875,0.0
0.18725,-34.05212156186681,-31.188,-59.65438842773438,-223.8020234721988
0.18725,-34.05212156186681,-31.188,-59.65438842773438,0.0
0.18832,-34.05212156186681,-29.958,-60.62805175781251,-178.06571508376754
0.18832,-34.51235715756994,-29.958,-60.62805175781251,0.0
0.18939,-34.07952634702306,-30.804,-61.59759521484375,-196.4627065919562
0.18939,-34.07952634702306,-30.804,-61.59759521484375,0.0
0.18725,-34.24937192807775,-30.18,-62.52799987792969,-150.2348882748243
0.18725,-34.24937192807775,-30.18,-62.52799987792969,0.0
0.17227,-33.44944517026525,-30.450000000000003,-63.46595764160157,-186.17661049465477
0.17227,-33.44944517026525,-30.450000000000003,-63.46595764160157,0.0
0.18404,-35.515027445655875,-31.194000000000003,-64.45404052734375,-179.5534955010021
0.18404,-35.515027445655875,-31.194000000000003,-64.45404052734375,0.0
0.19367,-35.32873288999181,-30.642,-65.5169677734375,-210.64749228968049
0.19367,-35.32873288999181,-30.642,-65.5169677734375,0.0
0.20009,-36.64916746030431,-31.188,-66.48582458496094,-191.09601805196357
0.20009,-36.64916746030431,-31.188,-66.48582458496094,0.0
0.18939,-35.14793149839025,-30.672,-67.43682861328125,-197.30374031547012
0.18939,-35.14793149839025,-30.672,-67.43682861328125,0.0
0.18511,-35.88760129819494,-30.558,-68.3953857421875,-190.1521779223431
0.18511,-35.88760129819494,-30.558,-68.3953857421875,0.0
0.19367,-35.59173337827306,-31.002,-69.35050964355469,-186.29293960734907
0.19367,-35.59173337827306,-31.002,-69.35050964355469,0.0
0.20544,-36.64368955503088,-31.326,-70.36125183105469,-212.56407728709317
0.20544,-36.64368955503088,-31.326,-70.36125183105469,0.0
0.21721,-37.5806097210465,-30.504,-71.35002136230469,-204.75658133150213
0.21721,-37.5806097210465,-30.504,-71.35002136230469,0.0
0.21186,-36.99435178647619,-30.258,-72.36076354980469,-205.1851781363733
0.21186,-36.99435178647619,-30.258,-72.36076354980469,0.0
0.19153,-37.4819769085465,-30.450000000000003,-73.27743530273438,-182.1684723628182
0.19153,-37.4819769085465,-30.450000000000003,-73.27743530273438,0.0
0.19902,-36.17249814878088,-30.864000000000004,-74.234619140625,-197.72440361291532
0.19902,-36.17249814878088,-30.864000000000004,-74.234619140625,0.0
0.20544,-37.88743345151525,-32.154,-75.201416015625,-191.9009279476368
0.20544,-37.88743345151525,-32.154,-75.201416015625,0.0
0.20651,-37.31213132749181,-30.696,-76.18675231933594,-199.6224278182322
0.20651,-37.31213132749181,-30.696,-76.18675231933594,0.0
0.21935,-39.005139750343375,-31.05,-77.17689514160156,-200.67750755287668
0.21935,-39.005139750343375,-31.05,-77.17689514160156,0.0
0.20544,-37.44363157163244,-30.48,-78.16291809082031,-166.22099615966133
0.20544,-37.44363157163244,-30.48,-78.16291809082031,0.0
0.21721,-38.095624369484,-30.558,-79.10087585449219,-188.83788276057172
0.21721,-38.095624369484,-30.558,-79.10087585449219,0.0
0.21079,-37.59704343686681,-30.918000000000003,-80.06973266601562,-197.6452083892052
0.21079,-37.59704343686681,-30.918000000000003,-80.06973266601562,0.0
0.21079,-38.0518011272965,-31.271999999999995,-81.01181030273438,-191.4402838282552
0.21079,-38.0518011272965,-31.271999999999995,-81.01181030273438,0.0
0.21828,-39.08184568296056,-30.341999999999995,-82.01774597167969,-175.036657202958
0.21828,-39.08184568296056,-30.341999999999995,-82.01774597167969,0.0
0.2247,-38.72572080503088,-30.096000000000004,-83.04222106933594,-206.0903435236389
0.2247,-38.72572080503088,-30.096000000000004,-83.04222106933594,0.0
0.22898,-39.42703000913244,-29.544000000000004,-83.99734497070312,-192.79852671919792
0.22898,-39.42703000913244,-29.544000000000004,-83.99734497070312,0.0
0.214,-38.013440531593375,-29.682,-84.95384216308594,-190.4234904207118
0.214,-38.013440531593375,-29.682,-84.95384216308594,0.0
0.22149,-40.05711118589025,-28.968,-85.86227416992188,-190.6868192350216
0.22149,-40.05711118589025,-28.968,-85.86227416992188,0.0
0.23326,-38.4736761272965,-28.284,-86.80091857910156,-187.8791851840096
0.23326,-38.4736761272965,-28.284,-86.80091857910156,0.0
0.23754,-41.037854594093375,-27.648,-87.69905090332031,-180.4565650429392
0.23754,-41.037854594093375,-27.648,-87.69905090332031,0.0
0.24717,-38.82433835874181,-25.95,-88.582763671875,-177.4880033249472
0.24717,-38.82433835874181,-25.95,-88.582763671875,0.0
0.23968,-41.26797239194494,-24.984,-89.4232177734375,-176.19582841992013
0.23968,-41.26797239194494,-24.984,-89.4232177734375,0.0
0.22577,-38.04632322202306,-24.216,-90.17784118652344,-151.46997452553197
0.22577,-38.04632322202306,-24.216,-90.17784118652344,0.0
0.2247,-41.14195005307775,-23.664,-90.93795776367188,-151.02654026391684
0.2247,-41.14195005307775,-23.664,-90.93795776367188,0.0
0.22898,-37.876477640968375,-23.118,-91.6815948486328,-147.57632168305636
0.22898,-37.876477640968375,-23.118,-91.6815948486328,0.0
0.2461,-40.2214788616715,-21.996,-92.384033203125,-140.71281139663444
0.2461,-40.2214788616715,-21.996,-92.384033203125,0.0
0.25038,-39.38319150815588,-20.784,-93.0878448486328,-137.1150682851548
0.25038,-39.38319150815588,-20.784,-93.0878448486328,0.0
0.23754,-39.2790960491715,-19.356,-93.7628173828125,-134.751953320029
0.23754,-39.2790960491715,-19.356,-93.7628173828125,0.0
0.24182,-41.03237668881994,-18.504,-94.3718719482422,-114.37644421216912
0.24182,-41.03237668881994,-18.504,-94.3718719482422,0.0
0.23754,-38.21069089780431,-17.022000000000002,-94.93629455566406,-112.03307015116636
0.23754,-38.21069089780431,-17.022000000000002,-94.93629455566406,0.0
0.24075,-38.21069089780431,-16.362000000000002,-95.4718780517578,-107.63333924715064
0.24075,-38.96131650815588,-16.362000000000002,-95.4718780517578,0.0
0.25359,-39.85438291440588,-15.57,-95.97793579101562,-101.98664636387828
0.25359,-39.85438291440588,-15.57,-95.97793579101562,0.0
0.23647,-39.607831400734,-14.856000000000002,-96.45240783691406,-79.02599032284732
0.23647,-39.607831400734,-14.856000000000002,-96.45240783691406,0.0
0.23754,-39.032544535499625,-14.112000000000002,-96.89666748046876,-88.07685240976873
0.23754,-39.032544535499625,-14.112000000000002,-96.89666748046876,0.0
0.25038,-39.49825803647619,-12.798,-97.31277465820312,-87.12461845359915
0.25038,-39.49825803647619,-12.798,-97.31277465820312,0.0
0.25252,-39.09280149350744,-11.502,-97.71583557128906,-78.98508976793865
0.25252,-39.09280149350744,-11.502,-97.71583557128906,0.0
0.24931,-39.65166990171056,-10.188,-98.06121826171876,-69.03511701570207
0.24931,-39.65166990171056,-10.188,-98.06121826171876,0.0
0.25466,-38.57778684506994,-9.912,-98.38943481445312,-65.55153839313363
0.25466,-38.57778684506994,-9.912,-98.38943481445312,0.0
0.25573,-39.06541196714025,-9.336,-98.69979858398438,-62.636482246481705
0.25573,-39.06541196714025,-9.336,-98.69979858398438,0.0
0.25573,-38.868176859718375,-7.878,-98.98063659667967,-56.72349276816583
0.25573,-38.868176859718375,-7.878,-98.98063659667967,0.0
0.25252,-40.17217771421056,-6.342,-99.20516967773438,-44.86175445647855
0.25252,-40.17217771421056,-6.342,-99.20516967773438,0.0
0.25359,-39.30100767026525,-5.5440000000000005,-99.40086364746094,-39.37504421057484
0.25359,-39.30100767026525,-5.5440000000000005,-99.40086364746094,0.0
0.25038,-39.26814023862463,-4.476,-99.56016540527344,-29.78159615115566
0.25038,-39.26814023862463,-4.476,-99.56016540527344,0.0
0.24289,-39.4653753460465,-3.3240000000000003,-99.6892547607422,-26.26971010760673
0.24289,-39.4653753460465,-3.3240000000000003,-99.6892547607422,0.0
0.24931,-38.17780820737463,-2.826,-99.78126525878906,-18.5094544451497
0.24931,-38.17780820737463,-2.826,-99.78126525878906,0.0
0.2461,-38.90652219663244,-1.62,-99.85267639160156,-14.23950803838424
0.2461,-38.90652219663244,-1.62,-99.85267639160156,0.0
0.24182,-38.52847043881994,-1.206,-99.8876953125,-5.921359637881925
0.24182,-38.52847043881994,-1.206,-99.8876953125,0.0
0.25038,-38.45724241147619,-1.182,-99.92820739746094,-8.187567696224312
0.25038,-38.45724241147619,-1.182,-99.92820739746094,0.0
0.2568,-39.2790960491715,-0.7979999999999999,-99.96322631835938,-6.65505908370366
0.2568,-39.2790960491715,-0.7979999999999999,-99.96322631835938,0.0
0.24824,-38.22164670835119,-0.3,-99.97695922851562,-2.818741821888988
0.24824,-38.22164670835119,-0.3,-99.97695922851562,0.0
0.24717,-37.5806097210465,-0.054,-99.9810791015625,-0.7157527878516018
0.24717,-37.5806097210465,-0.054,-99.9810791015625,0.0
0.25038,-38.54490415464025,0.054,-99.97970581054688,0.2741647066529615
0.25038,-38.54490415464025,0.054,-99.97970581054688,0.0
0.2461,-38.183301371437125,-0.246,-99.98931884765624,-1.8912132813999305
0.2461,-38.183301371437125,-0.246,-99.98931884765624,0.0
0.24396,-38.38601438413244,-0.1919999999999999,-99.9872589111328,0.4125648955410538
0.24396,-38.38601438413244,-0.1919999999999999,-99.9872589111328,0.0
0.24503,-38.09014646421056,-0.0,-99.98931884765624,-0.3994447398559805
0.24503,-38.09014646421056,-0.0,-99.98931884765624,0.0
0.24075,-38.11755124936681,-0.33,-99.986572265625,0.5480012033590214
0.24075,-38.11755124936681,-0.33,-99.986572265625,0.0
0.24182,-38.27096311460119,0.03,-99.99275207519533,-1.244423997246724
0.24182,-38.27096311460119,0.03,-99.99275207519533,0.0
0.23968,-38.183301371437125,-0.0,-99.99412536621094,-0.2759829211434945
0.23968,-38.183301371437125,-0.0,-99.99412536621094,0.0
0.23754,-38.20521299253088,0.054,-99.98794555664062,1.2263960250669736
0.23754,-38.20521299253088,0.054,-99.98794555664062,0.0
0.23861,-38.183301371437125,0.1379999999999999,-99.99618530273438,-1.7216352055476851
0.23861,-38.183301371437125,0.1379999999999999,-99.99618530273438,0.0
0.23861,-38.183301371437125,-0.108,-99.99343872070312,0.5572290588861128
0.23861,-38.20521299253088,-0.108,-99.99343872070312,0.0
0.24075,-38.183301371437125,-0.1379999999999999,-99.9920654296875,0.2795218839048354
0.24075,-38.183301371437125,-0.1379999999999999,-99.9920654296875,0.0
0.2354,-38.18877927671056,-0.108,-99.9968719482422,-0.9640029191140882
0.2354,-38.18877927671056,-0.108,-99.9968719482422,0.0
0.23861,-38.183301371437125,-0.054,-99.9920654296875,1.0235346155669902
0.23861,-38.183301371437125,-0.054,-99.9920654296875,0.0
0.23968,-38.19973508725744,0.108,-99.99549865722656,-0.6741071154650282
0.23968,-38.19973508725744,0.108,-99.99549865722656,0.0
0.24289,-38.21069089780431,0.246,-99.99137878417967,0.8231514579198248
0.24289,-38.21069089780431,0.246,-99.99137878417967,0.0
0.2600099999999999,-38.21069089780431,-0.0,-99.9920654296875,-0.1197498269666321
0.2600099999999999,-38.183301371437125,-0.0,-99.9920654296875,0.0
0.29318,-38.21616880307775,-0.1379999999999999,-99.99755859375,-1.095128401615337
0.29318,-38.21616880307775,-0.1379999999999999,-99.99755859375,0.0
0.33919,-38.39149228940588,0.414,-99.99549865722656,0.4169068049861443
0.33919,-38.39149228940588,0.414,-99.99549865722656,0.0
0.39055,-38.950360697609,1.266,-99.97077941894533,4.637755775090513
0.39055,-38.950360697609,1.266,-99.97077941894533,0.0
0.42265,-39.56948606381994,2.826,-99.91584777832033,10.6684095212675
0.42265,-39.56948606381994,2.826,-99.91584777832033,0.0
0.41516,-40.166699808937125,5.22,-99.77920532226562,27.20335577437099
0.41516,-40.166699808937125,5.22,-99.77920532226562,0.0
0.41409,-39.4653753460465,6.371999999999999,-99.59381103515624,36.97532650763621
0.41409,-39.4653753460465,6.371999999999999,-99.59381103515624,0.0
0.42586,-39.08184568296056,7.332,-99.36309814453124,46.68411384561114
0.42586,-39.08184568296056,7.332,-99.36309814453124,0.0
0.4173,-38.70379392514806,7.8,-99.11865234375,48.42428700101646
0.4173,-38.70379392514806,7.8,-99.11865234375,0.0
0.42586,-39.3284124554215,8.729999999999999,-98.85223388671876,54.19415317968845
0.42586,-39.3284124554215,8.729999999999999,-98.85223388671876,0.0
0.42051,-39.5640081585465,10.134,-98.54873657226562,61.6613804252552
0.42051,-39.5640081585465,10.134,-98.54873657226562,0.0
0.41516,-38.63805906186681,10.848,-98.21090698242188,67.7013206099783
0.41516,-38.63805906186681,10.848,-98.21090698242188,0.0
0.41944,-38.72024289975744,11.532,-97.8607177734375,69.99584429027159
0.41944,-38.72024289975744,11.532,-97.8607177734375,0.0
0.43121,-38.950360697609,12.354,-97.47344970703124,78.06250078742607
0.43121,-38.950360697609,12.354,-97.47344970703124,0.0
0.44726,-39.49278013120275,13.398,-97.10128784179688,75.78127982780886
0.44726,-39.49278013120275,13.398,-97.10128784179688,0.0
0.45154,-40.13381711850744,14.526,-96.6741943359375,85.71011556480745
0.45154,-40.13381711850744,14.526,-96.6741943359375,0.0
0.42372,-39.73933164487463,16.23,-96.19285583496094,95.20144402226828
0.42372,-39.73933164487463,16.23,-96.19285583496094,0.0
0.43335,-39.339368265968375,16.53,-95.67031860351562,104.00820689598658
0.43335,-39.339368265968375,16.53,-95.67031860351562,0.0
0.43121,-39.339368265968375,17.244,-95.1519012451172,99.92624487247144
0.43121,-39.20239011655431,17.244,-95.1519012451172,0.0
0.44726,-39.49278013120275,18.834000000000003,-94.56619262695312,118.34888223149558
0.44726,-39.49278013120275,18.834000000000003,-94.56619262695312,0.0
0.4376300000000001,-39.454419535499625,19.332,-93.96881103515624,102.73114218350108
0.4376300000000001,-39.454419535499625,19.332,-93.96881103515624,0.0
0.4601,-39.65166990171056,20.316,-93.3295440673828,127.09084846386814
0.4601,-39.65166990171056,20.316,-93.3295440673828,0.0
0.428,-39.58591977964025,21.138,-92.64358520507812,130.38564195106684
0.428,-39.58591977964025,21.138,-92.64358520507812,0.0
0.43442,-39.832471293312125,21.252,-91.96792602539062,136.2765590334226
0.43442,-39.832471293312125,21.252,-91.96792602539062,0.0
0.44512,-40.21600095639806,23.034,-91.24008178710938,127.22325437530112
0.44512,-40.21600095639806,23.034,-91.24008178710938,0.0
0.45368,-39.843427103859,24.0,-90.52528381347656,142.56042553508746
0.45368,-39.843427103859,24.0,-90.52528381347656,0.0
0.46331,-39.94753782163244,25.566,-89.75486755371094,153.6223847987223
0.46331,-39.94753782163244,25.566,-89.75486755371094,0.0
0.45261,-39.66262571225744,27.234,-88.94187927246094,162.11132228314364
0.45261,-39.66262571225744,27.234,-88.94187927246094,0.0
0.45582,-39.95301572690588,27.594,-88.07052612304688,174.30549098107923
0.45582,-39.95301572690588,27.594,-88.07052612304688,0.0
0.44298,-38.72024289975744,28.446,-87.1490478515625,183.12366285460823
0.44298,-38.72024289975744,28.446,-87.1490478515625,0.0
0.46331,-39.95849363217931,28.002,-86.24679565429688,166.09944721387927
0.46331,-39.95849363217931,28.002,-86.24679565429688,0.0
0.44833,-39.83794919858556,30.642,-85.32051086425781,184.37197253966607
0.44833,-39.83794919858556,30.642,-85.32051086425781,0.0
0.47722,-40.72007505307775,31.302,-84.33723449707031,193.44410135504265
0.47722,-40.72007505307775,31.302,-84.33723449707031,0.0
0.45475,-39.15307371030431,33.306,-83.34915161132812,203.64445295594845
0.45475,-39.15307371030431,33.306,-83.34915161132812,0.0
0.45261,-39.607831400734,33.168000000000006,-82.25601196289062,174.3444415370629
0.45261,-39.607831400734,33.168000000000006,-82.25601196289062,0.0
0.45154,-39.19143430600744,33.822,-81.1285400390625,233.818316845281
0.45154,-39.19143430600744,33.822,-81.1285400390625,0.0
0.46224,-39.30648557553869,34.956,-80.08071899414062,222.89322376552047
0.46224,-39.30648557553869,34.956,-80.08071899414062,0.0
0.45903,-39.82151548276525,35.802,-78.93608093261719,230.21682653333664
0.45903,-39.82151548276525,35.802,-78.93608093261719,0.0
0.45903,-39.892743510109,37.944,-77.79487609863281,231.57565624684815
0.45903,-39.892743510109,37.944,-77.79487609863281,0.0
0.45154,-38.74215452085119,38.382000000000005,-76.5692138671875,243.7673491339433
0.45154,-38.74215452085119,38.382000000000005,-76.5692138671875,0.0
0.4376300000000001,-38.24355832944494,39.702,-75.28312683105469,261.0814121259696
0.4376300000000001,-38.24355832944494,39.702,-75.28312683105469,0.0
0.44191,-39.125684183937125,39.156,-74.01214599609375,251.878881284366
0.44191,-39.125684183937125,39.156,-74.01214599609375,0.0
0.43977,-37.5806097210465,40.854,-72.7679443359375,250.19136540445044
0.43977,-37.5806097210465,40.854,-72.7679443359375,0.0
0.428,-37.46006528745275,40.2,-71.48597717285156,223.7289987933655
0.428,-37.46006528745275,40.2,-71.48597717285156,0.0
0.41195,-37.39979307065588,40.416,-70.13397216796875,284.213791230271
0.41195,-37.39979307065588,40.416,-70.13397216796875,0.0
0.42158,-37.39979307065588,40.284,-68.89869689941406,241.6895457941633
0.42158,-36.52316038022619,40.284,-68.89869689941406,0.0
0.42372,-36.5889105022965,40.938,-67.62359619140625,253.9029685399712
0.42372,-36.5889105022965,40.938,-67.62359619140625,0.0
0.41409,-36.21633664975744,40.5,-66.31965637207031,225.2054955676159
0.41409,-36.21633664975744,40.5,-66.31965637207031,0.0
0.41195,-36.64916746030431,40.5,-65.00129699707031,264.3592089432603
0.41195,-36.64916746030431,40.5,-65.00129699707031,0.0
0.39804,-35.37804929624181,40.692,-63.67744445800782,226.68707860662312
0.39804,-35.37804929624181,40.692,-63.67744445800782,0.0
0.39055,-33.82200376401525,41.076,-62.4078369140625,245.57205879021265
0.39055,-33.82200376401525,41.076,-62.4078369140625,0.0
0.41088,-34.99999753842931,40.77,-61.16706848144532,236.06705338990767
0.41088,-34.99999753842931,40.77,-61.16706848144532,0.0
0.40018,-35.772534769874625,41.05200000000001,-59.80476379394531,263.39997824835405
0.40018,-35.772534769874625,41.05200000000001,-59.80476379394531,0.0
0.37985,-33.1426214397965,40.13999999999999,-58.51043701171875,246.39763606065657
0.37985,-33.1426214397965,40.13999999999999,-58.51043701171875,0.0
0.38627,-32.63854734311681,40.5,-57.20924377441406,258.99546920861394
0.38627,-32.63854734311681,40.5,-57.20924377441406,0.0
0.38199,-33.20835630307775,40.968,-55.94856262207031,234.10977759399304
0.38199,-33.20835630307775,40.968,-55.94856262207031,0.0
0.3852,-33.50970212827306,40.638,-54.6405029296875,253.8443028105612
0.3852,-33.50970212827306,40.638,-54.6405029296875,0.0
0.3745,-31.89887754331213,40.884,-53.3331298828125,258.5785298407972
0.3745,-31.89887754331213,40.884,-53.3331298828125,0.0
0.36059,-30.22778074155432,41.05200000000001,-52.038116455078125,256.9471086774021
0.36059,-30.22778074155432,41.05200000000001,-52.038116455078125,0.0
0.35631,-31.13729612241369,41.322,-50.79116821289063,238.28554217224857
0.35631,-31.13729612241369,41.322,-50.79116821289063,0.0
0.36594,-31.13729612241369,41.376,-49.51812744140625,239.33836651332288
0.36594,-31.016766947609003,41.376,-49.51812744140625,0.0
0.3424,-29.53194944272619,40.776,-48.17916870117188,265.08785195682424
0.3424,-29.53194944272619,40.776,-48.17916870117188,0.0
0.33598,-29.071713847023062,40.13999999999999,-46.87385559082031,240.78825131008452
0.33598,-29.071713847023062,40.13999999999999,-46.87385559082031,0.0
0.34561,-28.655316752296503,41.514,-45.61317443847656,249.0480348366588
0.34561,-28.655316752296503,41.514,-45.61317443847656,0.0
0.34026,-27.734845560890253,41.214000000000006,-44.35661315917969,248.62708335903653
0.34026,-27.734845560890253,41.214000000000006,-44.35661315917969,0.0
0.33063,-27.729367655616816,40.554,-43.04374694824219,261.6313692581839
0.33063,-27.729367655616816,40.554,-43.04374694824219,0.0
0.321,-27.093793314796503,40.692,-41.70478820800781,264.87808906720466
0.321,-27.093793314796503,40.692,-41.70478820800781,0.0
0.31672,-26.008954447609003,40.824,-40.4571533203125,246.17894390192717
0.31672,-26.008954447609003,40.824,-40.4571533203125,0.0
0.30602,-24.90768186460119,41.298,-39.15321350097656,256.6810667984367
0.30602,-24.90768186460119,41.298,-39.15321350097656,0.0
0.29211,-24.53510801206213,41.262,-37.82524108886719,261.77260242666114
0.29211,-24.53510801206213,41.262,-37.82524108886719,0.0
0.30388,-24.76522580991369,40.13999999999999,-36.53160095214844,254.20321020224543
0.30388,-24.76522580991369,40.13999999999999,-36.53160095214844,0.0
0.28569,-23.28040830503088,40.884,-35.19401550292969,280.00532744809493
0.28569,-23.28040830503088,40.884,-35.19401550292969,0.0
0.28569,-21.93258420835119,41.268,-33.899688720703125,248.05036071804167
0.28569,-21.93258420835119,41.268,-33.899688720703125,0.0
0.28569,-22.014768046241816,41.436,-32.660980224609375,238.6721572432201
0.28569,-22.014768046241816,41.436,-32.660980224609375,0.0
0.26429,-21.87231199155432,41.406000000000006,-31.326828002929684,263.87504384507525
0.26429,-21.87231199155432,41.406000000000006,-31.326828002929684,0.0
0.26215,-20.16834775815588,40.968,-30.051040649414062,259.148355376018
0.26215,-20.16834775815588,40.968,-30.051040649414062,0.0
0.26322,-19.18760434995276,40.938,-28.76426696777344,254.85713639150603
0.26322,-19.18760434995276,40.938,-28.76426696777344,0.0
0.24503,-18.62875120053869,40.938,-27.476806640625,258.0080815929058
0.24503,-18.62875120053869,40.938,-27.476806640625,0.0
0.24075,-18.79311887631994,40.908,-26.163253784179688,258.7771584800354
0.24075,-18.79311887631994,40.908,-26.163253784179688,0.0
0.2247,-17.16036741147619,41.1,-24.8291015625,292.5772415965575
0.2247,-17.16036741147619,41.1,-24.8291015625,0.0
0.23112,-15.785138529640252,40.692,-23.52447509765625,258.75177803311146
0.23112,-15.785138529640252,40.692,-23.52447509765625,0.0
0.21935,-15.648160380226187,40.746,-22.228775024414062,257.8507608440425
0.21935,-15.648160380226187,40.746,-22.228775024414062,0.0
0.20651,-15.193417948585564,41.568000000000005,-20.952301025390625,244.86361001769865
0.20651,-15.193417948585564,41.568000000000005,-20.952301025390625,0.0
0.20865,-13.949674052101187,40.392,-19.582443237304688,264.65567776009885
0.20865,-13.949674052101187,40.392,-19.582443237304688,0.0
0.19581,-12.815518778663687,40.692,-18.321075439453125,247.0847792069488
0.19581,-12.815518778663687,40.692,-18.321075439453125,0.0
0.18511,-12.196393412452752,40.854,-17.028121948242188,250.52383088755408
0.18511,-12.196393412452752,40.854,-17.028121948242188,0.0
0.1819,-11.511517924171502,41.046,-15.769500732421877,240.60814678261008
0.1819,-11.511517924171502,41.046,-15.769500732421877,0.0
0.17762,-10.76638547788244,40.416,-14.398956298828129,271.610074037598
0.17762,-10.76638547788244,40.416,-14.398956298828129,0.0
0.15836,-9.276090067726187,40.692,-13.11767578125,244.14644008754752
0.15836,-9.276090067726187,40.692,-13.11767578125,0.0
0.15408,-8.848721903663689,40.17,-11.795883178710938,260.8629568857097
0.15408,-8.848721903663689,40.17,-11.795883178710938,0.0
0.15729,-7.747449320655877,41.292,-10.535888671875,245.90056729809027
0.15729,-7.747449320655877,41.292,-10.535888671875,0.0
0.15622,-7.303647440773065,40.224,-9.2010498046875,266.43490363031253
0.15622,-7.303647440773065,40.224,-9.2010498046875,0.0
0.12626,-6.213330668312127,40.5,-7.871704101562499,273.30298172812775
0.12626,-6.213330668312127,40.5,-7.871704101562499,0.0
0.13589,-5.413388651710565,41.65200000000001,-6.57257080078125,272.3549896815689
0.13589,-5.413388651710565,41.65200000000001,-6.57257080078125,0.0
0.11984,-5.413388651710565,41.982,-5.310516357421875,241.08012289582007
0.11984,-3.977902811866815,41.982,-5.310516357421875,0.0
0.11128,-3.6875127972183774,40.776,-3.9825439453125,258.56160671910243
0.11128,-3.6875127972183774,40.776,-3.9825439453125,0.0
0.10807,-2.723203104835565,40.584,-2.646331787109375,258.35501898737004
0.10807,-2.723203104835565,40.584,-2.646331787109375,0.0
0.08774,-1.7041143597183772,41.076,-1.34857177734375,261.53970370130605
0.08774,-1.7041143597183772,41.076,-1.34857177734375,0.0
0.09095,-0.6302313030777522,40.662,-0.1078033447265625,253.7877751314268
0.09095,-0.6302313030777522,40.662,-0.1078033447265625,0.0
0.09202,0.1203943072738102,40.722,1.20574951171875,260.67728843941944
0.09202,0.1203943072738102,40.722,1.20574951171875,0.0
0.0738299999999999,0.4162622271956853,41.268,2.522735595703125,283.46665604478704
0.0738299999999999,0.4162622271956853,41.268,2.522735595703125,0.0
0.05885,2.10379274477381,41.13,3.8204956054687504,249.3294927501841
0.05885,2.10379274477381,41.13,3.8204956054687504,0.0
0.06527,2.963991719383185,40.13999999999999,5.129241943359375,256.11474322738667
0.06527,2.963991719383185,40.13999999999999,5.129241943359375,0.0
0.05243,3.80227907289881,41.268,6.3727569580078125,241.8348919970057
0.05243,3.80227907289881,41.268,6.3727569580078125,0.0
0.03959,3.8789850055159976,41.16,7.672576904296875,253.5739263144756
0.03959,3.8789850055159976,41.16,7.672576904296875,0.0
0.0428,5.52817018618006,40.032,8.95660400390625,252.5127039545906
0.0428,5.52817018618006,40.032,8.95660400390625,0.0
0.0321,6.240435200828498,40.278,10.290069580078123,268.735505072597
0.0321,6.240435200828498,40.278,10.290069580078123,0.0
0.02033,7.308840352195685,40.908,11.544570922851562,246.17373288324265
0.02033,7.308840352195685,40.908,11.544570922851562,0.0
0.01926,7.53348024477381,40.83,12.840957641601562,257.7309580020972
0.01926,7.53348024477381,40.83,12.840957641601562,0.0
0.01177,8.755297261375373,40.632,14.178543090820312,266.2921459722069
0.01177,8.755297261375373,40.632,14.178543090820312,0.0
0.00428,9.977114277976936,40.446,15.49827575683594,260.7651977902016
0.00428,9.977114277976936,40.446,15.49827575683594,0.0
-0.00214,10.404482442039436,40.938,16.790542602539062,258.6085342610247
-0.00214,10.404482442039436,40.938,16.790542602539062,0.0
-0.00107,11.555071431297248,41.46,18.057403564453125,250.86355681445636
-0.00107,11.555071431297248,41.46,18.057403564453125,0.0
-0.00749,11.555071431297248,40.278,19.353103637695312,239.6781489533893
-0.00749,12.004351216453498,40.278,19.353103637695312,0.0
-0.01819,13.291903096336313,40.584,20.6597900390625,233.96354545533217
-0.01819,13.291903096336313,40.584,20.6597900390625,0.0
-0.02033,13.615175801414436,40.746,21.991195678710938,267.6192240502265
-0.02033,13.615175801414436,40.746,21.991195678710938,0.0
-0.02889,14.990404683250372,40.692,23.262176513671875,239.67204129011049
-0.02889,14.990404683250372,40.692,23.262176513671875,0.0
-0.03745,15.291750508445686,40.362,24.594268798828125,271.7446522145855
-0.03745,15.291750508445686,40.362,24.594268798828125,0.0
-0.04387,16.491640645164434,40.386,25.918121337890625,272.0058637894467
-0.04387,16.491640645164434,40.386,25.918121337890625,0.0
-0.04494,16.87517030825037,40.938,27.212448120117188,266.7614967491055
-0.04494,16.87517030825037,40.938,27.212448120117188,0.0
-0.05457,18.25039919008631,40.308,28.46763610839844,234.79012126491335
-0.05457,18.25039919008631,40.308,28.46763610839844,0.0
-0.05457,18.90788515200037,41.406000000000006,29.78599548339844,261.26820749107657
-0.05457,18.90788515200037,41.406000000000006,29.78599548339844,0.0
-0.06848,18.84213502993006,40.13999999999999,31.10435485839844,252.31758373191636
-0.06848,18.84213502993006,40.13999999999999,31.10435485839844,0.0
-0.0738299999999999,20.33243044008631,40.83,32.380828857421875,257.7173428272407
-0.0738299999999999,20.33243044008631,40.83,32.380828857421875,0.0
-0.06955,21.17619569887537,40.440000000000005,33.70124816894531,261.10723977125576
-0.06955,21.17619569887537,40.440000000000005,33.70124816894531,0.0
-0.08988,21.93777711977381,40.308,35.01068115234375,255.8485704176736
-0.08988,21.93777711977381,40.308,35.01068115234375,0.0
-0.0856,21.74052675356287,40.662,36.287841796875,252.1043514669195
-0.0856,21.74052675356287,40.662,36.287841796875,0.0
-0.09416,23.20341737856287,40.854,37.602081298828125,253.5673358966856
-0.09416,23.20341737856287,40.854,37.602081298828125,0.0
-0.10165,24.12388856996912,39.732000000000006,38.9300537109375,254.3034109747836
-0.10165,24.12388856996912,39.732000000000006,38.9300537109375,0.0
-0.11128,24.80328615297693,40.794,40.21476745605469,250.62694988609817
-0.11128,24.80328615297693,40.794,40.21476745605469,0.0
-0.10807,24.46359499086756,40.854,41.5283203125,240.31336561392115
-0.10807,24.46359499086756,40.854,41.5283203125,0.0
-0.12198,25.910051900047247,40.47,42.83638000488281,258.20365029273205
-0.12198,25.910051900047247,40.47,42.83638000488281,0.0
-0.12091,26.994890767234747,39.918,44.09431457519531,246.89589211250143
-0.12091,26.994890767234747,39.918,44.09431457519531,0.0
-0.13054,26.53465517153162,40.224,45.38108825683594,254.1022278122656
-0.13054,26.53465517153162,40.224,45.38108825683594,0.0
-0.13696,27.60306032289881,40.116,46.679534912109375,256.96549678889767
-0.13696,27.60306032289881,40.116,46.679534912109375,0.0
-0.13268,28.34820802797693,40.032,47.99308776855469,259.13451498236395
-0.13268,28.34820802797693,40.032,47.99308776855469,0.0
-0.14231,28.98924501528162,40.5,49.28398132324219,254.1629365400626
-0.14231,28.98924501528162,40.5,49.28398132324219,0.0
-0.14445,28.94540651430506,40.854,50.57899475097656,257.15119692914294
-0.14445,28.94540651430506,40.854,50.57899475097656,0.0
-0.14445,29.96451051821131,40.224,51.84173583984375,245.9086833235647
-0.14445,29.96451051821131,40.224,51.84173583984375,0.0
-0.15836,30.824709492820684,41.046,53.18824768066406,284.73500546014225
-0.15836,30.824709492820684,41.046,53.18824768066406,0.0
-0.15515,31.07126100649256,40.662,54.51347351074219,263.6740608989052
-0.15515,31.07126100649256,40.662,54.51347351074219,0.0
-0.15194,30.97812135805506,40.13999999999999,55.76042175292969,252.01055824328856
-0.15194,30.97812135805506,40.13999999999999,55.76042175292969,0.0
-0.16264,32.33143861879725,40.392,57.086334228515625,255.6715147677302
-0.16264,32.33143861879725,40.392,57.086334228515625,0.0
-0.17013,32.720446187156625,40.716,58.375167846679695,268.451076476554
-0.17013,32.720446187156625,40.716,58.375167846679695,0.0
-0.16692,32.14514406313319,40.164,59.70726013183593,265.251351086263
-0.16692,32.14514406313319,40.164,59.70726013183593,0.0
-0.17655,33.37793214907069,39.624,61.01875305175782,250.8593955476389
-0.17655,33.37793214907069,39.624,61.01875305175782,0.0
-0.18083,34.440844136375375,40.47,62.35359191894531,238.49184691599052
-0.18083,34.440844136375375,40.47,62.35359191894531,0.0
-0.16906,33.9093805133285,40.224,63.63349914550781,259.8268831837471
-0.16906,33.9093805133285,40.224,63.63349914550781,0.0
-0.18725,34.051836568016,39.816,64.96009826660156,225.22905281724297
-0.18725,34.051836568016,39.816,64.96009826660156,0.0
-0.18832,35.03805788149256,41.298,66.23519897460938,254.51111936290656
-0.18832,35.03805788149256,41.298,66.23519897460938,0.0
-0.19581,35.72293336977381,40.524,67.52403259277344,252.36608932121655
-0.19581,35.72293336977381,40.524,67.52403259277344,0.0
-0.18725,35.27365358461756,40.638,68.80050659179688,255.70392608635203
-0.18725,35.27365358461756,40.638,68.80050659179688,0.0
-0.18939,35.22983034243006,40.662,70.11405944824219,261.24758481432104
-0.18939,35.22983034243006,40.662,70.11405944824219,0.0
-0.20223,36.873522359031625,39.54,71.43104553222656,264.29582259391947
-0.20223,36.873522359031625,39.54,71.43104553222656,0.0
-0.20116,36.889971333641,39.786,72.75558471679688,247.53115017177856
-0.20116,36.889971333641,39.786,72.75558471679688,0.0
-0.20116,36.68724306215663,38.964,73.98674011230469,238.18057564466795
-0.20116,36.68724306215663,38.964,73.98674011230469,0.0
-0.21507,37.68442018618006,38.442,75.27763366699219,255.97730610532847
-0.21507,37.68442018618006,38.442,75.27763366699219,0.0
-0.22042,38.31997926821131,37.068000000000005,76.50192260742188,242.14575562280325
-0.22042,38.31997926821131,37.068000000000005,76.50192260742188,0.0
-0.21507,38.31997926821131,36.438,77.7117919921875,223.18195623796248
-0.21507,37.52005251039881,36.438,77.7117919921875,0.0
-0.22898,38.435045796531625,35.44799999999999,78.88046264648438,231.5116193141877
-0.22898,38.435045796531625,35.44799999999999,78.88046264648438,0.0
-0.23005,38.29806764711756,33.995999999999995,80.02098083496094,232.4741517482588
-0.23005,38.29806764711756,33.995999999999995,80.02098083496094,0.0
-0.23219,38.45147951235194,33.582,81.112060546875,218.39065490680585
-0.23219,38.45147951235194,33.582,81.112060546875,0.0
-0.22684,38.55009706606288,32.154,82.19902038574219,217.609577350746
-0.22684,38.55009706606288,32.154,82.19902038574219,0.0
-0.23112,38.270678120750375,32.592000000000006,83.26263427734375,205.88731931881787
-0.23112,38.270678120750375,32.592000000000006,83.26263427734375,0.0
-0.23968,38.84048708071131,30.72,84.29397583007812,207.4299180880771
-0.23968,38.84048708071131,30.72,84.29397583007812,0.0
-0.2354,38.44052370180506,29.49,85.27381896972656,183.93901626585665
-0.2354,38.44052370180506,29.49,85.27381896972656,0.0
-0.22791,39.377428609031625,28.992,86.21726989746094,189.0304403393359
-0.22791,39.377428609031625,28.992,86.21726989746094,0.0
-0.23433,38.007677632469125,27.678,87.14767456054688,188.417307226694
-0.23433,38.007677632469125,27.678,87.14767456054688,0.0
-0.22898,39.60754640688319,27.102,88.01971435546875,174.40795898428578
-0.22898,39.60754640688319,27.102,88.01971435546875,0.0
-0.23219,37.56935365785975,25.452,88.89312744140625,176.66122288373293
-0.23219,37.56935365785975,25.452,88.89312744140625,0.0
-0.24289,40.0951715289535,25.314000000000004,89.76242065429688,171.89899404597492
-0.24289,40.0951715289535,25.314000000000004,89.76242065429688,0.0
-0.23005,37.59128053774256,23.202,90.5596160888672,159.0890909139526
-0.23005,37.59128053774256,23.202,90.5596160888672,0.0
-0.23326,39.41578920473475,22.512,91.26686096191406,140.57739476178023
-0.23326,39.41578920473475,22.512,91.26686096191406,0.0
-0.23861,38.72543581118006,22.128,91.99607849121094,146.4586321142921
-0.23861,38.72543581118006,22.128,91.99607849121094,0.0
-0.2354,39.00485475649256,21.42,92.69302368164062,140.6549324783728
-0.2354,39.00485475649256,21.42,92.69302368164062,0.0
-0.24396,40.1938043414535,20.346,93.34465026855467,131.13837530965964
-0.24396,40.1938043414535,20.346,93.34465026855467,0.0
-0.23861,37.251574116844125,18.918,93.9763641357422,126.7992507400336
-0.23861,37.251574116844125,18.918,93.9763641357422,0.0
-0.25466,38.97198732485194,17.85,94.57237243652344,119.70441871470912
-0.25466,38.97198732485194,17.85,94.57237243652344,0.0
-0.24824,39.31715639223475,17.16,95.1416015625,113.86859891497974
-0.24824,39.31715639223475,17.16,95.1416015625,0.0
-0.25252,39.31715639223475,15.978,95.6682586669922,91.5766135440568
-0.25252,38.56653078188319,15.978,95.6682586669922,0.0
-0.25573,39.08156068910975,14.304,96.185302734375,105.21857293098482
-0.25573,39.08156068910975,14.304,96.185302734375,0.0
-0.24182,39.245928364891,13.728,96.64466857910156,87.83285750034237
-0.24182,39.245928364891,13.728,96.64466857910156,0.0
-0.24075,38.45147951235194,12.792,97.0525360107422,80.82985169255463
-0.24075,38.45147951235194,12.792,97.0525360107422,0.0
-0.2461,37.772081929344125,12.246,97.46864318847656,84.43733314415475
-0.2461,37.772081929344125,12.246,97.46864318847656,0.0
-0.25145,38.435045796531625,11.424,97.85041809082033,79.0260613421849
-0.25145,38.435045796531625,11.424,97.85041809082033,0.0
-0.26215,38.91171510805506,10.818,98.19580078125,67.88181808758438
-0.26215,38.91171510805506,10.818,98.19580078125,0.0
-0.25894,38.955553609031625,9.174,98.51234436035156,63.41017209564728
-0.25894,38.955553609031625,9.174,98.51234436035156,0.0
-0.25038,38.65420778383631,8.208,98.7787628173828,52.94484440207467
-0.25038,38.65420778383631,8.208,98.7787628173828,0.0
-0.25145,38.292589741844125,7.002,99.02870178222656,48.88303634728965
-0.25145,38.292589741844125,7.002,99.02870178222656,0.0
-0.25894,38.02411134828944,6.342,99.25323486328124,46.72904912690736
-0.25894,38.02411134828944,6.342,99.25323486328124,0.0
-0.26322,39.048693257469125,5.627999999999999,99.4475555419922,38.871910124178505
-0.26322,39.048693257469125,5.627999999999999,99.4475555419922,0.0
-0.26964,39.27881105532069,4.338,99.60479736328124,31.46094863725856
-0.26964,39.27881105532069,4.338,99.60479736328124,0.0
-0.26215,38.48434694399256,2.802,99.72976684570312,26.7028808593754
-0.26215,38.48434694399256,2.802,99.72976684570312,0.0
-0.27285,37.49264772524256,2.688,99.82177734375,18.71273094303328
-0.27285,37.49264772524256,2.688,99.82177734375,0.0
-0.26429,38.34738405336756,1.2899999999999998,99.88151550292967,12.024589206863189
-0.26429,38.34738405336756,1.2899999999999998,99.88151550292967,0.0
-0.27285,38.456957417625375,1.068,99.91928100585938,7.559147904266104
-0.27285,38.456957417625375,1.068,99.91928100585938,0.0
-0.25466,38.456957417625375,0.36,99.93988037109376,3.64590535121751
-0.25466,37.585802632469125,0.36,99.93988037109376,0.0
-0.2568,37.64605959047694,0.222,99.95567321777344,3.104550163094838
-0.2568,37.64605959047694,0.222,99.95567321777344,0.0
-0.25573,37.64605959047694,0.33,99.9639129638672,1.4822353109833613
-0.25573,37.37759645571131,0.33,99.9639129638672,0.0
-0.26643,37.52553041567225,0.6300000000000001,99.97901916503906,3.023054066810414
-0.26643,37.52553041567225,0.6300000000000001,99.97901916503906,0.0
-0.26857,37.52553041567225,0.414,99.99549865722656,3.022096495050974
-0.26857,37.63510377993006,0.414,99.99549865722656,0.0
-0.26857,37.78851564516444,0.1919999999999999,99.99481201171876,-0.1418689065698501
-0.26857,37.78851564516444,0.1919999999999999,99.99481201171876,0.0
-0.26857,37.55839784731288,-0.054,100.0030517578125,1.6843307632336375
-0.26857,37.55839784731288,-0.054,100.0030517578125,0.0
-0.26857,37.60771425356288,0.1919999999999999,99.99961853027344,-0.687608159235579
-0.26857,37.60771425356288,0.1919999999999999,99.99961853027344,0.0
-0.2675,37.60771425356288,0.084,100.00236511230467,0.5426955208917502
-0.2675,37.5036187945785,0.084,100.00236511230467,0.0
-0.26964,37.54196413149256,0.054,100.00167846679688,-0.1381024754219601
-0.26964,37.54196413149256,0.054,100.00167846679688,0.0
-0.27071,37.61867006410975,0.084,100.00167846679688,0.0
-0.26964,37.47621400942225,-0.1919999999999999,100.00442504882812,0.5677102172902666
-0.26964,37.47621400942225,-0.1919999999999999,100.00442504882812,0.0
-0.27071,37.585802632469125,-0.03,100.00648498535156,0.4091234406033212
-0.27071,37.585802632469125,-0.03,100.00648498535156,0.0
-0.27178,37.536486226219125,0.084,100.00511169433594,-0.2750983605017235
-0.27178,37.536486226219125,0.084,100.00511169433594,0.0
-0.27499,37.61867006410975,-0.084,99.99961853027344,-1.0802682522121525
-0.27499,37.61867006410975,-0.084,99.99961853027344,0.0
-0.27392,37.48169191469569,0.1379999999999999,99.99961853027344,0.0
-0.27392,37.55291994203944,-0.1919999999999999,99.99961853027344,0.0
-0.27178,37.60771425356288,-0.1379999999999999,100.00442504882812,0.9723889449086102
-0.27178,37.60771425356288,-0.1379999999999999,100.00442504882812,0.0
-0.27499,37.56387575258631,-0.1379999999999999,100.00442504882812,0.0
-0.28248,37.514574605125375,-0.246,100.00167846679688,-0.5420528974240911
-0.28248,37.514574605125375,-0.246,100.00167846679688,0.0
-0.30281,37.54196413149256,-0.084,100.00099182128906,-0.121530178373986
-0.30281,37.54196413149256,-0.084,100.00099182128906,0.0
-0.34026,37.63510377993006,-0.084,100.00442504882812,0.6854117666324039
-0.34026,37.63510377993006,-0.084,100.00442504882812,0.0
-0.3852,37.96933229555506,-0.6839999999999999,99.9920654296875,-2.318008090891791
-0.3852,37.96933229555506,-0.6839999999999999,99.9920654296875,0.0
-0.41944,38.84596498598475,-1.7040000000000002,99.96116638183594,-6.08488535871955
-0.41944,38.84596498598475,-1.7040000000000002,99.96116638183594,0.0
-0.43121,39.1527887164535,-3.486,99.87396240234376,-15.374467470419466
-0.43121,39.1527887164535,-3.486,99.87396240234376,0.0
-0.42265,38.9665094195785,-5.159999999999999,99.7235870361328,-30.477374586746397
-0.42265,38.9665094195785,-5.159999999999999,99.7235870361328,0.0
-0.41623,38.27615602602381,-6.534,99.5196533203125,-42.468495589417806
-0.41623,38.27615602602381,-6.534,99.5196533203125,0.0
-0.4173,38.39120729555506,-7.247999999999999,99.29580688476562,-45.87017121862197
-0.4173,38.39120729555506,-7.247999999999999,99.29580688476562,0.0
-0.4173,38.39120729555506,-8.184,99.04518127441406,-45.44435364486751
-0.4173,38.46243532289881,-8.184,99.04518127441406,0.0
-0.40339,38.29806764711756,-9.198,98.7451171875,-59.23096859733538
-0.40339,38.29806764711756,-9.198,98.7451171875,0.0
-0.40125,37.936449605125375,-9.774,98.44505310058594,-60.00081721936823
-0.40125,37.936449605125375,-9.774,98.44505310058594,0.0
-0.41944,38.30902345766444,-9.803999999999998,98.118896484375,-64.5471237305948
-0.41944,38.30902345766444,-9.803999999999998,98.118896484375,0.0
-0.43228,38.96103151430506,-11.202000000000002,97.76870727539062,-70.02383702946864
-0.43228,38.96103151430506,-11.202000000000002,97.76870727539062,0.0
-0.43121,38.9665094195785,-12.078,97.40066528320312,-74.00804186356812
-0.43121,38.9665094195785,-12.078,97.40066528320312,0.0
-0.42158,39.08703859438319,-13.896,96.96327209472656,-91.1615649179813
-0.42158,39.08703859438319,-13.896,96.96327209472656,0.0
-0.42265,38.270678120750375,-14.166,96.5032196044922,-94.54428488170537
-0.42265,38.270678120750375,-14.166,96.5032196044922,0.0
-0.43121,38.79664857973475,-15.24,96.03973388671876,-90.1547787927002
-0.43121,38.79664857973475,-15.24,96.03973388671876,0.0
-0.4376300000000001,38.79664857973475,-16.668,95.4931640625,-107.27572604888444
-0.4376300000000001,38.78021486391444,-16.668,95.4931640625,0.0
-0.42693,39.010332661766,-17.022000000000002,94.91706848144533,-114.32736278116002
-0.42693,39.010332661766,-17.022000000000002,94.91706848144533,0.0
-0.44512,39.010332661766,-18.15,94.35539245605467,-102.30892994375212
-0.44512,38.456957417625375,-18.15,94.35539245605467,0.0
-0.44084,39.15826662172694,-18.504,93.75389099121094,-116.6378640380239
-0.44084,39.15826662172694,-18.504,93.75389099121094,0.0
-0.43228,39.15826662172694,-19.824,93.13385009765624,-119.88416348711254
-0.43228,39.25140627016444,-19.824,93.13385009765624,0.0
-0.43335,39.213060933250375,-21.282,92.44308471679688,-138.3190590426266
-0.43335,39.213060933250375,-21.282,92.44308471679688,0.0
-0.43121,38.9171930133285,-22.158,91.73240661621094,-145.60092206234498
-0.43121,38.9171930133285,-22.158,91.73240661621094,0.0
-0.43549,38.813097554344125,-23.142,90.98533630371094,-147.09003986999366
-0.43549,38.813097554344125,-23.142,90.98533630371094,0.0
-0.4494,39.30620058168788,-24.078,90.21766662597656,-161.51266100025887
-0.4494,39.30620058168788,-24.078,90.21766662597656,0.0
-0.43121,39.40481813539881,-25.374,89.40055847167969,-161.73953964707235
-0.43121,39.40481813539881,-25.374,89.40055847167969,0.0
-0.45689,39.426745015281625,-25.728,88.5772705078125,-160.3911871940526
-0.45689,39.426745015281625,-25.728,88.5772705078125,0.0
-0.44191,38.7309137164535,-27.15,87.70248413085938,-171.52674057884644
-0.44191,38.7309137164535,-27.15,87.70248413085938,0.0
-0.4601,39.30072267641444,-27.978,86.8194580078125,-180.9850631372041
-0.4601,39.30072267641444,-27.978,86.8194580078125,0.0
-0.44298,39.30072267641444,-29.322,85.88150024414062,-170.69295062262088
-0.44298,38.62132509340663,-29.322,85.88150024414062,0.0
-0.44726,39.41578920473475,-29.898000000000003,84.92706298828125,-193.4800843014688
-0.44726,39.41578920473475,-29.898000000000003,84.92706298828125,0.0
-0.44298,38.61036928285975,-31.46400000000001,83.90121459960938,-205.74576587903084
-0.44298,38.61036928285975,-31.46400000000001,83.90121459960938,0.0
-0.46331,39.245928364891,-30.750000000000004,82.84721374511719,-214.31493584616325
-0.46331,39.245928364891,-30.750000000000004,82.84721374511719,0.0
-0.45261,38.75282533754725,-32.922000000000004,81.79458618164062,-211.96688753038623
-0.45261,38.75282533754725,-32.922000000000004,81.79458618164062,0.0
-0.45582,38.93910463442225,-34.074,80.70762634277344,-219.1451288036885
-0.45582,38.93910463442225,-34.074,80.70762634277344,0.0
-0.45582,38.741869527000375,-35.61,79.59457397460938,-219.14793624012844
-0.45582,38.741869527000375,-35.61,79.59457397460938,0.0
-0.44833,38.741869527000375,-35.94,78.41079711914062,-222.2220490839242
-0.44833,38.66516359438319,-35.94,78.41079711914062,0.0
-0.4376300000000001,38.24875124086756,-37.422,77.19406127929688,-244.22638294744556
-0.4376300000000001,38.24875124086756,-37.422,77.19406127929688,0.0
-0.43977,38.221361714500375,-37.722,75.97457885742188,-244.87598832849963
-0.43977,38.221361714500375,-37.722,75.97457885742188,0.0
-0.43228,37.96933229555506,-38.712,74.70634460449219,-236.52261337749704
-0.43228,37.96933229555506,-38.712,74.70634460449219,0.0
-0.44084,37.62414796938319,-39.756,73.49441528320312,-251.0209861826836
-0.44084,37.62414796938319,-39.756,73.49441528320312,0.0
-0.43228,37.38855226625819,-39.732000000000006,72.15751647949219,-264.36598847392054
-0.43228,37.38855226625819,-39.732000000000006,72.15751647949219,0.0
-0.42479,37.03789003481288,-39.756,70.92361450195312,-245.50377587322933
-0.42479,37.03789003481288,-39.756,70.92361450195312,0.0
-0.41409,36.12289674868006,-39.918,69.62722778320312,-248.8266254799343
-0.41409,36.12289674868006,-39.918,69.62722778320312,0.0
-0.42907,36.12289674868006,-40.308,68.32534790039062,-225.04405925874096
-0.42907,36.259874898094125,-40.308,68.32534790039062,0.0
-0.42907,36.75299318422694,-39.618,67.08045959472656,-261.7511155727399
-0.42907,36.75299318422694,-39.618,67.08045959472656,0.0
-0.40018,35.092852193016,-40.716,65.78132629394531,-241.42971581142615
-0.40018,35.092852193016,-40.716,65.78132629394531,0.0
-0.40767,35.14764650453944,-39.702,64.49729919433594,-255.375318140502
-0.40767,35.14764650453944,-39.702,64.49729919433594,0.0
-0.40018,35.153124409812875,-40.362,63.17481994628906,-245.3124184837936
-0.40018,35.153124409812875,-40.362,63.17481994628906,0.0
-0.40767,34.92300661196131,-40.662,61.90040588378906,-241.2749077053635
-0.40767,34.92300661196131,-40.662,61.90040588378906,0.0
-0.40767,33.77789552797694,-40.608,60.62873840332032,-235.9308869144913
-0.40767,33.77789552797694,-40.608,60.62873840332032,0.0
-0.38948,33.68475587953944,-40.446,59.315185546875,-250.91745108797957
-0.38948,33.68475587953944,-40.446,59.315185546875,0.0
-0.3852,33.64639528383631,-39.84,58.000259399414055,-256.52090274321
-0.3852,33.64639528383631,-39.84,58.000259399414055,0.0
-0.39055,32.588945943016,-40.086000000000006,56.72309875488281,-252.8530280203553
-0.39055,32.588945943016,-40.086000000000006,56.72309875488281,0.0
-0.37236,32.588945943016,-40.11,55.39649963378906,-257.3422155373538
-0.37236,32.29855592836756,-40.11,55.39649963378906,0.0
-0.3745,32.01913698305506,-40.032,54.08294677734375,-260.9880501577859
-0.3745,32.01913698305506,-40.032,54.08294677734375,0.0
-0.37557,31.71231325258631,-40.146,52.81951904296875,-232.2050605355469
-0.37557,31.71231325258631,-40.146,52.81951904296875,0.0
-0.35096,29.95903261293787,-40.056,51.46408081054688,-269.0429202902224
-0.35096,29.95903261293787,-40.056,51.46408081054688,0.0
-0.36166,30.38090761293787,-40.17,50.21095275878906,-239.8790298158916
-0.36166,30.38090761293787,-40.17,50.21095275878906,0.0
-0.36701,30.22201784243006,-40.716,48.90083312988281,-257.74535292241995
-0.36701,30.22201784243006,-40.716,48.90083312988281,0.0
-0.34882,29.334429341453497,-40.224,47.610626220703125,-242.6569323265316
-0.34882,29.334429341453497,-40.224,47.610626220703125,0.0
-0.34775,28.276980000633184,-41.022,46.29981994628906,-260.5458704856737
-0.34775,28.276980000633184,-41.022,46.29981994628906,0.0
-0.33705,28.276980000633184,-40.638,45.00411987304688,-250.13514927441463
-0.33705,28.02493532289881,-40.638,45.00411987304688,0.0
-0.33598,27.86056764711756,-40.908,43.68919372558594,-246.33311117656257
-0.33598,27.86056764711756,-40.908,43.68919372558594,0.0
-0.3317,27.86056764711756,-40.254,42.43812561035156,-254.8000234695664
-0.3317,26.616839009422247,-40.254,42.43812561035156,0.0
-0.31565,26.118242818016,-40.248000000000005,41.07925415039063,-268.87049069301776
-0.31565,26.118242818016,-40.248000000000005,41.07925415039063,0.0
-0.31458,26.118242818016,-40.5,39.814453125,-239.6364201192964
-0.31458,25.488161641258184,-40.5,39.814453125,0.0
-0.31886,25.00053651918787,-40.2,38.53729248046875,-253.1537451993229
-0.31886,25.00053651918787,-40.2,38.53729248046875,0.0
-0.2953199999999999,23.882814961570684,-40.8,37.21481323242188,-248.72658417257733
-0.2953199999999999,23.882814961570684,-40.8,37.21481323242188,0.0
-0.29104,23.734881001609747,-40.13999999999999,35.93147277832031,-250.31021144941576
-0.29104,23.734881001609747,-40.13999999999999,35.93147277832031,0.0
-0.29853,23.734881001609747,-41.214000000000006,34.624786376953125,-257.7290732481513
-0.29853,22.85824831118006,-41.214000000000006,34.624786376953125,0.0
-0.27927,21.78984315981287,-41.268,33.31878662109375,-258.30691373784174
-0.27927,21.78984315981287,-41.268,33.31878662109375,0.0
-0.27606,21.280291157859747,-40.524,32.02033996582031,-259.793248354003
-0.27606,21.280291157859747,-40.524,32.02033996582031,0.0
-0.27285,20.82553346743006,-40.884,30.66146850585938,-266.9164132706514
-0.27285,20.82553346743006,-40.884,30.66146850585938,0.0
-0.25894,19.981768208641,-39.84,29.337615966796875,-263.4532416043007
-0.25894,19.981768208641,-39.84,29.337615966796875,0.0
-0.25573,19.981768208641,-40.8,28.06732177734375,-242.9789956871708
-0.25573,18.74351747621912,-40.8,28.06732177734375,0.0
-0.24824,18.20109804262537,-41.022,26.712570190429688,-253.36667045332945
-0.24824,18.20109804262537,-41.022,26.712570190429688,0.0
-0.24182,17.73538454164881,-41.292,25.432662963867188,-224.66337134684653
-0.24182,17.73538454164881,-41.292,25.432662963867188,0.0
-0.23005,16.957354146140997,-40.608,24.11705017089844,-259.54089425311446
-0.23005,16.957354146140997,-40.608,24.11705017089844,0.0
-0.23219,15.368456441062872,-40.692,22.847442626953125,-251.80633557047295
-0.23219,15.368456441062872,-40.692,22.847442626953125,0.0
-0.21935,15.039705830711313,-40.908,21.565475463867188,-252.9532681700044
-0.21935,15.039705830711313,-40.908,21.565475463867188,0.0
-0.21828,14.530169087547248,-40.992,20.29037475585937,-223.54500491014795
-0.21828,14.530169087547248,-40.992,20.29037475585937,0.0
-0.20437,13.527514058250372,-40.638,18.936996459960938,-263.45693904947655
-0.20437,13.527514058250372,-40.638,18.936996459960938,0.0
-0.2033,12.32760866274256,-40.392,17.614517211914062,-261.1530900564231
-0.2033,12.32760866274256,-40.392,17.614517211914062,0.0
-0.18404,11.626299458640998,-40.53,16.341476440429688,-248.54368830229544
-0.18404,11.626299458640998,-40.53,16.341476440429688,0.0
-0.18725,11.138659077781623,-40.884,15.019683837890623,-270.8591398645626
-0.18725,11.138659077781623,-40.884,15.019683837890623,0.0
-0.18083,10.097658711570686,-40.356,13.739776611328123,-264.22527385691416
-0.18083,10.097658711570686,-40.356,13.739776611328123,0.0
-0.15729,8.919664937156623,-40.584,12.380905151367188,-259.6238937639554
-0.15729,8.919664937156623,-40.584,12.380905151367188,0.0
-0.15943,7.938921528953498,-40.392,11.061172485351562,-242.1083592029794
-0.15943,7.938921528953498,-40.392,11.061172485351562,0.0
-0.15515,7.577318745750373,-40.818000000000005,9.77783203125,-261.00070248156123
-0.15515,7.577318745750373,-40.818000000000005,9.77783203125,0.0
-0.14552,6.443163472312873,-41.16,8.498611450195312,-243.89334243201003
-0.14552,6.443163472312873,-41.16,8.498611450195312,0.0
-0.13375,5.725405293601935,-40.584,7.1390533447265625,-269.1128474800028
-0.13375,5.725405293601935,-40.584,7.1390533447265625,0.0
-0.12947,4.60769899477381,-41.16,5.8344268798828125,-247.1819751501958
-0.12947,4.60769899477381,-41.16,5.8344268798828125,0.0
-0.11877,3.796801167625373,-41.106,4.574432373046875,-235.95402749750832
-0.11877,3.796801167625373,-41.106,4.574432373046875,0.0
-0.10914,2.85989626039881,-40.776,3.2306671142578125,-267.3095800253844
-0.10914,2.85989626039881,-40.776,3.2306671142578125,0.0
-0.10165,2.1804986773909976,-40.968,1.8923950195312496,-267.6008987655577
-0.10165,2.1804986773909976,-40.968,1.8923950195312496,0.0
-0.10486,1.1778436480941228,-40.692,0.5912017822265625,-263.66630948443884
-0.10486,1.1778436480941228,-40.692,0.5912017822265625,0.0
-0.08988,0.1861444293441227,-41.712,-0.67291259765625,-250.61744248245844
-0.08988,0.1861444293441227,-41.712,-0.67291259765625,0.0
-0.08774,-0.5590032757340022,-40.554,-1.9830322265625,-259.89280478211367
-0.08774,-0.5590032757340022,-40.554,-1.9830322265625,0.0
-0.08239,-1.1836065472183772,-41.16,-3.275299072265625,-256.1480368092074
-0.08239,-1.1836065472183772,-41.16,-3.275299072265625,0.0
-0.06527,-2.410901469093377,-40.254,-4.606704711914063,-261.5214377624026
-0.06527,-2.410901469093377,-40.254,-4.606704711914063,0.0
-0.06848,-3.79708616147619,-40.638,-5.903778076171875,-256.69371942546
-0.06848,-3.79708616147619,-40.638,-5.903778076171875,0.0
-0.0642,-4.312116068702752,-41.1,-7.175445556640625,-265.20698237087987
-0.0642,-4.312116068702752,-41.1,-7.175445556640625,0.0
-0.04922,-4.607983988624627,-41.46,-8.449172973632812,-264.25880020572373
-0.04922,-4.607983988624627,-41.46,-8.449172973632812,0.0
-0.03959,-5.621594828468377,-40.968,-9.762725830078123,-232.07647640381077
-0.03959,-5.621594828468377,-40.968,-9.762725830078123,0.0
-0.04815,-7.161191386085565,-39.702,-11.036453247070312,-258.46741416239706
-0.04815,-7.161191386085565,-39.702,-11.036453247070312,0.0
-0.02354,-7.911816996437127,-40.584,-12.34039306640625,-246.02638100685928
-0.02354,-7.911816996437127,-40.584,-12.34039306640625,0.0
-0.02247,-8.125501078468377,-40.854,-13.583221435546877,-246.54401292223605
-0.02247,-8.125501078468377,-40.854,-13.583221435546877,0.0
-0.01926,-9.084332865577752,-40.722,-14.923553466796877,-264.5218139429565
-0.01926,-9.084332865577752,-40.722,-14.923553466796877,0.0
-0.00214,-10.651318949562128,-40.638,-16.2103271484375,-253.65142551544733
-0.00214,-10.651318949562128,-40.638,-16.2103271484375,0.0
-0.0,-11.270444315773064,-40.554,-17.5067138671875,-255.69757766254736
-0.0,-11.270444315773064,-40.554,-17.5067138671875,0.0
-0.0,-11.270444315773064,-40.884,-18.771514892578125,-225.09361548139637
-0.0,-11.719724100929314,-40.884,-18.771514892578125,0.0
0.00535,-12.634717387062128,-40.66799999999999,-20.05210876464844,-252.48301894103372
0.00535,-12.634717387062128,-40.66799999999999,-20.05210876464844,0.0
0.01391,-13.823666972023064,-40.77,-21.371841430664062,-273.010481178505
0.01391,-13.823666972023064,-40.77,-21.371841430664062,0.0
0.02033,-14.486615580421502,-41.046,-22.670974731445312,-257.86687192963694
0.02033,-14.486615580421502,-41.046,-22.670974731445312,0.0
0.02568,-15.050961893898064,-40.692,-23.86436462402344,-229.94024905139568
0.02568,-15.050961893898064,-40.692,-23.86436462402344,0.0
0.02568,-15.96047727475744,-41.46,-25.1971435546875,-257.34290995645966
0.02568,-15.96047727475744,-41.46,-25.1971435546875,0.0
0.04173,-17.00147764096838,-40.86,-26.538848876953125,-266.6876013247807
0.04173,-17.00147764096838,-40.86,-26.538848876953125,0.0
0.04601,-17.724713724952753,-40.188,-27.765884399414062,-240.9731976554405
0.04601,-17.724713724952753,-40.188,-27.765884399414062,0.0
0.04815,-18.573956889015253,-40.83,-29.095230102539062,-247.2281389481672
0.04815,-18.573956889015253,-40.83,-29.095230102539062,0.0
0.0535,-19.26431028256994,-40.746,-30.350418090820312,-254.3440705735411
0.0535,-19.26431028256994,-40.746,-30.350418090820312,0.0
0.06527,-19.54372922788244,-41.268,-31.68525695800781,-263.17801009225445
0.06527,-19.54372922788244,-41.268,-31.68525695800781,0.0
0.07062,-20.61762754331213,-40.938,-32.99812316894531,-270.3595986277781
0.07062,-20.61762754331213,-40.938,-32.99812316894531,0.0
0.06634,-21.899701517921503,-40.716,-34.2498779296875,-251.05390307693355
0.06634,-21.899701517921503,-40.716,-34.2498779296875,0.0
0.08453,-21.899701517921503,-41.46,-35.50300598144531,-257.21019124755776
0.08453,-22.513348978859003,-41.46,-35.50300598144531,0.0
0.08453,-22.277753275734003,-41.208,-36.81861877441406,-260.3111976593354
0.08453,-22.277753275734003,-41.208,-36.81861877441406,0.0
0.0856,-23.33520261655432,-40.968,-38.16169738769531,-264.90702431601886
0.0856,-23.33520261655432,-40.968,-38.16169738769531,0.0
0.09737,-25.01177732358557,-40.386,-39.43061828613281,-253.0251043743661
0.09737,-25.01177732358557,-40.386,-39.43061828613281,0.0
0.09844,-25.510373514991816,-41.190000000000005,-40.678253173828125,-245.11490917380155
0.09844,-25.510373514991816,-41.190000000000005,-40.678253173828125,0.0
0.09951,-24.946027201515253,-40.854,-41.95472717285156,-238.3704946821788
0.09951,-24.946027201515253,-40.854,-41.95472717285156,0.0
0.11984,-26.00347654233557,-40.43399999999999,-43.251800537109375,-248.1487209218176
0.11984,-26.00347654233557,-40.43399999999999,-43.251800537109375,0.0
0.11877,-27.92660276303869,-40.746,-44.57427978515625,-273.9753983938684
0.11877,-27.92660276303869,-40.746,-44.57427978515625,0.0
0.1177,-27.608823222023062,-41.214000000000006,-45.84320068359375,-251.8199838139295
0.1177,-27.608823222023062,-41.214000000000006,-45.84320068359375,0.0
0.12733,-27.608823222023062,-40.908,-47.1038818359375,-226.9453019520258
0.12733,-27.53759519467932,-40.908,-47.1038818359375,0.0
0.13482,-28.66627256284338,-41.46,-48.46824645996094,-270.2782535706762
0.13482,-28.66627256284338,-41.46,-48.46824645996094,0.0
0.13589,-28.66627256284338,-41.532,-49.77218627929688,-235.02880665763251
0.13589,-30.496259135109003,-41.532,-49.77218627929688,0.0
0.14231,-30.140118998390253,-40.662,-51.07612609863281,-252.89755999535652
0.14231,-30.140118998390253,-40.662,-51.07612609863281,0.0
0.14231,-30.140118998390253,-40.746,-52.29835510253906,-228.45401942173044
0.14231,-29.86617795835119,-40.746,-52.29835510253906,0.0
0.1476599999999999,-30.945538920265253,-40.854,-53.63594055175781,-265.974438103109
0.1476599999999999,-30.945538920265253,-40.854,-53.63594055175781,0.0
0.1605,-30.945538920265253,-40.368,-54.97283935546875,-251.86488389432603
0.1605,-32.3865179241715,-40.368,-54.97283935546875,0.0
0.16264,-31.85505430112463,-40.416,-56.2664794921875,-255.86236881323748
0.16264,-31.85505430112463,-40.416,-56.2664794921875,0.0
0.16157,-31.85505430112463,-40.47,-57.54981994628906,-227.5022964194677
0.16157,-32.36459104428869,-40.47,-57.54981994628906,0.0
0.16906,-33.45492307553869,-41.106,-58.81393432617188,-256.3606529878407
0.16906,-33.45492307553869,-41.106,-58.81393432617188,0.0
0.17227,-33.73434202085119,-40.776,-60.192718505859375,-277.53304744122875
0.17227,-33.73434202085119,-40.776,-60.192718505859375,0.0
0.18297,-33.811047953468375,-40.692,-61.52824401855469,-269.9667500899421
0.18297,-33.811047953468375,-40.692,-61.52824401855469,0.0
0.17334,-34.2712835491715,-40.704,-62.75115966796875,-245.4175495511467
0.17334,-34.2712835491715,-40.704,-62.75115966796875,0.0
0.18297,-35.394483012062125,-40.66799999999999,-64.06471252441406,-258.52250668098543
0.18297,-35.394483012062125,-40.66799999999999,-64.06471252441406,0.0
0.1926,-34.747968119484,-41.208,-65.40367126464844,-271.86979497144296
0.1926,-34.747968119484,-41.208,-65.40367126464844,0.0
0.17869,-34.93972532163244,-40.992,-66.719970703125,-267.5949254881669
0.17869,-34.93972532163244,-40.992,-66.719970703125,0.0
0.18832,-36.46288816342931,-40.872,-68.00605773925781,-259.60578040641025
0.18832,-36.46288816342931,-40.872,-68.00605773925781,0.0
0.1926,-37.202557963234,-41.55,-69.29420471191406,-261.4465136301389
0.1926,-37.202557963234,-41.55,-69.29420471191406,0.0
0.19046,-35.252026957374625,-40.218,-70.55488586425781,-251.83402963310863
0.19046,-35.252026957374625,-40.218,-70.55488586425781,0.0
0.20009,-36.50124875913244,-40.362,-71.91375732421875,-271.4485537276264
0.20009,-36.50124875913244,-40.362,-71.91375732421875,0.0
0.2033,-38.79694883237463,-39.816,-73.17100524902344,-252.71315071442228
0.2033,-38.79694883237463,-39.816,-73.17100524902344,0.0
0.21293,-38.555859965187125,-39.834,-74.43580627441406,-254.18027037597017
0.21293,-38.555859965187125,-39.834,-74.43580627441406,0.0
0.20437,-37.071057719093375,-38.244,-75.63262939453125,-244.74910431828465
0.20437,-37.071057719093375,-38.244,-75.63262939453125,0.0
0.20972,-38.49560300717931,-37.674,-76.90498352050781,-238.26856291678536
0.20972,-38.49560300717931,-37.674,-76.90498352050781,0.0
0.23005,-38.49560300717931,-36.876,-78.08944702148438,-230.84457239853265
0.23005,-39.596875590187125,-36.876,-78.08944702148438,0.0
0.21828,-38.840772074562125,-35.118,-79.20661926269531,-227.94781497891995
0.21828,-38.840772074562125,-35.118,-79.20661926269531,0.0
0.20437,-38.890088480812125,-35.394000000000005,-80.32173156738281,-234.168900606388
0.20437,-38.890088480812125,-35.394000000000005,-80.32173156738281,0.0
0.21721,-38.35314695249181,-34.116,-81.38465881347656,-208.6216380950613
0.21721,-38.35314695249181,-34.116,-81.38465881347656,0.0
0.22363,-40.0351995647965,-33.03,-82.51419067382812,-227.5446938660993
0.22363,-40.0351995647965,-33.03,-82.51419067382812,0.0
0.22149,-39.859876078468375,-31.578,-83.54415893554688,-202.86946261941117
0.22149,-39.859876078468375,-31.578,-83.54415893554688,0.0
0.23326,-39.28457395444494,-30.666,-84.52125549316406,-169.37017812741408
0.23326,-39.28457395444494,-30.666,-84.52125549316406,0.0
0.21614,-38.818860453468375,-30.504,-85.48324584960938,-199.74882816563144
0.21614,-38.818860453468375,-30.504,-85.48324584960938,0.0
0.23433,-38.818860453468375,-30.012,-86.39167785644531,-169.5152093368505
0.23433,-38.92843381772619,-30.012,-86.39167785644531,0.0
0.23112,-40.06258909116369,-28.698,-87.31315612792969,-191.45611292014092
0.23112,-40.06258909116369,-28.698,-87.31315612792969,0.0
0.25466,-40.06258909116369,-27.018,-88.23463439941406,-187.21622744499683
0.25466,-39.69001523862463,-27.018,-88.23463439941406,0.0
0.23433,-40.23791257749181,-25.386,-89.0771484375,-170.72219616725104
0.23433,-40.23791257749181,-25.386,-89.0771484375,0.0
0.22791,-38.62708799253088,-25.068,-89.88601684570312,-162.48863161971082
0.22791,-38.62708799253088,-25.068,-89.88601684570312,0.0
0.23219,-39.53660337339025,-23.502,-90.64201354980467,-152.1426250960402
0.23219,-39.53660337339025,-23.502,-90.64201354980467,0.0
0.24396,-39.290051859718375,-22.872,-91.3959503173828,-152.92835042147502
0.24396,-39.290051859718375,-22.872,-91.3959503173828,0.0
0.23219,-38.65997068296056,-22.056,-92.11761474609376,-144.3040249372048
0.23219,-38.65997068296056,-22.056,-92.11761474609376,0.0
0.2600099999999999,-41.67341367612463,-21.774,-92.80906677246094,-143.30611945422197
0.2600099999999999,-41.67341367612463,-21.774,-92.80906677246094,0.0
0.24289,-38.78597776303869,-19.878,-93.49365234375,-138.83300979297977
0.24289,-38.78597776303869,-19.878,-93.49365234375,0.0
0.24289,-40.68171445737463,-19.056,-94.14390563964844,-130.6779131628902
0.24289,-40.68171445737463,-19.056,-94.14390563964844,0.0
0.23112,-39.12020627866369,-17.544,-94.70832824707033,-116.8576826960836
0.23112,-39.12020627866369,-17.544,-94.70832824707033,0.0
0.24396,-38.5723089397965,-16.86,-95.25833129882812,-110.06665034169804
0.24396,-38.5723089397965,-16.86,-95.25833129882812,0.0
0.24824,-40.38036863217931,-15.954,-95.78773498535156,-107.68992809667996
0.24824,-40.38036863217931,-15.954,-95.78773498535156,0.0
0.24075,-39.810559672218375,-14.934,-96.27799987792967,-98.52590284917387
0.24075,-39.810559672218375,-14.934,-96.27799987792967,0.0
0.23326,-38.52847043881994,-14.028,-96.734619140625,-85.89527138737398
0.23326,-38.52847043881994,-14.028,-96.734619140625,0.0
0.25252,-38.7585882366715,-13.212,-97.15896606445312,-85.05650908570195
0.25252,-38.7585882366715,-13.212,-97.15896606445312,0.0
0.24396,-38.7585882366715,-12.438,-97.58193969726562,-85.01982569092524
0.24396,-39.49825803647619,-12.438,-97.58193969726562,0.0
0.24075,-40.00231687436681,-11.232,-97.94517517089844,-72.34325306370542
0.24075,-40.00231687436681,-11.232,-97.94517517089844,0.0
0.24182,-38.96679441342931,-10.188,-98.27682495117188,-66.59634142041966
0.24182,-38.96679441342931,-10.188,-98.27682495117188,0.0
0.24824,-38.90652219663244,-8.729999999999999,-98.59748840332033,-63.86445969896394
0.24824,-38.90652219663244,-8.729999999999999,-98.59748840332033,0.0
0.2568,-39.40511838803869,-8.538,-98.8886260986328,-58.11131642965098
0.2568,-39.40511838803869,-8.538,-98.8886260986328,0.0
0.2600099999999999,-39.53112546811681,-6.564,-99.13581848144533,-48.97808258621892
0.2600099999999999,-39.53112546811681,-6.564,-99.13581848144533,0.0
0.25145,-39.4653753460465,-5.352,-99.34043884277344,-40.70426921183394
0.25145,-39.4653753460465,-5.352,-99.34043884277344,0.0
0.2461,-38.5723089397965,-4.308,-99.51278686523438,-35.28106908104026
0.2461,-38.5723089397965,-4.308,-99.51278686523438,0.0
0.2461,-38.714764994484,-3.486,-99.656982421875,-28.74712054236188
0.2461,-38.714764994484,-3.486,-99.656982421875,0.0
0.25038,-38.39697019467931,-3.156,-99.7503662109375,-18.17866246107481
0.25038,-38.39697019467931,-3.156,-99.7503662109375,0.0
0.2461,-39.240735453468375,-1.728,-99.83139038085938,-16.146705843339802
0.2461,-39.240735453468375,-1.728,-99.83139038085938,0.0
0.24396,-39.240735453468375,-1.374,-99.88082885742188,-9.842420179670892
0.24396,-39.50921384702306,-1.374,-99.88082885742188,0.0
0.2461,-37.827161234718375,-1.014,-99.91928100585938,-7.621833188796819
0.2461,-37.827161234718375,-1.014,-99.91928100585938,0.0
0.2568,-38.27096311460119,-0.8220000000000001,-99.96047973632812,-7.913701588309809
0.2568,-38.27096311460119,-0.8220000000000001,-99.96047973632812,0.0
0.25252,-38.54490415464025,-0.3,-99.97352600097656,-2.5798427226489125
0.25252,-38.54490415464025,-0.3,-99.97352600097656,0.0
0.24717,-37.81072751889806,0.054,-99.97833251953124,-0.9122259545786175
0.24717,-37.81072751889806,0.054,-99.97833251953124,0.0
0.25252,-38.68736020932775,-0.1919999999999999,-99.97970581054688,-0.2579919247864232
0.25252,-38.68736020932775,-0.1919999999999999,-99.97970581054688,0.0
0.2461,-38.24355832944494,-0.0,-99.98382568359376,-0.8161396685593199
0.2461,-38.24355832944494,-0.0,-99.98382568359376,0.0
0.2461,-38.26000730405431,-0.1379999999999999,-99.986572265625,-0.5453896011186631
0.2461,-38.26000730405431,-0.1379999999999999,-99.986572265625,0.0
0.24503,-38.15041868100744,-0.084,-99.98451232910156,0.4242043911529911
0.24503,-38.15041868100744,-0.084,-99.98451232910156,0.0
0.23968,-38.11755124936681,0.108,-99.99069213867188,-1.2048761104129508
0.23968,-38.11755124936681,0.108,-99.99069213867188,0.0
0.23861,-38.11755124936681,-0.1919999999999999,-99.98863220214844,0.3959893355316912
0.23861,-38.27096311460119,-0.1919999999999999,-99.98863220214844,0.0
0.24075,-38.183301371437125,-0.1919999999999999,-99.9872589111328,0.26379005294639
0.24075,-38.183301371437125,-0.1919999999999999,-99.9872589111328,0.0
0.24182,-38.20521299253088,-0.246,-99.99069213867188,-0.6928814407820361
0.24182,-38.20521299253088,-0.246,-99.99069213867188,0.0
0.23968,-38.183301371437125,-0.1379999999999999,-99.99000549316406,0.1352196746382122
0.23968,-38.183301371437125,-0.1379999999999999,-99.99000549316406,0.0
0.23968,-38.20521299253088,-0.1919999999999999,-99.99137878417967,-0.2925007487990074
0.23968,-38.20521299253088,-0.1919999999999999,-99.99137878417967,0.0
0.23647,-38.194257181984,-0.3,-99.99343872070312,-0.4075047524138953
0.23647,-38.194257181984,-0.3,-99.99343872070312,0.0
0.23968,-38.183301371437125,-0.162,-99.99000549316406,0.6825502065733507
0.23968,-38.183301371437125,-0.162,-99.99000549316406,0.0
0.23647,-38.20521299253088,-0.054,-99.9968719482422,-1.34768500061688
0.23647,-38.20521299253088,-0.054,-99.9968719482422,0.0
0.2354,-38.20521299253088,-0.054,-99.99755859375,-0.1314909053616962
0.2354,-38.20521299253088,-0.054,-99.99755859375,0.0
0.23754,-38.20521299253088,0.1379999999999999,-99.99549865722656,0.3872789102157307
0.23754,-38.20521299253088,0.1379999999999999,-99.99549865722656,0.0
0.23861,-38.20521299253088,0.108,-99.9982452392578,-0.5451730907575111
0.23861,-38.20521299253088,0.108,-99.9982452392578,0.0
0.25466,-38.21616880307775,0.084,-99.99137878417967,1.409370910945522
0.25466,-38.21616880307775,0.084,-99.99137878417967,0.0
0.28569,-38.20521299253088,-0.03,-99.99481201171876,-0.6829575371170089
0.28569,-38.20521299253088,-0.03,-99.99481201171876,0.0
0.33063,-38.369580668312125,0.3,-99.99618530273438,-0.2705992148987874
0.33063,-38.369580668312125,0.3,-99.99618530273438,0.0
0.38306,-38.81338254819494,1.098,-99.97764587402344,3.6437556428724727
0.38306,-38.81338254819494,1.098,-99.97764587402344,0.0
0.42693,-39.73385373960119,2.25,-99.92958068847656,9.557603011905195
0.42693,-39.73385373960119,2.25,-99.92958068847656,0.0
0.41516,-40.413251322609,4.968,-99.8004913330078,25.618050301383764
0.41516,-40.413251322609,4.968,-99.8004913330078,0.0
0.40446,-39.596875590187125,6.234,-99.62059020996094,34.83080794713018
0.40446,-39.596875590187125,6.234,-99.62059020996094,0.0
0.42158,-39.596875590187125,6.701999999999999,-99.38919067382812,44.71488620922823
0.42158,-39.08184568296056,6.701999999999999,-99.38919067382812,0.0
0.428,-38.714764994484,7.608000000000001,-99.1461181640625,48.06654335882711
0.428,-38.714764994484,7.608000000000001,-99.1461181640625,0.0
0.42479,-39.05993406186681,8.43,-98.88999938964844,50.68647821378045
0.42479,-39.05993406186681,8.43,-98.88999938964844,0.0
0.42693,-39.48730222592931,9.528,-98.58306884765624,61.15372424633826
0.42693,-39.48730222592931,9.528,-98.58306884765624,0.0
0.42158,-39.48730222592931,11.094,-98.24729919433594,66.79324712958211
0.42158,-38.84624997983556,11.094,-98.24729919433594,0.0
0.42051,-38.88461057553869,11.808,-97.88475036621094,74.6907350895908
0.42051,-38.88461057553869,11.808,-97.88475036621094,0.0
0.4376300000000001,-39.09829465756994,12.138,-97.52700805664062,67.6005875983565
0.4376300000000001,-39.09829465756994,12.138,-97.52700805664062,0.0
0.45261,-39.49278013120275,12.743999999999998,-97.15003967285156,74.63242601246013
0.45261,-39.49278013120275,12.743999999999998,-97.15003967285156,0.0
0.4494,-40.13381711850744,14.274,-96.71470642089844,86.70249989109496
0.4494,-40.13381711850744,14.274,-96.71470642089844,0.0
0.41195,-39.85438291440588,15.438,-96.24984741210938,89.60273877975014
0.41195,-39.85438291440588,15.438,-96.24984741210938,0.0
0.42693,-39.29552976499181,16.884,-95.73348999023438,101.92606037802337
0.42693,-39.29552976499181,16.884,-95.73348999023438,0.0
0.43014,-39.125684183937125,17.105999999999998,-95.20271301269533,108.60998108014184
0.43014,-39.125684183937125,17.105999999999998,-95.20271301269533,0.0
0.43121,-39.52016965756994,18.15,-94.64584350585938,104.28267918282516
0.43121,-39.52016965756994,18.15,-94.64584350585938,0.0
0.44405,-39.55853025327306,18.894,-94.04708862304688,119.17891775729342
0.44405,-39.55853025327306,18.894,-94.04708862304688,0.0
0.44512,-39.62975828061681,19.854000000000003,-93.39202880859376,129.22860809888647
0.44512,-39.62975828061681,19.854000000000003,-93.39202880859376,0.0
0.42907,-39.59139768491369,21.474,-92.7239227294922,132.82427019898643
0.42907,-39.59139768491369,21.474,-92.7239227294922,0.0
0.44084,-39.59139768491369,21.804,-92.02835083007812,137.0045104223118
0.44084,-39.76672117124181,21.804,-92.02835083007812,0.0
0.45582,-40.18313352475744,23.418,-91.30874633789062,144.2093170716611
0.45582,-40.18313352475744,23.418,-91.30874633789062,0.0
0.43656,-39.69001523862463,23.802,-90.56785583496094,150.12978782759893
0.43656,-39.69001523862463,23.802,-90.56785583496094,0.0
0.4601,-39.7996038616715,24.522,-89.77684020996094,156.41993771008146
0.4601,-39.7996038616715,24.522,-89.77684020996094,0.0
0.44298,-39.73933164487463,27.708,-88.98651123046875,155.97572123400096
0.44298,-39.73933164487463,27.708,-88.98651123046875,0.0
0.44405,-39.96944944272619,26.58,-88.10279846191406,176.42498873118075
0.44405,-39.96944944272619,26.58,-88.10279846191406,0.0
0.43977,-38.75311033139806,28.584000000000003,-87.1710205078125,186.31832715488028
0.43977,-38.75311033139806,28.584000000000003,-87.1710205078125,0.0
0.46331,-39.892743510109,28.968,-86.22756958007812,175.78739104423917
0.46331,-39.892743510109,28.968,-86.22756958007812,0.0
0.44726,-39.925610941749625,30.696,-85.32600402832031,181.1827877327084
0.44726,-39.925610941749625,30.696,-85.32600402832031,0.0
0.47401,-40.73103086362463,31.578,-84.37088012695312,178.3278381940554
0.47401,-40.73103086362463,31.578,-84.37088012695312,0.0
0.4494,-39.20786802182775,32.867999999999995,-83.37730407714844,205.7093270817867
0.4494,-39.20786802182775,32.867999999999995,-83.37730407714844,0.0
0.45047,-39.67358152280431,33.52799999999999,-82.26081848144531,206.909858358445
0.45047,-39.67358152280431,33.52799999999999,-82.26081848144531,0.0
0.4494,-39.19691221128088,33.858,-81.16218566894531,209.0642840150112
0.4494,-39.19691221128088,33.858,-81.16218566894531,0.0
0.46117,-39.19691221128088,34.764,-80.08621215820312,223.37004582552967
0.46117,-39.35580198178869,34.764,-80.08621215820312,0.0
0.46117,-39.72837583432775,36.132,-78.97178649902344,219.1594216675404
0.46117,-39.72837583432775,36.132,-78.97178649902344,0.0
0.45582,-39.92013303647619,37.29,-77.85736083984375,217.36408409973225
0.45582,-39.92013303647619,37.29,-77.85736083984375,0.0
0.45475,-38.78049985776525,39.456,-76.60560607910156,245.68297561160617
0.45475,-38.78049985776525,39.456,-76.60560607910156,0.0
0.44084,-38.32574216733556,38.98800000000001,-75.32638549804688,254.0152067223316
0.44084,-38.32574216733556,38.98800000000001,-75.32638549804688,0.0
0.44405,-39.03802244077306,39.048,-74.10484313964844,241.84168647787496
0.44405,-39.03802244077306,39.048,-74.10484313964844,0.0
0.43335,-37.52581540952306,41.106,-72.89497375488281,247.56893488126136
0.43335,-37.52581540952306,41.106,-72.89497375488281,0.0
0.42907,-37.67922727475744,41.214000000000006,-71.58760070800781,257.5089712182392
0.42907,-37.67922727475744,41.214000000000006,-71.58760070800781,0.0
0.43656,-37.60252134214025,39.94799999999999,-70.26786804199219,227.2658284853865
0.43656,-37.60252134214025,39.94799999999999,-70.26786804199219,0.0
0.41944,-36.27113096128088,40.968,-68.96942138671875,258.03788856785707
0.41944,-36.27113096128088,40.968,-68.96942138671875,0.0
0.41409,-36.34234372983556,40.854,-67.72178649902344,228.17024281185164
0.41409,-36.34234372983556,40.854,-67.72178649902344,0.0
0.42372,-36.41904966245275,40.638,-66.44805908203125,256.38635607743123
0.42372,-36.41904966245275,40.638,-66.44805908203125,0.0
0.41944,-36.868329447609,40.386,-65.13725280761719,251.8843724854515
0.41944,-36.868329447609,40.386,-65.13725280761719,0.0
0.39269,-35.18627683530431,40.386,-63.76739501953125,287.3626574545056
0.39269,-35.18627683530431,40.386,-63.76739501953125,0.0
0.40339,-33.86584226499181,41.184000000000005,-62.52525329589844,198.64732506518845
0.40339,-33.86584226499181,41.184000000000005,-62.52525329589844,0.0
0.4066,-35.169843119484,40.992,-61.23779296875,254.7912778842851
0.4066,-35.169843119484,40.992,-61.23779296875,0.0
0.38948,-35.83828489194494,40.212,-59.95307922363281,246.49150904012552
0.38948,-35.83828489194494,40.212,-59.95307922363281,0.0
0.38841,-33.06591550717931,41.298,-58.60382080078125,254.4330422123539
0.38841,-33.06591550717931,41.298,-58.60382080078125,0.0
0.3841299999999999,-32.73716489682775,40.884,-57.36717224121093,250.8923837632929
0.3841299999999999,-32.73716489682775,40.884,-57.36717224121093,0.0
0.37985,-33.482312601905875,41.13,-56.0687255859375,262.6839278321164
0.37985,-33.482312601905875,41.13,-56.0687255859375,0.0
0.38627,-33.197400492530875,40.86,-54.795684814453125,258.0662419387936
0.38627,-33.197400492530875,40.86,-54.795684814453125,0.0
0.37236,-31.92080442319494,40.986,-53.4979248046875,259.65586429881847
0.37236,-31.92080442319494,40.986,-53.4979248046875,0.0
0.3531,-30.55105344663244,41.076,-52.13630676269531,273.91229973704293
0.3531,-30.55105344663244,41.076,-52.13630676269531,0.0
0.36808,-31.13729612241369,41.328,-50.91270446777344,251.30464056727035
0.36808,-31.13729612241369,41.328,-50.91270446777344,0.0
0.35524,-30.75376645932776,41.322,-49.61151123046875,260.0825979020876
0.35524,-30.75376645932776,41.322,-49.61151123046875,0.0
0.35524,-29.53194944272619,41.268,-48.24920654296875,270.40585301712457
0.35524,-29.53194944272619,41.268,-48.24920654296875,0.0
0.33063,-29.53194944272619,40.812,-46.92329406738281,255.17946027452905
0.33063,-29.142941874366816,40.812,-46.92329406738281,0.0
0.34454,-28.68270627866369,40.43399999999999,-45.63034057617188,262.0497550083667
0.34454,-28.68270627866369,40.43399999999999,-45.63034057617188,0.0
0.33384,-27.663617533546503,41.514,-44.36553955078125,234.87484222649948
0.33384,-27.663617533546503,41.514,-44.36553955078125,0.0
0.32742,-27.78962461362463,41.022,-43.05473327636719,265.0771030156444
0.32742,-27.78962461362463,41.022,-43.05473327636719,0.0
0.32314,-27.78962461362463,41.190000000000005,-41.69380187988281,256.0548253026509
0.32314,-26.956830424171503,41.190000000000005,-41.69380187988281,0.0
0.31993,-26.09113828549963,41.868,-40.4022216796875,258.7818473644811
0.31993,-26.09113828549963,41.868,-40.4022216796875,0.0
0.30923,-24.88575498471838,41.874,-39.162139892578125,238.98280730597963
0.30923,-24.88575498471838,41.874,-39.162139892578125,0.0
0.30174,-24.50222532163244,41.598,-37.86918640136719,248.93213153868928
0.30174,-24.50222532163244,41.598,-37.86918640136719,0.0
0.29318,-24.754269999366816,40.968,-36.541900634765625,249.72450923848936
0.29318,-24.754269999366816,40.968,-36.541900634765625,0.0
0.28141,-23.291379374366816,40.938,-35.20088195800781,282.3197214226163
0.28141,-23.291379374366816,40.938,-35.20088195800781,0.0
0.28034,-22.03120176206213,41.712,-33.93402099609375,234.9955410709237
0.28034,-22.03120176206213,41.712,-33.93402099609375,0.0
0.28355,-22.06406919370276,41.022,-32.699432373046875,245.25002444306497
0.28355,-22.06406919370276,41.022,-32.699432373046875,0.0
0.2675,-21.79560605893713,40.83,-31.337127685546875,266.1271122289229
0.2675,-21.79560605893713,40.83,-31.337127685546875,0.0
0.25787,-20.16834775815588,40.908,-30.02975463867188,261.370061350218
0.25787,-20.16834775815588,40.908,-30.02975463867188,0.0
0.26429,-19.24239866147619,41.1,-28.794479370117188,243.74018716542
0.26429,-19.24239866147619,41.1,-28.794479370117188,0.0
0.25145,-18.738324564796503,41.544,-27.520065307617188,253.31227638628093
0.25145,-18.738324564796503,41.544,-27.520065307617188,0.0
0.23754,-18.79859678159338,41.28600000000001,-26.208572387695312,259.65015242950614
0.23754,-18.79859678159338,41.28600000000001,-26.208572387695312,0.0
0.24075,-17.154889506202753,40.884,-24.86480712890625,281.1224390774052
0.24075,-17.154889506202753,40.884,-24.86480712890625,0.0
0.22791,-15.839932841163687,40.632,-23.55537414550781,261.5204680241301
0.22791,-15.839932841163687,40.632,-23.55537414550781,0.0
0.22149,-15.609815043312128,41.298,-22.25692749023437,257.6283046176922
0.22149,-15.609815043312128,41.298,-22.25692749023437,0.0
0.20437,-15.226285380226187,41.46,-20.961227416992188,242.59503337237427
0.20437,-15.226285380226187,41.46,-20.961227416992188,0.0
0.214,-13.971600931984002,40.968,-19.587936401367188,275.5952268962905
0.214,-13.971600931984002,40.968,-19.587936401367188,0.0
0.18939,-12.88674680600744,40.716,-18.298416137695312,252.7479936635958
0.18939,-12.88674680600744,40.716,-18.298416137695312,0.0
0.18618,-12.234754008155877,41.736,-17.063140869140625,244.4153677392933
0.18618,-12.234754008155877,41.736,-17.063140869140625,0.0
0.18725,-11.434811991554314,41.208,-15.77293395996094,240.57559373126097
0.18725,-11.434811991554314,41.208,-15.77293395996094,0.0
0.16906,-10.81020872006994,40.854,-14.435348510742186,257.5747061850863
0.16906,-10.81020872006994,40.854,-14.435348510742186,0.0
0.15729,-9.292523783546502,40.254,-13.149261474609377,240.39010021174155
0.15729,-9.292523783546502,40.254,-13.149261474609377,0.0
0.16371,-8.941876810890252,41.022,-11.8377685546875,260.165229105785
0.16371,-8.941876810890252,41.022,-11.8377685546875,0.0
0.15301,-7.665265482765252,41.39999999999999,-10.54962158203125,245.17452848421476
0.15301,-7.665265482765252,41.39999999999999,-10.54962158203125,0.0
0.14659,-7.352963847023065,40.638,-9.264907836914062,242.12471638104495
0.14659,-7.352963847023065,40.638,-9.264907836914062,0.0
0.12947,-6.388654154640252,40.638,-7.908096313476562,246.42417788562736
0.12947,-6.388654154640252,40.638,-7.908096313476562,0.0
0.12412,-5.396954935890252,41.406000000000006,-6.6336822509765625,250.27770276916465
0.12412,-5.396954935890252,41.406000000000006,-6.6336822509765625,0.0
0.1177,-3.977902811866815,41.268,-5.35308837890625,254.5912270515002
0.1177,-3.977902811866815,41.268,-5.35308837890625,0.0
0.11877,-3.6765569866715024,41.214000000000006,-4.0821075439453125,247.80285337527351
0.11877,-3.6765569866715024,41.214000000000006,-4.0821075439453125,0.0
0.107,-2.931409281593377,40.902,-2.698516845703125,267.826306279805
0.107,-2.931409281593377,40.902,-2.698516845703125,0.0
0.0963,-1.7095922649918147,40.968,-1.4453887939453125,251.12786608376095
0.0963,-1.7095922649918147,40.968,-1.4453887939453125,0.0
0.08881,-0.6247533978043147,41.328,-0.14007568359375,256.54738804076186
0.08881,-0.6247533978043147,41.328,-0.14007568359375,0.0
0.08453,0.1587549029769352,40.386,1.1432647705078125,266.69585496701086
0.08453,0.1587549029769352,40.386,1.1432647705078125,0.0
0.06848,0.3888727008284978,40.584,2.4884033203125,207.61514891263133
0.06848,0.3888727008284978,40.584,2.4884033203125,0.0
0.06313,2.10379274477381,40.524,3.812942504882813,250.33815622195897
0.06313,2.10379274477381,40.524,3.812942504882813,0.0
0.06741,2.10379274477381,40.494,5.107955932617188,248.80181128438576
0.06741,2.95303590883631,40.494,5.107955932617188,0.0
0.04815,3.747500020164435,40.83,6.3700103759765625,246.7842087132641
0.04815,3.747500020164435,40.83,6.3700103759765625,0.0
0.03959,3.857073384422248,39.94799999999999,7.662277221679688,236.50564526061248
0.03959,3.857073384422248,39.94799999999999,7.662277221679688,0.0
0.0428,5.511736470359748,40.05,8.972396850585938,258.3552807939277
0.0428,5.511736470359748,40.05,8.972396850585938,0.0
0.03638,6.295229512351935,40.524,10.290756225585938,248.9819405097352
0.03638,6.295229512351935,40.524,10.290756225585938,0.0
0.01498,7.34720094789881,41.43,11.561737060546877,250.53830769962343
0.01498,7.34720094789881,41.43,11.561737060546877,0.0
0.01712,7.544436055320685,40.74,12.800445556640623,247.2965654009706
0.01712,7.544436055320685,40.74,12.800445556640623,0.0
0.00856,8.826525288719123,40.5,14.162063598632812,270.80708870193376
0.00856,8.826525288719123,40.5,14.162063598632812,0.0
-0.0,9.999025899070686,40.824,15.448150634765623,256.80651679949415
-0.0,9.999025899070686,40.824,15.448150634765623,0.0
-0.00107,10.377077656883186,40.776,16.753463745117188,258.1200534608205
-0.00107,10.377077656883186,40.776,16.753463745117188,0.0
-0.00107,11.57150514711756,40.422,18.05259704589844,257.7645438057509
-0.00107,11.57150514711756,40.422,18.05259704589844,0.0
-0.00749,12.097490864890998,40.164,19.331130981445312,250.5455488037461
-0.00749,12.097490864890998,40.164,19.331130981445312,0.0
-0.01819,13.286425191062872,40.386,20.68519592285156,268.8770733532708
-0.01819,13.286425191062872,40.386,20.68519592285156,0.0
-0.01819,13.686403828758186,40.440000000000005,21.952056884765625,262.1272422745216
-0.01819,13.686403828758186,40.440000000000005,21.952056884765625,0.0
-0.0321,15.012316304344123,41.05200000000001,23.218917846679688,231.3056348209382
-0.0321,15.012316304344123,41.05200000000001,23.218917846679688,0.0
-0.03852,15.286272603172248,40.992,24.559249877929688,271.872622971903
-0.03852,15.286272603172248,40.992,24.559249877929688,0.0
-0.04601,16.45329530825037,40.308,25.88104248046875,270.02913228555224
-0.04601,16.45329530825037,40.308,25.88104248046875,0.0
-0.05136,16.92448671450037,40.746,27.176742553710938,263.30015713132536
-0.05136,16.92448671450037,40.746,27.176742553710938,0.0
-0.04922,18.25039919008631,40.8,28.42369079589844,257.6871754880066
-0.04922,18.25039919008631,40.8,28.42369079589844,0.0
-0.05671,18.84213502993006,40.086000000000006,29.74960327148437,263.7057429564759
-0.05671,18.84213502993006,40.086000000000006,29.74960327148437,0.0
-0.0738299999999999,18.84213502993006,40.5,31.06040954589844,231.91901528891347
-0.0738299999999999,18.84213502993006,40.5,31.06040954589844,0.0
-0.07276,20.32147462953944,40.47,32.405548095703125,266.99852119987185
-0.07276,20.32147462953944,40.47,32.405548095703125,0.0
-0.0738299999999999,21.230974751609747,40.476,33.690948486328125,245.0248552468716
-0.0738299999999999,21.230974751609747,40.476,33.690948486328125,0.0
-0.08988,21.93229921450037,40.614,34.94476318359375,247.74050528836577
-0.08988,21.93229921450037,40.614,34.94476318359375,0.0
-0.08774,21.74052675356287,40.254,36.28303527832031,263.3875407847572
-0.08774,21.74052675356287,40.254,36.28303527832031,0.0
-0.09202,23.15411623110193,39.894,37.560882568359375,237.12141214303784
-0.09202,23.15411623110193,39.894,37.560882568359375,0.0
-0.10379,24.00883730043787,41.022,38.89228820800781,262.34593884708914
-0.10379,24.00883730043787,41.022,38.89228820800781,0.0
-0.10593,24.71014650453944,39.786,40.20240783691406,261.7621636177872
-0.10593,24.71014650453944,39.786,40.20240783691406,0.0
-0.10914,24.55125673403162,40.938,41.48780822753906,242.5741442960556
-0.10914,24.55125673403162,40.938,41.48780822753906,0.0
-0.1177,26.008669453758184,39.978,42.769775390625,253.1530732793489
-0.1177,26.008669453758184,39.978,42.769775390625,0.0
-0.12198,26.907229024070684,40.272,44.07440185546875,227.68350171794023
-0.12198,26.907229024070684,40.272,44.07440185546875,0.0
-0.1177,26.41411073793787,40.638,45.39756774902344,264.15769486012846
-0.1177,26.41411073793787,40.638,45.39756774902344,0.0
-0.13375,27.559221821922247,40.662,46.669921875,258.7663465480647
-0.13375,27.559221821922247,40.662,46.669921875,0.0
-0.13696,28.39750917543787,40.968,47.98759460449219,259.6911173614636
-0.13696,28.39750917543787,40.968,47.98759460449219,0.0
-0.14231,29.18649538149256,40.488,49.269561767578125,251.36611040906783
-0.14231,29.18649538149256,40.488,49.269561767578125,0.0
-0.14659,29.06595094789881,40.446,50.54054260253906,246.2663892580258
-0.14659,29.06595094789881,40.446,50.54054260253906,0.0
-0.13482,29.991900044578497,40.908,51.83967590332031,241.07131207695812
-0.13482,29.991900044578497,40.908,51.83967590332031,0.0
-0.1605,30.55075319399256,40.194,53.15116882324219,263.51073335799686
-0.1605,30.55075319399256,40.194,53.15116882324219,0.0
-0.15729,30.983599263328497,40.554,54.47433471679688,262.7936233475347
-0.15729,30.983599263328497,40.554,54.47433471679688,0.0
-0.15943,31.04387148012537,40.602,55.777587890625,259.14757880851374
-0.15943,31.04387148012537,40.602,55.777587890625,0.0
-0.17227,32.52319582094569,39.756,57.04307556152344,250.54200572124597
-0.17227,32.52319582094569,39.756,57.04307556152344,0.0
-0.17334,32.75879152407069,41.106,58.36555480957031,263.23233440429715
-0.17334,32.75879152407069,41.106,58.36555480957031,0.0
-0.17762,32.06296022524256,40.626000000000005,59.657135009765625,252.50834803409973
-0.17762,32.06296022524256,40.626000000000005,59.657135009765625,0.0
-0.17548,33.30670412172694,40.086000000000006,60.980987548828125,261.57924107154423
-0.17548,33.30670412172694,40.086000000000006,60.980987548828125,0.0
-0.1819,33.30670412172694,40.33200000000001,62.31101989746093,255.57885254285856
-0.1819,34.56686647524256,40.33200000000001,62.31101989746093,0.0
-0.1819,33.827196675437875,40.224,63.59367370605469,263.3786054609023
-0.1819,33.827196675437875,40.224,63.59367370605469,0.0
-0.18297,34.07924135317225,40.194,64.92301940917969,251.2940837667719
-0.18297,34.07924135317225,40.194,64.92301940917969,0.0
-0.18939,34.99423463930506,39.732000000000006,66.22764587402344,256.0601501163202
-0.18939,34.99423463930506,39.732000000000006,66.22764587402344,0.0
-0.1926,35.77772768129725,39.744,67.53227233886719,243.90100296188868
-0.1926,35.77772768129725,39.744,67.53227233886719,0.0
-0.19688,35.2353082477035,39.69,68.81492614746094,245.7191204201958
-0.19688,35.2353082477035,39.69,68.81492614746094,0.0
-0.19153,35.2353082477035,40.33200000000001,70.10581970214844,255.16773170325808
-0.19153,35.11476381410975,40.33200000000001,70.10581970214844,0.0
-0.20437,36.96667726625819,40.284,71.42829895019531,267.2215090013859
-0.20437,36.96667726625819,40.284,71.42829895019531,0.0
-0.20865,36.96667726625819,39.618,72.718505859375,241.4309336039426
-0.20865,36.91736086000819,39.618,72.718505859375,0.0
-0.21079,36.68724306215663,39.432,74.00802612304688,244.69075212009125
-0.21079,36.68724306215663,39.432,74.00802612304688,0.0
-0.21186,36.68724306215663,38.442,75.25154113769531,239.0455622162908
-0.21186,37.67346437563319,38.442,75.25154113769531,0.0
-0.2247,38.292589741844125,38.082,76.49917602539062,238.05283108104865
-0.2247,38.292589741844125,38.082,76.49917602539062,0.0
-0.22149,37.54196413149256,36.492,77.70423889160156,248.51781113856708
-0.22149,37.54196413149256,36.492,77.70423889160156,0.0
-0.22577,38.385729390281625,35.382,78.83651733398438,231.17158889004975
-0.22577,38.385729390281625,35.382,78.83651733398438,0.0
-0.23647,38.385729390281625,33.989999999999995,79.991455078125,229.06341613247025
-0.23647,38.385729390281625,33.989999999999995,79.991455078125,0.0
-0.23326,38.4953180133285,33.198,81.07498168945312,217.61932342406115
-0.23326,38.4953180133285,33.198,81.07498168945312,0.0
-0.23433,38.50079591860194,32.4,82.17361450195312,223.39016114258055
-0.23433,38.50079591860194,32.4,82.17361450195312,0.0
-0.23647,38.41311891664881,31.794,83.23379516601562,213.4878501936832
-0.23647,38.41311891664881,31.794,83.23379516601562,0.0
-0.23005,38.84048708071131,30.834,84.22050476074219,207.94722755039172
-0.23005,38.84048708071131,30.834,84.22050476074219,0.0
-0.23861,38.46243532289881,29.928,85.24635314941406,206.8242719097787
-0.23861,38.46243532289881,29.928,85.24635314941406,0.0
-0.22577,39.37195070375819,28.746,86.19735717773438,189.97283825836087
-0.22577,39.37195070375819,28.746,86.19735717773438,0.0
-0.22791,37.9254937945785,27.51,87.10235595703125,172.97377280140836
-0.22791,37.9254937945785,27.51,87.10235595703125,0.0
-0.23326,39.44317873110194,27.264000000000003,87.97645568847656,171.79633086580213
-0.23326,39.44317873110194,27.264000000000003,87.97645568847656,0.0
-0.23968,37.55291994203944,25.998,88.84986877441406,173.39946117475438
-0.23968,37.55291994203944,25.998,88.84986877441406,0.0
-0.24503,40.00750978578944,24.66,89.67864990234375,163.8555017655155
-0.24503,40.00750978578944,24.66,89.67864990234375,0.0
-0.23968,37.77755983461756,23.118,90.48751831054688,159.00696052757036
-0.23968,37.77755983461756,23.118,90.48751831054688,0.0
-0.2354,39.284288960594125,22.788,91.21330261230467,143.0680665794146
-0.2354,39.284288960594125,22.788,91.21330261230467,0.0
-0.2354,39.02676637758631,22.158,91.93084716796876,150.20819670599116
-0.2354,39.02676637758631,22.158,91.93084716796876,0.0
-0.23968,38.80761964907069,21.138,92.6264190673828,141.17554280773984
-0.23968,38.80761964907069,21.138,92.6264190673828,0.0
-0.24931,40.21571596254725,20.016,93.29177856445312,134.93398845476457
-0.24931,40.21571596254725,20.016,93.29177856445312,0.0
-0.2354,37.37759645571131,19.11,93.91868591308594,126.4946224037162
-0.2354,37.37759645571131,19.11,93.91868591308594,0.0
-0.24717,38.98842104067225,17.682000000000002,94.51263427734376,117.03416044493942
-0.24717,38.98842104067225,17.682000000000002,94.51263427734376,0.0
-0.25466,39.62945802797694,16.884,95.09559631347656,113.17453623238887
-0.25466,39.62945802797694,16.884,95.09559631347656,0.0
-0.25038,38.67064149965663,16.445999999999998,95.63255310058594,103.00341206769248
-0.25038,38.67064149965663,16.445999999999998,95.63255310058594,0.0
-0.25894,39.07608278383631,15.072,96.14479064941406,105.442064394455
-0.25894,39.07608278383631,15.072,96.14479064941406,0.0
-0.24396,38.999376851219125,13.974,96.61514282226562,98.235625073471
-0.24396,38.999376851219125,13.974,96.61514282226562,0.0
-0.2354,38.41311891664881,12.738,97.02781677246094,82.74993988276012
-0.2354,38.41311891664881,12.738,97.02781677246094,0.0
-0.24503,37.914537984031625,11.862,97.43637084960938,84.8679013602338
-0.24503,37.914537984031625,11.862,97.43637084960938,0.0
-0.25573,38.44052370180506,11.04,97.82020568847656,76.41545667272261
-0.25573,38.44052370180506,11.04,97.82020568847656,0.0
-0.26215,38.96103151430506,10.38,98.18000793457033,72.26395784160317
-0.26215,38.96103151430506,10.38,98.18000793457033,0.0
-0.25466,38.9665094195785,9.336,98.49861145019533,63.64432992915484
-0.25466,38.9665094195785,9.336,98.49861145019533,0.0
-0.24824,38.82953127016444,8.676,98.7664031982422,53.67643777253036
-0.24824,38.82953127016444,8.676,98.7664031982422,0.0
-0.25038,38.82953127016444,6.917999999999999,99.01771545410156,44.75730291351982
-0.25038,38.12274416078944,6.917999999999999,99.01771545410156,0.0
-0.25894,37.88165529360194,6.234,99.23744201660156,43.45857644380092
-0.25894,37.88165529360194,6.234,99.23744201660156,0.0
-0.26215,38.98842104067225,5.712,99.437255859375,38.942475691578544
-0.26215,38.98842104067225,5.712,99.437255859375,0.0
-0.26964,39.284288960594125,4.392,99.60411071777344,33.66045156314784
-0.26964,39.284288960594125,4.392,99.60411071777344,0.0
-0.26215,38.51722963442225,3.102,99.72770690917967,24.78864649144665
-0.26215,38.51722963442225,3.102,99.72770690917967,0.0
-0.27071,37.45978029360194,2.634,99.8114776611328,16.02041536682466
-0.27071,37.45978029360194,2.634,99.8114776611328,0.0
-0.26536,38.28711183657069,1.152,99.87945556640624,14.191629493411195
-0.26536,38.28711183657069,1.152,99.87945556640624,0.0
-0.27071,38.57202394594569,1.044,99.92340087890624,8.79609937950634
-0.27071,38.57202394594569,1.044,99.92340087890624,0.0
-0.25359,37.61319215883631,0.222,99.93988037109376,3.2932638264448157
-0.25359,37.61319215883631,0.222,99.93988037109376,0.0
-0.25573,37.700853902000375,0.246,99.95223999023438,2.4753893732452386
-0.25573,37.700853902000375,0.246,99.95223999023438,0.0
-0.25466,37.35568483461756,0.414,99.9639129638672,2.34302963324584
-0.25466,37.35568483461756,0.414,99.9639129638672,0.0
-0.26643,37.514574605125375,0.3839999999999999,99.98313903808594,3.661411963193925
-0.26643,37.514574605125375,0.3839999999999999,99.98313903808594,0.0
-0.26857,37.64605959047694,0.108,99.99069213867188,1.5200443924196916
-0.26857,37.64605959047694,0.108,99.99069213867188,0.0
-0.26857,37.82687624086756,0.1379999999999999,99.99755859375,1.3776996545193734
-0.26857,37.82687624086756,0.1379999999999999,99.99755859375,0.0
-0.26964,37.56935365785975,0.246,99.99549865722656,-0.4654171991496718
-0.26964,37.56935365785975,0.246,99.99549865722656,0.0
-0.26857,37.61319215883631,-0.054,100.00511169433594,1.9412433581117257
-0.26857,37.61319215883631,-0.054,100.00511169433594,0.0
-0.26857,37.48169191469569,-0.0239999999999999,100.00442504882812,-0.1369456537319754
-0.26857,37.48169191469569,-0.0239999999999999,100.00442504882812,0.0
-0.2675,37.60223634828944,-0.246,100.00442504882812,0.0
-0.26857,37.63510377993006,0.084,100.00442504882812,0.0
-0.27178,37.4543023883285,0.03,100.00373840332033,-0.1483676550989018
-0.27178,37.4543023883285,0.03,100.00373840332033,0.0
-0.26857,37.60771425356288,-0.1379999999999999,99.99755859375,-1.1548887255334828
-0.26857,37.60771425356288,-0.1379999999999999,99.99755859375,0.0
-0.27178,37.54196413149256,0.1379999999999999,100.00579833984376,1.7885274785683007
-0.27178,37.54196413149256,0.1379999999999999,100.00579833984376,0.0
-0.27178,37.61319215883631,-0.168,100.00167846679688,-0.8307870632969617
-0.27178,37.61319215883631,-0.168,100.00167846679688,0.0
-0.27071,37.49264772524256,-0.0,100.00167846679688,0.0
-0.27392,37.60223634828944,-0.162,100.00579833984376,0.7709343276363237
-0.27392,37.60223634828944,-0.162,100.00579833984376,0.0
-0.27499,37.596758443016,0.084,100.00236511230467,-0.694563532084327
-0.27499,37.596758443016,0.084,100.00236511230467,0.0
-0.27499,37.54196413149256,0.054,100.00167846679688,-0.138997066355993
-0.27499,37.54196413149256,0.054,100.00167846679688,0.0
-0.28569,37.514574605125375,-0.03,100.00442504882812,0.5406657541831209
-0.28569,37.514574605125375,-0.03,100.00442504882812,0.0
-0.30923,37.56387575258631,-0.1379999999999999,100.00099182128906,-0.6114385643923819
-0.30923,37.56387575258631,-0.1379999999999999,100.00099182128906,0.0
-0.34775,37.67346437563319,-0.1919999999999999,99.9968719482422,-0.8223299494734368
-0.34775,37.67346437563319,-0.1919999999999999,99.9968719482422,0.0
-0.39376,38.172045308250375,-0.99,99.9920654296875,-0.8658833642054279
-0.39376,38.172045308250375,-0.99,99.9920654296875,0.0
-0.42158,39.03225954164881,-2.034,99.94880676269533,-8.672547512469219
-0.42158,39.03225954164881,-2.034,99.94880676269533,0.0
-0.4376300000000001,39.03225954164881,-3.954,99.85061645507812,-18.7960006924259
-0.4376300000000001,39.31715639223475,-3.954,99.85061645507812,0.0
-0.42372,39.11444337953944,-5.466,99.6892547607422,-32.33053382809554
-0.42372,39.11444337953944,-5.466,99.6892547607422,0.0
-0.42158,38.3966852008285,-6.618,99.4818878173828,-42.10496311866001
-0.42158,38.3966852008285,-6.618,99.4818878173828,0.0
-0.42372,38.31997926821131,-7.302,99.25392150878906,-45.702948795881696
-0.42372,38.31997926821131,-7.302,99.25392150878906,0.0
-0.40339,38.41311891664881,-8.706,98.99162292480467,-49.52767824477433
-0.40339,38.41311891664881,-8.706,98.99162292480467,0.0
-0.41088,38.36929567446131,-9.06,98.7066650390625,-56.3491963104866
-0.41088,38.36929567446131,-9.06,98.7066650390625,0.0
-0.41302,37.985766011375375,-9.528,98.3935546875,-64.65214775189608
-0.41302,37.985766011375375,-9.528,98.3935546875,0.0
-0.41623,38.27615602602381,-10.488,98.07632446289062,-63.06763908728852
-0.41623,38.27615602602381,-10.488,98.07632446289062,0.0
-0.42479,38.96103151430506,-11.67,97.72750854492188,-69.05878399695764
-0.42479,38.96103151430506,-11.67,97.72750854492188,0.0
-0.42693,38.94458253969569,-12.852,97.34367370605467,-78.46174138743851
-0.42693,38.94458253969569,-12.852,97.34367370605467,0.0
-0.43442,39.010332661766,-13.782000000000002,96.91658020019533,-86.82527055484026
-0.43442,39.010332661766,-13.782000000000002,96.91658020019533,0.0
-0.41302,38.23779543032069,-15.269999999999998,96.4702606201172,-89.67642758243635
-0.41302,38.23779543032069,-15.269999999999998,96.4702606201172,0.0
-0.43228,38.856920796531625,-15.21,95.96900939941406,-101.36526202289365
-0.43228,38.856920796531625,-15.21,95.96900939941406,0.0
-0.44298,38.714464741844125,-16.416,95.45539855957033,-104.28646494288908
-0.44298,38.714464741844125,-16.416,95.45539855957033,0.0
-0.42586,38.950060444969125,-17.490000000000002,94.8724365234375,-117.41430737824705
-0.42586,38.950060444969125,-17.490000000000002,94.8724365234375,0.0
-0.43014,38.4953180133285,-18.540000000000003,94.3073272705078,-112.08037543224005
-0.43014,38.4953180133285,-18.540000000000003,94.3073272705078,0.0
-0.4387,39.21853883852381,-18.888,93.7298583984375,-115.771626317283
-0.4387,39.21853883852381,-18.888,93.7298583984375,0.0
-0.43335,39.28976686586756,-20.436,93.09196472167967,-130.1558205995214
-0.43335,39.28976686586756,-20.436,93.09196472167967,0.0
-0.44084,39.245928364891,-20.76,92.42591857910156,-134.33766490092668
-0.44084,39.245928364891,-20.76,92.42591857910156,0.0
-0.43549,38.9171930133285,-22.374,91.72760009765624,-128.17886957510447
-0.43549,38.9171930133285,-22.374,91.72760009765624,0.0
-0.4376300000000001,38.79117067446131,-22.458,90.98533630371094,-148.60136014917998
-0.4376300000000001,38.79117067446131,-22.458,90.98533630371094,0.0
-0.45582,39.399340230125375,-24.408,90.252685546875,-144.87853605612577
-0.45582,39.399340230125375,-24.408,90.252685546875,0.0
-0.43442,39.39386232485194,-24.954000000000004,89.44038391113281,-163.77049107715408
-0.43442,39.39386232485194,-24.954000000000004,89.44038391113281,0.0
-0.45689,39.38290651430506,-26.196,88.58482360839844,-158.31981915888076
-0.45689,39.38290651430506,-26.196,88.58482360839844,0.0
-0.42586,38.6815973102035,-27.564000000000004,87.73406982421875,-171.45380575974508
-0.42586,38.6815973102035,-27.564000000000004,87.73406982421875,0.0
-0.44084,39.13087709535975,-27.69,86.88262939453125,-164.02242914408134
-0.44084,39.13087709535975,-27.69,86.88262939453125,0.0
-0.44191,38.64872987856288,-28.746,85.93574523925781,-193.51811879683524
-0.44191,38.64872987856288,-28.746,85.93574523925781,0.0
-0.46224,39.43222292055506,-29.622,85.00534057617188,-189.41463010717365
-0.46224,39.43222292055506,-29.622,85.00534057617188,0.0
-0.42907,38.65968568910975,-30.942,84.01107788085938,-195.1064943705172
-0.42907,38.65968568910975,-30.942,84.01107788085938,0.0
-0.45047,39.28976686586756,-31.332,82.98179626464844,-203.21453429626
-0.45047,39.28976686586756,-31.332,82.98179626464844,0.0
-0.44726,38.69803102602381,-33.03,81.95457458496094,-193.3047948224349
-0.44726,38.69803102602381,-33.03,81.95457458496094,0.0
-0.45154,39.13635500063319,-33.690000000000005,80.84907531738281,-217.31851141713776
-0.45154,39.13635500063319,-33.690000000000005,80.84907531738281,0.0
-0.44619,38.39120729555506,-35.226,79.75456237792969,-210.36189495536877
-0.44619,38.39120729555506,-35.226,79.75456237792969,0.0
-0.44298,38.70898683657069,-35.44799999999999,78.59687805175781,-229.24442102426477
-0.44298,38.70898683657069,-35.44799999999999,78.59687805175781,0.0
-0.45903,38.56653078188319,-37.038,77.43438720703125,-229.6051441292918
-0.45903,38.56653078188319,-37.038,77.43438720703125,0.0
-0.44298,38.28163393129725,-37.77,76.22589111328125,-239.21141998222467
-0.44298,38.28163393129725,-37.77,76.22589111328125,0.0
-0.44191,37.865221577781625,-38.22,74.98100280761719,-252.71788584341928
-0.44191,37.865221577781625,-38.22,74.98100280761719,0.0
-0.44405,37.74469240297694,-38.766000000000005,73.71139526367188,-256.8495941626578
-0.44405,37.74469240297694,-38.766000000000005,73.71139526367188,0.0
-0.43977,37.71180971254725,-39.618,72.42256164550781,-263.5112693035969
-0.43977,37.71180971254725,-39.618,72.42256164550781,0.0
-0.42265,36.66533144106288,-39.726,71.15364074707031,-263.64448336544
-0.42265,36.66533144106288,-39.726,71.15364074707031,0.0
-0.43121,36.42972047914881,-40.002,69.88197326660156,-254.4861878062797
-0.43121,36.42972047914881,-40.002,69.88197326660156,0.0
-0.42372,36.45712526430506,-40.248000000000005,68.55537414550781,-259.456115997138
-0.42372,36.45712526430506,-40.248000000000005,68.55537414550781,0.0
-0.42051,36.76942690004725,-39.84,67.25418090820312,-247.23413211188443
-0.42051,36.76942690004725,-39.84,67.25418090820312,0.0
-0.41302,35.06546266664881,-40.83,65.97221374511719,-258.04492010559545
-0.41302,35.06546266664881,-40.83,65.97221374511719,0.0
-0.40125,35.279131489891,-40.002,64.66346740722656,-259.4145367476285
-0.40125,35.279131489891,-40.002,64.66346740722656,0.0
-0.40018,35.42706544985194,-40.554,63.37532043457031,-259.497778536658
-0.40018,35.42706544985194,-40.554,63.37532043457031,0.0
-0.39483,34.490160542625375,-40.824,62.13661193847656,-248.9866323809224
-0.39483,34.490160542625375,-40.824,62.13661193847656,0.0
-0.39162,34.00253542055506,-40.278,60.77430725097656,-274.21591938377145
-0.39162,34.00253542055506,-40.278,60.77430725097656,0.0
-0.40125,33.96417482485194,-40.746,59.52117919921876,-252.1384409975392
-0.40125,33.96417482485194,-40.746,59.52117919921876,0.0
-0.38841,33.5368219195785,-40.446,58.20213317871093,-267.06742670738214
-0.38841,33.5368219195785,-40.446,58.20213317871093,0.0
-0.38627,32.35882814516444,-40.362,56.92222595214844,-254.80932242925613
-0.38627,32.35882814516444,-40.362,56.92222595214844,0.0
-0.38841,32.61635072817225,-40.002,55.62583923339844,-257.98740671660875
-0.38841,32.61635072817225,-40.002,55.62583923339844,0.0
-0.37771,32.38623293032069,-40.33200000000001,54.37889099121094,-252.2144502805496
-0.37771,32.38623293032069,-40.33200000000001,54.37889099121094,0.0
-0.37664,31.37260683168787,-39.858,53.092803955078125,-257.7328729725393
-0.37664,31.37260683168787,-39.858,53.092803955078125,0.0
-0.35096,30.50145204653162,-39.558,51.74629211425781,-274.35041581503964
-0.35096,30.50145204653162,-39.558,51.74629211425781,0.0
-0.35845,30.66581972231287,-40.458,50.51719665527344,-244.30440448892395
-0.35845,30.66581972231287,-40.458,50.51719665527344,0.0
-0.36808,30.27133424868006,-40.806,49.22286987304688,-268.19867016705325
-0.36808,30.27133424868006,-40.806,49.22286987304688,0.0
-0.34561,29.11526735414881,-40.83,47.92579650878906,-260.8231176870913
-0.34561,29.11526735414881,-40.83,47.92579650878906,0.0
-0.3424,28.797487813133184,-40.33200000000001,46.61773681640625,-269.758649697419
-0.3424,28.797487813133184,-40.33200000000001,46.61773681640625,0.0
-0.33491,28.53448732485193,-40.386,45.38246154785156,-251.9427429237197
-0.33491,28.53448732485193,-40.386,45.38246154785156,0.0
-0.33277,27.471560078758184,-40.446,44.06890869140625,-264.0838070856834
-0.33277,27.471560078758184,-40.446,44.06890869140625,0.0
-0.33812,26.96202333559412,-40.992,42.7752685546875,-257.6972383900968
-0.33812,26.96202333559412,-40.992,42.7752685546875,0.0
-0.31458,26.50726564516444,-40.458,41.504974365234375,-260.8942677041367
-0.31458,26.50726564516444,-40.458,41.504974365234375,0.0
-0.31565,25.696367818016,-40.638,40.22300720214844,-255.1178434003753
-0.31565,25.696367818016,-40.638,40.22300720214844,0.0
-0.31137,24.726580220359747,-40.146,38.93829345703125,-239.86440349466403
-0.31137,24.726580220359747,-40.146,38.93829345703125,0.0
-0.2996,24.52386720766444,-40.356,37.6116943359375,-263.9998250931056
-0.2996,24.52386720766444,-40.356,37.6116943359375,0.0
-0.30174,24.260866719383184,-40.68600000000001,36.3702392578125,-256.28717550069786
-0.30174,24.260866719383184,-40.68600000000001,36.3702392578125,0.0
-0.29318,22.87468202700037,-40.134,35.00038146972656,-271.8511188900375
-0.29318,22.87468202700037,-40.134,35.00038146972656,0.0
-0.27927,21.87750490297693,-40.578,33.737640380859375,-264.6701087544949
-0.27927,21.87750490297693,-40.578,33.737640380859375,0.0
-0.27178,21.50493105043787,-40.854,32.42820739746094,-260.8951949390641
-0.27178,21.50493105043787,-40.854,32.42820739746094,0.0
-0.27071,21.38438661684412,-40.992,31.150360107421875,-193.9953377925937
-0.27071,21.38438661684412,-40.992,31.150360107421875,0.0
-0.25466,19.82835634340662,-40.47,29.80247497558593,-265.90750282821904
-0.25466,19.82835634340662,-40.47,29.80247497558593,0.0
-0.26322,19.19827516664881,-40.716,28.52943420410156,-253.29104088423256
-0.26322,19.19827516664881,-40.716,28.52943420410156,0.0
-0.25038,18.546267110008184,-40.824,27.228927612304688,-261.09347355885666
-0.25038,18.546267110008184,-40.824,27.228927612304688,0.0
-0.24396,18.047686177391,-40.86,25.97991943359375,-268.31539821934183
-0.24396,18.047686177391,-40.86,25.97991943359375,0.0
-0.24182,16.97380312075037,-41.244,24.62242126464844,-282.0482378860788
-0.24182,16.97380312075037,-41.244,24.62242126464844,0.0
-0.22042,15.921831685203498,-40.8,23.328094482421875,-264.5262174996631
-0.22042,15.921831685203498,-40.8,23.328094482421875,0.0
-0.22256,15.532824116844123,-39.444,22.1044921875,-246.59457777551717
-0.22256,15.532824116844123,-39.444,22.1044921875,0.0
-0.22577,14.398668843406623,-40.854,20.81977844238281,-235.0372749940657
-0.22577,14.398668843406623,-40.854,20.81977844238281,0.0
-0.20223,14.031572896140998,-40.872,19.48837280273437,-272.60557732376225
-0.20223,14.031572896140998,-40.872,19.48837280273437,0.0
-0.18939,12.815233784812872,-40.218,18.174819946289062,-231.2593057122784
-0.18939,12.815233784812872,-40.218,18.174819946289062,0.0
-0.19581,12.23446901430506,-40.872,16.881179809570312,-256.9295206988857
-0.19581,12.23446901430506,-40.872,16.881179809570312,0.0
-0.1819,12.23446901430506,-40.494,15.630111694335936,-235.78366287881596
-0.1819,10.809923726219123,-40.494,15.630111694335936,0.0
-0.17227,10.694857197898813,-40.242,14.277420043945312,-270.1601059298717
-0.17227,10.694857197898813,-40.242,14.277420043945312,0.0
-0.1712,9.599062520164436,-40.30199999999999,12.97760009765625,-268.1699909819654
-0.1712,9.599062520164436,-40.30199999999999,12.97760009765625,0.0
-0.1605,8.558062153953498,-40.71,11.723098754882812,-250.1997093683192
-0.1605,8.558062153953498,-40.71,11.723098754882812,0.0
-0.1605,7.48416383852381,-40.326,10.44525146484375,-265.77522671377915
-0.1605,7.48416383852381,-40.326,10.44525146484375,0.0
-0.14445,6.963671284812873,-40.476,9.1845703125,-245.3641791251318
-0.14445,6.963671284812873,-40.476,9.1845703125,0.0
-0.14017,6.645876485008185,-40.752,7.8408050537109375,-267.5224484950442
-0.14017,6.645876485008185,-40.752,7.8408050537109375,0.0
-0.13161,4.810412007469123,-40.67999999999999,6.554718017578125,-251.3361415151834
-0.13161,4.810412007469123,-40.67999999999999,6.554718017578125,0.0
-0.12626,4.163897114890998,-40.362,5.2315521240234375,-261.96117472898544
-0.12626,4.163897114890998,-40.362,5.2315521240234375,0.0
-0.11663,3.243425923484748,-40.578,3.966064453125,-252.7436930095199
-0.11663,3.243425923484748,-40.578,3.966064453125,0.0
-0.11021,3.09549196352381,-41.31,2.706756591796875,-249.6150369330958
-0.11021,3.09549196352381,-41.31,2.706756591796875,0.0
-0.10165,1.4682336627425605,-39.804,1.347198486328125,-273.77327939345383
-0.10165,1.4682336627425605,-39.804,1.347198486328125,0.0
-0.09309,0.6409021197738103,-39.864,0.0762176513671875,-251.2813038670614
-0.09309,0.6409021197738103,-39.864,0.0762176513671875,0.0
-0.08132,0.6409021197738103,-41.538,-1.2139892578125,-244.9139918715751
-0.08132,0.0053430377425602,-41.538,-1.2139892578125,0.0
-0.09095,-0.6959814251480647,-41.76,-2.468490600585937,-249.90066589138695
-0.09095,-0.6959814251480647,-41.76,-2.468490600585937,0.0
-0.06955,-1.6931585491715022,-40.704,-3.8616943359375,-262.3735848118973
-0.06955,-1.6931585491715022,-40.704,-3.8616943359375,0.0
-0.06206,-3.13961545835119,-40.554,-5.1216888427734375,-249.45446581578204
-0.06206,-3.13961545835119,-40.554,-5.1216888427734375,0.0
-0.06634,-3.13961545835119,-40.974,-6.4029693603515625,-258.16653588132766
-0.06634,-3.671079081398065,-40.974,-6.4029693603515625,0.0
-0.04601,-4.651807230812127,-41.586,-7.702789306640625,-256.5771706058487
-0.04601,-4.651807230812127,-41.586,-7.702789306640625,0.0
-0.03638,-5.029858988624627,-40.986,-9.042434692382812,-277.3018807169011
-0.03638,-5.029858988624627,-40.986,-9.042434692382812,0.0
-0.04387,-6.399609965187127,-39.666,-10.336761474609377,-255.8463692875756
-0.04387,-6.399609965187127,-39.666,-10.336761474609377,0.0
-0.03424,-7.089963358741815,-40.956,-11.65924072265625,-252.1409433834752
-0.03424,-7.089963358741815,-40.956,-11.65924072265625,0.0
-0.02461,-8.432324808937127,-40.776,-12.908935546875,-234.99338552428344
-0.02461,-8.432324808937127,-40.776,-12.908935546875,0.0
-0.02247,-8.689832133155877,-40.464000000000006,-14.271926879882812,-272.8165198175013
-0.02247,-8.689832133155877,-40.464000000000006,-14.271926879882812,0.0
-0.00642,-9.955487650734002,-40.818000000000005,-15.629425048828123,-281.4050930649907
-0.00642,-9.955487650734002,-40.818000000000005,-15.629425048828123,0.0
-0.00428,-10.673230570655877,-40.47,-16.922378540039062,-254.71896989994215
-0.00428,-10.673230570655877,-40.47,-16.922378540039062,0.0
-0.0,-11.906003397804314,-41.76,-18.20228576660156,-258.6193628133863
-0.0,-11.906003397804314,-41.76,-18.20228576660156,0.0
0.00749,-12.393643778663687,-41.07,-19.50279235839844,-257.628088708034
0.00749,-12.393643778663687,-41.07,-19.50279235839844,0.0
0.01605,-12.919629496437128,-40.08,-20.83213806152344,-262.14665808057924
0.01605,-12.919629496437128,-40.08,-20.83213806152344,0.0
0.01926,-14.135968607765252,-40.872,-22.131271362304688,-255.88601551728323
0.01926,-14.135968607765252,-40.872,-22.131271362304688,0.0
0.0214,-15.286557597023064,-40.932,-23.393325805664062,-243.3110552071572
0.0214,-15.286557597023064,-40.932,-23.393325805664062,0.0
0.02461,-15.81802122006994,-40.134,-24.71099853515625,-260.8219971283461
0.02461,-15.81802122006994,-40.134,-24.71099853515625,0.0
0.04708,-16.13032285581213,-41.478,-26.08428955078125,-272.96581507180895
0.04708,-16.13032285581213,-41.478,-26.08428955078125,0.0
0.04494,-17.653485697609003,-40.266,-27.39097595214844,-235.82140432538844
0.04494,-17.653485697609003,-40.266,-27.39097595214844,0.0
0.05029,-18.61778013120276,-40.194,-28.629684448242188,-233.7626903365828
0.05029,-18.61778013120276,-40.194,-28.629684448242188,0.0
0.05778,-19.05062620053869,-40.818000000000005,-29.934310913085938,-233.67839241329244
0.05778,-19.05062620053869,-40.818000000000005,-29.934310913085938,0.0
0.06099,-18.973920267921503,-40.272,-31.24168395996094,-259.6570103029086
0.06099,-18.973920267921503,-40.272,-31.24168395996094,0.0
0.06741,-20.63953916440588,-40.902,-32.58476257324219,-259.3817329627348
0.06741,-20.63953916440588,-40.902,-32.58476257324219,0.0
0.08025,-21.98188535581213,-40.956,-33.85368347167969,-249.2968366280601
0.08025,-21.98188535581213,-40.956,-33.85368347167969,0.0
0.07704,-21.949017924171503,-41.754,-35.14457702636719,-250.31870364290864
0.07704,-21.949017924171503,-41.754,-35.14457702636719,0.0
0.08881,-21.998334330421503,-41.064,-36.47117614746094,-252.1092970530743
0.08881,-21.998334330421503,-41.064,-36.47117614746094,0.0
0.08774,-23.49409238706213,-39.912,-37.77717590332031,-253.34621840168063
0.08774,-23.49409238706213,-39.912,-37.77717590332031,0.0
0.09737,-24.95698301206213,-41.040000000000006,-39.087982177734375,-259.8228492395201
0.09737,-24.95698301206213,-41.040000000000006,-39.087982177734375,0.0
0.10593,-24.80357114682776,-41.07,-40.35346984863281,-251.1386526888918
0.10593,-24.80357114682776,-41.07,-40.35346984863281,0.0
0.09844,-24.924115580421503,-40.938,-41.6107177734375,-245.8443341425391
0.09844,-24.924115580421503,-40.938,-41.6107177734375,0.0
0.11449,-26.15688840756994,-41.094,-42.95654296875,-265.4487564720843
0.11449,-26.15688840756994,-41.094,-42.95654296875,0.0
0.12626,-27.680051249366816,-40.902,-44.26322937011719,-255.21218776712772
0.12626,-27.680051249366816,-40.902,-44.26322937011719,0.0
0.11877,-27.208859843116816,-41.094,-45.54450988769531,-252.61839857620788
0.11877,-27.208859843116816,-41.094,-45.54450988769531,0.0
0.12519,-27.943036478859003,-40.716,-46.81755065917969,-250.5492563438979
0.12519,-27.943036478859003,-40.716,-46.81755065917969,0.0
0.14338,-28.92925779233557,-41.892,-48.15788269042969,-268.1200302561597
0.14338,-28.92925779233557,-41.892,-48.15788269042969,0.0
0.14231,-29.43880979428869,-40.464000000000006,-49.48860168457031,-262.8840367720287
0.14231,-29.43880979428869,-40.464000000000006,-49.48860168457031,0.0
0.13375,-29.55935422788244,-41.364,-50.74653625488281,-245.16362703392815
0.13375,-29.55935422788244,-41.364,-50.74653625488281,0.0
0.1476599999999999,-30.64419309506994,-41.208,-51.97837829589844,-266.34422508461984
0.1476599999999999,-30.64419309506994,-41.208,-51.97837829589844,0.0
0.15408,-31.30166379819494,-41.262,-53.304290771484375,-255.77015346951669
0.15408,-31.30166379819494,-41.262,-53.304290771484375,0.0
0.16585,-31.17017881284338,-40.626000000000005,-54.64118957519531,-274.4608506899102
0.16585,-31.17017881284338,-40.626000000000005,-54.64118957519531,0.0
0.15408,-31.603009623390253,-40.41,-55.875091552734375,-245.45493883782103
0.15408,-31.603009623390253,-40.41,-55.875091552734375,0.0
0.16157,-31.603009623390253,-41.7,-57.17559814453125,-245.6567041550927
0.16157,-33.08782712827306,-41.7,-57.17559814453125,0.0
0.16799,-33.59737913022619,-41.394,-58.45550537109375,-254.75860401293664
0.16799,-33.59737913022619,-41.394,-58.45550537109375,0.0
0.16692,-32.35363523374181,-40.914,-59.82879638671875,-245.1429874376925
0.16692,-32.35363523374181,-40.914,-59.82879638671875,0.0
0.18404,-33.87679807553869,-40.734,-61.12449645996094,-254.45798767497573
0.18404,-33.87679807553869,-40.734,-61.12449645996094,0.0
0.18083,-33.87679807553869,-40.43399999999999,-62.41127014160156,-217.76505020165928
0.18083,-35.33421079526525,-40.43399999999999,-62.41127014160156,0.0
0.17655,-34.85754148374181,-41.118,-63.656158447265625,-247.88695851515465
0.17655,-34.85754148374181,-41.118,-63.656158447265625,0.0
0.18404,-33.739819926124625,-41.214000000000006,-65.0006103515625,-268.0326762953538
0.18404,-33.739819926124625,-41.214000000000006,-65.0006103515625,0.0
0.18297,-35.49310056577306,-40.68600000000001,-66.36566162109375,-278.2411882453573
0.18297,-35.49310056577306,-40.68600000000001,-66.36566162109375,0.0
0.19581,-36.92860166440588,-40.572,-67.64213562011719,-254.27768904876223
0.19581,-36.92860166440588,-40.572,-67.64213562011719,0.0
0.19153,-36.39166013608556,-41.040000000000006,-68.96255493164062,-262.2481254267289
0.19153,-36.39166013608556,-41.040000000000006,-68.96255493164062,0.0
0.18939,-34.74249021421056,-41.34,-70.25070190429688,-248.5810445111534
0.18939,-34.74249021421056,-41.34,-70.25070190429688,0.0
0.20544,-37.25185911069494,-40.764,-71.58554077148438,-226.2438757946101
0.20544,-37.25185911069494,-40.764,-71.58554077148438,0.0
0.21186,-39.09829465756994,-39.33,-72.89291381835938,-258.37411993575614
0.21186,-39.09829465756994,-39.33,-72.89291381835938,0.0
0.21186,-37.71209470639806,-39.534,-74.16732788085938,-270.5187990872223
0.21186,-37.71209470639806,-39.534,-74.16732788085938,0.0
0.20758,-37.26283018003088,-38.826,-75.39985656738281,-241.8619871512972
0.20758,-37.26283018003088,-38.826,-75.39985656738281,0.0
0.21614,-38.64353696714025,-37.776,-76.68800354003906,-257.6293945314843
0.21614,-38.64353696714025,-37.776,-76.68800354003906,0.0
0.22684,-39.41607419858556,-36.312,-77.86491394042969,-230.18001181112555
0.22684,-39.41607419858556,-36.312,-77.86491394042969,0.0
0.21935,-38.933911722999625,-35.88,-78.9971923828125,-223.5054169725539
0.21935,-38.933911722999625,-35.88,-78.9971923828125,0.0
0.22684,-38.7585882366715,-34.236,-80.12809753417969,-224.34143054305093
0.22684,-38.7585882366715,-34.236,-80.12809753417969,0.0
0.22791,-38.2873968304215,-34.254000000000005,-81.24046325683594,-219.66147761786036
0.22791,-38.2873968304215,-34.254000000000005,-81.24046325683594,0.0
0.22898,-39.98040525327306,-33.54,-82.35763549804688,-224.15173379030205
0.22898,-39.98040525327306,-33.54,-82.35763549804688,0.0
0.23433,-39.89822141538244,-31.668,-83.43154907226562,-212.5719663932951
0.23433,-39.89822141538244,-31.668,-83.43154907226562,0.0
0.22898,-39.89822141538244,-30.438,-84.39903259277344,-185.5905468076426
0.22898,-39.421552103859,-30.438,-84.39903259277344,0.0
0.22791,-38.56683103452306,-29.832000000000004,-85.37750244140625,-208.8070526318634
0.22791,-38.56683103452306,-29.832000000000004,-85.37750244140625,0.0
0.23112,-39.3284124554215,-29.532000000000004,-86.29005432128906,-184.3911658685576
0.23112,-39.3284124554215,-29.532000000000004,-86.29005432128906,0.0
0.23219,-39.7502874554215,-27.858000000000004,-87.21290588378906,-184.903138148784
0.23219,-39.7502874554215,-27.858000000000004,-87.21290588378906,0.0
0.23647,-39.7502874554215,-27.252,-88.14537048339844,-177.44331105798068
0.23647,-40.01876584897619,-27.252,-88.14537048339844,0.0
0.24503,-39.547559183937125,-25.596,-88.97483825683594,-166.32600229346792
0.24503,-39.547559183937125,-25.596,-88.97483825683594,0.0
0.23219,-39.547559183937125,-25.686,-89.75349426269531,-152.0812511442571
0.23219,-39.26814023862463,-25.686,-89.75349426269531,0.0
0.22791,-39.076367777687125,-24.258,-90.54519653320312,-157.39607763559235
0.22791,-39.076367777687125,-24.258,-90.54519653320312,0.0
0.24289,-40.37489072690588,-24.036,-91.2957000732422,-151.98532605097915
0.24289,-40.37489072690588,-24.036,-91.2957000732422,0.0
0.23433,-38.22712461362463,-22.248,-92.02423095703124,-144.2635413442427
0.23433,-38.22712461362463,-22.248,-92.02423095703124,0.0
0.25252,-41.77204648862463,-21.756,-92.72666931152344,-142.19399888512658
0.25252,-41.77204648862463,-21.756,-92.72666931152344,0.0
0.23433,-38.54490415464025,-20.166000000000004,-93.4174346923828,-137.52048195484323
0.23433,-38.54490415464025,-20.166000000000004,-93.4174346923828,0.0
0.24396,-40.38036863217931,-19.008000000000003,-94.07318115234376,-129.79937845626958
0.24396,-40.38036863217931,-19.008000000000003,-94.07318115234376,0.0
0.2354,-39.93658201108556,-17.634,-94.66094970703124,-118.69316532471008
0.2354,-39.93658201108556,-17.634,-94.66094970703124,0.0
0.22791,-38.42437497983556,-17.448,-95.18280029296876,-105.70196190742726
0.22791,-38.42437497983556,-17.448,-95.18280029296876,0.0
0.24289,-40.2214788616715,-16.428,-95.75271606445312,-92.97157772992936
0.24289,-40.2214788616715,-16.428,-95.75271606445312,0.0
0.23433,-39.69001523862463,-14.922000000000002,-96.22238159179688,-94.74793773330502
0.23433,-39.69001523862463,-14.922000000000002,-96.22238159179688,0.0
0.24396,-38.40794126401525,-13.98,-96.68174743652344,-92.46494459072858
0.24396,-38.40794126401525,-13.98,-96.68174743652344,0.0
0.23968,-38.68736020932775,-13.542,-97.12806701660156,-88.2577773537786
0.23968,-38.68736020932775,-13.542,-97.12806701660156,0.0
0.25252,-39.69001523862463,-12.414,-97.53799438476562,-84.36455405716937
0.25252,-39.69001523862463,-12.414,-97.53799438476562,0.0
0.23754,-39.942059916359,-11.454,-97.90740966796876,-74.16488319676382
0.23754,-39.942059916359,-11.454,-97.90740966796876,0.0
0.24396,-39.08184568296056,-10.002,-98.24867248535156,-69.13752378104536
0.24396,-39.08184568296056,-10.002,-98.24867248535156,0.0
0.24931,-38.8079046429215,-9.174,-98.5693359375,-62.56847846799266
0.24931,-38.8079046429215,-9.174,-98.5693359375,0.0
0.25466,-39.55853025327306,-8.405999999999999,-98.8652801513672,-59.67820404662877
0.25466,-39.55853025327306,-8.405999999999999,-98.8652801513672,0.0
0.26215,-39.55853025327306,-6.894,-99.12002563476562,-50.93890889790474
0.26215,-39.3284124554215,-6.894,-99.12002563476562,0.0
0.25252,-39.56948606381994,-5.772,-99.32395935058594,-40.95054534547545
0.25252,-39.56948606381994,-5.772,-99.32395935058594,0.0
0.25038,-38.43533079038244,-3.984,-99.50042724609376,-31.534648947050705
0.25038,-38.43533079038244,-3.984,-99.50042724609376,0.0
0.25038,-38.67640439878088,-3.708,-99.6405029296875,-26.17747777866133
0.25038,-38.67640439878088,-3.708,-99.6405029296875,0.0
0.25145,-38.605176371437125,-3.132,-99.7393798828125,-19.747743783706383
0.25145,-38.605176371437125,-3.132,-99.7393798828125,0.0
0.24503,-39.35032407651525,-1.866,-99.82521057128906,-17.34654172930125
0.24503,-39.35032407651525,-1.866,-99.82521057128906,0.0
0.24182,-39.48730222592931,-1.206,-99.8773956298828,-10.478927428454028
0.24182,-39.48730222592931,-1.206,-99.8773956298828,0.0
0.23968,-37.42171995053869,-0.99,-99.90280151367188,-5.031864485854335
0.23968,-37.42171995053869,-0.99,-99.90280151367188,0.0
0.25787,-37.96413938413244,-0.99,-99.95155334472656,-9.937185294477048
0.25787,-37.96413938413244,-0.99,-99.95155334472656,0.0
0.25466,-39.02706663022619,-0.5519999999999999,-99.97146606445312,-3.977770620566531
0.25466,-39.02706663022619,-0.5519999999999999,-99.97146606445312,0.0
0.24931,-39.02706663022619,0.162,-99.98039245605467,-1.6980010655407642
0.24931,-38.194257181984,0.162,-99.98039245605467,0.0
0.24931,-38.61065427671056,-0.2759999999999999,-99.98519897460938,-0.9607272745765602
0.24931,-38.61065427671056,-0.2759999999999999,-99.98519897460938,0.0
0.24289,-38.144940775734,-0.0,-99.9858856201172,-0.11785882386317
0.24289,-38.144940775734,-0.0,-99.9858856201172,0.0
0.24289,-38.11755124936681,-0.03,-99.98931884765624,-0.6370806344467352
0.24289,-38.11755124936681,-0.03,-99.98931884765624,0.0
0.24396,-38.11755124936681,0.054,-99.98794555664062,0.2509210699086922
0.24396,-38.26000730405431,0.054,-99.98794555664062,0.0
0.24289,-38.13946287046056,0.3839999999999999,-99.98931884765624,-0.2715623918549701
0.24289,-38.13946287046056,0.3839999999999999,-99.98931884765624,0.0
0.24182,-38.298352640968375,-0.054,-99.99000549316406,-0.1415763933661954
0.24182,-38.298352640968375,-0.054,-99.99000549316406,0.0
0.24075,-38.183301371437125,0.1919999999999999,-99.99069213867188,-0.1357811959288901
0.24075,-38.183301371437125,0.1919999999999999,-99.99069213867188,0.0
0.24182,-38.20521299253088,-0.0,-99.98863220214844,0.3458590536326162
0.24182,-38.20521299253088,-0.0,-99.98863220214844,0.0
0.23861,-38.194257181984,0.03,-99.9920654296875,-0.6898186737120336
0.23861,-38.194257181984,0.03,-99.9920654296875,0.0
0.23647,-38.20521299253088,-0.03,-99.9920654296875,0.0
0.24075,-38.27096311460119,-0.054,-99.99000549316406,0.4190269575746302
0.24075,-38.27096311460119,-0.054,-99.99000549316406,0.0
0.23754,-38.18877927671056,-0.03,-99.99481201171876,-0.8084976542806405
0.23754,-38.18877927671056,-0.03,-99.99481201171876,0.0
0.23647,-38.20521299253088,0.054,-99.9968719482422,-0.4112470599794423
0.23647,-38.20521299253088,0.054,-99.9968719482422,0.0
