m_t_5,jts5,v5,q5,velocity
-0.01062,0.0214859944926979,-0.0,0.0006866455078125,
-0.01062,0.0214859944926979,0.0059999999999999,-0.0,-0.1404470255292493
-0.01062,0.0214859944926979,0.0059999999999999,-0.0,0.0
-0.01062,0.0422684651958229,-0.0,0.001373291015625,0.2719388149752474
-0.01062,0.0422684651958229,-0.0,0.001373291015625,0.0
-0.00767,0.0214859944926979,-0.0,-0.0006866455078125,-0.404543700596524
-0.00767,0.0214859944926979,-0.0,-0.0006866455078125,0.0
-0.0064899999999999,0.0214859944926979,-0.0,-0.00274658203125,-0.3792923077586997
-0.0064899999999999,0.0214859944926979,-0.0,-0.00274658203125,0.0
-0.0,0.0214859944926979,0.108,-0.001373291015625,0.2770966536773598
-0.0,0.0214859944926979,0.108,-0.001373291015625,0.0
0.00826,0.0214859944926979,0.4379999999999999,0.0061798095703125,1.536119704278522
0.00826,0.0214859944926979,0.4379999999999999,0.0061798095703125,0.0
0.0259599999999999,0.0214859944926979,0.75,0.0240325927734375,3.642681739058343
0.0259599999999999,0.0214859944926979,0.75,0.0240325927734375,0.0
0.03835,0.0214859944926979,2.418,0.0707244873046875,10.327780254644995
0.03835,0.0214859944926979,2.418,0.0707244873046875,0.0
0.0401199999999999,-0.030515958632302,4.5600000000000005,0.1792144775390625,21.53861231573848
0.0401199999999999,-0.030515958632302,4.5600000000000005,0.1792144775390625,0.0
0.0371699999999999,-0.030515958632302,6.672,0.3563690185546875,33.93115131500171
0.0371699999999999,-0.030515958632302,6.672,0.3563690185546875,0.0
0.0348099999999999,0.0214859944926979,7.998,0.5980682373046875,47.87071078431348
0.0348099999999999,0.0214859944926979,7.998,0.5980682373046875,0.0
0.03068,0.0214859944926979,8.861999999999998,0.869293212890625,54.2016338101393
0.03068,0.0214859944926979,8.861999999999998,0.869293212890625,0.0
0.03304,0.1462723714458229,9.486,1.1611175537109375,57.79844341856031
0.03304,0.1462723714458229,9.486,1.1611175537109375,0.0
0.03127,0.1566788655864479,10.080000000000002,1.487274169921875,68.1053698498514
0.03127,0.1566788655864479,10.080000000000002,1.487274169921875,0.0
0.03304,0.1462723714458229,10.62,1.82373046875,66.1404165182088
0.03304,0.1462723714458229,10.62,1.82373046875,0.0
0.03422,0.1878678304301979,11.364,2.166366577148437,70.28432992788426
0.03422,0.1878678304301979,11.364,2.166366577148437,0.0
0.03658,0.1670853597270729,12.534,2.544708251953125,71.05007977552793
0.03658,0.1670853597270729,12.534,2.544708251953125,0.0
0.0348099999999999,0.1670853597270729,13.698,2.964935302734375,85.90086892503054
0.0348099999999999,0.2190873128520729,13.698,2.964935302734375,0.0
0.03186,0.2086808187114479,14.856000000000002,3.4174346923828125,89.74601143364504
0.03186,0.2086808187114479,14.856000000000002,3.4174346923828125,0.0
0.0295,0.3438736898051979,15.666,3.9200592041015625,92.0557713770601
0.0295,0.3438736898051979,15.666,3.9200592041015625,0.0
0.03009,0.3438736898051979,16.296000000000003,4.4336700439453125,107.38257157510768
0.03009,0.3438736898051979,16.296000000000003,4.4336700439453125,0.0
0.0295,0.3854691487895729,17.058,4.99053955078125,110.68763801151592
0.0295,0.3854691487895729,17.058,4.99053955078125,0.0
0.03068,0.541475008164573,17.880000000000003,5.568695068359375,115.19336871450996
0.03068,0.541475008164573,17.880000000000003,5.568695068359375,0.0
0.03422,0.4894730550395729,18.714,6.137237548828125,119.6176058213232
0.03422,0.4894730550395729,18.714,6.137237548828125,0.0
0.0348099999999999,0.4894730550395729,20.058,6.749038696289063,114.2485802914918
0.0348099999999999,0.4998795491801979,20.058,6.749038696289063,0.0
0.0348099999999999,0.541475008164573,21.372,7.424697875976562,136.11184119409802
0.0348099999999999,0.541475008164573,21.372,7.424697875976562,0.0
0.0354,0.687074373398948,22.248,8.131256103515625,147.3531235743617
0.0354,0.687074373398948,22.248,8.131256103515625,0.0
0.0348099999999999,0.697480867539573,23.25,8.837814331054688,140.91707769027764
0.0348099999999999,0.697480867539573,23.25,8.837814331054688,0.0
0.0324499999999999,0.801484773789573,24.06,9.62677001953125,165.99109793321685
0.0324499999999999,0.801484773789573,24.06,9.62677001953125,0.0
0.03068,0.718263338242698,25.05,10.445938110351562,164.29364035706075
0.03068,0.718263338242698,25.05,10.445938110351562,0.0
0.03009,0.843080232773948,25.806,11.295318603515623,169.16560309979496
0.03009,0.843080232773948,25.806,11.295318603515623,0.0
0.0336299999999999,0.874269197617698,26.736,12.126846313476562,168.15524973932116
0.0336299999999999,0.874269197617698,26.736,12.126846313476562,0.0
0.0324499999999999,1.061464021836448,27.846,13.035964965820312,180.5956798457992
0.0324499999999999,1.061464021836448,27.846,13.035964965820312,0.0
0.03186,1.061464021836448,28.908,13.97735595703125,189.5290902377504
0.03186,1.009462068711448,28.908,13.97735595703125,0.0
0.03009,1.144685457383323,29.856,14.92698669433594,189.0564876178956
0.03009,1.144685457383323,29.856,14.92698669433594,0.0
0.0259599999999999,1.279878328477073,30.078,15.928115844726562,200.78803658054383
0.0259599999999999,1.279878328477073,30.078,15.928115844726562,0.0
0.02242,1.363069246445823,29.754,16.931304931640625,188.96008418045977
0.02242,1.363069246445823,29.754,16.931304931640625,0.0
0.02242,1.498262117539573,29.898000000000003,17.89947509765625,194.33363428656364
0.02242,1.498262117539573,29.898000000000003,17.89947509765625,0.0
0.02183,1.560670564805198,29.910000000000004,18.888931274414062,184.53117806002183
0.02183,1.560670564805198,29.910000000000004,18.888931274414062,0.0
0.0206499999999999,1.591890047227073,29.994,19.866714477539062,196.027105678629
0.0206499999999999,1.591890047227073,29.994,19.866714477539062,0.0
0.0206499999999999,1.727082918320823,29.976000000000003,20.82801818847656,179.61579053391856
0.0206499999999999,1.727082918320823,29.976000000000003,20.82801818847656,0.0
0.01652,1.799867342148948,30.234,21.79893493652344,194.68954241966463
0.01652,1.799867342148948,30.234,21.79893493652344,0.0
0.0177,1.799867342148948,29.766,22.7801513671875,192.47085732916685
0.0177,1.924684236680198,29.766,22.7801513671875,0.0
0.01652,1.935090730820823,29.85,23.76548767089844,197.97795935522183
0.01652,1.935090730820823,29.85,23.76548767089844,0.0
0.0200599999999999,2.049470613633323,29.88,24.711685180664062,175.51428487583655
0.0200599999999999,2.049470613633323,29.88,24.711685180664062,0.0
0.01652,2.111879060898948,30.204,25.6915283203125,187.42217667338093
0.01652,2.111879060898948,30.204,25.6915283203125,0.0
0.01652,2.059877107773948,30.162000000000003,26.65145874023437,162.7276521311903
0.01652,2.059877107773948,30.162000000000003,26.65145874023437,0.0
0.0118,2.288667390977073,29.94,27.66082763671875,201.22984379672985
0.0118,2.288667390977073,29.94,27.66082763671875,0.0
0.01416,2.236665437852073,29.79,28.642730712890625,195.0155066875573
0.01416,2.236665437852073,29.79,28.642730712890625,0.0
0.0129799999999999,2.288667390977073,29.976000000000003,29.61982727050781,195.928726211584
0.0129799999999999,2.288667390977073,29.976000000000003,29.61982727050781,0.0
0.01416,2.288667390977073,29.988,30.62713623046875,211.75298716857583
0.01416,2.288667390977073,29.988,30.62713623046875,0.0
0.0135699999999999,2.455079744492698,30.072,31.56578063964844,182.0489544568856
0.0135699999999999,2.455079744492698,30.072,31.56578063964844,0.0
0.01121,2.527864168320823,30.42,32.592315673828125,205.2659536452064
0.01121,2.527864168320823,30.42,32.592315673828125,0.0
0.00826,2.777467439805198,30.036,33.58314514160156,191.27982003348356
0.00826,2.777467439805198,30.036,33.58314514160156,0.0
0.01062,2.631868074570823,29.934,34.558868408203125,201.34611361980632
0.01062,2.631868074570823,29.934,34.558868408203125,0.0
0.01062,2.850282381211448,29.88,35.53459167480469,205.7185887837927
0.01062,2.850282381211448,29.88,35.53459167480469,0.0
0.0094399999999999,2.871064851914573,30.228,36.52267456054688,186.114689346806
0.0094399999999999,2.871064851914573,30.228,36.52267456054688,0.0
0.01062,2.871064851914573,30.102,37.50663757324219,201.87997798427187
0.01062,2.871064851914573,30.102,37.50663757324219,0.0
0.0059,2.871064851914573,30.198000000000004,38.52561950683594,202.29937137060023
0.0059,3.110292146836448,30.198000000000004,38.52561950683594,0.0
0.00708,2.975068758164573,29.856,39.50958251953125,206.67150025106267
0.00708,2.975068758164573,29.856,39.50958251953125,0.0
0.0059,3.068666170273948,29.946,40.49766540527344,206.92835303501425
0.0059,3.068666170273948,29.946,40.49766540527344,0.0
0.00767,3.151887605820823,29.988,41.4678955078125,194.279155494408
0.00767,3.151887605820823,29.988,41.4678955078125,0.0
0.0059,3.183076570664573,30.024,42.44087219238281,195.06348928835484
0.0059,3.183076570664573,30.024,42.44087219238281,0.0
0.00354,3.214265535508323,30.378,43.42689514160156,186.28810678608568
0.00354,3.214265535508323,30.378,43.42689514160156,0.0
0.00177,3.443086336289573,29.982,44.42665100097656,202.01169112447488
0.00177,3.443086336289573,29.982,44.42665100097656,0.0
0.00295,3.339082430039573,29.82,45.37696838378906,194.14042549794456
0.00295,3.339082430039573,29.82,45.37696838378906,0.0
0.0047199999999999,3.671876619492698,29.838,46.35612487792969,195.71387050580927
0.0047199999999999,3.671876619492698,29.838,46.35612487792969,0.0
0.00354,3.619874666367698,30.132000000000005,47.34832763671875,199.7991862241356
0.00354,3.619874666367698,30.132000000000005,47.34832763671875,0.0
0.00531,3.630281160508323,30.048,48.31512451171875,193.2048111510788
0.00531,3.630281160508323,30.048,48.31512451171875,0.0
0.00177,3.848664949570823,30.336,49.30870056152344,177.80530597793498
0.00177,3.848664949570823,30.336,49.30870056152344,0.0
0.00177,3.588685701523948,29.874,50.3118896484375,200.9996166928609
0.00177,3.588685701523948,29.874,50.3118896484375,0.0
0.0005899999999999,3.879884431992698,29.892,51.29928588867188,204.3452483928793
0.0005899999999999,3.879884431992698,29.892,51.29928588867188,0.0
0.0023599999999999,3.796662996445823,29.802,52.252349853515625,189.2877785191185
0.0023599999999999,3.796662996445823,29.802,52.252349853515625,0.0
0.0011799999999999,3.807069490586448,30.024,53.24043273925781,206.49590088655788
0.0011799999999999,3.807069490586448,30.024,53.24043273925781,0.0
0.0005899999999999,3.848664949570823,30.408,54.21546936035156,196.14496501584836
0.0005899999999999,3.848664949570823,30.408,54.21546936035156,0.0
-0.0,3.973481844102073,30.09,55.21728515625,198.8518848547785
-0.0,3.973481844102073,30.09,55.21728515625,0.0
-0.0,3.973481844102073,29.85,56.190948486328125,198.7879399914568
-0.0,3.973481844102073,29.85,56.190948486328125,0.0
-0.0,4.160676668320823,29.838,57.139892578125,180.06529256108075
-0.0,4.160676668320823,29.838,57.139892578125,0.0
-0.0,3.983888338242698,30.27,58.10256958007813,184.56230865664705
-0.0,3.983888338242698,30.27,58.10256958007813,0.0
-0.0,4.264680574570823,29.922,59.07417297363281,190.1748666186484
-0.0,4.264680574570823,29.922,59.07417297363281,0.0
-0.0,4.181489656602073,30.43200000000001,60.02449035644531,195.3777514005792
-0.0,4.181489656602073,30.43200000000001,60.02449035644531,0.0
-0.0,4.223085115586448,29.94,61.00296020507813,191.96975645140176
-0.0,4.223085115586448,29.94,61.00296020507813,0.0
-0.0,4.399873445664573,29.922,62.01644897460938,201.16887049052696
-0.0,4.399873445664573,29.922,62.01644897460938,0.0
0.00177,4.150270174180198,29.82,62.97706604003906,194.06405362215727
0.00177,4.150270174180198,29.82,62.97706604003906,0.0
-0.0,4.358277986680198,30.12,63.95072937011719,192.7282917810994
-0.0,4.358277986680198,30.12,63.95072937011719,0.0
0.0005899999999999,4.202272127305198,30.246,64.87495422363281,180.75979924028923
0.0005899999999999,4.202272127305198,30.246,64.87495422363281,0.0
-0.0,4.462281892930198,30.372,65.863037109375,194.6577789090088
-0.0,4.462281892930198,30.372,65.863037109375,0.0
-0.0,4.379090974961448,30.066,66.84356689453125,193.24591745294552
-0.0,4.379090974961448,30.066,66.84356689453125,0.0
-0.0,4.503877351914573,29.766,67.78427124023438,146.93913553625777
-0.0,4.503877351914573,29.766,67.78427124023438,0.0
-0.0,4.410279939805198,30.282,68.75312805175781,194.78424035453844
-0.0,4.410279939805198,30.282,68.75312805175781,0.0
-0.0,4.545472810898948,29.982,69.73365783691406,167.18325407608668
-0.0,4.545472810898948,29.982,69.73365783691406,0.0
-0.0,4.441468904648948,30.354,70.68740844726562,191.24736521988984
-0.0,4.441468904648948,30.354,70.68740844726562,0.0
-0.0,4.670289705430198,30.204,71.67755126953125,188.2400802786265
-0.0,4.670289705430198,30.204,71.67755126953125,0.0
-0.00177,4.535066316758323,30.252,72.63954162597656,194.45934029620088
-0.00177,4.535066316758323,30.252,72.63954162597656,0.0
-0.0,4.535066316758323,29.610000000000003,73.60015869140625,194.85133173014697
-0.0,4.670289705430198,29.610000000000003,73.60015869140625,0.0
-0.00177,4.670289705430198,29.934,74.58892822265625,195.75718298355363
-0.00177,4.670289705430198,29.934,74.58892822265625,0.0
-0.0023599999999999,4.670289705430198,29.292,75.55229187011719,177.84080625086517
-0.0023599999999999,4.670289705430198,29.292,75.55229187011719,0.0
-0.0059,4.774263094102073,28.806,76.47514343261719,185.8339835884168
-0.0059,4.774263094102073,28.806,76.47514343261719,0.0
-0.00354,4.774263094102073,27.636,77.4041748046875,179.00411793262953
-0.00354,4.670289705430198,27.636,77.4041748046875,0.0
-0.0094399999999999,4.847078035508323,26.616,78.29681396484375,181.9113837693685
-0.0094399999999999,4.847078035508323,26.616,78.29681396484375,0.0
-0.0047199999999999,4.847078035508323,25.428,79.11048889160156,149.3529601244177
-0.0047199999999999,4.774263094102073,25.428,79.11048889160156,0.0
-0.00826,4.815889070664573,24.78,79.94407653808594,170.39812888070168
-0.00826,4.815889070664573,24.78,79.94407653808594,0.0
-0.00885,4.899079988633323,23.478,80.71723937988281,141.4236037674942
-0.00885,4.899079988633323,23.478,80.71723937988281,0.0
-0.0100299999999999,4.805482576523948,22.722,81.44851684570312,147.25683967384387
-0.0100299999999999,4.805482576523948,22.722,81.44851684570312,0.0
-0.00885,4.805482576523948,21.666,82.17704772949219,117.73285129105994
-0.00885,4.805482576523948,21.666,82.17704772949219,0.0
-0.00885,4.649476717148948,20.862,82.83485412597656,132.62225735571874
-0.00885,4.649476717148948,20.862,82.83485412597656,0.0
-0.0135699999999999,4.722291658555198,20.01,83.5455322265625,142.27789801520035
-0.0135699999999999,4.722291658555198,20.01,83.5455322265625,0.0
-0.0123899999999999,4.847078035508323,18.444,84.18617248535156,131.76475910922326
-0.0123899999999999,4.847078035508323,18.444,84.18617248535156,0.0
-0.00767,4.722291658555198,17.448,84.73068237304688,110.9433349012474
-0.00767,4.722291658555198,17.448,84.73068237304688,0.0
-0.01062,4.670289705430198,16.866,85.30265808105469,114.12125060011678
-0.01062,4.670289705430198,16.866,85.30265808105469,0.0
-0.0123899999999999,4.774263094102073,15.822,85.84030151367188,108.37400375271362
-0.0123899999999999,4.774263094102073,15.822,85.84030151367188,0.0
-0.0100299999999999,4.847078035508323,14.808,86.33262634277344,99.17905501643588
-0.0100299999999999,4.847078035508323,14.808,86.33262634277344,0.0
-0.01652,4.857484529648948,14.268,86.80709838867188,94.44109193838064
-0.01652,4.857484529648948,14.268,86.80709838867188,0.0
-0.01593,4.899079988633323,13.073999999999998,87.24929809570312,89.09927604901178
-0.01593,4.899079988633323,13.073999999999998,87.24929809570312,0.0
-0.01475,4.867891023789573,11.664,87.64411926269531,80.28083916067288
-0.01475,4.867891023789573,11.664,87.64411926269531,0.0
-0.0118,4.867891023789573,10.71,87.99156188964844,70.6902598073499
-0.0118,4.867891023789573,10.71,87.99156188964844,0.0
-0.01475,4.867891023789573,10.242,88.32595825195312,67.50027499085165
-0.01475,4.867891023789573,10.242,88.32595825195312,0.0
-0.0177,4.867891023789573,9.294,88.64593505859375,64.49844923213864
-0.0177,4.867891023789573,9.294,88.64593505859375,0.0
-0.0188799999999999,4.847078035508323,7.979999999999999,88.94050598144531,59.59355105230979
-0.0188799999999999,4.847078035508323,7.979999999999999,88.94050598144531,0.0
-0.01829,4.847078035508323,6.744,89.1815185546875,48.17361048214948
-0.01829,4.847078035508323,6.744,89.1815185546875,0.0
-0.01475,4.722291658555198,5.502,89.37789916992188,37.26387385851599
-0.01475,4.722291658555198,5.502,89.37789916992188,0.0
-0.01593,4.722291658555198,4.83,89.54750061035156,31.303329721240857
-0.01593,4.815889070664573,4.83,89.54750061035156,0.0
-0.01534,4.847078035508323,3.912,89.681396484375,26.789890760991582
-0.01534,4.847078035508323,3.912,89.681396484375,0.0
-0.0188799999999999,4.857484529648948,3.348,89.79537963867188,23.462979476505534
-0.0188799999999999,4.857484529648948,3.348,89.79537963867188,0.0
-0.0177,4.867891023789573,2.094,89.88395690917969,18.125080930593604
-0.0177,4.867891023789573,2.094,89.88395690917969,0.0
-0.0177,4.857484529648948,1.272,89.93751525878906,10.835191100419962
-0.0177,4.857484529648948,1.272,89.93751525878906,0.0
-0.01829,4.847078035508323,0.828,89.97116088867188,6.809477814777363
-0.01829,4.847078035508323,0.828,89.97116088867188,0.0
-0.0188799999999999,4.847078035508323,0.4019999999999999,89.98558044433594,2.8793042460193097
-0.0188799999999999,4.847078035508323,0.4019999999999999,89.98558044433594,0.0
-0.0188799999999999,4.847078035508323,0.246,89.99656677246094,2.189820236197103
-0.0188799999999999,4.847078035508323,0.246,89.99656677246094,0.0
-0.0188799999999999,4.847078035508323,0.12,90.00137329101562,0.9572831218258002
-0.0188799999999999,4.847078035508323,0.12,90.00137329101562,0.0
-0.0200599999999999,4.847078035508323,0.0479999999999999,90.00480651855469,0.6858225207875763
-0.0200599999999999,4.847078035508323,0.0479999999999999,90.00480651855469,0.0
-0.0206499999999999,4.826265047227073,0.0059999999999999,90.00617980957031,0.2779378699909128
-0.0206499999999999,4.826265047227073,0.0059999999999999,90.00617980957031,0.0
-0.0206499999999999,4.805482576523948,0.0119999999999999,90.00823974609375,0.4095301239437935
-0.0206499999999999,4.805482576523948,0.0119999999999999,90.00823974609375,0.0
-0.0200599999999999,4.805482576523948,-0.0119999999999999,90.0054931640625,-0.5501967210036429
-0.0200599999999999,4.826265047227073,-0.0119999999999999,90.0054931640625,0.0
-0.0200599999999999,4.805482576523948,-0.0,90.00686645507812,0.275595226896487
-0.0200599999999999,4.805482576523948,-0.0,90.00686645507812,0.0
-0.0200599999999999,4.847078035508323,0.0059999999999999,90.00755310058594,0.1400174363402382
-0.0200599999999999,4.847078035508323,0.0059999999999999,90.00755310058594,0.0
-0.0200599999999999,4.836671541367698,-0.0059999999999999,90.00823974609375,0.1373840551845844
-0.0200599999999999,4.836671541367698,-0.0059999999999999,90.00823974609375,0.0
-0.0206499999999999,4.847078035508323,0.0119999999999999,90.010986328125,0.5522988198772754
-0.0206499999999999,4.847078035508323,0.0119999999999999,90.010986328125,0.0
-0.0206499999999999,4.847078035508323,-0.0,90.00823974609375,-0.5556508256625622
-0.0206499999999999,4.847078035508323,-0.0,90.00823974609375,0.0
-0.0206499999999999,4.826265047227073,0.018,90.00617980957031,-0.3500316947217419
-0.0206499999999999,4.826265047227073,0.018,90.00617980957031,0.0
-0.02183,4.857484529648948,0.0119999999999999,90.00686645507812,0.1380747049693435
-0.02183,4.857484529648948,0.0119999999999999,90.00686645507812,0.0
-0.02183,4.847078035508323,0.018,90.00617980957031,-0.1326082479359815
-0.02183,4.847078035508323,0.018,90.00617980957031,0.0
-0.02183,4.847078035508323,-0.0119999999999999,90.00823974609375,0.412317158414213
-0.02183,4.847078035508323,-0.0119999999999999,90.00823974609375,0.0
-0.02183,4.847078035508323,-0.0059999999999999,90.00755310058594,-0.1404183042561459
-0.02183,4.847078035508323,-0.0059999999999999,90.00755310058594,0.0
-0.02242,4.847078035508323,-0.0059999999999999,90.00686645507812,-0.1377699654519618
-0.02242,4.847078035508323,-0.0059999999999999,90.00686645507812,0.0
-0.02242,4.847078035508323,-0.0119999999999999,90.01029968261719,0.7023787927705282
-0.02242,4.847078035508323,-0.0119999999999999,90.01029968261719,0.0
-0.02242,4.847078035508323,-0.0119999999999999,90.00411987304688,-1.3699422678591429
-0.02242,4.847078035508323,-0.0119999999999999,90.00411987304688,0.0
-0.0236,4.847078035508323,0.0119999999999999,90.00892639160156,0.9655521403549904
-0.0236,4.847078035508323,0.0119999999999999,90.00892639160156,0.0
-0.03009,4.847078035508323,-0.042,90.00617980957031,-0.546801121092924
-0.03009,4.847078035508323,-0.042,90.00617980957031,0.0
-0.03953,4.847078035508323,-0.09,90.00755310058594,0.2749881889517452
-0.03953,4.847078035508323,-0.09,90.00755310058594,0.0
-0.0519199999999999,4.857484529648948,-0.3419999999999999,90.00137329101562,-1.2234823936473178
-0.0519199999999999,4.857484529648948,-0.3419999999999999,90.00137329101562,0.0
-0.07021,4.899079988633323,-0.966,89.98764038085938,-2.7997778096330634
-0.07021,4.899079988633323,-0.966,89.98764038085938,0.0
-0.08732,4.899079988633323,-2.586,89.93202209472656,-11.11476541423011
-0.08732,4.899079988633323,-2.586,89.93202209472656,0.0
-0.08319,4.899079988633323,-5.088,89.80499267578125,-25.71966368603542
-0.08319,4.899079988633323,-5.088,89.80499267578125,0.0
-0.08319,4.847078035508323,-7.122000000000001,89.61204528808594,-41.44059014074784
-0.08319,4.847078035508323,-7.122000000000001,89.61204528808594,0.0
-0.08083,4.878267000352073,-8.501999999999999,89.35592651367188,-51.52258588091894
-0.08083,4.878267000352073,-8.501999999999999,89.35592651367188,0.0
-0.0755199999999999,4.805482576523948,-9.132,89.05998229980469,-48.94066708568863
-0.0755199999999999,4.805482576523948,-9.132,89.05998229980469,0.0
-0.07257,4.919862459336448,-9.624,88.74961853027344,-64.75355091410184
-0.07257,4.919862459336448,-9.624,88.74961853027344,0.0
-0.08142,4.899079988633323,-10.122,88.43513488769531,-62.49674931997807
-0.08142,4.899079988633323,-10.122,88.43513488769531,0.0
-0.08791,4.847078035508323,-10.422,88.10623168945312,-65.85967125394298
-0.08791,4.847078035508323,-10.422,88.10623168945312,0.0
-0.0885,4.940675447617698,-11.88,87.75192260742188,-70.45318791634217
-0.0885,4.940675447617698,-11.88,87.75192260742188,0.0
-0.08496,5.075868318711448,-13.188,87.35160827636719,-80.01485729655457
-0.08496,5.075868318711448,-13.188,87.35160827636719,0.0
-0.08319,4.857484529648948,-13.98,86.91696166992188,-86.89456346367402
-0.08319,4.857484529648948,-13.98,86.91696166992188,0.0
-0.08555,4.836671541367698,-14.759999999999998,86.44660949707031,-95.19372047188764
-0.08555,4.836671541367698,-14.759999999999998,86.44660949707031,0.0
-0.0914499999999999,4.940675447617698,-15.888,85.96664428710938,-95.34469804547436
-0.0914499999999999,4.940675447617698,-15.888,85.96664428710938,0.0
-0.0914499999999999,4.982270906602073,-17.034,85.42488098144531,-110.90344025876848
-0.0914499999999999,4.982270906602073,-17.034,85.42488098144531,0.0
-0.08555,4.899079988633323,-17.868000000000002,84.8419189453125,-121.45042419434932
-0.08555,4.899079988633323,-17.868000000000002,84.8419189453125,0.0
-0.0825999999999999,4.919862459336448,-18.57,84.27406311035156,-115.84166359871288
-0.0825999999999999,4.919862459336448,-18.57,84.27406311035156,0.0
-0.0890899999999999,4.951081941758323,-19.644,83.66981506347656,-121.33494917169254
-0.0890899999999999,4.951081941758323,-19.644,83.66981506347656,0.0
-0.08378,4.961488435898948,-20.454,82.95845031738281,-141.734358655861
-0.08378,4.961488435898948,-20.454,82.95845031738281,0.0
-0.08614,4.899079988633323,-21.336,82.30476379394531,-130.89437794103074
-0.08614,4.899079988633323,-21.336,82.30476379394531,0.0
-0.09086,4.961488435898948,-22.572,81.617431640625,-138.40760236009817
-0.09086,4.961488435898948,-22.572,81.617431640625,0.0
-0.08614,4.795076082383323,-23.55,80.82023620605469,-151.4429017040758
-0.08614,4.795076082383323,-23.55,80.82023620605469,0.0
-0.09204,5.023866365586448,-24.546,80.07179260253906,-152.24646125214315
-0.09204,5.023866365586448,-24.546,80.07179260253906,0.0
-0.08319,4.847078035508323,-25.506,79.23683166503906,-164.20077433627583
-0.08319,4.847078035508323,-25.506,79.23683166503906,0.0
-0.09558,5.023866365586448,-26.568,78.41629028320312,-164.7673457501961
-0.09558,5.023866365586448,-26.568,78.41629028320312,0.0
-0.09322,4.940675447617698,-27.498,77.50236511230469,-169.71683767846193
-0.09322,4.940675447617698,-27.498,77.50236511230469,0.0
-0.09558,5.034272859727073,-28.11,76.63375854492188,-173.06367152477236
-0.09558,5.034272859727073,-28.11,76.63375854492188,0.0
-0.0926299999999999,4.878267000352073,-29.106,75.70472717285156,-190.37528116194943
-0.0926299999999999,4.878267000352073,-29.106,75.70472717285156,0.0
-0.0867299999999999,4.899079988633323,-29.97,74.73518371582031,-196.26385769861812
-0.0867299999999999,4.899079988633323,-29.97,74.73518371582031,0.0
-0.08791,4.815889070664573,-30.138,73.74298095703125,-202.7386102960823
-0.08791,4.815889070664573,-30.138,73.74298095703125,0.0
-0.0825999999999999,4.847078035508323,-30.294,72.76382446289062,-195.16772855103224
-0.0825999999999999,4.847078035508323,-30.294,72.76382446289062,0.0
-0.08142,4.670289705430198,-29.958,71.74072265625,-206.72899709853544
-0.08142,4.670289705430198,-29.958,71.74072265625,0.0
-0.0796499999999999,4.670289705430198,-29.892,70.78010559082031,-179.5881595493959
-0.0796499999999999,4.722291658555198,-29.892,70.78010559082031,0.0
-0.08732,4.649476717148948,-29.826,69.81056213378906,-193.097681145467
-0.08732,4.649476717148948,-29.826,69.81056213378906,0.0
-0.08083,4.670289705430198,-30.066,68.83621215820312,-198.7658048931117
-0.08083,4.670289705430198,-30.066,68.83621215820312,0.0
-0.08614,4.545472810898948,-30.186,67.84194946289062,-204.0769079048744
-0.08614,4.545472810898948,-30.186,67.84194946289062,0.0
-0.0778799999999999,4.618287752305198,-30.33,66.87034606933594,-192.0544363618619
-0.0778799999999999,4.618287752305198,-30.33,66.87034606933594,0.0
-0.08614,4.659883211289573,-29.988,65.8740234375,-193.12320834191783
-0.08614,4.659883211289573,-29.988,65.8740234375,0.0
-0.0802399999999999,4.535066316758323,-29.922,64.92164611816406,-187.7345395891733
-0.0802399999999999,4.535066316758323,-29.922,64.92164611816406,0.0
-0.08378,4.535066316758323,-30.018,63.95759582519532,-190.6745041473091
-0.08378,4.535066316758323,-30.018,63.95759582519532,0.0
-0.08319,4.503877351914573,-30.204,62.98736572265625,-176.08531806519125
-0.08319,4.503877351914573,-30.204,62.98736572265625,0.0
-0.07729,4.451875398789573,-30.15,62.02537536621094,-191.97572469471328
-0.07729,4.451875398789573,-30.15,62.02537536621094,0.0
-0.08142,4.379090974961448,-29.976000000000003,61.0125732421875,-179.79799822892198
-0.08142,4.379090974961448,-29.976000000000003,61.0125732421875,0.0
-0.0743399999999999,4.379090974961448,-29.964,60.03753662109375,-195.4764677413295
-0.0743399999999999,4.379090974961448,-29.964,60.03753662109375,0.0
-0.07847,4.306276033555198,-29.592,59.10095214843751,-177.01464234665215
-0.07847,4.306276033555198,-29.592,59.10095214843751,0.0
-0.0825999999999999,4.327089021836448,-30.018,58.138275146484375,-191.9212523829873
-0.0825999999999999,4.327089021836448,-30.018,58.138275146484375,0.0
-0.0755199999999999,4.108674715195823,-30.174000000000003,57.16804504394531,-191.6314640606552
-0.0755199999999999,4.108674715195823,-30.174000000000003,57.16804504394531,0.0
-0.0796499999999999,4.202272127305198,-30.288,56.23146057128906,-185.0226141162208
-0.0796499999999999,4.202272127305198,-30.288,56.23146057128906,0.0
-0.07493,4.025483797227073,-30.216,55.20973205566406,-204.1007821863465
-0.07493,4.025483797227073,-30.216,55.20973205566406,0.0
-0.0743399999999999,4.077485750352073,-29.916,54.229888916015625,-196.00782949559627
-0.0743399999999999,4.077485750352073,-29.916,54.229888916015625,0.0
-0.07906,4.139863680039573,-29.898000000000003,53.26446533203125,-171.35668867310528
-0.07906,4.139863680039573,-29.898000000000003,53.26446533203125,0.0
-0.07611,4.004670808945823,-30.126,52.279815673828125,-206.9896275389968
-0.07611,4.004670808945823,-30.126,52.279815673828125,0.0
-0.07906,4.025483797227073,-30.126,51.31095886230469,-172.36378073711867
-0.07906,4.025483797227073,-30.126,51.31095886230469,0.0
-0.0719799999999999,3.848664949570823,-30.306,50.36476135253906,-187.96136467333855
-0.0719799999999999,3.848664949570823,-30.306,50.36476135253906,0.0
-0.07611,3.879884431992698,-30.174000000000003,49.32655334472656,-209.4850701800864
-0.07611,3.879884431992698,-30.174000000000003,49.32655334472656,0.0
-0.07021,3.838288973008323,-29.694,48.37623596191406,-195.57879868544015
-0.07021,3.838288973008323,-29.694,48.37623596191406,0.0
-0.07257,3.827882478867698,-29.778,47.43415832519531,-192.10392265880688
-0.07257,3.827882478867698,-29.778,47.43415832519531,0.0
-0.0755199999999999,3.807069490586448,-29.886,46.495513916015625,-221.8493049349363
-0.0755199999999999,3.807069490586448,-29.886,46.495513916015625,0.0
-0.07316,3.651063631211448,-30.258,45.53215026855469,-194.26570830023468
-0.07316,3.651063631211448,-30.258,45.53215026855469,0.0
-0.07021,3.547090242539573,-30.156,44.56123352050781,-192.37502438019172
-0.07021,3.547090242539573,-30.156,44.56123352050781,0.0
-0.0708,3.567872713242698,-30.132000000000005,43.54774475097656,-203.71633558417284
-0.0708,3.567872713242698,-30.132000000000005,43.54774475097656,0.0
-0.0654899999999999,3.287080476914573,-29.874,42.58712768554688,-177.89204915362023
-0.0654899999999999,3.287080476914573,-29.874,42.58712768554688,0.0
-0.07139,3.453462312852073,-29.988,41.6546630859375,-187.27949379579965
-0.07139,3.453462312852073,-29.988,41.6546630859375,0.0
-0.0719799999999999,3.328675935898948,-30.198000000000004,40.691986083984375,-192.5354003906291
-0.0719799999999999,3.328675935898948,-30.198000000000004,40.691986083984375,0.0
-0.06844,3.255891512070823,-30.228,39.69841003417969,-187.3611257410133
-0.06844,3.255891512070823,-30.228,39.69841003417969,0.0
-0.07021,3.193483064805198,-30.246,38.73435974121094,-191.77447642107185
-0.07021,3.193483064805198,-30.246,38.73435974121094,0.0
-0.06431,3.151887605820823,-30.03,37.71743774414063,-201.77023751394327
-0.06431,3.151887605820823,-30.03,37.71743774414063,0.0
-0.07139,3.151887605820823,-29.67,36.758880615234375,-175.3992916571359
-0.07139,3.151887605820823,-29.67,36.758880615234375,0.0
-0.0654899999999999,3.120668123398948,-29.862,35.75431823730469,-203.5587391954915
-0.0654899999999999,3.120668123398948,-29.862,35.75431823730469,0.0
-0.06903,3.120668123398948,-30.138,34.79713439941406,-173.68605296508417
-0.06903,2.964662264023948,-30.138,34.79713439941406,0.0
-0.0654899999999999,2.943879793320823,-30.108000000000004,33.78227233886719,-191.73664472829708
-0.0654899999999999,2.943879793320823,-30.108000000000004,33.78227233886719,0.0
-0.0654899999999999,2.943879793320823,-30.228,32.84156799316406,-167.2363281250201
-0.0654899999999999,2.839875887070823,-30.228,32.84156799316406,0.0
-0.05841,2.642274568711448,-29.952,31.82670593261719,-209.85567835956545
-0.05841,2.642274568711448,-29.952,31.82670593261719,0.0
-0.0631299999999999,2.735871980820823,-29.928,30.853729248046875,-191.60627896224688
-0.0631299999999999,2.735871980820823,-29.928,30.853729248046875,0.0
-0.06372,2.486268709336448,-29.982,29.89173889160156,-200.03958337395463
-0.06372,2.486268709336448,-29.982,29.89173889160156,0.0
-0.06254,2.538270662461448,-30.156,28.90708923339844,-197.56213045811197
-0.06254,2.538270662461448,-30.156,28.90708923339844,0.0
-0.06018,2.455079744492698,-30.27,27.9217529296875,-195.42568498830417
-0.06018,2.455079744492698,-30.27,27.9217529296875,0.0
-0.05841,2.319886873398948,-30.216,26.931610107421875,-191.5911033795609
-0.05841,2.319886873398948,-30.216,26.931610107421875,0.0
-0.05959,2.236665437852073,-29.85,25.9552001953125,-191.30288246656207
-0.05959,2.236665437852073,-29.85,25.9552001953125,0.0
-0.05959,2.288667390977073,-29.82,24.95819091796875,-204.4727804232701
-0.05959,2.288667390977073,-29.82,24.95819091796875,0.0
-0.05841,2.288667390977073,-30.036,24.02778625488281,-174.00498655059286
-0.05841,2.153474519883323,-30.036,24.02778625488281,0.0
-0.0554599999999999,2.111879060898948,-30.198000000000004,23.02459716796875,-203.362879974494
-0.0554599999999999,2.111879060898948,-30.198000000000004,23.02459716796875,0.0
-0.059,2.028688142930198,-30.204,22.035140991210938,-198.8456946860519
-0.059,2.028688142930198,-30.204,22.035140991210938,0.0
-0.05015,1.883088777695823,-30.036,21.016159057617188,-209.49464095264415
-0.05015,1.883088777695823,-30.036,21.016159057617188,0.0
-0.0542799999999999,1.851869295273948,-29.79,20.0390625,-192.98766692021556
-0.0542799999999999,1.851869295273948,-29.79,20.0390625,0.0
-0.0519199999999999,1.654267976914573,-29.832000000000004,19.064712524414062,-191.23650158700616
-0.0519199999999999,1.654267976914573,-29.832000000000004,19.064712524414062,0.0
-0.0560499999999999,1.654267976914573,-30.084000000000003,18.109588623046875,-184.49370318084428
-0.0560499999999999,1.654267976914573,-30.084000000000003,18.109588623046875,0.0
-0.0519199999999999,1.571077058945823,-30.216,17.11395263671875,-195.5678621740503
-0.0519199999999999,1.571077058945823,-30.216,17.11395263671875,0.0
-0.0519199999999999,1.498262117539573,-30.282,16.114883422851562,-200.85830596446024
-0.0519199999999999,1.498262117539573,-30.282,16.114883422851562,0.0
-0.04779,1.352662752305198,-29.922,15.093841552734377,-205.19330187242105
-0.04779,1.352662752305198,-29.922,15.093841552734377,0.0
-0.05133,1.269471834336448,-29.862,14.129791259765623,-187.7044962945625
-0.05133,1.269471834336448,-29.862,14.129791259765623,0.0
-0.05015,1.238282869492698,-29.874,13.160247802734377,-205.06418295922865
-0.05015,1.238282869492698,-29.874,13.160247802734377,0.0
-0.0472,1.207063387070823,-30.156,12.207870483398438,-191.93416350986627
-0.0472,1.207063387070823,-30.156,12.207870483398438,0.0
-0.05133,1.082277010117698,-30.042,11.256179809570312,-193.15824514475935
-0.05133,1.082277010117698,-30.042,11.256179809570312,0.0
-0.04366,1.061464021836448,-30.216,10.239944458007812,-202.07503510885272
-0.04366,1.061464021836448,-30.216,10.239944458007812,0.0
-0.04484,0.936677644883323,-29.910000000000004,9.263534545898438,-196.2632989164592
-0.04484,0.936677644883323,-29.910000000000004,9.263534545898438,0.0
-0.04425,0.801484773789573,-29.916,8.283004760742188,-196.45958428301304
-0.04425,0.801484773789573,-29.916,8.283004760742188,0.0
-0.04897,0.718263338242698,-29.988,7.312088012695312,-195.08072092569364
-0.04897,0.718263338242698,-29.988,7.312088012695312,0.0
-0.04366,0.666291902695823,-30.162000000000003,6.3397979736328125,-194.53582214133684
-0.04366,0.666291902695823,-30.162000000000003,6.3397979736328125,0.0
-0.04484,0.645478914414573,-30.258,5.3812408447265625,-198.25380122156471
-0.04484,0.645478914414573,-30.258,5.3812408447265625,0.0
-0.04248,0.4478775960551979,-30.132000000000005,4.384918212890625,-203.53884205019253
-0.04248,0.4478775960551979,-30.132000000000005,4.384918212890625,0.0
-0.03835,0.3958756429301979,-29.934,3.3885955810546875,-200.22560929174867
-0.03835,0.3958756429301979,-29.934,3.3885955810546875,0.0
-0.04307,0.3126847249614479,-29.892,2.44171142578125,-192.88738139611183
-0.04307,0.3126847249614479,-29.892,2.44171142578125,0.0
-0.0412999999999999,0.3126847249614479,-30.078,1.49688720703125,-189.11613665931904
-0.0412999999999999,0.3126847249614479,-30.078,1.49688720703125,0.0
-0.03953,0.1878678304301979,-30.036,0.516357421875,-196.3808902776115
-0.03953,0.1878678304301979,-30.036,0.516357421875,0.0
-0.0389399999999999,0.1358658773051979,-30.414,-0.454559326171875,-203.67458528362025
-0.0389399999999999,0.1358658773051979,-30.414,-0.454559326171875,0.0
-0.03658,0.0942704183208229,-30.126,-1.45843505859375,-200.614654760584
-0.03658,0.0942704183208229,-30.126,-1.45843505859375,0.0
-0.03835,0.0942704183208229,-29.97,-2.437591552734375,-175.50752718058237
-0.03835,0.0214859944926979,-29.97,-2.437591552734375,0.0
-0.03658,-0.155332853163552,-29.892,-3.358383178710937,-172.98358556767985
-0.03658,-0.155332853163552,-29.892,-3.358383178710937,0.0
-0.0359899999999999,-0.155332853163552,-30.156,-4.3505859375,-188.27376827112596
-0.0359899999999999,-0.186521818007302,-30.156,-4.3505859375,0.0
-0.0336299999999999,-0.290525724257302,-30.156,-5.354461669921875,-199.9354177299382
-0.0336299999999999,-0.290525724257302,-30.156,-5.354461669921875,0.0
-0.0324499999999999,-0.384123136366677,-30.162000000000003,-6.3191986083984375,-218.51346284851877
-0.0324499999999999,-0.384123136366677,-30.162000000000003,-6.3191986083984375,0.0
-0.03009,-0.456938077772927,-29.910000000000004,-7.321701049804687,-201.02314846727063
-0.03009,-0.456938077772927,-29.910000000000004,-7.321701049804687,0.0
-0.03068,-0.456938077772927,-29.778,-8.2781982421875,-187.88002207486025
-0.03068,-0.550535489882302,-29.778,-8.2781982421875,0.0
-0.0359899999999999,-0.644132901991677,-29.874,-9.2340087890625,-191.96837655651777
-0.0359899999999999,-0.644132901991677,-29.874,-9.2340087890625,0.0
-0.03127,-0.758512784804177,-29.916,-10.21728515625,-199.0840994507897
-0.03127,-0.758512784804177,-29.916,-10.21728515625,0.0
-0.0324499999999999,-0.904112150038552,-30.258,-11.153182983398438,-185.0331805354757
-0.0324499999999999,-0.904112150038552,-30.258,-11.153182983398438,0.0
-0.03127,-0.893736173476052,-30.198000000000004,-12.15087890625,-200.7840456533274
-0.03127,-0.893736173476052,-30.198000000000004,-12.15087890625,0.0
-0.0271399999999999,-1.080930997694802,-30.21,-13.141021728515623,-190.33887394569587
-0.0271399999999999,-1.080930997694802,-30.21,-13.141021728515623,0.0
-0.03009,-1.028929044569802,-29.97,-14.109878540039062,-207.33079638847897
-0.03009,-1.028929044569802,-29.97,-14.109878540039062,0.0
-0.0277299999999999,-1.091337491835427,-30.162000000000003,-15.10414123535156,-194.419768344223
-0.0277299999999999,-1.091337491835427,-30.162000000000003,-15.10414123535156,0.0
-0.0295,-1.091337491835427,-30.12,-16.061325073242188,-191.89732114891717
-0.0295,-1.205717374647927,-30.12,-16.061325073242188,0.0
-0.0259599999999999,-1.268125821913552,-30.21,-17.013015747070312,-191.5255934449496
-0.0259599999999999,-1.268125821913552,-30.21,-17.013015747070312,0.0
-0.0259599999999999,-1.372129728163552,-30.198000000000004,-17.982559204101562,-191.79890346808284
-0.0259599999999999,-1.372129728163552,-30.198000000000004,-17.982559204101562,0.0
-0.02242,-1.600920011366677,-30.102,-18.994674682617188,-203.97329272782383
-0.02242,-1.600920011366677,-30.102,-18.994674682617188,0.0
-0.0253699999999999,-1.548918058241677,-29.97,-19.96009826660156,-171.93652430708275
-0.0253699999999999,-1.548918058241677,-29.97,-19.96009826660156,0.0
-0.02301,-1.715330411757302,-30.108000000000004,-20.910415649414062,-186.9599415330213
-0.02301,-1.715330411757302,-30.108000000000004,-20.910415649414062,0.0
-0.02242,-1.600920011366677,-30.252,-21.91841125488281,-200.9560616963425
-0.02242,-1.600920011366677,-30.252,-21.91841125488281,0.0
-0.0236,-1.892118741835427,-30.234,-22.907867431640625,-198.60621773540905
-0.0236,-1.892118741835427,-30.234,-22.907867431640625,0.0
-0.0177,-1.985716153944802,-30.354,-23.867111206054688,-194.9682468321163
-0.0177,-1.985716153944802,-30.354,-23.867111206054688,0.0
-0.0200599999999999,-2.048124601210427,-29.964,-24.855880737304688,-196.7700559701557
-0.0200599999999999,-2.048124601210427,-29.964,-24.855880737304688,0.0
-0.0177,-2.068937589491677,-30.312,-25.835037231445312,-194.6246261459936
-0.0177,-2.068937589491677,-30.312,-25.835037231445312,0.0
-0.0206499999999999,-2.131315519179177,-30.036,-26.795654296875,-192.4313031710241
-0.0206499999999999,-2.131315519179177,-30.036,-26.795654296875,0.0
-0.01593,-2.100126554335427,-30.21,-27.752838134765625,-191.0165312094773
-0.01593,-2.100126554335427,-30.21,-27.752838134765625,0.0
-0.01829,-2.245725919569802,-30.204,-28.779373168945312,-206.6710356713432
-0.01829,-2.245725919569802,-30.204,-28.779373168945312,0.0
-0.01416,-2.391325284804177,-30.168,-29.77157592773437,-200.89142716926685
-0.01416,-2.391325284804177,-30.168,-29.77157592773437,0.0
-0.01475,-2.401731778944802,-29.832000000000004,-30.701980590820312,-185.82078352029345
-0.01475,-2.401731778944802,-29.832000000000004,-30.701980590820312,0.0
-0.01416,-2.630522062147927,-30.024,-31.68731689453125,-191.62510768392232
-0.01416,-2.630522062147927,-30.024,-31.68731689453125,0.0
-0.01534,-2.464109708632302,-30.228,-32.67059326171875,-196.4980749774653
-0.01534,-2.464109708632302,-30.228,-32.67059326171875,0.0
-0.01416,-2.651335050429177,-30.222,-33.63189697265625,-190.9621992327097
-0.01416,-2.651335050429177,-30.222,-33.63189697265625,0.0
-0.0118,-2.765714933241677,-30.372,-34.608306884765625,-190.4446873628628
-0.0118,-2.765714933241677,-30.372,-34.608306884765625,0.0
-0.01062,-2.890531827772927,-30.12,-35.61012268066406,-196.70445629262665
-0.01062,-2.890531827772927,-30.12,-35.61012268066406,0.0
-0.0100299999999999,-2.973722745741677,-30.312,-36.54945373535156,-187.11773997758877
-0.0100299999999999,-2.973722745741677,-30.312,-36.54945373535156,0.0
-0.0118,-2.973722745741677,-29.964,-37.50801086425781,-167.43355963428004
-0.0118,-2.973722745741677,-29.964,-37.50801086425781,0.0
-0.0094399999999999,-3.119322110976052,-30.276,-38.47206115722656,-183.94395973455093
-0.0094399999999999,-3.119322110976052,-30.276,-38.47206115722656,0.0
-0.0123899999999999,-3.077726651991677,-30.078,-39.42924499511719,-166.7858229466106
-0.0123899999999999,-3.077726651991677,-30.078,-39.42924499511719,0.0
-0.00826,-3.119322110976052,-30.51,-40.42213439941406,-197.3150644469177
-0.00826,-3.119322110976052,-30.51,-40.42213439941406,0.0
-0.0064899999999999,-3.119322110976052,-30.03,-41.41365051269531,-190.41984122933988
-0.0064899999999999,-3.119322110976052,-30.03,-41.41365051269531,0.0
-0.00826,-3.285734464491677,-30.09,-42.39830017089844,-198.55810812728896
-0.00826,-3.285734464491677,-30.09,-42.39830017089844,0.0
-0.0094399999999999,-3.337736417616677,-30.222,-43.35479736328125,-210.2191631610552
-0.0094399999999999,-3.337736417616677,-30.222,-43.35479736328125,0.0
-0.00531,-3.514524747694802,-30.198000000000004,-44.35455322265625,-185.6901670458977
-0.00531,-3.514524747694802,-30.198000000000004,-44.35455322265625,0.0
-0.00767,-3.483335782851052,-30.294,-45.2801513671875,-193.92376797218168
-0.00767,-3.483335782851052,-30.294,-45.2801513671875,0.0
-0.0059,-3.535337735976052,-30.258,-46.28334045410156,-201.32231324788376
-0.0059,-3.535337735976052,-30.258,-46.28334045410156,0.0
-0.00354,-3.514524747694802,-30.402,-47.25357055664063,-195.45328415374817
-0.00354,-3.514524747694802,-30.402,-47.25357055664063,0.0
-0.0047199999999999,-3.639311124647927,-30.18,-48.2080078125,-192.8935440297592
-0.0047199999999999,-3.639311124647927,-30.18,-48.2080078125,0.0
-0.0023599999999999,-3.691313077772927,-30.498000000000005,-49.19471740722656,-173.350245032728
-0.0023599999999999,-3.691313077772927,-30.498000000000005,-49.19471740722656,0.0
-0.00354,-3.826536466444802,-29.982,-50.181427001953125,-193.6243317752285
-0.00354,-3.826536466444802,-29.982,-50.181427001953125,0.0
-0.0023599999999999,-3.888914396132302,-30.438,-51.14753723144531,-188.2888773128249
-0.0023599999999999,-3.888914396132302,-30.438,-51.14753723144531,0.0
-0.0023599999999999,-3.961729337538552,-30.012,-52.11296081542969,-191.62834140225664
-0.0023599999999999,-3.961729337538552,-30.012,-52.11296081542969,0.0
-0.0005899999999999,-3.961729337538552,-30.21,-53.11134338378906,-187.70117848455743
-0.0005899999999999,-3.992918302382302,-30.21,-53.11134338378906,0.0
-0.00354,-3.992918302382302,-30.318,-54.05479431152344,-187.08128648316475
-0.00354,-3.992918302382302,-30.318,-54.05479431152344,0.0
-0.0,-3.992918302382302,-30.234,-55.06828308105469,-189.47256861677224
-0.0,-4.200926114882302,-30.234,-55.06828308105469,0.0
-0.00177,-4.034513761366677,-30.276,-56.0357666015625,-187.31529922707412
-0.00177,-4.034513761366677,-30.276,-56.0357666015625,0.0
-0.0005899999999999,-4.034513761366677,-30.378,-57.00874328613281,-188.52483715761355
-0.0005899999999999,-4.408933927382302,-30.378,-57.00874328613281,0.0
-0.0,-4.180113126601052,-30.468,-57.98446655273437,-193.25079552418805
-0.0,-4.180113126601052,-30.468,-57.98446655273437,0.0
-0.0005899999999999,-4.180113126601052,-30.102,-58.93615722656251,-182.87676284165627
-0.0005899999999999,-4.325712491835427,-30.102,-58.93615722656251,0.0
-0.0,-4.346525480116677,-30.534,-59.94003295898437,-201.09690152682865
-0.0,-4.346525480116677,-30.534,-59.94003295898437,0.0
-0.0,-4.346525480116677,-30.018,-60.92674255371094,-168.150919346736
-0.0,-4.346525480116677,-30.018,-60.92674255371094,0.0
-0.0,-4.606535245741677,-30.42,-61.89216613769531,-186.73570289834348
-0.0,-4.606535245741677,-30.42,-61.89216613769531,0.0
-0.0005899999999999,-4.440122892226052,-30.204,-62.87338256835938,-213.58651081059705
-0.0005899999999999,-4.440122892226052,-30.204,-62.87338256835938,0.0
0.0005899999999999,-4.637724210585427,-30.384,-63.83537292480469,-188.8106685859669
0.0005899999999999,-4.637724210585427,-30.384,-63.83537292480469,0.0
-0.00295,-4.512937833632302,-30.228,-64.77607727050781,-166.9691774411296
-0.00295,-4.512937833632302,-30.228,-64.77607727050781,0.0
0.0005899999999999,-4.533720304335427,-30.402,-65.77102661132812,-198.5926827984496
0.0005899999999999,-4.533720304335427,-30.402,-65.77102661132812,0.0
-0.0,-4.564909269179177,-30.33,-66.74949645996094,-194.4494929715475
-0.0,-4.564909269179177,-30.33,-66.74949645996094,0.0
-0.0,-4.814512540663552,-30.258,-67.69500732421875,-176.79709503699848
-0.0,-4.814512540663552,-30.258,-67.69500732421875,0.0
-0.0,-4.544126798476052,-30.618,-68.65493774414062,-174.2793064491189
-0.0,-4.544126798476052,-30.618,-68.65493774414062,0.0
-0.0,-4.856107999647927,-30.162000000000003,-69.65194702148438,-201.7828936133664
-0.0,-4.856107999647927,-30.162000000000003,-69.65194702148438,0.0
-0.0,-4.658537198866677,-30.72,-70.64140319824219,-202.01228598563983
-0.0,-4.658537198866677,-30.72,-70.64140319824219,0.0
-0.0,-4.772917081679177,-30.138,-71.61300659179688,-196.402545695324
-0.0,-4.772917081679177,-30.138,-71.61300659179688,0.0
0.0011799999999999,-4.772917081679177,-30.341999999999995,-72.61619567871094,-197.2451999437652
0.0011799999999999,-4.949735929335427,-30.341999999999995,-72.61619567871094,0.0
-0.0,-4.762510587538552,-29.994,-73.52874755859375,-183.64899977520133
-0.0,-4.762510587538552,-29.994,-73.52874755859375,0.0
0.00295,-5.043333341444802,-30.426,-74.5147705078125,-192.8462642712317
0.00295,-5.043333341444802,-30.426,-74.5147705078125,0.0
0.0005899999999999,-4.824919034804177,-29.592,-75.47950744628906,-191.98745044303544
0.0005899999999999,-4.824919034804177,-29.592,-75.47950744628906,0.0
0.0047199999999999,-4.824919034804177,-28.962,-76.41471862792969,-188.58866336769225
0.0047199999999999,-4.991331388319802,-28.962,-76.41471862792969,0.0
0.00413,-4.960111905897927,-27.78,-77.33482360839844,-176.63754664406656
0.00413,-4.960111905897927,-27.78,-77.33482360839844,0.0
0.0100299999999999,-5.032926847304177,-26.922,-78.22608947753906,-159.43933258330287
0.0100299999999999,-5.032926847304177,-26.922,-78.22608947753906,0.0
0.0047199999999999,-5.032926847304177,-25.716,-79.05693054199219,-166.16821289065803
0.0047199999999999,-5.032926847304177,-25.716,-79.05693054199219,0.0
0.00767,-5.032926847304177,-25.056,-79.881591796875,-147.55077024208254
0.00767,-5.084928800429177,-25.056,-79.881591796875,0.0
0.00767,-5.032926847304177,-23.688,-80.64445495605469,-153.7720538560215
0.00767,-5.032926847304177,-23.688,-80.64445495605469,0.0
0.00885,-5.032926847304177,-23.232,-81.41075134277344,-135.388054190576
0.00885,-5.032926847304177,-23.232,-81.41075134277344,0.0
0.00885,-5.032926847304177,-21.894,-82.13104248046875,-143.54147821748688
0.00885,-5.032926847304177,-21.894,-82.13104248046875,0.0
0.0100299999999999,-5.032926847304177,-21.096,-82.81974792480469,-131.33208320667205
0.0100299999999999,-5.032926847304177,-21.096,-82.81974792480469,0.0
0.01475,-5.136930753554177,-19.908,-83.49746704101562,-135.78824207791658
0.01475,-5.136930753554177,-19.908,-83.49746704101562,0.0
0.00885,-5.084928800429177,-18.528,-84.08454895019531,-117.60454911448682
0.00885,-5.084928800429177,-18.528,-84.08454895019531,0.0
0.0094399999999999,-5.043333341444802,-18.144,-84.67437744140625,-117.51912556506385
0.0094399999999999,-5.043333341444802,-18.144,-84.67437744140625,0.0
0.01416,-5.126524259413552,-17.310000000000002,-85.24909973144531,-110.54477592597446
0.01416,-5.126524259413552,-17.310000000000002,-85.24909973144531,0.0
0.0100299999999999,-5.084928800429177,-15.971999999999998,-85.75996398925781,-102.29560629004922
0.0100299999999999,-5.084928800429177,-15.971999999999998,-85.75996398925781,0.0
0.0118,-5.084928800429177,-15.18,-86.26396179199219,-90.30600299846442
0.0118,-5.084928800429177,-15.18,-86.26396179199219,0.0
0.01593,-5.032926847304177,-14.466,-86.73980712890625,-95.32158191388112
0.01593,-5.032926847304177,-14.466,-86.73980712890625,0.0
0.01593,-5.032926847304177,-13.002,-87.19917297363281,-84.05596426834097
0.01593,-5.032926847304177,-13.002,-87.19917297363281,0.0
0.0129799999999999,-5.012113859022927,-11.904,-87.57545471191406,-70.4120019238981
0.0129799999999999,-5.012113859022927,-11.904,-87.57545471191406,0.0
0.01475,-4.991331388319802,-11.255999999999998,-87.94281005859375,-74.19821181168984
0.01475,-4.991331388319802,-11.255999999999998,-87.94281005859375,0.0
0.0200599999999999,-5.032926847304177,-10.53,-88.30604553222656,-72.86569180197465
0.0200599999999999,-5.032926847304177,-10.53,-88.30604553222656,0.0
0.02242,-5.178526212538552,-9.114,-88.63975524902344,-66.8087521114735
0.02242,-5.178526212538552,-9.114,-88.63975524902344,0.0
0.01593,-5.168119718397927,-7.782000000000001,-88.91578674316406,-56.13819282907957
0.01593,-5.168119718397927,-7.782000000000001,-88.91578674316406,0.0
0.0135699999999999,-5.136930753554177,-6.45,-89.14649963378906,-46.36513075261996
0.0135699999999999,-5.136930753554177,-6.45,-89.14649963378906,0.0
0.0135699999999999,-5.032926847304177,-5.814,-89.33052062988281,-36.25315131870034
0.0135699999999999,-5.032926847304177,-5.814,-89.33052062988281,0.0
0.0129799999999999,-5.084928800429177,-5.256,-89.49874877929688,-33.076710462849064
0.0129799999999999,-5.084928800429177,-5.256,-89.49874877929688,0.0
0.0177,-5.053709318007302,-4.794,-89.65805053710938,-32.1302456257548
0.0177,-5.053709318007302,-4.794,-89.65805053710938,0.0
0.0188799999999999,-5.084928800429177,-3.738,-89.78782653808594,-25.70330777907939
0.0188799999999999,-5.084928800429177,-3.738,-89.78782653808594,0.0
0.0277299999999999,-5.105711271132302,-3.246,-89.8956298828125,-21.586572832712
0.0277299999999999,-5.105711271132302,-3.246,-89.8956298828125,0.0
0.0236,-5.209715177382302,-1.35,-89.97047424316406,-14.18312684320052
0.0236,-5.209715177382302,-1.35,-89.97047424316406,0.0
0.0236,-5.136930753554177,-0.414,-89.99862670898438,-5.91686965538437
0.0236,-5.136930753554177,-0.414,-89.99862670898438,0.0
0.02183,-5.074522306288552,-0.072,-90.00274658203125,-0.7405847648525404
0.02183,-5.074522306288552,-0.072,-90.00274658203125,0.0
0.02124,-5.084928800429177,0.0059999999999999,-90.00411987304688,-0.275872040101475
0.02124,-5.084928800429177,0.0059999999999999,-90.00411987304688,0.0
0.02183,-5.084928800429177,-0.0059999999999999,-90.00274658203125,0.2707058970283207
0.02183,-5.084928800429177,-0.0059999999999999,-90.00274658203125,0.0
0.02242,-4.949735929335427,0.0059999999999999,-90.0054931640625,-0.5372813050175584
0.02242,-4.949735929335427,0.0059999999999999,-90.0054931640625,0.0
0.02183,-5.084928800429177,-0.0,-90.00205993652344,0.6746369697509468
0.02183,-5.084928800429177,-0.0,-90.00205993652344,0.0
0.02242,-5.053709318007302,-0.03,-90.00617980957031,-0.8063951941428248
0.02242,-5.053709318007302,-0.03,-90.00617980957031,0.0
0.02242,-5.084928800429177,-0.0059999999999999,-90.00411987304688,0.4189417375305959
0.02242,-5.084928800429177,-0.0059999999999999,-90.00411987304688,0.0
0.02242,-5.032926847304177,0.018,-90.00411987304688,0.0
0.0236,-4.991331388319802,-0.0,-90.00617980957031,-0.4137249494754014
0.0236,-4.991331388319802,-0.0,-90.00617980957031,0.0
0.0241899999999999,-5.084928800429177,0.0119999999999999,-90.00343322753906,0.5389682164933293
0.0241899999999999,-5.084928800429177,0.0119999999999999,-90.00343322753906,0.0
0.0247799999999999,-5.084928800429177,0.0059999999999999,-90.00343322753906,0.0
0.0253699999999999,-5.084928800429177,-0.018,-90.00411987304688,-0.1294580520008327
0.0253699999999999,-5.084928800429177,-0.018,-90.00411987304688,0.0
0.0236,-5.084928800429177,-0.0059999999999999,-90.00480651855469,-0.1381858538564344
0.0236,-5.084928800429177,-0.0059999999999999,-90.00480651855469,0.0
0.0247799999999999,-5.084928800429177,0.0119999999999999,-90.00411987304688,0.136645872201497
0.0247799999999999,-5.084928800429177,0.0119999999999999,-90.00411987304688,0.0
0.0247799999999999,-5.084928800429177,-0.0059999999999999,-90.0054931640625,-0.2479312178417196
0.0247799999999999,-5.084928800429177,-0.0059999999999999,-90.0054931640625,0.0
0.02301,-5.084928800429177,-0.0059999999999999,-90.0054931640625,0.0
0.0241899999999999,-5.084928800429177,0.0119999999999999,-90.00480651855469,0.1369456537320239
0.0241899999999999,-5.084928800429177,0.0119999999999999,-90.00480651855469,0.0
0.0259599999999999,-5.074522306288552,0.0119999999999999,-90.00617980957031,-0.2706525454523757
0.0259599999999999,-5.074522306288552,0.0119999999999999,-90.00617980957031,0.0
0.02891,-5.084928800429177,0.0059999999999999,-90.00617980957031,0.0
0.0371699999999999,-5.012113859022927,0.054,-90.00617980957031,0.0
0.0483799999999999,-5.084928800429177,0.294,-89.99931335449219,1.270859722029574
0.0483799999999999,-5.084928800429177,0.294,-89.99931335449219,0.0
0.06667,-5.084928800429177,0.648,-89.99038696289062,1.7489011758549509
0.06667,-5.084928800429177,0.648,-89.99038696289062,0.0
0.07906,-5.084928800429177,2.55,-89.94369506835938,9.256918027604115
0.07906,-5.084928800429177,2.55,-89.94369506835938,0.0
0.0825999999999999,-5.084928800429177,3.786,-89.84413146972656,19.344005951589164
0.0825999999999999,-5.084928800429177,3.786,-89.84413146972656,0.0
0.0843699999999999,-5.209715177382302,6.3,-89.68345642089844,31.51109018006278
0.0843699999999999,-5.209715177382302,6.3,-89.68345642089844,0.0
0.0843699999999999,-5.095335294569802,7.998,-89.45274353027344,49.01484823135969
0.0843699999999999,-5.095335294569802,7.998,-89.45274353027344,0.0
0.0802399999999999,-5.126524259413552,9.312,-89.18083190917969,51.0824011072173
0.0802399999999999,-5.126524259413552,9.312,-89.18083190917969,0.0
0.08142,-5.136930753554177,10.014,-88.868408203125,66.6717255771662
0.08142,-5.136930753554177,10.014,-88.868408203125,0.0
0.0796499999999999,-5.105711271132302,10.272,-88.53263854980469,65.41392038189468
0.0796499999999999,-5.105711271132302,10.272,-88.53263854980469,0.0
0.07847,-5.074522306288552,10.53,-88.18656921386719,67.21097998398525
0.07847,-5.074522306288552,10.53,-88.18656921386719,0.0
0.08319,-5.084928800429177,11.124,-87.83157348632812,67.50251521943794
0.08319,-5.084928800429177,11.124,-87.83157348632812,0.0
0.0890899999999999,-5.105711271132302,12.522,-87.44911193847656,75.96058547201665
0.0890899999999999,-5.105711271132302,12.522,-87.44911193847656,0.0
0.08378,-5.105711271132302,13.944,-87.02201843261719,78.394549533667
0.08378,-5.084928800429177,13.944,-87.02201843261719,0.0
0.08791,-5.032926847304177,14.861999999999998,-86.55166625976562,89.74473818957792
0.08791,-5.032926847304177,14.861999999999998,-86.55166625976562,0.0
0.0820099999999999,-5.032926847304177,15.57,-86.07101440429688,87.31187201976385
0.0820099999999999,-5.084928800429177,15.57,-86.07101440429688,0.0
0.08378,-5.105711271132302,16.782,-85.53611755371094,105.17043857371192
0.08378,-5.105711271132302,16.782,-85.53611755371094,0.0
0.0867299999999999,-5.043333341444802,17.916000000000004,-84.96070861816406,118.76345418920911
0.0867299999999999,-5.043333341444802,17.916000000000004,-84.96070861816406,0.0
0.08791,-5.012113859022927,18.444,-84.36744689941406,119.97203614759748
0.08791,-5.012113859022927,18.444,-84.36744689941406,0.0
0.08378,-5.084928800429177,19.416,-83.78791809082031,115.72060874475554
0.08378,-5.084928800429177,19.416,-83.78791809082031,0.0
0.08732,-5.084928800429177,20.682,-83.14041137695312,125.2188578354906
0.08732,-5.084928800429177,20.682,-83.14041137695312,0.0
0.0914499999999999,-5.084928800429177,21.414,-82.43934631347656,138.16812445338942
0.0914499999999999,-5.084928800429177,21.414,-82.43934631347656,0.0
0.0902699999999999,-5.209715177382302,22.494,-81.72523498535156,137.5671986370656
0.0902699999999999,-5.209715177382302,22.494,-81.72523498535156,0.0
0.08791,-5.012113859022927,23.526,-80.99052429199219,152.3979865918157
0.08791,-5.012113859022927,23.526,-80.99052429199219,0.0
0.08614,-5.012113859022927,24.288,-80.22079467773438,151.7306552844269
0.08614,-5.032926847304177,24.288,-80.22079467773438,0.0
0.09322,-5.084928800429177,25.554,-79.40299987792969,165.1110033928158
0.09322,-5.084928800429177,25.554,-79.40299987792969,0.0
0.08614,-4.928922941054177,26.508,-78.59619140625,169.60447165855416
0.08614,-4.928922941054177,26.508,-78.59619140625,0.0
0.08614,-5.032926847304177,27.726,-77.72071838378906,171.32544470859264
0.08614,-5.032926847304177,27.726,-77.72071838378906,0.0
0.08555,-4.876920987929177,28.326,-76.81297302246094,183.7169320640264
0.08555,-4.876920987929177,28.326,-76.81297302246094,0.0
0.0926299999999999,-5.095335294569802,29.148,-75.87364196777344,186.52324358367943
0.0926299999999999,-5.095335294569802,29.148,-75.87364196777344,0.0
0.08732,-5.095335294569802,29.97,-74.93911743164062,165.7840227306712
0.08732,-4.856107999647927,29.97,-74.93911743164062,0.0
0.0843699999999999,-5.032926847304177,30.402,-73.93112182617188,188.05888161731855
0.0843699999999999,-5.032926847304177,30.402,-73.93112182617188,0.0
0.08614,-4.908109952772927,30.294,-72.99247741699219,186.09127858440124
0.08614,-4.908109952772927,30.294,-72.99247741699219,0.0
0.08083,-4.720915128554177,30.456,-72.01744079589844,192.50476230873272
0.08083,-4.720915128554177,30.456,-72.01744079589844,0.0
0.0796499999999999,-5.012113859022927,30.288,-71.004638671875,201.71322924182937
0.0796499999999999,-5.012113859022927,30.288,-71.004638671875,0.0
0.0843699999999999,-4.648130704726052,30.078,-70.00694274902344,197.91627114689624
0.0843699999999999,-4.648130704726052,30.078,-70.00694274902344,0.0
0.0825999999999999,-4.866514493788552,30.18,-69.08203125,182.64445083404573
0.0825999999999999,-4.866514493788552,30.18,-69.08203125,0.0
0.0767,-4.783323575819802,30.15,-68.11042785644531,192.54922583326737
0.0767,-4.783323575819802,30.15,-68.11042785644531,0.0
0.08319,-4.783323575819802,30.48,-67.13676452636719,180.97831414089504
0.08319,-4.710508634413552,30.48,-67.13676452636719,0.0
0.07847,-4.523313810194802,30.318,-66.15966796875,193.82990629183303
0.07847,-4.523313810194802,30.318,-66.15966796875,0.0
0.0825999999999999,-4.689726163710427,30.39,-65.18875122070312,194.8849353767296
0.0825999999999999,-4.689726163710427,30.39,-65.18875122070312,0.0
0.07611,-4.564909269179177,30.246,-64.22538757324219,191.1435808454519
0.07611,-4.564909269179177,30.246,-64.22538757324219,0.0
0.0802399999999999,-4.689726163710427,30.39,-63.25584411621095,201.23359423644527
0.0802399999999999,-4.689726163710427,30.39,-63.25584411621095,0.0
0.0743399999999999,-4.523313810194802,30.27,-62.26844787597656,202.00414080084352
0.0743399999999999,-4.523313810194802,30.27,-62.26844787597656,0.0
0.0825999999999999,-4.429716398085427,30.228,-61.30508422851562,190.87847185675992
0.0825999999999999,-4.429716398085427,30.228,-61.30508422851562,0.0
0.0767,-4.450529386366677,30.462000000000003,-60.343780517578125,193.2268765703522
0.0767,-4.450529386366677,30.462000000000003,-60.343780517578125,0.0
0.0755199999999999,-4.450529386366677,30.312,-59.35638427734374,203.0008717587328
0.0755199999999999,-4.180113126601052,30.312,-59.35638427734374,0.0
0.0796499999999999,-4.554533292616677,30.192,-58.4088134765625,189.70386402029945
0.0796499999999999,-4.554533292616677,30.192,-58.4088134765625,0.0
0.07729,-4.377714444960427,30.186,-57.408370971679695,199.3707662181858
0.07729,-4.377714444960427,30.186,-57.408370971679695,0.0
0.07906,-4.336118985976052,30.43200000000001,-56.44569396972656,195.90496580245136
0.07906,-4.336118985976052,30.43200000000001,-56.44569396972656,0.0
0.07316,-4.190519620741677,30.21,-55.501556396484375,194.66754087463244
0.07316,-4.190519620741677,30.21,-55.501556396484375,0.0
0.08083,-4.159330655897927,30.486,-54.53819274902344,198.38625359573703
0.08083,-4.159330655897927,30.486,-54.53819274902344,0.0
0.07139,-4.096922208632302,30.258,-53.53431701660156,188.59209701704967
0.07139,-4.096922208632302,30.258,-53.53431701660156,0.0
0.07493,-4.034513761366677,30.456,-52.5970458984375,182.95356591141643
0.07493,-4.034513761366677,30.456,-52.5970458984375,0.0
0.07139,-3.992918302382302,30.216,-51.576690673828125,201.49194798759964
0.07139,-3.992918302382302,30.216,-51.576690673828125,0.0
0.0755199999999999,-3.909727384413552,30.15,-50.60508728027344,192.77845110208065
0.0755199999999999,-3.909727384413552,30.15,-50.60508728027344,0.0
0.07021,-3.909727384413552,30.288,-49.60945129394531,195.29933038997103
0.07021,-3.868131925429177,30.288,-49.60945129394531,0.0
0.07316,-3.701719571913552,30.234,-48.599395751953125,199.85269924659636
0.07316,-3.701719571913552,30.234,-48.599395751953125,0.0
0.0708,-3.868131925429177,30.12,-47.6751708984375,183.5236007775092
0.0708,-3.868131925429177,30.12,-47.6751708984375,0.0
0.07493,-3.691313077772927,30.354,-46.68228149414063,196.9627860140468
0.07493,-3.691313077772927,30.354,-46.68228149414063,0.0
0.06667,-3.680937101210427,30.492,-45.68870544433594,194.0578222274873
0.06667,-3.680937101210427,30.492,-45.68870544433594,0.0
0.0708,-3.587309171522927,30.06,-44.71435546875,191.65027057158156
0.0708,-3.587309171522927,30.06,-44.71435546875,0.0
0.06608,-3.597715665663552,30.336,-43.73794555664063,197.05548175766464
0.06608,-3.597715665663552,30.336,-43.73794555664063,0.0
0.07139,-3.379331876601052,30.216,-42.73406982421875,202.2312112050812
0.07139,-3.379331876601052,30.216,-42.73406982421875,0.0
0.0654899999999999,-3.483335782851052,30.336,-41.76933288574219,191.9874504431033
0.0654899999999999,-3.483335782851052,30.336,-41.76933288574219,0.0
0.06608,-3.296110441054177,30.15,-40.82725524902344,186.69790660299844
0.06608,-3.296110441054177,30.15,-40.82725524902344,0.0
0.0672599999999999,-3.296110441054177,30.186,-39.82475280761719,202.23975013242068
0.0672599999999999,-3.296110441054177,30.186,-39.82475280761719,0.0
0.0654899999999999,-3.150511075819802,30.138,-38.87374877929688,190.04876665075705
0.0654899999999999,-3.150511075819802,30.138,-38.87374877929688,0.0
0.06608,-2.994535734022927,30.18,-37.87261962890625,197.69532985600637
0.06608,-2.994535734022927,30.18,-37.87261962890625,0.0
0.0654899999999999,-3.108915616835427,30.132000000000005,-36.89002990722656,193.499354407214
0.0654899999999999,-3.108915616835427,30.132000000000005,-36.89002990722656,0.0
0.06785,-2.807310392226052,30.318,-35.92185974121094,195.94619834355828
0.06785,-2.807310392226052,30.318,-35.92185974121094,0.0
0.06077,-2.911314298476052,30.402,-34.95368957519531,199.04814268407972
0.06077,-2.911314298476052,30.402,-34.95368957519531,0.0
0.06254,-2.817716886366677,29.958,-33.96766662597656,197.87737291160715
0.06254,-2.817716886366677,29.958,-33.96766662597656,0.0
0.06018,-2.859312345351052,30.06,-33.00018310546875,182.44079210029847
0.06018,-2.859312345351052,30.06,-33.00018310546875,0.0
0.0654899999999999,-2.776121427382302,30.156,-32.02583312988281,196.1646820184856
0.0654899999999999,-2.776121427382302,30.156,-32.02583312988281,0.0
0.05959,-2.734525968397927,30.354,-31.06178283691406,195.27046647129015
0.05959,-2.734525968397927,30.354,-31.06178283691406,0.0
0.05841,-2.599333097304177,30.132000000000005,-30.11421203613281,171.723595647189
0.05841,-2.599333097304177,30.132000000000005,-30.11421203613281,0.0
0.06195,-2.599333097304177,30.324,-29.13230895996093,200.88033473240827
0.06195,-2.599333097304177,30.324,-29.13230895996093,0.0
0.0560499999999999,-2.422514249647927,30.096000000000004,-28.142852783203125,174.90828650484673
0.0560499999999999,-2.422514249647927,30.096000000000004,-28.142852783203125,0.0
0.06077,-2.245725919569802,30.042,-27.18017578125,191.50129340622695
0.06077,-2.245725919569802,30.042,-27.18017578125,0.0
0.05841,-2.245725919569802,30.042,-26.24496459960937,182.19582732141453
0.05841,-2.245725919569802,30.042,-26.24496459960937,0.0
0.0542799999999999,-2.141722013319802,30.198000000000004,-25.28022766113281,191.7584850878104
0.0542799999999999,-2.141722013319802,30.198000000000004,-25.28022766113281,0.0
0.05959,-2.120909025038552,30.408,-24.30450439453125,199.00535725095867
0.05959,-2.120909025038552,30.408,-24.30450439453125,0.0
0.0507399999999999,-1.944120694960427,30.3,-23.305435180664062,201.42524473133884
0.0507399999999999,-1.944120694960427,30.3,-23.305435180664062,0.0
0.0572299999999999,-1.964933683241677,30.048,-22.350311279296875,189.2833732396289
0.0572299999999999,-1.964933683241677,30.048,-22.350311279296875,0.0
0.0519199999999999,-1.777708341444802,30.21,-21.382827758789062,192.80261468869304
0.0519199999999999,-1.777708341444802,30.21,-21.382827758789062,0.0
0.05251,-1.829710294569802,30.234,-20.39268493652344,192.33543556052683
0.05251,-1.829710294569802,30.234,-20.39268493652344,0.0
0.05133,-1.621732999647927,30.054,-19.42657470703125,191.49855886865564
0.05133,-1.621732999647927,30.054,-19.42657470703125,0.0
0.05133,-1.725736905897927,30.276,-18.43505859375,198.02598627542983
0.05133,-1.725736905897927,30.276,-18.43505859375,0.0
0.0495599999999999,-1.600920011366677,30.054,-17.452468872070312,193.0052488076317
0.0495599999999999,-1.600920011366677,30.054,-17.452468872070312,0.0
0.0472,-1.548918058241677,29.958,-16.495285034179688,177.882147907573
0.0472,-1.548918058241677,29.958,-16.495285034179688,0.0
0.0495599999999999,-1.340910245741677,29.964,-15.487289428710938,201.19672763845688
0.0495599999999999,-1.340910245741677,29.964,-15.487289428710938,0.0
0.04602,-1.268125821913552,30.192,-14.544525146484371,179.7110717168568
0.04602,-1.268125821913552,30.192,-14.544525146484371,0.0
0.0495599999999999,-1.080930997694802,30.318,-13.568801879882812,195.5749181402151
0.0495599999999999,-1.080930997694802,30.318,-13.568801879882812,0.0
0.04248,-1.028929044569802,30.318,-12.55462646484375,198.4687700663461
0.04248,-1.028929044569802,30.318,-12.55462646484375,0.0
0.0483799999999999,-0.976927091444802,29.952,-11.586456298828123,178.43165610314028
0.0483799999999999,-0.976927091444802,29.952,-11.586456298828123,0.0
0.04366,-0.904112150038552,30.048,-10.59906005859375,188.61437253757947
0.04366,-0.904112150038552,30.048,-10.59906005859375,0.0
0.0472,-0.924925138319802,30.192,-9.619216918945312,192.99648210526647
0.0472,-0.924925138319802,30.192,-9.619216918945312,0.0
0.04543,-0.727323819960427,30.066,-8.667526245117188,237.2110353509052
0.04543,-0.727323819960427,30.066,-8.667526245117188,0.0
0.04425,-0.779325773085427,30.312,-7.648544311523437,188.38638077162315
0.04425,-0.779325773085427,30.312,-7.648544311523437,0.0
0.03953,-0.612913419569802,30.156,-6.65496826171875,202.35764761810944
0.03953,-0.612913419569802,30.156,-6.65496826171875,0.0
0.0371699999999999,-0.103330900038552,30.0,-5.697784423828125,190.59813578067843
0.0371699999999999,-0.103330900038552,30.0,-5.697784423828125,0.0
0.0389399999999999,0.1254899007426979,29.7,-4.698028564453125,186.001090116313
0.0389399999999999,0.1254899007426979,29.7,-4.698028564453125,0.0
0.03953,-0.436125089491677,29.988,-3.740158081054688,176.46840151039055
0.03953,-0.436125089491677,29.988,-3.740158081054688,0.0
0.03953,-0.280119230116677,30.216,-2.76031494140625,197.66857769792085
0.03953,-0.280119230116677,30.216,-2.76031494140625,0.0
0.0359899999999999,-0.186521818007302,30.336,-1.7914581298828125,187.87217597892948
0.0359899999999999,-0.186521818007302,30.336,-1.7914581298828125,0.0
0.0377599999999999,-0.030515958632302,30.054,-0.786895751953125,209.2402370192841
0.0377599999999999,-0.030515958632302,30.054,-0.786895751953125,0.0
0.0336299999999999,0.0422684651958229,30.018,0.1723480224609375,179.39849904880953
0.0336299999999999,0.0422684651958229,30.018,0.1723480224609375,0.0
0.0377599999999999,0.0110795003520729,30.054,1.1377716064453125,191.6663855438605
0.0377599999999999,0.0110795003520729,30.054,1.1377716064453125,0.0
0.0324499999999999,0.1566788655864479,30.09,2.13958740234375,196.01169945187848
0.0324499999999999,0.1566788655864479,30.09,2.13958740234375,0.0
0.0371699999999999,0.1462723714458229,30.168,3.131103515625,198.7802953652328
0.0371699999999999,0.1462723714458229,30.168,3.131103515625,0.0
0.03127,0.3022782308208229,30.198000000000004,4.141845703125,201.9061501197908
0.03127,0.3022782308208229,30.198000000000004,4.141845703125,0.0
0.03186,0.3646866780864479,30.042,5.148468017578125,200.60229462996736
0.03186,0.3646866780864479,30.042,5.148468017578125,0.0
0.0295,0.541475008164573,29.652,6.0843658447265625,188.0445704537661
0.0295,0.541475008164573,29.652,6.0843658447265625,0.0
0.03068,0.541475008164573,29.922,7.062835693359375,186.1270398768801
0.03068,0.541475008164573,29.922,7.062835693359375,0.0
0.03009,0.624665926133323,30.012,8.042678833007812,197.7084623987985
0.03009,0.624665926133323,30.012,8.042678833007812,0.0
0.03009,0.718263338242698,30.18,9.00054931640625,193.6265379822464
0.03009,0.718263338242698,30.18,9.00054931640625,0.0
0.0295,0.811891267930198,30.12,10.000991821289062,197.59875664286955
0.0295,0.811891267930198,30.12,10.000991821289062,0.0
0.0247799999999999,0.905488680039573,30.204,10.968475341796877,183.65290822088875
0.0247799999999999,0.905488680039573,30.204,10.968475341796877,0.0
0.03009,0.947084139023948,29.886,11.971664428710938,197.0901938927757
0.03009,0.947084139023948,29.886,11.971664428710938,0.0
0.0277299999999999,0.947084139023948,30.066,12.95562744140625,203.55047842274251
0.0277299999999999,1.061464021836448,30.066,12.95562744140625,0.0
0.02832,1.051088045273948,29.982,13.884658813476562,186.58995221340604
0.02832,1.051088045273948,29.982,13.884658813476562,0.0
0.0259599999999999,1.123872469102073,30.336,14.87617492675781,185.15707064070227
0.0259599999999999,1.123872469102073,30.336,14.87617492675781,0.0
0.0236,1.227876375352073,30.192,15.873184204101562,196.06868777664295
0.0236,1.227876375352073,30.192,15.873184204101562,0.0
0.02183,1.373475740586448,29.76,16.868820190429688,210.53837731611225
0.02183,1.373475740586448,29.76,16.868820190429688,0.0
0.0236,1.415071199570823,29.874,17.795791625976562,179.36753783797695
0.0236,1.415071199570823,29.874,17.795791625976562,0.0
0.02242,1.415071199570823,30.072,18.804473876953125,218.94557216769184
0.02242,1.415071199570823,30.072,18.804473876953125,0.0
0.02183,1.539888094102073,30.204,19.76715087890625,181.3975884592832
0.02183,1.539888094102073,30.204,19.76715087890625,0.0
0.0206499999999999,1.675080965195823,30.186,20.760726928710938,157.03746638294078
0.0206499999999999,1.675080965195823,30.186,20.760726928710938,0.0
0.01829,1.758271883164573,30.258,21.752243041992188,200.38725005688804
0.01829,1.758271883164573,30.258,21.752243041992188,0.0
0.0177,1.935090730820823,29.826,22.71766662597656,184.91162305763925
0.0177,1.935090730820823,29.826,22.71766662597656,0.0
0.0188799999999999,1.924684236680198,29.832000000000004,23.697509765625,193.49193121016535
0.0188799999999999,1.924684236680198,29.832000000000004,23.697509765625,0.0
0.0200599999999999,2.007875154648948,29.826,24.649887084960938,187.69754027115684
0.0200599999999999,2.007875154648948,29.826,24.649887084960938,0.0
0.0177,2.018281648789573,30.3,25.587158203125,189.0421779273258
0.0177,2.018281648789573,30.3,25.587158203125,0.0
0.01593,2.205476473008323,30.282,26.56356811523437,184.47192747195265
0.01593,2.205476473008323,30.282,26.56356811523437,0.0
0.0118,2.288667390977073,30.012,27.58460998535156,203.9636176822976
0.0118,2.288667390977073,30.012,27.58460998535156,0.0
0.01534,2.236665437852073,29.73,28.513641357421875,184.84507999804148
0.01534,2.236665437852073,29.73,28.513641357421875,0.0
0.0129799999999999,2.413484285508323,29.916,29.47837829589844,194.3466838187664
0.0129799999999999,2.413484285508323,29.916,29.47837829589844,0.0
0.01593,2.351075838242698,29.904,30.43075561523438,189.2641731589729
0.01593,2.351075838242698,29.904,30.43075561523438,0.0
0.01416,2.475862215195823,30.114,31.40922546386719,196.4798892835665
0.01416,2.475862215195823,30.114,31.40922546386719,0.0
0.01062,2.579866121445823,30.408,32.39112854003906,198.40433949710896
0.01062,2.579866121445823,30.408,32.39112854003906,0.0
0.00767,2.579866121445823,30.084000000000003,33.365478515625,163.59133236842263
0.00767,2.579866121445823,30.084000000000003,33.365478515625,0.0
0.01062,2.652681062852073,29.886,34.33845520019531,193.1659091861637
0.01062,2.652681062852073,29.886,34.33845520019531,0.0
0.0129799999999999,2.652681062852073,29.868,35.300445556640625,182.95746604128405
0.0129799999999999,2.746278474961448,29.868,35.300445556640625,0.0
0.00826,2.808686922227073,30.21,36.234283447265625,188.27376827114963
0.00826,2.808686922227073,30.21,36.234283447265625,0.0
0.01062,2.985475252305198,30.09,37.220306396484375,187.70663415549225
0.01062,2.985475252305198,30.09,37.220306396484375,0.0
0.00826,2.975068758164573,30.198000000000004,38.20976257324219,200.2137144390645
0.00826,2.975068758164573,30.198000000000004,38.20976257324219,0.0
0.00531,3.141481111680198,29.814,39.20265197753906,177.52358381846688
0.00531,3.141481111680198,29.814,39.20265197753906,0.0
0.0047199999999999,3.172670076523948,29.94,40.19004821777344,202.5012797855802
0.0047199999999999,3.172670076523948,29.94,40.19004821777344,0.0
0.00826,3.224672029648948,29.874,41.14517211914063,192.5264868711108
0.00826,3.224672029648948,29.874,41.14517211914063,0.0
0.0064899999999999,3.307862947617698,30.138,42.08930969238281,189.7001352706724
0.0064899999999999,3.307862947617698,30.138,42.08930969238281,0.0
0.00767,3.162263582383323,30.222,43.06297302246094,192.84280651182317
0.00767,3.162263582383323,30.222,43.06297302246094,0.0
0.0023599999999999,3.380677889023948,30.246,44.09088134765625,206.1589099870748
0.0023599999999999,3.380677889023948,30.246,44.09088134765625,0.0
0.00354,3.463868806992698,29.802,45.06385803222656,198.4856557670452
0.00354,3.463868806992698,29.802,45.06385803222656,0.0
0.00295,3.401490877305198,29.724,46.03683471679688,193.7428682935605
0.00295,3.401490877305198,29.724,46.03683471679688,0.0
0.0023599999999999,3.453462312852073,30.15,47.01255798339844,193.2125280398865
0.0023599999999999,3.453462312852073,30.15,47.01255798339844,0.0
0.0023599999999999,3.526277254258323,30.162000000000003,47.98072814941406,195.19559798700072
0.0023599999999999,3.526277254258323,30.162000000000003,47.98072814941406,0.0
0.00413,3.578279207383323,30.341999999999995,48.97361755371094,197.0018659320177
0.00413,3.578279207383323,30.341999999999995,48.97361755371094,0.0
0.0005899999999999,3.786287019883323,30.006,49.96238708496094,196.73090554115203
0.0005899999999999,3.786287019883323,30.006,49.96238708496094,0.0
0.0005899999999999,3.682283113633323,29.868,50.92781066894531,163.2989824060565
0.0005899999999999,3.682283113633323,29.868,50.92781066894531,0.0
0.0023599999999999,3.848664949570823,29.664,51.88087463378906,188.8751416654241
0.0023599999999999,3.848664949570823,29.664,51.88087463378906,0.0
0.00177,3.973481844102073,30.006,52.8662109375,198.5364303266024
0.00177,3.973481844102073,30.006,52.8662109375,0.0
0.00354,3.765474031602073,30.078,53.831634521484375,195.3112652203555
0.00354,3.765474031602073,30.078,53.831634521484375,0.0
-0.0,4.025483797227073,30.576,54.82383728027344,198.0444628322025
-0.0,4.025483797227073,30.576,54.82383728027344,0.0
0.0005899999999999,3.869477937852073,29.76,55.83045959472656,199.64742452463616
0.0005899999999999,3.869477937852073,29.76,55.83045959472656,0.0
-0.0,4.098268221055198,29.772,56.81648254394531,195.21341303077008
-0.0,4.098268221055198,29.772,56.81648254394531,0.0
-0.0,4.077485750352073,30.108000000000004,57.745513916015625,182.9161984780344
-0.0,4.077485750352073,30.108000000000004,57.745513916015625,0.0
-0.0,4.119081209336448,30.06,58.74458312988281,206.12114996221533
-0.0,4.119081209336448,30.06,58.74458312988281,0.0
0.00177,4.067079256211448,30.3,59.71138000488281,179.20238646895146
0.00177,4.067079256211448,30.3,59.71138000488281,0.0
-0.0,4.202272127305198,30.108000000000004,60.70289611816406,199.0196935529683
-0.0,4.202272127305198,30.108000000000004,60.70289611816406,0.0
-0.0,4.171083162461448,30.03,61.700592041015625,198.7046251447334
-0.0,4.171083162461448,30.03,61.700592041015625,0.0
-0.0,4.431062410508323,29.664,62.677688598632805,196.40131811407812
-0.0,4.431062410508323,29.664,62.677688598632805,0.0
-0.0,4.285463045273948,30.192,63.67057800292969,206.2503955747723
-0.0,4.285463045273948,30.192,63.67057800292969,0.0
-0.0,4.389466951523948,30.006,64.61334228515625,187.9514119272322
-0.0,4.389466951523948,30.006,64.61334228515625,0.0
-0.0005899999999999,4.483064363633323,30.474,65.61859130859375,199.0198026998937
-0.0005899999999999,4.483064363633323,30.474,65.61859130859375,0.0
-0.0,4.264680574570823,29.958,66.57096862792969,189.4147413158428
-0.0,4.264680574570823,29.958,66.57096862792969,0.0
-0.0,4.503877351914573,29.802,67.55287170410156,212.4411674972668
-0.0,4.503877351914573,29.802,67.55287170410156,0.0
0.0005899999999999,4.295869539414573,30.072,68.49357604980469,188.5179049505493
0.0005899999999999,4.295869539414573,30.072,68.49357604980469,0.0
-0.0,4.545472810898948,30.126,69.45144653320312,170.8042944719428
-0.0,4.545472810898948,30.126,69.45144653320312,0.0
0.0005899999999999,4.483064363633323,30.216,70.44570922851562,201.92174965718448
0.0005899999999999,4.483064363633323,30.216,70.44570922851562,0.0
-0.0005899999999999,4.597474764023948,30.294,71.39808654785156,198.78466277097957
-0.0005899999999999,4.597474764023948,30.294,71.39808654785156,0.0
-0.0005899999999999,4.503877351914573,30.294,72.37861633300781,198.00682252753808
-0.0005899999999999,4.503877351914573,30.294,72.37861633300781,0.0
-0.00177,4.670289705430198,29.754,73.33236694335938,192.94974921142872
-0.00177,4.670289705430198,29.754,73.33236694335938,0.0
-0.00177,4.587068269883323,29.976000000000003,74.30877685546875,192.69980503439956
-0.00177,4.587068269883323,29.976000000000003,74.30877685546875,0.0
-0.0023599999999999,4.743074129258323,29.436,75.26321411132812,192.46566966313225
-0.0023599999999999,4.743074129258323,29.436,75.26321411132812,0.0
-0.00413,4.618287752305198,29.016,76.20872497558594,190.5887652203577
-0.00413,4.618287752305198,29.016,76.20872497558594,0.0
-0.0047199999999999,4.815889070664573,27.918000000000003,77.12059020996094,185.26315204704565
-0.0047199999999999,4.815889070664573,27.918000000000003,77.12059020996094,0.0
-0.00826,4.753480623398948,27.03,78.03863525390625,188.5489923896972
-0.00826,4.753480623398948,27.03,78.03863525390625,0.0
-0.00767,4.867891023789573,25.686,78.86260986328125,166.59413857156156
-0.00767,4.867891023789573,25.686,78.86260986328125,0.0
-0.00708,4.722291658555198,24.96,79.68658447265625,166.59413857156156
-0.00708,4.722291658555198,24.96,79.68658447265625,0.0
-0.00826,4.888673494492698,23.874,80.51467895507812,164.82772341203653
-0.00826,4.888673494492698,23.874,80.51467895507812,0.0
-0.0064899999999999,4.545472810898948,22.992,81.23428344726562,146.52911671503085
-0.0064899999999999,4.545472810898948,22.992,81.23428344726562,0.0
-0.00885,4.722291658555198,22.056,81.97174072265625,148.6509323504122
-0.00885,4.722291658555198,22.056,81.97174072265625,0.0
-0.00708,4.826265047227073,21.126,82.65426635742188,137.08086659284967
-0.00708,4.826265047227073,21.126,82.65426635742188,0.0
-0.0129799999999999,4.847078035508323,20.424,83.35121154785156,140.51314323187776
-0.0129799999999999,4.847078035508323,20.424,83.35121154785156,0.0
-0.01475,4.899079988633323,18.936,83.9849853515625,131.1617971255973
-0.01475,4.899079988633323,18.936,83.9849853515625,0.0
-0.00708,4.826265047227073,17.568,84.56657409667969,119.08041464314526
-0.00708,4.826265047227073,17.568,84.56657409667969,0.0
-0.0123899999999999,4.951081941758323,17.136,85.12962341308594,119.16387648808175
-0.0123899999999999,4.951081941758323,17.136,85.12962341308594,0.0
-0.0123899999999999,4.899079988633323,16.092,85.68168640136719,115.54269323596928
-0.0123899999999999,4.899079988633323,16.092,85.68168640136719,0.0
-0.0118,4.878267000352073,15.036,86.17332458496094,99.20060201649596
-0.0118,4.878267000352073,15.036,86.17332458496094,0.0
-0.01475,4.867891023789573,14.627999999999998,86.62925720214844,89.83893934726417
-0.01475,4.867891023789573,14.627999999999998,86.62925720214844,0.0
-0.01593,4.836671541367698,13.38,87.0941162109375,91.3458457042463
-0.01593,4.836671541367698,13.38,87.0941162109375,0.0
-0.01534,4.899079988633323,12.042,87.52052307128906,84.25347961899844
-0.01534,4.899079988633323,12.042,87.52052307128906,0.0
-0.0129799999999999,4.847078035508323,10.956,87.87895202636719,70.14265265718937
-0.0129799999999999,4.847078035508323,10.956,87.87895202636719,0.0
-0.0135699999999999,4.784669588242698,10.272,88.21197509765625,62.247303044684976
-0.0135699999999999,4.784669588242698,10.272,88.21197509765625,0.0
-0.01829,4.847078035508323,9.672,88.54774475097656,68.3987886168706
-0.01829,4.847078035508323,9.672,88.54774475097656,0.0
-0.01829,4.857484529648948,8.405999999999999,88.84986877441406,61.270335314855664
-0.01829,4.857484529648948,8.405999999999999,88.84986877441406,0.0
-0.0194699999999999,4.847078035508323,7.2,89.10530090332031,51.178547166144845
-0.0194699999999999,4.847078035508323,7.2,89.10530090332031,0.0
-0.01652,4.888673494492698,5.682,89.31266784667969,42.27664492548222
-0.01652,4.888673494492698,5.682,89.31266784667969,0.0
-0.01593,4.878267000352073,5.046,89.48158264160156,33.47498908479418
-0.01593,4.878267000352073,5.046,89.48158264160156,0.0
-0.01534,4.867891023789573,4.194,89.63401794433594,30.932488379542896
-0.01534,4.867891023789573,4.194,89.63401794433594,0.0
-0.01829,4.847078035508323,3.63,89.75898742675781,24.834952786541503
-0.01829,4.847078035508323,3.63,89.75898742675781,0.0
-0.0177,4.888673494492698,2.682,89.85786437988281,18.927441256692987
-0.0177,4.888673494492698,2.682,89.85786437988281,0.0
-0.01829,4.847078035508323,1.578,89.92240905761719,12.921857404276768
-0.01829,4.847078035508323,1.578,89.92240905761719,0.0
-0.0206499999999999,4.857484529648948,0.948,89.96223449707031,6.289551398155745
-0.0206499999999999,4.857484529648948,0.948,89.96223449707031,0.0
-0.0188799999999999,4.878267000352073,0.42,89.9835205078125,4.24700932605439
-0.0188799999999999,4.878267000352073,0.42,89.9835205078125,0.0
-0.0200599999999999,4.847078035508323,0.24,89.9945068359375,2.197265624998876
-0.0200599999999999,4.847078035508323,0.24,89.9945068359375,0.0
-0.0206499999999999,4.847078035508323,0.108,90.00068664550781,1.2578484775726693
-0.0206499999999999,4.847078035508323,0.108,90.00068664550781,0.0
-0.0200599999999999,4.847078035508323,0.09,90.00137329101562,0.1358886815382854
-0.0200599999999999,4.847078035508323,0.09,90.00137329101562,0.0
-0.0200599999999999,4.847078035508323,0.036,90.00686645507812,1.116269876549593
-0.0200599999999999,4.847078035508323,0.036,90.00686645507812,0.0
-0.0200599999999999,4.847078035508323,0.018,90.01029968261719,0.6888498272596867
-0.0200599999999999,4.847078035508323,0.018,90.01029968261719,0.0
-0.0200599999999999,4.857484529648948,0.018,90.00892639160156,-0.2736184530037379
-0.0200599999999999,4.857484529648948,0.018,90.00892639160156,0.0
-0.0206499999999999,4.847078035508323,0.03,90.00892639160156,0.0
-0.02124,4.847078035508323,-0.0,90.00823974609375,-0.1386322446623138
-0.02124,4.847078035508323,-0.0,90.00823974609375,0.0
-0.02242,4.847078035508323,-0.0119999999999999,90.00892639160156,0.1370549915793789
-0.02242,4.847078035508323,-0.0119999999999999,90.00892639160156,0.0
-0.02242,4.847078035508323,-0.0,90.01029968261719,0.2548795500417619
-0.02242,4.847078035508323,-0.0,90.01029968261719,0.0
-0.02183,4.847078035508323,0.0059999999999999,90.01029968261719,0.0
-0.02183,4.847078035508323,-0.0119999999999999,90.00755310058594,-0.553858042196064
-0.02183,4.847078035508323,-0.0119999999999999,90.00755310058594,0.0
-0.02242,4.857484529648948,-0.0,90.010986328125,0.6835014013660342
-0.02242,4.857484529648948,-0.0,90.010986328125,0.0
-0.02242,4.847078035508323,-0.0119999999999999,90.00686645507812,-0.8413055027313143
-0.02242,4.847078035508323,-0.0119999999999999,90.00686645507812,0.0
-0.0241899999999999,4.847078035508323,-0.0,90.00823974609375,0.2811240564226315
-0.0241899999999999,4.847078035508323,-0.0,90.00823974609375,0.0
-0.0247799999999999,4.847078035508323,0.0059999999999999,90.00686645507812,-0.2735639473355592
-0.0247799999999999,4.847078035508323,0.0059999999999999,90.00686645507812,0.0
-0.0247799999999999,4.847078035508323,0.0059999999999999,90.00755310058594,0.135113244355129
-0.0247799999999999,4.847078035508323,0.0059999999999999,90.00755310058594,0.0
-0.0295,4.878267000352073,-0.03,90.00686645507812,-0.1378252725436068
-0.0295,4.878267000352073,-0.03,90.00686645507812,0.0
-0.03835,4.878267000352073,-0.072,90.00686645507812,0.0
-0.03835,4.847078035508323,-0.072,90.00686645507812,0.0
-0.0519199999999999,4.847078035508323,-0.282,90.00480651855469,-0.3913253274007127
-0.0519199999999999,4.847078035508323,-0.282,90.00480651855469,0.0
-0.0672599999999999,4.888673494492698,-0.834,89.9945068359375,-2.100689907644834
-0.0672599999999999,4.888673494492698,-0.834,89.9945068359375,0.0
-0.08496,4.899079988633323,-2.16,89.95193481445312,-8.57269864767994
-0.08496,4.899079988633323,-2.16,89.95193481445312,0.0
-0.0825999999999999,4.899079988633323,-4.806,89.83314514160156,-23.13784044635844
-0.0825999999999999,4.940675447617698,-4.806,89.83314514160156,0.0
-0.0796499999999999,4.888673494492698,-6.774,89.65187072753906,-36.45905351217808
-0.0796499999999999,4.888673494492698,-6.774,89.65187072753906,0.0
-0.08378,4.888673494492698,-8.238,89.39987182617188,-49.103449214152015
-0.08378,4.899079988633323,-8.238,89.39987182617188,0.0
-0.0719799999999999,4.982270906602073,-9.072,89.110107421875,-58.514621223124
-0.0719799999999999,4.982270906602073,-9.072,89.110107421875,0.0
-0.0802399999999999,4.982270906602073,-9.51,88.81484985351562,-52.68693225540407
-0.0802399999999999,4.899079988633323,-9.51,88.81484985351562,0.0
-0.0825999999999999,4.847078035508323,-9.816,88.48251342773438,-66.84159810565983
-0.0825999999999999,4.847078035508323,-9.816,88.48251342773438,0.0
-0.08378,4.961488435898948,-10.326,88.14537048339844,-64.02258722669609
-0.08378,4.961488435898948,-10.326,88.14537048339844,0.0
-0.08083,4.982270906602073,-11.682,87.80616760253906,-68.48432886318304
-0.08083,4.982270906602073,-11.682,87.80616760253906,0.0
-0.08732,4.951081941758323,-12.906,87.41889953613281,-77.40716897988473
-0.08732,4.951081941758323,-12.906,87.41889953613281,0.0
-0.0802399999999999,4.982270906602073,-14.154,86.97463989257812,-88.07685240970387
-0.0802399999999999,4.982270906602073,-14.154,86.97463989257812,0.0
-0.0843699999999999,4.940675447617698,-14.604,86.51596069335938,-93.22747951596756
-0.0843699999999999,4.940675447617698,-14.604,86.51596069335938,0.0
-0.08142,5.013490389023948,-15.528,86.04286193847656,-96.06066088990984
-0.08142,5.013490389023948,-15.528,86.04286193847656,0.0
-0.0802399999999999,5.055085848008323,-16.799999999999997,85.51277160644531,-106.20924304371997
-0.0802399999999999,5.055085848008323,-16.799999999999997,85.51277160644531,0.0
-0.0802399999999999,4.899079988633323,-17.628,84.95246887207031,-113.51351993008883
-0.0802399999999999,4.899079988633323,-17.628,84.95246887207031,0.0
-0.09086,4.899079988633323,-18.324,84.36126708984375,-121.77173681290714
-0.09086,4.847078035508323,-18.324,84.36126708984375,0.0
-0.0843699999999999,5.023866365586448,-19.65,83.74603271484375,-122.41034122560572
-0.0843699999999999,5.023866365586448,-19.65,83.74603271484375,0.0
-0.09086,5.023866365586448,-20.436,83.06625366210938,-134.7698359902137
-0.09086,4.919862459336448,-20.436,83.06625366210938,0.0
-0.0914499999999999,4.919862459336448,-21.12,82.38372802734375,-140.03398333319487
-0.0914499999999999,4.919862459336448,-21.12,82.38372802734375,0.0
-0.0914499999999999,4.951081941758323,-22.410000000000004,81.67922973632812,-123.59619140630694
-0.0914499999999999,4.951081941758323,-22.410000000000004,81.67922973632812,0.0
-0.09204,4.857484529648948,-23.322,80.95893859863281,-143.51287860046054
-0.09204,4.857484529648948,-23.322,80.95893859863281,0.0
-0.08732,5.023866365586448,-24.534,80.16654968261719,-181.86571402704544
-0.08732,5.023866365586448,-24.534,80.16654968261719,0.0
-0.0926299999999999,5.023866365586448,-25.35,79.33090209960938,-168.17218414328067
-0.0926299999999999,5.023866365586448,-25.35,79.33090209960938,0.0
-0.08614,5.096681306992698,-26.37,78.53713989257812,-157.43002916130928
-0.08614,5.096681306992698,-26.37,78.53713989257812,0.0
-0.08496,4.919862459336448,-27.546,77.63351440429688,-180.0409420763321
-0.08496,4.919862459336448,-27.546,77.63351440429688,0.0
-0.08496,4.982270906602073,-28.056,76.72096252441406,-182.14608380899452
-0.08496,4.982270906602073,-28.056,76.72096252441406,0.0
-0.09086,4.899079988633323,-29.07,75.78094482421875,-158.49227789500196
-0.09086,4.899079988633323,-29.07,75.78094482421875,0.0
-0.0926299999999999,4.899079988633323,-29.922,74.84779357910156,-186.2577335563759
-0.0926299999999999,4.899079988633323,-29.922,74.84779357910156,0.0
-0.0825999999999999,4.763887117539573,-30.21,73.82537841796875,-206.5902528051807
-0.0825999999999999,4.763887117539573,-30.21,73.82537841796875,0.0
-0.08732,4.847078035508323,-30.264000000000003,72.86750793457031,-192.57548922362335
-0.08732,4.847078035508323,-30.264000000000003,72.86750793457031,0.0
-0.07906,4.670289705430198,-30.036,71.89315795898438,-208.41710707725605
-0.07906,4.670289705430198,-30.036,71.89315795898438,0.0
-0.08319,4.722291658555198,-29.856,70.91331481933594,-195.5384433543215
-0.08319,4.722291658555198,-29.856,70.91331481933594,0.0
-0.08378,4.670289705430198,-29.742,69.9664306640625,-200.1446111336965
-0.08378,4.670289705430198,-29.742,69.9664306640625,0.0
-0.08142,4.732667635117698,-30.042,68.99002075195312,-202.91145305676267
-0.08142,4.732667635117698,-30.042,68.99002075195312,0.0
-0.08555,4.535066316758323,-30.114,68.02116394042969,-194.74508774333688
-0.08555,4.535066316758323,-30.114,68.02116394042969,0.0
-0.0796499999999999,4.670289705430198,-30.264000000000003,67.05848693847656,-206.1848365716778
-0.0796499999999999,4.670289705430198,-30.264000000000003,67.05848693847656,0.0
-0.08378,4.545472810898948,-30.072,66.07177734375,-190.96373035156475
-0.08378,4.545472810898948,-30.072,66.07177734375,0.0
-0.07906,4.524690340195823,-29.928,65.05485534667969,-209.286272292729
-0.07906,4.524690340195823,-29.928,65.05485534667969,0.0
-0.08496,4.545472810898948,-30.042,64.11415100097656,-185.03232606276725
-0.08496,4.545472810898948,-30.042,64.11415100097656,0.0
-0.07906,4.503877351914573,-30.288,63.13980102539063,-197.2767717323105
-0.07906,4.503877351914573,-30.288,63.13980102539063,0.0
-0.0825999999999999,4.503877351914573,-30.108000000000004,62.159271240234375,-203.7252826004184
-0.0825999999999999,4.503877351914573,-30.108000000000004,62.159271240234375,0.0
-0.0767,4.337464998398948,-30.168,61.14646911621094,-201.67306332604065
-0.0767,4.337464998398948,-30.168,61.14646911621094,0.0
-0.0796499999999999,4.379090974961448,-30.036,60.150146484375,-202.50459996671648
-0.0796499999999999,4.379090974961448,-30.036,60.150146484375,0.0
-0.07611,4.379090974961448,-29.628,59.155197143554695,-179.3671066919616
-0.07611,4.379090974961448,-29.628,59.155197143554695,0.0
-0.08142,4.379090974961448,-29.94,58.19732666015625,-193.86166431869796
-0.08142,4.379090974961448,-29.94,58.19732666015625,0.0
-0.0796499999999999,4.150270174180198,-30.15,57.22434997558594,-196.40223749913687
-0.0796499999999999,4.150270174180198,-30.15,57.22434997558594,0.0
-0.07729,4.212678621445823,-30.336,56.24382019042969,-196.3415669115461
-0.07729,4.212678621445823,-30.336,56.24382019042969,0.0
-0.07316,4.025483797227073,-30.162000000000003,55.22964477539063,-203.93633923957324
-0.07316,4.025483797227073,-30.162000000000003,55.22964477539063,0.0
-0.07257,4.150270174180198,-29.934,54.26765441894531,-193.4815680703101
-0.07257,4.150270174180198,-29.934,54.26765441894531,0.0
-0.08142,4.098268221055198,-29.838,53.28300476074219,-202.4778240187266
-0.08142,4.098268221055198,-29.838,53.28300476074219,0.0
-0.07257,3.983888338242698,-30.12,52.3223876953125,-191.89314131643195
-0.07257,3.983888338242698,-30.12,52.3223876953125,0.0
-0.0796499999999999,4.025483797227073,-30.168,51.33636474609375,-197.758313120534
-0.0796499999999999,4.025483797227073,-30.168,51.33636474609375,0.0
-0.07021,3.848664949570823,-30.312,50.35926818847656,-191.96396023916515
-0.07021,3.848664949570823,-30.312,50.35926818847656,0.0
-0.0767,3.879884431992698,-30.18,49.351959228515625,-202.0679959802172
-0.0767,3.879884431992698,-30.18,49.351959228515625,0.0
-0.07139,3.848664949570823,-29.658,48.37211608886719,-199.6420414931472
-0.07139,3.848664949570823,-29.658,48.37211608886719,0.0
-0.0755199999999999,3.807069490586448,-29.754,47.41424560546875,-193.2749159399607
-0.0755199999999999,3.807069490586448,-29.754,47.41424560546875,0.0
-0.0778799999999999,3.744691560898948,-29.946,46.46873474121094,-182.14426204157627
-0.0778799999999999,3.744691560898948,-29.946,46.46873474121094,0.0
-0.0696199999999999,3.682283113633323,-30.228,45.48408508300781,-203.8190143248302
-0.0696199999999999,3.682283113633323,-30.228,45.48408508300781,0.0
-0.0743399999999999,3.453462312852073,-30.204,44.512481689453125,-195.10108304311925
-0.0743399999999999,3.453462312852073,-30.204,44.512481689453125,0.0
-0.06903,3.526277254258323,-30.084000000000003,43.52508544921875,-196.92785006672025
-0.06903,3.526277254258323,-30.084000000000003,43.52508544921875,0.0
-0.0708,3.328675935898948,-29.892,42.53013610839844,-186.5296851931146
-0.0708,3.328675935898948,-29.892,42.53013610839844,0.0
-0.07139,3.328675935898948,-30.012,41.58462524414063,-183.52307147864923
-0.07139,3.453462312852073,-30.012,41.58462524414063,0.0
-0.0654899999999999,3.328675935898948,-30.066,40.645294189453125,-188.77231806423984
-0.0654899999999999,3.328675935898948,-30.066,40.645294189453125,0.0
-0.0708,3.255891512070823,-30.168,39.6771240234375,-193.36332454865448
-0.0708,3.255891512070823,-30.168,39.6771240234375,0.0
-0.07021,3.214265535508323,-30.294,38.7322998046875,-189.3814830125553
-0.07021,3.214265535508323,-30.294,38.7322998046875,0.0
-0.06254,3.151887605820823,-30.072,37.7325439453125,-200.8751977848008
-0.06254,3.151887605820823,-30.072,37.7325439453125,0.0
-0.07021,3.151887605820823,-29.718,36.756134033203125,-196.5398373811899
-0.07021,3.151887605820823,-29.718,36.756134033203125,0.0
-0.0654899999999999,3.027070711289573,-29.898000000000003,35.79963684082031,-196.8101218894371
-0.0654899999999999,3.027070711289573,-29.898000000000003,35.79963684082031,0.0
-0.0672599999999999,2.964662264023948,-30.162000000000003,34.82185363769531,-209.19623515719027
-0.0672599999999999,2.964662264023948,-30.162000000000003,34.82185363769531,0.0
-0.06608,2.943879793320823,-30.138,33.8543701171875,-192.91795025080185
-0.06608,2.943879793320823,-30.138,33.8543701171875,0.0
-0.06254,2.808686922227073,-30.204,32.899932861328125,-193.44087066470084
-0.06254,2.808686922227073,-30.204,32.899932861328125,0.0
-0.06372,2.756684969102073,-29.928,31.883697509765625,-205.5076545121621
-0.06372,2.756684969102073,-29.928,31.883697509765625,0.0
-0.06077,2.756684969102073,-29.976000000000003,30.93955993652344,-189.20592650132832
-0.06077,2.756684969102073,-29.976000000000003,30.93955993652344,0.0
-0.06372,2.527864168320823,-29.94,29.9761962890625,-197.2489040665093
-0.06372,2.527864168320823,-29.94,29.9761962890625,0.0
-0.06431,2.579866121445823,-30.192,29.014205932617188,-194.02790569683768
-0.06431,2.579866121445823,-30.192,29.014205932617188,0.0
-0.0554599999999999,2.455079744492698,-30.174000000000003,28.05084228515625,-191.10566305505685
-0.0554599999999999,2.455079744492698,-30.174000000000003,28.05084228515625,0.0
-0.06018,2.403077791367698,-30.234,27.03598022460937,-204.0333857150655
-0.06018,2.403077791367698,-30.234,27.03598022460937,0.0
-0.0536899999999999,2.288667390977073,-29.82,26.06163024902344,-196.40193017247057
-0.0536899999999999,2.288667390977073,-29.82,26.06163024902344,0.0
-0.06195,2.257478426133323,-29.904,25.08384704589844,-194.6611991090465
-0.06195,2.257478426133323,-29.904,25.08384704589844,0.0
-0.05959,2.153474519883323,-30.036,24.132843017578125,-178.9283214149394
-0.05959,2.153474519883323,-30.036,24.132843017578125,0.0
-0.0560499999999999,2.111879060898948,-30.12,23.1591796875,-193.72529448427332
-0.0560499999999999,2.111879060898948,-30.12,23.1591796875,0.0
-0.05664,1.997468660508323,-30.18,22.176589965820312,-200.3241022792094
-0.05664,1.997468660508323,-30.18,22.176589965820312,0.0
-0.05133,1.935090730820823,-30.12,21.177520751953125,-202.3636244413276
-0.05133,1.935090730820823,-30.12,21.177520751953125,0.0
-0.0536899999999999,1.841462801133323,-29.856,20.186004638671875,-201.32306868654544
-0.0536899999999999,1.841462801133323,-29.856,20.186004638671875,0.0
-0.05133,1.799867342148948,-29.7,19.232940673828125,-193.16253847669407
-0.05133,1.799867342148948,-29.7,19.232940673828125,0.0
-0.0572299999999999,1.716676424180198,-29.964,18.25790405273437,-194.92935247771825
-0.0572299999999999,1.716676424180198,-29.964,18.25790405273437,0.0
-0.05015,1.571077058945823,-30.132000000000005,17.264328002929688,-197.29468820583568
-0.05015,1.571077058945823,-30.132000000000005,17.264328002929688,0.0
-0.0548699999999999,1.519075105820823,-30.258,16.294784545898438,-192.14099425906252
-0.0548699999999999,1.519075105820823,-30.258,16.294784545898438,0.0
-0.04661,1.363069246445823,-30.036,15.287475585937498,-201.6634554475963
-0.04661,1.363069246445823,-30.036,15.287475585937498,0.0
-0.05015,1.363069246445823,-29.796000000000003,14.322738647460938,-189.7594292833485
-0.05015,1.363069246445823,-29.796000000000003,14.322738647460938,0.0
-0.0507399999999999,1.238282869492698,-29.982,13.37310791015625,-190.3067609829268
-0.0507399999999999,1.238282869492698,-29.982,13.37310791015625,0.0
-0.04602,1.186280916367698,-30.084000000000003,12.382965087890623,-183.49570464518737
-0.04602,1.186280916367698,-30.084000000000003,12.382965087890623,0.0
-0.05133,1.061464021836448,-30.066,11.427841186523438,-179.9743548835189
-0.05133,1.061464021836448,-30.066,11.427841186523438,0.0
-0.04543,1.040681551133323,-30.276,10.4205322265625,-191.8318339289092
-0.04543,1.040681551133323,-30.276,10.4205322265625,0.0
-0.04661,0.884675691758323,-29.898000000000003,9.46197509765625,-191.44340501426467
-0.04661,0.884675691758323,-29.898000000000003,9.46197509765625,0.0
-0.04366,0.884675691758323,-29.85,8.458099365234375,-185.90291341140235
-0.04366,0.884675691758323,-29.85,8.458099365234375,0.0
-0.0472,0.853486726914573,-30.048,7.530441284179687,-175.29442196798158
-0.0472,0.853486726914573,-30.048,7.530441284179687,0.0
-0.04661,0.822267244492698,-30.204,6.552658081054688,-193.54378525834505
-0.04661,0.822267244492698,-30.204,6.552658081054688,0.0
-0.04366,0.666291902695823,-30.216,5.5755615234375,-195.4975105276291
-0.04366,0.666291902695823,-30.216,5.5755615234375,0.0
-0.04307,0.510286043320823,-30.186,4.580612182617188,-200.4329856609201
-0.04307,0.510286043320823,-30.186,4.580612182617188,0.0
-0.03953,0.4894730550395729,-29.898000000000003,3.58428955078125,-199.3043872445756
-0.03953,0.4894730550395729,-29.898000000000003,3.58428955078125,0.0
-0.04071,0.3126847249614479,-29.868,2.6511383056640625,-191.7302743204658
-0.04071,0.3126847249614479,-29.868,2.6511383056640625,0.0
-0.0401199999999999,0.3230912191020729,-29.958,1.67266845703125,-194.52680887340492
-0.0401199999999999,0.3230912191020729,-29.958,1.67266845703125,0.0
-0.03953,0.3230912191020729,-30.012,0.6873321533203125,-188.3288042261161
-0.03953,0.1878678304301979,-30.012,0.6873321533203125,0.0
-0.03953,0.1254899007426979,-30.384,-0.2725982666015625,-191.18311490167977
-0.03953,0.1254899007426979,-30.384,-0.2725982666015625,0.0
-0.03658,0.0214859944926979,-30.18,-1.284027099609375,-203.54776273038237
-0.03658,0.0214859944926979,-30.18,-1.284027099609375,0.0
-0.0348099999999999,-0.082517911757302,-30.048,-2.265243530273437,-197.7063128478848
-0.0348099999999999,-0.082517911757302,-30.048,-2.265243530273437,0.0
-0.03658,-0.155332853163552,-29.844000000000005,-3.18878173828125,-177.97999768899373
-0.03658,-0.155332853163552,-29.844000000000005,-3.18878173828125,0.0
-0.0354,0.0006730062114479,-30.21,-4.17755126953125,-202.86613279643225
-0.0354,0.0006730062114479,-30.21,-4.17755126953125,0.0
-0.03422,-0.155332853163552,-30.108000000000004,-5.1587677001953125,-189.2413559621785
-0.03422,-0.155332853163552,-30.108000000000004,-5.1587677001953125,0.0
-0.0348099999999999,-0.228117276991677,-30.18,-6.14410400390625,-194.1932013620116
-0.0348099999999999,-0.228117276991677,-30.18,-6.14410400390625,0.0
-0.03068,-0.384123136366677,-30.018,-7.145233154296875,-190.94586122269772
-0.03068,-0.384123136366677,-30.018,-7.145233154296875,0.0
-0.03068,-0.550535489882302,-29.838,-8.119583129882812,-191.0490148208181
-0.03068,-0.550535489882302,-29.838,-8.119583129882812,0.0
-0.03422,-0.550535489882302,-29.892,-9.056854248046877,-198.2383921668265
-0.03422,-0.508909513319802,-29.892,-9.056854248046877,0.0
-0.03068,-0.633726407851052,-30.018,-10.028457641601562,-192.6255736627798
-0.03068,-0.633726407851052,-30.018,-10.028457641601562,0.0
-0.0336299999999999,-0.633726407851052,-30.102,-11.00555419921875,-184.25354659945907
-0.0336299999999999,-0.685728360976052,-30.102,-11.00555419921875,0.0
-0.03009,-0.831327726210427,-30.162000000000003,-11.999130249023438,-199.7137788551442
-0.03009,-0.831327726210427,-30.162000000000003,-11.999130249023438,0.0
-0.02832,-0.924925138319802,-30.204,-12.989273071289062,-168.42027934437712
-0.02832,-0.924925138319802,-30.204,-12.989273071289062,0.0
-0.0295,-0.935331632460427,-29.874,-13.967742919921877,-183.3370523951031
-0.0295,-0.935331632460427,-29.874,-13.967742919921877,0.0
-0.0277299999999999,-1.080930997694802,-30.222,-14.911880493164062,-191.78094114196332
-0.0277299999999999,-1.080930997694802,-30.222,-14.911880493164062,0.0
-0.02832,-1.205717374647927,-30.12,-15.891036987304688,-194.58594875608887
-0.02832,-1.205717374647927,-30.12,-15.891036987304688,0.0
-0.0277299999999999,-1.205717374647927,-30.318,-16.912765502929688,-186.9585572965212
-0.0277299999999999,-1.205717374647927,-30.318,-16.912765502929688,0.0
-0.0265499999999999,-1.372129728163552,-30.162000000000003,-17.853469848632812,-190.00289753654496
-0.0265499999999999,-1.372129728163552,-30.162000000000003,-17.853469848632812,0.0
-0.02124,-1.413725187147927,-30.024,-18.8690185546875,-206.2865541447013
-0.02124,-1.413725187147927,-30.024,-18.8690185546875,0.0
-0.0259599999999999,-1.372129728163552,-29.874,-19.829635620117188,-190.97754779908863
-0.0259599999999999,-1.372129728163552,-29.874,-19.829635620117188,0.0
-0.02242,-1.465727140272927,-30.132000000000005,-20.80535888671875,-200.02526990610383
-0.02242,-1.465727140272927,-30.132000000000005,-20.80535888671875,0.0
-0.0241899999999999,-1.424131681288552,-30.288,-21.78794860839844,-198.14271459564264
-0.0241899999999999,-1.424131681288552,-30.288,-21.78794860839844,0.0
-0.0200599999999999,-1.621732999647927,-30.306,-22.73277282714844,-191.6479145538263
-0.0200599999999999,-1.621732999647927,-30.306,-22.73277282714844,0.0
-0.0206499999999999,-1.767332364882302,-30.264000000000003,-23.7139892578125,-185.1002510213511
-0.0206499999999999,-1.767332364882302,-30.264000000000003,-23.7139892578125,0.0
-0.0206499999999999,-1.767332364882302,-30.006,-24.68833923339844,-200.07186356999307
-0.0206499999999999,-1.902525235976052,-30.006,-24.68833923339844,0.0
-0.0177,-2.048124601210427,-30.18,-25.621490478515625,-186.55562677282063
-0.0177,-2.048124601210427,-30.18,-25.621490478515625,0.0
-0.0206499999999999,-2.048124601210427,-30.072,-26.624679565429688,-190.17802595523543
-0.0206499999999999,-2.048124601210427,-30.072,-26.624679565429688,0.0
-0.01593,-2.068937589491677,-30.444,-27.59971618652344,-186.93186754095257
-0.01593,-2.068937589491677,-30.444,-27.59971618652344,0.0
-0.01711,-2.120909025038552,-30.162000000000003,-28.56170654296875,-194.65608183839572
-0.01711,-2.120909025038552,-30.162000000000003,-28.56170654296875,0.0
-0.0129799999999999,-2.193723966444802,-30.348,-29.55184936523437,-198.5049763964408
-0.0129799999999999,-2.193723966444802,-30.348,-29.55184936523437,0.0
-0.01593,-2.235319425429177,-29.874,-30.537185668945312,-179.38035749341793
-0.01593,-2.235319425429177,-29.874,-30.537185668945312,0.0
-0.01416,-2.297727872694802,-30.108000000000004,-31.475830078125004,-189.05224756884044
-0.01416,-2.297727872694802,-30.108000000000004,-31.475830078125004,0.0
-0.01416,-2.401731778944802,-30.06,-32.430267333984375,-178.29950604510762
-0.01416,-2.401731778944802,-30.06,-32.430267333984375,0.0
-0.0135699999999999,-2.599333097304177,-30.168,-33.405303955078125,-193.5748701795007
-0.0135699999999999,-2.599333097304177,-30.168,-33.405303955078125,0.0
-0.01416,-2.505735685194802,-30.27,-34.38102722167969,-194.7940240769292
-0.01416,-2.505735685194802,-30.27,-34.38102722167969,0.0
-0.01062,-2.765714933241677,-30.114,-35.369110107421875,-200.0572759145855
-0.01062,-2.765714933241677,-30.114,-35.369110107421875,0.0
-0.00885,-2.817716886366677,-30.162000000000003,-36.352386474609375,-214.31481412099205
-0.00885,-2.817716886366677,-30.162000000000003,-36.352386474609375,0.0
-0.0123899999999999,-2.911314298476052,-30.108000000000004,-37.3095703125,-197.11364042227905
-0.0123899999999999,-2.911314298476052,-30.108000000000004,-37.3095703125,0.0
-0.00885,-2.994535734022927,-30.414,-38.33335876464844,-190.9340641827907
-0.00885,-2.994535734022927,-30.414,-38.33335876464844,0.0
-0.0100299999999999,-3.119322110976052,-30.03,-39.26719665527344,-183.89875750783995
-0.0100299999999999,-3.119322110976052,-30.03,-39.26719665527344,0.0
-0.00531,-2.963316251601052,-30.438,-40.315704345703125,-214.46260798322564
-0.00531,-2.963316251601052,-30.438,-40.315704345703125,0.0
-0.0100299999999999,-3.119322110976052,-30.036,-41.2811279296875,-192.20059406426475
-0.0100299999999999,-3.119322110976052,-30.036,-41.2811279296875,0.0
-0.00708,-3.160917569960427,-30.24,-42.25273132324219,-183.77215690464212
-0.00708,-3.160917569960427,-30.24,-42.25273132324219,0.0
-0.00885,-3.171324064101052,-30.21,-43.249053955078125,-192.56332273596684
-0.00885,-3.171324064101052,-30.21,-43.249053955078125,0.0
-0.00413,-3.337736417616677,-30.228,-44.23507690429688,-197.16515681238764
-0.00413,-3.337736417616677,-30.228,-44.23507690429688,0.0
-0.00826,-3.337736417616677,-30.282,-45.19981384277344,-175.50244469289652
-0.00826,-3.337736417616677,-30.282,-45.19981384277344,0.0
-0.00354,-3.514524747694802,-30.288,-46.18034362792969,-197.8070980746529
-0.00354,-3.514524747694802,-30.288,-46.18034362792969,0.0
-0.00413,-3.462522794569802,-30.354,-47.18421936035156,-185.11446292134588
-0.00413,-3.462522794569802,-30.354,-47.18421936035156,0.0
-0.0059,-3.639311124647927,-30.144,-48.12767028808594,-175.1998008791647
-0.0059,-3.639311124647927,-30.144,-48.12767028808594,0.0
-0.0047199999999999,-3.576933194960427,-30.516,-49.1033935546875,-177.27530279830057
-0.0047199999999999,-3.576933194960427,-30.516,-49.1033935546875,0.0
-0.00295,-3.639311124647927,-30.03,-50.074310302734375,-196.42256687168043
-0.00295,-3.639311124647927,-30.03,-50.074310302734375,0.0
-0.0005899999999999,-3.691313077772927,-30.492,-51.06239318847656,-203.2256038135781
-0.0005899999999999,-3.691313077772927,-30.492,-51.06239318847656,0.0
-0.0023599999999999,-3.774534513319802,-30.054,-52.05047607421875,-187.45643819808376
-0.0023599999999999,-3.774534513319802,-30.054,-52.05047607421875,0.0
-0.0,-3.774534513319802,-30.354,-53.031005859375,-193.55108273911884
-0.0,-3.868131925429177,-30.354,-53.031005859375,0.0
-0.00354,-3.816129972304177,-30.186,-53.99917602539063,-191.30017111560173
-0.00354,-3.816129972304177,-30.186,-53.99917602539063,0.0
-0.0,-3.940916349257302,-30.288,-55.00648498535156,-202.71864760738785
-0.0,-3.940916349257302,-30.288,-55.00648498535156,0.0
-0.0023599999999999,-3.899320890272927,-30.27,-55.93894958496094,-188.1865993156221
-0.0023599999999999,-3.899320890272927,-30.27,-55.93894958496094,0.0
-0.0,-4.128111173476052,-30.354,-56.907806396484375,-170.18387695824612
-0.0,-4.128111173476052,-30.354,-56.907806396484375,0.0
-0.0,-4.024137784804177,-30.450000000000003,-57.89245605468751,-195.09602896828036
-0.0,-4.024137784804177,-30.450000000000003,-57.89245605468751,0.0
-0.0,-4.304930021132302,-30.18,-58.858566284179695,-189.13669332267196
-0.0,-4.304930021132302,-30.18,-58.858566284179695,0.0
-0.0,-3.930509855116677,-30.516,-59.85145568847656,-199.01571543339247
-0.0,-3.930509855116677,-30.516,-59.85145568847656,0.0
-0.0,-4.159330655897927,-30.09,-60.82168579101562,-196.08530770801988
-0.0,-4.159330655897927,-30.09,-60.82168579101562,0.0
-0.0,-4.273710538710427,-30.378,-61.77131652832031,-191.11103588345023
-0.0,-4.273710538710427,-30.378,-61.77131652832031,0.0
-0.0,-4.211332609022927,-30.078,-62.720947265625,-188.71835002080715
-0.0,-4.211332609022927,-30.078,-62.720947265625,0.0
0.0005899999999999,-4.388120939101052,-30.51,-63.73374938964844,-203.7421291537315
0.0005899999999999,-4.388120939101052,-30.51,-63.73374938964844,0.0
-0.00177,-4.377714444960427,-30.24,-64.69985961914062,-194.11497478242768
-0.00177,-4.377714444960427,-30.24,-64.69985961914062,0.0
0.00177,-4.429716398085427,-30.48,-65.65910339355469,-191.27493009252677
0.00177,-4.429716398085427,-30.48,-65.65910339355469,0.0
-0.0,-4.336118985976052,-30.294,-66.62246704101562,-195.40844776077364
-0.0,-4.336118985976052,-30.294,-66.62246704101562,0.0
-0.0,-4.377714444960427,-30.21,-67.6153564453125,-197.08007230986
-0.0,-4.377714444960427,-30.21,-67.6153564453125,0.0
-0.0,-4.512937833632302,-30.732,-68.59588623046875,-191.50972366327144
-0.0,-4.512937833632302,-30.732,-68.59588623046875,0.0
0.0011799999999999,-4.720915128554177,-30.132000000000005,-69.59358215332031,-194.7863964958119
0.0011799999999999,-4.720915128554177,-30.132000000000005,-69.59358215332031,0.0
-0.0,-4.720915128554177,-30.54,-70.54733276367188,-181.3214088120903
-0.0,-4.544126798476052,-30.54,-70.54733276367188,0.0
-0.0,-4.814512540663552,-30.192,-71.55258178710938,-200.72863886531056
-0.0,-4.814512540663552,-30.192,-71.55258178710938,0.0
-0.0,-4.710508634413552,-30.468,-72.51182556152344,-186.0441765737309
-0.0,-4.710508634413552,-30.468,-72.51182556152344,0.0
-0.0,-4.668913175429177,-29.958,-73.44703674316406,-192.1930089684876
-0.0,-4.668913175429177,-29.958,-73.44703674316406,0.0
0.00295,-5.157713224257302,-30.516,-74.43305969238281,-198.5147874408353
0.00295,-5.157713224257302,-30.516,-74.43305969238281,0.0
0.0005899999999999,-5.064115812147927,-29.496,-75.399169921875,-193.1834092165929
0.0005899999999999,-5.064115812147927,-29.496,-75.399169921875,0.0
0.0047199999999999,-5.292936612929177,-29.1,-76.31378173828125,-182.5936946308724
0.0047199999999999,-5.292936612929177,-29.1,-76.31378173828125,0.0
0.00295,-5.136930753554177,-27.912,-77.21260070800781,-180.70345189514197
0.00295,-5.136930753554177,-27.912,-77.21260070800781,0.0
0.0094399999999999,-5.313719083632302,-27.072,-78.1292724609375,-185.97519840337424
0.0094399999999999,-5.313719083632302,-27.072,-78.1292724609375,0.0
0.00354,-5.209715177382302,-25.77,-78.95050048828125,-163.75434244141874
0.00354,-5.209715177382302,-25.77,-78.95050048828125,0.0
0.00767,-5.261717130507302,-25.29,-79.75593566894531,-163.73961794346366
0.00767,-5.261717130507302,-25.29,-79.75593566894531,0.0
0.0064899999999999,-5.386534025038552,-23.868,-80.52978515625,-148.36071459060054
0.0064899999999999,-5.386534025038552,-23.868,-80.52978515625,0.0
0.00826,-5.220121671522927,-23.286,-81.29539489746094,-153.79866235651744
0.00826,-5.220121671522927,-23.286,-81.29539489746094,0.0
0.0094399999999999,-5.428129484022927,-22.074,-82.02255249023438,-128.405013733566
0.0094399999999999,-5.428129484022927,-22.074,-82.02255249023438,0.0
0.00885,-5.261717130507302,-21.156,-82.72087097167969,-141.10294634175204
0.00885,-5.261717130507302,-21.156,-82.72087097167969,0.0
0.01416,-5.344908048476052,-20.130000000000003,-83.38554382324219,-118.37450606629024
0.01416,-5.344908048476052,-20.130000000000003,-83.38554382324219,0.0
0.0100299999999999,-5.261717130507302,-18.774,-84.0069580078125,-124.58183331399414
0.0100299999999999,-5.261717130507302,-18.774,-84.0069580078125,0.0
0.00885,-5.261717130507302,-18.3,-84.58511352539062,-108.10686566528923
0.00885,-5.209715177382302,-18.3,-84.58511352539062,0.0
0.0135699999999999,-5.428129484022927,-17.496,-85.17631530761719,-111.86410259725444
0.0135699999999999,-5.428129484022927,-17.496,-85.17631530761719,0.0
0.01062,-5.344908048476052,-16.026,-85.70640563964844,-110.59677280019164
0.01062,-5.344908048476052,-16.026,-85.70640563964844,0.0
0.0118,-5.313719083632302,-15.222,-86.20491027832031,-99.8807130177988
0.0118,-5.313719083632302,-15.222,-86.20491027832031,0.0
0.01593,-5.261717130507302,-14.562,-86.68487548828125,-102.03342048488746
0.01593,-5.261717130507302,-14.562,-86.68487548828125,0.0
0.01416,-5.365721036757302,-13.272,-87.12295532226562,-86.98964137893822
0.01416,-5.365721036757302,-13.272,-87.12295532226562,0.0
0.0118,-5.313719083632302,-12.072,-87.51640319824219,-80.16460390719925
0.0118,-5.313719083632302,-12.072,-87.51640319824219,0.0
0.0123899999999999,-5.282530118788552,-11.346,-87.89543151855469,-76.21723714307761
0.0123899999999999,-5.282530118788552,-11.346,-87.89543151855469,0.0
0.01652,-5.355314542616677,-10.752,-88.25523376464844,-72.58467744481261
0.01652,-5.355314542616677,-10.752,-88.25523376464844,0.0
0.0177,-5.396910001601052,-9.384,-88.59512329101562,-64.65465595723204
0.0177,-5.396910001601052,-9.384,-88.59512329101562,0.0
0.0194699999999999,-5.386534025038552,-8.028,-88.86154174804688,-50.95017346170466
0.0194699999999999,-5.386534025038552,-8.028,-88.86154174804688,0.0
0.0129799999999999,-5.386534025038552,-6.582,-89.10049438476562,-47.92471655010155
0.0129799999999999,-5.386534025038552,-6.582,-89.10049438476562,0.0
0.0129799999999999,-5.386534025038552,-6.0,-89.30580139160156,-44.08567894263756
0.0129799999999999,-5.386534025038552,-6.0,-89.30580139160156,0.0
0.0129799999999999,-5.386534025038552,-5.226,-89.47540283203125,-31.61257044355086
0.0129799999999999,-5.386534025038552,-5.226,-89.47540283203125,0.0
0.01475,-5.386534025038552,-4.8420000000000005,-89.63607788085938,-30.657326622414764
0.01475,-5.313719083632302,-4.8420000000000005,-89.63607788085938,0.0
0.0177,-5.428129484022927,-3.858000000000001,-89.769287109375,-26.32593448925246
0.0177,-5.428129484022927,-3.858000000000001,-89.769287109375,0.0
0.0265499999999999,-5.428129484022927,-3.414,-89.88052368164062,-22.422207672967204
0.0265499999999999,-5.334532071913552,-3.414,-89.88052368164062,0.0
0.0241899999999999,-5.428129484022927,-1.518,-89.96223449707031,-16.675676618306163
0.0241899999999999,-5.428129484022927,-1.518,-89.96223449707031,0.0
0.02242,-5.365721036757302,-0.5159999999999999,-89.99313354492188,-5.563386361462401
0.02242,-5.365721036757302,-0.5159999999999999,-89.99313354492188,0.0
0.02242,-5.272123624647927,-0.0959999999999999,-90.00411987304688,-2.2307265228426085
0.02242,-5.272123624647927,-0.0959999999999999,-90.00411987304688,0.0
0.02242,-5.272123624647927,0.0059999999999999,-90.00343322753906,0.1366186844036744
0.02242,-5.272123624647927,0.0059999999999999,-90.00343322753906,0.0
0.02183,-5.053709318007302,-0.0,-90.00617980957031,-0.5557632600667993
0.02183,-5.053709318007302,-0.0,-90.00617980957031,0.0
0.02183,-5.251310636366677,-0.0119999999999999,-90.00480651855469,0.2746032824685044
0.02183,-5.251310636366677,-0.0119999999999999,-90.00480651855469,0.0
0.02242,-5.261717130507302,-0.0059999999999999,-90.00480651855469,0.0
0.02242,-5.261717130507302,0.0119999999999999,-90.00617980957031,-0.2857451135300497
0.02242,-5.261717130507302,0.0119999999999999,-90.00617980957031,0.0
0.02242,-5.292936612929177,0.0119999999999999,-90.00411987304688,0.4321242969240686
0.02242,-5.292936612929177,0.0119999999999999,-90.00411987304688,0.0
0.02242,-5.313719083632302,-0.0059999999999999,-90.00480651855469,-0.1378252725436068
0.02242,-5.313719083632302,-0.0059999999999999,-90.00480651855469,0.0
0.02242,-5.313719083632302,-0.0059999999999999,-90.00617980957031,-0.276705826239167
0.02242,-5.313719083632302,-0.0059999999999999,-90.00617980957031,0.0
0.02183,-5.334532071913552,-0.018,-90.00411987304688,0.4135588282347266
0.02183,-5.334532071913552,-0.018,-90.00411987304688,0.0
0.02242,-5.365721036757302,0.0119999999999999,-90.00480651855469,-0.1378252725437051
0.02242,-5.365721036757302,0.0119999999999999,-90.00480651855469,0.0
0.0236,-5.365721036757302,-0.018,-90.00411987304688,0.1384924380419969
0.0236,-5.365721036757302,-0.018,-90.00411987304688,0.0
0.0236,-5.344908048476052,-0.0,-90.00343322753906,0.1299234641083094
0.0236,-5.344908048476052,-0.0,-90.00343322753906,0.0
0.0253699999999999,-5.344908048476052,-0.018,-90.00343322753906,0.0
0.0247799999999999,-5.376127530897927,-0.0119999999999999,-90.00480651855469,-0.2770966536773629
0.0247799999999999,-5.376127530897927,-0.0119999999999999,-90.00480651855469,0.0
0.0236,-5.344908048476052,0.0239999999999999,-90.00617980957031,-0.2791241901675675
0.0236,-5.344908048476052,0.0239999999999999,-90.00617980957031,0.0
0.0247799999999999,-5.386534025038552,-0.0119999999999999,-90.00480651855469,0.2769848760841923
0.0247799999999999,-5.386534025038552,-0.0119999999999999,-90.00480651855469,0.0
0.0247799999999999,-5.386534025038552,0.0059999999999999,-90.00686645507812,-0.377346862692213
0.0247799999999999,-5.386534025038552,0.0059999999999999,-90.00686645507812,0.0
0.0295,-5.365721036757302,-0.0059999999999999,-90.00411987304688,0.5105171061804084
0.0295,-5.365721036757302,-0.0059999999999999,-90.00411987304688,0.0
0.03835,-5.324125577772927,0.066,-90.00411987304688,0.0
0.0530999999999999,-5.209715177382302,0.36,-90.00068664550781,0.6899573028663685
0.0530999999999999,-5.209715177382302,0.36,-90.00068664550781,0.0
0.07021,-5.261717130507302,0.864,-89.98695373535156,2.609827091648494
0.07021,-5.261717130507302,0.864,-89.98695373535156,0.0
0.08142,-5.282530118788552,2.94,-89.92515563964844,11.646832963270688
0.08142,-5.282530118788552,2.94,-89.92515563964844,0.0
0.08791,-5.230528165663552,3.984,-89.82078552246094,21.265305050426328
0.08791,-5.230528165663552,3.984,-89.82078552246094,0.0
0.08378,-5.428129484022927,6.666,-89.6429443359375,34.76176437126709
0.08378,-5.428129484022927,6.666,-89.6429443359375,0.0
0.08555,-5.240934659804177,8.658000000000001,-89.39369201660156,50.303192600567606
0.08555,-5.240934659804177,8.658000000000001,-89.39369201660156,0.0
0.07729,-5.209715177382302,9.396,-89.10736083984375,58.35157463987196
0.07729,-5.209715177382302,9.396,-89.10736083984375,0.0
0.07375,-5.261717130507302,9.888,-88.79837036132812,61.295472825927
0.07375,-5.261717130507302,9.888,-88.79837036132812,0.0
0.0778799999999999,-5.251310636366677,10.332,-88.46466064453125,68.24329586848694
0.0778799999999999,-5.251310636366677,10.332,-88.46466064453125,0.0
0.0843699999999999,-5.386534025038552,10.8,-88.12271118164062,68.09029527889373
0.0843699999999999,-5.386534025038552,10.8,-88.12271118164062,0.0
0.0885,-5.365721036757302,11.436,-87.76634216308594,72.46218352067692
0.0885,-5.365721036757302,11.436,-87.76634216308594,0.0
0.08378,-5.448911954726052,12.804,-87.37632751464844,78.42643242258711
0.08378,-5.448911954726052,12.804,-87.37632751464844,0.0
0.0825999999999999,-5.417722989882302,14.046,-86.96022033691406,82.9063912600739
0.0825999999999999,-5.417722989882302,14.046,-86.96022033691406,0.0
0.0820099999999999,-5.313719083632302,15.06,-86.50016784667969,88.28487626836436
0.0820099999999999,-5.313719083632302,15.06,-86.50016784667969,0.0
0.08968,-5.386534025038552,15.714,-86.00166320800781,98.55765889120192
0.08968,-5.386534025038552,15.714,-86.00166320800781,0.0
0.0890899999999999,-5.428129484022927,16.962000000000003,-85.47843933105469,106.8676219267292
0.0890899999999999,-5.428129484022927,16.962000000000003,-85.47843933105469,0.0
0.08614,-5.344908048476052,18.006,-84.91195678710938,112.3750335142787
0.08614,-5.344908048476052,18.006,-84.91195678710938,0.0
0.0825999999999999,-5.282530118788552,18.426,-84.34684753417969,113.97927650864514
0.0825999999999999,-5.282530118788552,18.426,-84.34684753417969,0.0
0.0885,-5.428129484022927,19.446,-83.759765625,119.86155761118812
0.0885,-5.428129484022927,19.446,-83.759765625,0.0
0.08614,-5.396910001601052,20.724,-83.12324523925781,128.1240712041934
0.08614,-5.396910001601052,20.724,-83.12324523925781,0.0
0.08791,-5.344908048476052,21.438,-82.40707397460938,143.55006306848537
0.08791,-5.344908048476052,21.438,-82.40707397460938,0.0
0.0902699999999999,-5.469724943007302,22.47,-81.72935485839844,134.9769201774617
0.0902699999999999,-5.469724943007302,22.47,-81.72935485839844,0.0
0.08555,-5.469724943007302,23.454,-80.97679138183594,142.5849709288405
0.08555,-5.272123624647927,23.454,-80.97679138183594,0.0
0.08614,-5.168119718397927,24.288,-80.2276611328125,150.9734480095899
0.08614,-5.168119718397927,24.288,-80.2276611328125,0.0
0.09322,-5.168119718397927,25.584,-79.40231323242188,152.87051313030813
0.09322,-5.095335294569802,25.584,-79.40231323242188,0.0
0.0867299999999999,-5.043333341444802,26.532,-78.59893798828125,161.45000887073024
0.0867299999999999,-5.043333341444802,26.532,-78.59893798828125,0.0
0.0843699999999999,-5.043333341444802,27.678,-77.74063110351562,173.92236773367355
0.0843699999999999,-5.188932706679177,27.678,-77.74063110351562,0.0
0.0867299999999999,-5.032926847304177,28.278,-76.81297302246094,187.9372125313113
0.0867299999999999,-5.032926847304177,28.278,-76.81297302246094,0.0
0.09204,-5.324125577772927,29.184,-75.89492797851562,183.42558320583493
0.09204,-5.324125577772927,29.184,-75.89492797851562,0.0
0.08968,-5.032926847304177,30.312,-74.937744140625,192.5535783325456
0.08968,-5.032926847304177,30.312,-74.937744140625,0.0
0.0890899999999999,-5.147337247694802,31.47,-73.93730163574219,205.55629851708224
0.0890899999999999,-5.147337247694802,31.47,-73.93730163574219,0.0
0.0885,-5.053709318007302,32.202000000000005,-72.9327392578125,203.68255837989764
0.0885,-5.053709318007302,32.202000000000005,-72.9327392578125,0.0
0.08378,-5.053709318007302,33.144,-71.88629150390625,211.7029645773981
0.08378,-4.856107999647927,33.144,-71.88629150390625,0.0
0.0802399999999999,-5.136930753554177,33.38999999999999,-70.79795837402344,214.23880509506168
0.0802399999999999,-5.136930753554177,33.38999999999999,-70.79795837402344,0.0
0.08083,-4.856107999647927,33.156,-69.73228454589844,181.7005674552427
0.08083,-4.856107999647927,33.156,-69.73228454589844,0.0
0.0796499999999999,-4.887327482069802,33.276,-68.64944458007812,218.44663421845323
0.0796499999999999,-4.887327482069802,33.276,-68.64944458007812,0.0
0.0796499999999999,-4.731321622694802,33.37799999999999,-67.620849609375,201.05452906638712
0.0796499999999999,-4.731321622694802,33.37799999999999,-67.620849609375,0.0
0.0796499999999999,-4.689726163710427,33.354,-66.50505065917969,222.40361773880764
0.0796499999999999,-4.689726163710427,33.354,-66.50505065917969,0.0
0.0820099999999999,-4.918516446913552,33.354,-65.41671752929688,228.4974028727051
0.0820099999999999,-4.918516446913552,33.354,-65.41671752929688,0.0
0.0778799999999999,-4.648130704726052,33.126,-64.38056945800781,201.978181537922
0.0778799999999999,-4.648130704726052,33.126,-64.38056945800781,0.0
0.07906,-4.648130704726052,33.474000000000004,-63.29566955566406,186.60129039277385
0.07906,-4.627317716444802,33.474000000000004,-63.29566955566406,0.0
0.08083,-4.523313810194802,33.288000000000004,-62.23136901855469,211.63263812075792
0.08083,-4.523313810194802,33.288000000000004,-62.23136901855469,0.0
0.0796499999999999,-4.512937833632302,33.38999999999999,-61.15264892578125,213.65024614250643
0.0796499999999999,-4.512937833632302,33.38999999999999,-61.15264892578125,0.0
0.08083,-4.752134610976052,33.42,-60.08079528808593,214.07102809961108
0.08083,-4.752134610976052,33.42,-60.08079528808593,0.0
0.0755199999999999,-4.356931974257302,33.126,-59.02816772460937,225.78883815457428
0.0755199999999999,-4.356931974257302,33.126,-59.02816772460937,0.0
0.07729,-4.408933927382302,33.318,-57.95768737792969,215.9532674359964
0.07729,-4.408933927382302,33.318,-57.95768737792969,0.0
0.0767,-4.336118985976052,33.36,-56.8927001953125,214.4557355250256
0.0767,-4.336118985976052,33.36,-56.8927001953125,0.0
0.07375,-4.315336515272927,33.342,-55.85517883300781,207.50427246083132
0.07375,-4.315336515272927,33.342,-55.85517883300781,0.0
0.07906,-4.377714444960427,33.348,-54.7503662109375,187.4470006905413
0.07906,-4.377714444960427,33.348,-54.7503662109375,0.0
0.07729,-4.034513761366677,33.276,-53.642120361328125,218.6320476641586
0.07729,-4.034513761366677,33.276,-53.642120361328125,0.0
0.07257,-3.992918302382302,33.486000000000004,-52.61489868164063,194.3655023060296
0.07257,-3.992918302382302,33.486000000000004,-52.61489868164063,0.0
0.07257,-3.868131925429177,33.318,-51.53892517089844,216.2326187183213
0.07257,-3.868131925429177,33.318,-51.53892517089844,0.0
0.07021,-3.816129972304177,33.222,-50.49385070800781,206.7407443897447
0.07021,-3.816129972304177,33.222,-50.49385070800781,0.0
0.0719799999999999,-3.961729337538552,33.300000000000004,-49.44671630859375,202.50133425138665
0.0719799999999999,-3.961729337538552,33.300000000000004,-49.44671630859375,0.0
0.07021,-3.680937101210427,33.084,-48.33915710449219,218.5397008883252
0.07021,-3.680937101210427,33.084,-48.33915710449219,0.0
0.0708,-3.649717618788552,33.216,-47.294769287109375,208.58554371525068
0.0708,-3.649717618788552,33.216,-47.294769287109375,0.0
0.07139,-3.639311124647927,33.38999999999999,-46.20162963867188,216.37760262013143
0.07139,-3.639311124647927,33.38999999999999,-46.20162963867188,0.0
0.06903,-3.514524747694802,33.354,-45.1483154296875,202.4047288593093
0.06903,-3.514524747694802,33.354,-45.1483154296875,0.0
0.0696199999999999,-3.514524747694802,33.27,-44.0826416015625,219.184250951128
0.0696199999999999,-3.514524747694802,33.27,-44.0826416015625,0.0
0.06608,-3.337736417616677,33.33,-43.00254821777344,218.11255730799536
0.06608,-3.337736417616677,33.33,-43.00254821777344,0.0
0.06667,-3.441709806288552,33.354,-41.91902160644531,224.10064350116696
0.06667,-3.441709806288552,33.354,-41.91902160644531,0.0
0.06844,-3.119322110976052,33.204,-40.82725524902344,212.11703077942175
0.06844,-3.119322110976052,33.204,-40.82725524902344,0.0
0.06608,-3.119322110976052,33.144,-39.71900939941406,206.6851640449525
0.06608,-3.129728605116677,33.144,-39.71900939941406,0.0
0.0708,-3.150511075819802,33.228,-38.6553955078125,209.49653173164523
0.0708,-3.150511075819802,33.228,-38.6553955078125,0.0
0.06844,-2.921720792616677,33.126,-37.55195617675781,182.9309235834097
0.06844,-2.921720792616677,33.126,-37.55195617675781,0.0
0.0672599999999999,-2.869718839491677,33.252,-36.49658203125,211.2861152167382
0.0672599999999999,-2.869718839491677,33.252,-36.49658203125,0.0
0.06608,-2.911314298476052,33.336,-35.43365478515625,181.9457798859167
0.06608,-2.911314298476052,33.336,-35.43365478515625,0.0
0.06372,-2.807310392226052,33.282000000000004,-34.347381591796875,216.4753274929116
0.06372,-2.807310392226052,33.282000000000004,-34.347381591796875,0.0
0.0654899999999999,-2.765714933241677,33.041999999999994,-33.30848693847656,187.66160645239165
0.0654899999999999,-2.765714933241677,33.041999999999994,-33.30848693847656,0.0
0.06254,-2.620115568007302,33.204,-32.23457336425781,215.64529602787167
0.06254,-2.620115568007302,33.204,-32.23457336425781,0.0
0.06372,-2.682524015272927,33.354,-31.14830017089844,199.71928541267775
0.06372,-2.682524015272927,33.354,-31.14830017089844,0.0
0.06018,-2.474516202772927,33.233999999999995,-30.112838745117188,209.9901492153093
0.06018,-2.474516202772927,33.233999999999995,-30.112838745117188,0.0
0.0560499999999999,-2.422514249647927,33.37799999999999,-29.02725219726562,216.6407000302616
0.0560499999999999,-2.422514249647927,33.37799999999999,-29.02725219726562,0.0
0.05841,-2.328916837538552,33.132,-27.945098876953125,215.99866672894728
0.05841,-2.328916837538552,33.132,-27.945098876953125,0.0
0.0572299999999999,-2.245725919569802,33.066,-26.88079833984375,213.41498638648616
0.0572299999999999,-2.245725919569802,33.066,-26.88079833984375,0.0
0.05664,-2.297727872694802,33.03,-25.85357666015625,205.48543302404192
0.05664,-2.297727872694802,33.03,-25.85357666015625,0.0
0.0572299999999999,-2.079313566054177,33.216,-24.744644165039062,221.78649902332404
0.0572299999999999,-2.079313566054177,33.216,-24.744644165039062,0.0
0.0536899999999999,-1.944120694960427,33.45,-23.64051818847656,220.60459072175283
0.0536899999999999,-1.944120694960427,33.45,-23.64051818847656,0.0
0.05251,-2.131315519179177,33.096,-22.603683471679688,206.95303728471467
0.05251,-2.131315519179177,33.096,-22.603683471679688,0.0
0.05251,-1.902525235976052,33.204,-21.537322998046875,214.2576800548047
0.05251,-1.902525235976052,33.204,-21.537322998046875,0.0
0.0519199999999999,-2.006529142226052,33.24,-20.457916259765625,221.00875067181155
0.0519199999999999,-2.006529142226052,33.24,-20.457916259765625,0.0
0.0507399999999999,-1.777708341444802,33.072,-19.390869140625,214.2664897872843
0.0507399999999999,-1.777708341444802,33.072,-19.390869140625,0.0
0.05133,-1.725736905897927,33.312000000000005,-18.34991455078125,208.943113176108
0.05133,-1.725736905897927,33.312000000000005,-18.34991455078125,0.0
0.0483799999999999,-1.611326505507302,33.102,-17.249221801757812,218.39141845698603
0.0483799999999999,-1.611326505507302,33.102,-17.249221801757812,0.0
0.0495599999999999,-1.548918058241677,33.018,-16.18560791015625,213.1490764731336
0.0495599999999999,-1.548918058241677,33.018,-16.18560791015625,0.0
0.0483799999999999,-1.496916105116677,33.072,-15.111694335937498,212.9513333766864
0.0483799999999999,-1.496916105116677,33.072,-15.111694335937498,0.0
0.0483799999999999,-1.320127775038552,33.233999999999995,-14.066619873046877,208.9730979585312
0.0483799999999999,-1.320127775038552,33.233999999999995,-14.066619873046877,0.0
0.0472,-1.216123868788552,33.336,-12.953567504882812,223.9541988257611
0.0472,-1.216123868788552,33.336,-12.953567504882812,0.0
0.04543,-1.205717374647927,33.01199999999999,-11.849441528320312,220.95776997450795
0.04543,-1.205717374647927,33.01199999999999,-11.849441528320312,0.0
0.04425,-1.028929044569802,33.023999999999994,-10.793380737304688,211.25440908487727
0.04425,-1.028929044569802,33.023999999999994,-10.793380737304688,0.0
0.04602,-0.924925138319802,33.12,-9.74212646484375,217.20129596293583
0.04602,-0.924925138319802,33.12,-9.74212646484375,0.0
0.04366,-0.727323819960427,33.114,-8.642807006835938,216.2312073186061
0.04366,-0.727323819960427,33.114,-8.642807006835938,0.0
0.04366,-0.789732267226052,33.258,-7.58880615234375,213.92345331692573
0.04366,-0.789732267226052,33.258,-7.58880615234375,0.0
0.03953,-0.706510831679177,33.204,-6.4785003662109375,219.0384269347563
0.03953,-0.706510831679177,33.204,-6.4785003662109375,0.0
0.03953,-0.550535489882302,32.916000000000004,-5.381927490234375,221.57463648749064
0.03953,-0.550535489882302,32.916000000000004,-5.381927490234375,0.0
0.03953,-0.363310148085427,32.886,-4.3416595458984375,210.58055553353617
0.03953,-0.363310148085427,32.886,-4.3416595458984375,0.0
0.03835,-0.363310148085427,33.12,-3.2718658447265625,211.1296035469796
0.03835,-0.332121183241677,33.12,-3.2718658447265625,0.0
0.03953,-0.456938077772927,33.222,-2.17254638671875,221.7711232615681
0.03953,-0.456938077772927,33.222,-2.17254638671875,0.0
0.03658,-0.300932218397927,33.12,-1.067047119140625,215.8335157317668
0.03658,-0.300932218397927,33.12,-1.067047119140625,0.0
0.0354,-0.186521818007302,33.096,-0.0151062011718749,213.41872955338124
0.0354,-0.186521818007302,33.096,-0.0151062011718749,0.0
0.0348099999999999,0.0422684651958229,33.041999999999994,1.0540008544921875,215.80683400560116
0.0348099999999999,0.0422684651958229,33.041999999999994,1.0540008544921875,0.0
0.03422,0.1046769124614479,33.072,2.1306610107421875,215.7635583666065
0.03422,0.1046769124614479,33.072,2.1306610107421875,0.0
0.03658,0.1046769124614479,33.12,3.144149780273437,187.19777789648623
0.03658,0.0214859944926979,33.12,3.144149780273437,0.0
0.03068,0.2606827718364479,33.156,4.2853546142578125,224.11721013057763
0.03068,0.2606827718364479,33.156,4.2853546142578125,0.0
0.03186,0.3646866780864479,32.964,5.3675079345703125,217.6495012696692
0.03186,0.3646866780864479,32.964,5.3675079345703125,0.0
0.0336299999999999,0.531068514023948,32.742,6.41326904296875,204.93065028390853
0.0336299999999999,0.531068514023948,32.742,6.41326904296875,0.0
0.03009,0.541475008164573,32.958000000000006,7.5029754638671875,221.17037160502693
0.03009,0.541475008164573,32.958000000000006,7.5029754638671875,0.0
0.0324499999999999,0.531068514023948,33.023999999999994,8.567276000976562,213.972765804026
0.0324499999999999,0.531068514023948,33.023999999999994,8.567276000976562,0.0
0.0295,0.687074373398948,33.138,9.635009765625,230.36327176879132
0.0295,0.687074373398948,33.138,9.635009765625,0.0
0.0277299999999999,0.739076326523948,33.18000000000001,10.71990966796875,213.64708592822583
0.0277299999999999,0.739076326523948,33.18000000000001,10.71990966796875,0.0
0.02891,0.884675691758323,32.97,11.75262451171875,200.9563813485199
0.02891,0.884675691758323,32.97,11.75262451171875,0.0
0.0277299999999999,0.926271150742698,32.97,12.842330932617188,218.0284955778968
0.0277299999999999,0.926271150742698,32.97,12.842330932617188,0.0
0.0324499999999999,0.926271150742698,33.01199999999999,13.887405395507812,205.35949359225987
0.0324499999999999,1.009462068711448,33.01199999999999,13.887405395507812,0.0
0.02891,1.113465974961448,33.245999999999995,14.953079223632812,213.1774011053073
0.02891,1.113465974961448,33.245999999999995,14.953079223632812,0.0
0.0236,1.238282869492698,33.144,16.04278564453125,199.87278446406452
0.0236,1.238282869492698,33.144,16.04278564453125,0.0
0.0247799999999999,1.363069246445823,32.754,17.111892700195312,212.2086255784592
0.0247799999999999,1.363069246445823,32.754,17.111892700195312,0.0
0.0241899999999999,1.415071199570823,33.035999999999994,18.193359375,214.19423149217752
0.0241899999999999,1.415071199570823,33.035999999999994,18.193359375,0.0
0.0241899999999999,1.591890047227073,33.023999999999994,19.26864624023437,216.35550608352307
0.0241899999999999,1.591890047227073,33.023999999999994,19.26864624023437,0.0
0.0236,1.591890047227073,33.204,20.328140258789062,215.6072483829976
0.0236,1.612672517930198,33.204,20.328140258789062,0.0
0.0200599999999999,1.612672517930198,33.186,21.43295288085937,221.8499241105144
0.0200599999999999,1.612672517930198,33.186,21.43295288085937,0.0
0.0177,1.747865389023948,32.976,22.490386962890625,207.66576630616711
0.0177,1.747865389023948,32.976,22.490386962890625,0.0
0.01829,1.914277742539573,32.874,23.54164123535156,207.4298090885246
0.01829,1.914277742539573,32.874,23.54164123535156,0.0
0.0194699999999999,2.039064119492698,32.874,24.591522216796875,206.6694845364987
0.0194699999999999,2.039064119492698,32.874,24.591522216796875,0.0
0.0194699999999999,2.028688142930198,33.233999999999995,25.62080383300781,205.44543237748823
0.0194699999999999,2.028688142930198,33.233999999999995,25.62080383300781,0.0
0.01711,1.997468660508323,33.12,26.72149658203125,221.8244153614788
0.01711,1.997468660508323,33.12,26.72149658203125,0.0
0.01475,2.257478426133323,32.97,27.856521606445312,225.5614118469951
0.01475,2.257478426133323,32.97,27.856521606445312,0.0
0.01593,2.288667390977073,32.99999999999999,28.88786315917969,206.2270651338476
0.01593,2.288667390977073,32.99999999999999,28.88786315917969,0.0
0.01475,2.351075838242698,32.94,29.94804382324219,211.9513522715464
0.01475,2.351075838242698,32.94,29.94804382324219,0.0
0.01534,2.413484285508323,33.041999999999994,30.97869873046875,207.2501321589839
0.01534,2.413484285508323,33.041999999999994,30.97869873046875,0.0
0.01534,2.527864168320823,33.15,32.025146484375,214.1726880692697
0.01534,2.527864168320823,33.15,32.025146484375,0.0
0.0100299999999999,2.652681062852073,33.258,33.12858581542969,225.8369486398072
0.0100299999999999,2.652681062852073,33.258,33.12858581542969,0.0
0.0118,2.652681062852073,32.832,34.20661926269531,212.71378201762556
0.0118,2.631868074570823,32.832,34.20661926269531,0.0
0.0118,2.704683015977073,32.879999999999995,35.292205810546875,222.22856660209024
0.0118,2.704683015977073,32.879999999999995,35.292205810546875,0.0
0.01062,2.777467439805198,33.24,36.322174072265625,190.840885995618
0.01062,2.777467439805198,33.24,36.322174072265625,0.0
0.01062,3.006288240586448,33.126,37.4029541015625,213.59289116537823
0.01062,3.006288240586448,33.126,37.4029541015625,0.0
0.00708,3.006288240586448,33.102,38.497467041015625,217.90024675549168
0.00708,3.006288240586448,33.102,38.497467041015625,0.0
0.00826,2.891877840195823,32.85,39.560394287109375,206.1934522007369
0.00826,2.891877840195823,32.85,39.560394287109375,0.0
0.00531,3.068666170273948,32.976,40.638427734375,213.98043812343025
0.00531,3.068666170273948,32.976,40.638427734375,0.0
0.00767,3.276673982773948,33.156,41.7205810546875,212.56203502503672
0.00767,3.276673982773948,33.156,41.7205810546875,0.0
0.0064899999999999,3.422273348008323,33.198,42.77458190917969,199.73485967259447
0.0064899999999999,3.422273348008323,33.198,42.77458190917969,0.0
0.00295,3.287080476914573,33.33,43.864288330078125,215.86894233349932
0.00295,3.287080476914573,33.33,43.864288330078125,0.0
0.00354,3.287080476914573,32.838,44.93408203125,209.8869337202343
0.00354,3.172670076523948,32.838,44.93408203125,0.0
0.00354,3.526277254258323,32.79600000000001,46.01554870605469,209.99352908827123
0.00354,3.526277254258323,32.79600000000001,46.01554870605469,0.0
0.00295,3.526277254258323,33.078,47.08946228027344,192.63023752801556
0.00295,3.661470125352073,33.078,47.08946228027344,0.0
0.00413,3.682283113633323,33.023999999999994,48.14208984375,204.03713190090355
0.00413,3.682283113633323,33.023999999999994,48.14208984375,0.0
0.00295,3.505464265977073,33.252,49.24484252929688,256.7526625255241
0.00295,3.505464265977073,33.252,49.24484252929688,0.0
0.00177,3.526277254258323,32.958000000000006,50.326995849609375,217.34350679107607
0.00177,3.526277254258323,32.958000000000006,50.326995849609375,0.0
0.0005899999999999,3.879884431992698,32.91,51.41670227050781,229.3635910121456
0.0005899999999999,3.879884431992698,32.91,51.41670227050781,0.0
0.00177,3.921479890977073,32.91,52.48924255371094,214.67980048107657
0.00177,3.921479890977073,32.91,52.48924255371094,0.0
0.00295,3.952668855820823,32.946000000000005,53.514404296875,212.1170583828916
0.00295,3.952668855820823,32.946000000000005,53.514404296875,0.0
-0.0,3.838288973008323,33.438,54.61372375488281,226.47702060309635
-0.0,3.838288973008323,33.438,54.61372375488281,0.0
-0.0,3.838288973008323,32.94,55.71647644042969,220.4623521686174
-0.0,3.838288973008323,32.94,55.71647644042969,0.0
-0.0,4.150270174180198,32.754,56.80755615234375,195.9202212094104
-0.0,4.150270174180198,32.754,56.80755615234375,0.0
0.0005899999999999,4.098268221055198,33.03,57.88215637207031,202.44917477895237
0.0005899999999999,4.098268221055198,33.03,57.88215637207031,0.0
-0.0,4.181489656602073,33.072,58.94508361816407,202.2312112049445
-0.0,4.181489656602073,33.072,58.94508361816407,0.0
-0.0,4.108674715195823,33.27,60.02655029296874,217.86194093562412
-0.0,4.108674715195823,33.27,60.02655029296874,0.0
-0.0,4.160676668320823,33.018,61.1272430419922,217.05634963976647
-0.0,4.160676668320823,33.018,61.1272430419922,0.0
-0.0,4.379090974961448,32.838,62.20115661621093,217.1276939381083
-0.0,4.379090974961448,32.838,62.20115661621093,0.0
0.00177,4.181489656602073,32.898,63.22288513183593,183.79717856185476
0.00177,4.181489656602073,32.898,63.22288513183593,0.0
-0.0,4.347871492539573,33.054,64.28512573242188,205.7409646691383
-0.0,4.347871492539573,33.054,64.28512573242188,0.0
-0.0,4.347871492539573,33.522,65.36384582519531,199.9481172888656
-0.0,4.347871492539573,33.522,65.36384582519531,0.0
-0.0,4.483064363633323,32.982,66.46522521972656,220.0997990670156
-0.0,4.483064363633323,32.982,66.46522521972656,0.0
-0.0,4.503877351914573,32.742,67.56935119628906,214.8523013353856
-0.0,4.503877351914573,32.742,67.56935119628906,0.0
-0.0,4.306276033555198,33.162000000000006,68.64189147949219,205.7039285007015
-0.0,4.306276033555198,33.162000000000006,68.64189147949219,0.0
-0.0,4.587068269883323,32.964,69.73640441894531,215.9228525258171
-0.0,4.587068269883323,32.964,69.73640441894531,0.0
-0.0,4.524690340195823,33.27,70.75538635253906,195.69462907509472
-0.0,4.524690340195823,33.27,70.75538635253906,0.0
-0.0,4.670289705430198,32.82,71.81350708007812,202.5111440265016
-0.0,4.670289705430198,32.82,71.81350708007812,0.0
-0.00531,4.701478670273948,32.129999999999995,72.8887939453125,217.71347747202284
-0.00531,4.701478670273948,32.129999999999995,72.8887939453125,0.0
-0.00177,4.503877351914573,30.882,73.905029296875,211.3194742279389
-0.00177,4.503877351914573,30.882,73.905029296875,0.0
-0.00354,4.763887117539573,30.222,74.87319946289062,192.90100936763525
-0.00354,4.763887117539573,30.222,74.87319946289062,0.0
-0.00413,4.587068269883323,29.34,75.81596374511719,172.6990808254695
-0.00413,4.587068269883323,29.34,75.81596374511719,0.0
-0.0064899999999999,4.805482576523948,28.422,76.75941467285156,189.22000155112815
-0.0064899999999999,4.805482576523948,28.422,76.75941467285156,0.0
-0.0064899999999999,4.670289705430198,27.486,77.6513671875,173.59916594940384
-0.0064899999999999,4.670289705430198,27.486,77.6513671875,0.0
-0.0094399999999999,4.847078035508323,26.322,78.51242065429688,175.2602212085853
-0.0094399999999999,4.847078035508323,26.322,78.51242065429688,0.0
-0.0059,4.670289705430198,25.242,79.35287475585938,156.13117249922172
-0.0059,4.670289705430198,25.242,79.35287475585938,0.0
-0.01062,4.826265047227073,24.576,80.14732360839844,154.11228953225051
-0.01062,4.826265047227073,24.576,80.14732360839844,0.0
-0.00885,4.826265047227073,23.244,80.9197998046875,154.24844175089763
-0.00885,4.795076082383323,23.244,80.9197998046875,0.0
-0.00826,4.847078035508323,22.524,81.67648315429688,152.46491025789018
-0.00826,4.847078035508323,22.524,81.67648315429688,0.0
-0.00767,4.847078035508323,21.558,82.36930847167969,137.5472140922383
-0.00767,4.899079988633323,21.558,82.36930847167969,0.0
-0.0100299999999999,4.795076082383323,20.88,83.02986145019531,123.6758993663088
-0.0100299999999999,4.795076082383323,20.88,83.02986145019531,0.0
-0.01475,4.899079988633323,19.638,83.74809265136719,144.62972234623876
-0.01475,4.899079988633323,19.638,83.74809265136719,0.0
-0.0118,4.847078035508323,17.964,84.34822082519531,121.90294004232528
-0.0118,4.847078035508323,17.964,84.34822082519531,0.0
-0.0094399999999999,4.732667635117698,17.292,84.91744995117188,117.00495909070683
-0.0094399999999999,4.732667635117698,17.292,84.91744995117188,0.0
-0.0135699999999999,4.899079988633323,16.626,85.45783996582031,108.44672178369032
-0.0135699999999999,4.899079988633323,16.626,85.45783996582031,0.0
-0.0123899999999999,4.743074129258323,15.498,85.97076416015625,104.48649304041996
-0.0123899999999999,4.743074129258323,15.498,85.97076416015625,0.0
-0.0123899999999999,4.649476717148948,14.646,86.44111633300781,94.46719679688331
-0.0123899999999999,4.649476717148948,14.646,86.44111633300781,0.0
-0.01416,4.899079988633323,13.932,86.92108154296875,90.61076268851208
-0.01416,4.899079988633323,13.932,86.92108154296875,0.0
-0.01829,4.847078035508323,12.78,87.3358154296875,83.26317741792495
-0.01829,4.847078035508323,12.78,87.3358154296875,0.0
-0.01416,4.878267000352073,11.406,87.72720336914062,76.71264983399873
-0.01416,4.878267000352073,11.406,87.72720336914062,0.0
-0.0123899999999999,4.878267000352073,10.572,88.06640625,67.96290940885363
-0.0123899999999999,4.878267000352073,10.572,88.06640625,0.0
-0.01534,4.847078035508323,10.206,88.40011596679688,66.34388007892969
-0.01534,4.847078035508323,10.206,88.40011596679688,0.0
-0.0177,4.919862459336448,9.09,88.71734619140625,63.72644126341799
-0.0177,4.919862459336448,9.09,88.71734619140625,0.0
-0.0188799999999999,4.888673494492698,7.674,88.99818420410156,56.540771631825656
-0.0188799999999999,4.888673494492698,7.674,88.99818420410156,0.0
-0.01593,4.899079988633323,6.33,89.22821044921875,45.050185099288086
-0.01593,4.899079988633323,6.33,89.22821044921875,0.0
-0.01475,4.899079988633323,5.352,89.40879821777344,37.82734992763071
-0.01475,4.899079988633323,5.352,89.40879821777344,0.0
-0.01475,4.878267000352073,4.578,89.56535339355469,31.013307405147177
-0.01475,4.878267000352073,4.578,89.56535339355469,0.0
-0.01475,4.857484529648948,3.768,89.70680236816406,29.493113971936424
-0.01475,4.857484529648948,3.768,89.70680236816406,0.0
-0.0177,4.847078035508323,3.204,89.81460571289062,22.60976189735639
-0.0177,4.847078035508323,3.204,89.81460571289062,0.0
-0.01593,4.847078035508323,1.9020000000000004,89.8956298828125,16.03486442149513
-0.01593,4.847078035508323,1.9020000000000004,89.8956298828125,0.0
-0.01829,4.899079988633323,1.248,89.94438171386719,9.617642741112304
-0.01829,4.899079988633323,1.248,89.94438171386719,0.0
-0.0177,4.899079988633323,0.696,89.9725341796875,5.223091988920867
-0.0177,4.899079988633323,0.696,89.9725341796875,0.0
-0.0188799999999999,4.847078035508323,0.27,89.98970031738281,3.4686073338705343
-0.0188799999999999,4.847078035508323,0.27,89.98970031738281,0.0
-0.0188799999999999,4.867891023789573,0.1379999999999999,89.99313354492188,0.6889880672407263
-0.0188799999999999,4.867891023789573,0.1379999999999999,89.99313354492188,0.0
-0.0188799999999999,4.847078035508323,0.12,89.99588012695312,0.549426291508524
-0.0188799999999999,4.847078035508323,0.12,89.99588012695312,0.0
-0.01829,4.847078035508323,0.0959999999999999,90.00137329101562,1.067877928169931
-0.01829,4.847078035508323,0.0959999999999999,90.00137329101562,0.0
-0.0188799999999999,4.847078035508323,0.036,89.99931335449219,-0.4081506882184441
-0.0188799999999999,4.847078035508323,0.036,89.99931335449219,0.0
-0.01829,4.857484529648948,0.0239999999999999,90.00411987304688,0.937491428649492
-0.01829,4.857484529648948,0.0239999999999999,90.00411987304688,0.0
-0.0188799999999999,4.847078035508323,0.0119999999999999,90.0054931640625,0.2737275295244925
-0.0188799999999999,4.847078035508323,0.0119999999999999,90.0054931640625,0.0
-0.01829,4.847078035508323,0.0239999999999999,90.00480651855469,-0.1310392190481726
-0.01829,4.847078035508323,0.0239999999999999,90.00480651855469,0.0
-0.0188799999999999,4.847078035508323,0.0119999999999999,90.00755310058594,0.551854938968839
-0.0188799999999999,4.847078035508323,0.0119999999999999,90.00755310058594,0.0
-0.0206499999999999,4.847078035508323,0.018,90.00686645507812,-0.1357275168634351
-0.0206499999999999,4.888673494492698,0.018,90.00686645507812,0.0
-0.0206499999999999,4.847078035508323,0.0059999999999999,90.00686645507812,0.0
-0.0200599999999999,4.847078035508323,0.018,90.00755310058594,0.1402748739147762
-0.0200599999999999,4.847078035508323,0.018,90.00755310058594,0.0
-0.0206499999999999,4.847078035508323,-0.018,90.00617980957031,-0.2758720401013765
-0.0206499999999999,4.847078035508323,-0.018,90.00617980957031,0.0
-0.0200599999999999,4.847078035508323,0.018,90.0054931640625,-0.1405908083152994
-0.0200599999999999,4.847078035508323,0.018,90.0054931640625,0.0
-0.0200599999999999,4.847078035508323,0.0059999999999999,90.00411987304688,-0.2699078253979609
-0.0200599999999999,4.847078035508323,0.0059999999999999,90.00411987304688,0.0
-0.0206499999999999,4.847078035508323,-0.03,90.0054931640625,0.2757058854898177
-0.0206499999999999,4.847078035508323,-0.03,90.0054931640625,0.0
-0.02183,4.847078035508323,-0.0059999999999999,90.00617980957031,0.1444049438090586
-0.02183,4.847078035508323,-0.0059999999999999,90.00617980957031,0.0
-0.02183,4.847078035508323,0.0059999999999999,90.0054931640625,-0.1283689489273098
-0.02183,4.847078035508323,0.0059999999999999,90.0054931640625,0.0
-0.0259599999999999,4.847078035508323,-0.0119999999999999,90.00755310058594,0.4062991170485392
-0.0259599999999999,4.847078035508323,-0.0119999999999999,90.00755310058594,0.0
-0.03658,4.847078035508323,-0.03,90.00617980957031,-0.2736729803955898
-0.03658,4.847078035508323,-0.03,90.00617980957031,0.0
-0.04779,4.847078035508323,-0.228,90.00480651855469,-0.2753189686495147
-0.04779,4.847078035508323,-0.228,90.00480651855469,0.0
-0.06667,4.899079988633323,-0.774,89.99244689941406,-2.4953804039216494
-0.06667,4.899079988633323,-0.774,89.99244689941406,0.0
-0.08496,4.899079988633323,-2.004,89.9560546875,-7.4681329600019986
-0.08496,4.899079988633323,-2.004,89.9560546875,0.0
-0.08378,4.982270906602073,-4.5,89.85237121582031,-20.56803643715889
-0.08378,4.982270906602073,-4.5,89.85237121582031,0.0
-0.0796499999999999,4.961488435898948,-6.744,89.6649169921875,-36.51942794326635
-0.0796499999999999,4.961488435898948,-6.744,89.6649169921875,0.0
-0.07906,4.888673494492698,-8.244,89.42596435546875,-48.29277217437468
-0.07906,4.888673494492698,-8.244,89.42596435546875,0.0
-0.07611,4.899079988633323,-9.318,89.14306640625,-56.921116543006434
-0.07611,4.899079988633323,-9.318,89.14306640625,0.0
-0.0796499999999999,4.899079988633323,-9.648,88.82171630859375,-62.000790595512825
-0.0796499999999999,4.899079988633323,-9.648,88.82171630859375,0.0
-0.07906,4.826265047227073,-9.78,88.50379943847656,-63.20414912860299
-0.07906,4.826265047227073,-9.78,88.50379943847656,0.0
-0.07847,4.951081941758323,-10.182,88.17146301269531,-66.04459971805544
-0.07847,4.951081941758323,-10.182,88.17146301269531,0.0
-0.07906,4.951081941758323,-11.562,87.83432006835938,-62.79436474871087
-0.07906,4.919862459336448,-11.562,87.83432006835938,0.0
-0.0843699999999999,4.909486482773948,-12.792,87.4346923828125,-78.75989072661376
-0.0843699999999999,4.909486482773948,-12.792,87.4346923828125,0.0
-0.0867299999999999,4.961488435898948,-14.136,87.00485229492188,-88.49909159780047
-0.0867299999999999,4.961488435898948,-14.136,87.00485229492188,0.0
-0.08614,4.951081941758323,-14.7,86.52626037597656,-94.56469451600952
-0.08614,4.951081941758323,-14.7,86.52626037597656,0.0
-0.0802399999999999,4.940675447617698,-15.588,86.04560852050781,-97.17991416681406
-0.0802399999999999,4.940675447617698,-15.588,86.04560852050781,0.0
-0.0825999999999999,5.065461824570823,-16.805999999999997,85.54298400878906,-100.16431082478589
-0.0825999999999999,5.065461824570823,-16.805999999999997,85.54298400878906,0.0
-0.0796499999999999,4.899079988633323,-17.574,84.98199462890625,-117.5585456585288
-0.0796499999999999,4.899079988633323,-17.574,84.98199462890625,0.0
-0.0885,4.867891023789573,-18.216000000000005,84.38941955566406,-110.26704005244164
-0.0885,4.867891023789573,-18.216000000000005,84.38941955566406,0.0
-0.0902699999999999,4.867891023789573,-19.584,83.78379821777344,-123.41987729593365
-0.0902699999999999,5.023866365586448,-19.584,83.78379821777344,0.0
-0.08378,4.899079988633323,-20.334,83.14247131347656,-127.75436340570616
-0.08378,4.899079988633323,-20.334,83.14247131347656,0.0
-0.0825999999999999,4.899079988633323,-21.078000000000003,82.45719909667969,-142.49786167532636
-0.0825999999999999,4.899079988633323,-21.078000000000003,82.45719909667969,0.0
-0.08614,5.044679353867698,-22.242,81.77604675292969,-140.01075924967571
-0.08614,5.044679353867698,-22.242,81.77604675292969,0.0
-0.08496,4.919862459336448,-23.292,81.0406494140625,-126.01051042971368
-0.08496,4.919862459336448,-23.292,81.0406494140625,0.0
-0.09086,5.023866365586448,-24.264,80.26954650878906,-155.495645346545
-0.09086,5.023866365586448,-24.264,80.26954650878906,0.0
-0.0885,5.023866365586448,-25.332,79.44419860839844,-139.70005084476995
-0.0885,4.930268953477073,-25.332,79.44419860839844,0.0
-0.0938099999999999,5.075868318711448,-26.304,78.64906311035156,-163.70918222085135
-0.0938099999999999,5.075868318711448,-26.304,78.64906311035156,0.0
-0.09204,4.888673494492698,-27.408,77.73513793945312,-183.8143947904332
-0.09204,4.888673494492698,-27.408,77.73513793945312,0.0
-0.0938099999999999,4.899079988633323,-28.074,76.81503295898438,-183.39744478140997
-0.0938099999999999,4.899079988633323,-28.074,76.81503295898438,0.0
-0.09322,4.899079988633323,-28.956,75.92926025390625,-186.0085478954683
-0.09322,4.899079988633323,-28.956,75.92926025390625,0.0
-0.0890899999999999,4.899079988633323,-30.216,74.96795654296875,-192.22229772795316
-0.0890899999999999,4.899079988633323,-30.216,74.96795654296875,0.0
-0.0926299999999999,4.722291658555198,-31.332,73.94416809082031,-202.81070763629145
-0.0926299999999999,4.722291658555198,-31.332,73.94416809082031,0.0
-0.0914499999999999,4.826265047227073,-32.07,72.91763305664062,-207.9690101660329
-0.0914499999999999,4.826265047227073,-32.07,72.91763305664062,0.0
-0.0867299999999999,4.649476717148948,-32.622,71.82518005371094,-224.18489696878973
-0.0867299999999999,4.649476717148948,-32.622,71.82518005371094,0.0
-0.0825999999999999,4.722291658555198,-32.922000000000004,70.76774597167969,-204.96880830227752
-0.0825999999999999,4.722291658555198,-32.922000000000004,70.76774597167969,0.0
-0.0867299999999999,4.628663728867698,-33.018,69.70344543457031,-208.3595413291695
-0.0867299999999999,4.628663728867698,-33.018,69.70344543457031,0.0
-0.0820099999999999,4.670289705430198,-33.12,68.65837097167969,-194.17957318676008
-0.0820099999999999,4.670289705430198,-33.12,68.65837097167969,0.0
-0.0825999999999999,4.867891023789573,-33.108,67.587890625,-215.04225525902305
-0.0825999999999999,4.867891023789573,-33.108,67.587890625,0.0
-0.0802399999999999,4.514283846055198,-33.132,66.49749755859375,-223.71626311194723
-0.0802399999999999,4.514283846055198,-33.132,66.49749755859375,0.0
-0.07906,4.503877351914573,-32.922000000000004,65.40847778320312,-218.76652780039163
-0.07906,4.503877351914573,-32.922000000000004,65.40847778320312,0.0
-0.08083,4.399873445664573,-32.898,64.36408996582031,-210.05386512114865
-0.08083,4.399873445664573,-32.898,64.36408996582031,0.0
-0.07906,4.628663728867698,-33.216,63.2757568359375,-218.14654838292165
-0.07906,4.628663728867698,-33.216,63.2757568359375,0.0
-0.0802399999999999,4.680665681992698,-33.084,62.19497680664063,-216.02639002526817
-0.0802399999999999,4.680665681992698,-33.084,62.19497680664063,0.0
-0.07906,4.285463045273948,-33.132,61.088790893554695,-221.41431406851112
-0.07906,4.285463045273948,-33.132,61.088790893554695,0.0
-0.07729,4.285463045273948,-32.988,59.99153137207031,-220.2890025063658
-0.07729,4.285463045273948,-32.988,59.99153137207031,0.0
-0.08142,4.223085115586448,-32.784,58.91899108886718,-221.645026493865
-0.08142,4.223085115586448,-32.784,58.91899108886718,0.0
-0.0802399999999999,4.441468904648948,-33.01199999999999,57.86155700683594,-210.60228680171187
-0.0802399999999999,4.441468904648948,-33.01199999999999,57.86155700683594,0.0
-0.07906,4.431062410508323,-33.162000000000006,56.78077697753906,-191.59369425564
-0.07906,4.431062410508323,-33.162000000000006,56.78077697753906,0.0
-0.07847,4.025483797227073,-33.222,55.67390441894531,-219.5740048788088
-0.07847,4.025483797227073,-33.222,55.67390441894531,0.0
-0.0767,4.098268221055198,-32.976,54.59724426269531,-237.5160282927828
-0.0767,4.098268221055198,-32.976,54.59724426269531,0.0
-0.07729,3.973481844102073,-32.7,53.51577758789063,-213.0549004736294
-0.07729,3.973481844102073,-32.7,53.51577758789063,0.0
-0.07729,4.150270174180198,-32.946000000000005,52.46795654296875,-204.8125576469264
-0.07729,4.150270174180198,-32.946000000000005,52.46795654296875,0.0
-0.07729,4.108674715195823,-33.06,51.38786315917969,-212.157411861918
-0.07729,4.108674715195823,-33.06,51.38786315917969,0.0
-0.07611,3.848664949570823,-33.233999999999995,50.28648376464844,-215.28135155024097
-0.07611,3.848664949570823,-33.233999999999995,50.28648376464844,0.0
-0.07375,3.848664949570823,-33.108,49.18304443359375,-217.25523352121309
-0.07375,3.817475984727073,-33.108,49.18304443359375,0.0
-0.07847,3.723878572617698,-32.712,48.09127807617188,-216.8354235197588
-0.07847,3.723878572617698,-32.712,48.09127807617188,0.0
-0.07847,3.942262361680198,-32.838,47.02423095703125,-213.23883276193544
-0.07847,3.942262361680198,-32.838,47.02423095703125,0.0
-0.07729,3.859071443711448,-33.054,45.94413757324219,-213.6260648315589
-0.07729,3.859071443711448,-33.054,45.94413757324219,0.0
-0.0767,3.599092195664573,-33.245999999999995,44.8516845703125,-226.18074594825345
-0.0767,3.599092195664573,-33.245999999999995,44.8516845703125,0.0
-0.07493,3.547090242539573,-33.156,43.768157958984375,-204.6706859328069
-0.07493,3.547090242539573,-33.156,43.768157958984375,0.0
-0.0719799999999999,3.515870760117698,-32.886,42.67021179199219,-217.4150825728347
-0.0719799999999999,3.515870760117698,-32.886,42.67021179199219,0.0
-0.07316,3.526277254258323,-32.94,41.59835815429688,-209.3464136124455
-0.07316,3.526277254258323,-32.94,41.59835815429688,0.0
-0.07316,3.505464265977073,-33.01199999999999,40.5230712890625,-202.4259911960968
-0.07316,3.505464265977073,-33.01199999999999,40.5230712890625,0.0
-0.07139,3.318269441758323,-33.24,39.480743408203125,-210.10439041706303
-0.07139,3.318269441758323,-33.24,39.480743408203125,0.0
-0.07139,3.276673982773948,-33.306,38.35945129394531,-222.3462451433045
-0.07139,3.276673982773948,-33.306,38.35945129394531,0.0
-0.06785,3.276673982773948,-32.867999999999995,37.2601318359375,-229.98315021099936
-0.06785,3.276673982773948,-32.867999999999995,37.2601318359375,0.0
-0.0708,3.318269441758323,-32.772,36.22673034667969,-198.00756644128157
-0.0708,3.318269441758323,-32.772,36.22673034667969,0.0
-0.0708,3.151887605820823,-33.054,35.14732360839844,-216.1840052633584
-0.0708,3.151887605820823,-33.054,35.14732360839844,0.0
-0.06785,2.975068758164573,-33.168000000000006,34.05830383300781,-214.88156578341025
-0.06785,2.975068758164573,-33.168000000000006,34.05830383300781,0.0
-0.06608,2.964662264023948,-33.216,32.969970703125,-215.3409437836464
-0.06608,2.964662264023948,-33.216,32.969970703125,0.0
-0.06136,2.715089510117698,-33.006,31.84593200683594,-224.98772944143485
-0.06136,2.715089510117698,-33.006,31.84593200683594,0.0
-0.0654899999999999,2.725465486680198,-32.928000000000004,30.80497741699219,-206.08881208569892
-0.0654899999999999,2.725465486680198,-32.928000000000004,30.80497741699219,0.0
-0.0654899999999999,2.496675203477073,-33.01199999999999,29.728317260742184,-201.73508642506272
-0.0654899999999999,2.496675203477073,-33.01199999999999,29.728317260742184,0.0
-0.06195,2.434266756211448,-33.126,28.62899780273437,-219.99588913491027
-0.06195,2.434266756211448,-33.126,28.62899780273437,0.0
-0.06077,2.434266756211448,-33.222,27.54547119140625,-206.46467441459055
-0.06077,2.465486238633323,-33.222,27.54547119140625,0.0
-0.05782,2.319886873398948,-32.886,26.451644897460938,-221.0196593139131
-0.05782,2.319886873398948,-32.886,26.451644897460938,0.0
-0.06018,2.299073885117698,-32.862,25.379791259765625,-215.96889737982443
-0.06018,2.299073885117698,-32.862,25.379791259765625,0.0
-0.059,2.132692049180198,-33.018,24.331283569335938,-208.2438312670905
-0.059,2.132692049180198,-33.018,24.331283569335938,0.0
-0.0548699999999999,2.059877107773948,-33.138,23.21205139160156,-218.77094951801365
-0.0548699999999999,2.059877107773948,-33.138,23.21205139160156,0.0
-0.05841,2.059877107773948,-33.096,22.15736389160156,-198.0261922644895
-0.05841,2.039064119492698,-33.096,22.15736389160156,0.0
-0.0536899999999999,1.924684236680198,-33.006,21.060104370117188,-227.03486891886112
-0.0536899999999999,1.924684236680198,-33.006,21.060104370117188,0.0
-0.0536899999999999,1.883088777695823,-32.874,19.977264404296875,-228.7851184914292
-0.0536899999999999,1.883088777695823,-32.874,19.977264404296875,0.0
-0.0530999999999999,1.727082918320823,-32.898,18.91021728515625,-209.7183803345085
-0.0530999999999999,1.727082918320823,-32.898,18.91021728515625,0.0
-0.0536899999999999,1.654267976914573,-33.06,17.82257080078125,-214.23015252609812
-0.0536899999999999,1.654267976914573,-33.06,17.82257080078125,0.0
-0.05251,1.539888094102073,-33.19200000000001,16.744537353515625,-215.47740301153425
-0.05251,1.539888094102073,-33.19200000000001,16.744537353515625,0.0
-0.04897,1.415071199570823,-33.06,15.624618530273436,-220.4564612681679
-0.04897,1.415071199570823,-33.06,15.624618530273436,0.0
-0.0483799999999999,1.363069246445823,-32.904,14.556884765625002,-215.0954400983485
-0.0483799999999999,1.363069246445823,-32.904,14.556884765625002,0.0
-0.0483799999999999,1.186280916367698,-32.994,13.481597900390623,-213.47763852175015
-0.0483799999999999,1.186280916367698,-32.994,13.481597900390623,0.0
-0.04897,1.186280916367698,-33.018,12.448883056640623,-197.49757960413356
-0.04897,1.186280916367698,-33.018,12.448883056640623,0.0
-0.0507399999999999,1.103089998398948,-32.99999999999999,11.394882202148438,-209.33482710869905
-0.0507399999999999,1.103089998398948,-32.99999999999999,11.394882202148438,0.0
-0.04779,0.967866609727073,-33.27,10.2886962890625,-220.09270057416384
-0.04779,0.967866609727073,-33.27,10.2886962890625,0.0
-0.04602,0.967866609727073,-32.958000000000006,9.214096069335938,-192.9264308306652
-0.04602,0.874269197617698,-32.958000000000006,9.214096069335938,0.0
-0.0495599999999999,0.759889314805198,-32.964,8.185501098632812,-203.92445890207645
-0.0495599999999999,0.759889314805198,-32.964,8.185501098632812,0.0
-0.0483799999999999,0.718263338242698,-33.144,7.107467651367188,-195.5793627113613
-0.0483799999999999,0.718263338242698,-33.144,7.107467651367188,0.0
-0.04602,0.718263338242698,-33.102,6.0211944580078125,-204.95720629428735
-0.04602,0.718263338242698,-33.102,6.0211944580078125,0.0
-0.04425,0.603883455430198,-33.282000000000004,4.94384765625,-224.5876176270644
-0.04425,0.603883455430198,-33.282000000000004,4.94384765625,0.0
-0.04189,0.541475008164573,-33.041999999999994,3.840408325195313,-215.34725430410404
-0.04189,0.541475008164573,-33.041999999999994,3.840408325195313,0.0
-0.04248,0.3958756429301979,-32.904,2.779541015625,-219.23275667926973
-0.04248,0.3958756429301979,-32.904,2.779541015625,0.0
-0.04425,0.2814652425395729,-33.018,1.73309326171875,-211.4035866476889
-0.04425,0.2814652425395729,-33.018,1.73309326171875,0.0
-0.03953,0.541475008164573,-33.01199999999999,0.693511962890625,-203.3212006312976
-0.03953,0.541475008164573,-33.01199999999999,0.693511962890625,0.0
-0.03953,0.4998795491801979,-33.318,-0.3920745849609375,-216.5542684720572
-0.03953,0.4998795491801979,-33.318,-0.3920745849609375,0.0
-0.03835,0.4894730550395729,-33.15,-1.4701080322265625,-212.5879406952132
-0.03835,0.4894730550395729,-33.15,-1.4701080322265625,0.0
-0.0359899999999999,0.3646866780864479,-32.982,-2.52410888671875,-204.8990774676055
-0.0359899999999999,0.3646866780864479,-32.982,-2.52410888671875,0.0
-0.0377599999999999,0.1982743245708229,-33.102,-3.5602569580078125,-204.04648902906223
-0.0377599999999999,0.1982743245708229,-33.102,-3.5602569580078125,0.0
-0.03422,0.1462723714458229,-33.21,-4.6547698974609375,-217.0791232551472
-0.03422,0.1462723714458229,-33.21,-4.6547698974609375,0.0
-0.0348099999999999,0.3126847249614479,-33.222,-5.7149505615234375,-209.853654802588
-0.0348099999999999,0.3126847249614479,-33.222,-5.7149505615234375,0.0
-0.0348099999999999,0.1670853597270729,-33.048,-6.766204833984375,-210.7144262301128
-0.0348099999999999,0.1670853597270729,-33.048,-6.766204833984375,0.0
-0.03127,0.0214859944926979,-33.035999999999994,-7.870330810546875,-210.87203524890091
-0.03127,0.0214859944926979,-33.035999999999994,-7.870330810546875,0.0
-0.0354,0.0214859944926979,-32.79,-8.91265869140625,-206.1566220052806
-0.0354,0.0214859944926979,-32.79,-8.91265869140625,0.0
-0.03304,-0.446531583632302,-32.988,-9.996185302734377,-212.2896965767074
-0.03304,-0.446531583632302,-32.988,-9.996185302734377,0.0
-0.0336299999999999,-0.602537443007302,-33.102,-11.050186157226562,-221.56839489019356
-0.0336299999999999,-0.602537443007302,-33.102,-11.050186157226562,0.0
-0.0324499999999999,-0.748136808241677,-33.15,-12.141265869140623,-220.0201072623861
-0.0324499999999999,-0.748136808241677,-33.15,-12.141265869140623,0.0
-0.03068,-0.893736173476052,-33.198,-13.230972290039062,-217.46286587462416
-0.03068,-0.893736173476052,-33.198,-13.230972290039062,0.0
-0.0324499999999999,-0.904112150038552,-33.078,-14.298019409179688,-214.395643789394
-0.0324499999999999,-0.904112150038552,-33.078,-14.298019409179688,0.0
-0.0295,-1.060118009413552,-33.318,-15.346527099609377,-212.37749451662225
-0.0295,-1.060118009413552,-33.318,-15.346527099609377,0.0
-0.0295,-1.028929044569802,-33.222,-16.40533447265625,-213.29721455411828
-0.0295,-1.028929044569802,-33.222,-16.40533447265625,0.0
-0.0265499999999999,-1.205717374647927,-33.168000000000006,-17.519760131835938,-219.0732571611937
-0.0265499999999999,-1.205717374647927,-33.168000000000006,-17.519760131835938,0.0
-0.0236,-1.424131681288552,-33.294000000000004,-18.60809326171875,-222.7908147149355
-0.0236,-1.424131681288552,-33.294000000000004,-18.60809326171875,0.0
-0.0271399999999999,-1.413725187147927,-32.862,-19.627761840820312,-200.3278151475483
-0.0271399999999999,-1.413725187147927,-32.862,-19.627761840820312,0.0
-0.0241899999999999,-1.548918058241677,-33.132,-20.72296142578125,-212.61882837504788
-0.0241899999999999,-1.548918058241677,-33.132,-20.72296142578125,0.0
-0.0241899999999999,-1.569731046522927,-33.204,-21.779708862304688,-201.63087893986452
-0.0241899999999999,-1.569731046522927,-33.204,-21.779708862304688,0.0
-0.02242,-1.850523282851052,-33.282000000000004,-22.83233642578125,-211.6685227180036
-0.02242,-1.850523282851052,-33.282000000000004,-22.83233642578125,0.0
-0.0206499999999999,-1.871336271132302,-33.354,-23.94744873046875,-235.2557604826848
-0.0206499999999999,-1.871336271132302,-33.354,-23.94744873046875,0.0
-0.02301,-1.933714200819802,-32.958000000000006,-25.001449584960938,-207.72582863462563
-0.02301,-1.933714200819802,-32.958000000000006,-25.001449584960938,0.0
-0.02124,-2.058531095351052,-33.24,-26.0870361328125,-232.75869379330524
-0.02124,-2.058531095351052,-33.24,-26.0870361328125,0.0
-0.0200599999999999,-2.120909025038552,-33.174,-27.121124267578125,-205.46158052149795
-0.0200599999999999,-2.120909025038552,-33.174,-27.121124267578125,0.0
-0.0177,-2.287321378554177,-33.198,-28.203277587890625,-182.6727414436955
-0.0177,-2.287321378554177,-33.198,-28.203277587890625,0.0
-0.01593,-2.297727872694802,-33.438,-29.284057617187496,-224.3678698975
-0.01593,-2.297727872694802,-33.438,-29.284057617187496,0.0
-0.01652,-2.276914884413552,-32.958000000000006,-30.37513732910156,-219.4889784579734
-0.01652,-2.276914884413552,-32.958000000000006,-30.37513732910156,0.0
-0.01475,-2.422514249647927,-33.12,-31.467590332031246,-205.73502880053576
-0.01475,-2.422514249647927,-33.12,-31.467590332031246,0.0
-0.01711,-2.058531095351052,-33.186,-32.518157958984375,-207.78631862192384
-0.01711,-2.058531095351052,-33.186,-32.518157958984375,0.0
-0.01475,-1.933714200819802,-33.102,-33.57696533203125,-208.30363428036017
-0.01475,-1.933714200819802,-33.102,-33.57696533203125,0.0
-0.01475,-2.557737638319802,-33.36599999999999,-34.69551086425781,-214.93957191136747
-0.01475,-2.557737638319802,-33.36599999999999,-34.69551086425781,0.0
-0.0129799999999999,-2.765714933241677,-33.01199999999999,-35.74333190917969,-216.26853352378572
-0.0129799999999999,-2.765714933241677,-33.01199999999999,-35.74333190917969,0.0
-0.0123899999999999,-2.817716886366677,-33.318,-36.82960510253906,-216.5616414194329
-0.0123899999999999,-2.817716886366677,-33.318,-36.82960510253906,0.0
-0.0123899999999999,-2.817716886366677,-33.204,-37.88360595703125,-209.33482710869936
-0.0123899999999999,-2.817716886366677,-33.204,-37.88360595703125,0.0
-0.01062,-2.422514249647927,-33.144,-38.98429870605469,-217.52821126944173
-0.01062,-2.422514249647927,-33.144,-38.98429870605469,0.0
-0.01062,-2.848936368788552,-33.456,-40.063018798828125,-212.8912754633118
-0.01062,-2.848936368788552,-33.456,-40.063018798828125,0.0
-0.0094399999999999,-2.287321378554177,-33.054,-41.11152648925781,-208.3265826403236
-0.0094399999999999,-2.287321378554177,-33.054,-41.11152648925781,0.0
-0.00885,-2.339323331679177,-33.294000000000004,-42.20054626464844,-212.49166349087017
-0.00885,-2.339323331679177,-33.294000000000004,-42.20054626464844,0.0
-0.0094399999999999,-2.474516202772927,-33.294000000000004,-43.25386047363281,-206.28950430568383
-0.0094399999999999,-2.474516202772927,-33.294000000000004,-43.25386047363281,0.0
-0.0064899999999999,-3.244108487929177,-33.245999999999995,-44.35935974121094,-218.99747772932875
-0.0064899999999999,-3.244108487929177,-33.245999999999995,-44.35935974121094,0.0
-0.0100299999999999,-3.410520841444802,-33.408,-45.40306091308594,-203.68875329324095
-0.0100299999999999,-3.410520841444802,-33.408,-45.40306091308594,0.0
-0.0059,-3.556120206679177,-33.222,-46.50169372558594,-221.90119420294573
-0.0059,-3.556120206679177,-33.222,-46.50169372558594,0.0
-0.00354,-3.691313077772927,-33.426,-47.594146728515625,-217.57677811787397
-0.00354,-3.691313077772927,-33.426,-47.594146728515625,0.0
-0.00708,-3.649717618788552,-33.252,-48.64540100097656,-191.13714044751825
-0.00708,-3.649717618788552,-33.252,-48.64540100097656,0.0
-0.00295,-3.909727384413552,-33.306,-49.70558166503906,-210.4368130334881
-0.00295,-3.909727384413552,-33.306,-49.70558166503906,0.0
-0.00413,-3.992918302382302,-33.342,-50.77880859375,-212.43605081346092
-0.00413,-3.992918302382302,-33.342,-50.77880859375,0.0
-0.00354,-4.159330655897927,-33.096,-51.84860229492188,-212.51364743175623
-0.00354,-4.159330655897927,-33.096,-51.84860229492188,0.0
-0.0023599999999999,-4.211332609022927,-33.348,-52.92251586914063,-211.6920114763692
-0.0023599999999999,-4.211332609022927,-33.348,-52.92251586914063,0.0
-0.0047199999999999,-4.086515714491677,-33.233999999999995,-53.98887634277344,-214.4731443347414
-0.0047199999999999,-4.086515714491677,-33.233999999999995,-53.98887634277344,0.0
-0.0005899999999999,-4.211332609022927,-33.288000000000004,-55.092315673828125,-198.67470850809687
-0.0005899999999999,-4.211332609022927,-33.288000000000004,-55.092315673828125,0.0
-0.0023599999999999,-4.294523526991677,-33.38999999999999,-56.14288330078125,-210.8303485759629
-0.0023599999999999,-4.294523526991677,-33.38999999999999,-56.14288330078125,0.0
-0.00354,-4.460935880507302,-33.324000000000005,-57.25044250488281,-189.7480219464844
-0.00354,-4.460935880507302,-33.324000000000005,-57.25044250488281,0.0
-0.0,-4.408933927382302,-33.55800000000001,-58.31336975097657,-210.31405739879293
-0.0,-4.408933927382302,-33.55800000000001,-58.31336975097657,0.0
-0.00354,-4.346525480116677,-33.245999999999995,-59.37767028808594,-215.97007652383408
-0.00354,-4.346525480116677,-33.245999999999995,-59.37767028808594,0.0
-0.0005899999999999,-4.533720304335427,-33.354,-60.48797607421876,-220.4737462536728
-0.0005899999999999,-4.533720304335427,-33.354,-60.48797607421876,0.0
-0.0005899999999999,-4.512937833632302,-33.312000000000005,-61.57012939453124,-216.08492817725468
-0.0005899999999999,-4.512937833632302,-33.312000000000005,-61.57012939453124,0.0
-0.00177,-4.616911222304177,-33.168000000000006,-62.62207031249999,-209.63350298302183
-0.00177,-4.616911222304177,-33.168000000000006,-62.62207031249999,0.0
-0.0,-4.679319669569802,-33.474000000000004,-63.7261962890625,-221.09050391736187
-0.0,-4.679319669569802,-33.474000000000004,-63.7261962890625,0.0
-0.0023599999999999,-4.554533292616677,-33.312000000000005,-64.79324340820312,-193.69161719755235
-0.0023599999999999,-4.554533292616677,-33.312000000000005,-64.79324340820312,0.0
-0.0,-4.876920987929177,-33.342,-65.90080261230469,-218.8852182021848
-0.0,-4.876920987929177,-33.342,-65.90080261230469,0.0
-0.0,-4.544126798476052,-33.444,-66.98638916015625,-221.81989126512536
-0.0,-4.544126798476052,-33.444,-66.98638916015625,0.0
-0.0,-4.668913175429177,-33.245999999999995,-68.060302734375,-219.65914792780936
-0.0,-4.668913175429177,-33.245999999999995,-68.060302734375,0.0
-0.0,-4.908109952772927,-33.54600000000001,-69.12117004394531,-202.68767855750963
-0.0,-4.908109952772927,-33.54600000000001,-69.12117004394531,0.0
-0.0005899999999999,-4.731321622694802,-33.318,-70.21018981933594,-217.15249758535964
-0.0005899999999999,-4.731321622694802,-33.318,-70.21018981933594,0.0
0.0023599999999999,-5.012113859022927,-33.276,-71.27037048339844,-208.2869673994925
0.0023599999999999,-5.012113859022927,-33.276,-71.27037048339844,0.0
0.0005899999999999,-4.866514493788552,-32.580000000000005,-72.34428405761719,-215.7319353592765
0.0005899999999999,-4.866514493788552,-32.580000000000005,-72.34428405761719,0.0
0.0005899999999999,-5.032926847304177,-31.524,-73.37425231933594,-210.7567550070556
0.0005899999999999,-5.032926847304177,-31.524,-73.37425231933594,0.0
0.00295,-4.991331388319802,-31.09800000000001,-74.38636779785156,-198.60978777799951
0.00295,-4.991331388319802,-31.09800000000001,-74.38636779785156,0.0
0.00354,-4.939329435194802,-29.844000000000005,-75.37651062011719,-192.1115293490012
0.00354,-4.939329435194802,-29.844000000000005,-75.37651062011719,0.0
0.0059,-5.230528165663552,-29.172,-76.30897521972656,-185.93511457813264
0.0059,-5.230528165663552,-29.172,-76.30897521972656,0.0
0.00354,-5.043333341444802,-27.942,-77.23731994628906,-184.7084613136372
0.00354,-5.043333341444802,-27.942,-77.23731994628906,0.0
0.0094399999999999,-5.209715177382302,-27.138,-78.11004638671875,-174.58020412658536
0.0094399999999999,-5.209715177382302,-27.138,-78.11004638671875,0.0
0.0047199999999999,-5.043333341444802,-25.776,-78.94912719726562,-169.6140712647348
0.0047199999999999,-5.043333341444802,-25.776,-78.94912719726562,0.0
0.00767,-5.084928800429177,-25.116,-79.78752136230469,-163.8448632087768
0.00767,-5.084928800429177,-25.116,-79.78752136230469,0.0
0.0059,-5.209715177382302,-23.796000000000003,-80.56480407714844,-159.96763013878623
0.0059,-5.209715177382302,-23.796000000000003,-80.56480407714844,0.0
0.00826,-5.084928800429177,-23.328000000000003,-81.29814147949219,-145.41689517026896
0.00826,-5.084928800429177,-23.328000000000003,-81.29814147949219,0.0
0.01062,-5.261717130507302,-22.146,-82.02392578125,-145.3603648624014
0.01062,-5.261717130507302,-22.146,-82.02392578125,0.0
0.0100299999999999,-5.084928800429177,-21.204,-82.72636413574219,-141.4495276866178
0.0100299999999999,-5.084928800429177,-21.204,-82.72636413574219,0.0
0.01416,-5.230528165663552,-20.112,-83.41850280761719,-138.2342064859447
0.01416,-5.230528165663552,-20.112,-83.41850280761719,0.0
0.0094399999999999,-5.188932706679177,-18.72,-84.02549743652344,-123.95234406908033
0.0094399999999999,-5.188932706679177,-18.72,-84.02549743652344,0.0
0.00826,-5.032926847304177,-18.288,-84.61601257324219,-116.91053983736924
0.00826,-5.032926847304177,-18.288,-84.61601257324219,0.0
0.0129799999999999,-5.157713224257302,-17.406,-85.20721435546875,-119.19390770704112
0.0129799999999999,-5.157713224257302,-17.406,-85.20721435546875,0.0
0.00767,-5.209715177382302,-16.038,-85.7318115234375,-103.32817962748676
0.00767,-5.209715177382302,-16.038,-85.7318115234375,0.0
0.0123899999999999,-5.084928800429177,-15.192,-86.21040344238281,-96.1993806926291
0.0123899999999999,-5.084928800429177,-15.192,-86.21040344238281,0.0
0.01652,-5.105711271132302,-14.568,-86.69723510742188,-91.3723095043514
0.01652,-5.105711271132302,-14.568,-86.69723510742188,0.0
0.0129799999999999,-5.230528165663552,-13.302,-87.13600158691406,-90.3555353154549
0.0129799999999999,-5.230528165663552,-13.302,-87.13600158691406,0.0
0.0123899999999999,-5.209715177382302,-12.078,-87.53974914550781,-80.10864257810842
0.0123899999999999,-5.209715177382302,-12.078,-87.53974914550781,0.0
0.0118,-5.209715177382302,-11.352000000000002,-87.90641784667969,-73.09982080782375
0.0118,-5.209715177382302,-11.352000000000002,-87.90641784667969,0.0
0.0188799999999999,-5.261717130507302,-10.686,-88.26896667480469,-68.5736387602235
0.0188799999999999,-5.261717130507302,-10.686,-88.26896667480469,0.0
0.01829,-5.292936612929177,-9.348,-88.5992431640625,-64.8745804867022
0.01829,-5.292936612929177,-9.348,-88.5992431640625,0.0
0.01829,-5.209715177382302,-8.022,-88.87527465820312,-55.49487216340638
0.01829,-5.209715177382302,-8.022,-88.87527465820312,0.0
0.0129799999999999,-5.209715177382302,-6.54,-89.11422729492188,-43.34348570990865
0.0129799999999999,-5.209715177382302,-6.54,-89.11422729492188,0.0
0.0129799999999999,-5.126524259413552,-5.91,-89.307861328125,-39.34051873285328
0.0129799999999999,-5.126524259413552,-5.91,-89.307861328125,0.0
0.0123899999999999,-5.209715177382302,-5.208,-89.47128295898438,-32.961200253995266
0.0123899999999999,-5.209715177382302,-5.208,-89.47128295898438,0.0
0.01534,-5.209715177382302,-4.8420000000000005,-89.63882446289062,-31.199535178077223
0.01534,-5.209715177382302,-4.8420000000000005,-89.63882446289062,0.0
0.0177,-5.230528165663552,-3.834,-89.769287109375,-26.15005942760575
0.0177,-5.230528165663552,-3.834,-89.769287109375,0.0
0.0259599999999999,-5.220121671522927,-3.378,-89.88052368164062,-22.31425722480926
0.0259599999999999,-5.220121671522927,-3.378,-89.88052368164062,0.0
0.0236,-5.240934659804177,-1.518,-89.96566772460938,-17.0151964366022
0.0236,-5.240934659804177,-1.518,-89.96566772460938,0.0
0.02242,-5.126524259413552,-0.54,-89.99176025390625,-5.072420158800166
0.02242,-5.126524259413552,-0.54,-89.99176025390625,0.0
0.02183,-5.074522306288552,-0.132,-90.00068664550781,-1.7884976160199175
0.02183,-5.074522306288552,-0.132,-90.00068664550781,0.0
0.0206499999999999,-5.084928800429177,-0.042,-90.00205993652344,-0.2767058262389689
0.0206499999999999,-5.084928800429177,-0.042,-90.00205993652344,0.0
0.02124,-5.084928800429177,0.0059999999999999,-90.00343322753906,-0.2762049508496366
0.02124,-5.084928800429177,0.0059999999999999,-90.00343322753906,0.0
0.02242,-5.084928800429177,-0.0059999999999999,-90.00343322753906,0.0
0.02242,-5.261717130507302,0.0059999999999999,-90.00411987304688,-0.1304417758001495
0.02242,-5.261717130507302,0.0059999999999999,-90.00411987304688,0.0
0.02242,-5.334532071913552,-0.0,-90.00480651855469,-0.1403035365370812
0.02242,-5.334532071913552,-0.0,-90.00480651855469,0.0
0.02183,-5.386534025038552,0.0119999999999999,-90.00274658203125,0.4195390068098753
0.02183,-5.386534025038552,0.0119999999999999,-90.00274658203125,0.0
0.02242,-5.386534025038552,0.018,-90.00411987304688,-0.2577014478559135
0.02242,-5.386534025038552,0.018,-90.00411987304688,0.0
0.02242,-5.386534025038552,0.0119999999999999,-90.00411987304688,0.0
0.02183,-5.386534025038552,-0.018,-90.00480651855469,-0.1368364901977949
0.02183,-5.386534025038552,-0.018,-90.00480651855469,0.0
0.02242,-5.386534025038552,-0.0,-90.00480651855469,0.0
0.02242,-5.386534025038552,-0.0,-90.00343322753906,0.2778254128314308
0.02242,-5.386534025038552,-0.0,-90.00343322753906,0.0
0.02183,-5.355314542616677,0.0059999999999999,-90.00137329101562,0.3691642515119699
0.02183,-5.355314542616677,0.0059999999999999,-90.00137329101562,0.0
0.02183,-5.355314542616677,0.0059999999999999,-90.00274658203125,-0.2930000033334323
0.02183,-5.355314542616677,0.0059999999999999,-90.00274658203125,0.0
0.02242,-5.355314542616677,-0.0119999999999999,-90.00137329101562,0.2615792410715957
0.02242,-5.303312589491677,-0.0119999999999999,-90.00137329101562,0.0
0.0241899999999999,-5.313719083632302,-0.018,-90.0054931640625,-0.8372024074115905
0.0241899999999999,-5.313719083632302,-0.018,-90.0054931640625,0.0
0.0241899999999999,-5.344908048476052,0.0059999999999999,-90.0054931640625,0.0
0.0236,-5.376127530897927,0.018,-90.00411987304688,0.2693255570948351
0.0236,-5.376127530897927,0.018,-90.00411987304688,0.0
0.0259599999999999,-5.376127530897927,0.0239999999999999,-90.00343322753906,0.1353262727261404
0.0259599999999999,-5.396910001601052,0.0239999999999999,-90.00343322753906,0.0
0.03304,-5.376127530897927,0.0059999999999999,-90.00343322753906,0.0
0.04484,-5.386534025038552,0.144,-90.00137329101562,0.3788737398266102
0.04484,-5.386534025038552,0.144,-90.00137329101562,0.0
0.06136,-5.407316495741677,0.5159999999999999,-89.99519348144531,1.183191570038575
0.06136,-5.407316495741677,0.5159999999999999,-89.99519348144531,0.0
0.0767,-5.428129484022927,1.692,-89.96772766113281,5.452813244489131
0.0767,-5.428129484022927,1.692,-89.96772766113281,0.0
0.08319,-5.386534025038552,3.318,-89.879150390625,16.482558710062314
0.08319,-5.386534025038552,3.318,-89.879150390625,0.0
0.0949899999999999,-5.604917814101052,5.658,-89.74594116210938,22.55489815708024
0.0949899999999999,-5.604917814101052,5.658,-89.74594116210938,0.0
0.08142,-5.521726896132302,7.872,-89.53239440917969,42.3872078066158
0.08142,-5.521726896132302,7.872,-89.53239440917969,0.0
0.08319,-5.386534025038552,9.18,-89.25155639648438,54.87260896747445
0.08319,-5.386534025038552,9.18,-89.25155639648438,0.0
0.07257,-5.396910001601052,9.972,-88.94187927246094,61.55379129860598
0.07257,-5.396910001601052,9.972,-88.94187927246094,0.0
0.07316,-5.428129484022927,10.152,-88.62808227539062,60.672273215430685
0.07316,-5.428129484022927,10.152,-88.62808227539062,0.0
0.07906,-5.417722989882302,10.524,-88.28887939453125,68.0310631486589
0.07906,-5.417722989882302,10.524,-88.28887939453125,0.0
0.08555,-5.324125577772927,11.04,-87.92976379394531,64.12778581890413
0.08555,-5.324125577772927,11.04,-87.92976379394531,0.0
0.0885,-5.365721036757302,12.12,-87.57614135742188,70.27472903883998
0.0885,-5.365721036757302,12.12,-87.57614135742188,0.0
0.0796499999999999,-5.417722989882302,13.536,-87.16758728027344,80.93385046518671
0.0796499999999999,-5.417722989882302,13.536,-87.16758728027344,0.0
0.0885,-5.428129484022927,14.652,-86.715087890625,90.26518843977732
0.0885,-5.428129484022927,14.652,-86.715087890625,0.0
0.08496,-5.365721036757302,15.269999999999998,-86.23924255371094,89.09292958508523
0.08496,-5.365721036757302,15.269999999999998,-86.23924255371094,0.0
0.08083,-5.417722989882302,16.451999999999998,-85.7208251953125,105.73472535153329
0.08083,-5.417722989882302,16.451999999999998,-85.7208251953125,0.0
0.08142,-5.428129484022927,17.598,-85.19622802734375,104.33515671622648
0.08142,-5.428129484022927,17.598,-85.19622802734375,0.0
0.08496,-5.324125577772927,18.252,-84.61051940917969,111.49983212725849
0.08496,-5.324125577772927,18.252,-84.61051940917969,0.0
0.09204,-5.386534025038552,18.888,-84.03305053710938,118.14011294398136
0.09204,-5.386534025038552,18.888,-84.03305053710938,0.0
0.08496,-5.428129484022927,20.232000000000003,-83.41712951660156,123.7286099854674
0.08496,-5.428129484022927,20.232000000000003,-83.41712951660156,0.0
0.0820099999999999,-5.386534025038552,21.138,-82.72224426269531,139.70350902827676
0.0820099999999999,-5.386534025038552,21.138,-82.72224426269531,0.0
0.08791,-5.386534025038552,22.044,-82.05070495605469,138.34761158640114
0.08791,-5.386534025038552,22.044,-82.05070495605469,0.0
0.08378,-5.386534025038552,23.16,-81.31599426269531,149.69655528918534
0.08378,-5.386534025038552,23.16,-81.31599426269531,0.0
0.08732,-5.074522306288552,23.706,-80.54969787597656,155.6880103044832
0.08732,-5.074522306288552,23.706,-80.54969787597656,0.0
0.0944,-5.136930753554177,25.056,-79.78271484375,153.7964772862613
0.0944,-5.136930753554177,25.056,-79.78271484375,0.0
0.08378,-5.261717130507302,25.998,-78.97933959960938,161.74254965583378
0.08378,-5.261717130507302,25.998,-78.97933959960938,0.0
0.08614,-5.604917814101052,27.282,-78.09013366699219,169.66341015407707
0.08614,-5.604917814101052,27.282,-78.09013366699219,0.0
0.08142,-5.324125577772927,28.074,-77.18650817871094,182.66130751586823
0.08142,-5.324125577772927,28.074,-77.18650817871094,0.0
0.08555,-5.386534025038552,28.836,-76.30416870117188,174.75529363024876
0.08555,-5.386534025038552,28.836,-76.30416870117188,0.0
0.0944,-5.261717130507302,29.742,-75.35041809082031,186.57093316721748
0.0944,-5.261717130507302,29.742,-75.35041809082031,0.0
0.0843699999999999,-5.209715177382302,31.146,-74.36233520507812,180.3729254733135
0.0843699999999999,-5.209715177382302,31.146,-74.36233520507812,0.0
0.0902699999999999,-5.053709318007302,31.746,-73.34266662597656,201.87459495173644
0.0902699999999999,-5.053709318007302,31.746,-73.34266662597656,0.0
0.0914499999999999,-5.105711271132302,32.862,-72.30583190917969,205.4358464029943
0.0914499999999999,-5.105711271132302,32.862,-72.30583190917969,0.0
0.0890899999999999,-4.960111905897927,33.222,-71.26762390136719,195.9622513801137
0.0890899999999999,-4.960111905897927,33.222,-71.26762390136719,0.0
0.08496,-4.949735929335427,33.318,-70.16830444335938,228.59626908035824
0.08496,-4.949735929335427,33.318,-70.16830444335938,0.0
0.0843699999999999,-5.157713224257302,33.228,-69.07310485839844,216.14359284815944
0.0843699999999999,-5.157713224257302,33.228,-69.07310485839844,0.0
0.08142,-4.908109952772927,33.198,-67.99713134765625,206.63981385490123
0.08142,-4.908109952772927,33.198,-67.99713134765625,0.0
0.07906,-4.908109952772927,33.408,-66.92733764648438,212.2606549943757
0.07906,-4.908109952772927,33.408,-66.92733764648438,0.0
0.0802399999999999,-4.804136564101052,33.276,-65.86441040039062,196.83837890619077
0.0802399999999999,-4.804136564101052,33.276,-65.86441040039062,0.0
0.0796499999999999,-4.710508634413552,33.258,-64.78431701660156,201.09726006139067
0.0796499999999999,-4.710508634413552,33.258,-64.78431701660156,0.0
0.08496,-5.074522306288552,33.318,-63.77220153808594,189.39286648867025
0.08496,-5.074522306288552,33.318,-63.77220153808594,0.0
0.0802399999999999,-4.731321622694802,33.19200000000001,-62.64060974121094,216.28283579388
0.0802399999999999,-4.731321622694802,33.19200000000001,-62.64060974121094,0.0
0.08319,-4.783323575819802,33.36599999999999,-61.61132812500001,216.82781045124787
0.08319,-4.783323575819802,33.36599999999999,-61.61132812500001,0.0
0.0778799999999999,-4.689726163710427,33.462,-60.52986145019531,218.5664257891972
0.0778799999999999,-4.689726163710427,33.462,-60.52986145019531,0.0
0.0767,-4.679319669569802,33.324000000000005,-59.44221496582031,212.68018857552264
0.0767,-4.679319669569802,33.324000000000005,-59.44221496582031,0.0
0.0796499999999999,-4.731321622694802,33.168000000000006,-58.382034301757805,213.65994842053928
0.0796499999999999,-4.731321622694802,33.168000000000006,-58.382034301757805,0.0
0.07729,-4.492124845351052,33.24,-57.30262756347656,211.35828045442184
0.07729,-4.492124845351052,33.24,-57.30262756347656,0.0
0.07375,-4.398527433241677,33.426,-56.22116088867188,211.96916401499507
0.07375,-4.398527433241677,33.426,-56.22116088867188,0.0
0.07611,-4.346525480116677,33.324000000000005,-55.16304016113281,189.1527936250756
0.07611,-4.346525480116677,33.324000000000005,-55.16304016113281,0.0
0.07139,-4.315336515272927,33.522,-54.08775329589844,213.26593915781717
0.07139,-4.315336515272927,33.522,-54.08775329589844,0.0
0.07316,-4.481718351210427,33.456,-53.00971984863281,202.79033996717737
0.07316,-4.481718351210427,33.456,-53.00971984863281,0.0
0.07257,-4.159330655897927,33.24,-51.90559387207031,214.97779917493105
0.07257,-4.159330655897927,33.24,-51.90559387207031,0.0
0.0708,-4.159330655897927,33.233999999999995,-50.83030700683594,211.67064276269187
0.0708,-4.159330655897927,33.233999999999995,-50.83030700683594,0.0
0.0743399999999999,-4.128111173476052,33.288000000000004,-49.763946533203125,214.6458280260112
0.0743399999999999,-4.128111173476052,33.288000000000004,-49.763946533203125,0.0
0.0696199999999999,-4.159330655897927,33.24,-48.70719909667969,217.25893020608157
0.0696199999999999,-4.159330655897927,33.24,-48.70719909667969,0.0
0.0755199999999999,-4.096922208632302,33.162000000000006,-47.61268615722656,216.520858447756
0.0755199999999999,-4.096922208632302,33.162000000000006,-47.61268615722656,0.0
0.06903,-3.868131925429177,33.288000000000004,-46.569671630859375,211.2648422863215
0.06903,-3.868131925429177,33.288000000000004,-46.569671630859375,0.0
0.06785,-3.899320890272927,33.474000000000004,-45.46966552734375,208.3344893022387
0.06785,-3.899320890272927,33.474000000000004,-45.46966552734375,0.0
0.0708,-3.826536466444802,33.258,-44.394378662109375,215.014370172839
0.0708,-3.826536466444802,33.258,-44.394378662109375,0.0
0.06903,-3.816129972304177,33.402,-43.319091796875,222.0290863584852
0.06903,-3.816129972304177,33.402,-43.319091796875,0.0
0.07139,-3.868131925429177,33.348,-42.23899841308594,214.09185010704076
0.07139,-3.868131925429177,33.348,-42.23899841308594,0.0
0.0708,-2.526518155897927,33.168000000000006,-41.14105224609375,202.38639022888304
0.0708,-2.526518155897927,33.168000000000006,-41.14105224609375,0.0
0.07021,-2.484922696913552,33.306,-40.04310607910156,220.9147217288041
0.07021,-2.484922696913552,33.306,-40.04310607910156,0.0
0.06844,-2.245725919569802,33.15,-39.01725769042969,198.0020051480044
0.06844,-2.245725919569802,33.15,-39.01725769042969,0.0
0.06785,-2.547331144179177,33.216,-37.91725158691406,216.62191877011287
0.06785,-2.547331144179177,33.216,-37.91725158691406,0.0
0.06844,-3.171324064101052,33.21,-36.86531066894531,203.82501801366587
0.06844,-3.171324064101052,33.21,-36.86531066894531,0.0
0.06844,-3.119322110976052,33.258,-35.77629089355469,214.37397153360743
0.06844,-3.119322110976052,33.258,-35.77629089355469,0.0
0.06431,-2.339323331679177,33.318,-34.69963073730469,203.87429582451372
0.06431,-2.339323331679177,33.318,-34.69963073730469,0.0
0.06667,-2.048124601210427,32.94,-33.60992431640625,219.7431782412884
0.06667,-2.048124601210427,32.94,-33.60992431640625,0.0
0.06431,-2.048124601210427,33.222,-32.531890869140625,176.81375221685605
0.06431,-1.944120694960427,33.222,-32.531890869140625,0.0
0.0648999999999999,-1.902525235976052,33.348,-31.446990966796875,217.15370343156275
0.0648999999999999,-1.902525235976052,33.348,-31.446990966796875,0.0
0.06195,-1.736112882460427,33.204,-30.35316467285157,209.4650122455158
0.06195,-1.736112882460427,33.204,-30.35316467285157,0.0
0.06254,-1.725736905897927,33.348,-29.306716918945312,208.62196050772317
0.06254,-1.725736905897927,33.348,-29.306716918945312,0.0
0.0572299999999999,-1.600920011366677,33.078,-28.205337524414062,230.26957861812403
0.0572299999999999,-1.600920011366677,33.078,-28.205337524414062,0.0
0.0560499999999999,-1.600920011366677,33.006,-27.073745727539062,212.22651854387064
0.0560499999999999,-1.548918058241677,33.006,-27.073745727539062,0.0
0.05959,-1.507322599257302,33.048,-26.04583740234375,207.28137229187695
0.05959,-1.507322599257302,33.048,-26.04583740234375,0.0
0.05841,-1.372129728163552,33.204,-24.94102478027344,217.7399728163593
0.05841,-1.372129728163552,33.204,-24.94102478027344,0.0
0.0560499999999999,-1.351316739882302,33.37799999999999,-23.841705322265625,223.43891422929988
0.0560499999999999,-1.351316739882302,33.37799999999999,-23.841705322265625,0.0
0.0548699999999999,-1.216123868788552,33.09,-22.7911376953125,180.9140049859869
0.0548699999999999,-1.216123868788552,33.09,-22.7911376953125,0.0
0.0530999999999999,-1.153715421522927,33.19200000000001,-21.73301696777344,212.38874498984893
0.0530999999999999,-1.153715421522927,33.19200000000001,-21.73301696777344,0.0
0.05133,-1.153715421522927,33.258,-20.647430419921875,220.51321305107405
0.05133,-1.028929044569802,33.258,-20.647430419921875,0.0
0.0519199999999999,-0.956114103163552,33.12,-19.55360412597656,219.64383412573264
0.0519199999999999,-0.956114103163552,33.12,-19.55360412597656,0.0
0.05133,-1.028929044569802,33.27,-18.522262573242188,184.8945056892071
0.05133,-1.028929044569802,33.27,-18.522262573242188,0.0
0.0483799999999999,-0.872923185194802,33.126,-17.436676025390625,220.782295678624
0.0483799999999999,-0.872923185194802,33.126,-17.436676025390625,0.0
0.0483799999999999,-0.716917325819802,32.97,-16.354522705078125,218.79363532414132
0.0483799999999999,-0.716917325819802,32.97,-16.354522705078125,0.0
0.0507399999999999,-0.644132901991677,33.054,-15.301208496093752,210.20040091502543
0.0507399999999999,-0.644132901991677,33.054,-15.301208496093752,0.0
0.04661,-0.540128995741677,33.168000000000006,-14.207382202148438,220.0857734296345
0.04661,-0.540128995741677,33.168000000000006,-14.207382202148438,0.0
0.04779,-0.675321866835427,33.276,-13.135528564453123,214.2850135337561
0.04779,-0.675321866835427,33.276,-13.135528564453123,0.0
0.04661,-0.467314054335427,33.066,-12.045822143554688,238.76126663007275
0.04661,-0.467314054335427,33.066,-12.045822143554688,0.0
0.04484,-0.332121183241677,33.114,-10.979461669921877,200.9347039066175
0.04484,-0.332121183241677,33.114,-10.979461669921877,0.0
0.04602,-0.259336759413552,33.132,-9.931640625,226.6539141083656
0.04602,-0.259336759413552,33.132,-9.931640625,0.0
0.04425,-0.155332853163552,33.096,-8.836441040039062,217.38776994068232
0.04425,-0.155332853163552,33.096,-8.836441040039062,0.0
0.04543,-0.207334806288552,33.144,-7.795486450195312,209.32125273352491
0.04543,-0.207334806288552,33.144,-7.795486450195312,0.0
0.04189,-0.030515958632302,33.252,-6.6748809814453125,227.02703986017752
0.04189,-0.030515958632302,33.252,-6.6748809814453125,0.0
0.0377599999999999,0.0214859944926979,32.982,-5.56732177734375,223.4333677830437
0.0377599999999999,0.0214859944926979,32.982,-5.56732177734375,0.0
0.03953,0.1878678304301979,32.867999999999995,-4.50439453125,212.88348609933527
0.03953,0.1878678304301979,32.867999999999995,-4.50439453125,0.0
0.03953,0.1878678304301979,33.114,-3.4119415283203125,218.621773650306
0.03953,0.1878678304301979,33.114,-3.4119415283203125,0.0
0.03953,0.1462723714458229,33.114,-2.3448944091796875,209.34807124598467
0.03953,0.1462723714458229,33.114,-2.3448944091796875,0.0
0.0371699999999999,0.3542801839458229,33.126,-1.256561279296875,216.23944563548076
0.0371699999999999,0.3542801839458229,33.126,-1.256561279296875,0.0
0.0359899999999999,0.541475008164573,33.041999999999994,-0.179901123046875,213.4113292863109
0.0359899999999999,0.541475008164573,33.041999999999994,-0.179901123046875,0.0
0.0354,0.593476961289573,33.048,0.88714599609375,215.65220677867316
0.0354,0.593476961289573,33.048,0.88714599609375,0.0
0.03422,0.676667879258323,33.09,1.9871520996093748,219.38693727862463
0.03422,0.676667879258323,33.09,1.9871520996093748,0.0
0.03422,0.666291902695823,33.102,3.0322265625,213.93540693762264
0.03422,0.666291902695823,33.102,3.0322265625,0.0
0.0324499999999999,0.884675691758323,33.24,4.134292602539063,221.3428479690241
0.0324499999999999,0.884675691758323,33.24,4.134292602539063,0.0
0.03009,0.936677644883323,32.976,5.221939086914063,219.90426291461924
0.03009,0.936677644883323,32.976,5.221939086914063,0.0
0.03186,0.988679598008323,32.682,6.2917327880859375,212.2606549943755
0.03186,0.988679598008323,32.682,6.2917327880859375,0.0
0.03068,0.666291902695823,32.964,7.33062744140625,207.15745828918608
0.03068,0.666291902695823,32.964,7.33062744140625,0.0
0.0324499999999999,0.666291902695823,33.023999999999994,8.402481079101562,209.3464136124469
0.0324499999999999,0.666291902695823,33.023999999999994,8.402481079101562,0.0
0.03009,0.822267244492698,33.21,9.46746826171875,211.09755849715205
0.03009,0.822267244492698,33.21,9.46746826171875,0.0
0.0277299999999999,0.801484773789573,33.216,10.551681518554688,222.85986779761893
0.0277299999999999,0.801484773789573,33.216,10.551681518554688,0.0
0.02891,0.967866609727073,32.94,11.592636108398438,207.81684764294485
0.02891,0.967866609727073,32.94,11.592636108398438,0.0
0.0295,0.967866609727073,32.976,12.674789428710938,211.481985599535
0.0295,1.456666658555198,32.976,12.674789428710938,0.0
0.03068,1.581483553086448,33.023999999999994,13.751449584960938,216.28367943947924
0.03068,1.581483553086448,33.023999999999994,13.751449584960938,0.0
0.0277299999999999,1.675080965195823,33.24,14.835662841796877,224.10360827533316
0.0277299999999999,1.675080965195823,33.24,14.835662841796877,0.0
0.0247799999999999,1.758271883164573,33.138,15.946655273437502,223.13565608341472
0.0247799999999999,1.758271883164573,33.138,15.946655273437502,0.0
0.0236,1.883088777695823,32.862,17.022628784179688,217.01765041211985
0.0236,1.883088777695823,32.862,17.022628784179688,0.0
0.0236,1.883088777695823,33.023999999999994,18.09722900390625,205.6651138231505
0.0236,1.883088777695823,33.023999999999994,18.09722900390625,0.0
0.0236,1.883088777695823,33.06,19.175262451171875,215.00467635920148
0.0236,1.883088777695823,33.06,19.175262451171875,0.0
0.02124,2.007875154648948,33.162000000000006,20.260162353515625,204.54372216124725
0.02124,2.007875154648948,33.162000000000006,20.260162353515625,0.0
0.02183,1.997468660508323,33.198,21.33544921875,215.35887547258332
0.02183,1.997468660508323,33.198,21.33544921875,0.0
0.01652,2.111879060898948,32.958000000000006,22.448501586914062,207.3109272050108
0.01652,2.111879060898948,32.958000000000006,22.448501586914062,0.0
0.02124,1.935090730820823,32.862,23.471603393554688,204.70224222499445
0.02124,1.935090730820823,32.862,23.471603393554688,0.0
0.0200599999999999,2.018281648789573,32.928000000000004,24.568862915039062,226.1458205862444
0.0200599999999999,2.018281648789573,32.928000000000004,24.568862915039062,0.0
0.0177,1.976686189805198,33.228,25.605697631835938,207.28402974757927
0.0177,1.976686189805198,33.228,25.605697631835938,0.0
0.01829,2.163881014023948,33.19200000000001,26.69883728027344,196.8556903363397
0.01829,2.163881014023948,33.19200000000001,26.69883728027344,0.0
0.01416,2.392671297227073,33.01199999999999,27.791976928710938,217.75690207910444
0.01416,2.392671297227073,33.01199999999999,27.791976928710938,0.0
0.01652,2.371888826523948,32.879999999999995,28.87001037597656,213.05008839240324
0.01652,2.371888826523948,32.879999999999995,28.87001037597656,0.0
0.01711,2.403077791367698,32.922000000000004,29.94735717773437,213.971559435537
0.01711,2.403077791367698,32.922000000000004,29.94735717773437,0.0
0.01475,2.455079744492698,33.084,31.00204467773437,181.5296901894299
0.01475,2.455079744492698,33.084,31.00204467773437,0.0
0.01534,2.548677156602073,33.198,32.02720642089844,207.77497834704988
0.01534,2.548677156602073,33.198,32.02720642089844,0.0
0.0100299999999999,2.777467439805198,33.306,33.16291809082031,221.68878975616704
0.0100299999999999,2.777467439805198,33.306,33.16291809082031,0.0
0.0129799999999999,2.683870027695823,32.874,34.24163818359375,215.14162201323836
0.0129799999999999,2.683870027695823,32.874,34.24163818359375,0.0
0.0129799999999999,2.756684969102073,32.862,35.29975891113281,203.7590463199265
0.0129799999999999,2.756684969102073,32.862,35.29975891113281,0.0
0.01062,2.839875887070823,33.24,36.353759765625,216.2496623906413
0.01062,2.839875887070823,33.24,36.353759765625,0.0
0.0100299999999999,3.037477205430198,33.204,37.40776062011719,197.26761266945775
0.0100299999999999,3.037477205430198,33.204,37.40776062011719,0.0
0.0064899999999999,3.089479158555198,33.15,38.50433349609375,212.02105103977223
0.0064899999999999,3.089479158555198,33.15,38.50433349609375,0.0
0.00708,2.954286287461448,32.844,39.5672607421875,215.2110237079766
0.00708,2.954286287461448,32.844,39.5672607421875,0.0
0.0059,3.151887605820823,32.97,40.64666748046875,215.4504467627836
0.0059,3.151887605820823,32.97,40.64666748046875,0.0
0.00531,3.307862947617698,33.114,41.67869567871094,204.7674996511853
0.00531,3.307862947617698,33.114,41.67869567871094,0.0
0.0064899999999999,3.391084383164573,33.114,42.72514343261719,208.4557278699912
0.0064899999999999,3.391084383164573,33.114,42.72514343261719,0.0
0.0023599999999999,3.318269441758323,33.336,43.81622314453125,217.4331829242961
0.0023599999999999,3.318269441758323,33.336,43.81622314453125,0.0
0.00354,3.266267488633323,32.778,44.86129760742188,238.49257482672576
0.00354,3.266267488633323,32.778,44.86129760742188,0.0
0.0047199999999999,3.640687654648948,32.802,45.92079162597656,212.92082366425583
0.0047199999999999,3.640687654648948,32.802,45.92079162597656,0.0
0.0047199999999999,3.578279207383323,33.035999999999994,47.000885009765625,215.71667341507043
0.0047199999999999,3.578279207383323,33.035999999999994,47.000885009765625,0.0
0.00413,3.547090242539573,33.096,48.055572509765625,213.67250810369663
0.00413,3.547090242539573,33.096,48.055572509765625,0.0
0.00354,3.505464265977073,33.342,49.10270690917969,211.54230291189344
0.00354,3.505464265977073,33.342,49.10270690917969,0.0
0.00177,3.692689607773948,32.982,50.228118896484375,225.4882763585245
0.00177,3.692689607773948,32.982,50.228118896484375,0.0
-0.0,3.921479890977073,32.879999999999995,51.295166015625,192.08769021429637
-0.0,3.921479890977073,32.879999999999995,51.295166015625,0.0
0.00295,3.734285066758323,32.79600000000001,52.34710693359375,212.12763016109253
0.00295,3.734285066758323,32.79600000000001,52.34710693359375,0.0
0.00295,3.827882478867698,32.994,53.42445373535156,252.01094777961663
0.00295,3.827882478867698,32.994,53.42445373535156,0.0
0.00177,3.900666902695823,33.51,54.48532104492188,211.03387896770843
0.00177,3.900666902695823,33.51,54.48532104492188,0.0
-0.0,3.900666902695823,33.084,55.570220947265625,216.7632172516253
-0.0,4.150270174180198,33.084,55.570220947265625,0.0
-0.0,4.119081209336448,32.814,56.6455078125,214.84253051618072
-0.0,4.119081209336448,32.814,56.6455078125,0.0
0.00177,3.890290926133323,32.886,57.6885223388672,202.13459813303737
0.00177,3.890290926133323,32.886,57.6885223388672,0.0
-0.0,4.150270174180198,33.035999999999994,58.75282287597656,216.49726141355603
-0.0,4.150270174180198,33.035999999999994,58.75282287597656,0.0
0.0011799999999999,4.202272127305198,33.306,59.82879638671875,217.1052281562139
0.0011799999999999,4.202272127305198,33.306,59.82879638671875,0.0
-0.0,4.379090974961448,33.168000000000006,60.88005065917969,212.16029716658127
-0.0,4.379090974961448,33.168000000000006,60.88005065917969,0.0
-0.0,4.243867586289573,32.928000000000004,61.96769714355468,220.5284842607815
-0.0,4.243867586289573,32.928000000000004,61.96769714355468,0.0
0.00295,4.056672762070823,32.742,63.02650451660156,216.7466475018504
0.00295,4.056672762070823,32.742,63.02650451660156,0.0
-0.0,4.399873445664573,33.132,64.09835815429688,215.18844362480277
-0.0,4.399873445664573,33.132,64.09835815429688,0.0
-0.0,4.337464998398948,33.432,65.12420654296875,173.93156810321642
-0.0,4.337464998398948,33.432,65.12420654296875,0.0
-0.0,4.514283846055198,33.19200000000001,66.19400024414062,216.3822211107358
-0.0,4.514283846055198,33.19200000000001,66.19400024414062,0.0
-0.0005899999999999,4.514283846055198,33.018,67.30499267578125,207.0815343226687
-0.0005899999999999,4.503877351914573,33.018,67.30499267578125,0.0
-0.0,4.358277986680198,32.904,68.34526062011719,210.02785066340547
-0.0,4.358277986680198,32.904,68.34526062011719,0.0
-0.0,4.545472810898948,33.276,69.44114685058594,223.8329719093649
-0.0,4.545472810898948,33.276,69.44114685058594,0.0
-0.0,4.441468904648948,33.18000000000001,70.52192687988281,217.50453396987223
-0.0,4.441468904648948,33.18000000000001,70.52192687988281,0.0
-0.0005899999999999,4.441468904648948,32.928000000000004,71.55738830566406,188.128892765422
-0.0005899999999999,4.555879305039573,32.928000000000004,71.55738830566406,0.0
-0.0059,4.670289705430198,32.43000000000001,72.62649536132812,212.3350656731237
-0.0059,4.670289705430198,32.43000000000001,72.62649536132812,0.0
-0.00177,4.628663728867698,31.062,73.65303039550781,215.9762327332272
-0.00177,4.628663728867698,31.062,73.65303039550781,0.0
-0.0064899999999999,4.701478670273948,30.366,74.6795654296875,205.06093371541252
-0.0064899999999999,4.701478670273948,30.366,74.6795654296875,0.0
-0.00354,4.618287752305198,29.31,75.61752319335938,189.3716462087207
-0.00354,4.618287752305198,29.31,75.61752319335938,0.0
-0.0064899999999999,4.774263094102073,28.698,76.57058715820312,191.9178342414717
-0.0064899999999999,4.774263094102073,28.698,76.57058715820312,0.0
-0.0047199999999999,4.670289705430198,27.522,77.46528625488281,188.1596417832034
-0.0047199999999999,4.670289705430198,27.522,77.46528625488281,0.0
-0.00885,4.815889070664573,26.526,78.37577819824219,184.57164876528603
-0.00885,4.815889070664573,26.526,78.37577819824219,0.0
-0.0047199999999999,4.701478670273948,25.278,79.19082641601562,162.94446576822986
-0.0047199999999999,4.701478670273948,25.278,79.19082641601562,0.0
-0.0100299999999999,4.847078035508323,24.72,79.99488830566406,160.10790315590555
-0.0100299999999999,4.847078035508323,24.72,79.99488830566406,0.0
-0.00885,4.930268953477073,23.454,80.79071044921875,160.22189320607808
-0.00885,4.930268953477073,23.454,80.79071044921875,0.0
-0.01062,4.899079988633323,22.758,81.52679443359375,147.30517998290057
-0.01062,4.899079988633323,22.758,81.52679443359375,0.0
-0.01062,4.899079988633323,21.702,82.25051879882812,143.31175549183575
-0.01062,4.899079988633323,21.702,82.25051879882812,0.0
-0.0118,4.743074129258323,20.832,82.90969848632812,122.2060970523832
-0.0118,4.743074129258323,20.832,82.90969848632812,0.0
-0.01593,4.795076082383323,19.914,83.59771728515625,138.46222556424627
-0.01593,4.795076082383323,19.914,83.59771728515625,0.0
-0.0118,4.899079988633323,18.294,84.22119140625,125.4980114923491
-0.0118,4.899079988633323,18.294,84.22119140625,0.0
-0.00767,4.774263094102073,17.454,84.7705078125,111.33287520270552
-0.00767,4.774263094102073,17.454,84.7705078125,0.0
-0.0118,4.722291658555198,16.74,85.32257080078125,110.58954092169286
-0.0118,4.722291658555198,16.74,85.32257080078125,0.0
-0.01062,4.795076082383323,15.702000000000002,85.85472106933594,110.9571035351977
-0.01062,4.795076082383323,15.702000000000002,85.85472106933594,0.0
-0.0129799999999999,4.899079988633323,14.778,86.33193969726562,94.14453105736692
-0.0129799999999999,4.899079988633323,14.778,86.33193969726562,0.0
-0.01652,4.753480623398948,14.256,86.80366516113281,83.77294687748169
-0.01652,4.753480623398948,14.256,86.80366516113281,0.0
-0.0177,4.971864412461448,13.08,87.23213195800781,88.39834884983962
-0.0177,4.971864412461448,13.08,87.23213195800781,0.0
-0.0135699999999999,4.857484529648948,11.736,87.61871337890625,76.67223738560092
-0.0135699999999999,4.857484529648948,11.736,87.61871337890625,0.0
-0.0118,4.836671541367698,10.734,87.97988891601562,72.95001759421841
-0.0118,4.836671541367698,10.734,87.97988891601562,0.0
-0.01416,4.774263094102073,10.2,88.31153869628906,67.05414077500537
-0.01416,4.774263094102073,10.2,88.31153869628906,0.0
-0.0188799999999999,4.763887117539573,9.36,88.64250183105469,66.13971518098597
-0.0188799999999999,4.763887117539573,9.36,88.64250183105469,0.0
-0.0194699999999999,4.847078035508323,8.046,88.93363952636719,58.15774976276583
-0.0194699999999999,4.847078035508323,8.046,88.93363952636719,0.0
-0.02124,4.899079988633323,6.708,89.18014526367188,49.45941759724551
-0.02124,4.899079988633323,6.708,89.18014526367188,0.0
-0.01593,4.795076082383323,5.472,89.36691284179688,38.18596976589151
-0.01593,4.795076082383323,5.472,89.36691284179688,0.0
-0.01652,4.847078035508323,4.824,89.53445434570312,33.915284191515426
-0.01652,4.847078035508323,4.824,89.53445434570312,0.0
-0.01593,4.867891023789573,3.924,89.67315673828125,26.0669784961604
-0.01593,4.867891023789573,3.924,89.67315673828125,0.0
-0.01593,4.867891023789573,3.384,89.79194641113281,23.78647834430904
-0.01593,4.867891023789573,3.384,89.79194641113281,0.0
-0.0188799999999999,4.899079988633323,2.136,89.88258361816406,17.955072708268375
-0.0188799999999999,4.899079988633323,2.136,89.88258361816406,0.0
-0.01829,4.847078035508323,1.374,89.93476867675781,10.38922130076372
-0.01829,4.847078035508323,1.374,89.93476867675781,0.0
-0.0177,4.857484529648948,0.858,89.96978759765625,6.978661000087541
-0.0177,4.857484529648948,0.858,89.96978759765625,0.0
-0.0188799999999999,4.847078035508323,0.39,89.98558044433594,3.1447325128828587
-0.0188799999999999,4.847078035508323,0.39,89.98558044433594,0.0
-0.0188799999999999,4.847078035508323,0.24,89.99382019042969,1.6355192722809957
-0.0188799999999999,4.847078035508323,0.24,89.99382019042969,0.0
-0.0188799999999999,4.867891023789573,0.1379999999999999,90.00137329101562,1.5302067637634529
-0.0188799999999999,4.867891023789573,0.1379999999999999,90.00137329101562,0.0
-0.0200599999999999,4.847078035508323,0.102,90.00480651855469,0.6840461325093448
-0.0200599999999999,4.847078035508323,0.102,90.00480651855469,0.0
-0.0188799999999999,4.847078035508323,0.0059999999999999,90.0054931640625,0.1447397782066118
-0.0188799999999999,4.847078035508323,0.0059999999999999,90.0054931640625,0.0
-0.0206499999999999,4.867891023789573,-0.0059999999999999,90.00480651855469,-0.1385203768030775
-0.0206499999999999,4.867891023789573,-0.0059999999999999,90.00480651855469,0.0
-0.0206499999999999,4.836671541367698,0.0239999999999999,90.00343322753906,-0.270812663306004
-0.0206499999999999,4.836671541367698,0.0239999999999999,90.00343322753906,0.0
-0.0206499999999999,4.867891023789573,-0.0,90.0054931640625,0.4031975970715525
-0.0206499999999999,4.867891023789573,-0.0,90.0054931640625,0.0
-0.0200599999999999,4.847078035508323,-0.0,90.00755310058594,0.4032765316048442
-0.0200599999999999,4.847078035508323,-0.0,90.00755310058594,0.0
-0.0206499999999999,4.857484529648948,0.018,90.0054931640625,-0.4070216406709185
-0.0206499999999999,4.857484529648948,0.018,90.0054931640625,0.0
-0.0206499999999999,4.805482576523948,0.0059999999999999,90.00892639160156,0.6702904215272262
-0.0206499999999999,4.805482576523948,0.0059999999999999,90.00892639160156,0.0
-0.0206499999999999,4.847078035508323,-0.0059999999999999,90.00686645507812,-0.4105912942867387
-0.0206499999999999,4.847078035508323,-0.0059999999999999,90.00686645507812,0.0
-0.02124,4.826265047227073,-0.0059999999999999,90.00823974609375,0.2721543828032047
-0.02124,4.826265047227073,-0.0059999999999999,90.00823974609375,0.0
-0.02183,4.826265047227073,-0.018,90.00823974609375,0.0
-0.02242,4.847078035508323,-0.0239999999999999,90.00343322753906,-0.955570289202691
-0.02242,4.847078035508323,-0.0239999999999999,90.00343322753906,0.0
-0.02242,4.847078035508323,0.018,90.00686645507812,0.6663873328931632
-0.02242,4.857484529648948,0.018,90.00686645507812,0.0
-0.02183,4.847078035508323,0.0059999999999999,90.00617980957031,-0.1360771914016023
-0.02183,4.847078035508323,0.0059999999999999,90.00617980957031,0.0
-0.02183,4.826265047227073,0.0059999999999999,90.00480651855469,-0.2502352433719153
-0.02183,4.826265047227073,0.0059999999999999,90.00480651855469,0.0
-0.02242,4.826265047227073,-0.0059999999999999,90.00892639160156,0.8206918420078393
-0.02242,4.826265047227073,-0.0059999999999999,90.00892639160156,0.0
-0.0241899999999999,4.847078035508323,-0.0,90.00411987304688,-0.909636365384382
-0.0241899999999999,4.847078035508323,-0.0,90.00411987304688,0.0
-0.0336299999999999,4.847078035508323,-0.03,90.00617980957031,0.4031186934318425
-0.0336299999999999,4.847078035508323,-0.03,90.00617980957031,0.0
-0.04484,4.836671541367698,-0.126,90.0054931640625,-0.1332257485085062
-0.04484,4.836671541367698,-0.126,90.0054931640625,0.0
-0.05841,4.857484529648948,-0.5519999999999999,90.00205993652344,-0.6840461325093448
-0.05841,4.857484529648948,-0.5519999999999999,90.00205993652344,0.0
-0.0778799999999999,4.899079988633323,-1.3079999999999998,89.97665405273438,-5.069011131097175
-0.0778799999999999,4.899079988633323,-1.3079999999999998,89.97665405273438,0.0
-0.0890899999999999,4.940675447617698,-3.426,89.90386962890625,-14.299493875851931
-0.0890899999999999,4.940675447617698,-3.426,89.90386962890625,0.0
-0.08968,4.899079988633323,-5.735999999999999,89.75761413574219,-28.191112791856398
-0.08968,4.899079988633323,-5.735999999999999,89.75761413574219,0.0
-0.08555,4.899079988633323,-7.889999999999999,89.53788757324219,-37.521612448761424
-0.08555,4.919862459336448,-7.889999999999999,89.53788757324219,0.0
-0.0767,4.878267000352073,-8.610000000000001,89.27009582519531,-52.88146683392934
-0.0767,4.878267000352073,-8.610000000000001,89.27009582519531,0.0
-0.0767,4.899079988633323,-9.45,88.96659851074219,-60.27752024888933
-0.0767,4.899079988633323,-9.45,88.96659851074219,0.0
-0.0820099999999999,4.722291658555198,-9.798,88.64181518554688,-62.51844565837939
-0.0820099999999999,4.722291658555198,-9.798,88.64181518554688,0.0
-0.08142,4.815889070664573,-10.032,88.31977844238281,-66.01819253048984
-0.08142,4.815889070664573,-10.032,88.31977844238281,0.0
-0.0796499999999999,5.023866365586448,-10.896,87.98126220703125,-66.9004417690797
-0.0796499999999999,5.023866365586448,-10.896,87.98126220703125,0.0
-0.0843699999999999,5.023866365586448,-12.204,87.61734008789062,-75.58091778620428
-0.0843699999999999,5.023866365586448,-12.204,87.61734008789062,0.0
-0.0890899999999999,4.847078035508323,-13.65,87.20329284667969,-82.21748236917986
-0.0890899999999999,4.847078035508323,-13.65,87.20329284667969,0.0
-0.0796499999999999,4.919862459336448,-14.37,86.75765991210938,-90.08145028721032
-0.0796499999999999,4.919862459336448,-14.37,86.75765991210938,0.0
-0.08555,4.899079988633323,-15.09,86.27426147460938,-91.70905663073584
-0.08555,4.899079988633323,-15.09,86.27426147460938,0.0
-0.0914499999999999,4.899079988633323,-16.211999999999996,85.77987670898438,-96.09033345483206
-0.0914499999999999,5.003083894883323,-16.211999999999996,85.77987670898438,0.0
-0.0890899999999999,4.961488435898948,-17.316000000000003,85.2264404296875,-110.6651228348073
-0.0890899999999999,4.961488435898948,-17.316000000000003,85.2264404296875,0.0
-0.08555,4.847078035508323,-17.856,84.65446472167969,-114.55551932864746
-0.08555,4.847078035508323,-17.856,84.65446472167969,0.0
-0.08378,5.023866365586448,-18.9,84.09210205078125,-112.09142334027966
-0.08378,5.023866365586448,-18.9,84.09210205078125,0.0
-0.0926299999999999,5.023866365586448,-20.028,83.44734191894531,-124.23123927477302
-0.0926299999999999,4.982270906602073,-20.028,83.44734191894531,0.0
-0.0843699999999999,4.847078035508323,-20.532,82.77030944824219,-135.32529896138394
-0.0843699999999999,4.847078035508323,-20.532,82.77030944824219,0.0
-0.08319,5.044679353867698,-21.612,82.08641052246094,-125.14161496452556
-0.08319,5.044679353867698,-21.612,82.08641052246094,0.0
-0.0843699999999999,4.951081941758323,-22.902,81.35856628417969,-145.71456221844014
-0.0843699999999999,4.951081941758323,-22.902,81.35856628417969,0.0
-0.0938099999999999,4.899079988633323,-23.88,80.59638977050781,-154.3804969965878
-0.0938099999999999,4.899079988633323,-23.88,80.59638977050781,0.0
-0.08791,5.003083894883323,-24.99,79.81086730957031,-148.8295681958972
-0.08791,5.003083894883323,-24.99,79.81086730957031,0.0
-0.08791,4.784669588242698,-25.668,79.01710510253906,-133.18157836090907
-0.08791,4.784669588242698,-25.668,79.01710510253906,0.0
-0.08378,4.982270906602073,-26.946,78.17253112792969,-168.98238787700885
-0.08378,4.982270906602073,-26.946,78.17253112792969,0.0
-0.08378,4.805482576523948,-27.630000000000003,77.2613525390625,-179.89705604478786
-0.08378,4.805482576523948,-27.630000000000003,77.2613525390625,0.0
-0.08614,5.003083894883323,-28.422,76.35910034179688,-180.3422341125821
-0.08614,5.003083894883323,-28.422,76.35910034179688,0.0
-0.09086,5.003083894883323,-29.442,75.43281555175781,-184.22529634815527
-0.09086,4.847078035508323,-29.442,75.43281555175781,0.0
-0.09558,5.023866365586448,-30.894,74.47219848632812,-190.37199077084173
-0.09558,5.023866365586448,-30.894,74.47219848632812,0.0
-0.0926299999999999,5.023866365586448,-31.542,73.45046997070312,-211.2755408654983
-0.0926299999999999,4.805482576523948,-31.542,73.45046997070312,0.0
-0.0890899999999999,4.826265047227073,-32.532000000000004,72.38067626953125,-214.6886817522103
-0.0890899999999999,4.826265047227073,-32.532000000000004,72.38067626953125,0.0
-0.08378,4.899079988633323,-32.784,71.32392883300781,-171.41077640294642
-0.08378,4.899079988633323,-32.784,71.32392883300781,0.0
-0.08319,4.670289705430198,-32.97,70.24314880371094,-219.0474319613231
-0.08319,4.670289705430198,-32.97,70.24314880371094,0.0
-0.0843699999999999,4.670289705430198,-33.066,69.16923522949219,-215.47222596683
-0.0843699999999999,4.670289705430198,-33.066,69.16923522949219,0.0
-0.08142,4.535066316758323,-33.06,68.0987548828125,-213.71138883628663
-0.08142,4.535066316758323,-33.06,68.0987548828125,0.0
-0.08083,4.743074129258323,-33.168000000000006,67.03926086425781,-213.6076650313176
-0.08083,4.743074129258323,-33.168000000000006,67.03926086425781,0.0
-0.0796499999999999,4.587068269883323,-32.982,65.96122741699219,-215.563576737776
-0.0796499999999999,4.587068269883323,-32.982,65.96122741699219,0.0
-0.0796499999999999,4.503877351914573,-32.79600000000001,64.87289428710938,-200.3927692657905
-0.0796499999999999,4.503877351914573,-32.79600000000001,64.87289428710938,0.0
-0.0802399999999999,4.597474764023948,-32.994,63.83674621582031,-215.5946881585819
-0.0802399999999999,4.597474764023948,-32.994,63.83674621582031,0.0
-0.07847,4.410279939805198,-33.078,62.74017333984374,-222.24825212340232
-0.07847,4.410279939805198,-33.078,62.74017333984374,0.0
-0.0796499999999999,4.399873445664573,-33.222,61.65939331054688,-216.6760283274739
-0.0796499999999999,4.399873445664573,-33.222,61.65939331054688,0.0
-0.07729,4.347871492539573,-33.054,60.577239990234375,-217.7370865819872
-0.07729,4.347871492539573,-33.054,60.577239990234375,0.0
-0.0778799999999999,4.275087068711448,-32.82,59.47448730468751,-220.462352168616
-0.0778799999999999,4.275087068711448,-32.82,59.47448730468751,0.0
-0.08142,4.451875398789573,-32.879999999999995,58.46443176269531,-204.3819388895669
-0.08142,4.451875398789573,-32.879999999999995,58.46443176269531,0.0
-0.0778799999999999,4.202272127305198,-33.023999999999994,57.37472534179687,-216.90016339544252
-0.0778799999999999,4.202272127305198,-33.023999999999994,57.37472534179687,0.0
-0.07611,4.181489656602073,-33.38999999999999,56.29875183105469,-214.0388921309998
-0.07611,4.181489656602073,-33.38999999999999,56.29875183105469,0.0
-0.0743399999999999,3.973481844102073,-33.21,55.2117919921875,-213.25482418429456
-0.0743399999999999,3.973481844102073,-33.21,55.2117919921875,0.0
-0.0719799999999999,4.150270174180198,-32.892,54.09873962402344,-222.83330693970893
-0.0719799999999999,4.150270174180198,-32.892,54.09873962402344,0.0
-0.07847,4.202272127305198,-32.772,53.0694580078125,-215.8275563455221
-0.07847,4.202272127305198,-32.772,53.0694580078125,0.0
-0.07729,3.869477937852073,-33.01199999999999,52.00447082519531,-214.45573552487215
-0.07729,3.869477937852073,-33.01199999999999,52.00447082519531,0.0
-0.0802399999999999,3.900666902695823,-33.204,50.94566345214844,-210.16422648810791
-0.0802399999999999,3.900666902695823,-33.204,50.94566345214844,0.0
-0.07729,3.755067537461448,-33.288000000000004,49.876556396484375,-219.7547904755495
-0.07729,3.755067537461448,-33.288000000000004,49.876556396484375,0.0
-0.07375,3.942262361680198,-32.976,48.755950927734375,-222.96169294663895
-0.07375,3.942262361680198,-32.976,48.755950927734375,0.0
-0.0802399999999999,3.900666902695823,-32.706,47.71499633789063,-209.5319222713656
-0.0802399999999999,3.900666902695823,-32.706,47.71499633789063,0.0
-0.07729,3.547090242539573,-32.976,46.654815673828125,-206.30096595885425
-0.07729,3.547090242539573,-32.976,46.654815673828125,0.0
-0.0755199999999999,3.630281160508323,-33.126,45.60493469238281,-210.18638267169337
-0.0755199999999999,3.630281160508323,-33.126,45.60493469238281,0.0
-0.07611,3.578279207383323,-33.126,44.51934814453125,-202.2329634597873
-0.07611,3.578279207383323,-33.126,44.51934814453125,0.0
-0.0719799999999999,3.661470125352073,-33.096,43.42689514160156,-221.54796246771568
-0.0719799999999999,3.661470125352073,-33.096,43.42689514160156,0.0
-0.07375,3.411866853867698,-32.916000000000004,42.34954833984375,-215.5555825845747
-0.07375,3.411866853867698,-32.916000000000004,42.34954833984375,0.0
-0.07316,3.276673982773948,-33.018,41.28593444824219,-214.30866242208143
-0.07316,3.276673982773948,-33.018,41.28593444824219,0.0
-0.06903,3.318269441758323,-33.06,40.25390625,-194.35559288924668
-0.06903,3.318269441758323,-33.06,40.25390625,0.0
-0.06844,3.318269441758323,-33.072,39.16282653808594,-218.0850913282344
-0.06844,3.318269441758323,-33.072,39.16282653808594,0.0
-0.06785,3.245485017930198,-33.114,38.085479736328125,-221.49399707202076
-0.06785,3.245485017930198,-33.114,38.085479736328125,0.0
-0.06431,3.245485017930198,-32.862,37.01362609863281,-192.502449298596
-0.06431,2.985475252305198,-32.862,37.01362609863281,0.0
-0.06608,2.933473299180198,-32.976,35.936279296875,-218.3073559791499
-0.06608,2.933473299180198,-32.976,35.936279296875,0.0
-0.06667,2.933473299180198,-33.12,34.91111755371094,-192.95346191704093
-0.06667,3.089479158555198,-33.12,34.91111755371094,0.0
-0.0672599999999999,2.923066805039573,-33.09,33.85231018066406,-211.17019805470616
-0.0672599999999999,2.923066805039573,-33.09,33.85231018066406,0.0
-0.06667,2.808686922227073,-33.252,32.80036926269531,-216.85032322578476
-0.06667,2.808686922227073,-33.252,32.80036926269531,0.0
-0.0654899999999999,2.548677156602073,-32.982,31.71478271484375,-218.5158107589429
-0.0654899999999999,2.548677156602073,-32.982,31.71478271484375,0.0
-0.0672599999999999,2.631868074570823,-32.928000000000004,30.66352844238281,-211.90370337847472
-0.0672599999999999,2.631868074570823,-32.928000000000004,30.66352844238281,0.0
-0.06844,2.642274568711448,-33.023999999999994,29.601287841796875,-207.7529044759685
-0.06844,2.642274568711448,-33.023999999999994,29.601287841796875,0.0
-0.06195,2.455079744492698,-33.126,28.54454040527344,-212.92513329119075
-0.06195,2.455079744492698,-33.126,28.54454040527344,0.0
-0.06136,2.319886873398948,-33.252,27.469253540039062,-250.88354298512928
-0.06136,2.319886873398948,-33.252,27.469253540039062,0.0
-0.06136,2.236665437852073,-32.867999999999995,26.33697509765625,-223.549544399288
-0.06136,2.236665437852073,-32.867999999999995,26.33697509765625,0.0
-0.06077,2.288667390977073,-32.82,25.289840698242188,-216.61861800031696
-0.06077,2.288667390977073,-32.82,25.289840698242188,0.0
-0.059,2.205476473008323,-33.084,24.240646362304688,-198.48549677220436
-0.059,2.205476473008323,-33.084,24.240646362304688,0.0
-0.0554599999999999,2.205476473008323,-33.096,23.173599243164062,-212.6015379839044
-0.0554599999999999,2.059877107773948,-33.096,23.173599243164062,0.0
-0.0572299999999999,2.018281648789573,-33.132,22.143630981445312,-204.07534410922204
-0.0572299999999999,2.018281648789573,-33.132,22.143630981445312,0.0
-0.05251,2.018281648789573,-32.982,21.01890563964844,-226.7591414914434
-0.05251,1.945466707383323,-32.982,21.01890563964844,0.0
-0.0536899999999999,1.883088777695823,-32.856,19.966964721679688,-211.8712825718147
-0.0536899999999999,1.883088777695823,-32.856,19.966964721679688,0.0
-0.05251,1.883088777695823,-32.976,18.889617919921875,-212.28508409029544
-0.05251,1.737489412461448,-32.976,18.889617919921875,0.0
-0.0536899999999999,1.727082918320823,-33.096,17.853469848632812,-208.31284103129408
-0.0536899999999999,1.727082918320823,-33.096,17.853469848632812,0.0
-0.0542799999999999,1.675080965195823,-33.168000000000006,16.772689819335938,-217.81137228881252
-0.0542799999999999,1.675080965195823,-33.168000000000006,16.772689819335938,0.0
-0.0519199999999999,1.550264070664573,-33.102,15.682983398437498,-217.5496947291253
-0.0519199999999999,1.550264070664573,-33.102,15.682983398437498,0.0
-0.05133,1.415071199570823,-32.94,14.613189697265629,-187.9138768964891
-0.05133,1.415071199570823,-32.94,14.613189697265629,0.0
-0.0507399999999999,1.165467928086448,-32.94,13.5406494140625,-220.8236119421163
-0.0507399999999999,1.165467928086448,-32.94,13.5406494140625,0.0
-0.0554599999999999,1.186280916367698,-33.06,12.508621215820312,-205.33788265857743
-0.0554599999999999,1.186280916367698,-33.06,12.508621215820312,0.0
-0.05251,1.082277010117698,-33.035999999999994,11.451187133789062,-212.5068492828415
-0.05251,1.082277010117698,-33.035999999999994,11.451187133789062,0.0
-0.04897,0.988679598008323,-33.306,10.348434448242188,-217.2055713111829
-0.04897,0.988679598008323,-33.306,10.348434448242188,0.0
-0.04779,0.895082185898948,-33.018,9.245681762695312,-220.1542594423281
-0.04779,0.895082185898948,-33.018,9.245681762695312,0.0
-0.04779,0.780671785508323,-32.904,8.191680908203125,-197.0463366034206
-0.04779,0.780671785508323,-32.904,8.191680908203125,0.0
-0.04897,0.739076326523948,-33.102,7.112274169921875,-219.88322230224625
-0.04897,0.739076326523948,-33.102,7.112274169921875,0.0
-0.04661,0.655885408555198,-33.162000000000006,6.074752807617188,-212.7376178602805
-0.04661,0.655885408555198,-33.162000000000006,6.074752807617188,0.0
-0.04543,0.4998795491801979,-33.258,4.9829864501953125,-222.71855516556252
-0.04543,0.4998795491801979,-33.258,4.9829864501953125,0.0
-0.04189,0.4998795491801979,-32.988,3.90289306640625,-214.64494908368016
-0.04189,0.4998795491801979,-32.988,3.90289306640625,0.0
-0.04248,0.3854691487895729,-32.862,2.8104400634765625,-214.33254913279384
-0.04248,0.3854691487895729,-32.862,2.8104400634765625,0.0
-0.04425,0.3646866780864479,-33.01199999999999,1.7667388916015625,-194.1769622092736
-0.04425,0.3646866780864479,-33.01199999999999,1.7667388916015625,0.0
-0.04071,0.1878678304301979,-33.06,0.67840576171875,-216.4114396267105
-0.04071,0.1878678304301979,-33.06,0.67840576171875,0.0
-0.0412999999999999,0.1878678304301979,-33.318,-0.4010009765625,-211.1515528717537
-0.0412999999999999,0.0942704183208229,-33.318,-0.4010009765625,0.0
-0.0389399999999999,0.0630814534770729,-33.114,-1.46392822265625,-214.9064387574688
-0.0389399999999999,0.0630814534770729,-33.114,-1.46392822265625,0.0
-0.03658,-0.103330900038552,-32.928000000000004,-2.558441162109375,-209.3159188091681
-0.03658,-0.103330900038552,-32.928000000000004,-2.558441162109375,0.0
-0.03658,-0.155332853163552,-33.102,-3.5959625244140625,-206.75993668886807
-0.03658,-0.155332853163552,-33.102,-3.5959625244140625,0.0
-0.0354,-0.280119230116677,-33.156,-4.695281982421875,-224.1222136610861
-0.0354,-0.280119230116677,-33.156,-4.695281982421875,0.0
-0.0359899999999999,0.1774918538676979,-33.19200000000001,-5.782241821289063,-212.338315856041
-0.0359899999999999,0.1774918538676979,-33.19200000000001,-5.782241821289063,0.0
-0.03658,0.1878678304301979,-32.988,-6.887054443359375,-169.44978866104245
-0.03658,0.1878678304301979,-32.988,-6.887054443359375,0.0
-0.03068,-0.051328946913552,-32.862,-7.965087890625,-214.79048560793427
-0.03068,-0.051328946913552,-32.862,-7.965087890625,0.0
-0.03422,0.1462723714458229,-32.892,-9.027328491210938,-205.30355635613043
-0.03422,0.1462723714458229,-32.892,-9.027328491210938,0.0
-0.03127,-0.051328946913552,-32.994,-10.071029663085938,-201.99364657924733
-0.03127,-0.051328946913552,-32.994,-10.071029663085938,0.0
-0.03127,0.0422684651958229,-33.168000000000006,-11.114044189453123,-208.5611930348288
-0.03127,0.0422684651958229,-33.168000000000006,-11.114044189453123,0.0
-0.0295,-0.248930265272927,-33.09,-12.185897827148438,-217.06230005999484
-0.0295,-0.248930265272927,-33.09,-12.185897827148438,0.0
-0.0265499999999999,-0.248930265272927,-33.15,-13.296890258789062,-226.8257312456644
-0.0265499999999999,-0.248930265272927,-33.15,-13.296890258789062,0.0
-0.0295,-0.207334806288552,-33.018,-14.316558837890623,-202.8787463393127
-0.0295,-0.207334806288552,-33.018,-14.316558837890623,0.0
-0.0277299999999999,-0.384123136366677,-33.318,-15.38360595703125,-218.0316957786245
-0.0277299999999999,-0.384123136366677,-33.318,-15.38360595703125,0.0
-0.02832,-0.280119230116677,-33.228,-16.467819213867188,-218.50327626685836
-0.02832,-0.280119230116677,-33.228,-16.467819213867188,0.0
-0.0253699999999999,-0.488127042616677,-33.156,-17.559585571289062,-199.9572083190484
-0.0253699999999999,-0.488127042616677,-33.156,-17.559585571289062,0.0
-0.02301,-0.550535489882302,-33.222,-18.647918701171875,-218.5407891332612
-0.02301,-0.550535489882302,-33.222,-18.647918701171875,0.0
-0.0259599999999999,-0.581724454726052,-32.952,-19.71015930175781,-190.1271882201947
-0.0259599999999999,-0.581724454726052,-32.952,-19.71015930175781,0.0
-0.0247799999999999,-0.748136808241677,-33.138,-20.760040283203125,-213.781507115728
-0.0247799999999999,-0.748136808241677,-33.138,-20.760040283203125,0.0
-0.0247799999999999,-0.748136808241677,-33.24,-21.814041137695312,-188.1472428581904
-0.0247799999999999,-0.727323819960427,-33.24,-21.814041137695312,0.0
-0.0236,-0.893736173476052,-33.233999999999995,-22.899627685546875,-202.57259709841668
-0.0236,-0.893736173476052,-33.233999999999995,-22.899627685546875,0.0
-0.0206499999999999,-0.893736173476052,-33.36,-24.011306762695312,-210.46555796065925
-0.0206499999999999,-0.904112150038552,-33.36,-24.011306762695312,0.0
-0.02183,-1.028929044569802,-32.982,-25.052947998046875,-208.2033250754761
-0.02183,-1.028929044569802,-32.982,-25.052947998046875,0.0
-0.0188799999999999,-1.049711515272927,-33.258,-26.141281127929688,-222.83643118007384
-0.0188799999999999,-1.049711515272927,-33.258,-26.141281127929688,0.0
-0.0206499999999999,-1.060118009413552,-33.204,-27.208328247070312,-221.6549894349636
-0.0206499999999999,-1.060118009413552,-33.204,-27.208328247070312,0.0
-0.0188799999999999,-1.278532316054177,-33.24,-28.26850891113281,-225.4264648230212
-0.0188799999999999,-1.278532316054177,-33.24,-28.26850891113281,0.0
-0.01475,-1.268125821913552,-33.426,-29.37606811523437,-225.9863709652519
-0.01475,-1.268125821913552,-33.426,-29.37606811523437,0.0
-0.01475,-1.372129728163552,-32.862,-30.43212890625,-214.64650223901515
-0.01475,-1.372129728163552,-32.862,-30.43212890625,0.0
-0.01652,-1.465727140272927,-33.102,-31.52595520019531,-221.96150445320572
-0.01652,-1.465727140272927,-33.102,-31.52595520019531,0.0
-0.01534,-2.297727872694802,-33.258,-32.58064270019531,-205.99365234354468
-0.01534,-2.297727872694802,-33.258,-32.58064270019531,0.0
-0.01534,-2.620115568007302,-33.18000000000001,-33.662109375,-215.13162419038093
-0.01534,-2.620115568007302,-33.18000000000001,-33.662109375,0.0
-0.0129799999999999,-2.568113614882302,-33.456,-34.762115478515625,-221.73072032156455
-0.0129799999999999,-2.568113614882302,-33.456,-34.762115478515625,0.0
-0.0135699999999999,-2.703337003554177,-33.048,-35.80375671386719,-209.33304568965625
-0.0135699999999999,-2.703337003554177,-33.048,-35.80375671386719,0.0
-0.0118,-2.776121427382302,-33.216,-36.91886901855469,-239.29448598474437
-0.0118,-2.776121427382302,-33.216,-36.91886901855469,0.0
-0.0129799999999999,-2.817716886366677,-33.222,-37.948150634765625,-199.01036663004507
-0.0129799999999999,-2.817716886366677,-33.222,-37.948150634765625,0.0
-0.0094399999999999,-2.994535734022927,-33.168000000000006,-39.02275085449219,-225.4248415620558
-0.0094399999999999,-2.994535734022927,-33.168000000000006,-39.02275085449219,0.0
-0.0118,-2.952909757460427,-33.426,-40.05271911621094,-206.1173227372676
-0.0118,-2.952909757460427,-33.426,-40.05271911621094,0.0
-0.01062,-3.098509122694802,-33.072,-41.14585876464844,-194.7167168573636
-0.01062,-3.098509122694802,-33.072,-41.14585876464844,0.0
-0.00826,-3.171324064101052,-33.264,-42.21702575683594,-216.00463645646497
-0.00826,-3.171324064101052,-33.264,-42.21702575683594,0.0
-0.00826,-3.171324064101052,-33.186,-43.26690673828125,-194.56652732476164
-0.00826,-3.171324064101052,-33.186,-43.26690673828125,0.0
-0.00531,-3.337736417616677,-33.228,-44.320220947265625,-214.218875123978
-0.00531,-3.337736417616677,-33.228,-44.320220947265625,0.0
-0.00767,-3.337736417616677,-33.354,-45.41679382324219,-213.1751314109225
-0.00767,-3.296110441054177,-33.354,-45.41679382324219,0.0
-0.0059,-3.462522794569802,-33.216,-46.45362854003906,-208.78669287106405
-0.0059,-3.462522794569802,-33.216,-46.45362854003906,0.0
-0.0047199999999999,-3.535337735976052,-33.492,-47.558441162109375,-213.8209061486901
-0.0047199999999999,-3.535337735976052,-33.492,-47.558441162109375,0.0
-0.0064899999999999,-3.514524747694802,-33.27,-48.59733581542969,-208.6552828520941
-0.0064899999999999,-3.514524747694802,-33.27,-48.59733581542969,0.0
-0.00295,-3.691313077772927,-33.342,-49.72206115722656,-227.769409031236
-0.00295,-3.691313077772927,-33.342,-49.72206115722656,0.0
-0.00354,-3.639311124647927,-33.336,-50.74516296386719,-205.52466987552555
-0.00354,-3.639311124647927,-33.336,-50.74516296386719,0.0
-0.00295,-3.816129972304177,-33.108,-51.80191040039063,-198.9358878998785
-0.00295,-3.816129972304177,-33.108,-51.80191040039063,0.0
-0.0005899999999999,-4.003324796522927,-33.324000000000005,-52.911529541015625,-220.5125478189605
-0.0005899999999999,-4.003324796522927,-33.324000000000005,-52.911529541015625,0.0
-0.0047199999999999,-3.972135831679177,-33.233999999999995,-53.952484130859375,-206.12962175106543
-0.0047199999999999,-3.972135831679177,-33.233999999999995,-53.952484130859375,0.0
-0.0,-4.190519620741677,-33.306,-55.01129150390625,-209.9558542626917
-0.0,-4.190519620741677,-33.306,-55.01129150390625,0.0
-0.00354,-4.190519620741677,-33.336,-56.10374450683594,-219.41213153845453
-0.00354,-4.190519620741677,-33.336,-56.10374450683594,0.0
-0.00177,-4.294523526991677,-33.312000000000005,-57.14744567871094,-210.46605603450436
-0.00177,-4.294523526991677,-33.312000000000005,-57.14744567871094,0.0
-0.0,-4.211332609022927,-33.54,-58.2220458984375,-216.69695900921005
-0.0,-4.211332609022927,-33.54,-58.2220458984375,0.0
-0.00295,-4.211332609022927,-33.198,-59.29115295410156,-215.54577735144852
-0.00295,-4.211332609022927,-33.198,-59.29115295410156,0.0
-0.0,-4.512937833632302,-33.384,-60.38017272949219,-222.29429993676936
-0.0,-4.512937833632302,-33.384,-60.38017272949219,0.0
-0.0005899999999999,-3.296110441054177,-33.282000000000004,-61.464385986328125,-170.50059079027662
-0.0005899999999999,-3.296110441054177,-33.282000000000004,-61.464385986328125,0.0
-0.0,-3.358518888319802,-33.228,-62.49366760253906,-205.4454323774889
-0.0,-3.358518888319802,-33.228,-62.49366760253906,0.0
-0.0,-3.327329923476052,-33.52799999999999,-63.590927124023445,-232.17509976403807
-0.0,-3.327329923476052,-33.52799999999999,-63.590927124023445,0.0
-0.0005899999999999,-4.169737150038552,-33.198,-64.63119506835938,-201.40715282406885
-0.0005899999999999,-4.169737150038552,-33.198,-64.63119506835938,0.0
-0.0,-4.689726163710427,-33.474000000000004,-65.7421875,-224.6244301738275
-0.0,-4.689726163710427,-33.474000000000004,-65.7421875,0.0
-0.0,-4.585722257460427,-33.42,-66.82846069335938,-214.76338342422997
-0.0,-4.585722257460427,-33.42,-66.82846069335938,0.0
-0.0005899999999999,-3.587309171522927,-33.33,-67.87216186523438,-209.15855147798172
-0.0005899999999999,-3.587309171522927,-33.33,-67.87216186523438,0.0
0.0005899999999999,-3.504118253554177,-33.66,-69.00787353515625,-203.02318017902203
0.0005899999999999,-3.504118253554177,-33.66,-69.00787353515625,0.0
-0.0005899999999999,-3.441709806288552,-33.216,-70.05569458007812,-209.8580101986987
-0.0005899999999999,-3.441709806288552,-33.216,-70.05569458007812,0.0
-0.0,-3.556120206679177,-33.36599999999999,-71.12960815429688,-203.4697942818035
-0.0,-3.556120206679177,-33.36599999999999,-71.12960815429688,0.0
0.0005899999999999,-4.512937833632302,-32.706,-72.23785400390625,-223.0319681244446
0.0005899999999999,-4.512937833632302,-32.706,-72.23785400390625,0.0
0.0023599999999999,-4.512937833632302,-31.668,-73.223876953125,-196.3797947060132
0.0023599999999999,-3.712126066054177,-31.668,-73.223876953125,0.0
0.0047199999999999,-3.514524747694802,-31.164000000000005,-74.26414489746094,-210.79390969306056
0.0047199999999999,-3.514524747694802,-31.164000000000005,-74.26414489746094,0.0
0.0047199999999999,-4.429716398085427,-29.922,-75.22819519042969,-160.86272200388777
0.0047199999999999,-4.429716398085427,-29.922,-75.22819519042969,0.0
0.0059,-3.930509855116677,-29.304,-76.20048522949219,-193.95372811918597
0.0059,-3.930509855116677,-29.304,-76.20048522949219,0.0
0.00531,-3.774534513319802,-27.972,-77.080078125,-196.7329222785402
0.00531,-3.774534513319802,-27.972,-77.080078125,0.0
0.0094399999999999,-3.982511808241677,-27.198000000000004,-78.04344177246094,-192.9042145497865
0.0094399999999999,-3.982511808241677,-27.198000000000004,-78.04344177246094,0.0
0.00531,-3.816129972304177,-25.878,-78.88458251953125,-169.07351699899905
0.00531,-3.816129972304177,-25.878,-78.88458251953125,0.0
0.00708,-3.816129972304177,-25.368,-79.66804504394531,-157.41662134108606
0.00708,-3.816129972304177,-25.368,-79.66804504394531,0.0
0.00767,-3.826536466444802,-24.06,-80.47210693359375,-151.42408467951287
0.00767,-3.826536466444802,-24.06,-80.47210693359375,0.0
0.00767,-3.816129972304177,-23.358,-81.22055053710938,-150.65289925822125
0.00767,-3.816129972304177,-23.358,-81.22055053710938,0.0
0.01062,-3.816129972304177,-22.2,-81.95182800292969,-147.91210878237075
0.01062,-3.920133878554177,-22.2,-81.95182800292969,0.0
0.0094399999999999,-3.888914396132302,-21.18,-82.63778686523438,-135.2976059773532
0.0094399999999999,-3.888914396132302,-21.18,-82.63778686523438,0.0
0.01475,-3.888914396132302,-20.304,-83.33610534667969,-125.82314980997756
0.01475,-4.034513761366677,-20.304,-83.33610534667969,0.0
0.0100299999999999,-3.992918302382302,-18.876,-83.968505859375,-126.30327794977616
0.0100299999999999,-3.992918302382302,-18.876,-83.968505859375,0.0
0.0094399999999999,-3.868131925429177,-18.306,-84.54597473144531,-121.80317909108636
0.0094399999999999,-3.868131925429177,-18.306,-84.54597473144531,0.0
0.01416,-3.961729337538552,-17.508,-85.13717651367188,-112.18250137135172
0.01416,-3.961729337538552,-17.508,-85.13717651367188,0.0
0.0129799999999999,-5.084928800429177,-16.182,-85.67276000976562,-109.1023622110382
0.0129799999999999,-5.084928800429177,-16.182,-85.67276000976562,0.0
0.01121,-5.032926847304177,-15.3,-86.17744445800781,-101.6484286488645
0.01121,-5.032926847304177,-15.3,-86.17744445800781,0.0
0.01534,-5.032926847304177,-14.634,-86.64161682128906,-91.66120917868224
0.01534,-5.032926847304177,-14.634,-86.64161682128906,0.0
0.01652,-3.514524747694802,-13.398,-87.09686279296875,-91.65411147163914
0.01652,-3.514524747694802,-13.398,-87.09686279296875,0.0
0.0118,-3.483335782851052,-12.156,-87.49374389648438,-79.24942162857363
0.0118,-3.483335782851052,-12.156,-87.49374389648438,0.0
0.0118,-3.462522794569802,-11.406,-87.86659240722656,-75.26211359352952
0.0118,-3.462522794569802,-11.406,-87.86659240722656,0.0
0.01652,-4.908109952772927,-10.776000000000002,-88.24081420898438,-75.61563987826908
0.01652,-4.908109952772927,-10.776000000000002,-88.24081420898438,0.0
0.01829,-5.084928800429177,-9.534,-88.56903076171875,-66.64295486992293
0.01829,-5.084928800429177,-9.534,-88.56903076171875,0.0
0.0188799999999999,-5.084928800429177,-8.058,-88.85673522949219,-56.379476341981686
0.0188799999999999,-5.084928800429177,-8.058,-88.85673522949219,0.0
0.01416,-5.126524259413552,-6.611999999999999,-89.08882141113281,-45.32933235170214
0.01416,-5.126524259413552,-6.611999999999999,-89.08882141113281,0.0
0.0129799999999999,-5.032926847304177,-6.053999999999999,-89.29275512695312,-39.99484522852728
0.0129799999999999,-5.032926847304177,-6.053999999999999,-89.29275512695312,0.0
0.0123899999999999,-5.084928800429177,-5.249999999999999,-89.46029663085938,-32.028580368225285
0.0123899999999999,-5.084928800429177,-5.249999999999999,-89.46029663085938,0.0
0.01534,-5.084928800429177,-4.896,-89.62646484375,-32.530973549457435
0.01534,-5.084928800429177,-4.896,-89.62646484375,0.0
0.0177,-5.074522306288552,-3.93,-89.75898742675781,-26.36740608989052
0.0177,-5.074522306288552,-3.93,-89.75898742675781,0.0
0.0259599999999999,-5.084928800429177,-3.42,-89.87091064453125,-22.22904027278045
0.0259599999999999,-5.084928800429177,-3.42,-89.87091064453125,0.0
0.0247799999999999,-5.084928800429177,-1.722,-89.96086120605469,-17.801417281515388
0.0247799999999999,-5.084928800429177,-1.722,-89.96086120605469,0.0
0.0241899999999999,-5.084928800429177,-0.522,-89.99038696289062,-4.892420353927351
0.0241899999999999,-3.639311124647927,-0.522,-89.99038696289062,0.0
0.02183,-3.514524747694802,-0.162,-90.00137329101562,-2.1596870699839776
0.02183,-3.514524747694802,-0.162,-90.00137329101562,0.0
0.02301,-3.483335782851052,-0.0,-90.00411987304688,-0.5541933073547259
0.02301,-3.483335782851052,-0.0,-90.00411987304688,0.0
0.02242,-3.462522794569802,0.0119999999999999,-90.00480651855469,-0.1304417758001495
0.02242,-3.462522794569802,0.0119999999999999,-90.00480651855469,0.0
0.02242,-3.462522794569802,0.0059999999999999,-90.00480651855469,0.0
0.02242,-3.504118253554177,0.0059999999999999,-90.00480651855469,0.0
0.02183,-3.535337735976052,0.0119999999999999,-90.00480651855469,0.0
0.02242,-3.982511808241677,-0.018,-90.00411987304688,0.1368364901977949
0.02242,-3.982511808241677,-0.018,-90.00411987304688,0.0
0.02242,-3.504118253554177,-0.018,-90.00343322753906,0.136050229406148
0.02242,-3.504118253554177,-0.018,-90.00343322753906,0.0
0.02242,-3.576933194960427,0.0059999999999999,-90.00617980957031,-0.5773769247952936
0.02242,-3.576933194960427,0.0059999999999999,-90.00617980957031,0.0
0.02242,-3.587309171522927,0.0059999999999999,-90.00480651855469,0.2589161040015788
0.02242,-3.587309171522927,0.0059999999999999,-90.00480651855469,0.0
0.0236,-3.587309171522927,-0.0119999999999999,-90.00617980957031,-0.2656782773504383
0.0236,-3.379331876601052,-0.0119999999999999,-90.00617980957031,0.0
0.0236,-3.160917569960427,0.0059999999999999,-90.00480651855469,0.2738913074639509
0.0236,-3.160917569960427,0.0059999999999999,-90.00480651855469,0.0
0.0236,-3.129728605116677,0.0119999999999999,-90.00617980957031,-0.2731830148449282
0.0236,-3.129728605116677,0.0119999999999999,-90.00617980957031,0.0
0.0247799999999999,-3.119322110976052,-0.0,-90.00411987304688,0.3905092935428408
0.0247799999999999,-3.119322110976052,-0.0,-90.00411987304688,0.0
0.0247799999999999,-3.119322110976052,0.0059999999999999,-90.00480651855469,-0.1365643412514123
0.0247799999999999,-3.119322110976052,0.0059999999999999,-90.00480651855469,0.0
0.0247799999999999,-3.140135099257302,0.0059999999999999,-90.00617980957031,-0.2750432636942316
0.0247799999999999,-3.140135099257302,0.0059999999999999,-90.00617980957031,0.0
0.0247799999999999,-3.816129972304177,0.018,-90.0054931640625,0.1370823533266752
0.0247799999999999,-3.816129972304177,0.018,-90.0054931640625,0.0
0.0247799999999999,-4.252928068007302,0.0059999999999999,-90.00274658203125,0.5461487435382114
0.0247799999999999,-4.252928068007302,0.0059999999999999,-90.00274658203125,0.0
0.0241899999999999,-3.119322110976052,0.018,-90.0054931640625,-0.5492065649370089
0.0241899999999999,-3.119322110976052,0.018,-90.0054931640625,0.0
0.0247799999999999,-3.119322110976052,-0.0119999999999999,-90.00411987304688,0.2883853455743694
0.0247799999999999,-3.119322110976052,-0.0119999999999999,-90.00411987304688,0.0
0.02832,-4.252928068007302,0.036,-90.00343322753906,0.1399603562602401
0.02832,-4.252928068007302,0.036,-90.00343322753906,0.0
0.0336299999999999,-3.639311124647927,0.042,-90.00411987304688,-0.1373291015626249
0.0336299999999999,-3.639311124647927,0.042,-90.00411987304688,0.0
0.04661,-3.452116300429177,0.162,-90.00274658203125,0.2739459436715549
0.04661,-3.452116300429177,0.162,-90.00274658203125,0.0
0.06077,-3.077726651991677,0.504,-89.99794006347656,0.9391400067782912
0.06077,-3.077726651991677,0.504,-89.99794006347656,0.0
0.0778799999999999,-4.065733243788552,1.8300000000000003,-89.96498107910156,6.396076921210991
0.0778799999999999,-4.065733243788552,1.8300000000000003,-89.96498107910156,0.0
0.0825999999999999,-3.223326017226052,3.426,-89.86885070800781,18.234137157370625
0.0825999999999999,-3.223326017226052,3.426,-89.86885070800781,0.0
0.08968,-4.762510587538552,6.03,-89.72396850585938,29.13376274853148
0.08968,-4.762510587538552,6.03,-89.72396850585938,0.0
0.07847,-4.783323575819802,7.925999999999999,-89.51454162597656,43.17189855343626
0.07847,-4.783323575819802,7.925999999999999,-89.51454162597656,0.0
0.08319,-4.752134610976052,9.288,-89.22889709472656,57.46218693424602
0.08319,-4.752134610976052,9.288,-89.22889709472656,0.0
0.0755199999999999,-4.731321622694802,9.852,-88.92539978027344,60.43355524757494
0.0755199999999999,-4.731321622694802,9.852,-88.92539978027344,0.0
0.0719799999999999,-4.845732023085427,10.134,-88.60130310058594,54.12436200530574
0.0719799999999999,-4.845732023085427,10.134,-88.60130310058594,0.0
0.0755199999999999,-4.793730069960427,10.494,-88.26347351074219,66.83077939532384
0.0755199999999999,-4.793730069960427,10.494,-88.26347351074219,0.0
0.0820099999999999,-3.244108487929177,11.088,-87.91534423828125,59.77494376042162
0.0820099999999999,-3.244108487929177,11.088,-87.91534423828125,0.0
0.08142,-3.140135099257302,12.252,-87.5445556640625,69.03529588875226
0.08142,-3.140135099257302,12.252,-87.5445556640625,0.0
0.0802399999999999,-3.160917569960427,13.572,-87.14149475097656,82.88318179846061
0.0802399999999999,-3.160917569960427,13.572,-87.14149475097656,0.0
0.08555,-3.233732511366677,14.778,-86.68556213378906,91.20476439028536
0.08555,-3.233732511366677,14.778,-86.68556213378906,0.0
0.0890899999999999,-4.689726163710427,15.384,-86.20147705078125,91.47488341044402
0.0890899999999999,-4.689726163710427,15.384,-86.20147705078125,0.0
0.08319,-4.731321622694802,16.476,-85.71258544921875,98.36853150150628
0.08319,-4.731321622694802,16.476,-85.71258544921875,0.0
0.0867299999999999,-4.856107999647927,17.592,-85.15365600585938,108.27769146833228
0.0867299999999999,-4.856107999647927,17.592,-85.15365600585938,0.0
0.08555,-4.731321622694802,18.33,-84.54322814941406,121.55074799777852
0.08555,-4.731321622694802,18.33,-84.54322814941406,0.0
0.0825999999999999,-4.731321622694802,19.056,-83.97880554199219,114.32501669460588
0.0825999999999999,-4.710508634413552,19.056,-83.97880554199219,0.0
0.0926299999999999,-4.856107999647927,20.334,-83.34228515625,131.02519261884692
0.0926299999999999,-4.856107999647927,20.334,-83.34228515625,0.0
0.08791,-4.856107999647927,21.108,-82.6611328125,114.03856416378756
0.08791,-4.731321622694802,21.108,-82.6611328125,0.0
0.08732,-4.689726163710427,22.110000000000003,-81.95938110351562,143.74266878002462
0.08732,-4.689726163710427,22.110000000000003,-81.95938110351562,0.0
0.0914499999999999,-4.689726163710427,23.22,-81.22055053710938,143.49010806114688
0.0914499999999999,-4.710508634413552,23.22,-81.22055053710938,0.0
0.0938099999999999,-4.627317716444802,23.856,-80.48927307128906,147.4052541465696
0.0938099999999999,-4.627317716444802,23.856,-80.48927307128906,0.0
0.08378,-4.627317716444802,25.158,-79.70787048339844,147.10139079256493
0.08378,-4.564909269179177,25.158,-79.70787048339844,0.0
0.09204,-4.564909269179177,26.088,-78.86672973632812,162.47648195304768
0.09204,-4.564909269179177,26.088,-78.86672973632812,0.0
0.0944,-4.564909269179177,27.342,-78.03108215332031,167.26332726318734
0.0944,-4.720915128554177,27.342,-78.03108215332031,0.0
0.09322,-4.554533292616677,27.978,-77.10891723632812,182.78789236729543
0.09322,-4.554533292616677,27.978,-77.10891723632812,0.0
0.0890899999999999,-4.668913175429177,29.01,-76.18812561035156,184.89791686290428
0.0890899999999999,-4.668913175429177,29.01,-76.18812561035156,0.0
0.08614,-4.564909269179177,29.88,-75.26870727539062,187.75134469287164
0.08614,-4.564909269179177,29.88,-75.26870727539062,0.0
0.0914499999999999,-4.533720304335427,31.236,-74.30191040039062,163.89165536533193
0.0914499999999999,-4.533720304335427,31.236,-74.30191040039062,0.0
0.0867299999999999,-4.471311857069802,31.878,-73.26438903808594,206.67756221230755
0.0867299999999999,-4.471311857069802,31.878,-73.26438903808594,0.0
0.0843699999999999,-4.471311857069802,33.096,-72.22892761230469,184.47557915229785
0.0843699999999999,-4.564909269179177,33.096,-72.22892761230469,0.0
0.08614,-4.429716398085427,34.098,-71.13990783691406,211.66565119356065
0.08614,-4.429716398085427,34.098,-71.13990783691406,0.0
0.0914499999999999,-4.315336515272927,34.788,-70.00213623046875,241.05330645033183
0.0914499999999999,-4.315336515272927,34.788,-70.00213623046875,0.0
0.0843699999999999,-4.512937833632302,35.718,-68.86093139648438,229.526314156048
0.0843699999999999,-4.512937833632302,35.718,-68.86093139648438,0.0
0.08555,-4.221708585585427,36.24,-67.73895263671875,226.06866003723763
0.08555,-4.221708585585427,36.24,-67.73895263671875,0.0
0.0802399999999999,-4.138517667616677,36.594,-66.52427673339844,238.68655989796827
0.0802399999999999,-4.138517667616677,36.594,-66.52427673339844,0.0
0.0843699999999999,-4.336118985976052,36.492,-65.37826538085938,228.10735520289305
0.0843699999999999,-4.336118985976052,36.492,-65.37826538085938,0.0
0.08083,-4.128111173476052,36.330000000000005,-64.19380187988281,226.77838425739347
0.08083,-4.128111173476052,36.330000000000005,-64.19380187988281,0.0
0.08319,-3.972135831679177,36.39,-63.03749084472657,229.79154116777823
0.08319,-3.972135831679177,36.39,-63.03749084472657,0.0
0.08142,-4.117735196913552,36.336,-61.860580444335945,232.0406940833978
0.08142,-4.117735196913552,36.336,-61.860580444335945,0.0
0.07847,-3.992918302382302,36.318000000000005,-60.67474365234376,238.1198377496165
0.07847,-3.992918302382302,36.318000000000005,-60.67474365234376,0.0
0.0778799999999999,-3.691313077772927,36.318000000000005,-59.528732299804695,192.736520777015
0.0778799999999999,-3.691313077772927,36.318000000000005,-59.528732299804695,0.0
0.07906,-4.055326749647927,36.168,-58.36143493652344,221.96184888425816
0.07906,-4.055326749647927,36.168,-58.36143493652344,0.0
0.0796499999999999,-3.712126066054177,36.366,-57.13645935058594,226.0936851121758
0.0796499999999999,-3.712126066054177,36.366,-57.13645935058594,0.0
0.07493,-3.764128019179177,36.336,-56.006927490234375,229.30001225175107
0.07493,-3.764128019179177,36.336,-56.006927490234375,0.0
0.0767,-3.909727384413552,36.294,-54.80598449707031,251.1907536422813
0.0767,-3.909727384413552,36.294,-54.80598449707031,0.0
0.0778799999999999,-3.680937101210427,36.294,-53.62701416015625,219.3025180272399
0.0778799999999999,-3.680937101210427,36.294,-53.62701416015625,0.0
0.07375,-3.639311124647927,36.426,-52.43911743164063,237.43688357288065
0.07375,-3.639311124647927,36.426,-52.43911743164063,0.0
0.0778799999999999,-3.649717618788552,36.174,-51.28761291503906,230.34697271495008
0.0778799999999999,-3.649717618788552,36.174,-51.28761291503906,0.0
0.07611,-3.504118253554177,36.174,-50.09765625,237.75357942852477
0.07611,-3.504118253554177,36.174,-50.09765625,0.0
0.0778799999999999,-3.244108487929177,36.42,-48.9605712890625,206.7803165916393
0.0778799999999999,-3.244108487929177,36.42,-48.9605712890625,0.0
0.0767,-2.141722013319802,36.216,-47.72666931152344,246.09133975670863
0.0767,-2.141722013319802,36.216,-47.72666931152344,0.0
0.07021,-3.337736417616677,36.3,-46.566925048828125,227.22262200162064
0.07021,-3.337736417616677,36.3,-46.566925048828125,0.0
0.0743399999999999,-3.462522794569802,36.36,-45.42366027832031,216.65051554063177
0.0743399999999999,-3.462522794569802,36.36,-45.42366027832031,0.0
0.07257,-3.171324064101052,36.252,-44.2529296875,231.9196891484665
0.07257,-3.171324064101052,36.252,-44.2529296875,0.0
0.0743399999999999,-3.098509122694802,36.438,-43.07464599609375,235.5154290237373
0.0743399999999999,-3.098509122694802,36.438,-43.07464599609375,0.0
0.06785,-3.119322110976052,36.462,-41.92314147949219,234.76136933768984
0.06785,-3.119322110976052,36.462,-41.92314147949219,0.0
0.07257,-2.942533780897927,36.288,-40.77369689941406,189.20898437491536
0.07257,-2.942533780897927,36.288,-40.77369689941406,0.0
0.06431,-2.921720792616677,36.19800000000001,-39.604339599609375,238.74179252865665
0.06431,-2.921720792616677,36.19800000000001,-39.604339599609375,0.0
0.0708,-2.963316251601052,36.144,-38.48991394042969,200.04050604541783
0.0708,-2.963316251601052,36.144,-38.48991394042969,0.0
0.06431,-1.424131681288552,36.114,-37.2821044921875,251.67940159253575
0.06431,-1.424131681288552,36.114,-37.2821044921875,0.0
0.0696199999999999,-2.339323331679177,36.402,-36.14433288574219,204.1578335628324
0.0696199999999999,-2.339323331679177,36.402,-36.14433288574219,0.0
0.06195,-2.776121427382302,36.528,-34.979095458984375,234.17150859284547
0.06195,-2.776121427382302,36.528,-34.979095458984375,0.0
0.06667,-2.568113614882302,35.976,-33.82209777832031,235.16213021634547
0.06667,-2.568113614882302,35.976,-33.82209777832031,0.0
0.0648999999999999,-2.568113614882302,36.132,-32.68363952636719,215.0062798776776
0.0648999999999999,-2.443327237929177,36.132,-32.68363952636719,0.0
0.06667,-2.474516202772927,36.222,-31.502609252929684,235.40567539106425
0.06667,-2.474516202772927,36.222,-31.502609252929684,0.0
0.06254,-2.474516202772927,36.264,-30.333938598632816,203.28242377744843
0.06254,-2.276914884413552,36.264,-30.333938598632816,0.0
0.06372,-2.245725919569802,36.324,-29.162521362304688,237.3692474827475
0.06372,-2.245725919569802,36.324,-29.162521362304688,0.0
0.05782,-1.403318693007302,36.126000000000005,-27.997283935546875,225.95257451171065
0.05782,-1.403318693007302,36.126000000000005,-27.997283935546875,0.0
0.05959,-1.829710294569802,35.994,-26.839599609375,219.54946447398453
0.05959,-1.829710294569802,35.994,-26.839599609375,0.0
0.05782,-2.068937589491677,36.138,-25.660629272460938,193.52763245485352
0.05782,-2.068937589491677,36.138,-25.660629272460938,0.0
0.0631299999999999,-1.902525235976052,36.282,-24.517364501953125,228.56152948988048
0.0631299999999999,-1.902525235976052,36.282,-24.517364501953125,0.0
0.0560499999999999,-1.736112882460427,36.408,-23.353500366210938,224.59747891599412
0.0560499999999999,-1.736112882460427,36.408,-23.353500366210938,0.0
0.0572299999999999,-1.756925870741677,36.204,-22.140884399414062,252.05071020530863
0.0572299999999999,-1.756925870741677,36.204,-22.140884399414062,0.0
0.0530999999999999,-1.590513517226052,36.19800000000001,-20.976333618164062,217.469800420105
0.0530999999999999,-1.590513517226052,36.19800000000001,-20.976333618164062,0.0
0.05782,-1.486509610976052,36.17999999999999,-19.82208251953125,229.56465764362417
0.05782,-1.486509610976052,36.17999999999999,-19.82208251953125,0.0
0.0530999999999999,-1.507322599257302,36.24,-18.6492919921875,239.24735359923304
0.0530999999999999,-1.507322599257302,36.24,-18.6492919921875,0.0
0.0483799999999999,-1.247312833632302,36.216,-17.429122924804688,241.6176371053056
0.0483799999999999,-1.247312833632302,36.216,-17.429122924804688,0.0
0.0530999999999999,-0.155332853163552,36.012,-16.27899169921875,228.69978635630287
0.0530999999999999,-0.155332853163552,36.012,-16.27899169921875,0.0
0.0483799999999999,-0.758512784804177,35.982,-15.07598876953125,240.6968646833492
0.0483799999999999,-0.758512784804177,35.982,-15.07598876953125,0.0
0.0507399999999999,-1.028929044569802,36.102,-13.887405395507812,236.4398993482853
0.0507399999999999,-1.028929044569802,36.102,-13.887405395507812,0.0
0.04779,-0.883329679335427,36.330000000000005,-12.724227905273438,229.78614978937904
0.04779,-0.883329679335427,36.330000000000005,-12.724227905273438,0.0
0.04366,-0.883329679335427,36.036,-11.528778076171877,253.5418513472386
0.04366,-0.883329679335427,36.036,-11.528778076171877,0.0
0.04484,-0.675321866835427,36.0,-10.396499633789062,222.8017399414524
0.04484,-0.675321866835427,36.0,-10.396499633789062,0.0
0.04602,0.1150834066020729,36.084,-9.208602905273438,237.5318393352564
0.04602,0.1150834066020729,36.084,-9.208602905273438,0.0
0.05133,0.1150834066020729,36.078,-8.034439086914062,221.3315397472948
0.05133,-0.228117276991677,36.078,-8.034439086914062,0.0
0.0401199999999999,0.0318619710551979,36.288,-6.8609619140625,232.8327723911348
0.0401199999999999,0.0318619710551979,36.288,-6.8609619140625,0.0
0.0401199999999999,0.4270646077739479,35.994,-5.681304931640625,232.62807777985748
0.0401199999999999,0.4270646077739479,35.994,-5.681304931640625,0.0
0.04071,-0.030515958632302,35.91,-4.5119476318359375,245.5601217565756
0.04071,-0.030515958632302,35.91,-4.5119476318359375,0.0
0.04071,-0.134519864882302,36.126000000000005,-3.3789825439453125,229.15960515578567
0.04071,-0.134519864882302,36.126000000000005,-3.3789825439453125,0.0
0.04425,-0.030515958632302,36.174,-2.2350311279296875,232.36876214017607
0.04425,-0.030515958632302,36.174,-2.2350311279296875,0.0
0.03953,0.1462723714458229,36.186,-0.9757232666015624,253.68812677837457
0.03953,0.1462723714458229,36.186,-0.9757232666015624,0.0
0.0354,0.1878678304301979,36.054,0.171661376953125,231.65448083072644
0.0354,0.1878678304301979,36.054,0.171661376953125,0.0
0.04189,0.1358658773051979,36.03,1.318359375,240.09589573811732
0.04189,0.1358658773051979,36.03,1.318359375,0.0
0.03422,0.697480867539573,36.084,2.50762939453125,239.00120971291005
0.03422,0.697480867539573,36.084,2.50762939453125,0.0
0.03953,0.645478914414573,36.330000000000005,3.659820556640625,238.84559745222813
0.03953,0.645478914414573,36.330000000000005,3.659820556640625,0.0
0.03127,0.510286043320823,36.078,4.868316650390625,244.9819772450252
0.03127,0.510286043320823,36.078,4.868316650390625,0.0
0.03422,0.843080232773948,35.681999999999995,6.0369873046875,235.7141295474788
0.03422,0.843080232773948,35.681999999999995,6.0369873046875,0.0
0.03068,0.697480867539573,35.873999999999995,7.181625366210937,236.10521071015185
0.03068,0.697480867539573,35.873999999999995,7.181625366210937,0.0
0.0389399999999999,0.843080232773948,35.892,8.326263427734375,207.512338927379
0.0389399999999999,0.843080232773948,35.892,8.326263427734375,0.0
0.03068,0.874269197617698,36.162,9.51141357421875,238.26902824387912
0.03068,0.874269197617698,36.162,9.51141357421875,0.0
0.03186,0.947084139023948,36.252,10.726089477539062,248.65422790617927
0.03186,0.947084139023948,36.252,10.726089477539062,0.0
0.0265499999999999,1.092683504258323,36.06,11.876220703125,235.6343424677032
0.0265499999999999,1.092683504258323,36.06,11.876220703125,0.0
0.03009,1.227876375352073,36.006,13.041458129882812,221.31764990645797
0.03009,1.227876375352073,36.006,13.041458129882812,0.0
0.0265499999999999,1.238282869492698,36.102,14.181976318359377,234.8194746708416
0.0265499999999999,1.238282869492698,36.102,14.181976318359377,0.0
0.03009,1.539888094102073,36.282,15.351333618164062,245.25111153629217
0.03009,1.539888094102073,36.282,15.351333618164062,0.0
0.02183,1.415071199570823,36.066,16.570816040039062,241.00443120057923
0.02183,1.415071199570823,36.066,16.570816040039062,0.0
0.0277299999999999,1.664674471055198,35.868,17.680435180664062,196.95050419351875
0.0277299999999999,1.664674471055198,35.868,17.680435180664062,0.0
0.02242,1.737489412461448,36.144,18.87245178222656,243.51718111605075
0.02242,1.737489412461448,36.144,18.87245178222656,0.0
0.02301,1.623079012070823,36.228,20.049362182617188,232.08645245324615
0.02301,1.623079012070823,36.228,20.049362182617188,0.0
0.0188799999999999,1.716676424180198,36.132,21.213912963867188,236.26512096788213
0.0188799999999999,1.716676424180198,36.132,21.213912963867188,0.0
0.0194699999999999,1.758271883164573,35.952000000000005,22.433395385742188,233.8413081256105
0.0194699999999999,1.758271883164573,35.952000000000005,22.433395385742188,0.0
0.0206499999999999,1.883088777695823,35.868,23.57460021972656,226.5194192109172
0.0206499999999999,1.883088777695823,35.868,23.57460021972656,0.0
0.02242,1.955873201523948,35.958,24.692459106445312,221.70941823047727
0.02242,1.955873201523948,35.958,24.692459106445312,0.0
0.0188799999999999,2.091066072617698,36.258,25.90370178222656,255.1596114979521
0.0188799999999999,2.091066072617698,36.258,25.90370178222656,0.0
0.0177,2.111879060898948,36.216,27.060699462890625,227.44204455737065
0.0177,2.111879060898948,36.216,27.060699462890625,0.0
0.01475,2.288667390977073,35.82,28.231430053710938,230.54954525815185
0.01475,2.288667390977073,35.82,28.231430053710938,0.0
0.01652,2.309480379258323,35.904,29.380874633789062,230.81216467449795
0.01652,2.309480379258323,35.904,29.380874633789062,0.0
0.01711,2.309480379258323,35.934,30.50010681152344,204.35131965210323
0.01711,2.319886873398948,35.934,30.50010681152344,0.0
0.01652,2.455079744492698,36.19800000000001,31.677017211914062,235.52339411478528
0.01652,2.455079744492698,36.19800000000001,31.677017211914062,0.0
0.0118,2.579866121445823,36.372,32.86354064941406,238.68908418840653
0.0118,2.579866121445823,36.372,32.86354064941406,0.0
0.0118,2.579866121445823,35.91,34.00199890136719,225.21429316585912
0.0118,2.579866121445823,35.91,34.00199890136719,0.0
0.01121,2.579866121445823,35.862,35.18096923828125,220.9878794592544
0.01121,2.767091463242698,35.862,35.18096923828125,0.0
0.01062,2.808686922227073,36.078,36.330413818359375,227.2977219849621
0.01062,2.808686922227073,36.078,36.330413818359375,0.0
0.0123899999999999,2.808686922227073,36.138,37.505950927734375,222.13475233855343
0.0123899999999999,2.850282381211448,36.138,37.505950927734375,0.0
0.00885,3.006288240586448,36.126000000000005,38.6993408203125,235.80120382901652
0.00885,3.006288240586448,36.126000000000005,38.6993408203125,0.0
0.00767,3.006288240586448,36.024,39.88311767578125,232.2041693738452
0.00767,3.037477205430198,36.024,39.88311767578125,0.0
0.01062,3.235078523789573,35.904,41.03530883789063,233.66277876892823
0.01062,3.235078523789573,35.904,41.03530883789063,0.0
0.00826,3.235078523789573,36.09,42.22251892089844,221.57709649264
0.00826,3.224672029648948,36.09,42.22251892089844,0.0
0.0059,3.203889558945823,36.294,43.405609130859375,234.5539670816273
0.0059,3.203889558945823,36.294,43.405609130859375,0.0
0.00354,3.505464265977073,36.096,44.5660400390625,233.2524438598436
0.00354,3.505464265977073,36.096,44.5660400390625,0.0
0.0064899999999999,3.505464265977073,35.916,45.745697021484375,244.94538671559943
0.0064899999999999,3.505464265977073,35.916,45.745697021484375,0.0
0.0064899999999999,3.370271394883323,35.922,46.918487548828125,244.5861370893428
0.0064899999999999,3.370271394883323,35.922,46.918487548828125,0.0
0.0064899999999999,3.671876619492698,36.054,48.07342529296875,222.9609544674853
0.0064899999999999,3.671876619492698,36.054,48.07342529296875,0.0
0.00295,3.671876619492698,36.330000000000005,49.27024841308594,236.19955005287892
0.00295,3.671876619492698,36.330000000000005,49.27024841308594,0.0
0.0023599999999999,3.609468172227073,36.006,50.445098876953125,239.42336740707103
0.0023599999999999,3.609468172227073,36.006,50.445098876953125,0.0
0.0023599999999999,3.848664949570823,35.808,51.60552978515625,247.79647836923485
0.0023599999999999,3.848664949570823,35.808,51.60552978515625,0.0
0.00354,3.848664949570823,35.838,52.75703430175781,219.96265837665416
0.00354,3.848664949570823,35.838,52.75703430175781,0.0
0.0047199999999999,3.765474031602073,36.084,53.91128540039063,229.74743205276545
0.0047199999999999,3.765474031602073,36.084,53.91128540039063,0.0
0.0005899999999999,3.973481844102073,36.384,55.10467529296875,226.32085958231485
0.0005899999999999,3.973481844102073,36.384,55.10467529296875,0.0
-0.0,4.025483797227073,36.024,56.31248474121094,236.3619272488704
-0.0,4.025483797227073,36.024,56.31248474121094,0.0
0.0023599999999999,4.108674715195823,35.79,57.41798400878906,217.832367995778
0.0023599999999999,4.108674715195823,35.79,57.41798400878906,0.0
0.0005899999999999,4.150270174180198,36.084,58.64089965820313,249.6255663224392
0.0005899999999999,4.150270174180198,36.084,58.64089965820313,0.0
0.00295,4.129487703477073,36.15,59.7821044921875,226.02591285095068
0.00295,4.129487703477073,36.15,59.7821044921875,0.0
-0.0,4.327089021836448,36.17999999999999,60.95489501953124,233.67015886486
-0.0,4.327089021836448,36.17999999999999,60.95489501953124,0.0
-0.0,4.337464998398948,35.922,62.159271240234375,238.63210237838504
-0.0,4.337464998398948,35.922,62.159271240234375,0.0
0.0005899999999999,4.202272127305198,35.88,63.30802917480468,237.5921271086502
0.0005899999999999,4.202272127305198,35.88,63.30802917480468,0.0
-0.0,4.441468904648948,36.096,64.48631286621094,232.03696167884888
-0.0,4.441468904648948,36.096,64.48631286621094,0.0
-0.0,4.472688387070823,36.504,65.61721801757812,225.59448461320568
-0.0,4.472688387070823,36.504,65.61721801757812,0.0
-0.0,4.472688387070823,36.036,66.84768676757812,227.1914235599588
-0.0,4.202272127305198,36.036,66.84768676757812,0.0
-0.0,4.545472810898948,35.459999999999994,67.99919128417969,231.55128023358907
-0.0,4.545472810898948,35.459999999999994,67.99919128417969,0.0
-0.0,4.545472810898948,35.334,69.19395446777344,217.11124542873355
-0.0,4.545472810898948,35.334,69.19395446777344,0.0
-0.0,4.327089021836448,34.278000000000006,70.2685546875,214.1064394754249
-0.0,4.327089021836448,34.278000000000006,70.2685546875,0.0
-0.00177,4.576661775742698,33.599999999999994,71.38710021972656,191.3679268137581
-0.00177,4.576661775742698,33.599999999999994,71.38710021972656,0.0
-0.00354,4.545472810898948,32.802,72.46513366699219,214.4060157650204
-0.00354,4.545472810898948,32.802,72.46513366699219,0.0
-0.00295,4.774263094102073,31.356,73.49441528320312,201.70127693706576
-0.00295,4.774263094102073,31.356,73.49441528320312,0.0
-0.00531,4.670289705430198,30.66,74.46189880371094,203.42378479977413
-0.00531,4.670289705430198,30.66,74.46189880371094,0.0
-0.00413,4.701478670273948,29.466000000000005,75.44517517089844,195.63795606592345
-0.00413,4.701478670273948,29.466000000000005,75.44517517089844,0.0
-0.0047199999999999,4.722291658555198,28.896,76.37351989746094,182.88903202561832
-0.0047199999999999,4.722291658555198,28.896,76.37351989746094,0.0
-0.0047199999999999,4.691072176133323,27.648,77.29911804199219,182.45577459727983
-0.0047199999999999,4.691072176133323,27.648,77.29911804199219,0.0
-0.00826,4.732667635117698,26.682,78.211669921875,180.13262532207855
-0.00826,4.732667635117698,26.682,78.211669921875,0.0
-0.0047199999999999,4.732667635117698,25.488,79.05143737792969,159.65160761496506
-0.0047199999999999,4.847078035508323,25.488,79.05143737792969,0.0
-0.00826,4.784669588242698,25.05,79.84931945800781,152.93886909677002
-0.00826,4.784669588242698,25.05,79.84931945800781,0.0
-0.00708,4.899079988633323,23.778,80.63621520996094,145.99179071490744
-0.00708,4.899079988633323,23.778,80.63621520996094,0.0
-0.0064899999999999,4.795076082383323,22.872,81.39358520507812,146.32341482174888
-0.0064899999999999,4.795076082383323,22.872,81.39358520507812,0.0
-0.00885,4.795076082383323,21.792,82.122802734375,138.37144768433788
-0.00885,4.826265047227073,21.792,82.122802734375,0.0
-0.00767,4.649476717148948,20.904,82.80052185058594,135.32729956297953
-0.00767,4.649476717148948,20.904,82.80052185058594,0.0
-0.0135699999999999,4.649476717148948,20.154,83.49678039550781,127.94166573347992
-0.0135699999999999,4.805482576523948,20.154,83.49678039550781,0.0
-0.01534,4.878267000352073,18.576,84.14222717285156,128.01403755322357
-0.01534,4.878267000352073,18.576,84.14222717285156,0.0
-0.00885,4.722291658555198,17.412,84.68742370605469,103.13971494576586
-0.00885,4.722291658555198,17.412,84.68742370605469,0.0
-0.0118,4.711885164414573,16.914,85.26901245117188,116.0161071449035
-0.0118,4.711885164414573,16.914,85.26901245117188,0.0
-0.0123899999999999,4.847078035508323,15.816,85.8087158203125,108.59222719126956
-0.0123899999999999,4.847078035508323,15.816,85.8087158203125,0.0
-0.0135699999999999,4.857484529648948,14.964,86.28044128417969,91.08427570329124
-0.0135699999999999,4.857484529648948,14.964,86.28044128417969,0.0
-0.0135699999999999,4.857484529648948,14.37,86.76521301269531,99.41996072914844
-0.0135699999999999,4.857484529648948,14.37,86.76521301269531,0.0
-0.0206499999999999,4.899079988633323,13.236,87.20603942871094,88.27120865344743
-0.0206499999999999,4.899079988633323,13.236,87.20603942871094,0.0
-0.01416,4.847078035508323,11.766,87.59262084960938,77.19277573855875
-0.01416,4.847078035508323,11.766,87.59262084960938,0.0
-0.0129799999999999,4.867891023789573,10.758,87.94624328613281,66.85998043554437
-0.0129799999999999,4.867891023789573,10.758,87.94624328613281,0.0
-0.01416,4.763887117539573,10.14,88.28750610351562,67.60356921209714
-0.01416,4.763887117539573,10.14,88.28750610351562,0.0
-0.0206499999999999,4.847078035508323,9.474,88.60542297363281,61.5521529752769
-0.0206499999999999,4.847078035508323,9.474,88.60542297363281,0.0
-0.01593,4.888673494492698,8.142000000000001,88.89930725097656,60.68227903028842
-0.01593,4.888673494492698,8.142000000000001,88.89930725097656,0.0
-0.02242,4.826265047227073,7.02,89.14649963378906,49.70689378896366
-0.02242,4.826265047227073,7.02,89.14649963378906,0.0
-0.01593,4.805482576523948,5.634,89.34013366699219,39.452737001448845
-0.01593,4.805482576523948,5.634,89.34013366699219,0.0
-0.0177,4.847078035508323,4.896,89.51728820800781,35.666305821542835
-0.0177,4.847078035508323,4.896,89.51728820800781,0.0
-0.01652,4.847078035508323,4.05,89.66217041015625,25.1182736041145
-0.01652,4.847078035508323,4.05,89.66217041015625,0.0
-0.01652,4.847078035508323,3.432,89.78370666503906,24.15747463385509
-0.01652,4.847078035508323,3.432,89.78370666503906,0.0
-0.01829,4.847078035508323,2.244,89.87228393554688,18.850238456644067
-0.01829,4.847078035508323,2.244,89.87228393554688,0.0
-0.01593,4.847078035508323,1.47,89.92927551269531,11.506476306972049
-0.01593,4.847078035508323,1.47,89.92927551269531,0.0
-0.0200599999999999,4.847078035508323,0.942,89.96772766113281,6.7071600274733205
-0.0200599999999999,4.847078035508323,0.942,89.96772766113281,0.0
-0.01829,4.847078035508323,0.432,89.98558044433594,3.602983492056841
-0.01829,4.847078035508323,0.432,89.98558044433594,0.0
-0.0206499999999999,4.847078035508323,0.24,90.0,2.434913148272014
-0.0206499999999999,4.847078035508323,0.24,90.0,0.0
-0.0194699999999999,4.847078035508323,0.1379999999999999,90.00205993652344,0.4162328800638665
-0.0194699999999999,4.847078035508323,0.1379999999999999,90.00205993652344,0.0
-0.0194699999999999,4.847078035508323,0.0479999999999999,90.0054931640625,0.7165993611071627
-0.0194699999999999,4.847078035508323,0.0479999999999999,90.0054931640625,0.0
-0.0206499999999999,4.847078035508323,0.0059999999999999,90.00617980957031,0.1428725567651304
-0.0206499999999999,4.847078035508323,0.0059999999999999,90.00617980957031,0.0
-0.0206499999999999,4.847078035508323,-0.0,90.00411987304688,-0.4129784529748603
-0.0206499999999999,4.847078035508323,-0.0,90.00411987304688,0.0
-0.0206499999999999,4.847078035508323,-0.0,90.0054931640625,0.2735094633788484
-0.0206499999999999,4.847078035508323,-0.0,90.0054931640625,0.0
-0.0206499999999999,4.826265047227073,-0.0059999999999999,90.00892639160156,0.7075901770533303
-0.0206499999999999,4.826265047227073,-0.0059999999999999,90.00892639160156,0.0
-0.0206499999999999,4.836671541367698,0.018,90.00755310058594,-0.2741099831587578
-0.0206499999999999,4.836671541367698,0.018,90.00755310058594,0.0
-0.0206499999999999,4.847078035508323,-0.0119999999999999,90.00686645507812,-0.1364286723252244
-0.0206499999999999,4.847078035508323,-0.0119999999999999,90.00686645507812,0.0
-0.0200599999999999,4.847078035508323,-0.0239999999999999,90.00686645507812,0.0
-0.02183,4.847078035508323,-0.0,90.00686645507812,0.0
-0.02183,4.847078035508323,0.03,90.00755310058594,0.1355132243560227
-0.02183,4.847078035508323,0.03,90.00755310058594,0.0
-0.02183,4.847078035508323,-0.0059999999999999,90.00617980957031,-0.2810665197755357
-0.02183,4.847078035508323,0.0059999999999999,90.00823974609375,0.4078274645489625
-0.02183,4.847078035508323,0.0059999999999999,90.00823974609375,0.0
-0.02242,4.847078035508323,-0.0,90.00892639160156,0.1336406204385249
-0.02242,4.847078035508323,-0.0,90.00892639160156,0.0
-0.02242,4.847078035508323,0.0059999999999999,90.00755310058594,-0.2703861027025725
-0.02242,4.826265047227073,0.0059999999999999,90.00755310058594,0.0
-0.0236,4.857484529648948,-0.018,90.00755310058594,0.0
-0.0277299999999999,4.847078035508323,-0.036,90.01029968261719,0.5418390276682988
-0.0277299999999999,4.847078035508323,-0.036,90.01029968261719,0.0
-0.03658,4.847078035508323,-0.042,90.00823974609375,-0.4149751255922645
-0.03658,4.847078035508323,-0.042,90.00823974609375,0.0
-0.0495599999999999,4.847078035508323,-0.27,90.00480651855469,-0.6919039780457832
-0.0495599999999999,4.857484529648948,-0.27,90.00480651855469,0.0
-0.06667,4.888673494492698,-0.7679999999999999,89.99519348144531,-1.9172391522503736
-0.06667,4.888673494492698,-0.7679999999999999,89.99519348144531,0.0
-0.08496,4.899079988633323,-2.0820000000000003,89.95468139648438,-6.712855834458458
-0.08496,4.899079988633323,-2.0820000000000003,89.95468139648438,0.0
-0.08319,4.909486482773948,-4.482,89.84619140625,-21.81580338515628
-0.08319,4.909486482773948,-4.482,89.84619140625,0.0
-0.0796499999999999,4.867891023789573,-6.756,89.66354370117188,-36.87617708017548
-0.0796499999999999,4.867891023789573,-6.756,89.66354370117188,0.0
-0.0820099999999999,4.795076082383323,-8.298000000000002,89.41360473632812,-46.560909993271714
-0.0820099999999999,4.795076082383323,-8.298000000000002,89.41360473632812,0.0
-0.0719799999999999,4.878267000352073,-9.227999999999998,89.11354064941406,-59.88107900895439
-0.0719799999999999,4.878267000352073,-9.227999999999998,89.11354064941406,0.0
-0.0778799999999999,4.867891023789573,-9.636,88.79562377929688,-62.99125621504653
-0.0778799999999999,4.867891023789573,-9.636,88.79562377929688,0.0
-0.08083,4.847078035508323,-9.732,88.48800659179688,-61.01094555728102
-0.08083,4.847078035508323,-9.732,88.48800659179688,0.0
-0.08142,4.930268953477073,-10.176,88.14811706542969,-67.61279617402415
-0.08142,4.930268953477073,-10.176,88.14811706542969,0.0
-0.08378,4.899079988633323,-11.568,87.79312133789062,-70.18499951348096
-0.08378,4.899079988633323,-11.568,87.79312133789062,0.0
-0.09086,4.971864412461448,-12.99,87.39830017089844,-80.77356116859606
-0.09086,4.971864412461448,-12.99,87.39830017089844,0.0
-0.07847,4.888673494492698,-14.172,86.9512939453125,-84.74051669868233
-0.07847,4.888673494492698,-14.172,86.9512939453125,0.0
-0.08968,4.867891023789573,-14.676,86.48506164550781,-94.28357933362032
-0.08968,4.867891023789573,-14.676,86.48506164550781,0.0
-0.08732,5.003083894883323,-15.744,85.99136352539062,-100.87824277016136
-0.08732,5.003083894883323,-15.744,85.99136352539062,0.0
-0.08732,4.899079988633323,-16.908,85.45440673828125,-105.70015494280015
-0.08732,4.899079988633323,-16.908,85.45440673828125,0.0
-0.08791,4.899079988633323,-17.789999999999996,84.87419128417969,-115.03081960780864
-0.08791,4.899079988633323,-17.789999999999996,84.87419128417969,0.0
-0.0867299999999999,4.826265047227073,-18.57,84.3035888671875,-115.1104331233574
-0.0867299999999999,4.826265047227073,-18.57,84.3035888671875,0.0
-0.08319,4.878267000352073,-19.602,83.69384765625,-119.69792126767466
-0.08319,4.878267000352073,-19.602,83.69384765625,0.0
-0.08555,4.961488435898948,-20.460000000000004,83.03192138671875,-137.7291447217894
-0.08555,4.961488435898948,-20.460000000000004,83.03192138671875,0.0
-0.0926299999999999,4.899079988633323,-21.276,82.36656188964844,-135.4283527518928
-0.0926299999999999,4.899079988633323,-21.276,82.36656188964844,0.0
-0.09322,4.909486482773948,-22.482,81.65657043457031,-135.107793544701
-0.09322,4.909486482773948,-22.482,81.65657043457031,0.0
-0.09086,4.784669588242698,-23.382,80.89920043945312,-132.96523790680104
-0.09086,4.784669588242698,-23.382,80.89920043945312,0.0
-0.08378,5.023866365586448,-24.516,80.12535095214844,-163.39727350203867
-0.08378,5.023866365586448,-24.516,80.12535095214844,0.0
-0.09322,5.023866365586448,-25.488,79.30755615234375,-157.35901477879597
-0.09322,4.878267000352073,-25.488,79.30755615234375,0.0
-0.09322,5.023866365586448,-26.436,78.475341796875,-168.73770386644824
-0.09322,5.023866365586448,-26.436,78.475341796875,0.0
-0.0890899999999999,5.023866365586448,-27.492,77.55935668945312,-166.27066752973073
-0.0890899999999999,4.899079988633323,-27.492,77.55935668945312,0.0
-0.0867299999999999,5.044679353867698,-28.068,76.68937683105469,-178.49402100908307
-0.0867299999999999,5.044679353867698,-28.068,76.68937683105469,0.0
-0.0938099999999999,4.899079988633323,-29.112,75.75347900390625,-166.58914687588342
-0.0938099999999999,4.899079988633323,-29.112,75.75347900390625,0.0
-0.0938099999999999,4.919862459336448,-30.396,74.81208801269531,-189.91143659674705
-0.0938099999999999,4.919862459336448,-30.396,74.81208801269531,0.0
-0.0949899999999999,4.815889070664573,-31.338,73.77937316894531,-199.48132967922317
-0.0949899999999999,4.815889070664573,-31.338,73.77937316894531,0.0
-0.09322,4.847078035508323,-32.43000000000001,72.740478515625,-208.73913066526137
-0.09322,4.847078035508323,-32.43000000000001,72.740478515625,0.0
-0.0843699999999999,4.670289705430198,-33.096,71.69265747070312,-207.6537940785528
-0.0843699999999999,4.670289705430198,-33.096,71.69265747070312,0.0
-0.0914499999999999,4.763887117539573,-34.032000000000004,70.565185546875,-232.61232181319977
-0.0914499999999999,4.763887117539573,-34.032000000000004,70.565185546875,0.0
-0.0967599999999999,4.899079988633323,-34.944,69.47547912597656,-223.25474716226228
-0.0967599999999999,4.899079988633323,-34.944,69.47547912597656,0.0
-0.08614,4.524690340195823,-35.760000000000005,68.32260131835938,-215.97561026945007
-0.08614,4.524690340195823,-35.760000000000005,68.32260131835938,0.0
-0.0914499999999999,4.545472810898948,-36.258,67.15049743652344,-237.02808530524095
-0.0914499999999999,4.545472810898948,-36.258,67.15049743652344,0.0
-0.0796499999999999,4.545472810898948,-36.19199999999999,65.94612121582031,-240.2505925996131
-0.0796499999999999,4.587068269883323,-36.19199999999999,65.94612121582031,0.0
-0.08319,4.503877351914573,-35.904,64.75135803222656,-235.6070170762235
-0.08319,4.503877351914573,-35.904,64.75135803222656,0.0
-0.0825999999999999,4.503877351914573,-36.048,63.61152648925781,-212.45695115922743
-0.0825999999999999,4.503877351914573,-36.048,63.61152648925781,0.0
-0.0867299999999999,4.379090974961448,-36.072,62.48336791992188,-227.2680437823701
-0.0867299999999999,4.379090974961448,-36.072,62.48336791992188,0.0
-0.08083,4.483064363633323,-36.072,61.28860473632812,-219.34334194840108
-0.08083,4.483064363633323,-36.072,61.28860473632812,0.0
-0.08378,4.451875398789573,-36.012,60.11512756347656,-234.08680886701043
-0.08378,4.451875398789573,-36.012,60.11512756347656,0.0
-0.0796499999999999,4.451875398789573,-35.82599999999999,58.93959045410156,-222.1767358486229
-0.0796499999999999,4.202272127305198,-35.82599999999999,58.93959045410156,0.0
-0.08496,4.327089021836448,-36.03,57.78533935546875,-232.47756266528677
-0.08496,4.327089021836448,-36.03,57.78533935546875,0.0
-0.07847,4.327089021836448,-36.174,56.60636901855469,-236.9789621936991
-0.07847,4.327089021836448,-36.174,56.60636901855469,0.0
-0.0778799999999999,4.129487703477073,-36.09,55.40611267089844,-244.95027503157064
-0.0778799999999999,4.129487703477073,-36.09,55.40611267089844,0.0
-0.0778799999999999,4.150270174180198,-35.904,54.227142333984375,-198.0131570227632
-0.0778799999999999,4.150270174180198,-35.904,54.227142333984375,0.0
-0.08083,4.191865633164573,-35.796,53.09829711914063,-224.69052843200924
-0.08083,4.191865633164573,-35.796,53.09829711914063,0.0
-0.07729,4.191865633164573,-35.922,51.932373046875,-221.74288175408455
-0.07729,3.983888338242698,-35.922,51.932373046875,0.0
-0.0796499999999999,3.994264314805198,-36.216,50.7568359375,-234.8256311179161
-0.0796499999999999,3.994264314805198,-36.216,50.7568359375,0.0
-0.0755199999999999,4.025483797227073,-36.17999999999999,49.57443237304688,-224.27988703626184
-0.0755199999999999,4.025483797227073,-36.17999999999999,49.57443237304688,0.0
-0.0719799999999999,3.807069490586448,-35.808,48.36456298828125,-240.72212191910552
-0.0719799999999999,3.807069490586448,-35.808,48.36456298828125,0.0
-0.07375,3.807069490586448,-35.898,47.26318359375,-221.78401017562035
-0.07375,3.807069490586448,-35.898,47.26318359375,0.0
-0.07906,3.682283113633323,-36.186,46.10893249511719,-230.9888130142312
-0.07906,3.682283113633323,-36.186,46.10893249511719,0.0
-0.07257,3.630281160508323,-36.168,44.951934814453125,-227.6210270832729
-0.07257,3.630281160508323,-36.168,44.951934814453125,0.0
-0.0755199999999999,3.630281160508323,-36.072,43.74069213867188,-237.12660058397685
-0.0755199999999999,3.630281160508323,-36.072,43.74069213867188,0.0
-0.0672599999999999,3.630281160508323,-35.91,42.59811401367188,-227.10755813942427
-0.0672599999999999,3.339082430039573,-35.91,42.59811401367188,0.0
-0.0719799999999999,3.453462312852073,-36.0,41.37519836425781,-252.9821368252897
-0.0719799999999999,3.453462312852073,-36.0,41.37519836425781,0.0
-0.07139,3.401490877305198,-36.054,40.24909973144531,-223.03399342693223
-0.07139,3.401490877305198,-36.054,40.24909973144531,0.0
-0.06844,3.235078523789573,-36.216,39.05982971191406,-222.5846939039688
-0.06844,3.235078523789573,-36.216,39.05982971191406,0.0
-0.0672599999999999,3.276673982773948,-36.12,37.87605285644531,-249.636620723421
-0.0672599999999999,3.276673982773948,-36.12,37.87605285644531,0.0
-0.07021,3.193483064805198,-35.796,36.72248840332031,-235.4213169646637
-0.07021,3.193483064805198,-35.796,36.72248840332031,0.0
-0.0654899999999999,3.037477205430198,-35.916,35.59295654296875,-234.342709616742
-0.0654899999999999,3.037477205430198,-35.916,35.59295654296875,0.0
-0.07021,2.985475252305198,-36.156,34.418792724609375,-239.0398653016498
-0.07021,2.985475252305198,-36.156,34.418792724609375,0.0
-0.06372,2.975068758164573,-36.258,33.25836181640625,-232.1790532619065
-0.06372,2.975068758164573,-36.258,33.25836181640625,0.0
-0.0672599999999999,2.777467439805198,-36.048,32.06840515136719,-255.1912213254738
-0.0672599999999999,2.777467439805198,-36.048,32.06840515136719,0.0
-0.06372,2.756684969102073,-35.922,30.92376708984375,-226.93062282392543
-0.06372,2.756684969102073,-35.922,30.92376708984375,0.0
-0.06667,2.631868074570823,-36.006,29.79972839355469,-229.5830670523992
-0.06667,2.631868074570823,-36.006,29.79972839355469,0.0
-0.06195,2.579866121445823,-36.17999999999999,28.63861083984375,-232.87556231656387
-0.06195,2.579866121445823,-36.17999999999999,28.63861083984375,0.0
-0.05959,2.579866121445823,-36.276,27.504959106445312,-212.69263290774555
-0.05959,2.579866121445823,-36.276,27.504959106445312,0.0
-0.06136,2.413484285508323,-36.036,26.286849975585938,-244.45296625735824
-0.06136,2.413484285508323,-36.036,26.286849975585938,0.0
-0.06018,2.340669344102073,-35.82599999999999,25.143585205078125,-213.7342999636869
-0.06018,2.340669344102073,-35.82599999999999,25.143585205078125,0.0
-0.06431,2.236665437852073,-35.958,23.99688720703125,-234.40269788375215
-0.06431,2.236665437852073,-35.958,23.99688720703125,0.0
-0.05782,2.101472566758323,-36.084,22.85362243652344,-230.72951977979312
-0.05782,2.101472566758323,-36.084,22.85362243652344,0.0
-0.05959,2.111879060898948,-36.252,21.63276672363281,-249.6126994255717
-0.05959,2.111879060898948,-36.252,21.63276672363281,0.0
-0.0519199999999999,1.935090730820823,-35.976,20.481948852539062,-232.4415009275849
-0.0519199999999999,1.935090730820823,-35.976,20.481948852539062,0.0
-0.05959,1.883088777695823,-35.772000000000006,19.332504272460938,-195.25133006248848
-0.05959,1.883088777695823,-35.772000000000006,19.332504272460938,0.0
-0.0542799999999999,1.789491365586448,-35.994,18.192672729492188,-228.9737932844694
-0.0542799999999999,1.789491365586448,-35.994,18.192672729492188,0.0
-0.05959,1.789491365586448,-36.24,17.008895874023438,-232.61482717020763
-0.05959,1.716676424180198,-36.24,17.008895874023438,0.0
-0.05015,1.612672517930198,-36.246,15.851898193359377,-215.97865982140772
-0.05015,1.612672517930198,-36.246,15.851898193359377,0.0
-0.0530999999999999,1.539888094102073,-35.862,14.650268554687502,-211.6663094369694
-0.0530999999999999,1.539888094102073,-35.862,14.650268554687502,0.0
-0.05133,1.342286775742698,-35.91,13.508377075195312,-224.29610675579315
-0.05133,1.342286775742698,-35.91,13.508377075195312,0.0
-0.05015,1.363069246445823,-35.988,12.381591796875,-223.39121298983903
-0.05015,1.363069246445823,-35.988,12.381591796875,0.0
-0.0548699999999999,1.238282869492698,-36.108,11.235580444335938,-227.74470439965808
-0.0548699999999999,1.238282869492698,-36.108,11.235580444335938,0.0
-0.04484,1.165467928086448,-36.168,10.042190551757812,-237.5850871151696
-0.04484,1.165467928086448,-36.168,10.042190551757812,0.0
-0.04779,1.061464021836448,-35.91,8.85223388671875,-237.6586109528592
-0.04779,1.061464021836448,-35.91,8.85223388671875,0.0
-0.04779,0.895082185898948,-35.904,7.692489624023438,-228.296114704142
-0.04779,0.895082185898948,-35.904,7.692489624023438,0.0
-0.04425,0.822267244492698,-36.27,6.5265655517578125,-238.967836086293
-0.04425,0.822267244492698,-36.27,6.5265655517578125,0.0
-0.04602,0.718263338242698,-36.3,5.3730010986328125,-232.4328940407339
-0.04602,0.718263338242698,-36.3,5.3730010986328125,0.0
-0.04307,0.666291902695823,-36.102,4.189910888671875,-235.30035997651603
-0.04307,0.666291902695823,-36.102,4.189910888671875,0.0
-0.04307,0.531068514023948,-35.928,2.995834350585937,-240.40196055648943
-0.04307,0.531068514023948,-35.928,2.995834350585937,0.0
-0.04307,0.4998795491801979,-35.982,1.8546295166015625,-221.98109978322188
-0.04307,0.4998795491801979,-35.982,1.8546295166015625,0.0
-0.04366,0.3646866780864479,-36.06,0.6681060791015625,-217.59094764395363
-0.04366,0.3646866780864479,-36.06,0.6681060791015625,0.0
-0.0412999999999999,0.3126847249614479,-36.36,-0.4621124267578125,-226.5875111988734
-0.0412999999999999,0.3126847249614479,-36.36,-0.4621124267578125,0.0
-0.0412999999999999,0.1566788655864479,-36.114,-1.7063140869140625,-249.99028735324097
-0.0412999999999999,0.1566788655864479,-36.114,-1.7063140869140625,0.0
-0.0377599999999999,-0.020109464491677,-36.012,-2.8289794921875,-223.3271146357288
-0.0377599999999999,-0.020109464491677,-36.012,-2.8289794921875,0.0
-0.0412999999999999,-0.030515958632302,-36.19199999999999,-4.005889892578125,-232.91320015629364
-0.0412999999999999,-0.030515958632302,-36.19199999999999,-4.005889892578125,0.0
-0.0336299999999999,-0.144926359022927,-36.168,-5.16082763671875,-233.93513148491957
-0.0336299999999999,-0.144926359022927,-36.168,-5.16082763671875,0.0
-0.03835,-0.207334806288552,-36.216,-6.3617706298828125,-244.64106603475105
-0.03835,-0.207334806288552,-36.216,-6.3617706298828125,0.0
-0.03186,-0.228117276991677,-36.054,-7.547607421875,-240.2424619108621
-0.03186,-0.228117276991677,-36.054,-7.547607421875,0.0
-0.0348099999999999,-0.363310148085427,-35.712,-8.6572265625,-220.4687344775627
-0.0348099999999999,-0.363310148085427,-35.712,-8.6572265625,0.0
-0.0348099999999999,-0.519316007460427,-35.922,-9.815597534179688,-208.97906759499705
-0.0348099999999999,-0.519316007460427,-35.922,-9.815597534179688,0.0
-0.0348099999999999,-0.550535489882302,-36.12,-10.992507934570312,-234.49101422387145
-0.0348099999999999,-0.550535489882302,-36.12,-10.992507934570312,0.0
-0.03422,-0.675321866835427,-36.162,-12.098007202148438,-221.94323781930328
-0.03422,-0.675321866835427,-36.162,-12.098007202148438,0.0
-0.02832,-0.727323819960427,-36.108,-13.305816650390623,-240.36008920226297
-0.02832,-0.727323819960427,-36.108,-13.305816650390623,0.0
-0.0348099999999999,-0.852110196913552,-36.078,-14.444961547851562,-233.76665246462773
-0.0348099999999999,-0.852110196913552,-36.078,-14.444961547851562,0.0
-0.0271399999999999,-1.028929044569802,-36.186,-15.63423156738281,-241.1334183966072
-0.0271399999999999,-1.028929044569802,-36.186,-15.63423156738281,0.0
-0.03304,-1.080930997694802,-36.348,-16.772003173828125,-230.78531570957645
-0.03304,-1.080930997694802,-36.348,-16.772003173828125,0.0
-0.03009,-1.132932950819802,-36.138,-17.996292114257812,-250.0590156105248
-0.03009,-1.132932950819802,-36.138,-17.996292114257812,0.0
-0.0253699999999999,-1.413725187147927,-36.072,-19.142990112304688,-229.1562745897232
-0.0253699999999999,-1.413725187147927,-36.072,-19.142990112304688,0.0
-0.0241899999999999,-1.372129728163552,-36.072,-20.313034057617188,-238.2496325210413
-0.0241899999999999,-1.372129728163552,-36.072,-20.313034057617188,0.0
-0.0247799999999999,-1.444914151991677,-36.144,-21.49818420410156,-226.04427741482988
-0.0247799999999999,-1.444914151991677,-36.144,-21.49818420410156,0.0
-0.0236,-1.715330411757302,-36.330000000000005,-22.65586853027344,-218.26627567303987
-0.0236,-1.715330411757302,-36.330000000000005,-22.65586853027344,0.0
-0.0200599999999999,-1.600920011366677,-36.288,-23.854751586914062,-237.16776590325023
-0.0200599999999999,-1.600920011366677,-36.288,-23.854751586914062,0.0
-0.02242,-1.746519376601052,-35.958,-24.9884033203125,-224.52995313894215
-0.02242,-1.746519376601052,-35.958,-24.9884033203125,0.0
-0.0194699999999999,-1.944120694960427,-36.17999999999999,-26.20513916015625,-231.45060678023265
-0.0194699999999999,-1.944120694960427,-36.17999999999999,-26.20513916015625,0.0
-0.02242,-1.902525235976052,-36.324,-27.351150512695312,-229.61557854901864
-0.02242,-1.902525235976052,-36.324,-27.351150512695312,0.0
-0.01711,-2.048124601210427,-36.162,-28.51226806640625,-234.3325032718507
-0.01711,-2.048124601210427,-36.162,-28.51226806640625,0.0
-0.01593,-2.162535001601052,-36.276,-29.72488403320312,-244.232823121294
-0.01593,-2.162535001601052,-36.276,-29.72488403320312,0.0
-0.0177,-2.183317472304177,-36.108,-30.898361206054684,-237.97955239338256
-0.0177,-2.183317472304177,-36.108,-30.898361206054684,0.0
-0.01475,-2.318510343397927,-36.06,-32.078704833984375,-237.49368771220475
-0.01475,-2.318510343397927,-36.06,-32.078704833984375,0.0
-0.01711,-2.370512296522927,-36.330000000000005,-33.246002197265625,-235.48464056489425
-0.01711,-2.370512296522927,-36.330000000000005,-33.246002197265625,0.0
-0.01534,-2.474516202772927,-36.288,-34.41810607910156,-232.79123770296127
-0.01534,-2.474516202772927,-36.288,-34.41810607910156,0.0
-0.0123899999999999,-2.599333097304177,-36.144,-35.62522888183594,-241.2315752866667
-0.0123899999999999,-2.599333097304177,-36.144,-35.62522888183594,0.0
-0.0129799999999999,-2.640928556288552,-36.336,-36.780853271484375,-227.5299054242148
-0.0129799999999999,-2.640928556288552,-36.336,-36.780853271484375,0.0
-0.0123899999999999,-2.682524015272927,-36.19800000000001,-37.96875,-236.63281444525876
-0.0123899999999999,-2.682524015272927,-36.19800000000001,-37.96875,0.0
-0.0129799999999999,-2.942533780897927,-36.19800000000001,-39.12643432617188,-227.9803714400272
-0.0129799999999999,-2.942533780897927,-36.19800000000001,-39.12643432617188,0.0
-0.00767,-2.817716886366677,-36.42,-40.2978515625,-237.6099870854161
-0.00767,-2.817716886366677,-36.42,-40.2978515625,0.0
-0.0123899999999999,-2.942533780897927,-36.03,-41.48643493652344,-222.87331221169407
-0.0123899999999999,-2.942533780897927,-36.03,-41.48643493652344,0.0
-0.00885,-3.192137052382302,-36.17999999999999,-42.63862609863281,-225.9641424022518
-0.00885,-3.192137052382302,-36.17999999999999,-42.63862609863281,0.0
-0.0100299999999999,-3.067320157851052,-36.324,-43.80386352539063,-224.9493101850921
-0.0100299999999999,-3.067320157851052,-36.324,-43.80386352539063,0.0
-0.0094399999999999,-3.119322110976052,-36.102,-44.9176025390625,-228.5061579137576
-0.0094399999999999,-3.119322110976052,-36.102,-44.9176025390625,0.0
-0.00708,-3.358518888319802,-36.366,-46.12403869628906,-223.74557812063225
-0.00708,-3.358518888319802,-36.366,-46.12403869628906,0.0
-0.0064899999999999,-3.327329923476052,-36.396,-47.30918884277344,-245.37270113556596
-0.0064899999999999,-3.327329923476052,-36.396,-47.30918884277344,0.0
-0.0059,-3.316923429335427,-36.24,-48.48609924316406,-212.1706148168603
-0.0059,-3.316923429335427,-36.24,-48.48609924316406,0.0
-0.00354,-3.535337735976052,-36.372,-49.669189453125,-236.28723985609597
-0.00354,-3.535337735976052,-36.372,-49.669189453125,0.0
-0.0059,-3.493711759413552,-36.324,-50.84266662597656,-205.44068152204957
-0.0059,-3.493711759413552,-36.324,-50.84266662597656,0.0
-0.0059,-3.576933194960427,-36.126000000000005,-52.032623291015625,-236.14936793806265
-0.0059,-3.576933194960427,-36.126000000000005,-52.032623291015625,0.0
-0.0011799999999999,-3.712126066054177,-36.222,-53.22601318359375,-237.1601535330172
-0.0011799999999999,-3.712126066054177,-36.222,-53.22601318359375,0.0
-0.00531,-3.691313077772927,-36.408,-54.35005187988281,-227.9534975236789
-0.00531,-3.691313077772927,-36.408,-54.35005187988281,0.0
-0.00354,-3.816129972304177,-36.054,-55.58601379394531,-248.23496968488655
-0.00354,-3.816129972304177,-36.054,-55.58601379394531,0.0
-0.00177,-3.899320890272927,-36.474,-56.75331115722656,-236.48649985435176
-0.00177,-3.899320890272927,-36.474,-56.75331115722656,0.0
-0.0023599999999999,-3.836912443007302,-36.594,-57.91030883789063,-235.01882605380192
-0.0023599999999999,-3.836912443007302,-36.594,-57.91030883789063,0.0
-0.00295,-3.972135831679177,-36.24,-59.06318664550781,-214.76859307307487
-0.00295,-3.972135831679177,-36.24,-59.06318664550781,0.0
-0.0,-4.096922208632302,-36.444,-60.27374267578125,-240.66720283810344
-0.0,-4.096922208632302,-36.444,-60.27374267578125,0.0
-0.0011799999999999,-4.003324796522927,-36.294,-61.45408630371095,-222.11961383644737
-0.0011799999999999,-4.003324796522927,-36.294,-61.45408630371095,0.0
-0.0005899999999999,-4.159330655897927,-36.19800000000001,-62.62550354003906,-236.6021483195671
-0.0005899999999999,-4.159330655897927,-36.19800000000001,-62.62550354003906,0.0
-0.0,-4.263334562147927,-36.468,-63.79829406738281,-199.01417399349677
-0.0,-4.263334562147927,-36.468,-63.79829406738281,0.0
-0.0011799999999999,-4.159330655897927,-36.528,-64.97245788574219,-248.60550886295857
-0.0011799999999999,-4.159330655897927,-36.528,-64.97245788574219,0.0
-0.0,-4.159330655897927,-36.288,-66.14730834960938,-229.68728521400587
-0.0,-4.408933927382302,-36.288,-66.14730834960938,0.0
-0.0,-4.388120939101052,-36.306,-67.33177185058594,-235.1058953903931
-0.0,-4.388120939101052,-36.306,-67.33177185058594,0.0
-0.0,-4.211332609022927,-35.904,-68.44688415527344,-209.2143160764257
-0.0,-4.211332609022927,-35.904,-68.44688415527344,0.0
0.00354,-4.596128751601052,-35.118,-69.61280822753906,-235.06533715047135
0.00354,-4.596128751601052,-35.118,-69.61280822753906,0.0
0.00177,-4.388120939101052,-34.446,-70.71624755859375,-228.45534804452748
0.00177,-4.388120939101052,-34.446,-70.71624755859375,0.0
0.0023599999999999,-4.429716398085427,-33.336,-71.82174682617188,-225.52004642550656
0.0023599999999999,-4.429716398085427,-33.336,-71.82174682617188,0.0
0.00767,-4.689726163710427,-32.4,-72.85789489746094,-219.3370176312341
0.00767,-4.689726163710427,-32.4,-72.85789489746094,0.0
0.00177,-4.523313810194802,-31.386,-73.90365600585938,-210.16099445309584
0.00177,-4.523313810194802,-31.386,-73.90365600585938,0.0
0.00413,-4.679319669569802,-30.42,-74.87319946289062,-199.1666920770085
0.00413,-4.679319669569802,-30.42,-74.87319946289062,0.0
0.0047199999999999,-4.564909269179177,-29.604,-75.83106994628906,-191.00109339948088
0.0047199999999999,-4.564909269179177,-29.604,-75.83106994628906,0.0
0.00531,-4.772917081679177,-28.47,-76.78550720214844,-190.92563629921207
0.00531,-4.772917081679177,-28.47,-76.78550720214844,0.0
0.0059,-4.627317716444802,-27.6,-77.70904541015625,-189.36604634127107
0.0059,-4.627317716444802,-27.6,-77.70904541015625,0.0
0.00826,-4.856107999647927,-26.31,-78.56185913085938,-170.12043101979447
0.00826,-4.856107999647927,-26.31,-78.56185913085938,0.0
0.00708,-4.689726163710427,-25.578000000000003,-79.39682006835938,-156.4769373126
0.00708,-4.689726163710427,-25.578000000000003,-79.39682006835938,0.0
0.00708,-4.845732023085427,-24.45,-80.22628784179688,-165.23262419067777
0.00708,-4.845732023085427,-24.45,-80.22628784179688,0.0
0.00885,-4.710508634413552,-23.622,-80.99189758300781,-143.1581415877406
0.00885,-4.710508634413552,-23.622,-80.99189758300781,0.0
0.0118,-4.731321622694802,-22.698,-81.749267578125,-151.38316912190112
0.0118,-4.731321622694802,-22.698,-81.749267578125,0.0
0.0118,-4.741728116835427,-21.378,-82.4468994140625,-143.1626997617565
0.0118,-4.741728116835427,-21.378,-82.4468994140625,0.0
0.01475,-4.731321622694802,-20.67,-83.13011169433594,-141.07212064263643
0.01475,-4.731321622694802,-20.67,-83.13011169433594,0.0
0.0094399999999999,-4.908109952772927,-19.152,-83.80096435546875,-131.901820906815
0.0094399999999999,-4.908109952772927,-19.152,-83.80096435546875,0.0
0.00826,-4.731321622694802,-18.258,-84.39285278320312,-121.23892415710525
0.00826,-4.731321622694802,-18.258,-84.39285278320312,0.0
0.0123899999999999,-4.887327482069802,-17.91,-84.95521545410156,-112.81096708081937
0.0123899999999999,-4.887327482069802,-17.91,-84.95521545410156,0.0
0.0118,-4.876920987929177,-16.535999999999998,-85.53062438964844,-104.25963680851152
0.0118,-4.876920987929177,-16.535999999999998,-85.53062438964844,0.0
0.0100299999999999,-4.856107999647927,-15.432000000000002,-86.03599548339844,-96.90720877290758
0.0100299999999999,-4.856107999647927,-15.432000000000002,-86.03599548339844,0.0
0.01652,-4.887327482069802,-14.94,-86.53724670410156,-83.89141769080828
0.01652,-4.887327482069802,-14.94,-86.53724670410156,0.0
0.01534,-4.856107999647927,-13.758,-86.99729919433594,-94.91489379710345
0.01534,-4.856107999647927,-13.758,-86.99729919433594,0.0
0.01475,-4.887327482069802,-12.324000000000002,-87.41409301757812,-82.61522759987773
0.01475,-4.887327482069802,-12.324000000000002,-87.41409301757812,0.0
0.01416,-4.824919034804177,-11.388,-87.78419494628906,-72.03229441626533
0.01416,-4.824919034804177,-11.388,-87.78419494628906,0.0
0.01652,-4.804136564101052,-11.094,-88.15361022949219,-73.50085220912486
0.01652,-4.804136564101052,-11.094,-88.15361022949219,0.0
0.02183,-4.856107999647927,-9.9,-88.50517272949219,-71.02272727281634
0.02183,-4.856107999647927,-9.9,-88.50517272949219,0.0
0.0194699999999999,-4.897733976210427,-8.28,-88.80386352539062,-61.994768762645165
0.0194699999999999,-4.897733976210427,-8.28,-88.80386352539062,0.0
0.01416,-4.897733976210427,-6.816000000000001,-89.0496826171875,-42.31693782009041
0.01416,-4.897733976210427,-6.816000000000001,-89.0496826171875,0.0
0.0129799999999999,-4.835325528944802,-6.132,-89.25361633300781,-41.85831605514304
0.0129799999999999,-4.835325528944802,-6.132,-89.25361633300781,0.0
0.0094399999999999,-4.887327482069802,-5.256,-89.42939758300781,-35.07907603275529
0.0094399999999999,-4.887327482069802,-5.256,-89.42939758300781,0.0
0.01475,-4.876920987929177,-4.859999999999999,-89.58938598632812,-32.61741148226653
0.01475,-4.876920987929177,-4.859999999999999,-89.58938598632812,0.0
0.0200599999999999,-4.824919034804177,-4.146000000000001,-89.73564147949219,-28.476536831047056
0.0200599999999999,-4.824919034804177,-4.146000000000001,-89.73564147949219,0.0
0.0253699999999999,-4.824919034804177,-3.552,-89.85031127929688,-23.40677685333332
0.0253699999999999,-4.824919034804177,-3.552,-89.85031127929688,0.0
0.0236,-4.866514493788552,-2.142,-89.94781494140625,-19.878422448419947
0.0236,-4.866514493788552,-2.142,-89.94781494140625,0.0
0.02242,-4.866514493788552,-0.6900000000000001,-89.989013671875,-8.343201796003965
0.02242,-4.866514493788552,-0.6900000000000001,-89.989013671875,0.0
0.02242,-4.824919034804177,-0.228,-90.0,-2.2348104404012576
0.02242,-4.824919034804177,-0.228,-90.0,0.0
0.02124,-4.835325528944802,-0.0059999999999999,-90.00617980957031,-1.1600919035703698
0.02124,-4.835325528944802,-0.0059999999999999,-90.00617980957031,0.0
0.02242,-4.835325528944802,0.0059999999999999,-90.00411987304688,0.4249920617780751
0.02242,-4.856107999647927,0.0059999999999999,-90.00411987304688,0.0
0.02183,-4.856107999647927,0.0059999999999999,-90.00617980957031,-0.4120697186302215
0.02183,-4.856107999647927,0.0059999999999999,-90.00617980957031,0.0
0.02242,-4.856107999647927,-0.0059999999999999,-90.00343322753906,0.5518549389696269
0.02242,-4.856107999647927,-0.0059999999999999,-90.00343322753906,0.0
0.02242,-4.845732023085427,0.018,-90.00205993652344,0.2703328770919386
0.02242,-4.845732023085427,0.018,-90.00205993652344,0.0
0.02242,-4.845732023085427,-0.0119999999999999,-90.00411987304688,-0.405259988872296
0.02242,-4.856107999647927,-0.0119999999999999,-90.00411987304688,0.0
0.02183,-4.824919034804177,-0.0,-90.00480651855469,-0.1375491802508617
0.02183,-4.824919034804177,-0.0,-90.00480651855469,0.0
0.02242,-4.856107999647927,0.0059999999999999,-90.00343322753906,0.2770407536065521
0.02242,-4.856107999647927,0.0059999999999999,-90.00343322753906,0.0
0.02183,-4.856107999647927,-0.0059999999999999,-90.00480651855469,-0.2674894849289994
0.02183,-4.856107999647927,-0.0059999999999999,-90.00480651855469,0.0
0.0236,-4.710508634413552,-0.0059999999999999,-90.00274658203125,0.4016253701382067
0.0236,-4.710508634413552,-0.0059999999999999,-90.00274658203125,0.0
0.02183,-4.731321622694802,0.0119999999999999,-90.00617980957031,-0.6820078544013315
0.02183,-4.731321622694802,0.0119999999999999,-90.00617980957031,0.0
0.02242,-4.731321622694802,-0.0059999999999999,-90.00343322753906,0.5645595131027066
0.02242,-4.731321622694802,-0.0059999999999999,-90.00343322753906,0.0
0.02242,-4.752134610976052,0.0059999999999999,-90.00617980957031,-0.55643882318671
0.02242,-4.752134610976052,0.0059999999999999,-90.00617980957031,0.0
0.02242,-4.772917081679177,0.0119999999999999,-90.00205993652344,0.8394199362010393
0.02242,-4.772917081679177,0.0119999999999999,-90.00205993652344,0.0
0.02242,-4.762510587538552,-0.0239999999999999,-90.0054931640625,-0.7168986299980784
0.02242,-4.762510587538552,-0.0239999999999999,-90.0054931640625,0.0
0.0236,-4.741728116835427,0.0059999999999999,-90.00343322753906,0.4024885743335534
0.0236,-4.741728116835427,0.0059999999999999,-90.00343322753906,0.0
0.0236,-4.689726163710427,-0.018,-90.00137329101562,0.3991351527682752
0.0236,-4.689726163710427,-0.018,-90.00137329101562,0.0
0.0247799999999999,-4.658537198866677,0.03,-90.00411987304688,-0.5448486473411893
0.0247799999999999,-4.658537198866677,0.03,-90.00411987304688,0.0
0.0247799999999999,-4.752134610976052,-0.0059999999999999,-90.00411987304688,0.0
0.0247799999999999,-4.752134610976052,-0.0,-90.00480651855469,-0.1269450005199615
0.0247799999999999,-4.814512540663552,-0.0,-90.00480651855469,0.0
0.0265499999999999,-4.793730069960427,-0.0,-90.00686645507812,-0.3910281935150214
0.0265499999999999,-4.793730069960427,-0.0,-90.00686645507812,0.0
0.0336299999999999,-4.793730069960427,0.0239999999999999,-90.0054931640625,0.2761494099382924
0.0336299999999999,-4.793730069960427,0.0239999999999999,-90.0054931640625,0.0
0.04661,-4.804136564101052,0.162,-90.00686645507812,-0.2630321807368669
0.04661,-4.804136564101052,0.162,-90.00686645507812,0.0
0.06254,-4.845732023085427,0.54,-89.99519348144531,2.296925154035588
0.06254,-4.845732023085427,0.54,-89.99519348144531,0.0
0.07906,-4.845732023085427,1.998,-89.95948791503906,7.030038670266886
0.07906,-4.897733976210427,1.998,-89.95948791503906,0.0
0.0802399999999999,-4.856107999647927,3.486,-89.86679077148438,18.43985350203265
0.0802399999999999,-4.856107999647927,3.486,-89.86679077148438,0.0
0.08732,-4.856107999647927,6.084,-89.71504211425781,27.30765830957039
0.08732,-4.928922941054177,6.084,-89.71504211425781,0.0
0.07847,-4.856107999647927,7.919999999999999,-89.50218200683594,42.64878930509035
0.07847,-4.856107999647927,7.919999999999999,-89.50218200683594,0.0
0.08555,-4.856107999647927,9.312,-89.21859741210938,58.11159728003335
0.08555,-4.856107999647927,9.312,-89.21859741210938,0.0
0.07906,-4.856107999647927,9.924,-88.90205383300781,59.62395537798971
0.07906,-4.856107999647927,9.924,-88.90205383300781,0.0
0.07139,-4.856107999647927,10.146,-88.58688354492188,59.087043135825176
0.07139,-4.887327482069802,10.146,-88.58688354492188,0.0
0.07257,-4.908109952772927,10.47,-88.23875427246094,69.69555004231533
0.07257,-4.908109952772927,10.47,-88.23875427246094,0.0
0.07906,-4.866514493788552,11.112,-87.88856506347656,66.66461240884875
0.07906,-4.866514493788552,11.112,-87.88856506347656,0.0
0.0796499999999999,-4.845732023085427,12.408,-87.50816345214844,76.84881036919393
0.0796499999999999,-4.845732023085427,12.408,-87.50816345214844,0.0
0.08614,-4.856107999647927,13.614,-87.11128234863281,88.58953203471938
0.08614,-4.856107999647927,13.614,-87.11128234863281,0.0
0.08142,-4.856107999647927,14.736,-86.66152954101562,91.84251738150182
0.08142,-4.856107999647927,14.736,-86.66152954101562,0.0
0.08968,-4.731321622694802,15.528,-86.16371154785156,97.64966519491747
0.08968,-4.731321622694802,15.528,-86.16371154785156,0.0
0.08968,-4.856107999647927,16.590000000000003,-85.64804077148438,104.96046740626572
0.08968,-4.856107999647927,16.590000000000003,-85.64804077148438,0.0
0.08732,-4.897733976210427,17.736,-85.09597778320312,109.0602505495396
0.08732,-4.897733976210427,17.736,-85.09597778320312,0.0
0.0820099999999999,-4.856107999647927,18.342,-84.52743530273438,115.7220599366019
0.0820099999999999,-4.856107999647927,18.342,-84.52743530273438,0.0
0.0820099999999999,-4.856107999647927,19.056,-83.94584655761719,108.1019972336301
0.0820099999999999,-4.856107999647927,19.056,-83.94584655761719,0.0
0.08614,-4.856107999647927,20.502,-83.30589294433594,127.76075330028009
0.08614,-4.856107999647927,20.502,-83.30589294433594,0.0
0.0926299999999999,-4.741728116835427,21.24,-82.62130737304688,132.56885578813387
0.0926299999999999,-4.741728116835427,21.24,-82.62130737304688,0.0
0.0902699999999999,-4.856107999647927,22.17,-81.93603515625,137.71547765212716
0.0902699999999999,-4.856107999647927,22.17,-81.93603515625,0.0
0.0938099999999999,-4.772917081679177,23.268,-81.19583129882812,152.4935841414711
0.0938099999999999,-4.772917081679177,23.268,-81.19583129882812,0.0
0.08968,-4.689726163710427,23.946,-80.46180725097656,147.95888890350378
0.08968,-4.689726163710427,23.946,-80.46180725097656,0.0
0.0825999999999999,-4.824919034804177,25.224,-79.68452453613281,146.10577346693762
0.0825999999999999,-4.824919034804177,25.224,-79.68452453613281,0.0
0.09086,-4.731321622694802,26.088,-78.85780334472656,164.58713744917384
0.09086,-4.731321622694802,26.088,-78.85780334472656,0.0
0.09617,-4.856107999647927,27.3,-78.02490234375,167.7544815663253
0.09617,-4.856107999647927,27.3,-78.02490234375,0.0
0.0914499999999999,-4.720915128554177,27.99,-77.11647033691406,181.57745489417516
0.0914499999999999,-4.720915128554177,27.99,-77.11647033691406,0.0
0.0938099999999999,-4.752134610976052,28.95,-76.21490478515625,180.49360395522615
0.0938099999999999,-4.752134610976052,28.95,-76.21490478515625,0.0
0.08555,-4.689726163710427,29.766,-75.25428771972656,197.49528483349715
0.08555,-4.689726163710427,29.766,-75.25428771972656,0.0
0.09322,-4.668913175429177,31.206,-74.28680419921875,182.2002863476927
0.09322,-4.668913175429177,31.206,-74.28680419921875,0.0
0.08496,-4.564909269179177,31.925999999999995,-73.30078125,202.8853804979504
0.08496,-4.564909269179177,31.925999999999995,-73.30078125,0.0
0.0890899999999999,-4.668913175429177,33.09,-72.27493286132812,203.62214939898396
0.0890899999999999,-4.668913175429177,33.09,-72.27493286132812,0.0
0.08791,-4.512937833632302,34.062,-71.1968994140625,218.890040053931
0.08791,-4.512937833632302,34.062,-71.1968994140625,0.0
0.08319,-4.356931974257302,34.806000000000004,-70.081787109375,224.27842009022544
0.08319,-4.356931974257302,34.806000000000004,-70.081787109375,0.0
0.0926299999999999,-4.689726163710427,35.67,-68.95088195800781,227.22627112074383
0.0926299999999999,-4.689726163710427,35.67,-68.95088195800781,0.0
0.08319,-4.336118985976052,36.228,-67.79594421386719,236.18358775866596
0.08319,-4.336118985976052,36.228,-67.79594421386719,0.0
0.0867299999999999,-4.242521573866677,36.55200000000001,-66.61766052246094,242.0965053233257
0.0867299999999999,-4.242521573866677,36.55200000000001,-66.61766052246094,0.0
0.0796499999999999,-4.492124845351052,36.438,-65.45242309570312,231.4274929016053
0.0796499999999999,-4.492124845351052,36.438,-65.45242309570312,0.0
0.08378,-4.159330655897927,36.234,-64.31465148925781,234.39876523415364
0.08378,-4.159330655897927,36.234,-64.31465148925781,0.0
0.08083,-4.200926114882302,36.36,-63.10684204101563,226.5209017710353
0.08083,-4.200926114882302,36.36,-63.10684204101563,0.0
0.0843699999999999,-4.346525480116677,36.174,-61.98211669921875,225.57668307251333
0.0843699999999999,-4.346525480116677,36.174,-61.98211669921875,0.0
0.0778799999999999,-4.096922208632302,36.282,-60.81756591796875,229.7397477310367
0.0778799999999999,-4.096922208632302,36.282,-60.81756591796875,0.0
0.0778799999999999,-3.961729337538552,36.402,-59.61936950683594,224.8867138009599
0.0778799999999999,-3.961729337538552,36.402,-59.61936950683594,0.0
0.07906,-3.982511808241677,36.186,-58.50700378417968,217.0469702741076
0.07906,-3.982511808241677,36.186,-58.50700378417968,0.0
0.08142,-3.930509855116677,36.258,-57.33558654785156,219.9844575264428
0.08142,-3.930509855116677,36.258,-57.33558654785156,0.0
0.0778799999999999,-4.024137784804177,36.342,-56.15386962890625,253.261234236014
0.0778799999999999,-4.024137784804177,36.342,-56.15386962890625,0.0
0.07906,-3.899320890272927,36.36,-55.00991821289063,231.662903203042
0.07906,-3.899320890272927,36.36,-55.00991821289063,0.0
0.07316,-3.899320890272927,36.396,-53.85498046875,223.95535081274207
0.07316,-3.753721525038552,36.396,-53.85498046875,0.0
0.07375,-3.753721525038552,36.468,-52.67463684082031,244.2258696313828
0.07375,-3.753721525038552,36.468,-52.67463684082031,0.0
0.07847,-3.576933194960427,36.228,-51.45652770996094,187.8348698318856
0.07847,-3.576933194960427,36.228,-51.45652770996094,0.0
0.07021,-3.514524747694802,36.288,-50.31944274902344,227.82708093299877
0.07021,-3.514524747694802,36.288,-50.31944274902344,0.0
0.07611,-3.639311124647927,36.330000000000005,-49.13497924804688,259.9217689214687
0.07611,-3.639311124647927,36.330000000000005,-49.13497924804688,0.0
0.07493,-3.327329923476052,36.186,-47.945709228515625,242.31255491670143
0.07493,-3.327329923476052,36.186,-47.945709228515625,0.0
0.07316,-3.212919523085427,36.48,-46.786651611328125,244.32074561276087
0.07316,-3.212919523085427,36.48,-46.786651611328125,0.0
0.0767,-3.337736417616677,36.414,-45.60081481933594,233.98516021906
0.0767,-3.337736417616677,36.414,-45.60081481933594,0.0
0.0696199999999999,-3.264921476210427,36.324,-44.439697265625,233.5782646767602
0.0696199999999999,-3.264921476210427,36.324,-44.439697265625,0.0
0.07257,-3.067320157851052,36.408,-43.24424743652344,237.38082388812632
0.07257,-3.067320157851052,36.408,-43.24424743652344,0.0
0.06844,-3.171324064101052,36.36,-42.11677551269531,236.46642697744707
0.06844,-3.171324064101052,36.36,-42.11677551269531,0.0
0.0719799999999999,-2.942533780897927,36.168,-40.922698974609375,235.2396647134248
0.0719799999999999,-2.942533780897927,36.168,-40.922698974609375,0.0
0.06844,-2.859312345351052,36.162,-39.72450256347656,241.57185708337605
0.06844,-2.859312345351052,36.162,-39.72450256347656,0.0
0.06608,-2.984129239882302,36.342,-38.55857849121094,234.78132748017663
0.06608,-2.984129239882302,36.342,-38.55857849121094,0.0
0.0696199999999999,-2.765714933241677,36.072,-37.37892150878906,234.7576084426698
0.0696199999999999,-2.765714933241677,36.072,-37.37892150878906,0.0
0.0631299999999999,-2.640928556288552,36.330000000000005,-36.20475769042969,233.0614962993845
0.0631299999999999,-2.640928556288552,36.330000000000005,-36.20475769042969,0.0
0.0696199999999999,-2.640928556288552,36.354,-35.042266845703125,233.57260291889455
0.0696199999999999,-2.640928556288552,36.354,-35.042266845703125,0.0
0.06431,-2.422514249647927,35.982,-33.831024169921875,240.4690640826491
0.06431,-2.422514249647927,35.982,-33.831024169921875,0.0
0.06785,-2.422514249647927,36.228,-32.71797180175781,221.8561626792869
0.06785,-2.422514249647927,36.228,-32.71797180175781,0.0
0.06136,-2.297727872694802,36.336,-31.535568237304688,239.7898123004124
0.06136,-2.297727872694802,36.336,-31.535568237304688,0.0
0.06195,-2.297727872694802,36.19199999999999,-30.34492492675781,234.7482867798209
0.06195,-2.297727872694802,36.19199999999999,-30.34492492675781,0.0
0.06136,-2.308134366835427,36.276,-29.173507690429688,233.6758899521668
0.06136,-2.308134366835427,36.276,-29.173507690429688,0.0
0.06254,-2.193723966444802,36.174,-28.0316162109375,229.06549237599197
0.06254,-2.193723966444802,36.174,-28.0316162109375,0.0
0.06372,-2.068937589491677,36.036,-26.821060180664062,248.72735366260096
0.06372,-2.068937589491677,36.036,-26.821060180664062,0.0
0.05959,-2.068937589491677,36.174,-25.697021484375,227.49214658743944
0.05959,-2.068937589491677,36.174,-25.697021484375,0.0
0.06254,-2.068937589491677,36.246,-24.521484375,234.68498889493503
0.06254,-1.944120694960427,36.246,-24.521484375,0.0
0.05133,-1.808927823866677,36.36,-23.308868408203125,250.7995794822946
0.05133,-1.808927823866677,36.36,-23.308868408203125,0.0
0.06136,-1.808927823866677,36.17999999999999,-22.15805053710937,218.5788928955364
0.06136,-1.788114835585427,36.17999999999999,-22.15805053710937,0.0
0.0519199999999999,-1.569731046522927,36.222,-20.99349975585937,219.1476818304888
0.0519199999999999,-1.569731046522927,36.222,-20.99349975585937,0.0
0.05782,-1.548918058241677,36.186,-19.830322265625,220.59121756816785
0.05782,-1.548918058241677,36.186,-19.830322265625,0.0
0.05015,-1.496916105116677,36.162,-18.6822509765625,225.64294203269532
0.05015,-1.496916105116677,36.162,-18.6822509765625,0.0
0.0530999999999999,-1.351316739882302,36.102,-17.500534057617188,236.29612456448385
0.0530999999999999,-1.351316739882302,36.102,-17.500534057617188,0.0
0.04897,-1.205717374647927,36.042,-16.341476440429688,234.3898113621832
0.04897,-1.205717374647927,36.042,-16.341476440429688,0.0
0.05782,-1.216123868788552,36.084,-15.167312622070312,237.4926817065638
0.05782,-1.216123868788552,36.084,-15.167312622070312,0.0
0.04543,-1.028929044569802,36.234,-14.030914306640623,229.29748091768948
0.04543,-1.028929044569802,36.234,-14.030914306640623,0.0
0.0507399999999999,-0.976927091444802,36.408,-12.844390869140623,238.30557089749112
0.0507399999999999,-0.976927091444802,36.408,-12.844390869140623,0.0
0.04543,-0.904112150038552,36.024,-11.646194458007812,245.18035832416132
0.04543,-0.904112150038552,36.024,-11.646194458007812,0.0
0.04484,-0.904112150038552,36.024,-10.461044311523438,202.9366689188328
0.04484,-0.675321866835427,36.024,-10.461044311523438,0.0
0.0472,-0.675321866835427,36.078,-9.274520874023438,227.8270809333501
0.0472,-0.675321866835427,36.078,-9.274520874023438,0.0
0.04366,-0.540128995741677,36.108,-8.105850219726562,233.4073605543095
0.04366,-0.540128995741677,36.108,-8.105850219726562,0.0
0.04307,-0.456938077772927,36.312,-6.893234252929688,245.7175211339569
0.04307,-0.456938077772927,36.312,-6.893234252929688,0.0
0.03953,-0.508909513319802,36.012,-5.6888580322265625,243.65288705316505
0.03953,-0.508909513319802,36.012,-5.6888580322265625,0.0
0.0401199999999999,-0.290525724257302,35.856,-4.520187377929688,238.2610916000755
0.0401199999999999,-0.290525724257302,35.856,-4.520187377929688,0.0
0.04189,-0.155332853163552,36.09,-3.3556365966796875,232.4452657186268
0.04189,-0.155332853163552,36.09,-3.3556365966796875,0.0
0.0377599999999999,-0.155332853163552,36.234,-2.187652587890625,218.15166395026577
0.0377599999999999,-0.155332853163552,36.234,-2.187652587890625,0.0
0.0412999999999999,0.0214859944926979,36.19800000000001,-1.006622314453125,238.2069934322347
0.0412999999999999,0.0214859944926979,36.19800000000001,-1.006622314453125,0.0
0.0336299999999999,0.0734879476176979,36.096,0.1922607421875,247.90799351556453
0.0336299999999999,0.0734879476176979,36.096,0.1922607421875,0.0
0.0412999999999999,0.1462723714458229,36.024,1.333465576171875,232.94648581049591
0.0412999999999999,0.1462723714458229,36.024,1.333465576171875,0.0
0.03422,0.3854691487895729,36.066,2.5028228759765625,231.006973489883
0.03422,0.3854691487895729,36.066,2.5028228759765625,0.0
0.03658,0.3646866780864479,36.342,3.658447265625,225.79609020112343
0.03658,0.3646866780864479,36.342,3.658447265625,0.0
0.03009,0.4998795491801979,36.012,4.86419677734375,229.84169113969364
0.03009,0.4998795491801979,36.012,4.86419677734375,0.0
0.0359899999999999,0.562287996445823,35.658,6.0266876220703125,232.3587536929996
0.0359899999999999,0.562287996445823,35.658,6.0266876220703125,0.0
0.03186,0.676667879258323,35.868,7.140426635742188,224.04727694073827
0.03186,0.676667879258323,35.868,7.140426635742188,0.0
0.0354,0.707887361680198,36.09,8.315277099609375,234.54790654160843
0.0354,0.707887361680198,36.09,8.315277099609375,0.0
0.0324499999999999,0.874269197617698,36.228,9.4757080078125,233.4871042662157
0.0324499999999999,0.874269197617698,36.228,9.4757080078125,0.0
0.03127,0.905488680039573,36.204,10.689697265625,243.6750818572707
0.03127,0.905488680039573,36.204,10.689697265625,0.0
0.0265499999999999,1.040681551133323,35.94,11.84326171875,230.9438344597431
0.0265499999999999,1.040681551133323,35.94,11.84326171875,0.0
0.0277299999999999,1.186280916367698,36.06,12.973480224609377,229.1602809935431
0.0277299999999999,1.186280916367698,36.06,12.973480224609377,0.0
0.03186,1.217469881211448,36.108,14.117431640625,231.5691125535435
0.03186,1.217469881211448,36.108,14.117431640625,0.0
0.02832,1.321473787461448,36.252,15.310134887695312,238.11204772809708
0.02832,1.321473787461448,36.252,15.310134887695312,0.0
0.02124,1.415071199570823,36.108,16.529617309570312,244.2384181604777
0.02124,1.415071199570823,36.108,16.529617309570312,0.0
0.02832,1.373475740586448,35.856,17.67425537109375,234.26894423324973
0.02832,1.373475740586448,35.856,17.67425537109375,0.0
0.02183,1.591890047227073,36.096,18.859405517578125,238.1732609494704
0.02183,1.591890047227073,36.096,18.859405517578125,0.0
0.0241899999999999,1.591890047227073,36.126000000000005,19.984130859375,216.96090698242796
0.0241899999999999,1.591890047227073,36.126000000000005,19.984130859375,0.0
0.0200599999999999,1.706269930039573,36.204,21.18026733398437,233.9860083353086
0.0200599999999999,1.706269930039573,36.204,21.18026733398437,0.0
0.0194699999999999,1.883088777695823,36.012,22.394943237304688,243.17835902269312
0.0194699999999999,1.883088777695823,36.012,22.394943237304688,0.0
0.01829,1.935090730820823,35.838,23.56773376464844,212.23136578774225
0.01829,1.935090730820823,35.838,23.56773376464844,0.0
0.0241899999999999,2.070283601914573,35.898,24.714431762695312,229.47728598082384
0.0241899999999999,2.070283601914573,35.898,24.714431762695312,0.0
0.01652,2.111879060898948,36.276,25.894775390625,224.18682391851183
0.01652,2.111879060898948,36.276,25.894775390625,0.0
0.01652,2.111879060898948,36.204,27.076492309570312,236.06011165533505
0.01652,2.111879060898948,36.204,27.076492309570312,0.0
0.01593,2.288667390977073,35.868,28.245849609375,208.77652201481388
0.01593,2.288667390977073,35.868,28.245849609375,0.0
0.01475,2.288667390977073,36.012,29.39804077148438,217.10781272073777
0.01475,2.288667390977073,36.012,29.39804077148438,0.0
0.01475,2.455079744492698,36.0,30.574264526367184,230.49652261053475
0.01475,2.455079744492698,36.0,30.574264526367184,0.0
0.01829,2.808686922227073,36.204,31.72576904296875,230.34697271494937
0.01829,2.808686922227073,36.204,31.72576904296875,0.0
0.0118,2.871064851914573,36.246,32.938385009765625,226.27653793565983
0.0118,2.871064851914573,36.246,32.938385009765625,0.0
0.01062,2.933473299180198,35.886,34.09538269042969,243.62974956056328
0.01062,2.933473299180198,35.886,34.09538269042969,0.0
0.0135699999999999,3.110292146836448,35.94,35.27984619140625,197.01655039535717
0.0135699999999999,3.110292146836448,35.94,35.27984619140625,0.0
0.0123899999999999,3.151887605820823,36.12,36.4031982421875,222.3138829963223
0.0123899999999999,3.151887605820823,36.12,36.4031982421875,0.0
0.0129799999999999,3.151887605820823,36.114,37.580108642578125,229.77555649953317
0.0129799999999999,3.068666170273948,36.114,37.580108642578125,0.0
0.0064899999999999,3.110292146836448,36.096,38.7762451171875,238.0844893732784
0.0064899999999999,3.110292146836448,36.096,38.7762451171875,0.0
0.0094399999999999,3.151887605820823,35.988,39.955902099609375,229.6839919048772
0.0094399999999999,3.151887605820823,35.988,39.955902099609375,0.0
0.01062,3.411866853867698,35.873999999999995,41.12937927246094,236.8746816415137
0.01062,3.411866853867698,35.873999999999995,41.12937927246094,0.0
0.00767,3.453462312852073,36.102,42.260284423828125,214.2271550230815
0.00767,3.453462312852073,36.102,42.260284423828125,0.0
0.0064899999999999,3.484681795273948,36.39,43.42208862304688,219.16698721337943
0.0064899999999999,3.484681795273948,36.39,43.42208862304688,0.0
0.00295,3.630281160508323,35.94599999999999,44.64019775390625,226.2461238597908
0.00295,3.630281160508323,35.94599999999999,44.64019775390625,0.0
0.0064899999999999,3.661470125352073,35.856,45.78826904296875,231.46598569822623
0.0064899999999999,3.661470125352073,35.856,45.78826904296875,0.0
0.00767,3.567872713242698,35.982,46.95899963378906,220.5180996084001
0.00767,3.567872713242698,35.982,46.95899963378906,0.0
0.0059,3.848664949570823,36.084,48.08647155761719,227.77210582349537
0.0059,3.848664949570823,36.084,48.08647155761719,0.0
0.00413,3.848664949570823,36.318000000000005,49.316253662109375,238.46850969418463
0.00413,3.848664949570823,36.318000000000005,49.316253662109375,0.0
0.00295,3.703065584336448,35.976,50.46432495117188,232.2620451270776
0.00295,3.703065584336448,35.976,50.46432495117188,0.0
0.0023599999999999,3.994264314805198,35.838,51.646728515625,238.0039380941793
0.0023599999999999,3.994264314805198,35.838,51.646728515625,0.0
0.00177,3.963075349961448,35.886,52.82432556152344,238.76663542158312
0.00177,3.963075349961448,35.886,52.82432556152344,0.0
0.00531,3.807069490586448,36.168,53.96003723144531,186.39613817876537
0.00531,3.807069490586448,36.168,53.96003723144531,0.0
-0.0,4.025483797227073,36.234,55.18157958984375,243.72353519484025
-0.0,4.025483797227073,36.234,55.18157958984375,0.0
-0.0,4.046266267930198,35.898,56.380462646484375,241.6128691332415
-0.0,4.046266267930198,35.898,56.380462646484375,0.0
0.00177,4.035890291367698,35.81399999999999,57.48802185058594,221.9557523253059
0.00177,4.035890291367698,35.81399999999999,57.48802185058594,0.0
-0.0,4.150270174180198,36.132,58.65463256835937,178.3263096567005
-0.0,4.150270174180198,36.132,58.65463256835937,0.0
0.00177,4.046266267930198,36.19199999999999,59.82673645019531,234.843494657386
0.00177,4.046266267930198,36.19199999999999,59.82673645019531,0.0
-0.0,4.327089021836448,36.156,61.00364685058594,217.14214029343844
-0.0,4.327089021836448,36.156,61.00364685058594,0.0
-0.0,4.327089021836448,35.916,62.15103149414063,242.88413284413156
-0.0,4.327089021836448,35.916,62.15103149414063,0.0
0.0005899999999999,4.327089021836448,35.85,63.2977294921875,219.0026734239194
0.0005899999999999,4.202272127305198,35.85,63.2977294921875,0.0
-0.0,4.503877351914573,36.12,64.47532653808594,237.5624462169374
-0.0,4.503877351914573,36.12,64.47532653808594,0.0
-0.0,4.472688387070823,36.516,65.6378173828125,224.0298409570706
-0.0,4.472688387070823,36.516,65.6378173828125,0.0
-0.0,4.327089021836448,36.036,66.83807373046875,226.3780361479004
-0.0,4.327089021836448,36.036,66.83807373046875,0.0
-0.0,4.545472810898948,35.532,67.96897888183594,235.80174131931693
-0.0,4.545472810898948,35.532,67.96897888183594,0.0
-0.0,4.545472810898948,35.34,69.15962219238281,235.4911611051772
-0.0,4.545472810898948,35.34,69.15962219238281,0.0
-0.0,4.399873445664573,34.326,70.23422241210938,206.1780928101531
-0.0,4.399873445664573,34.326,70.23422241210938,0.0
-0.0005899999999999,4.545472810898948,33.702,71.32598876953125,218.0044643412687
-0.0005899999999999,4.545472810898948,33.702,71.32598876953125,0.0
-0.00295,4.545472810898948,32.832,72.43629455566406,195.2014391938021
-0.00295,4.545472810898948,32.832,72.43629455566406,0.0
-0.0047199999999999,4.774263094102073,31.368,73.48823547363281,214.5067124734004
-0.0047199999999999,4.774263094102073,31.368,73.48823547363281,0.0
-0.0047199999999999,4.774263094102073,30.612,74.48043823242188,203.7377328110288
-0.0047199999999999,4.670289705430198,30.612,74.48043823242188,0.0
-0.00531,4.670289705430198,29.436,75.43556213378906,198.3230692211301
-0.00531,4.670289705430198,29.436,75.43556213378906,0.0
-0.00531,4.670289705430198,28.884,76.39274597167969,176.83056306897691
-0.00531,4.722291658555198,28.884,76.39274597167969,0.0
-0.0059,4.670289705430198,27.738,77.30941772460938,183.22441593629915
-0.0059,4.670289705430198,27.738,77.30941772460938,0.0
-0.0094399999999999,4.722291658555198,26.784,78.2061767578125,181.12684976815444
-0.0094399999999999,4.722291658555198,26.784,78.2061767578125,0.0
-0.00767,4.711885164414573,25.47,79.08576965332031,176.2358035478088
-0.00767,4.711885164414573,25.47,79.08576965332031,0.0
-0.00885,4.763887117539573,24.906,79.88296508789062,164.40409044575452
-0.00885,4.763887117539573,24.906,79.88296508789062,0.0
-0.00767,4.867891023789573,23.67,80.68016052246094,142.78979662728028
-0.00767,4.867891023789573,23.67,80.68016052246094,0.0
-0.0100299999999999,4.722291658555198,22.806,81.43684387207031,152.3728049959686
-0.0100299999999999,4.722291658555198,22.806,81.43684387207031,0.0
-0.01121,4.826265047227073,21.798,82.14958190917969,142.09291010958998
-0.01121,4.826265047227073,21.798,82.14958190917969,0.0
-0.0094399999999999,4.670289705430198,20.916,82.84103393554688,142.5674281168082
-0.0094399999999999,4.670289705430198,20.916,82.84103393554688,0.0
-0.0123899999999999,4.722291658555198,20.052,83.50364685058594,135.30996835595306
-0.0123899999999999,4.722291658555198,20.052,83.50364685058594,0.0
-0.01475,4.867891023789573,18.408,84.16282653808594,131.54653512245926
-0.01475,4.867891023789573,18.408,84.16282653808594,0.0
-0.01062,4.711885164414573,17.37,84.70390319824219,109.06604719952756
-0.01062,4.711885164414573,17.37,84.70390319824219,0.0
-0.01062,4.680665681992698,16.926000000000002,85.28205871582031,114.53160015409615
-0.01062,4.680665681992698,16.926000000000002,85.28205871582031,0.0
-0.0118,4.815889070664573,15.773999999999996,85.81695556640625,109.54266856137846
-0.0118,4.815889070664573,15.773999999999996,85.81695556640625,0.0
-0.0129799999999999,4.847078035508323,14.898,86.29692077636719,97.83228902576612
-0.0129799999999999,4.847078035508323,14.898,86.29692077636719,0.0
-0.01475,4.805482576523948,14.316,86.78169250488281,97.24608395489436
-0.01475,4.805482576523948,14.316,86.78169250488281,0.0
-0.0200599999999999,4.847078035508323,13.23,87.21290588378906,88.09262081835158
-0.0200599999999999,4.847078035508323,13.23,87.21290588378906,0.0
-0.01416,4.847078035508323,11.771999999999998,87.60566711425781,73.910656843971
-0.01416,4.847078035508323,11.771999999999998,87.60566711425781,0.0
-0.0100299999999999,4.784669588242698,10.8,87.96821594238281,72.46628585345765
-0.0100299999999999,4.784669588242698,10.8,87.96821594238281,0.0
-0.0118,4.784669588242698,10.146,88.29299926757812,64.72365986364865
-0.0118,4.722291658555198,10.146,88.29299926757812,0.0
-0.0206499999999999,4.743074129258323,9.384,88.62533569335938,67.67184397898122
-0.0206499999999999,4.743074129258323,9.384,88.62533569335938,0.0
-0.0177,4.722291658555198,8.022,88.91716003417969,55.58558872763885
-0.0177,4.722291658555198,8.022,88.91716003417969,0.0
-0.0200599999999999,4.805482576523948,6.888,89.16229248046875,50.119085317732605
-0.0200599999999999,4.805482576523948,6.888,89.16229248046875,0.0
-0.01652,4.722291658555198,5.604,89.35523986816406,38.8850035662287
-0.01652,4.722291658555198,5.604,89.35523986816406,0.0
-0.01652,4.867891023789573,4.884,89.5220947265625,33.97573984904963
-0.01652,4.867891023789573,4.884,89.5220947265625,0.0
-0.01593,4.878267000352073,4.068,89.66148376464844,27.83883325060213
-0.01593,4.878267000352073,4.068,89.66148376464844,0.0
-0.01475,4.847078035508323,3.468,89.77890014648438,18.741641154938304
-0.01475,4.847078035508323,3.468,89.77890014648438,0.0
-0.01593,4.857484529648948,2.232,89.87297058105469,18.851790495081776
-0.01593,4.857484529648948,2.232,89.87297058105469,0.0
-0.01416,4.857484529648948,1.404,89.92721557617188,10.437751610012494
-0.01416,4.847078035508323,1.404,89.92721557617188,0.0
-0.0177,4.847078035508323,0.984,89.96292114257812,7.211788811595736
-0.0177,4.847078035508323,0.984,89.96292114257812,0.0
-0.0177,4.847078035508323,0.468,89.98489379882812,4.47417150274256
-0.0177,4.847078035508323,0.468,89.98489379882812,0.0
-0.0177,4.847078035508323,0.162,89.99244689941406,1.5148617300351837
-0.0177,4.847078035508323,0.162,89.99244689941406,0.0
-0.01829,4.784669588242698,0.0959999999999999,89.99725341796875,0.9433795004272324
-0.01829,4.784669588242698,0.0959999999999999,89.99725341796875,0.0
-0.01829,4.888673494492698,0.042,89.99794006347656,0.1360232780927507
-0.01829,4.888673494492698,0.042,89.99794006347656,0.0
-0.0188799999999999,4.836671541367698,0.0119999999999999,90.00137329101562,0.6903735248457311
-0.0188799999999999,4.836671541367698,0.0119999999999999,90.00137329101562,0.0
-0.01829,4.826265047227073,0.0239999999999999,90.00411987304688,0.5563261153030191
-0.01829,4.826265047227073,0.0239999999999999,90.00411987304688,0.0
-0.0177,4.847078035508323,0.03,90.0,-0.8414773380051311
-0.0177,4.847078035508323,0.03,90.0,0.0
-0.0188799999999999,4.826265047227073,0.018,90.00343322753906,0.6907902493083306
-0.0188799999999999,4.826265047227073,0.018,90.00343322753906,0.0
-0.0188799999999999,4.847078035508323,0.018,90.00343322753906,0.0
-0.0177,4.847078035508323,-0.0,90.00343322753906,0.0
-0.0188799999999999,4.847078035508323,0.0059999999999999,90.00480651855469,0.2349916180058002
-0.0188799999999999,4.847078035508323,0.0059999999999999,90.00480651855469,0.0
-0.0188799999999999,4.815889070664573,0.018,90.0054931640625,0.1393921047123106
-0.0188799999999999,4.815889070664573,0.018,90.0054931640625,0.0
-0.0194699999999999,4.815889070664573,0.0239999999999999,90.00686645507812,0.2574116242969832
-0.0194699999999999,4.847078035508323,0.0239999999999999,90.00686645507812,0.0
-0.0194699999999999,4.847078035508323,0.018,90.00480651855469,-0.4088798180690955
-0.0194699999999999,4.847078035508323,0.018,90.00480651855469,0.0
-0.0206499999999999,4.847078035508323,-0.0119999999999999,90.0054931640625,0.1362662250075376
-0.0206499999999999,4.847078035508323,-0.0119999999999999,90.0054931640625,0.0
-0.0206499999999999,4.836671541367698,-0.0059999999999999,90.00411987304688,-0.2778816300333996
-0.0206499999999999,4.836671541367698,-0.0059999999999999,90.00411987304688,0.0
-0.0206499999999999,4.826265047227073,-0.0059999999999999,90.00480651855469,0.1298252047290379
-0.0206499999999999,4.826265047227073,-0.0059999999999999,90.00480651855469,0.0
-0.0206499999999999,4.826265047227073,0.0059999999999999,90.0054931640625,0.1498898729125173
-0.0206499999999999,4.826265047227073,0.0059999999999999,90.0054931640625,0.0
-0.0253699999999999,4.847078035508323,0.0059999999999999,90.00480651855469,-0.1266639933246098
-0.0253699999999999,4.847078035508323,0.0059999999999999,90.00480651855469,0.0
-0.0354,4.847078035508323,-0.042,90.0054931640625,0.1228565947061079
-0.0354,4.847078035508323,-0.042,90.0054931640625,0.0
-0.0483799999999999,4.857484529648948,-0.222,90.00343322753906,-0.4189417375312013
-0.0483799999999999,4.857484529648948,-0.222,90.00343322753906,0.0
-0.06667,4.857484529648948,-0.7679999999999999,89.99313354492188,-1.9700999650311144
-0.06667,4.847078035508323,-0.7679999999999999,89.99313354492188,0.0
-0.08378,4.847078035508323,-1.998,89.95674133300781,-7.31943119752583
-0.08378,4.847078035508323,-1.998,89.95674133300781,0.0
-0.0820099999999999,4.847078035508323,-4.584,89.84138488769531,-23.49897032237746
-0.0820099999999999,4.951081941758323,-4.584,89.84138488769531,0.0
-0.0796499999999999,4.847078035508323,-6.834,89.66423034667969,-35.402586134220705
-0.0796499999999999,4.847078035508323,-6.834,89.66423034667969,0.0
-0.0843699999999999,4.888673494492698,-8.31,89.41154479980469,-52.533377728777744
-0.0843699999999999,4.888673494492698,-8.31,89.41154479980469,0.0
-0.07021,4.899079988633323,-9.377999999999998,89.11422729492188,-63.570131469479016
-0.07021,4.899079988633323,-9.377999999999998,89.11422729492188,0.0
-0.08142,4.899079988633323,-9.792,88.80386352539062,-66.31704477152739
-0.08142,4.899079988633323,-9.792,88.80386352539062,0.0
-0.0843699999999999,4.722291658555198,-9.9,88.47976684570312,-64.7545813559983
-0.0843699999999999,4.722291658555198,-9.9,88.47976684570312,0.0
-0.0843699999999999,4.826265047227073,-10.272,88.14056396484375,-70.94810308696543
-0.0843699999999999,4.826265047227073,-10.272,88.14056396484375,0.0
-0.08319,4.899079988633323,-11.616,87.79586791992188,-68.91164432658078
-0.08319,4.899079988633323,-11.616,87.79586791992188,0.0
-0.0914499999999999,4.899079988633323,-13.068,87.40104675292969,-73.03388216660306
-0.0914499999999999,4.899079988633323,-13.068,87.40104675292969,0.0
-0.07729,4.857484529648948,-14.208,86.96090698242188,-86.96695722347503
-0.07729,4.857484529648948,-14.208,86.96090698242188,0.0
-0.09204,4.847078035508323,-14.658,86.48574829101562,-97.82966675028425
-0.09204,4.847078035508323,-14.658,86.48574829101562,0.0
-0.0890899999999999,4.899079988633323,-15.678,85.99411010742188,-99.56220809926717
-0.0890899999999999,4.899079988633323,-15.678,85.99411010742188,0.0
-0.08083,4.899079988633323,-16.854,85.47981262207031,-99.96063855231836
-0.08083,4.899079988633323,-16.854,85.47981262207031,0.0
-0.0843699999999999,4.951081941758323,-17.706,84.91813659667969,-112.04389096150716
-0.0843699999999999,4.951081941758323,-17.706,84.91813659667969,0.0
-0.09204,4.847078035508323,-18.45,84.33311462402344,-106.42568176381184
-0.09204,4.847078035508323,-18.45,84.33311462402344,0.0
-0.0796499999999999,5.023866365586448,-19.584,83.71925354003906,-127.9410345942772
-0.0796499999999999,5.023866365586448,-19.584,83.71925354003906,0.0
-0.08732,5.034272859727073,-20.49,83.04771423339844,-139.00627336808265
-0.08732,5.034272859727073,-20.49,83.04771423339844,0.0
-0.09204,4.899079988633323,-21.204,82.37754821777344,-132.9694475448028
-0.09204,4.899079988633323,-21.204,82.37754821777344,0.0
-0.0938099999999999,4.899079988633323,-22.398,81.67373657226562,-135.76613532172686
-0.0938099999999999,4.951081941758323,-22.398,81.67373657226562,0.0
-0.09322,4.878267000352073,-23.232,80.95344543457031,-142.18143262838632
-0.09322,4.878267000352073,-23.232,80.95344543457031,0.0
-0.08732,5.034272859727073,-24.486,80.17616271972656,-162.13656963769455
-0.08732,5.034272859727073,-24.486,80.17616271972656,0.0
-0.0902699999999999,5.003083894883323,-25.344,79.34600830078125,-165.2377426242706
-0.0902699999999999,5.003083894883323,-25.344,79.34600830078125,0.0
-0.08319,5.127870271836448,-26.346,78.52752685546875,-176.05537649223484
-0.08319,5.127870271836448,-26.346,78.52752685546875,0.0
-0.0820099999999999,4.930268953477073,-27.516,77.62527465820312,-184.50965179244176
-0.0820099999999999,4.930268953477073,-27.516,77.62527465820312,0.0
-0.08555,5.003083894883323,-28.05,76.75529479980469,-174.76493740397262
-0.08555,5.003083894883323,-28.05,76.75529479980469,0.0
-0.08732,4.951081941758323,-29.136,75.794677734375,-193.3220095455664
-0.08732,4.951081941758323,-29.136,75.794677734375,0.0
-0.0967599999999999,5.003083894883323,-30.276,74.87937927246094,-186.1876448159298
-0.0967599999999999,5.003083894883323,-30.276,74.87937927246094,0.0
-0.08378,4.847078035508323,-31.344000000000005,73.85147094726562,-209.22213010276937
-0.08378,4.847078035508323,-31.344000000000005,73.85147094726562,0.0
-0.09204,4.847078035508323,-32.25,72.8448486328125,-151.09911654974604
-0.09204,4.847078035508323,-32.25,72.8448486328125,0.0
-0.09204,4.670289705430198,-33.06,71.76544189453125,-203.08687455918533
-0.09204,4.670289705430198,-33.06,71.76544189453125,0.0
-0.09322,4.774263094102073,-34.001999999999995,70.69633483886719,-200.16982880804863
-0.09322,4.774263094102073,-34.001999999999995,70.69633483886719,0.0
-0.08968,4.743074129258323,-34.842,69.6038818359375,-217.3170883091404
-0.08968,4.743074129258323,-34.842,69.6038818359375,0.0
-0.08791,4.639070223008323,-35.64,68.45443725585938,-211.4893431604295
-0.08791,4.639070223008323,-35.64,68.45443725585938,0.0
-0.08968,4.670289705430198,-36.336,67.28370666503906,-234.4743822993325
-0.08968,4.670289705430198,-36.336,67.28370666503906,0.0
-0.0820099999999999,4.410279939805198,-36.21,66.10267639160156,-244.1658617818383
-0.0820099999999999,4.410279939805198,-36.21,66.10267639160156,0.0
-0.08378,4.545472810898948,-36.006,64.93812561035156,-235.69131375216693
-0.08378,4.545472810898948,-36.006,64.93812561035156,0.0
-0.08496,4.670289705430198,-35.988,63.776321411132805,-205.81119561000943
-0.08496,4.670289705430198,-35.988,63.776321411132805,0.0
-0.08319,4.410279939805198,-36.018,62.61177062988281,-229.96658397556268
-0.08319,4.410279939805198,-36.018,62.61177062988281,0.0
-0.08496,4.503877351914573,-36.132,61.42730712890625,-215.23959676096652
-0.08496,4.503877351914573,-36.132,61.42730712890625,0.0
-0.07906,4.535066316758323,-36.024,60.25177001953124,-238.3489678377567
-0.07906,4.535066316758323,-36.024,60.25177001953124,0.0
-0.08555,4.285463045273948,-35.772000000000006,59.06661987304687,-235.75694181117305
-0.08555,4.285463045273948,-35.772000000000006,59.06661987304687,0.0
-0.0820099999999999,4.358277986680198,-36.018,57.92747497558594,-231.721907539104
-0.0820099999999999,4.358277986680198,-36.018,57.92747497558594,0.0
-0.07847,4.379090974961448,-36.102,56.79862976074219,-227.26901849108643
-0.07847,4.379090974961448,-36.102,56.79862976074219,0.0
-0.08319,4.150270174180198,-36.126000000000005,55.62446594238281,-234.55130210893492
-0.08319,4.150270174180198,-36.126000000000005,55.62446594238281,0.0
-0.07493,4.150270174180198,-36.018,54.44480895996094,-238.12211998836776
-0.07493,4.150270174180198,-36.018,54.44480895996094,0.0
-0.0820099999999999,4.077485750352073,-35.922,53.282318115234375,-233.57260291889455
-0.0820099999999999,4.077485750352073,-35.922,53.282318115234375,0.0
-0.07493,4.087892244492698,-36.066,52.14729309082031,-228.74345514226349
-0.07493,4.087892244492698,-36.066,52.14729309082031,0.0
-0.0820099999999999,4.077485750352073,-36.066,50.97038269042969,-237.2324935279064
-0.0820099999999999,4.077485750352073,-36.066,50.97038269042969,0.0
-0.07257,3.848664949570823,-36.282,49.79759216308594,-234.55810546829667
-0.07257,3.848664949570823,-36.282,49.79759216308594,0.0
-0.07493,3.921479890977073,-35.94599999999999,48.58428955078125,-240.59143611036075
-0.07493,3.921479890977073,-35.94599999999999,48.58428955078125,0.0
-0.07375,3.973481844102073,-35.838,47.47535705566406,-222.5878151574489
-0.07375,3.973481844102073,-35.838,47.47535705566406,0.0
-0.07611,3.744691560898948,-36.066,46.26411437988281,-243.66177344233168
-0.07611,3.744691560898948,-36.066,46.26411437988281,0.0
-0.07611,3.807069490586448,-36.12,45.08720397949219,-219.53187845344712
-0.07611,3.807069490586448,-36.12,45.08720397949219,0.0
-0.0719799999999999,3.807069490586448,-36.138,43.88351440429688,-240.1136196277761
-0.0719799999999999,3.807069490586448,-36.138,43.88351440429688,0.0
-0.07316,3.807069490586448,-35.952000000000005,42.70660400390625,-219.73681859454948
-0.07316,3.422273348008323,-35.952000000000005,42.70660400390625,0.0
-0.07021,3.630281160508323,-36.048,41.56059265136719,-239.85168533667823
-0.07021,3.630281160508323,-36.048,41.56059265136719,0.0
-0.07611,3.630281160508323,-36.024,40.38368225097656,-242.6619382246368
-0.07611,3.630281160508323,-36.024,40.38368225097656,0.0
-0.06903,3.453462312852073,-36.144,39.21913146972656,-233.04998624226664
-0.06903,3.453462312852073,-36.144,39.21913146972656,0.0
-0.0719799999999999,3.453462312852073,-36.17999999999999,38.00994873046875,-243.54133721211772
-0.0719799999999999,3.453462312852073,-36.17999999999999,38.00994873046875,0.0
-0.0654899999999999,3.328675935898948,-35.736000000000004,36.82891845703125,-244.0649459467897
-0.0654899999999999,3.328675935898948,-35.736000000000004,36.82891845703125,0.0
-0.0708,3.276673982773948,-35.928,35.64857482910156,-232.0313795817277
-0.0708,3.276673982773948,-35.928,35.64857482910156,0.0
-0.06844,3.224672029648948,-36.174,34.470977783203125,-235.28412505477203
-0.06844,3.224672029648948,-36.174,34.470977783203125,0.0
-0.06785,3.099885652695823,-36.3,33.31809997558594,-228.88183593743128
-0.06785,3.099885652695823,-36.3,33.31809997558594,0.0
-0.06018,2.715089510117698,-36.084,32.14874267578125,-235.4726741446388
-0.06018,2.715089510117698,-36.084,32.14874267578125,0.0
-0.06667,2.590272615586448,-35.958,30.973892211914062,-237.199770617219
-0.06667,2.590272615586448,-35.958,30.973892211914062,0.0
-0.06372,2.455079744492698,-36.066,29.827880859375,-229.9842168452824
-0.06372,2.455079744492698,-36.066,29.827880859375,0.0
-0.06785,2.444673250352073,-36.156,28.690109252929688,-247.9885803056277
-0.06785,2.444673250352073,-36.156,28.690109252929688,0.0
-0.06254,2.413484285508323,-36.186,27.476119995117188,-243.8219035578512
-0.06254,2.413484285508323,-36.186,27.476119995117188,0.0
-0.06431,2.236665437852073,-35.976,26.31500244140625,-236.38386679761427
-0.06431,2.236665437852073,-35.976,26.31500244140625,0.0
-0.05959,2.195069978867698,-35.844,25.14564514160156,-233.96504597930644
-0.05959,2.195069978867698,-35.844,25.14564514160156,0.0
-0.06372,2.059877107773948,-35.988,23.99688720703125,-190.79188416700484
-0.06372,2.059877107773948,-35.988,23.99688720703125,0.0
-0.05664,1.883088777695823,-36.102,22.85362243652344,-226.4787580244293
-0.05664,1.883088777695823,-36.102,22.85362243652344,0.0
-0.05959,1.883088777695823,-36.168,21.6925048828125,-211.88276527604813
-0.05959,1.883088777695823,-36.168,21.6925048828125,0.0
-0.0530999999999999,1.758271883164573,-35.988,20.484695434570312,-241.46530352680395
-0.0530999999999999,1.758271883164573,-35.988,20.484695434570312,0.0
-0.05959,1.591890047227073,-35.802,19.331130981445312,-214.6166424418287
-0.05959,1.591890047227073,-35.802,19.331130981445312,0.0
-0.0554599999999999,1.602266023789573,-36.0,18.214645385742188,-224.46433367554687
-0.0554599999999999,1.602266023789573,-36.0,18.214645385742188,0.0
-0.05251,1.435884187852073,-36.19199999999999,17.062454223632812,-230.11606992434957
-0.05251,1.435884187852073,-36.19199999999999,17.062454223632812,0.0
-0.0519199999999999,1.363069246445823,-36.126000000000005,15.849151611328129,-242.2728858434092
-0.0519199999999999,1.363069246445823,-36.126000000000005,15.849151611328129,0.0
-0.0495599999999999,1.363069246445823,-35.85,14.683914184570312,-230.694402446855
-0.0495599999999999,1.363069246445823,-35.85,14.683914184570312,0.0
-0.05015,1.144685457383323,-35.91,13.513870239257812,-233.5417056512616
-0.05015,1.144685457383323,-35.91,13.513870239257812,0.0
-0.04897,1.103089998398948,-36.012,12.38433837890625,-227.26999202244076
-0.04897,1.103089998398948,-36.012,12.38433837890625,0.0
-0.0495599999999999,1.061464021836448,-36.19199999999999,11.18133544921875,-240.26421603543528
-0.0495599999999999,1.061464021836448,-36.19199999999999,11.18133544921875,0.0
-0.05133,0.843080232773948,-36.168,9.962539672851562,-247.1701026906109
-0.05133,0.843080232773948,-36.168,9.962539672851562,0.0
-0.04484,0.863862703477073,-35.904,8.829574584960938,-228.1443994948713
-0.04484,0.863862703477073,-35.904,8.829574584960938,0.0
-0.04897,0.666291902695823,-35.934,7.690429687499999,-230.9701738567969
-0.04897,0.666291902695823,-35.934,7.690429687499999,0.0
-0.04248,0.531068514023948,-36.24,6.494293212890625,-241.2051773763857
-0.04248,0.531068514023948,-36.24,6.494293212890625,0.0
-0.04661,0.510286043320823,-36.282,5.370941162109375,-229.48969372490697
-0.04661,0.510286043320823,-36.282,5.370941162109375,0.0
-0.03953,0.3646866780864479,-36.066,4.156265258789063,-246.18482029162783
-0.03953,0.3646866780864479,-36.066,4.156265258789063,0.0
-0.04307,0.2710892659770729,-35.934,2.99102783203125,-239.76078739904045
-0.04307,0.2710892659770729,-35.934,2.99102783203125,0.0
-0.0412999999999999,0.1462723714458229,-35.94599999999999,1.8244171142578125,-235.2037737447885
-0.0412999999999999,0.1462723714458229,-35.94599999999999,1.8244171142578125,0.0
-0.04661,0.0214859944926979,-36.09,0.668792724609375,-230.9401258290444
-0.04661,0.0214859944926979,-36.09,0.668792724609375,0.0
-0.0371699999999999,-0.030515958632302,-36.330000000000005,-0.5142974853515625,-244.8448282200128
-0.0371699999999999,-0.030515958632302,-36.330000000000005,-0.5142974853515625,0.0
-0.04071,-0.155332853163552,-36.078,-1.669921875,-229.56384379213625
-0.04071,-0.155332853163552,-36.078,-1.669921875,0.0
-0.0377599999999999,-0.290525724257302,-36.066,-2.8282928466796875,-193.2873304992026
-0.0377599999999999,-0.290525724257302,-36.066,-2.8282928466796875,0.0
-0.0389399999999999,-0.363310148085427,-36.132,-3.9797973632812496,-240.49801934081063
-0.0389399999999999,-0.363310148085427,-36.132,-3.9797973632812496,0.0
-0.0354,-0.363310148085427,-36.15,-5.1656341552734375,-244.7547558289845
-0.0354,-0.425718595351052,-36.15,-5.1656341552734375,0.0
-0.0324499999999999,-0.550535489882302,-36.21,-6.313018798828125,-229.1561101564343
-0.0324499999999999,-0.550535489882302,-36.21,-6.313018798828125,0.0
-0.03068,-0.550535489882302,-36.054,-7.544174194335937,-245.78865951437984
-0.03068,-0.550535489882302,-36.054,-7.544174194335937,0.0
-0.0336299999999999,-0.696134855116677,-35.736000000000004,-8.6572265625,-216.7580074323275
-0.0336299999999999,-0.696134855116677,-35.736000000000004,-8.6572265625,0.0
-0.03422,-0.852110196913552,-35.904,-9.817657470703123,-228.9721602613316
-0.03422,-0.852110196913552,-35.904,-9.817657470703123,0.0
-0.0324499999999999,-0.893736173476052,-36.036,-10.935516357421877,-224.6952536117317
-0.0324499999999999,-0.893736173476052,-36.036,-10.935516357421877,0.0
-0.0324499999999999,-1.028929044569802,-36.19800000000001,-12.15087890625,-242.6357653878706
-0.0324499999999999,-1.028929044569802,-36.19800000000001,-12.15087890625,0.0
-0.02832,-1.122526456679177,-36.12,-13.308563232421877,-230.2932815142748
-0.02832,-1.122526456679177,-36.12,-13.308563232421877,0.0
-0.0336299999999999,-1.216123868788552,-36.066,-14.446334838867188,-233.38904747603735
-0.0336299999999999,-1.216123868788552,-36.066,-14.446334838867188,0.0
-0.0265499999999999,-1.403318693007302,-36.162,-15.633544921875,-244.43279452491535
-0.0265499999999999,-1.403318693007302,-36.162,-15.633544921875,0.0
-0.0295,-1.444914151991677,-36.426,-16.793975830078125,-231.99338428669623
-0.0295,-1.444914151991677,-36.426,-16.793975830078125,0.0
-0.0265499999999999,-1.444914151991677,-36.264,-17.935867309570312,-223.24369100516105
-0.0265499999999999,-1.517729093397927,-36.264,-17.935867309570312,0.0
-0.0247799999999999,-1.777708341444802,-36.054,-19.112091064453125,-238.1984112765987
-0.0247799999999999,-1.777708341444802,-36.054,-19.112091064453125,0.0
-0.0236,-1.777708341444802,-36.054,-20.284881591796875,-241.16605538632152
-0.0236,-1.777708341444802,-36.054,-20.284881591796875,0.0
-0.0277299999999999,-1.850523282851052,-36.108,-21.441879272460938,-232.09582360339516
-0.0277299999999999,-1.850523282851052,-36.108,-21.441879272460938,0.0
-0.02301,-1.850523282851052,-36.294,-22.627029418945312,-210.24483705567803
-0.02301,-2.120909025038552,-36.294,-22.627029418945312,0.0
-0.0236,-2.006529142226052,-36.288,-23.77235412597656,-229.3860819209885
-0.0236,-2.006529142226052,-36.288,-23.77235412597656,0.0
-0.0206499999999999,-2.162535001601052,-35.97,-24.95887756347656,-235.8893513914168
-0.0206499999999999,-2.162535001601052,-35.97,-24.95887756347656,0.0
-0.02124,-2.297727872694802,-36.354,-26.117935180664062,-241.9744503523048
-0.02124,-2.297727872694802,-36.354,-26.117935180664062,0.0
-0.0206499999999999,-2.318510343397927,-36.246,-27.30308532714844,-233.75742534192693
-0.0206499999999999,-2.318510343397927,-36.246,-27.30308532714844,0.0
-0.0206499999999999,-2.422514249647927,-36.24,-28.429183959960938,-227.40279337880145
-0.0206499999999999,-2.422514249647927,-36.24,-28.429183959960938,0.0
-0.01711,-2.495329191054177,-36.306,-29.70222473144532,-254.40463059170216
-0.01711,-2.495329191054177,-36.306,-29.70222473144532,0.0
-0.01652,-2.640928556288552,-36.0,-30.82008361816406,-223.6612418404616
-0.01652,-2.640928556288552,-36.0,-30.82008361816406,0.0
-0.0177,-2.765714933241677,-36.066,-31.97296142578125,-233.84945387764787
-0.0177,-2.765714933241677,-36.066,-31.97296142578125,0.0
-0.0123899999999999,-2.817716886366677,-36.294,-33.167724609375,-243.38219262462368
-0.0123899999999999,-2.817716886366677,-36.294,-33.167724609375,0.0
-0.01711,-2.817716886366677,-36.24,-34.34257507324219,-234.64159454078936
-0.01711,-2.817716886366677,-36.24,-34.34257507324219,0.0
-0.0129799999999999,-3.119322110976052,-36.21,-35.52223205566406,-237.54671414072052
-0.0129799999999999,-3.119322110976052,-36.21,-35.52223205566406,0.0
-0.0129799999999999,-3.015318204726052,-36.342,-36.70188903808594,-236.02580680707413
-0.0129799999999999,-3.015318204726052,-36.342,-36.70188903808594,0.0
-0.0129799999999999,-3.171324064101052,-36.138,-37.8314208984375,-225.27560038909965
-0.0129799999999999,-3.171324064101052,-36.138,-37.8314208984375,0.0
-0.01062,-3.462522794569802,-36.216,-39.02618408203125,-239.4314997185569
-0.01062,-3.462522794569802,-36.216,-39.02618408203125,0.0
-0.0118,-3.337736417616677,-36.402,-40.17974853515625,-234.7028388862114
-0.0118,-3.337736417616677,-36.402,-40.17974853515625,0.0
-0.0100299999999999,-3.420927335585427,-36.096,-41.375885009765625,-241.83915782620983
-0.0100299999999999,-3.420927335585427,-36.096,-41.375885009765625,0.0
-0.0094399999999999,-3.691313077772927,-36.21,-42.53288269042969,-238.11436111647956
-0.0094399999999999,-3.691313077772927,-36.21,-42.53288269042969,0.0
-0.00767,-3.535337735976052,-36.330000000000005,-43.72215270996094,-236.38839585185264
-0.00767,-3.535337735976052,-36.330000000000005,-43.72215270996094,0.0
-0.0100299999999999,-3.535337735976052,-36.084,-44.89013671875,-235.86106801125152
-0.0100299999999999,-3.639311124647927,-36.084,-44.89013671875,0.0
-0.0059,-3.899320890272927,-36.396,-46.09176635742188,-245.4308902522104
-0.0059,-3.899320890272927,-36.396,-46.09176635742188,0.0
-0.00531,-3.784910489882302,-36.372,-47.28584289550781,-248.0940241193168
-0.00531,-3.784910489882302,-36.372,-47.28584289550781,0.0
-0.0064899999999999,-3.816129972304177,-36.276,-48.456573486328125,-238.19544065535143
-0.0064899999999999,-3.816129972304177,-36.276,-48.456573486328125,0.0
-0.00295,-4.086515714491677,-36.336,-49.669189453125,-243.39943131218328
-0.00295,-4.086515714491677,-36.336,-49.669189453125,0.0
-0.00708,-4.034513761366677,-36.354,-50.81245422363281,-226.8832646375501
-0.00708,-4.034513761366677,-36.354,-50.81245422363281,0.0
-0.00531,-4.138517667616677,-36.126000000000005,-51.97151184082031,-236.1568087178924
-0.00531,-4.138517667616677,-36.126000000000005,-51.97151184082031,0.0
-0.0023599999999999,-4.284117032851052,-36.294,-53.147735595703125,-237.33328387432115
-0.0023599999999999,-4.284117032851052,-36.294,-53.147735595703125,0.0
-0.0047199999999999,-4.211332609022927,-36.42,-54.290313720703125,-231.3847964758433
-0.0047199999999999,-4.211332609022927,-36.42,-54.290313720703125,0.0
-0.00295,-4.367307950819802,-36.186,-55.48301696777344,-237.3538800138325
-0.00295,-4.367307950819802,-36.186,-55.48301696777344,0.0
-0.0005899999999999,-4.429716398085427,-36.462,-56.61735534667969,-230.18230091410445
-0.0005899999999999,-4.429716398085427,-36.462,-56.61735534667969,0.0
-0.00177,-4.388120939101052,-36.492,-57.82791137695312,-248.9319412447789
-0.00177,-4.388120939101052,-36.492,-57.82791137695312,0.0
-0.00177,-4.429716398085427,-36.27,-58.95744323730468,-229.76644840309007
-0.00177,-4.429716398085427,-36.27,-58.95744323730468,0.0
-0.0005899999999999,-4.512937833632302,-36.522,-60.15838623046874,-245.7423763382268
-0.0005899999999999,-4.512937833632302,-36.522,-60.15838623046874,0.0
-0.0,-4.471311857069802,-36.3,-61.34628295898438,-239.44703255665536
-0.0,-4.471311857069802,-36.3,-61.34628295898438,0.0
-0.00177,-4.783323575819802,-36.21,-62.52593994140625,-237.49888915241303
-0.00177,-4.783323575819802,-36.21,-62.52593994140625,0.0
-0.0005899999999999,-4.700132657851052,-36.486,-63.69392395019531,-236.00404299587348
-0.0005899999999999,-4.700132657851052,-36.486,-63.69392395019531,0.0
-0.00177,-4.564909269179177,-36.396,-64.81246948242188,-226.24302836256868
-0.00177,-4.564909269179177,-36.396,-64.81246948242188,0.0
-0.0,-4.908109952772927,-36.378,-65.99075317382812,-235.3742891345468
-0.0,-4.908109952772927,-36.378,-65.99075317382812,0.0
-0.0,-4.731321622694802,-36.36,-67.17384338378906,-239.5404353032152
-0.0,-4.731321622694802,-36.36,-67.17384338378906,0.0
-0.0,-4.741728116835427,-35.91,-68.30886840820312,-226.77822665629049
-0.0,-4.741728116835427,-35.91,-68.30886840820312,0.0
0.00295,-5.032926847304177,-35.285999999999994,-69.48509216308594,-234.9158687600072
0.00295,-5.032926847304177,-35.285999999999994,-69.48509216308594,0.0
-0.0,-4.876920987929177,-34.524,-70.58235168457031,-225.49517498685145
-0.0,-4.876920987929177,-34.524,-70.58235168457031,0.0
0.00295,-5.032926847304177,-33.36599999999999,-71.67549133300781,-209.29344216739287
0.00295,-5.032926847304177,-33.36599999999999,-71.67549133300781,0.0
0.0059,-5.084928800429177,-32.526,-72.76588439941406,-218.34062202784105
0.0059,-5.084928800429177,-32.526,-72.76588439941406,0.0
0.0023599999999999,-4.908109952772927,-31.398,-73.76083374023438,-196.70805472899625
0.0023599999999999,-4.908109952772927,-31.398,-73.76083374023438,0.0
0.0059,-5.084928800429177,-30.588,-74.78324890136719,-204.8517654041275
0.0059,-5.084928800429177,-30.588,-74.78324890136719,0.0
0.00295,-5.084928800429177,-29.658,-75.74592590332031,-177.8782339161924
0.00295,-5.157713224257302,-29.658,-75.74592590332031,0.0
0.00531,-5.147337247694802,-28.542,-76.70173645019531,-191.6604264838637
0.00531,-5.147337247694802,-28.542,-76.70173645019531,0.0
0.0064899999999999,-5.053709318007302,-27.732,-77.60398864746094,-181.6493249983501
0.0064899999999999,-5.053709318007302,-27.732,-77.60398864746094,0.0
0.00826,-5.230528165663552,-26.454,-78.49319458007812,-175.5935885893395
0.00826,-5.230528165663552,-26.454,-78.49319458007812,0.0
0.0059,-5.032926847304177,-25.686,-79.30274963378906,-163.51344247829562
0.0059,-5.032926847304177,-25.686,-79.30274963378906,0.0
0.0094399999999999,-5.334532071913552,-24.6,-80.13839721679688,-166.53000857095222
0.0094399999999999,-5.334532071913552,-24.6,-80.13839721679688,0.0
0.0064899999999999,-5.334532071913552,-23.568,-80.87104797363281,-145.80114563930655
0.0064899999999999,-5.074522306288552,-23.568,-80.87104797363281,0.0
0.01062,-5.084928800429177,-22.854,-81.6339111328125,-154.30080080511743
0.01062,-5.084928800429177,-22.854,-81.6339111328125,0.0
0.00885,-5.168119718397927,-21.462,-82.33634948730469,-135.4228560808383
0.00885,-5.168119718397927,-21.462,-82.33634948730469,0.0
0.0129799999999999,-5.199308683241677,-20.766,-83.023681640625,-135.80955410405383
0.0129799999999999,-5.199308683241677,-20.766,-83.023681640625,0.0
0.01416,-5.469724943007302,-19.524,-83.69110107421875,-133.08463282028347
0.01416,-5.469724943007302,-19.524,-83.69110107421875,0.0
0.00767,-5.209715177382302,-18.3,-84.25621032714844,-115.49340955008276
0.00767,-5.209715177382302,-18.3,-84.25621032714844,0.0
0.01062,-5.240934659804177,-17.982000000000003,-84.85221862792969,-112.7735668460126
0.01062,-5.240934659804177,-17.982000000000003,-84.85221862792969,0.0
0.0129799999999999,-5.209715177382302,-16.908,-85.41595458984375,-114.5106564926826
0.0129799999999999,-5.209715177382302,-16.908,-85.41595458984375,0.0
0.0100299999999999,-5.209715177382302,-15.534,-85.92544555664062,-102.14333736882446
0.0100299999999999,-5.251310636366677,-15.534,-85.92544555664062,0.0
0.0123899999999999,-5.157713224257302,-15.132,-86.40541076660156,-96.32053180039088
0.0123899999999999,-5.157713224257302,-15.132,-86.40541076660156,0.0
0.01829,-5.157713224257302,-14.106,-86.87576293945312,-95.03984094777974
0.01829,-5.334532071913552,-14.106,-86.87576293945312,0.0
0.0129799999999999,-5.220121671522927,-12.6,-87.30491638183594,-86.6276629759778
0.0129799999999999,-5.220121671522927,-12.6,-87.30491638183594,0.0
0.0118,-5.209715177382302,-11.586,-87.69149780273438,-75.56321753290878
0.0118,-5.209715177382302,-11.586,-87.69149780273438,0.0
0.01534,-5.168119718397927,-11.136,-88.05885314941406,-73.1346499462691
0.01534,-5.168119718397927,-11.136,-88.05885314941406,0.0
0.01652,-5.168119718397927,-10.116,-88.41453552246094,-73.0503949572649
0.01652,-5.469724943007302,-10.116,-88.41453552246094,0.0
0.0177,-5.365721036757302,-8.652,-88.72421264648438,-62.56103515632845
0.0177,-5.365721036757302,-8.652,-88.72421264648438,0.0
0.0188799999999999,-5.282530118788552,-7.296,-88.98239135742188,-48.438782539862096
0.0188799999999999,-5.282530118788552,-7.296,-88.98239135742188,0.0
0.01416,-5.209715177382302,-6.228,-89.19937133789062,-43.53530908287426
0.01416,-5.209715177382302,-6.228,-89.19937133789062,0.0
0.0118,-5.209715177382302,-5.537999999999999,-89.37995910644531,-34.862503582014654
0.0118,-5.116117765272927,-5.537999999999999,-89.37995910644531,0.0
0.01475,-5.282530118788552,-5.154,-89.54750061035156,-33.08481514733501
0.01475,-5.282530118788552,-5.154,-89.54750061035156,0.0
0.01829,-5.396910001601052,-4.452,-89.69856262207031,-25.41847748926441
0.01829,-5.396910001601052,-4.452,-89.69856262207031,0.0
0.0206499999999999,-5.209715177382302,-3.69,-89.82078552246094,-24.73146507297257
0.0206499999999999,-5.209715177382302,-3.69,-89.82078552246094,0.0
0.0247799999999999,-5.209715177382302,-2.736,-89.91966247558594,-17.515846434894318
0.0247799999999999,-5.209715177382302,-2.736,-89.91966247558594,0.0
0.0236,-5.282530118788552,-0.912,-89.98077392578125,-12.3807638159043
0.0236,-5.282530118788552,-0.912,-89.98077392578125,0.0
0.02242,-5.272123624647927,-0.336,-89.99588012695312,-2.9162550524879176
0.02242,-5.272123624647927,-0.336,-89.99588012695312,0.0
0.02242,-5.261717130507302,-0.018,-90.00137329101562,-1.0811186897255574
0.02242,-5.261717130507302,-0.018,-90.00137329101562,0.0
0.02183,-5.261717130507302,-0.0059999999999999,-90.00343322753906,-0.4103459210045004
0.02183,-5.261717130507302,-0.0059999999999999,-90.00343322753906,0.0
0.02183,-5.261717130507302,-0.018,-90.00068664550781,0.551190453793367
0.02183,-5.261717130507302,-0.018,-90.00068664550781,0.0
0.02242,-5.261717130507302,-0.0059999999999999,-90.00137329101562,-0.128923302255527
0.02242,-5.261717130507302,-0.0059999999999999,-90.00137329101562,0.0
0.02242,-5.261717130507302,-0.0,-90.00343322753906,-0.4131441081902362
0.02242,-5.261717130507302,-0.0,-90.00343322753906,0.0
0.02301,-5.116117765272927,0.0059999999999999,-90.00411987304688,-0.1357275168634351
0.02301,-5.116117765272927,0.0059999999999999,-90.00411987304688,0.0
0.02183,-5.032926847304177,0.0059999999999999,-90.00274658203125,0.2674373935007123
0.02183,-5.032926847304177,0.0059999999999999,-90.00274658203125,0.0
0.02183,-5.261717130507302,-0.0059999999999999,-90.00343322753906,-0.1374665681307994
0.02242,-5.053709318007302,-0.0059999999999999,-90.00411987304688,-0.1461258795088687
0.02242,-5.053709318007302,-0.0059999999999999,-90.00411987304688,0.0
0.02242,-5.168119718397927,-0.0059999999999999,-90.00137329101562,0.5444166563433966
0.02242,-5.168119718397927,-0.0059999999999999,-90.00137329101562,0.0
0.02183,-5.261717130507302,-0.0239999999999999,-90.00343322753906,-0.4111649747381367
0.02183,-5.261717130507302,-0.0239999999999999,-90.00343322753906,0.0
0.02242,-5.136930753554177,-0.0,-90.00411987304688,-0.1418396008702012
0.02242,-5.136930753554177,-0.0,-90.00411987304688,0.0
0.02242,-5.136930753554177,-0.018,-90.00274658203125,0.2729658150721945
0.02242,-5.136930753554177,-0.018,-90.00274658203125,0.0
0.02242,-5.220121671522927,0.0119999999999999,-90.00274658203125,0.0
0.02242,-5.209715177382302,-0.0119999999999999,-90.00274658203125,0.0
0.02242,-5.220121671522927,0.0059999999999999,-90.00411987304688,-0.279521883905644
0.02242,-5.220121671522927,0.0059999999999999,-90.00411987304688,0.0
0.02242,-5.251310636366677,0.018,-90.00274658203125,0.2837964487761703
0.02242,-5.251310636366677,0.018,-90.00274658203125,0.0
0.02183,-5.261717130507302,0.0119999999999999,-90.00205993652344,0.1374940944759704
0.02183,-5.261717130507302,0.0119999999999999,-90.00205993652344,0.0
0.02242,-5.251310636366677,-0.0059999999999999,-90.00343322753906,-0.2661416696945814
0.02242,-5.251310636366677,-0.0059999999999999,-90.00343322753906,0.0
0.02242,-5.261717130507302,-0.0059999999999999,-89.99931335449219,0.8179219866733697
0.02242,-5.261717130507302,-0.0059999999999999,-89.99931335449219,0.0
0.0241899999999999,-5.251310636366677,0.0059999999999999,-90.00411987304688,-0.9640029191105512
0.0241899999999999,-5.251310636366677,0.0059999999999999,-90.00411987304688,0.0
0.03009,-5.261717130507302,0.042,-90.00274658203125,0.2824539316380515
0.03009,-5.261717130507302,0.042,-90.00274658203125,0.0
0.0401199999999999,-5.230528165663552,0.102,-90.00343322753906,-0.128105505188994
0.0401199999999999,-5.230528165663552,0.102,-90.00343322753906,0.0
0.0536899999999999,-5.261717130507302,0.354,-90.00068664550781,0.5024848209386746
0.0536899999999999,-5.261717130507302,0.354,-90.00068664550781,0.0
0.07139,-5.292936612929177,1.026,-89.98214721679688,3.740050173677732
0.07139,-5.292936612929177,1.026,-89.98214721679688,0.0
0.08142,-5.386534025038552,3.096,-89.91622924804688,13.173055305756543
0.08142,-5.386534025038552,3.096,-89.91622924804688,0.0
0.0926299999999999,-5.313719083632302,4.218,-89.80293273925781,22.623104790131656
0.0926299999999999,-5.313719083632302,4.218,-89.80293273925781,0.0
0.09086,-5.386534025038552,6.9,-89.62234497070312,40.29178236386738
0.09086,-5.386534025038552,6.9,-89.62234497070312,0.0
0.0778799999999999,-5.324125577772927,8.988000000000001,-89.35523986816406,53.47449500288099
0.0778799999999999,-5.324125577772927,8.988000000000001,-89.35523986816406,0.0
0.0820099999999999,-5.261717130507302,9.6,-89.06959533691406,58.04603358045313
0.0820099999999999,-5.261717130507302,9.6,-89.06959533691406,0.0
0.0743399999999999,-5.209715177382302,10.05,-88.75099182128906,65.11414584597618
0.0743399999999999,-5.209715177382302,10.05,-88.75099182128906,0.0
0.07139,-5.209715177382302,10.182,-88.40423583984375,68.11156579174705
0.07139,-5.209715177382302,10.182,-88.40423583984375,0.0
0.0755199999999999,-5.282530118788552,10.662,-88.05130004882812,70.09648282327011
0.0755199999999999,-5.282530118788552,10.662,-88.05130004882812,0.0
0.07906,-5.334532071913552,11.508,-87.69424438476562,74.4486372107133
0.07906,-5.334532071913552,11.508,-87.69424438476562,0.0
0.08555,-5.313719083632302,12.858,-87.30354309082031,81.46398956326128
0.08555,-5.313719083632302,12.858,-87.30354309082031,0.0
0.0890899999999999,-5.365721036757302,14.352,-86.88194274902344,88.87022381912591
0.0890899999999999,-5.365721036757302,14.352,-86.88194274902344,0.0
0.0867299999999999,-5.313719083632302,15.222,-86.39236450195312,102.37939085553528
0.0867299999999999,-5.313719083632302,15.222,-86.39236450195312,0.0
0.08319,-5.261717130507302,15.971999999999998,-85.88699340820312,101.50052093811
0.08319,-5.261717130507302,15.971999999999998,-85.88699340820312,0.0
0.08142,-5.386534025038552,17.262,-85.36033630371094,107.15302227690694
0.08142,-5.386534025038552,17.262,-85.36033630371094,0.0
0.0867299999999999,-5.292936612929177,17.952,-84.79110717773438,113.4374503741326
0.0867299999999999,-5.292936612929177,17.952,-84.79110717773438,0.0
0.0885,-5.230528165663552,18.588,-84.19235229492188,118.42462080952392
0.0885,-5.230528165663552,18.588,-84.19235229492188,0.0
0.08142,-5.386534025038552,19.860000000000003,-83.61351013183594,117.69869115199714
0.08142,-5.386534025038552,19.860000000000003,-83.61351013183594,0.0
0.0796499999999999,-5.365721036757302,20.946,-82.91519165039062,144.9695830278007
0.0796499999999999,-5.365721036757302,20.946,-82.91519165039062,0.0
0.08378,-5.230528165663552,21.768,-82.21549987792969,143.08625203690875
0.08378,-5.230528165663552,21.768,-82.21549987792969,0.0
0.08732,-5.448911954726052,22.896,-81.52610778808594,142.6722040237335
0.08732,-5.448911954726052,22.896,-81.52610778808594,0.0
0.08142,-5.303312589491677,23.556,-80.7659912109375,151.20679871666775
0.08142,-5.303312589491677,23.556,-80.7659912109375,0.0
0.08968,-5.521726896132302,24.684,-80.00999450683594,152.4801742842386
0.08968,-5.521726896132302,24.684,-80.00999450683594,0.0
0.0820099999999999,-5.209715177382302,25.944000000000003,-79.17091369628906,169.54552647910486
0.0820099999999999,-5.209715177382302,25.944000000000003,-79.17091369628906,0.0
0.09322,-5.334532071913552,26.97,-78.35105895996094,171.91334374686687
0.09322,-5.334532071913552,26.97,-78.35105895996094,0.0
0.09204,-5.209715177382302,27.96,-77.46185302734375,177.48621409529565
0.09204,-5.209715177382302,27.96,-77.46185302734375,0.0
0.08378,-5.282530118788552,28.644,-76.51908874511719,172.6042259662295
0.08378,-5.282530118788552,28.644,-76.51908874511719,0.0
0.08378,-5.136930753554177,29.58,-75.61203002929688,180.4732820971263
0.08378,-5.136930753554177,29.58,-75.61203002929688,0.0
0.09558,-5.303312589491677,30.750000000000004,-74.64317321777344,198.61763253842463
0.09558,-5.303312589491677,30.750000000000004,-74.64317321777344,0.0
0.08614,-5.136930753554177,31.662,-73.60771179199219,209.05742495076927
0.08614,-5.136930753554177,31.662,-73.60771179199219,0.0
0.08496,-5.043333341444802,32.682,-72.59902954101562,205.72756495549984
0.08496,-5.043333341444802,32.682,-72.59902954101562,0.0
0.0843699999999999,-5.168119718397927,33.690000000000005,-71.50245666503906,210.7578081833016
0.0843699999999999,-5.168119718397927,33.690000000000005,-71.50245666503906,0.0
0.08555,-5.064115812147927,34.704,-70.40382385253906,204.16889286324616
0.08555,-5.064115812147927,34.704,-70.40382385253906,0.0
0.0926299999999999,-5.074522306288552,35.388,-69.33059692382812,214.7312782534673
0.0926299999999999,-5.074522306288552,35.388,-69.33059692382812,0.0
0.0843699999999999,-4.856107999647927,36.48,-68.14064025878906,232.3680267600975
0.0843699999999999,-4.856107999647927,36.48,-68.14064025878906,0.0
0.09558,-5.313719083632302,37.626,-66.97265625,233.50340039810143
0.09558,-5.313719083632302,37.626,-66.97265625,0.0
0.0926299999999999,-4.783323575819802,38.556,-65.7586669921875,238.17721361800832
0.0926299999999999,-4.783323575819802,38.556,-65.7586669921875,0.0
0.0885,-4.928922941054177,39.06,-64.50279235839844,251.98126681195265
0.0885,-4.928922941054177,39.06,-64.50279235839844,0.0
0.08732,-4.856107999647927,39.456,-63.25721740722656,242.04721165358063
0.08732,-4.856107999647927,39.456,-63.25721740722656,0.0
0.08496,-5.178526212538552,39.354000000000006,-61.97181701660156,256.4134032762119
0.08496,-5.178526212538552,39.354000000000006,-61.97181701660156,0.0
0.0820099999999999,-5.178526212538552,39.33,-60.71250915527343,247.3110489644452
0.0820099999999999,-4.533720304335427,39.33,-60.71250915527343,0.0
0.0767,-4.336118985976052,39.3,-59.41268920898438,260.12006129442887
0.0767,-4.336118985976052,39.3,-59.41268920898438,0.0
0.07847,-4.336118985976052,39.216,-58.15475463867187,218.5052232607138
0.07847,-4.523313810194802,39.216,-58.15475463867187,0.0
0.0796499999999999,-4.232115079726052,39.36,-56.87347412109375,256.9756352943255
0.0796499999999999,-4.232115079726052,39.36,-56.87347412109375,0.0
0.0825999999999999,-4.232115079726052,39.336,-55.614166259765625,224.27566541884187
0.0825999999999999,-4.273710538710427,39.336,-55.614166259765625,0.0
0.08378,-4.492124845351052,39.504,-54.32464599609375,255.9079705641556
0.08378,-4.492124845351052,39.504,-54.32464599609375,0.0
0.08378,-4.502531339491677,39.336,-53.10585021972656,255.8345458364766
0.08378,-4.502531339491677,39.336,-53.10585021972656,0.0
0.0778799999999999,-4.159330655897927,39.264,-51.80397033691406,261.42166321518744
0.0778799999999999,-4.159330655897927,39.264,-51.80397033691406,0.0
0.07316,-4.252928068007302,39.36,-50.51582336425781,212.495376551674
0.07316,-4.252928068007302,39.36,-50.51582336425781,0.0
0.07316,-4.388120939101052,39.306,-49.273681640625,247.0448933241541
0.07316,-4.388120939101052,39.306,-49.273681640625,0.0
0.0743399999999999,-3.774534513319802,39.15,-48.03565979003906,225.9988774345964
0.0743399999999999,-3.774534513319802,39.15,-48.03565979003906,0.0
0.07375,-3.732908536757302,39.516,-46.78459167480469,247.6381859130684
0.07375,-3.732908536757302,39.516,-46.78459167480469,0.0
0.06785,-3.732908536757302,39.492,-45.49095153808594,256.0142760177697
0.06785,-4.076109220351052,39.492,-45.49095153808594,0.0
0.07139,-3.608122159804177,39.396,-44.2474365234375,237.6294696440813
0.07139,-3.608122159804177,39.396,-44.2474365234375,0.0
0.0672599999999999,-3.774534513319802,39.396,-43.00254821777344,247.73896630113893
0.0672599999999999,-3.774534513319802,39.396,-43.00254821777344,0.0
0.0672599999999999,-3.816129972304177,39.318,-41.754913330078125,246.86088003462808
0.0672599999999999,-3.816129972304177,39.318,-41.754913330078125,0.0
0.07021,-3.712126066054177,39.258,-40.4681396484375,253.5514643624325
0.07021,-3.712126066054177,39.258,-40.4681396484375,0.0
0.06844,-3.462522794569802,39.132000000000005,-39.1937255859375,259.554798879334
0.06844,-3.462522794569802,39.132000000000005,-39.1937255859375,0.0
0.06903,-3.431333829726052,39.27,-37.94197082519531,247.1869590720972
0.06903,-3.431333829726052,39.27,-37.94197082519531,0.0
0.06608,-3.597715665663552,39.132000000000005,-36.72248840332031,205.1274048571269
0.06608,-3.597715665663552,39.132000000000005,-36.72248840332031,0.0
0.06903,-3.275327970351052,39.324,-35.437774658203125,248.06212495030255
0.06903,-3.275327970351052,39.324,-35.437774658203125,0.0
0.06667,-3.275327970351052,39.246,-34.15924072265625,253.92928213410303
0.06667,-3.067320157851052,39.246,-34.15924072265625,0.0
0.0672599999999999,-3.233732511366677,39.114,-32.949371337890625,239.29378654401512
0.0672599999999999,-3.233732511366677,39.114,-32.949371337890625,0.0
0.06608,-2.942533780897927,39.252,-31.692123413085938,250.44779378570448
0.06608,-2.942533780897927,39.252,-31.692123413085938,0.0
0.0654899999999999,-2.744932462538552,39.228,-30.436248779296875,249.9253002563613
0.0654899999999999,-2.744932462538552,39.228,-30.436248779296875,0.0
0.0648999999999999,-2.765714933241677,39.378,-29.13436889648437,259.70075460026663
0.0648999999999999,-2.765714933241677,39.378,-29.13436889648437,0.0
0.06077,-2.807310392226052,39.222,-27.850341796875,255.0202779764294
0.06077,-2.807310392226052,39.222,-27.850341796875,0.0
0.06195,-2.464109708632302,38.994,-26.5869140625,240.65290178619367
0.06195,-2.464109708632302,38.994,-26.5869140625,0.0
0.0572299999999999,-2.370512296522927,39.198,-25.30975341796875,254.97317718725424
0.0572299999999999,-2.370512296522927,39.198,-25.30975341796875,0.0
0.059,-2.578520109022927,39.282,-24.096450805664062,242.612000060579
0.059,-2.578520109022927,39.282,-24.096450805664062,0.0
0.0548699999999999,-2.204130460585427,39.156,-22.813796997070312,258.6517057055619
0.0548699999999999,-2.204130460585427,39.156,-22.813796997070312,0.0
0.0530999999999999,-2.068937589491677,39.264,-21.533203125,252.2840567513152
0.0530999999999999,-2.068937589491677,39.264,-21.533203125,0.0
0.0536899999999999,-1.933714200819802,39.276,-20.30479431152344,234.7876172543994
0.0536899999999999,-1.933714200819802,39.276,-20.30479431152344,0.0
0.0542799999999999,-1.756925870741677,39.246,-19.002914428710938,262.369988474586
0.0542799999999999,-1.756925870741677,39.246,-19.002914428710938,0.0
0.0495599999999999,-1.725736905897927,39.234,-17.747726440429688,253.5221143768655
0.0495599999999999,-1.725736905897927,39.234,-17.747726440429688,0.0
0.0519199999999999,-1.548918058241677,39.03,-16.463699340820312,246.1708396488324
0.0519199999999999,-1.548918058241677,39.03,-16.463699340820312,0.0
0.05782,-1.580137540663552,39.012,-15.189971923828123,257.4747153814104
0.05782,-1.580137540663552,39.012,-15.189971923828123,0.0
0.0548699999999999,-1.372129728163552,39.138,-13.9306640625,257.79075973955275
0.0548699999999999,-1.372129728163552,39.138,-13.9306640625,0.0
0.0507399999999999,-1.247312833632302,39.312,-12.641830444335938,257.97310211495125
0.0507399999999999,-1.247312833632302,39.312,-12.641830444335938,0.0
0.05251,-1.340910245741677,39.102,-11.405868530273438,222.0955820416089
0.05251,-1.340910245741677,39.102,-11.405868530273438,0.0
0.04602,-1.028929044569802,39.102,-10.09918212890625,255.0627369447225
0.04602,-1.028929044569802,39.102,-10.09918212890625,0.0
0.04425,-0.924925138319802,39.132000000000005,-8.806915283203125,261.5924788870165
0.04425,-0.924925138319802,39.132000000000005,-8.806915283203125,0.0
0.04366,-0.852110196913552,39.306,-7.536621093750001,236.59791198597765
0.04366,-0.852110196913552,39.306,-7.536621093750001,0.0
0.04248,-0.768919278944802,39.162,-6.2532806396484375,275.69075276083026
0.04248,-0.768919278944802,39.162,-6.2532806396484375,0.0
0.04661,-0.664915372694802,38.868,-4.931488037109375,262.20841153294737
0.04661,-0.664915372694802,38.868,-4.931488037109375,0.0
0.04366,-0.602537443007302,38.940000000000005,-3.71337890625,242.12067796835257
0.04366,-0.602537443007302,38.940000000000005,-3.71337890625,0.0
0.0472,-0.592130948866677,39.156,-2.4533843994140625,250.24717116867836
0.0472,-0.592130948866677,39.156,-2.4533843994140625,0.0
0.0401199999999999,-0.155332853163552,39.18599999999999,-1.13983154296875,262.39569645360604
0.0401199999999999,-0.155332853163552,39.18599999999999,-1.13983154296875,0.0
0.0377599999999999,-0.207334806288552,39.156,0.13458251953125,237.8525685889776
0.0377599999999999,-0.207334806288552,39.156,0.13458251953125,0.0
0.04307,-0.176115323866677,39.042,1.3410186767578125,235.17274020038087
0.04307,-0.176115323866677,39.042,1.3410186767578125,0.0
0.03835,0.0526749593364479,39.066,2.6250457763671875,254.51478684053797
0.03835,0.0526749593364479,39.066,2.6250457763671875,0.0
0.0359899999999999,0.1774918538676979,39.318,3.884353637695313,253.48386902713565
0.0359899999999999,0.1774918538676979,39.318,3.884353637695313,0.0
0.0336299999999999,0.2398697835551979,39.06,5.1642608642578125,251.20848411446647
0.0336299999999999,0.2398697835551979,39.06,5.1642608642578125,0.0
0.0324499999999999,0.3334671956645729,38.718,6.44073486328125,274.9836275360467
0.0324499999999999,0.3334671956645729,38.718,6.44073486328125,0.0
0.0336299999999999,0.4686905843364479,38.868,7.694549560546876,244.45597529078864
0.0336299999999999,0.4686905843364479,38.868,7.694549560546876,0.0
0.03422,0.541475008164573,39.138,8.93463134765625,241.77847282320025
0.03422,0.541475008164573,39.138,8.93463134765625,0.0
0.03186,0.541475008164573,39.18,10.259857177734377,241.4770098538986
0.03186,0.666291902695823,39.18,10.259857177734377,0.0
0.0259599999999999,0.759889314805198,39.00000000000001,11.506805419921877,251.3501798405356
0.0259599999999999,0.759889314805198,39.00000000000001,11.506805419921877,0.0
0.02891,0.884675691758323,39.012,12.781906127929688,244.5532619880164
0.02891,0.884675691758323,39.012,12.781906127929688,0.0
0.03009,0.967866609727073,39.012,14.051513671875,256.43456755077915
0.03009,0.967866609727073,39.012,14.051513671875,0.0
0.02891,1.061464021836448,39.276,15.310821533203123,237.20246022329772
0.02891,1.061464021836448,39.276,15.310821533203123,0.0
0.0259599999999999,1.238282869492698,39.054,16.600341796875,265.2242418081308
0.0259599999999999,1.238282869492698,39.054,16.600341796875,0.0
0.02891,1.238282869492698,38.88,17.874069213867188,258.2577893335491
0.02891,1.238282869492698,38.88,17.874069213867188,0.0
0.0259599999999999,1.425477693711448,39.078,19.090805053710938,234.84575175487456
0.0259599999999999,1.425477693711448,39.078,19.090805053710938,0.0
0.0271399999999999,1.591890047227073,39.15,20.342559814453125,249.60214571129296
0.0271399999999999,1.591890047227073,39.15,20.342559814453125,0.0
0.02301,1.612672517930198,39.276,21.65130615234375,253.97755441273625
0.02301,1.612672517930198,39.276,21.65130615234375,0.0
0.02242,1.737489412461448,38.802,22.940826416015625,255.35054726190344
0.02242,1.737489412461448,38.802,22.940826416015625,0.0
0.02242,1.935090730820823,38.868,24.16717529296875,251.8170178542807
0.02242,1.935090730820823,38.868,24.16717529296875,0.0
0.02183,1.935090730820823,39.078,25.406570434570312,250.63602459120648
0.02183,1.935090730820823,39.078,25.406570434570312,0.0
0.02124,2.007875154648948,39.246,26.696090698242188,261.9378963377076
0.02124,2.007875154648948,39.246,26.696090698242188,0.0
0.01416,2.007875154648948,38.98800000000001,28.01376342773437,264.64605934814205
0.01416,2.257478426133323,38.98800000000001,28.01376342773437,0.0
0.01652,2.288667390977073,38.946,29.286117553710938,255.13417404784516
0.01652,2.288667390977073,38.946,29.286117553710938,0.0
0.01593,2.288667390977073,38.952,30.53306579589844,245.94639885338316
0.01593,2.288667390977073,38.952,30.53306579589844,0.0
0.01711,2.527864168320823,39.174,31.75186157226562,248.5309495033813
0.01711,2.527864168320823,39.174,31.75186157226562,0.0
0.01121,2.631868074570823,39.234,33.03314208984375,262.23506295095694
0.01121,2.631868074570823,39.234,33.03314208984375,0.0
0.01416,2.621492098008323,38.91,34.31304931640625,259.72143396194184
0.01416,2.621492098008323,38.91,34.31304931640625,0.0
0.0118,2.808686922227073,38.928,35.58746337890625,260.1375918557644
0.0118,2.808686922227073,38.928,35.58746337890625,0.0
0.0135699999999999,2.871064851914573,39.120000000000005,36.86668395996094,258.9515346262018
0.0135699999999999,2.871064851914573,39.120000000000005,36.86668395996094,0.0
0.0123899999999999,2.871064851914573,39.258,38.140411376953125,254.1355580587008
0.0123899999999999,2.871064851914573,39.258,38.140411376953125,0.0
0.01121,2.787873933945823,38.88,39.442291259765625,255.5210761164317
0.01121,2.787873933945823,38.88,39.442291259765625,0.0
0.01121,2.787873933945823,38.964,40.7208251953125,243.25227084212148
0.01121,3.016664217148948,38.964,40.7208251953125,0.0
0.0094399999999999,3.193483064805198,39.006,41.9732666015625,240.29957909630625
0.0094399999999999,3.193483064805198,39.006,41.9732666015625,0.0
0.01062,3.068666170273948,39.27,43.17970275878906,218.9142001863352
0.01062,3.068666170273948,39.27,43.17970275878906,0.0
0.0047199999999999,3.567872713242698,39.198,44.50973510742188,264.5777498773144
0.0047199999999999,3.567872713242698,39.198,44.50973510742188,0.0
0.0059,3.567872713242698,38.958,45.78620910644531,241.48202781382577
0.0059,3.619874666367698,38.958,45.78620910644531,0.0
0.0059,3.505464265977073,38.964,47.031097412109375,244.86394682630032
0.0059,3.505464265977073,38.964,47.031097412109375,0.0
0.00767,3.505464265977073,39.078,48.23822021484375,237.48235347916548
0.00767,3.744691560898948,39.078,48.23822021484375,0.0
0.00354,3.682283113633323,39.246,49.54902648925781,263.7967950117447
0.00354,3.682283113633323,39.246,49.54902648925781,0.0
0.0023599999999999,3.703065584336448,39.018,50.82550048828125,250.0928681470839
0.0023599999999999,3.703065584336448,39.018,50.82550048828125,0.0
0.00413,3.599092195664573,38.676,52.09236145019531,251.46108811320303
0.00413,3.599092195664573,38.676,52.09236145019531,0.0
0.0047199999999999,3.807069490586448,38.958,53.34480285644531,247.86095512548405
0.0047199999999999,3.807069490586448,38.958,53.34480285644531,0.0
0.00177,3.786287019883323,39.27,54.56634521484375,240.98290755513813
0.00177,3.786287019883323,39.27,54.56634521484375,0.0
0.00295,3.723878572617698,39.036,55.84968566894531,256.2580778962185
0.00295,3.723878572617698,39.036,55.84968566894531,0.0
0.00177,4.087892244492698,38.874,57.10762023925781,256.2506763725923
0.00177,4.087892244492698,38.874,57.10762023925781,0.0
0.0023599999999999,4.181489656602073,39.018,58.35662841796875,245.6259938463949
0.0023599999999999,4.181489656602073,39.018,58.35662841796875,0.0
0.0023599999999999,4.181489656602073,39.108,59.61936950683594,231.99358604947096
0.0023599999999999,4.067079256211448,39.108,59.61936950683594,0.0
-0.0,4.441468904648948,39.264,60.86700439453125,245.74254238631335
-0.0,4.441468904648948,39.264,60.86700439453125,0.0
-0.0005899999999999,4.441468904648948,39.048,62.14485168457031,244.9391010233124
-0.0005899999999999,4.462281892930198,39.048,62.14485168457031,0.0
0.00177,4.285463045273948,38.748,63.40965270996093,257.85953626753053
0.00177,4.285463045273948,38.748,63.40965270996093,0.0
-0.0,4.379090974961448,38.682,64.610595703125,242.17442895023044
-0.0,4.379090974961448,38.682,64.610595703125,0.0
-0.0005899999999999,4.503877351914573,38.232,65.90629577636719,261.7047209138503
-0.0005899999999999,4.503877351914573,38.232,65.90629577636719,0.0
-0.0023599999999999,4.503877351914573,36.978,67.10243225097656,235.83132385838917
-0.0023599999999999,4.503877351914573,36.978,67.10243225097656,0.0
-0.0,4.410279939805198,35.766,68.28758239746094,235.5694984066384
-0.0,4.410279939805198,35.766,68.28758239746094,0.0
-0.0,4.410279939805198,35.13,69.46380615234375,211.43695036560285
-0.0,4.535066316758323,35.13,69.46380615234375,0.0
-0.0,4.379090974961448,34.176,70.55900573730469,217.64697634359172
-0.0,4.379090974961448,34.176,70.55900573730469,0.0
-0.00177,4.722291658555198,33.504,71.67137145996094,225.3577233906176
-0.00177,4.722291658555198,33.504,71.67137145996094,0.0
-0.0059,4.722291658555198,32.538,72.77961730957031,219.71567200828773
-0.0059,4.722291658555198,32.538,72.77961730957031,0.0
-0.0023599999999999,4.566285799180198,31.038,73.75396728515625,199.09071834582917
-0.0023599999999999,4.566285799180198,31.038,73.75396728515625,0.0
-0.00413,4.743074129258323,30.18,74.77706909179688,196.18443080384824
-0.00413,4.743074129258323,30.18,74.77706909179688,0.0
-0.00295,4.545472810898948,29.298,75.75965881347656,197.14882056144128
-0.00295,4.545472810898948,29.298,75.75965881347656,0.0
-0.00531,4.805482576523948,28.62,76.66877746582031,180.23763924347767
-0.00531,4.805482576523948,28.62,76.66877746582031,0.0
-0.0047199999999999,4.670289705430198,27.468,77.58201599121094,178.96110628888894
-0.0047199999999999,4.670289705430198,27.468,77.58201599121094,0.0
-0.00826,4.847078035508323,26.364,78.48838806152344,174.77286353902966
-0.00826,4.847078035508323,26.364,78.48838806152344,0.0
-0.00767,4.670289705430198,25.344,79.29450988769531,159.97654815884914
-0.00767,4.670289705430198,25.344,79.29450988769531,0.0
-0.0100299999999999,4.847078035508323,24.606,80.145263671875,174.2633724248447
-0.0100299999999999,4.847078035508323,24.606,80.145263671875,0.0
-0.00767,4.878267000352073,23.328000000000003,80.9033203125,159.79271514009952
-0.00767,4.878267000352073,23.328000000000003,80.9033203125,0.0
-0.0094399999999999,4.847078035508323,22.59,81.66206359863281,159.266013042338
-0.0094399999999999,4.847078035508323,22.59,81.66206359863281,0.0
-0.01062,4.909486482773948,21.576,82.35969543457031,143.30974444068033
-0.01062,4.909486482773948,21.576,82.35969543457031,0.0
-0.0094399999999999,4.743074129258323,20.844,83.03398132324219,143.70969494268053
-0.0094399999999999,4.743074129258323,20.844,83.03398132324219,0.0
-0.01475,4.899079988633323,19.656,83.73435974121094,137.86976731650302
-0.01475,4.899079988633323,19.656,83.73435974121094,0.0
-0.01475,4.899079988633323,18.06,84.32212829589844,119.12617646706646
-0.01475,4.899079988633323,18.06,84.32212829589844,0.0
-0.00885,4.680665681992698,17.388,84.89204406738281,112.23232994971616
-0.00885,4.680665681992698,17.388,84.89204406738281,0.0
-0.01416,4.899079988633323,16.590000000000003,85.44685363769531,116.58112425124534
-0.01416,4.899079988633323,16.590000000000003,85.44685363769531,0.0
-0.0135699999999999,4.847078035508323,15.516,85.94947814941406,100.96916667724796
-0.0135699999999999,4.847078035508323,15.516,85.94947814941406,0.0
-0.0135699999999999,4.722291658555198,14.652,86.44660949707031,100.83800155295803
-0.0135699999999999,4.722291658555198,14.652,86.44660949707031,0.0
-0.01416,4.826265047227073,13.98,86.91078186035156,89.04131273382995
-0.01416,4.826265047227073,13.98,86.91078186035156,0.0
-0.0188799999999999,4.878267000352073,12.81,87.34748840332031,86.03359790554235
-0.0188799999999999,4.878267000352073,12.81,87.34748840332031,0.0
-0.01534,4.857484529648948,11.424,87.72651672363281,75.12949857538874
-0.01534,4.857484529648948,11.424,87.72651672363281,0.0
-0.0129799999999999,4.847078035508323,10.584,88.07533264160156,68.79998382021931
-0.0129799999999999,4.847078035508323,10.584,88.07533264160156,0.0
-0.0177,4.743074129258323,10.164,88.40217590332031,63.19475284583152
-0.0177,4.743074129258323,10.164,88.40217590332031,0.0
-0.01652,4.899079988633323,9.084,88.72283935546875,62.14407987368477
-0.01652,4.899079988633323,9.084,88.72283935546875,0.0
-0.0194699999999999,4.899079988633323,7.571999999999999,89.00505065917969,52.39719712418525
-0.0194699999999999,4.899079988633323,7.571999999999999,89.00505065917969,0.0
-0.01416,4.951081941758323,6.222,89.24057006835938,47.0756364540454
-0.01416,4.951081941758323,6.222,89.24057006835938,0.0
-0.0123899999999999,4.951081941758323,5.316,89.41978454589844,32.20964729318865
-0.0123899999999999,4.899079988633323,5.316,89.41978454589844,0.0
-0.01416,4.899079988633323,4.5120000000000005,89.57496643066406,30.814512463363897
-0.01416,4.899079988633323,4.5120000000000005,89.57496643066406,0.0
-0.01534,4.899079988633323,3.828,89.71023559570312,29.02771781953372
-0.01534,4.899079988633323,3.828,89.71023559570312,0.0
-0.0188799999999999,4.899079988633323,3.054,89.82765197753906,23.821542267364155
-0.0188799999999999,4.899079988633323,3.054,89.82765197753906,0.0
-0.01475,4.899079988633323,1.7519999999999998,89.89631652832031,13.832504186389016
-0.01475,4.899079988633323,1.7519999999999998,89.89631652832031,0.0
-0.01652,4.878267000352073,1.218,89.94369506835938,9.517585383483906
-0.01652,4.878267000352073,1.218,89.94369506835938,0.0
-0.01829,4.847078035508323,0.66,89.97871398925781,7.033324141091861
-0.01829,4.847078035508323,0.66,89.97871398925781,0.0
-0.01829,4.857484529648948,0.252,89.98970031738281,2.174218904609509
-0.01829,4.857484529648948,0.252,89.98970031738281,0.0
-0.01711,4.857484529648948,0.132,89.99588012695312,1.2514802694041962
-0.01711,4.857484529648948,0.132,89.99588012695312,0.0
-0.0177,4.847078035508323,0.066,89.99931335449219,0.6902347283995908
-0.0177,4.847078035508323,0.066,89.99931335449219,0.0
-0.01829,4.847078035508323,0.0479999999999999,90.00068664550781,0.2772085215231289
-0.01829,4.847078035508323,0.0479999999999999,90.00068664550781,0.0
-0.01829,4.847078035508323,0.0059999999999999,89.99862670898438,-0.4177522862376522
-0.01829,4.847078035508323,0.0059999999999999,89.99862670898438,0.0
-0.0188799999999999,4.847078035508323,0.0119999999999999,90.00205993652344,0.6891263627185258
-0.0188799999999999,4.847078035508323,0.0119999999999999,90.00205993652344,0.0
-0.01829,4.847078035508323,0.018,90.00274658203125,0.1440716550176308
-0.01829,4.847078035508323,0.018,90.00274658203125,0.0
-0.0194699999999999,4.847078035508323,0.0059999999999999,90.00411987304688,0.2759829211465474
-0.0194699999999999,4.847078035508323,0.0059999999999999,90.00411987304688,0.0
-0.0188799999999999,4.847078035508323,0.0119999999999999,90.00480651855469,0.1411398782756766
-0.0188799999999999,4.847078035508323,0.0119999999999999,90.00480651855469,0.0
-0.01829,4.867891023789573,0.0059999999999999,90.0,-0.9342115752527316
-0.01829,4.867891023789573,0.0059999999999999,90.0,0.0
-0.0188799999999999,4.857484529648948,0.0119999999999999,90.00411987304688,0.8246343168275464
-0.0188799999999999,4.857484529648948,0.0119999999999999,90.00411987304688,0.0
-0.0188799999999999,4.857484529648948,0.03,90.00411987304688,0.0
-0.0188799999999999,4.847078035508323,-0.0,90.00205993652344,-0.4175829157591672
-0.0188799999999999,4.847078035508323,-0.0,90.00205993652344,0.0
-0.0177,4.847078035508323,-0.0,90.00686645507812,0.9523516058416954
-0.0177,4.847078035508323,-0.0,90.00686645507812,0.0
-0.01829,4.847078035508323,0.0119999999999999,90.00274658203125,-0.8153320892308589
-0.01829,4.847078035508323,0.0119999999999999,90.00274658203125,0.0
-0.0200599999999999,4.857484529648948,-0.0059999999999999,90.00274658203125,0.0
-0.0206499999999999,4.847078035508323,0.0059999999999999,90.0054931640625,0.5450649000301504
-0.0206499999999999,4.847078035508323,0.0059999999999999,90.0054931640625,0.0
-0.0200599999999999,4.847078035508323,0.0059999999999999,90.00274658203125,-0.5498662725231979
-0.0200599999999999,4.847078035508323,0.0059999999999999,90.00274658203125,0.0
-0.0200599999999999,4.857484529648948,0.0059999999999999,90.00343322753906,0.1400174363399339
-0.0200599999999999,4.857484529648948,0.0059999999999999,90.00343322753906,0.0
-0.0206499999999999,4.857484529648948,0.0239999999999999,90.0054931640625,0.4077467386054912
-0.0206499999999999,4.857484529648948,0.0239999999999999,90.0054931640625,0.0
-0.0253699999999999,4.847078035508323,-0.03,90.00480651855469,-0.1367819736677796
-0.0253699999999999,4.847078035508323,-0.03,90.00480651855469,0.0
-0.0359899999999999,4.847078035508323,-0.0239999999999999,90.00480651855469,0.0
-0.0495599999999999,4.857484529648948,-0.27,90.00205993652344,-0.549426291508524
-0.0495599999999999,4.857484529648948,-0.27,90.00205993652344,0.0
-0.06844,4.857484529648948,-0.8520000000000001,89.99176025390625,-2.089608970821417
-0.06844,4.899079988633323,-0.8520000000000001,89.99176025390625,0.0
-0.08614,4.899079988633323,-2.358,89.94369506835938,-9.64776907805936
-0.08614,4.899079988633323,-2.358,89.94369506835938,0.0
-0.0802399999999999,5.003083894883323,-4.782,89.82627868652344,-18.846931273819653
-0.0802399999999999,5.003083894883323,-4.782,89.82627868652344,0.0
-0.0796499999999999,4.899079988633323,-6.96,89.62715148925781,-39.65887218993302
-0.0796499999999999,4.899079988633323,-6.96,89.62715148925781,0.0
-0.08614,4.899079988633323,-8.646,89.36622619628906,-53.15243287204426
-0.08614,4.899079988633323,-8.646,89.36622619628906,0.0
-0.0719799999999999,4.847078035508323,-9.234,89.07028198242188,-59.66617215067913
-0.0719799999999999,4.847078035508323,-9.234,89.07028198242188,0.0
-0.07375,4.847078035508323,-9.726,88.76060485839844,-60.62590525117725
-0.07375,5.023866365586448,-9.726,88.76060485839844,0.0
-0.08555,4.992677400742698,-10.128,88.43856811523438,-64.53642147586389
-0.08555,4.992677400742698,-10.128,88.43856811523438,0.0
-0.0926299999999999,4.857484529648948,-10.608,88.09867858886719,-67.81514891593363
-0.0926299999999999,4.857484529648948,-10.608,88.09867858886719,0.0
-0.0914499999999999,5.023866365586448,-12.132,87.73338317871094,-74.29233478886636
-0.0914499999999999,5.023866365586448,-12.132,87.73338317871094,0.0
-0.0796499999999999,5.138276765977073,-13.398,87.33100891113281,-80.84674855905034
-0.0796499999999999,5.138276765977073,-13.398,87.33100891113281,0.0
-0.08732,4.971864412461448,-14.166,86.87370300292969,-85.8145821360192
-0.08732,4.971864412461448,-14.166,86.87370300292969,0.0
-0.07906,4.847078035508323,-14.796,86.38961791992188,-96.95275045221663
-0.07906,4.847078035508323,-14.796,86.38961791992188,0.0
-0.0867299999999999,5.034272859727073,-16.05,85.92201232910156,-92.96333813515903
-0.0867299999999999,5.034272859727073,-16.05,85.92201232910156,0.0
-0.08083,5.023866365586448,-17.154,85.35690307617188,-113.27104688921148
-0.08083,5.023866365586448,-17.154,85.35690307617188,0.0
-0.0796499999999999,4.971864412461448,-17.837999999999997,84.80690002441406,-111.11172762798024
-0.0796499999999999,4.971864412461448,-17.837999999999997,84.80690002441406,0.0
-0.08555,4.982270906602073,-18.558,84.22050476074219,-119.1133990800864
-0.08555,4.982270906602073,-18.558,84.22050476074219,0.0
-0.0890899999999999,5.023866365586448,-19.788,83.6004638671875,-125.13438820453833
-0.0890899999999999,5.023866365586448,-19.788,83.6004638671875,0.0
-0.08319,4.961488435898948,-20.418,82.94952392578125,-132.0364992713809
-0.08319,4.961488435898948,-20.418,82.94952392578125,0.0
-0.08496,5.044679353867698,-21.414,82.23884582519531,-133.81248363529053
-0.08496,5.044679353867698,-21.414,82.23884582519531,0.0
-0.08142,4.951081941758323,-22.704000000000004,81.55220031738281,-130.61546658026674
-0.08142,4.951081941758323,-22.704000000000004,81.55220031738281,0.0
-0.09322,4.951081941758323,-23.55,80.77629089355469,-150.69128448779946
-0.09322,4.847078035508323,-23.55,80.77629089355469,0.0
-0.0938099999999999,5.023866365586448,-24.69,80.02304077148438,-148.57004380074918
-0.0938099999999999,5.023866365586448,-24.69,80.02304077148438,0.0
-0.0867299999999999,5.023866365586448,-25.416,79.18739318847656,-167.3973523652988
-0.0867299999999999,4.836671541367698,-25.416,79.18739318847656,0.0
-0.0825999999999999,5.023866365586448,-26.664,78.34487915039062,-167.33148720699452
-0.0825999999999999,5.023866365586448,-26.664,78.34487915039062,0.0
-0.08319,4.951081941758323,-27.558000000000003,77.45429992675781,-158.46605402697915
-0.08319,4.951081941758323,-27.558000000000003,77.45429992675781,0.0
-0.08378,5.055085848008323,-28.278,76.54243469238281,-182.4825363967276
-0.08378,5.055085848008323,-28.278,76.54243469238281,0.0
-0.08791,5.055085848008323,-29.214,75.62164306640625,-168.18111889970234
-0.08791,4.888673494492698,-29.214,75.62164306640625,0.0
-0.09558,5.023866365586448,-30.576,74.64935302734375,-195.12142064285192
-0.09558,5.023866365586448,-30.576,74.64935302734375,0.0
-0.0867299999999999,4.857484529648948,-31.434,73.66195678710938,-182.7158105541497
-0.0867299999999999,4.857484529648948,-31.434,73.66195678710938,0.0
-0.0902699999999999,4.899079988633323,-32.532000000000004,72.64366149902344,-204.9708711926074
-0.0902699999999999,4.899079988633323,-32.532000000000004,72.64366149902344,0.0
-0.0902699999999999,4.670289705430198,-33.306,71.5704345703125,-210.4366526884698
-0.0902699999999999,4.670289705430198,-33.306,71.5704345703125,0.0
-0.0914499999999999,4.805482576523948,-34.218,70.49102783203125,-217.40316984522948
-0.0914499999999999,4.805482576523948,-34.218,70.49102783203125,0.0
-0.0890899999999999,5.003083894883323,-35.136,69.39308166503906,-226.8015217914517
-0.0890899999999999,5.003083894883323,-35.136,69.39308166503906,0.0
-0.09558,4.503877351914573,-36.186,68.23265075683594,-242.920432949988
-0.09558,4.503877351914573,-36.186,68.23265075683594,0.0
-0.0902699999999999,4.649476717148948,-37.434000000000005,67.0880126953125,-233.93379552921888
-0.0902699999999999,4.649476717148948,-37.434000000000005,67.0880126953125,0.0
-0.0944,4.763887117539573,-38.064,65.85891723632812,-222.90450833936023
-0.0944,4.763887117539573,-38.064,65.85891723632812,0.0
-0.0890899999999999,4.503877351914573,-38.496,64.59342956542969,-248.720061104221
-0.0890899999999999,4.503877351914573,-38.496,64.59342956542969,0.0
-0.09086,4.628663728867698,-39.138,63.35472106933593,-248.23817557027533
-0.09086,4.628663728867698,-39.138,63.35472106933593,0.0
-0.0902699999999999,4.649476717148948,-39.072,62.105712890625,-246.15849008919284
-0.0902699999999999,4.649476717148948,-39.072,62.105712890625,0.0
-0.08614,4.306276033555198,-39.18,60.85052490234375,-248.45367939097824
-0.08614,4.306276033555198,-39.18,60.85052490234375,0.0
-0.08319,4.379090974961448,-38.868,59.555511474609375,-267.67536745275385
-0.08319,4.379090974961448,-38.868,59.555511474609375,0.0
-0.0867299999999999,4.379090974961448,-38.718,58.32641601562499,-238.52036851983237
-0.0867299999999999,4.295869539414573,-38.718,58.32641601562499,0.0
-0.08319,4.067079256211448,-39.162,57.04925537109375,-254.4651612931146
-0.08319,4.067079256211448,-39.162,57.04925537109375,0.0
-0.07729,4.067079256211448,-39.192,55.76042175292969,-289.0409549596097
-0.07729,4.067079256211448,-39.192,55.76042175292969,0.0
-0.0755199999999999,4.098268221055198,-39.006,54.4537353515625,-261.2327871583331
-0.0755199999999999,4.098268221055198,-39.006,54.4537353515625,0.0
-0.0796499999999999,4.181489656602073,-38.826,53.18824768066406,-253.1481638125524
-0.0796499999999999,4.181489656602073,-38.826,53.18824768066406,0.0
-0.07847,3.973481844102073,-38.940000000000005,51.930999755859375,-243.98368422403067
-0.07847,3.973481844102073,-38.940000000000005,51.930999755859375,0.0
-0.0802399999999999,4.025483797227073,-39.18,50.6524658203125,-256.16788930992976
-0.0802399999999999,4.025483797227073,-39.18,50.6524658203125,0.0
-0.0778799999999999,3.983888338242698,-39.078,49.3780517578125,-252.25931561726392
-0.0778799999999999,3.983888338242698,-39.078,49.3780517578125,0.0
-0.0767,3.599092195664573,-38.808,48.10981750488281,-255.53783053168783
-0.0767,3.599092195664573,-38.808,48.10981750488281,0.0
-0.0767,3.609468172227073,-38.928,46.87042236328125,-248.27627035351227
-0.0767,3.609468172227073,-38.928,46.87042236328125,0.0
-0.0767,3.567872713242698,-39.144,45.59257507324219,-286.9632360286428
-0.0767,3.567872713242698,-39.144,45.59257507324219,0.0
-0.07906,3.391084383164573,-39.234,44.30580139160156,-255.51502812541568
-0.07906,3.391084383164573,-39.234,44.30580139160156,0.0
-0.0743399999999999,3.349488924180198,-39.066,43.05061340332031,-289.3471618902819
-0.0743399999999999,3.349488924180198,-39.066,43.05061340332031,0.0
-0.0755199999999999,3.495088289414573,-38.964,41.75628662109375,-251.71660486746865
-0.0755199999999999,3.495088289414573,-38.964,41.75628662109375,0.0
-0.0755199999999999,3.380677889023948,-38.98800000000001,40.50796508789063,-250.4657971912636
-0.0755199999999999,3.380677889023948,-38.98800000000001,40.50796508789063,0.0
-0.07257,3.162263582383323,-39.174,39.2486572265625,-252.366304875049
-0.07257,3.162263582383323,-39.174,39.2486572265625,0.0
-0.06785,3.141481111680198,-39.126,37.96806335449219,-255.1492074256244
-0.06785,3.141481111680198,-39.126,37.96806335449219,0.0
-0.06844,3.079072664414573,-38.796,36.68678283691406,-254.879752850318
-0.06844,3.079072664414573,-38.796,36.68678283691406,0.0
-0.0708,2.777467439805198,-38.98199999999999,35.46730041503906,-231.4447564766307
-0.0708,2.777467439805198,-38.98199999999999,35.46730041503906,0.0
-0.0672599999999999,2.798280428086448,-39.21,34.188079833984375,-255.6907017897568
-0.0672599999999999,2.798280428086448,-39.21,34.188079833984375,0.0
-0.0648999999999999,2.767091463242698,-39.132000000000005,32.926025390625,-250.4076276509708
-0.0648999999999999,2.767091463242698,-39.132000000000005,32.926025390625,0.0
-0.06254,2.590272615586448,-39.00000000000001,31.61933898925781,-260.9719195856946
-0.06254,2.590272615586448,-39.00000000000001,31.61933898925781,0.0
-0.06254,2.579866121445823,-38.940000000000005,30.37651062011719,-246.7887945081669
-0.06254,2.579866121445823,-38.940000000000005,30.37651062011719,0.0
-0.06667,2.579866121445823,-39.072,29.10346984863281,-254.8120038997133
-0.06667,2.579866121445823,-39.072,29.10346984863281,0.0
-0.0648999999999999,2.444673250352073,-39.258,27.850341796875,-251.78381590489155
-0.0648999999999999,2.444673250352073,-39.258,27.850341796875,0.0
-0.05959,2.215882967148948,-39.06,26.582794189453125,-251.4975411554364
-0.05959,2.215882967148948,-39.06,26.582794189453125,0.0
-0.06018,2.236665437852073,-38.85,25.30975341796875,-253.84661445350363
-0.06018,2.236665437852073,-38.85,25.30975341796875,0.0
-0.06077,2.091066072617698,-39.018,24.06967163085937,-251.53788785171648
-0.06077,2.091066072617698,-39.018,24.06967163085937,0.0
-0.0631299999999999,1.883088777695823,-39.108,22.7801513671875,-256.7742460519127
-0.0631299999999999,1.883088777695823,-39.108,22.7801513671875,0.0
-0.06077,1.883088777695823,-39.234,21.47689819335937,-264.8350282115829
-0.06077,1.883088777695823,-39.234,21.47689819335937,0.0
-0.05841,1.758271883164573,-38.868,20.233383178710938,-249.6015685766493
-0.05841,1.758271883164573,-38.868,20.233383178710938,0.0
-0.05959,1.539888094102073,-38.85,18.939743041992188,-259.4544999434684
-0.05959,1.539888094102073,-38.85,18.939743041992188,0.0
-0.06077,1.539888094102073,-39.144,17.716140747070312,-249.1047017354035
-0.06077,1.539888094102073,-39.144,17.716140747070312,0.0
-0.0572299999999999,1.467073152695823,-39.228,16.434860229492188,-255.6425613686686
-0.0572299999999999,1.467073152695823,-39.228,16.434860229492188,0.0
-0.0536899999999999,1.259065340195823,-39.084,15.1556396484375,-256.5110449277572
-0.0536899999999999,1.259065340195823,-39.084,15.1556396484375,0.0
-0.0519199999999999,1.186280916367698,-38.838,13.87298583984375,-264.4101852387506
-0.0519199999999999,1.186280916367698,-38.838,13.87298583984375,0.0
-0.0542799999999999,1.155091951523948,-39.03,12.630844116210938,-252.98202110598876
-0.0542799999999999,1.155091951523948,-39.03,12.630844116210938,0.0
-0.05015,1.030275056992698,-39.066,11.355056762695312,-261.59264989078576
-0.05015,1.030275056992698,-39.066,11.355056762695312,0.0
-0.04779,0.843080232773948,-39.252,10.0689697265625,-255.42940141631308
-0.04779,0.843080232773948,-39.252,10.0689697265625,0.0
-0.04543,0.718263338242698,-38.964,8.80279541015625,-251.1752264249964
-0.04543,0.718263338242698,-38.964,8.80279541015625,0.0
-0.0483799999999999,0.666291902695823,-38.964,7.543487548828126,-256.16514673025347
-0.0483799999999999,0.666291902695823,-38.964,7.543487548828126,0.0
-0.0472,0.4894730550395729,-39.27,6.256027221679688,-258.78599540663123
-0.0472,0.4894730550395729,-39.27,6.256027221679688,0.0
-0.04661,0.4894730550395729,-39.306,4.99053955078125,-255.70573265293595
-0.04661,0.4894730550395729,-39.306,4.99053955078125,0.0
-0.04484,0.3646866780864479,-38.976,3.714065551757813,-264.49937816513983
-0.04484,0.3646866780864479,-38.976,3.714065551757813,0.0
-0.04366,0.1878678304301979,-38.916,2.49664306640625,-241.12150630850672
-0.04366,0.1878678304301979,-38.916,2.49664306640625,0.0
-0.04425,0.1462723714458229,-38.964,1.218109130859375,-254.9928072489383
-0.04425,0.1462723714458229,-38.964,1.218109130859375,0.0
-0.04484,0.0110795003520729,-39.108,-0.023345947265625,-249.23812048279524
-0.04484,0.0110795003520729,-39.108,-0.023345947265625,0.0
-0.0412999999999999,-0.072111417616677,-39.144,-1.305999755859375,-260.3844516025964
-0.0412999999999999,-0.072111417616677,-39.144,-1.305999755859375,0.0
-0.04189,-0.207334806288552,-38.958,-2.5975799560546875,-264.4513104410783
-0.04189,-0.207334806288552,-38.958,-2.5975799560546875,0.0
-0.04248,-0.207334806288552,-39.108,-3.810195922851563,-242.76595931899195
-0.04248,-0.207334806288552,-39.108,-3.810195922851563,0.0
-0.0401199999999999,-0.446531583632302,-39.102,-5.0921630859375,-261.2527334593814
-0.0401199999999999,-0.446531583632302,-39.102,-5.0921630859375,0.0
-0.03835,-0.654508878554177,-39.312,-6.3686370849609375,-259.23517445628863
-0.03835,-0.654508878554177,-39.312,-6.3686370849609375,0.0
-0.0336299999999999,-0.727323819960427,-39.054,-7.671203613281251,-258.3944710015592
-0.0336299999999999,-0.727323819960427,-39.054,-7.671203613281251,0.0
-0.03953,-0.675321866835427,-38.748,-8.87420654296875,-239.0705345165972
-0.03953,-0.675321866835427,-38.748,-8.87420654296875,0.0
-0.0359899999999999,-1.018522550429177,-38.976,-10.185699462890623,-263.0878475266968
-0.0359899999999999,-1.018522550429177,-38.976,-10.185699462890623,0.0
-0.03658,-1.028929044569802,-39.228,-11.399688720703123,-241.25382706926032
-0.03658,-1.028929044569802,-39.228,-11.399688720703123,0.0
-0.03304,-1.028929044569802,-39.168,-12.707061767578123,-267.1925295066783
-0.03304,-1.028929044569802,-39.168,-12.707061767578123,0.0
-0.03127,-1.257719327772927,-39.018,-13.986282348632812,-241.59028915150117
-0.03127,-1.257719327772927,-39.018,-13.986282348632812,0.0
-0.02891,-1.424131681288552,-39.234,-15.279235839843748,-258.9532327681187
-0.02891,-1.424131681288552,-39.234,-15.279235839843748,0.0
-0.0295,-1.424131681288552,-39.276,-16.560516357421875,-230.07371477455015
-0.0295,-1.517729093397927,-39.276,-16.560516357421875,0.0
-0.02891,-1.548918058241677,-39.27,-17.852096557617188,-262.9973936463471
-0.02891,-1.548918058241677,-39.27,-17.852096557617188,0.0
-0.0271399999999999,-1.767332364882302,-39.06,-19.130630493164062,-254.0806708161554
-0.0271399999999999,-1.767332364882302,-39.06,-19.130630493164062,0.0
-0.0277299999999999,-1.725736905897927,-39.102,-20.394744873046875,-250.27012074523205
-0.0277299999999999,-1.725736905897927,-39.102,-20.394744873046875,0.0
-0.0253699999999999,-1.881712247694802,-39.126,-21.67671203613281,-257.3714441047441
-0.0253699999999999,-1.881712247694802,-39.126,-21.67671203613281,0.0
-0.0241899999999999,-2.079313566054177,-39.288,-22.92640686035156,-248.25085900208467
-0.0241899999999999,-2.079313566054177,-39.288,-22.92640686035156,0.0
-0.0200599999999999,-2.120909025038552,-39.216,-24.21249389648437,-258.5099570115308
-0.0200599999999999,-2.120909025038552,-39.216,-24.21249389648437,0.0
-0.02242,-2.193723966444802,-39.204,-25.450515747070312,-250.30769320359215
-0.02242,-2.193723966444802,-39.204,-25.450515747070312,0.0
-0.02183,-2.370512296522927,-39.168,-26.70501708984375,-264.77444971983533
-0.02183,-2.370512296522927,-39.168,-26.70501708984375,0.0
-0.0200599999999999,-2.640928556288552,-39.306,-27.997970581054688,-260.9918230140259
-0.0200599999999999,-2.640928556288552,-39.306,-27.997970581054688,0.0
-0.01829,-2.526518155897927,-39.384,-29.26071166992187,-254.63623489963973
-0.01829,-2.526518155897927,-39.384,-29.26071166992187,0.0
-0.0194699999999999,-2.620115568007302,-39.03,-30.554351806640625,-261.6586037055284
-0.0194699999999999,-2.620115568007302,-39.03,-30.554351806640625,0.0
-0.0188799999999999,-2.963316251601052,-39.168,-31.83357238769531,-273.63007081348616
-0.0188799999999999,-2.963316251601052,-39.168,-31.83357238769531,0.0
-0.01593,-2.838529874647927,-39.33,-33.09288024902344,-235.82544219610665
-0.01593,-2.838529874647927,-39.33,-33.09288024902344,0.0
-0.0177,-2.921720792616677,-39.198,-34.332275390625,-244.98816793918863
-0.0177,-2.921720792616677,-39.198,-34.332275390625,0.0
-0.01475,-3.077726651991677,-39.174,-35.63484191894531,-256.96715887205096
-0.01475,-3.077726651991677,-39.174,-35.63484191894531,0.0
-0.0135699999999999,-3.192137052382302,-39.24,-36.92298889160156,-256.96129516355427
-0.0135699999999999,-3.192137052382302,-39.24,-36.92298889160156,0.0
-0.0129799999999999,-3.192137052382302,-39.24,-38.176116943359375,-248.34087430757464
-0.0129799999999999,-3.192137052382302,-39.24,-38.176116943359375,0.0
-0.01475,-3.171324064101052,-39.162,-39.44847106933594,-262.0708807363376
-0.01475,-3.171324064101052,-39.162,-39.44847106933594,0.0
-0.00885,-3.670530607069802,-39.342,-40.760650634765625,-230.0455058609713
-0.00885,-3.670530607069802,-39.342,-40.760650634765625,0.0
-0.01062,-3.514524747694802,-39.198,-41.97944641113281,-245.3786543920464
-0.01062,-3.514524747694802,-39.198,-41.97944641113281,0.0
-0.0129799999999999,-3.556120206679177,-39.282,-43.253173828125,-251.8741184484451
-0.0129799999999999,-3.556120206679177,-39.282,-43.253173828125,0.0
-0.0094399999999999,-3.909727384413552,-39.222,-44.51728820800781,-244.2261166695104
-0.0094399999999999,-3.909727384413552,-39.222,-44.51728820800781,0.0
-0.0100299999999999,-3.909727384413552,-39.528,-45.80406188964844,-265.86233091740155
-0.0100299999999999,-3.795316984022927,-39.528,-45.80406188964844,0.0
-0.0064899999999999,-3.826536466444802,-39.402,-47.066802978515625,-249.20881959107535
-0.0064899999999999,-3.826536466444802,-39.402,-47.066802978515625,0.0
-0.0094399999999999,-3.909727384413552,-39.258,-48.31169128417969,-241.07054718544305
-0.0094399999999999,-3.909727384413552,-39.258,-48.31169128417969,0.0
-0.0047199999999999,-3.909727384413552,-39.39,-49.56207275390625,-249.57713966604896
-0.0047199999999999,-3.909727384413552,-39.39,-49.56207275390625,0.0
-0.0064899999999999,-3.847318937147927,-39.39,-50.83442687988281,-240.61159719709315
-0.0064899999999999,-3.847318937147927,-39.39,-50.83442687988281,0.0
-0.0047199999999999,-3.868131925429177,-39.132000000000005,-52.1246337890625,-254.1278135079157
-0.0047199999999999,-3.868131925429177,-39.132000000000005,-52.1246337890625,0.0
-0.00295,-4.284117032851052,-39.318,-53.38325500488281,-240.60814678293724
-0.00295,-4.284117032851052,-39.318,-53.38325500488281,0.0
-0.00295,-4.232115079726052,-39.474,-54.67552185058594,-252.8897936802792
-0.00295,-4.232115079726052,-39.474,-54.67552185058594,0.0
-0.0047199999999999,-4.211332609022927,-39.234,-55.894317626953125,-232.63901056813623
-0.0047199999999999,-4.211332609022927,-39.234,-55.894317626953125,0.0
-0.00354,-4.346525480116677,-39.492,-57.171478271484375,-258.1165409320026
-0.00354,-4.346525480116677,-39.492,-57.171478271484375,0.0
-0.0005899999999999,-4.346525480116677,-39.468,-58.50425720214844,-266.6091079545113
-0.0005899999999999,-4.388120939101052,-39.468,-58.50425720214844,0.0
-0.00413,-4.336118985976052,-39.486,-59.717559814453125,-239.4518674374281
-0.00413,-4.336118985976052,-39.486,-59.717559814453125,0.0
-0.0011799999999999,-4.211332609022927,-39.216,-61.01325988769531,-258.0047935569545
-0.0011799999999999,-4.211332609022927,-39.216,-61.01325988769531,0.0
-0.00177,-4.689726163710427,-39.396,-62.269134521484375,-260.87964972712354
-0.00177,-4.689726163710427,-39.396,-62.269134521484375,0.0
-0.0,-4.408933927382302,-39.36,-63.49548339843749,-201.07376241218185
-0.0,-4.408933927382302,-39.36,-63.49548339843749,0.0
-0.00177,-4.585722257460427,-38.81999999999999,-64.76303100585938,-251.59738138589452
-0.00177,-4.585722257460427,-38.81999999999999,-64.76303100585938,0.0
0.00177,-5.043333341444802,-38.094,-66.00929260253906,-225.1601800688116
0.00177,-5.043333341444802,-38.094,-66.00929260253906,0.0
0.0005899999999999,-4.939329435194802,-37.122,-67.23426818847656,-238.60062055666745
0.0005899999999999,-4.939329435194802,-37.122,-67.23426818847656,0.0
-0.0,-4.887327482069802,-36.384,-68.38645935058594,-236.49243885631367
-0.0,-4.887327482069802,-36.384,-68.38645935058594,0.0
0.0023599999999999,-5.292936612929177,-35.388,-69.56611633300781,-238.84530925764585
0.0023599999999999,-5.292936612929177,-35.388,-69.56611633300781,0.0
0.00177,-5.084928800429177,-34.602,-70.67161560058594,-226.02724751199983
0.00177,-5.084928800429177,-34.602,-70.67161560058594,0.0
0.00295,-5.209715177382302,-33.37799999999999,-71.73385620117188,-219.83456137919896
0.00295,-5.209715177382302,-33.37799999999999,-71.73385620117188,0.0
0.0059,-5.272123624647927,-32.454,-72.80021667480469,-214.64582802631816
0.0059,-5.272123624647927,-32.454,-72.80021667480469,0.0
0.0005899999999999,-5.084928800429177,-31.386,-73.79379272460938,-200.9660294914536
0.0005899999999999,-5.084928800429177,-31.386,-73.79379272460938,0.0
0.0059,-5.386534025038552,-29.676,-74.78668212890625,-199.7765400999692
0.0059,-5.386534025038552,-29.676,-74.78668212890625,0.0
0.0005899999999999,-5.209715177382302,-29.676,-75.70884704589844,-155.69220276728808
0.0005899999999999,-5.209715177382302,-29.676,-75.70884704589844,0.0
0.00413,-5.386534025038552,-28.944000000000003,-76.651611328125,-186.94512834155364
0.00413,-5.386534025038552,-28.944000000000003,-76.651611328125,0.0
0.00531,-5.209715177382302,-28.05,-77.5579833984375,-171.0135981719952
0.00531,-5.209715177382302,-28.05,-77.5579833984375,0.0
0.00826,-5.438535978163552,-26.736,-78.4423828125,-174.1972452358677
0.00826,-5.438535978163552,-26.736,-78.4423828125,0.0
0.0064899999999999,-5.209715177382302,-25.86,-79.25331115722656,-150.22755552549594
0.0064899999999999,-5.209715177382302,-25.86,-79.25331115722656,0.0
0.00767,-5.344908048476052,-24.792,-80.07522583007812,-157.69659878195094
0.00767,-5.344908048476052,-24.792,-80.07522583007812,0.0
0.0064899999999999,-5.261717130507302,-23.616,-80.81268310546875,-144.85509239670563
0.0064899999999999,-5.261717130507302,-23.616,-80.81268310546875,0.0
0.01062,-5.407316495741677,-22.878,-81.56112670898438,-151.5374779341292
0.01062,-5.407316495741677,-22.878,-81.56112670898438,0.0
0.0100299999999999,-5.469724943007302,-21.558,-82.28347778320312,-133.7687174480524
0.0100299999999999,-5.469724943007302,-21.558,-82.28347778320312,0.0
0.0118,-5.376127530897927,-20.898,-82.97012329101562,-128.63347842135204
0.0118,-5.376127530897927,-20.898,-82.97012329101562,0.0
0.01121,-5.428129484022927,-19.716,-83.62861633300781,-130.70524850978956
0.01121,-5.428129484022927,-19.716,-83.62861633300781,0.0
0.00885,-5.428129484022927,-18.336,-84.2266845703125,-110.67139846499607
0.00885,-5.428129484022927,-18.336,-84.2266845703125,0.0
0.01062,-5.428129484022927,-18.006,-84.82200622558594,-116.1603229800309
0.01062,-5.428129484022927,-18.006,-84.82200622558594,0.0
0.01416,-5.469724943007302,-17.076,-85.37544250488281,-116.31699859130154
0.01416,-5.469724943007302,-17.076,-85.37544250488281,0.0
0.0118,-5.438535978163552,-15.516,-85.89797973632812,-104.3405014866072
0.0118,-5.438535978163552,-15.516,-85.89797973632812,0.0
0.01416,-5.386534025038552,-15.174,-86.39511108398438,-100.83800155295803
0.01416,-5.386534025038552,-15.174,-86.39511108398438,0.0
0.01711,-5.552915860976052,-14.1,-86.86614990234375,-90.88150074458012
0.01711,-5.552915860976052,-14.1,-86.86614990234375,0.0
0.0129799999999999,-5.459318448866677,-12.642,-87.28981018066406,-83.4634118045906
0.0129799999999999,-5.459318448866677,-12.642,-87.28981018066406,0.0
0.01062,-5.428129484022927,-11.568,-87.67845153808594,-77.6971926072604
0.01062,-5.428129484022927,-11.568,-87.67845153808594,0.0
0.01416,-5.428129484022927,-11.159999999999998,-88.04374694824219,-73.96141124858416
0.01416,-5.428129484022927,-11.159999999999998,-88.04374694824219,0.0
0.01652,-5.428129484022927,-10.169999999999998,-88.39462280273438,-64.44001000781192
0.01652,-5.428129484022927,-10.169999999999998,-88.39462280273438,0.0
0.01829,-5.552915860976052,-8.796,-88.70773315429688,-58.58004706495392
0.01829,-5.552915860976052,-8.796,-88.70773315429688,0.0
0.01829,-5.500913907851052,-7.368,-88.97552490234375,-52.32351466321666
0.01829,-5.500913907851052,-7.368,-88.97552490234375,0.0
0.0135699999999999,-5.480131437147927,-6.288,-89.18701171875,-45.17983687374967
0.0135699999999999,-5.480131437147927,-6.288,-89.18701171875,0.0
0.0123899999999999,-5.428129484022927,-5.622,-89.37721252441406,-36.22872488836697
0.0123899999999999,-5.428129484022927,-5.622,-89.37721252441406,0.0
0.01534,-5.188932706679177,-5.196000000000001,-89.54681396484375,-32.048647095487944
0.01534,-5.188932706679177,-5.196000000000001,-89.54681396484375,0.0
0.0177,-5.417722989882302,-4.416,-89.69581604003906,-30.779193388833654
0.0177,-5.417722989882302,-4.416,-89.69581604003906,0.0
0.0194699999999999,-5.188932706679177,-3.5580000000000003,-89.81460571289062,-23.72945921920804
0.0194699999999999,-5.188932706679177,-3.5580000000000003,-89.81460571289062,0.0
0.0247799999999999,-5.188932706679177,-2.784,-89.92172241210938,-20.241250797204632
0.0247799999999999,-5.261717130507302,-2.784,-89.92172241210938,0.0
0.0236,-5.209715177382302,-0.978,-89.97802734375,-11.149491413960147
0.0236,-5.209715177382302,-0.978,-89.97802734375,0.0
0.02242,-5.209715177382302,-0.348,-89.99588012695312,-3.370357410445371
0.02242,-5.428129484022927,-0.348,-89.99588012695312,0.0
0.0206499999999999,-5.428129484022927,-0.072,-90.0,-0.8241394372604431
0.0206499999999999,-5.428129484022927,-0.072,-90.0,0.0
0.0206499999999999,-5.428129484022927,-0.0059999999999999,-90.00205993652344,-0.3871333440018652
0.0206499999999999,-5.428129484022927,-0.0059999999999999,-90.00205993652344,0.0
0.0206499999999999,-5.417722989882302,-0.0239999999999999,-90.00274658203125,-0.1380747049691462
0.0206499999999999,-5.417722989882302,-0.0239999999999999,-90.00274658203125,0.0
0.02242,-5.407316495741677,-0.0059999999999999,-90.00274658203125,0.0
0.0206499999999999,-5.428129484022927,0.0059999999999999,-90.0,0.5450649000286132
0.0206499999999999,-5.428129484022927,0.0059999999999999,-90.0,0.0
0.02242,-5.428129484022927,-0.0059999999999999,-90.00411987304688,-0.8274498989519836
0.02242,-5.417722989882302,-0.0059999999999999,-90.00411987304688,0.0
0.02183,-5.428129484022927,-0.0119999999999999,-90.00274658203125,0.2749331362608167
0.02183,-5.428129484022927,-0.0119999999999999,-90.00274658203125,0.0
0.02242,-5.428129484022927,0.0239999999999999,-90.00480651855469,-0.3668631386358933
0.02242,-5.230528165663552,0.0239999999999999,-90.00480651855469,0.0
0.02242,-5.220121671522927,-0.0059999999999999,-90.00274658203125,0.4174982820095444
0.02242,-5.220121671522927,-0.0059999999999999,-90.00274658203125,0.0
0.02183,-5.220121671522927,-0.0119999999999999,-90.00343322753906,-0.1135890004652549
0.02183,-5.251310636366677,-0.0119999999999999,-90.00343322753906,0.0
0.02242,-5.209715177382302,-0.0,-90.00411987304688,-0.1368910502019171
0.02242,-5.209715177382302,-0.0,-90.00411987304688,0.0
0.02242,-5.032926847304177,-0.0119999999999999,-90.00137329101562,0.5561008364539199
0.02242,-5.032926847304177,-0.0119999999999999,-90.00137329101562,0.0
0.02242,-5.428129484022927,-0.0,-90.00343322753906,-0.4083124922575475
0.02242,-5.428129484022927,-0.0,-90.00343322753906,0.0
0.02183,-5.396910001601052,-0.0,-90.00343322753906,0.0
0.02183,-5.386534025038552,0.036,-90.00343322753906,0.0
0.02183,-5.209715177382302,-0.018,-90.00274658203125,0.1326338628186324
0.02183,-5.209715177382302,-0.018,-90.00274658203125,0.0
0.02242,-5.209715177382302,0.018,-90.00205993652344,0.1374115484915117
0.02242,-5.209715177382302,0.018,-90.00205993652344,0.0
0.02183,-5.292936612929177,-0.042,-90.00411987304688,-0.4056590239146366
0.02183,-5.292936612929177,-0.042,-90.00411987304688,0.0
0.02183,-5.324125577772927,0.03,-90.00480651855469,-0.1306403173158547
0.02183,-5.324125577772927,0.03,-90.00480651855469,0.0
0.0241899999999999,-5.209715177382302,0.018,-90.00480651855469,0.0
0.0265499999999999,-5.209715177382302,-0.0059999999999999,-90.00480651855469,0.0
0.0336299999999999,-5.230528165663552,0.042,-90.00411987304688,0.1366458722017868
0.0336299999999999,-5.230528165663552,0.042,-90.00411987304688,0.0
0.04779,-5.292936612929177,0.198,-90.00205993652344,0.3923688616068624
0.04779,-5.292936612929177,0.198,-90.00205993652344,0.0
0.06431,-5.428129484022927,0.6300000000000001,-89.99176025390625,2.078644322334524
0.06431,-5.428129484022927,0.6300000000000001,-89.99176025390625,0.0
0.07906,-5.428129484022927,2.22,-89.95262145996094,8.038363923868918
0.07906,-5.428129484022927,2.22,-89.95262145996094,0.0
0.0825999999999999,-5.490537931288552,3.5819999999999994,-89.85580444335938,19.36727677567547
0.0825999999999999,-5.490537931288552,3.5819999999999994,-89.85580444335938,0.0
0.08496,-5.604917814101052,6.143999999999999,-89.70817565917969,30.653817313024557
0.08496,-5.604917814101052,6.143999999999999,-89.70817565917969,0.0
0.07847,-5.448911954726052,7.979999999999999,-89.48295593261719,45.618741454847566
0.07847,-5.448911954726052,7.979999999999999,-89.48295593261719,0.0
0.0843699999999999,-5.365721036757302,9.372,-89.21791076660156,53.25400161056899
0.0843699999999999,-5.365721036757302,9.372,-89.21791076660156,0.0
0.07847,-5.292936612929177,9.99,-88.89930725097656,64.84907706592183
0.07847,-5.292936612929177,9.99,-88.89930725097656,0.0
0.0743399999999999,-5.428129484022927,10.254,-88.57040405273438,66.31112867771094
0.0743399999999999,-5.428129484022927,10.254,-88.57040405273438,0.0
0.07316,-5.469724943007302,10.506,-88.23326110839844,68.26137767471867
0.07316,-5.469724943007302,10.506,-88.23326110839844,0.0
0.07729,-5.428129484022927,11.058,-87.87483215332031,72.10399418170836
0.07729,-5.428129484022927,11.058,-87.87483215332031,0.0
0.07847,-5.428129484022927,12.36,-87.51571655273438,67.96283129934173
0.07847,-5.428129484022927,12.36,-87.51571655273438,0.0
0.08732,-5.438535978163552,13.728,-87.10647583007812,81.35998462342847
0.08732,-5.438535978163552,13.728,-87.10647583007812,0.0
0.0796499999999999,-5.209715177382302,14.784,-86.65397644042969,85.40947331965724
0.0796499999999999,-5.209715177382302,14.784,-86.65397644042969,0.0
0.08732,-5.209715177382302,15.54,-86.15615844726562,98.2858821646354
0.08732,-5.209715177382302,15.54,-86.15615844726562,0.0
0.0914499999999999,-5.209715177382302,16.614,-85.65353393554688,102.45098078264412
0.0914499999999999,-5.209715177382302,16.614,-85.65353393554688,0.0
0.08791,-5.386534025038552,17.657999999999998,-85.11451721191406,109.06853978810938
0.08791,-5.386534025038552,17.657999999999998,-85.11451721191406,0.0
0.08142,-5.396910001601052,18.378,-84.51850891113281,118.27908330654265
0.08142,-5.396910001601052,18.378,-84.51850891113281,0.0
0.08496,-5.396910001601052,19.098,-83.93898010253906,102.28182290738314
0.08496,-5.428129484022927,19.098,-83.93898010253906,0.0
0.0890899999999999,-5.552915860976052,20.442,-83.31344604492188,125.20697710498249
0.0890899999999999,-5.552915860976052,20.442,-83.31344604492188,0.0
0.0890899999999999,-5.376127530897927,21.174,-82.64602661132812,132.79336124027762
0.0890899999999999,-5.376127530897927,21.174,-82.64602661132812,0.0
0.0885,-5.532133390272927,22.164,-81.94290161132812,139.01245551586757
0.0885,-5.532133390272927,22.164,-81.94290161132812,0.0
0.0914499999999999,-5.552915860976052,23.214,-81.20063781738281,148.12687965351924
0.0914499999999999,-5.552915860976052,23.214,-81.20063781738281,0.0
0.0885,-5.386534025038552,23.934,-80.44807434082031,149.34778260784003
0.0885,-5.386534025038552,23.934,-80.44807434082031,0.0
0.08496,-5.500913907851052,25.17,-79.67079162597656,184.32125085233525
0.08496,-5.500913907851052,25.17,-79.67079162597656,0.0
0.0914499999999999,-5.448911954726052,26.088,-78.86398315429688,159.3538360020905
0.0914499999999999,-5.448911954726052,26.088,-78.86398315429688,0.0
0.0949899999999999,-5.552915860976052,27.432,-78.01185607910156,177.5264739989116
0.0949899999999999,-5.552915860976052,27.432,-78.01185607910156,0.0
0.09322,-5.386534025038552,28.038,-77.10273742675781,164.8746195761525
0.09322,-5.386534025038552,28.038,-77.10273742675781,0.0
0.09086,-5.386534025038552,28.956,-76.19911193847656,183.5145183353741
0.09086,-5.438535978163552,28.956,-76.19911193847656,0.0
0.08732,-5.334532071913552,29.826,-75.24261474609375,191.18472763989868
0.08732,-5.334532071913552,29.826,-75.24261474609375,0.0
0.0926299999999999,-5.334532071913552,31.271999999999995,-74.27513122558594,173.63307977524656
0.0926299999999999,-5.334532071913552,31.271999999999995,-74.27513122558594,0.0
0.08555,-5.292936612929177,31.836,-73.25752258300781,206.41148936728533
0.08555,-5.292936612929177,31.836,-73.25752258300781,0.0
0.0867299999999999,-5.386534025038552,33.144,-72.20489501953125,210.4413361606541
0.0867299999999999,-5.386534025038552,33.144,-72.20489501953125,0.0
0.08555,-5.261717130507302,34.11,-71.13510131835938,198.07326442759867
0.08555,-5.261717130507302,34.11,-71.13510131835938,0.0
0.0926299999999999,-4.928922941054177,34.842,-69.99320983886719,233.22946885042217
0.0926299999999999,-4.928922941054177,34.842,-69.99320983886719,0.0
0.08968,-5.095335294569802,35.892,-68.88084411621094,227.89709540193124
0.08968,-5.095335294569802,35.892,-68.88084411621094,0.0
0.0926299999999999,-4.835325528944802,36.93000000000001,-67.71011352539062,244.05474063397835
0.0926299999999999,-4.835325528944802,36.93000000000001,-67.71011352539062,0.0
0.09204,-4.679319669569802,37.95,-66.46522521972656,244.62336523177868
0.09204,-4.679319669569802,37.95,-66.46522521972656,0.0
0.08319,-4.866514493788552,38.73,-65.26290893554688,248.20732538775644
0.08319,-4.866514493788552,38.73,-65.26290893554688,0.0
0.0825999999999999,-4.731321622694802,39.288,-64.02969360351562,252.19127444385492
0.0825999999999999,-4.731321622694802,39.288,-64.02969360351562,0.0
0.0843699999999999,-4.502531339491677,39.36,-62.73468017578125,267.564757796275
0.0843699999999999,-4.502531339491677,39.36,-62.73468017578125,0.0
0.0867299999999999,-4.772917081679177,39.36,-61.48429870605468,273.54659149572666
0.0867299999999999,-4.772917081679177,39.36,-61.48429870605468,0.0
0.08378,-4.887327482069802,39.378,-60.20027160644532,266.3404064740348
0.08378,-4.887327482069802,39.378,-60.20027160644532,0.0
0.08378,-4.606535245741677,39.048,-58.95332336425781,247.1161795856593
0.08378,-4.606535245741677,39.048,-58.95332336425781,0.0
0.08496,-4.450529386366677,39.24,-57.71186828613282,224.3728679062065
0.08496,-4.450529386366677,39.24,-57.71186828613282,0.0
0.0796499999999999,-4.616911222304177,39.336,-56.42578125,251.5327666987406
0.0796499999999999,-4.616911222304177,39.336,-56.42578125,0.0
0.08142,-4.377714444960427,39.33,-55.2117919921875,235.81764914747615
0.08142,-4.377714444960427,39.33,-55.2117919921875,0.0
0.07847,-4.294523526991677,39.51,-53.94218444824219,236.7787288227242
0.07847,-4.294523526991677,39.51,-53.94218444824219,0.0
0.07906,-4.492124845351052,39.468,-52.70072937011719,244.9595655333298
0.07906,-4.492124845351052,39.468,-52.70072937011719,0.0
0.07611,-4.294523526991677,39.342,-51.43524169921875,249.9975643815939
0.07611,-4.294523526991677,39.342,-51.43524169921875,0.0
0.0796499999999999,-4.232115079726052,39.246,-50.20477294921875,242.6960059176744
0.0796499999999999,-4.232115079726052,39.246,-50.20477294921875,0.0
0.07316,-4.294523526991677,39.324,-48.91319274902344,258.9894125116003
0.07316,-4.294523526991677,39.324,-48.91319274902344,0.0
0.0719799999999999,-4.315336515272927,39.138,-47.66624450683594,245.4139425677015
0.0719799999999999,-4.315336515272927,39.138,-47.66624450683594,0.0
0.07139,-4.315336515272927,39.264,-46.3787841796875,220.04107454228537
0.07139,-3.992918302382302,39.264,-46.3787841796875,0.0
0.0719799999999999,-3.868131925429177,39.39,-45.08171081542969,258.22682943572244
0.0719799999999999,-3.868131925429177,39.39,-45.08171081542969,0.0
0.0778799999999999,-3.992918302382302,39.372,-43.84025573730469,288.4421649915498
0.0778799999999999,-3.992918302382302,39.372,-43.84025573730469,0.0
0.0696199999999999,-3.639311124647927,39.426,-42.5994873046875,246.08655942412236
0.0696199999999999,-3.639311124647927,39.426,-42.5994873046875,0.0
0.07493,-3.618528653944802,39.378,-41.31477355957031,262.61523816796426
0.07493,-3.618528653944802,39.378,-41.31477355957031,0.0
0.07493,-3.701719571913552,39.36,-40.04928588867188,246.9244235896145
0.07493,-3.701719571913552,39.36,-40.04928588867188,0.0
0.07375,-3.701719571913552,39.174,-38.835296630859375,229.40084236832053
0.07375,-3.514524747694802,39.174,-38.835296630859375,0.0
0.07257,-3.348112394179177,39.192,-37.53135681152344,252.603607000446
0.07257,-3.348112394179177,39.192,-37.53135681152344,0.0
0.0654899999999999,-3.348112394179177,39.252,-36.22467041015625,260.50366853424833
0.0654899999999999,-3.348112394179177,39.252,-36.22467041015625,0.0
0.06608,-3.389707853163552,39.408,-35.00175476074219,242.0656471528076
0.06608,-3.389707853163552,39.408,-35.00175476074219,0.0
0.06018,-3.119322110976052,39.084,-33.69026184082031,278.3304159428012
0.06018,-3.119322110976052,39.084,-33.69026184082031,0.0
0.06018,-3.046537687147927,39.27,-32.446746826171875,246.68022508441888
0.06018,-3.046537687147927,39.27,-32.446746826171875,0.0
0.06372,-3.119322110976052,39.318,-31.16340637207031,272.81897408599593
0.06372,-3.119322110976052,39.318,-31.16340637207031,0.0
0.0654899999999999,-2.807310392226052,39.288,-29.91302490234376,245.6062600127204
0.0654899999999999,-2.807310392226052,39.288,-29.91302490234376,0.0
0.0572299999999999,-2.744932462538552,39.264,-28.65509033203125,227.84542117589777
0.0572299999999999,-2.744932462538552,39.264,-28.65509033203125,0.0
0.06254,-2.734525968397927,39.078,-27.38067626953125,255.4960029071136
0.06254,-2.734525968397927,39.078,-27.38067626953125,0.0
0.06136,-2.536924650038552,39.054,-26.1419677734375,248.93659487418577
0.06136,-2.536924650038552,39.054,-26.1419677734375,0.0
0.059,-2.422514249647927,39.216,-24.90806579589844,241.9890130493715
0.059,-2.422514249647927,39.216,-24.90806579589844,0.0
0.05782,-2.328916837538552,39.402,-23.646697998046875,251.11841486152645
0.05782,-2.328916837538552,39.402,-23.646697998046875,0.0
0.05959,-2.339323331679177,39.132000000000005,-22.301559448242188,269.9455247445316
0.05959,-2.339323331679177,39.132000000000005,-22.301559448242188,0.0
0.05841,-2.100126554335427,39.222,-21.065597534179688,238.8332201083095
0.05841,-2.100126554335427,39.222,-21.065597534179688,0.0
0.05664,-2.016935636366677,39.246,-19.802169799804688,253.14120103738605
0.05664,-2.016935636366677,39.246,-19.802169799804688,0.0
0.0530999999999999,-2.016935636366677,39.3,-18.52500915527344,230.0775796310471
0.0530999999999999,-2.068937589491677,39.3,-18.52500915527344,0.0
0.0483799999999999,-1.725736905897927,39.168,-17.2265625,252.76360819073616
0.0483799999999999,-1.725736905897927,39.168,-17.2265625,0.0
0.05251,-1.652921964491677,39.012,-15.941848754882812,284.1029953814134
0.05251,-1.652921964491677,39.012,-15.941848754882812,0.0
0.04897,-1.548918058241677,39.15,-14.69970703125,246.6524471071916
0.04897,-1.548918058241677,39.15,-14.69970703125,0.0
0.0483799999999999,-1.548918058241677,39.36600000000001,-13.4747314453125,223.33192086342245
0.0483799999999999,-1.465727140272927,39.36600000000001,-13.4747314453125,0.0
0.04897,-1.372129728163552,39.246,-12.161865234375,267.16854109435394
0.04897,-1.372129728163552,39.246,-12.161865234375,0.0
0.04779,-1.205717374647927,39.09,-10.914230346679688,215.62994948067785
0.04779,-1.205717374647927,39.09,-10.914230346679688,0.0
0.04897,-1.268125821913552,39.048,-9.663162231445312,251.16806168122395
0.04897,-1.268125821913552,39.048,-9.663162231445312,0.0
0.0483799999999999,-0.924925138319802,39.03,-8.397674560546875,233.2696167559778
0.0483799999999999,-0.924925138319802,39.03,-8.397674560546875,0.0
0.04366,-0.872923185194802,39.378,-7.1431732177734375,247.68042305488123
0.04366,-0.872923185194802,39.378,-7.1431732177734375,0.0
0.04366,-0.872923185194802,39.018,-5.833740234375,244.115023004922
0.04366,-0.852110196913552,39.018,-5.833740234375,0.0
0.04425,-0.571317960585427,38.952,-4.563446044921875,254.21136471001964
0.04425,-0.571317960585427,38.952,-4.563446044921875,0.0
0.04307,-0.508909513319802,39.054,-3.3075714111328125,247.75589540167692
0.04307,-0.508909513319802,39.054,-3.3075714111328125,0.0
0.0412999999999999,-0.404936124647927,39.156,-2.0084381103515625,265.2916685279411
0.0412999999999999,-0.404936124647927,39.156,-2.0084381103515625,0.0
0.03835,-0.332121183241677,39.108,-0.737457275390625,254.0945291810028
0.03835,-0.332121183241677,39.108,-0.737457275390625,0.0
0.03658,-0.207334806288552,39.084,0.560302734375,259.34452633208195
0.03658,-0.207334806288552,39.084,0.560302734375,0.0
0.0359899999999999,-0.155332853163552,39.138,1.759185791015625,266.71480681626423
0.0359899999999999,-0.155332853163552,39.138,1.759185791015625,0.0
0.0371699999999999,-0.030515958632302,39.108,3.02947998046875,254.9255848787052
0.0371699999999999,-0.030515958632302,39.108,3.02947998046875,0.0
0.0336299999999999,0.1878678304301979,39.264,4.327239990234375,214.04585349928465
0.0336299999999999,0.1878678304301979,39.264,4.327239990234375,0.0
0.0336299999999999,0.3646866780864479,38.928,5.607833862304688,255.2509212812279
0.0336299999999999,0.3646866780864479,38.928,5.607833862304688,0.0
0.0336299999999999,0.3646866780864479,38.826,6.84722900390625,241.17438054127533
0.0336299999999999,0.3646866780864479,38.826,6.84722900390625,0.0
0.03422,0.541475008164573,39.054,8.092117309570312,252.66659339592664
0.03422,0.541475008164573,39.054,8.092117309570312,0.0
0.03186,0.541475008164573,39.162,9.339752197265623,241.83657447126663
0.03186,0.593476961289573,39.162,9.339752197265623,0.0
0.03127,0.666291902695823,39.246,10.647125244140623,263.5301445016569
0.03127,0.666291902695823,39.246,10.647125244140623,0.0
0.03068,0.811891267930198,39.036,11.93115234375,250.54187309487932
0.03068,0.811891267930198,39.036,11.93115234375,0.0
0.03068,0.905488680039573,38.946,13.220672607421877,257.18393770865026
0.03068,0.905488680039573,38.946,13.220672607421877,0.0
0.03009,0.947084139023948,39.156,14.486846923828123,255.8961835906513
0.03009,0.947084139023948,39.156,14.486846923828123,0.0
0.0277299999999999,1.030275056992698,39.168,15.749588012695314,263.016265125403
0.0277299999999999,1.030275056992698,39.168,15.749588012695314,0.0
0.0241899999999999,1.227876375352073,38.958,17.063140869140625,261.87257903626715
0.0241899999999999,1.227876375352073,38.958,17.063140869140625,0.0
0.0241899999999999,1.227876375352073,39.054,18.339614868164062,256.8875023196626
0.0241899999999999,1.321473787461448,39.054,18.339614868164062,0.0
0.0247799999999999,1.404664705430198,39.03,19.55772399902344,243.6705602840311
0.0247799999999999,1.404664705430198,39.03,19.55772399902344,0.0
0.0241899999999999,1.404664705430198,39.204,20.900802612304688,270.0198257499192
0.0241899999999999,1.591890047227073,39.204,20.900802612304688,0.0
0.02124,1.747865389023948,38.976,22.159423828125,252.88752578283152
0.02124,1.747865389023948,38.976,22.159423828125,0.0
0.02242,1.758271883164573,38.814,23.437271118164062,259.3034273622177
0.02242,1.758271883164573,38.814,23.437271118164062,0.0
0.02242,1.883088777695823,38.844,24.734344482421875,267.6033348995946
0.02242,1.883088777695823,38.844,24.734344482421875,0.0
0.02301,1.976686189805198,39.264,25.953826904296875,249.8939389088117
0.02301,1.976686189805198,39.264,25.953826904296875,0.0
0.01652,2.070283601914573,39.228,27.26875305175781,262.6175649009997
0.01652,2.070283601914573,39.228,27.26875305175781,0.0
0.01711,2.039064119492698,38.940000000000005,28.549346923828125,259.07219746531
0.01711,2.039064119492698,38.940000000000005,28.549346923828125,0.0
0.01593,2.278291414414573,39.012,29.83612060546875,261.1147892936027
0.01593,2.278291414414573,39.012,29.83612060546875,0.0
0.01652,2.455079744492698,39.00000000000001,31.087188720703125,243.730394551763
0.01652,2.455079744492698,39.00000000000001,31.087188720703125,0.0
0.01475,2.340669344102073,39.234,32.36846923828125,233.08723259599333
0.01475,2.340669344102073,39.234,32.36846923828125,0.0
0.0135699999999999,2.735871980820823,39.012,33.67927551269531,260.02901694358263
0.0135699999999999,2.735871980820823,39.012,33.67927551269531,0.0
0.0135699999999999,2.735871980820823,38.928,34.92897033691406,233.98143123417967
0.0135699999999999,2.798280428086448,38.928,34.92897033691406,0.0
0.01121,2.756684969102073,39.144,36.231536865234375,260.87853561397867
0.01121,2.756684969102073,39.144,36.231536865234375,0.0
0.01534,2.798280428086448,39.126,37.47711181640625,250.01504439428115
0.01534,2.798280428086448,39.126,37.47711181640625,0.0
0.00885,2.933473299180198,39.06,38.799591064453125,244.58650786861224
0.00885,2.933473299180198,39.06,38.799591064453125,0.0
0.0100299999999999,2.985475252305198,38.916,40.02044677734375,242.7148534578264
0.0100299999999999,2.985475252305198,38.916,40.02044677734375,0.0
0.0100299999999999,2.943879793320823,38.88,41.29417419433594,251.22828737501345
0.0100299999999999,2.943879793320823,38.88,41.29417419433594,0.0
0.01062,3.287080476914573,39.042,42.53150939941406,253.6562536032893
0.01062,3.287080476914573,39.042,42.53150939941406,0.0
0.00531,3.370271394883323,39.342,43.88008117675781,242.5925125638584
0.00531,3.370271394883323,39.342,43.88008117675781,0.0
0.0059,3.380677889023948,38.97,45.14900207519531,255.26471503482367
0.0059,3.380677889023948,38.97,45.14900207519531,0.0
0.0064899999999999,3.661470125352073,38.886,46.36436462402344,237.93315364718904
0.0064899999999999,3.661470125352073,38.886,46.36436462402344,0.0
0.0059,3.723878572617698,39.078,47.66075134277344,261.73767792244854
0.0059,3.723878572617698,39.078,47.66075134277344,0.0
0.0059,3.630281160508323,39.294,48.89259338378906,254.1976972792983
0.0059,3.630281160508323,39.294,48.89259338378906,0.0
0.00177,3.723878572617698,39.066,50.19447326660156,260.2198446555979
0.00177,3.723878572617698,39.066,50.19447326660156,0.0
0.00295,3.744691560898948,38.934,51.46064758300781,253.43761337166595
0.00295,3.744691560898948,38.934,51.46064758300781,0.0
0.0047199999999999,3.692689607773948,38.85,52.67738342285156,243.78598273748415
0.0047199999999999,3.692689607773948,38.85,52.67738342285156,0.0
0.0059,3.557466219102073,39.012,53.90785217285156,247.8285498490148
0.0059,3.557466219102073,39.012,53.90785217285156,0.0
0.0011799999999999,3.983888338242698,39.324,55.22552490234375,258.62075161784406
0.0011799999999999,3.983888338242698,39.324,55.22552490234375,0.0
0.0005899999999999,4.046266267930198,38.98199999999999,56.4971923828125,254.99648695985317
0.0005899999999999,4.046266267930198,38.98199999999999,56.4971923828125,0.0
0.00354,3.848664949570823,38.91,57.7606201171875,254.31315104140097
0.00354,3.848664949570823,38.91,57.7606201171875,0.0
0.00177,4.347871492539573,39.078,58.989028930664055,245.73090887718595
0.00177,4.347871492539573,39.078,58.989028930664055,0.0
0.00177,4.316682527695823,39.276,60.24215698242188,249.52768852222965
0.00177,4.316682527695823,39.276,60.24215698242188,0.0
0.0005899999999999,4.191865633164573,39.18,61.5509033203125,261.2789654402709
0.0005899999999999,4.191865633164573,39.18,61.5509033203125,0.0
-0.0,4.399873445664573,38.802,62.79716491699219,248.8044712875626
-0.0,4.399873445664573,38.802,62.79716491699219,0.0
-0.0,4.503877351914573,38.85,64.08050537109375,260.31246533491515
-0.0,4.503877351914573,38.85,64.08050537109375,0.0
-0.0,4.347871492539573,38.55,65.26016235351562,237.35552966234235
-0.0,4.347871492539573,38.55,65.26016235351562,0.0
-0.0,4.368684480820823,37.518,66.49887084960938,246.26411453131703
-0.0,4.368684480820823,37.518,66.49887084960938,0.0
-0.0005899999999999,4.368684480820823,36.372,67.7362060546875,244.24303298031663
-0.0005899999999999,4.566285799180198,36.372,67.7362060546875,0.0
-0.00177,4.379090974961448,35.459999999999994,68.90899658203125,236.0689467282366
-0.00177,4.379090974961448,35.459999999999994,68.90899658203125,0.0
-0.00177,4.639070223008323,34.488,70.02410888671875,250.5870347609197
-0.00177,4.639070223008323,34.488,70.02410888671875,0.0
-0.00177,4.587068269883323,33.858,71.13784790039062,225.68166437105236
-0.00177,4.587068269883323,33.858,71.13784790039062,0.0
-0.0047199999999999,4.399873445664573,33.018,72.24884033203125,221.5780677383363
-0.0047199999999999,4.399873445664573,33.018,72.24884033203125,0.0
-0.00767,4.722291658555198,31.734,73.28292846679688,206.07575423817096
-0.00767,4.722291658555198,31.734,73.28292846679688,0.0
-0.0047199999999999,4.722291658555198,30.786,74.278564453125,174.979962448222
-0.0047199999999999,4.722291658555198,30.786,74.278564453125,0.0
-0.00413,4.847078035508323,29.748,75.24398803710938,193.04610757563293
-0.00413,4.847078035508323,29.748,75.24398803710938,0.0
-0.0047199999999999,4.607881258164573,29.046000000000003,76.19293212890625,176.48207026178645
-0.0047199999999999,4.607881258164573,29.046000000000003,76.19293212890625,0.0
-0.0047199999999999,4.847078035508323,27.936,77.10479736328125,182.2272650629655
-0.0047199999999999,4.847078035508323,27.936,77.10479736328125,0.0
-0.00708,4.743074129258323,27.084,77.98164367675781,163.40781093502864
-0.00708,4.743074129258323,27.084,77.98164367675781,0.0
-0.00767,4.774263094102073,25.812,78.83651733398438,171.97217003157763
-0.00767,4.774263094102073,25.812,78.83651733398438,0.0
-0.00885,4.680665681992698,25.062,79.6563720703125,163.77441796378264
-0.00885,4.680665681992698,25.062,79.6563720703125,0.0
-0.0094399999999999,4.847078035508323,24.06,80.43502807617188,162.72852787035688
-0.0094399999999999,4.847078035508323,24.06,80.43502807617188,0.0
-0.00826,4.618287752305198,23.076,81.18209838867188,139.71765709742647
-0.00826,4.618287752305198,23.076,81.18209838867188,0.0
-0.0094399999999999,4.618287752305198,22.092,81.9085693359375,135.99231509993433
-0.0094399999999999,4.743074129258323,22.092,81.9085693359375,0.0
-0.00826,4.847078035508323,21.18,82.57942199707031,134.52028496748193
-0.00826,4.847078035508323,21.18,82.57942199707031,0.0
-0.01475,4.847078035508323,20.520000000000003,83.25370788574219,137.1614907792307
-0.01475,4.847078035508323,20.520000000000003,83.25370788574219,0.0
-0.0135699999999999,4.867891023789573,19.044,83.92318725585938,133.97625977922394
-0.0135699999999999,4.867891023789573,19.044,83.92318725585938,0.0
-0.0118,4.826265047227073,17.616000000000003,84.51370239257812,115.99197342720588
-0.0118,4.826265047227073,17.616000000000003,84.51370239257812,0.0
-0.0123899999999999,4.919862459336448,17.208000000000002,85.07675170898438,114.74410360829822
-0.0123899999999999,4.919862459336448,17.208000000000002,85.07675170898438,0.0
-0.0118,4.899079988633323,16.284000000000002,85.61851501464844,100.90581219293864
-0.0118,4.899079988633323,16.284000000000002,85.61851501464844,0.0
-0.01416,4.899079988633323,15.192,86.12457275390625,101.21154785165456
-0.01416,4.899079988633323,15.192,86.12457275390625,0.0
-0.0123899999999999,4.722291658555198,14.598,86.58599853515625,84.7897429713003
-0.0123899999999999,4.722291658555198,14.598,86.58599853515625,0.0
-0.01593,4.888673494492698,13.602,87.0556640625,94.34823771480546
-0.01593,4.888673494492698,13.602,87.0556640625,0.0
-0.01475,4.867891023789573,12.168,87.47657775878906,76.40473702827957
-0.01475,4.867891023789573,12.168,87.47657775878906,0.0
-0.0129799999999999,4.857484529648948,11.1,87.84461975097656,73.770693964088
-0.0129799999999999,4.857484529648948,11.1,87.84461975097656,0.0
-0.01121,4.722291658555198,10.326,88.17832946777344,67.7858453781288
-0.01121,4.722291658555198,10.326,88.17832946777344,0.0
-0.01416,4.899079988633323,9.78,88.52096557617188,69.10772658295646
-0.01416,4.899079988633323,9.78,88.52096557617188,0.0
-0.0177,4.826265047227073,8.526,88.82102966308594,64.07518405168972
-0.0177,4.826265047227073,8.526,88.82102966308594,0.0
-0.0177,4.847078035508323,7.188,89.08332824707031,52.67039839040169
-0.0177,4.847078035508323,7.188,89.08332824707031,0.0
-0.01475,4.878267000352073,5.742,89.29481506347656,44.96849168742608
-0.01475,4.878267000352073,5.742,89.29481506347656,0.0
-0.01475,4.847078035508323,5.142,89.47196960449219,35.114874334149086
-0.01475,4.847078035508323,5.142,89.47196960449219,0.0
-0.01416,4.847078035508323,4.314000000000001,89.61685180664062,30.507938965744128
-0.01416,4.847078035508323,4.314000000000001,89.61685180664062,0.0
-0.0135699999999999,4.899079988633323,3.6,89.74388122558594,25.28955185050749
-0.0135699999999999,4.899079988633323,3.6,89.74388122558594,0.0
-0.0177,4.899079988633323,2.73,89.84619140625,22.837093898223507
-0.0177,4.899079988633323,2.73,89.84619140625,0.0
-0.0129799999999999,4.888673494492698,1.68,89.9066162109375,12.11889384024693
-0.0129799999999999,4.888673494492698,1.68,89.9066162109375,0.0
-0.0177,4.888673494492698,1.116,89.95399475097656,9.534823916087158
-0.0177,4.857484529648948,1.116,89.95399475097656,0.0
-0.01593,4.878267000352073,0.51,89.97871398925781,4.969690044477054
-0.01593,4.878267000352073,0.51,89.97871398925781,0.0
-0.01652,4.847078035508323,0.228,89.99176025390625,2.6522188754695737
-0.01652,4.847078035508323,0.228,89.99176025390625,0.0
-0.01593,4.826265047227073,0.0959999999999999,89.99794006347656,1.2312830385150777
-0.01593,4.826265047227073,0.0959999999999999,89.99794006347656,0.0
-0.01652,4.857484529648948,0.0479999999999999,89.99725341796875,-0.1379360200504914
-0.01652,4.857484529648948,0.0479999999999999,89.99725341796875,0.0
-0.01593,4.847078035508323,0.036,90.0,0.5663055734547207
-0.01593,4.847078035508323,0.036,90.0,0.0
-0.01652,4.847078035508323,0.042,90.00205993652344,0.4082315742042323
-0.01652,4.847078035508323,0.042,90.00205993652344,0.0
-0.0177,4.857484529648948,0.0059999999999999,90.00205993652344,0.0
-0.01593,4.857484529648948,0.0059999999999999,90.00068664550781,-0.278558015339663
-0.01593,4.847078035508323,0.0059999999999999,90.00068664550781,0.0
-0.01829,4.836671541367698,-0.0059999999999999,90.00480651855469,0.830787063294096
-0.01829,4.836671541367698,-0.0059999999999999,90.00480651855469,0.0
-0.01652,4.847078035508323,-0.0,90.00274658203125,-0.4115757289587849
-0.01652,4.847078035508323,-0.0,90.00274658203125,0.0
-0.0188799999999999,4.847078035508323,0.0059999999999999,90.00480651855469,0.4133098963564012
-0.01829,4.847078035508323,-0.0239999999999999,90.00274658203125,-0.4101825016792121
-0.01829,4.847078035508323,-0.0239999999999999,90.00274658203125,0.0
-0.01829,4.847078035508323,0.0119999999999999,90.00205993652344,-0.1338229405210738
-0.01829,4.847078035508323,0.0119999999999999,90.00205993652344,0.0
-0.01829,4.847078035508323,-0.018,90.00343322753906,0.2728573446504488
-0.01829,4.847078035508323,-0.018,90.00343322753906,0.0
-0.0177,4.847078035508323,-0.0239999999999999,90.00274658203125,-0.1369183465229253
-0.0177,4.847078035508323,-0.0239999999999999,90.00274658203125,0.0
-0.0188799999999999,4.847078035508323,-0.0,90.00343322753906,0.1405908083152994
-0.0188799999999999,4.847078035508323,-0.0,90.00343322753906,0.0
-0.0188799999999999,4.847078035508323,0.018,90.00480651855469,0.2772644893246277
-0.0188799999999999,4.847078035508323,0.018,90.00480651855469,0.0
-0.0200599999999999,4.878267000352073,-0.0059999999999999,90.00343322753906,-0.2752086203661573
-0.0200599999999999,4.878267000352073,-0.0059999999999999,90.00343322753906,0.0
-0.0259599999999999,4.847078035508323,-0.0,90.00274658203125,-0.1421626310171297
-0.0259599999999999,4.847078035508323,-0.0,90.00274658203125,0.0
-0.0359899999999999,4.878267000352073,-0.0479999999999999,90.00274658203125,0.0
-0.05133,4.857484529648948,-0.33,90.00137329101562,-0.2818741821895154
-0.05133,4.857484529648948,-0.33,90.00137329101562,0.0
-0.0696199999999999,4.888673494492698,-0.906,89.98626708984375,-2.796926712071355
-0.0696199999999999,4.888673494492698,-0.906,89.98626708984375,0.0
-0.08791,4.899079988633323,-2.55,89.93545532226562,-10.105761252618796
-0.08791,4.899079988633323,-2.55,89.93545532226562,0.0
-0.08319,4.951081941758323,-4.944,89.81666564941406,-24.041625754270136
-0.08319,4.951081941758323,-4.944,89.81666564941406,0.0
-0.0825999999999999,4.867891023789573,-7.313999999999999,89.61135864257812,-40.91411056919861
-0.0825999999999999,4.867891023789573,-7.313999999999999,89.61135864257812,0.0
-0.0802399999999999,4.899079988633323,-8.892,89.3353271484375,-55.41688298345336
-0.0802399999999999,4.899079988633323,-8.892,89.3353271484375,0.0
-0.0825999999999999,4.847078035508323,-9.438,89.04075622558594,-59.174552601660814
-0.0825999999999999,4.847078035508323,-9.438,89.04075622558594,0.0
-0.07021,4.940675447617698,-9.6,88.72146606445312,-63.94755880890885
-0.07021,4.940675447617698,-9.6,88.72146606445312,0.0
-0.07611,5.055085848008323,-10.254,88.39324951171875,-66.61590272675194
-0.07611,5.055085848008323,-10.254,88.39324951171875,0.0
-0.08732,4.899079988633323,-10.854,88.06365966796875,-65.31705187267717
-0.08732,4.899079988633323,-10.854,88.06365966796875,0.0
-0.0796499999999999,5.023866365586448,-12.234,87.67433166503906,-77.85003057993163
-0.0796499999999999,5.023866365586448,-12.234,87.67433166503906,0.0
-0.0796499999999999,5.034272859727073,-13.308,87.28019714355469,-65.56887730565921
-0.0796499999999999,5.034272859727073,-13.308,87.28019714355469,0.0
-0.0867299999999999,4.899079988633323,-14.340000000000002,86.81877136230469,-92.80486348534528
-0.0867299999999999,4.899079988633323,-14.340000000000002,86.81877136230469,0.0
-0.09086,4.899079988633323,-14.832,86.34086608886719,-83.11396059773735
-0.09086,4.899079988633323,-14.832,86.34086608886719,0.0
-0.08083,5.023866365586448,-16.062,85.84854125976562,-99.60041050006797
-0.08083,5.023866365586448,-16.062,85.84854125976562,0.0
-0.08083,5.023866365586448,-17.171999999999997,85.29991149902344,-101.37283088349824
-0.08083,5.023866365586448,-17.171999999999997,85.29991149902344,0.0
-0.0867299999999999,4.951081941758323,-17.85,84.72999572753906,-114.28028303276356
-0.0867299999999999,4.951081941758323,-17.85,84.72999572753906,0.0
-0.08968,4.951081941758323,-18.87,84.13673400878906,-114.70644214033284
-0.08968,5.075868318711448,-18.87,84.13673400878906,0.0
-0.07906,5.023866365586448,-19.812,83.52287292480469,-122.91972046116778
-0.07906,5.023866365586448,-19.812,83.52287292480469,0.0
-0.08319,4.847078035508323,-20.568,82.83622741699219,-145.75366330130512
-0.08319,4.847078035508323,-20.568,82.83622741699219,0.0
-0.09204,5.075868318711448,-21.576,82.15370178222656,-137.0258250884394
-0.09204,5.075868318711448,-21.576,82.15370178222656,0.0
-0.0926299999999999,4.971864412461448,-22.776,81.44920349121094,-138.57165440914733
-0.0926299999999999,4.971864412461448,-22.776,81.44920349121094,0.0
-0.08378,4.899079988633323,-23.784,80.68702697753906,-153.66461969156398
-0.08378,4.899079988633323,-23.784,80.68702697753906,0.0
-0.08555,5.023866365586448,-24.75,79.9310302734375,-149.1411923654902
-0.08555,5.023866365586448,-24.75,79.9310302734375,0.0
-0.0843699999999999,4.836671541367698,-25.65,79.07135009765625,-172.45339534210723
-0.0843699999999999,4.836671541367698,-25.65,79.07135009765625,0.0
-0.09558,5.023866365586448,-26.862,78.23982238769531,-164.95292798301008
-0.09558,5.023866365586448,-26.862,78.23982238769531,0.0
-0.0938099999999999,4.836671541367698,-27.582,77.31765747070312,-187.39380552589824
-0.0938099999999999,4.836671541367698,-27.582,77.31765747070312,0.0
-0.0949899999999999,5.023866365586448,-28.338,76.42913818359375,-179.31771687390585
-0.0949899999999999,5.023866365586448,-28.338,76.42913818359375,0.0
-0.0867299999999999,4.847078035508323,-29.394,75.48362731933594,-190.20536396209272
-0.0867299999999999,4.847078035508323,-29.394,75.48362731933594,0.0
-0.0938099999999999,5.023866365586448,-30.666,74.52713012695312,-192.299395332126
-0.0938099999999999,5.023866365586448,-30.666,74.52713012695312,0.0
-0.08319,4.826265047227073,-31.518,73.49647521972656,-207.2084654655572
-0.08319,4.826265047227073,-31.518,73.49647521972656,0.0
-0.09322,4.888673494492698,-32.64,72.48779296875,-200.89270085176415
-0.09322,4.888673494492698,-32.64,72.48779296875,0.0
-0.0867299999999999,4.857484529648948,-33.408,71.36993408203125,-220.35460018128447
-0.0867299999999999,4.857484529648948,-33.408,71.36993408203125,0.0
-0.0902699999999999,4.670289705430198,-34.308,70.30426025390625,-216.9531409047293
-0.0902699999999999,4.670289705430198,-34.308,70.30426025390625,0.0
-0.08732,4.857484529648948,-35.28,69.20150756835938,-218.9739248508941
-0.08732,4.857484529648948,-35.28,69.20150756835938,0.0
-0.0944,4.545472810898948,-36.54,68.01155090332031,-236.10251290485985
-0.0944,4.545472810898948,-36.54,68.01155090332031,0.0
-0.09086,4.722291658555198,-37.62,66.81884765625,-240.1254775656251
-0.09086,4.722291658555198,-37.62,66.81884765625,0.0
-0.0890899999999999,4.670289705430198,-38.214,65.56365966796875,-258.801647068049
-0.0890899999999999,4.670289705430198,-38.214,65.56365966796875,0.0
-0.08496,4.327089021836448,-38.832,64.33387756347656,-246.647032590274
-0.08496,4.327089021836448,-38.832,64.33387756347656,0.0
-0.08968,4.347871492539573,-39.144,63.02032470703124,-263.6068345259274
-0.08968,4.347871492539573,-39.144,63.02032470703124,0.0
-0.08555,4.347871492539573,-39.15,61.80358886718749,-239.5149291027876
-0.08555,4.441468904648948,-39.15,61.80358886718749,0.0
-0.08614,4.347871492539573,-39.138,60.497589111328125,-261.4090784343308
-0.08614,4.347871492539573,-39.138,60.497589111328125,0.0
-0.08555,4.202272127305198,-38.772,59.24583435058593,-255.0437572824172
-0.08555,4.202272127305198,-38.772,59.24583435058593,0.0
-0.0890899999999999,4.399873445664573,-38.898,57.973480224609375,-259.5581652338269
-0.0890899999999999,4.399873445664573,-38.898,57.973480224609375,0.0
-0.08732,4.472688387070823,-39.054,56.722412109375,-251.4204411645047
-0.08732,4.472688387070823,-39.054,56.722412109375,0.0
-0.08142,4.035890291367698,-39.042,55.421905517578125,-268.1456890300245
-0.08142,4.035890291367698,-39.042,55.421905517578125,0.0
-0.08142,4.098268221055198,-38.922,54.17701721191406,-255.4665104993185
-0.08142,4.098268221055198,-38.922,54.17701721191406,0.0
-0.08378,4.077485750352073,-38.868,52.94654846191406,-243.4161721068876
-0.08378,4.077485750352073,-38.868,52.94654846191406,0.0
-0.0820099999999999,3.734285066758323,-39.048,51.66664123535156,-252.14878379863356
-0.0820099999999999,3.734285066758323,-39.048,51.66664123535156,0.0
-0.08142,3.744691560898948,-39.198,50.44303894042969,-243.0675993093207
-0.08142,3.744691560898948,-39.198,50.44303894042969,0.0
-0.0755199999999999,3.775880525742698,-39.108,49.10820007324219,-271.75058371056303
-0.0755199999999999,3.775880525742698,-39.108,49.10820007324219,0.0
-0.07729,3.703065584336448,-38.868,47.885284423828125,-240.87367528344748
-0.07729,3.703065584336448,-38.868,47.885284423828125,0.0
-0.0755199999999999,3.599092195664573,-38.952,46.60125732421875,-258.615730032175
-0.0755199999999999,3.599092195664573,-38.952,46.60125732421875,0.0
-0.07611,3.682283113633323,-39.156,45.35636901855469,-246.9526494073941
-0.07611,3.682283113633323,-39.156,45.35636901855469,0.0
-0.07316,3.682283113633323,-39.084,44.06341552734375,-258.332365876464
-0.07316,3.682283113633323,-39.084,44.06341552734375,0.0
-0.07021,3.307862947617698,-38.964,42.77801513671875,-256.51574348952306
-0.07021,3.307862947617698,-38.964,42.77801513671875,0.0
-0.07316,3.359864900742698,-38.952,41.55441284179688,-247.2922988929172
-0.07316,3.359864900742698,-38.952,41.55441284179688,0.0
-0.07257,3.276673982773948,-39.006,40.29510498046875,-249.2198419408664
-0.07257,3.276673982773948,-39.006,40.29510498046875,0.0
-0.06844,3.016664217148948,-39.3,39.00764465332031,-247.0658850798832
-0.06844,3.016664217148948,-39.3,39.00764465332031,0.0
-0.06608,2.985475252305198,-39.102,37.72361755371094,-259.1899676233821
-0.06608,2.985475252305198,-39.102,37.72361755371094,0.0
-0.07021,3.006288240586448,-38.76,36.45195007324219,-252.36504871324792
-0.07021,3.006288240586448,-38.76,36.45195007324219,0.0
-0.06903,2.902284334336448,-39.012,35.21942138671875,-246.0137098849851
-0.06903,2.902284334336448,-39.012,35.21942138671875,0.0
-0.06608,2.808686922227073,-39.216,33.98139953613281,-256.90430599430005
-0.06608,2.808686922227073,-39.216,33.98139953613281,0.0
-0.0672599999999999,2.808686922227073,-39.228,32.67951965332031,-260.7410139821316
-0.0672599999999999,2.808686922227073,-39.228,32.67951965332031,0.0
-0.06372,2.704683015977073,-39.00000000000001,31.40922546386719,-256.72881759365777
-0.06372,2.704683015977073,-39.00000000000001,31.40922546386719,0.0
-0.07021,2.496675203477073,-38.916,30.135498046875,-253.78111516060835
-0.07021,2.496675203477073,-38.916,30.135498046875,0.0
-0.0672599999999999,2.413484285508323,-39.162,28.855590820312496,-255.4705043039629
-0.0672599999999999,2.413484285508323,-39.162,28.855590820312496,0.0
-0.06844,2.392671297227073,-39.15,27.602462768554688,-257.2101912471819
-0.06844,2.392671297227073,-39.15,27.602462768554688,0.0
-0.0631299999999999,2.392671297227073,-39.00000000000001,26.312255859375,-260.3848454451848
-0.0631299999999999,2.111879060898948,-39.00000000000001,26.312255859375,0.0
-0.0631299999999999,2.111879060898948,-38.85,25.05088806152344,-254.20552153365605
-0.0631299999999999,2.111879060898948,-38.85,25.05088806152344,0.0
-0.06372,2.111879060898948,-39.006,23.801193237304688,-250.69103795737703
-0.06372,2.111879060898948,-39.006,23.801193237304688,0.0
-0.05959,1.893464754258323,-39.144,22.51922607421875,-256.4960310295736
-0.05959,1.893464754258323,-39.144,22.51922607421875,0.0
-0.0560499999999999,1.851869295273948,-39.204,21.23451232910156,-258.23391861643114
-0.0560499999999999,1.851869295273948,-39.204,21.23451232910156,0.0
-0.0572299999999999,1.727082918320823,-38.85,19.996490478515625,-250.71321397063997
-0.0572299999999999,1.727082918320823,-38.85,19.996490478515625,0.0
-0.06136,1.591890047227073,-38.892,18.77357482910156,-243.8515751573308
-0.06136,1.591890047227073,-38.892,18.77357482910156,0.0
-0.0560499999999999,1.425477693711448,-39.108,17.477874755859375,-258.0561786979428
-0.0560499999999999,1.425477693711448,-39.108,17.477874755859375,0.0
-0.0548699999999999,1.363069246445823,-39.3,16.21307373046875,-254.58957837948944
-0.0548699999999999,1.363069246445823,-39.3,16.21307373046875,0.0
-0.05015,1.259065340195823,-38.892,14.909820556640623,-262.8586474037105
-0.05015,1.259065340195823,-38.892,14.909820556640623,0.0
-0.0507399999999999,1.165467928086448,-38.88,13.664932250976562,-247.00164794951547
-0.0507399999999999,1.165467928086448,-38.88,13.664932250976562,0.0
-0.0507399999999999,1.009462068711448,-38.98199999999999,12.416610717773438,-255.9084733918554
-0.0507399999999999,1.009462068711448,-38.98199999999999,12.416610717773438,0.0
-0.0519199999999999,0.978273103867698,-39.156,11.17034912109375,-244.84510740290085
-0.0519199999999999,0.978273103867698,-39.156,11.17034912109375,0.0
-0.04602,0.707887361680198,-39.27,9.894561767578123,-259.9933469563639
-0.04602,0.707887361680198,-39.27,9.894561767578123,0.0
-0.04779,0.697480867539573,-38.928,8.635940551757812,-254.98809072530952
-0.04779,0.697480867539573,-38.928,8.635940551757812,0.0
-0.0495599999999999,0.666291902695823,-38.98800000000001,7.421951293945312,-220.16489985754464
-0.0495599999999999,0.666291902695823,-38.98800000000001,7.421951293945312,0.0
-0.04602,0.4998795491801979,-39.21,6.14410400390625,-261.7466796477641
-0.04602,0.4998795491801979,-39.21,6.14410400390625,0.0
-0.04248,0.4686905843364479,-39.192,4.862823486328125,-264.01823976486463
-0.04248,0.4686905843364479,-39.192,4.862823486328125,0.0
-0.04366,0.3126847249614479,-39.018,3.622055053710937,-248.35236841789612
-0.04366,0.3126847249614479,-39.018,3.622055053710937,0.0
-0.04425,0.1878678304301979,-38.958,2.38128662109375,-254.09961757507944
-0.04425,0.1878678304301979,-38.958,2.38128662109375,0.0
-0.0412999999999999,0.0838639241801979,-39.018,1.0951995849609375,-258.30227678877367
-0.0412999999999999,0.0838639241801979,-39.018,1.0951995849609375,0.0
-0.04189,-0.030515958632302,-39.21,-0.1483154296875,-252.02979623976165
-0.04189,-0.030515958632302,-39.21,-0.1483154296875,0.0
-0.0389399999999999,-0.155332853163552,-39.216,-1.4591217041015625,-263.58461178610014
-0.0389399999999999,-0.155332853163552,-39.216,-1.4591217041015625,0.0
-0.03835,-0.363310148085427,-38.98199999999999,-2.7198028564453125,-248.2144422809616
-0.03835,-0.363310148085427,-38.98199999999999,-2.7198028564453125,0.0
-0.03835,-0.342527677382302,-39.162,-3.9351654052734375,-236.95896838154195
-0.03835,-0.342527677382302,-39.162,-3.9351654052734375,0.0
-0.0371699999999999,-0.488127042616677,-39.120000000000005,-5.210952758789063,-253.18264606400504
-0.0371699999999999,-0.488127042616677,-39.120000000000005,-5.210952758789063,0.0
-0.0359899999999999,-0.768919278944802,-39.276,-6.4881134033203125,-252.4032894330389
-0.0359899999999999,-0.768919278944802,-39.276,-6.4881134033203125,0.0
-0.0336299999999999,-0.727323819960427,-39.084,-7.792739868164062,-261.6579351871494
-0.0336299999999999,-0.727323819960427,-39.084,-7.792739868164062,0.0
-0.0377599999999999,-0.706510831679177,-38.772,-9.054794311523438,-252.36041658819724
-0.0377599999999999,-0.706510831679177,-38.772,-9.054794311523438,0.0
-0.03658,-1.028929044569802,-38.934,-10.276336669921877,-243.4321160622222
-0.03658,-1.028929044569802,-38.934,-10.276336669921877,0.0
-0.0336299999999999,-1.028929044569802,-39.228,-11.591949462890623,-271.5963651872873
-0.0336299999999999,-1.028929044569802,-39.228,-11.591949462890623,0.0
-0.0336299999999999,-1.122526456679177,-39.174,-12.827911376953123,-253.9473832055442
-0.0336299999999999,-1.122526456679177,-39.174,-12.827911376953123,0.0
-0.0336299999999999,-1.309721280897927,-39.042,-14.105758666992188,-259.8835245144378
-0.0336299999999999,-1.309721280897927,-39.042,-14.105758666992188,0.0
-0.03009,-1.517729093397927,-39.3,-15.369186401367186,-254.7746994101891
-0.03009,-1.517729093397927,-39.3,-15.369186401367186,0.0
-0.03127,-1.600920011366677,-39.294,-16.594161987304688,-245.58452003571733
-0.03127,-1.600920011366677,-39.294,-16.594161987304688,0.0
-0.0277299999999999,-1.548918058241677,-39.27,-17.909774780273438,-267.7274710966434
-0.0277299999999999,-1.548918058241677,-39.27,-17.909774780273438,0.0
-0.0259599999999999,-1.902525235976052,-39.156,-19.15809631347656,-250.9189011462689
-0.0259599999999999,-1.902525235976052,-39.156,-19.15809631347656,0.0
-0.0247799999999999,-1.829710294569802,-39.102,-20.430450439453125,-258.5560101559869
-0.0247799999999999,-1.829710294569802,-39.102,-20.430450439453125,0.0
-0.0253699999999999,-1.933714200819802,-39.102,-21.682205200195312,-248.80834043830524
-0.0253699999999999,-1.933714200819802,-39.102,-21.682205200195312,0.0
-0.0241899999999999,-2.110533048476052,-39.276,-22.95867919921875,-256.8875023189279
-0.0241899999999999,-2.110533048476052,-39.276,-22.95867919921875,0.0
-0.02183,-2.183317472304177,-39.21,-24.2138671875,-254.1380822601726
-0.02183,-2.183317472304177,-39.21,-24.2138671875,0.0
-0.0236,-2.297727872694802,-39.15,-25.484161376953125,-253.50113539295813
-0.0236,-2.297727872694802,-39.15,-25.484161376953125,0.0
-0.02242,-2.401731778944802,-39.108,-26.73866271972656,-256.8068255420732
-0.02242,-2.401731778944802,-39.108,-26.73866271972656,0.0
-0.0200599999999999,-2.682524015272927,-39.306,-28.02886962890625,-260.3848454451855
-0.0200599999999999,-2.682524015272927,-39.306,-28.02886962890625,0.0
-0.01829,-2.609709073866677,-39.426,-29.294357299804688,-257.0561996548396
-0.01829,-2.609709073866677,-39.426,-29.294357299804688,0.0
-0.01829,-2.661711026991677,-38.952,-30.5859375,-260.2942765411964
-0.01829,-2.661711026991677,-38.952,-30.5859375,0.0
-0.01829,-2.942533780897927,-39.168,-31.79855346679687,-241.31661030835488
-0.01829,-2.942533780897927,-39.168,-31.79855346679687,0.0
-0.01593,-2.880125333632302,-39.324,-33.123779296875,-263.4643797369419
-0.01593,-2.880125333632302,-39.324,-33.123779296875,0.0
-0.01829,-2.963316251601052,-39.246,-34.33708190917969,-237.34401649167137
-0.01829,-2.963316251601052,-39.246,-34.33708190917969,0.0
-0.01475,-3.067320157851052,-39.18599999999999,-35.64239501953125,-261.69067970173654
-0.01475,-3.067320157851052,-39.18599999999999,-35.64239501953125,0.0
-0.0135699999999999,-3.233732511366677,-39.228,-36.92436218261719,-255.47372719892135
-0.0135699999999999,-3.233732511366677,-39.228,-36.92436218261719,0.0
-0.01416,-3.244108487929177,-39.222,-38.1719970703125,-251.59001566756208
-0.01416,-3.244108487929177,-39.222,-38.1719970703125,0.0
-0.01534,-3.316923429335427,-39.198,-39.45533752441406,-257.02792992225943
-0.01534,-3.316923429335427,-39.198,-39.45533752441406,0.0
-0.0094399999999999,-3.691313077772927,-39.336,-40.724945068359375,-256.901566965878
-0.0094399999999999,-3.691313077772927,-39.336,-40.724945068359375,0.0
-0.0100299999999999,-3.514524747694802,-39.234,-41.9512939453125,-247.497250645964
-0.0100299999999999,-3.514524747694802,-39.234,-41.9512939453125,0.0
-0.0123899999999999,-3.587309171522927,-39.174,-43.20648193359375,-252.9600943731761
-0.0123899999999999,-3.587309171522927,-39.174,-43.20648193359375,0.0
-0.0094399999999999,-3.992918302382302,-39.204,-44.49531555175781,-264.2677092814881
-0.0094399999999999,-3.992918302382302,-39.204,-44.49531555175781,0.0
-0.0094399999999999,-3.868131925429177,-39.444,-45.75050354003906,-253.62456825261344
-0.0094399999999999,-3.868131925429177,-39.444,-45.75050354003906,0.0
-0.00826,-3.868131925429177,-39.402,-46.978912353515625,-247.36383678494352
-0.00826,-3.795316984022927,-39.402,-46.978912353515625,0.0
-0.00885,-3.972135831679177,-39.294,-48.2244873046875,-253.42318436880203
-0.00885,-3.972135831679177,-39.294,-48.2244873046875,0.0
-0.0047199999999999,-4.117735196913552,-39.492,-49.47761535644531,-251.93567586585064
-0.0047199999999999,-4.117735196913552,-39.492,-49.47761535644531,0.0
-0.0064899999999999,-4.159330655897927,-39.438,-50.72113037109375,-251.92767719778297
-0.0064899999999999,-4.159330655897927,-39.438,-50.72113037109375,0.0
-0.0047199999999999,-4.200926114882302,-39.15,-52.01202392578125,-259.05951328214366
-0.0047199999999999,-4.200926114882302,-39.15,-52.01202392578125,0.0
-0.00354,-4.596128751601052,-39.234,-53.26446533203125,-261.7432405957063
-0.00354,-4.596128751601052,-39.234,-53.26446533203125,0.0
-0.00531,-4.252928068007302,-39.456,-54.515533447265625,-254.85192813911743
-0.00531,-4.252928068007302,-39.456,-54.515533447265625,0.0
-0.00531,-4.096922208632302,-39.168,-55.80986022949219,-259.8006387448842
-0.00531,-4.096922208632302,-39.168,-55.80986022949219,0.0
-0.0023599999999999,-4.700132657851052,-39.486,-57.08221435546875,-253.104063253826
-0.0023599999999999,-4.700132657851052,-39.486,-57.08221435546875,0.0
-0.00177,-4.668913175429177,-39.504,-58.325042724609375,-264.2628894618221
-0.00177,-4.668913175429177,-39.504,-58.325042724609375,0.0
-0.00354,-4.627317716444802,-39.402,-59.60289001464844,-256.95702594758114
-0.00354,-4.627317716444802,-39.402,-59.60289001464844,0.0
-0.0005899999999999,-4.596128751601052,-39.33,-60.89172363281249,-259.8454875332346
-0.0005899999999999,-4.596128751601052,-39.33,-60.89172363281249,0.0
-0.0005899999999999,-4.856107999647927,-39.372,-62.15652465820313,-250.95258440249884
-0.0005899999999999,-4.856107999647927,-39.372,-62.15652465820313,0.0
-0.00177,-4.408933927382302,-39.342,-63.442611694335945,-260.18349911588695
-0.00177,-4.408933927382302,-39.342,-63.442611694335945,0.0
-0.0,-4.408933927382302,-38.85,-64.69711303710938,-243.26184657245832
-0.0,-4.388120939101052,-38.85,-64.69711303710938,0.0
0.0005899999999999,-4.908109952772927,-38.154,-65.98251342773438,-261.2071511127934
0.0005899999999999,-4.908109952772927,-38.154,-65.98251342773438,0.0
-0.0,-4.835325528944802,-37.206,-67.20268249511719,-249.37033872550805
-0.0,-4.835325528944802,-37.206,-67.20268249511719,0.0
-0.0,-4.835325528944802,-36.378,-68.38096618652344,-234.67111957905195
-0.0,-4.835325528944802,-36.378,-68.38096618652344,0.0
0.00295,-5.292936612929177,-35.436,-69.51393127441406,-228.6970302565814
0.00295,-5.292936612929177,-35.436,-69.51393127441406,0.0
0.00295,-5.084928800429177,-34.614000000000004,-70.675048828125,-234.0490936730978
0.00295,-5.084928800429177,-34.614000000000004,-70.675048828125,0.0
0.0023599999999999,-5.147337247694802,-33.384,-71.72698974609375,-212.77122127161155
0.0023599999999999,-5.147337247694802,-33.384,-71.72698974609375,0.0
0.0059,-5.324125577772927,-32.42399999999999,-72.81875610351562,-216.40562089650015
0.0059,-5.324125577772927,-32.42399999999999,-72.81875610351562,0.0
0.00295,-5.084928800429177,-31.368,-73.80683898925781,-200.0572759142977
0.00295,-5.084928800429177,-31.368,-73.80683898925781,0.0
0.0059,-5.261717130507302,-30.57,-74.83680725097656,-208.53781367021995
0.0059,-5.261717130507302,-30.57,-74.83680725097656,0.0
0.0047199999999999,-5.209715177382302,-29.67,-75.750732421875,-183.48226679347368
0.0047199999999999,-5.209715177382302,-29.67,-75.750732421875,0.0
0.00354,-5.428129484022927,-28.596,-76.71272277832031,-192.28270166852755
0.00354,-5.428129484022927,-28.596,-76.71272277832031,0.0
0.0064899999999999,-5.209715177382302,-27.75,-77.60879516601562,-180.1512641128079
0.0064899999999999,-5.209715177382302,-27.75,-77.60879516601562,0.0
0.00767,-5.511320401991677,-26.442,-78.49662780761719,-176.71828057335145
0.00767,-5.511320401991677,-26.442,-78.49662780761719,0.0
0.00531,-5.220121671522927,-25.572,-79.3377685546875,-166.85989824870964
0.00531,-5.220121671522927,-25.572,-79.3377685546875,0.0
0.00826,-5.386534025038552,-24.552,-80.15968322753906,-164.67935741352628
0.00826,-5.386534025038552,-24.552,-80.15968322753906,0.0
0.00826,-5.282530118788552,-23.598,-80.91361999511719,-151.02899991544624
0.00826,-5.282530118788552,-23.598,-80.91361999511719,0.0
0.01062,-5.272123624647927,-22.842,-81.6448974609375,-143.8672960496651
0.01062,-5.272123624647927,-22.842,-81.6448974609375,0.0
0.0100299999999999,-5.386534025038552,-21.474,-82.36106872558594,-143.83837410115316
0.0100299999999999,-5.386534025038552,-21.474,-82.36106872558594,0.0
0.0123899999999999,-5.199308683241677,-20.772,-83.04702758789062,-141.58077653338475
0.0123899999999999,-5.199308683241677,-20.772,-83.04702758789062,0.0
0.0129799999999999,-5.386534025038552,-19.47,-83.7158203125,-137.72502566080294
0.0129799999999999,-5.386534025038552,-19.47,-83.7158203125,0.0
0.0059,-5.064115812147927,-18.126,-84.32693481445312,-123.80763815939945
0.0059,-5.064115812147927,-18.126,-84.32693481445312,0.0
0.01062,-5.064115812147927,-17.91,-84.9078369140625,-122.0638998967247
0.01062,-5.064115812147927,-17.91,-84.9078369140625,0.0
0.0129799999999999,-5.386534025038552,-16.74,-85.48324584960938,-115.70660276414452
0.0129799999999999,-5.386534025038552,-16.74,-85.48324584960938,0.0
0.0118,-5.261717130507302,-15.576,-85.98724365234375,-103.74594539615278
0.0118,-5.261717130507302,-15.576,-85.98724365234375,0.0
0.0135699999999999,-5.209715177382302,-15.018,-86.48162841796875,-100.48470846039687
0.0135699999999999,-5.209715177382302,-15.018,-86.48162841796875,0.0
0.01475,-5.417722989882302,-13.878,-86.9512939453125,-97.21911143534616
0.01475,-5.417722989882302,-13.878,-86.9512939453125,0.0
0.01829,-5.334532071913552,-12.462,-87.3468017578125,-78.58291525932928
0.01829,-5.334532071913552,-12.462,-87.3468017578125,0.0
0.00708,-5.334532071913552,-10.566,-87.71896362304688,-76.35655831643491
0.00708,-5.084928800429177,-10.566,-87.71896362304688,0.0
0.0118,-5.032926847304177,-11.076,-88.07670593261719,-71.90800192365593
0.0118,-5.032926847304177,-11.076,-88.07670593261719,0.0
0.0177,-5.251310636366677,-10.518,-88.42208862304688,-67.27360545964333
0.0177,-5.251310636366677,-10.518,-88.42208862304688,0.0
0.0200599999999999,-5.251310636366677,-9.018,-88.74549865722656,-66.23183169776561
0.0200599999999999,-5.251310636366677,-9.018,-88.74549865722656,0.0
0.0188799999999999,-5.126524259413552,-7.35,-89.01123046875,-56.804577067876885
0.0188799999999999,-5.126524259413552,-7.35,-89.01123046875,0.0
0.01416,-5.126524259413552,-6.215999999999999,-89.22958374023438,-42.64712333674934
0.01416,-5.126524259413552,-6.215999999999999,-89.22958374023438,0.0
0.0118,-5.209715177382302,-5.249999999999999,-89.40879821777344,-35.216049821011715
0.0118,-5.209715177382302,-5.249999999999999,-89.40879821777344,0.0
0.01416,-5.261717130507302,-5.004,-89.571533203125,-33.86079595328586
0.01416,-5.261717130507302,-5.004,-89.571533203125,0.0
0.0194699999999999,-5.220121671522927,-4.308,-89.71366882324219,-29.96113408885841
0.0194699999999999,-5.220121671522927,-4.308,-89.71366882324219,0.0
0.0206499999999999,-5.220121671522927,-3.612,-89.83108520507812,-23.41303725542024
0.0206499999999999,-5.220121671522927,-3.612,-89.83108520507812,0.0
0.0236,-5.261717130507302,-2.508,-89.93270874023438,-20.957627378097907
0.0236,-5.261717130507302,-2.508,-89.93270874023438,0.0
0.02242,-5.303312589491677,-0.78,-89.9835205078125,-10.319205438281529
0.02242,-5.303312589491677,-0.78,-89.9835205078125,0.0
0.02183,-5.209715177382302,-0.228,-89.99794006347656,-3.031866203545249
0.02183,-5.209715177382302,-0.228,-89.99794006347656,0.0
0.02124,-5.209715177382302,-0.03,-90.00205993652344,-0.8179219866733697
0.02124,-5.209715177382302,-0.03,-90.00205993652344,0.0
0.0206499999999999,-5.126524259413552,-0.0059999999999999,-90.00274658203125,-0.1286816918689144
0.0206499999999999,-5.126524259413552,-0.0059999999999999,-90.00274658203125,0.0
0.0206499999999999,-5.199308683241677,-0.0119999999999999,-90.00274658203125,0.0
0.0206499999999999,-5.084928800429177,0.018,-90.00137329101562,0.2744386522032613
0.0206499999999999,-5.084928800429177,0.018,-90.00137329101562,0.0
0.0206499999999999,-5.209715177382302,0.0059999999999999,-90.0,0.2750983605017235
0.0206499999999999,-5.209715177382302,0.0059999999999999,-90.0,0.0
0.02242,-5.209715177382302,0.0119999999999999,-90.00274658203125,-0.5249583393069598
0.02242,-5.209715177382302,0.0119999999999999,-90.00274658203125,0.0
0.02183,-5.209715177382302,-0.0059999999999999,-90.00205993652344,0.1353796348211189
0.02183,-5.209715177382302,-0.0059999999999999,-90.00205993652344,0.0
0.02242,-5.209715177382302,-0.0,-90.00343322753906,-0.2735094633788484
0.02242,-5.209715177382302,-0.0,-90.00343322753906,0.0
0.02242,-5.324125577772927,0.0119999999999999,-90.00411987304688,-0.1361041640858491
0.02242,-5.324125577772927,0.0119999999999999,-90.00411987304688,0.0
0.0236,-5.428129484022927,0.0059999999999999,-90.00274658203125,0.2819320500157273
0.0236,-5.428129484022927,0.0059999999999999,-90.00274658203125,0.0
0.02242,-5.386534025038552,-0.0119999999999999,-90.00068664550781,0.4089609933366848
0.02242,-5.386534025038552,-0.0119999999999999,-90.00068664550781,0.0
0.02242,-5.386534025038552,-0.0059999999999999,-90.00137329101562,-0.1367275005601242
0.02242,-5.386534025038552,-0.0059999999999999,-90.00137329101562,0.0
0.02183,-5.178526212538552,-0.0,-90.00274658203125,-0.261081942134392
0.02183,-5.178526212538552,-0.0,-90.00274658203125,0.0
0.02242,-5.188932706679177,-0.0119999999999999,-90.00274658203125,0.0
0.02242,-5.209715177382302,-0.018,-90.0054931640625,-0.5450649000301504
0.02242,-5.209715177382302,-0.018,-90.0054931640625,0.0
0.02242,-5.220121671522927,0.0239999999999999,-90.00343322753906,0.3763128468104401
0.02242,-5.220121671522927,0.0239999999999999,-90.00343322753906,0.0
0.02183,-5.240934659804177,0.0059999999999999,-90.00274658203125,0.1425167097991843
0.02183,-5.240934659804177,0.0059999999999999,-90.00274658203125,0.0
0.02242,-5.230528165663552,-0.018,-90.00480651855469,-0.4136418721759294
0.02242,-5.230528165663552,-0.018,-90.00480651855469,0.0
0.0236,-5.251310636366677,0.018,-90.00205993652344,0.5444166563433966
0.0236,-5.251310636366677,0.018,-90.00205993652344,0.0
0.0277299999999999,-5.032926847304177,0.018,-90.00205993652344,0.0
0.03658,-5.032926847304177,0.054,-90.00343322753906,-0.2752637834480895
0.03658,-5.032926847304177,0.054,-90.00343322753906,0.0
0.0495599999999999,-5.084928800429177,0.27,-90.00274658203125,0.1367819736677796
0.0495599999999999,-5.084928800429177,0.27,-90.00274658203125,0.0
0.06667,-5.043333341444802,0.642,-89.99107360839844,2.141044320035123
0.06667,-5.043333341444802,0.642,-89.99107360839844,0.0
0.0796499999999999,-5.105711271132302,2.538,-89.94300842285156,9.61496010139917
0.0796499999999999,-5.105711271132302,2.538,-89.94300842285156,0.0
0.08555,-5.084928800429177,3.864,-89.83932495117188,21.095314685605903
0.08555,-5.084928800429177,3.864,-89.83932495117188,0.0
0.0843699999999999,-5.209715177382302,6.545999999999999,-89.67933654785156,31.58704902670352
0.0843699999999999,-5.209715177382302,6.545999999999999,-89.67933654785156,0.0
0.08555,-5.095335294569802,8.274,-89.44244384765625,44.90856875730572
0.08555,-5.095335294569802,8.274,-89.44244384765625,0.0
0.07611,-5.084928800429177,9.492,-89.154052734375,55.50252372605338
0.07611,-5.084928800429177,9.492,-89.154052734375,0.0
0.07906,-5.230528165663552,10.122,-88.846435546875,61.40063622738758
0.07906,-5.230528165663552,10.122,-88.846435546875,0.0
0.0796499999999999,-5.209715177382302,10.422,-88.49830627441406,64.6839971128038
0.0796499999999999,-5.209715177382302,10.422,-88.49830627441406,0.0
0.08555,-5.188932706679177,10.674,-88.15292358398438,69.22884153719453
0.08555,-5.188932706679177,10.674,-88.15292358398438,0.0
0.08968,-5.105711271132302,11.13,-87.79655456542969,71.34514885968194
0.08968,-5.105711271132302,11.13,-87.79655456542969,0.0
0.09086,-5.136930753554177,12.516,-87.4346923828125,68.04478800620736
0.09086,-5.136930753554177,12.516,-87.4346923828125,0.0
0.0796499999999999,-5.084928800429177,13.998,-87.00485229492188,85.86497960269597
0.0796499999999999,-5.084928800429177,13.998,-87.00485229492188,0.0
0.08732,-5.084928800429177,15.048000000000002,-86.52969360351562,96.6162446941661
0.08732,-5.084928800429177,15.048000000000002,-86.52969360351562,0.0
0.08732,-5.032926847304177,15.714,-86.033935546875,99.19128784353435
0.08732,-5.032926847304177,15.714,-86.033935546875,0.0
0.0843699999999999,-5.209715177382302,16.805999999999997,-85.52787780761719,102.94095591068536
0.0843699999999999,-5.209715177382302,16.805999999999997,-85.52787780761719,0.0
0.0885,-5.126524259413552,17.898,-84.957275390625,114.94810978889274
0.0885,-5.126524259413552,17.898,-84.957275390625,0.0
0.08378,-5.064115812147927,18.42,-84.35302734375,119.98571224672668
0.08378,-5.064115812147927,18.42,-84.35302734375,0.0
0.0843699999999999,-5.084928800429177,19.38,-83.78379821777344,113.50530926750513
0.0843699999999999,-5.084928800429177,19.38,-83.78379821777344,0.0
0.08555,-5.292936612929177,20.736,-83.12255859375,141.26033412192538
0.08555,-5.292936612929177,20.736,-83.12255859375,0.0
0.09086,-5.053709318007302,21.408,-82.43659973144531,135.2976059775428
0.09086,-5.053709318007302,21.408,-82.43659973144531,0.0
0.0914499999999999,-5.147337247694802,22.494,-81.74171447753906,139.73160142877595
0.0914499999999999,-5.147337247694802,22.494,-81.74171447753906,0.0
0.08791,-4.980924894179177,23.574,-80.98983764648438,150.97928334421425
0.08791,-4.980924894179177,23.574,-80.98983764648438,0.0
0.08614,-5.074522306288552,24.264,-80.25924682617188,147.1778445436005
0.08614,-5.074522306288552,24.264,-80.25924682617188,0.0
0.0944,-5.074522306288552,25.464,-79.41810607910156,159.82153658947675
0.0944,-5.074522306288552,25.464,-79.41810607910156,0.0
0.08319,-4.908109952772927,26.49,-78.61404418945312,149.17660290308137
0.08319,-4.908109952772927,26.49,-78.61404418945312,0.0
0.0820099999999999,-5.032926847304177,27.726,-77.73582458496094,174.97900069564267
0.0820099999999999,-5.032926847304177,27.726,-77.73582458496094,0.0
0.08142,-5.012113859022927,28.302,-76.82945251464844,176.85308689001243
0.08142,-5.012113859022927,28.302,-76.82945251464844,0.0
0.0914499999999999,-5.209715177382302,29.196,-75.8935546875,185.0331805352808
0.0914499999999999,-5.209715177382302,29.196,-75.8935546875,0.0
0.0926299999999999,-5.032926847304177,30.294,-74.95559692382812,188.8378827603016
0.0926299999999999,-5.032926847304177,30.294,-74.95559692382812,0.0
0.08732,-5.188932706679177,31.446,-73.96133422851562,195.10649437024512
0.08732,-5.188932706679177,31.446,-73.96133422851562,0.0
0.08496,-5.105711271132302,32.274,-72.93617248535156,197.9841141689299
0.08496,-5.105711271132302,32.274,-72.93617248535156,0.0
0.08496,-4.897733976210427,33.516,-71.85470581054688,199.45899572215444
0.08496,-4.897733976210427,33.516,-71.85470581054688,0.0
0.08614,-5.105711271132302,34.434,-70.76362609863281,219.8870842232648
0.08614,-5.105711271132302,34.434,-70.76362609863281,0.0
0.0914499999999999,-4.856107999647927,35.142,-69.63340759277344,197.280241902412
0.0914499999999999,-4.856107999647927,35.142,-69.63340759277344,0.0
0.08378,-4.835325528944802,36.336,-68.49220275878906,227.37693444578431
0.08378,-4.835325528944802,36.336,-68.49220275878906,0.0
0.09086,-4.908109952772927,37.254,-67.30636596679688,243.04914777445688
0.09086,-4.908109952772927,37.254,-67.30636596679688,0.0
0.09322,-4.616911222304177,38.13,-66.09512329101562,241.7167582882044
0.09322,-4.616911222304177,38.13,-66.09512329101562,0.0
0.09204,-4.471311857069802,39.282,-64.81796264648438,220.73291471329705
0.09204,-4.471311857069802,39.282,-64.81796264648438,0.0
0.09322,-4.866514493788552,40.218,-63.5991668701172,251.19451285392933
0.09322,-4.866514493788552,40.218,-63.5991668701172,0.0
0.0902699999999999,-4.554533292616677,41.31,-62.20184326171874,288.5243874458411
0.0902699999999999,-4.554533292616677,41.31,-62.20184326171874,0.0
0.08732,-4.440122892226052,41.916,-60.90476989746094,253.3841305449246
0.08732,-4.440122892226052,41.916,-60.90476989746094,0.0
0.0820099999999999,-4.564909269179177,42.348,-59.54315185546874,299.3224976902655
0.0820099999999999,-4.564909269179177,42.348,-59.54315185546874,0.0
0.0796499999999999,-4.752134610976052,42.342,-58.17260742187501,268.4184162934424
0.0796499999999999,-4.752134610976052,42.342,-58.17260742187501,0.0
0.08142,-4.211332609022927,42.37200000000001,-56.81510925292969,294.5959568020751
0.08142,-4.211332609022927,42.37200000000001,-56.81510925292969,0.0
0.08142,-4.159330655897927,42.252,-55.43083190917969,279.6519886359115
0.08142,-4.159330655897927,42.252,-55.43083190917969,0.0
0.07906,-4.180113126601052,42.39,-54.10560607910156,270.6752103916505
0.07906,-4.180113126601052,42.39,-54.10560607910156,0.0
0.0820099999999999,-4.325712491835427,42.276,-52.734375,274.5207365564255
0.0820099999999999,-4.325712491835427,42.276,-52.734375,0.0
0.07729,-3.909727384413552,42.36599999999999,-51.381683349609375,279.77076533415647
0.07729,-3.909727384413552,42.36599999999999,-51.381683349609375,0.0
0.07729,-3.826536466444802,42.258,-49.994659423828125,276.57505997630926
0.07729,-3.826536466444802,42.258,-49.994659423828125,0.0
0.07729,-3.816129972304177,42.252,-48.62754821777344,268.9575459474952
0.07729,-3.816129972304177,42.252,-48.62754821777344,0.0
0.0755199999999999,-3.951322843397927,42.186,-47.32635498046875,262.9735726162069
0.0755199999999999,-3.951322843397927,42.186,-47.32635498046875,0.0
0.07729,-3.753721525038552,42.378,-45.94482421875,270.19964046944466
0.07729,-3.753721525038552,42.378,-45.94482421875,0.0
0.07316,-3.587309171522927,42.27,-44.57771301269531,273.2036782683466
0.07316,-3.587309171522927,42.27,-44.57771301269531,0.0
0.0708,-3.587309171522927,42.408,-43.19068908691406,248.6597213663113
0.0708,-3.639311124647927,42.408,-43.19068908691406,0.0
0.0767,-3.701719571913552,42.37200000000001,-41.84417724609375,266.63600808338265
0.0767,-3.701719571913552,42.37200000000001,-41.84417724609375,0.0
0.07021,-3.680937101210427,42.402,-40.48736572265625,237.24628841306736
0.07021,-3.680937101210427,42.402,-40.48736572265625,0.0
0.0696199999999999,-3.472929288710427,42.168000000000006,-39.11750793457031,272.2292901601665
0.0696199999999999,-3.472929288710427,42.168000000000006,-39.11750793457031,0.0
0.07139,-3.472929288710427,42.18000000000001,-37.722930908203125,279.1387162469185
0.07139,-3.275327970351052,42.18000000000001,-37.722930908203125,0.0
0.06785,-3.140135099257302,42.246,-36.39152526855469,266.17465806697163
0.06785,-3.140135099257302,42.246,-36.39152526855469,0.0
0.07021,-3.358518888319802,42.432,-35.04364013671875,269.79286065541226
0.07021,-3.358518888319802,42.432,-35.04364013671875,0.0
0.06785,-2.984129239882302,42.132,-33.63807678222656,285.62555466233334
0.06785,-2.984129239882302,42.132,-33.63807678222656,0.0
0.06372,-2.828123380507302,42.282,-32.28126525878906,280.97153104933903
0.06372,-2.828123380507302,42.282,-32.28126525878906,0.0
0.06844,-2.713712980116677,42.3,-30.9375,271.029701248188
0.06844,-2.713712980116677,42.3,-30.9375,0.0
0.06372,-2.890531827772927,42.37200000000001,-29.597167968750004,271.4871442678726
0.06372,-2.890531827772927,42.37200000000001,-29.597167968750004,0.0
0.06136,-2.536924650038552,42.21,-28.18267822265625,283.40808376931074
0.06136,-2.536924650038552,42.21,-28.18267822265625,0.0
0.0631299999999999,-2.276914884413552,42.072,-26.83135986328125,266.1647349566674
0.0631299999999999,-2.276914884413552,42.072,-26.83135986328125,0.0
0.06136,-2.422514249647927,42.18000000000001,-25.51986694335937,263.5107333572452
0.06136,-2.422514249647927,42.18000000000001,-25.51986694335937,0.0
0.0648999999999999,-2.536924650038552,42.312000000000005,-24.154815673828125,256.395805697683
0.0648999999999999,-2.536924650038552,42.312000000000005,-24.154815673828125,0.0
0.05782,-2.068937589491677,42.312000000000005,-22.768478393554688,279.89850197321164
0.05782,-2.068937589491677,42.312000000000005,-22.768478393554688,0.0
0.05782,-2.016935636366677,42.252,-21.38832092285156,278.87602964319166
0.05782,-2.016935636366677,42.252,-21.38832092285156,0.0
0.05664,-1.902525235976052,42.228,-20.0335693359375,271.5477223723131
0.05664,-1.902525235976052,42.228,-20.0335693359375,0.0
0.0572299999999999,-1.954527189101052,42.198,-18.72962951660156,266.70890148050984
0.0572299999999999,-1.954527189101052,42.198,-18.72962951660156,0.0
0.0542799999999999,-1.954527189101052,42.144,-17.35015869140625,257.60426240767106
0.0542799999999999,-1.725736905897927,42.144,-17.35015869140625,0.0
0.0536899999999999,-1.351316739882302,42.048,-15.965881347656252,272.8715442040692
0.0536899999999999,-1.351316739882302,42.048,-15.965881347656252,0.0
0.0530999999999999,-1.382536222304177,42.204,-14.650268554687502,272.2708594715871
0.0530999999999999,-1.382536222304177,42.204,-14.650268554687502,0.0
0.0542799999999999,-1.580137540663552,42.258,-13.251571655273438,261.73220423197745
0.0542799999999999,-1.580137540663552,42.258,-13.251571655273438,0.0
0.0495599999999999,-1.205717374647927,42.234,-11.896820068359377,272.3118767665508
0.0495599999999999,-1.205717374647927,42.234,-11.896820068359377,0.0
0.0483799999999999,-0.914518644179177,42.138000000000005,-10.513916015625,267.90082385334296
0.0483799999999999,-0.914518644179177,42.138000000000005,-10.513916015625,0.0
0.04602,-0.779325773085427,42.132,-9.163284301757812,269.1037485287953
0.04602,-0.779325773085427,42.132,-9.163284301757812,0.0
0.04779,-1.216123868788552,42.156000000000006,-7.798233032226562,271.5979445943129
0.04779,-1.216123868788552,42.156000000000006,-7.798233032226562,0.0
0.04661,-0.789732267226052,42.276,-6.381683349609375,278.9581887786316
0.04661,-0.789732267226052,42.276,-6.381683349609375,0.0
0.04189,-0.508909513319802,41.952,-5.024185180664063,269.2914439491418
0.04189,-0.508909513319802,41.952,-5.024185180664063,0.0
0.04366,-0.550535489882302,42.018,-3.648147583007813,275.81431101577147
0.04366,-0.550535489882302,42.018,-3.648147583007813,0.0
0.0472,-0.706510831679177,42.03,-2.283782958984375,268.7344148165134
0.0472,-0.706510831679177,42.03,-2.283782958984375,0.0
0.0401199999999999,-0.238523771132302,42.234,-0.9441375732421874,266.22523564034327
0.0401199999999999,-0.238523771132302,42.234,-0.9441375732421874,0.0
0.04071,-0.134519864882302,42.042,0.4504394531249999,277.5277664410442
0.04071,-0.134519864882302,42.042,0.4504394531249999,0.0
0.0371699999999999,-0.155332853163552,42.132,1.833343505859375,280.5079214478493
0.0371699999999999,-0.155332853163552,42.132,1.833343505859375,0.0
0.03953,-0.176115323866677,42.168000000000006,3.1695556640625,271.53264747088457
0.03953,-0.176115323866677,42.168000000000006,3.1695556640625,0.0
0.03658,0.1878678304301979,42.24,4.5435333251953125,278.3585212991517
0.03658,0.1878678304301979,42.24,4.5435333251953125,0.0
0.03422,0.3438736898051979,41.85,5.8838653564453125,267.3179160848161
0.03422,0.3438736898051979,41.85,5.8838653564453125,0.0
0.03422,0.3542801839458229,41.904,7.251663208007812,257.29831669755225
0.03422,0.3542801839458229,41.904,7.251663208007812,0.0
0.0348099999999999,0.4894730550395729,41.952,8.586502075195312,267.932329824963
0.0348099999999999,0.4894730550395729,41.952,8.586502075195312,0.0
0.03422,0.718263338242698,42.204,9.974212646484377,284.48351194908344
0.03422,0.718263338242698,42.204,9.974212646484377,0.0
0.0295,0.843080232773948,42.126,11.32415771484375,270.0970524928447
0.0295,0.843080232773948,42.126,11.32415771484375,0.0
0.03068,0.884675691758323,41.99999999999999,12.665176391601562,227.79321840623652
0.03068,0.884675691758323,41.99999999999999,12.665176391601562,0.0
0.03009,0.853486726914573,42.078,14.002761840820312,269.24022729817887
0.03009,0.853486726914573,42.078,14.002761840820312,0.0
0.0271399999999999,1.123872469102073,42.318,15.39253234863281,277.2332949960061
0.0271399999999999,1.123872469102073,42.318,15.39253234863281,0.0
0.0271399999999999,1.238282869492698,42.048,16.777496337890625,275.2313174200785
0.0271399999999999,1.238282869492698,42.048,16.777496337890625,0.0
0.0259599999999999,1.238282869492698,42.036,18.1494140625,258.31627275613056
0.0259599999999999,1.394288728867698,42.036,18.1494140625,0.0
0.0253699999999999,1.415071199570823,41.898,19.460906982421875,255.05502137764728
0.0253699999999999,1.415071199570823,41.898,19.460906982421875,0.0
0.0241899999999999,1.415071199570823,42.174,20.84312438964844,254.8805840361931
0.0241899999999999,1.612672517930198,42.174,20.84312438964844,0.0
0.0206499999999999,1.758271883164573,42.06,22.232894897460938,262.3693614900544
0.0206499999999999,1.758271883164573,42.06,22.232894897460938,0.0
0.0236,1.758271883164573,41.862,23.60755920410156,255.4188603934732
0.0236,1.758271883164573,41.862,23.60755920410156,0.0
0.0236,1.862275789414573,41.928,24.93965148925781,266.9523617544124
0.0236,1.862275789414573,41.928,24.93965148925781,0.0
0.02301,2.111879060898948,42.156000000000006,26.32186889648437,247.35458253924963
0.02301,2.111879060898948,42.156000000000006,26.32186889648437,0.0
0.0177,2.195069978867698,42.09,27.678680419921875,270.9829285879118
0.0177,2.195069978867698,42.09,27.678680419921875,0.0
0.01829,2.288667390977073,41.99999999999999,29.020385742187504,254.06273854696232
0.01829,2.288667390977073,41.99999999999999,29.020385742187504,0.0
0.0200599999999999,2.215882967148948,41.88,30.36346435546875,269.42399463990483
0.0200599999999999,2.215882967148948,41.88,30.36346435546875,0.0
0.0206499999999999,2.455079744492698,42.186,31.709289550781246,257.08217675506324
0.0206499999999999,2.455079744492698,42.186,31.709289550781246,0.0
0.0129799999999999,2.652681062852073,42.294,33.08876037597656,276.11505708442417
0.0129799999999999,2.652681062852073,42.294,33.08876037597656,0.0
0.01416,2.735871980820823,42.036,34.47441101074219,267.55177346323387
0.01416,2.735871980820823,42.036,34.47441101074219,0.0
0.01534,2.579866121445823,41.892,35.811309814453125,261.06205891627803
0.01534,2.579866121445823,41.892,35.811309814453125,0.0
0.01475,2.933473299180198,42.09,37.18597412109375,264.053842996604
0.01475,2.933473299180198,42.09,37.18597412109375,0.0
0.01121,3.110292146836448,42.192,38.60252380371094,283.59353005303245
0.01121,3.110292146836448,42.192,38.60252380371094,0.0
0.01121,3.151887605820823,42.024,39.95246887207031,245.80208819408728
0.01121,3.151887605820823,42.024,39.95246887207031,0.0
0.0135699999999999,2.891877840195823,41.934000000000005,41.29005432128906,267.24984000390435
0.0135699999999999,2.891877840195823,41.934000000000005,41.29005432128906,0.0
0.01121,3.328675935898948,42.096,42.69630432128906,277.7503456452744
0.01121,3.328675935898948,42.096,42.69630432128906,0.0
0.0064899999999999,3.391084383164573,42.35399999999999,44.04624938964844,261.1112317913569
0.0064899999999999,3.391084383164573,42.35399999999999,44.04624938964844,0.0
0.00767,3.453462312852073,41.99999999999999,45.40580749511719,262.8181143377071
0.00767,3.453462312852073,41.99999999999999,45.40580749511719,0.0
0.01062,3.224672029648948,41.862,46.7742919921875,273.9160322403292
0.01062,3.224672029648948,41.862,46.7742919921875,0.0
0.00767,3.703065584336448,42.06,48.14620971679688,259.6853538920296
0.00767,3.703065584336448,42.06,48.14620971679688,0.0
0.0064899999999999,3.796662996445823,42.264,49.52362060546875,271.037168176198
0.0064899999999999,3.796662996445823,42.264,49.52362060546875,0.0
0.00413,3.796662996445823,42.084,50.921630859375,276.66935561156004
0.00413,3.807069490586448,42.084,50.921630859375,0.0
0.0059,3.505464265977073,41.73,52.23175048828125,247.89396951865444
0.0059,3.505464265977073,41.73,52.23175048828125,0.0
0.00531,3.505464265977073,41.958,53.57276916503906,256.6051811626268
0.00531,4.004670808945823,41.958,53.57276916503906,0.0
0.0023599999999999,4.046266267930198,42.258,54.96871948242188,271.0583140548937
0.0023599999999999,4.046266267930198,42.258,54.96871948242188,0.0
0.0023599999999999,4.046266267930198,42.042,56.3543701171875,274.8761425844035
0.0023599999999999,4.046266267930198,42.042,56.3543701171875,0.0
0.00413,3.796662996445823,41.898,57.64663696289063,255.2373781759811
0.00413,3.796662996445823,41.898,57.64663696289063,0.0
0.0005899999999999,4.223085115586448,42.006,58.997268676757805,267.663835487326
0.0005899999999999,4.223085115586448,42.006,58.997268676757805,0.0
0.0011799999999999,4.202272127305198,41.94,60.3424072265625,293.2501743633016
0.0011799999999999,4.202272127305198,41.94,60.3424072265625,0.0
-0.0005899999999999,4.295869539414573,41.094,61.66969299316406,263.35035051649976
-0.0005899999999999,4.295869539414573,41.094,61.66969299316406,0.0
-0.0,4.171083162461448,39.762,62.98393249511719,253.5184224446685
-0.0,4.171083162461448,39.762,62.98393249511719,0.0
-0.0,4.483064363633323,39.282,64.26177978515625,256.1329504991769
-0.0,4.483064363633323,39.282,64.26177978515625,0.0
-0.0005899999999999,4.379090974961448,38.64600000000001,65.52932739257812,234.68757774926004
-0.0005899999999999,4.379090974961448,38.64600000000001,65.52932739257812,0.0
-0.0005899999999999,4.202272127305198,37.338,66.75498962402344,242.9940982247792
-0.0005899999999999,4.202272127305198,37.338,66.75498962402344,0.0
-0.00177,4.607881258164573,36.24,67.92091369628906,220.81895308065
-0.00177,4.607881258164573,36.24,67.92091369628906,0.0
-0.0023599999999999,4.545472810898948,35.496,69.09576416015625,232.3675759232746
-0.0023599999999999,4.545472810898948,35.496,69.09576416015625,0.0
-0.0,4.545472810898948,34.373999999999995,70.22804260253906,222.5390020406188
-0.0,4.462281892930198,34.373999999999995,70.22804260253906,0.0
-0.0023599999999999,4.659883211289573,33.768,71.35139465332031,217.9150437984113
-0.0023599999999999,4.659883211289573,33.768,71.35139465332031,0.0
-0.00413,4.659883211289573,32.879999999999995,72.43217468261719,196.86339331474045
-0.00413,4.659883211289573,32.879999999999995,72.43217468261719,0.0
-0.00354,4.847078035508323,31.428,73.49098205566406,209.8726210203794
-0.00354,4.847078035508323,31.428,73.49098205566406,0.0
-0.0059,4.847078035508323,30.582,74.4873046875,181.2484322057406
-0.0059,4.680665681992698,30.582,74.4873046875,0.0
-0.00354,4.784669588242698,29.436,75.46371459960938,194.3877985487751
-0.00354,4.784669588242698,29.436,75.46371459960938,0.0
-0.00531,4.722291658555198,28.902,76.37420654296875,192.49301128125464
-0.00531,4.722291658555198,28.902,76.37420654296875,0.0
-0.00531,4.795076082383323,27.714,77.29362487792969,179.43371096004702
-0.00531,4.795076082383323,27.714,77.29362487792969,0.0
-0.0094399999999999,4.857484529648948,26.772,78.21098327636719,179.24157843654243
-0.0094399999999999,4.857484529648948,26.772,78.21098327636719,0.0
-0.0064899999999999,4.847078035508323,25.584,79.05624389648438,162.9889356185951
-0.0064899999999999,4.847078035508323,25.584,79.05624389648438,0.0
-0.00885,4.867891023789573,24.924,79.892578125,164.89239521212284
-0.00885,4.867891023789573,24.924,79.892578125,0.0
-0.00767,4.867891023789573,23.658,80.67466735839844,154.68537052987128
-0.00767,4.940675447617698,23.658,80.67466735839844,0.0
-0.0094399999999999,4.774263094102073,22.770000000000003,81.42654418945312,148.00725020742237
-0.0094399999999999,4.774263094102073,22.770000000000003,81.42654418945312,0.0
-0.00885,4.867891023789573,21.804,82.13722229003906,140.1455532608571
-0.00885,4.867891023789573,21.804,82.13722229003906,0.0
-0.00826,4.691072176133323,20.868,82.81356811523438,132.61682846970103
-0.00826,4.691072176133323,20.868,82.81356811523438,0.0
-0.01416,4.826265047227073,20.142,83.49334716796875,109.51813319381378
-0.01416,4.826265047227073,20.142,83.49334716796875,0.0
-0.01416,4.857484529648948,18.564,84.1387939453125,128.0648367743465
-0.01416,4.857484529648948,18.564,84.1387939453125,0.0
-0.0094399999999999,4.795076082383323,17.465999999999998,84.70046997070312,112.33520507822716
-0.0094399999999999,4.795076082383323,17.465999999999998,84.70046997070312,0.0
-0.0118,4.847078035508323,16.938,85.2703857421875,112.2765507257864
-0.0118,4.847078035508323,16.938,85.2703857421875,0.0
-0.0123899999999999,4.899079988633323,15.864000000000004,85.80047607421875,98.5664432934024
-0.0123899999999999,4.899079988633323,15.864000000000004,85.80047607421875,0.0
-0.0118,4.847078035508323,14.958,86.27975463867188,96.27934199551784
-0.0118,4.847078035508323,14.958,86.27975463867188,0.0
-0.0129799999999999,4.899079988633323,14.322,86.75285339355469,95.51761657233423
-0.0129799999999999,4.899079988633323,14.322,86.75285339355469,0.0
-0.01652,4.899079988633323,13.223999999999998,87.19505310058594,88.17541516076393
-0.01652,4.899079988633323,13.223999999999998,87.19505310058594,0.0
-0.01416,4.888673494492698,11.801999999999998,87.59674072265625,80.66016507430625
-0.01416,4.888673494492698,11.801999999999998,87.59674072265625,0.0
-0.0129799999999999,4.888673494492698,10.836,87.94075012207031,68.48684041697351
-0.0129799999999999,4.888673494492698,10.836,87.94075012207031,0.0
-0.0123899999999999,4.795076082383323,10.224,88.28407287597656,67.74324268067748
-0.0123899999999999,4.795076082383323,10.224,88.28407287597656,0.0
-0.0188799999999999,4.847078035508323,9.492,88.60542297363281,64.20581371757045
-0.0188799999999999,4.847078035508323,9.492,88.60542297363281,0.0
-0.01652,4.919862459336448,8.142000000000001,88.90411376953125,60.08666181826207
-0.01652,4.919862459336448,8.142000000000001,88.90411376953125,0.0
-0.0206499999999999,4.899079988633323,7.007999999999999,89.15336608886719,49.23988924065034
-0.0206499999999999,4.899079988633323,7.007999999999999,89.15336608886719,0.0
-0.01593,4.857484529648948,5.658,89.35249328613281,38.93004834124877
-0.01593,4.857484529648948,5.658,89.35249328613281,0.0
-0.01652,4.899079988633323,4.8660000000000005,89.52072143554688,32.83781952248222
-0.01652,4.899079988633323,4.8660000000000005,89.52072143554688,0.0
-0.01534,4.847078035508323,4.098,89.65873718261719,26.623407999675223
-0.01534,4.847078035508323,4.098,89.65873718261719,0.0
-0.01475,4.847078035508323,3.354,89.77821350097656,23.385460630117525
-0.01475,4.847078035508323,3.354,89.77821350097656,0.0
-0.0177,4.888673494492698,2.298,89.86953735351562,18.044626069718724
-0.0177,4.888673494492698,2.298,89.86953735351562,0.0
-0.01593,4.857484529648948,1.512,89.92584228515625,11.752229522157467
-0.01593,4.857484529648948,1.512,89.92584228515625,0.0
-0.0194699999999999,4.847078035508323,0.906,89.96635437011719,7.777324814933276
-0.0194699999999999,4.847078035508323,0.906,89.96635437011719,0.0
-0.0177,4.847078035508323,0.3839999999999999,89.98489379882812,3.7086274676825366
-0.0177,4.847078035508323,0.3839999999999999,89.98489379882812,0.0
-0.0188799999999999,4.857484529648948,0.168,89.99313354492188,1.6268008082422414
-0.0188799999999999,4.857484529648948,0.168,89.99313354492188,0.0
-0.0177,4.847078035508323,0.12,89.99588012695312,0.519989025226377
-0.0177,4.847078035508323,0.12,89.99588012695312,0.0
-0.0177,4.867891023789573,0.066,89.99931335449219,0.6734459668614998
-0.0177,4.867891023789573,0.066,89.99931335449219,0.0
-0.01829,4.857484529648948,0.0239999999999999,89.99931335449219,0.0
-0.0177,4.857484529648948,0.0059999999999999,90.00068664550781,0.2459332048039514
-0.0177,4.857484529648948,0.0059999999999999,90.00068664550781,0.0
-0.01829,4.857484529648948,0.0119999999999999,90.00137329101562,0.1370549915793789
-0.01829,4.857484529648948,0.0119999999999999,90.00137329101562,0.0
-0.01829,4.847078035508323,-0.0,90.00137329101562,0.0
-0.01829,4.847078035508323,0.0119999999999999,90.0,-0.2765386660543895
-0.01829,4.847078035508323,0.0119999999999999,90.0,0.0
-0.01829,4.847078035508323,-0.0,90.00068664550781,0.1329162810325269
-0.01829,4.847078035508323,-0.0,90.00068664550781,0.0
-0.0188799999999999,4.847078035508323,-0.0,90.00480651855469,0.8700893446415957
-0.0188799999999999,4.847078035508323,-0.0,90.00480651855469,0.0
-0.0188799999999999,4.847078035508323,0.0119999999999999,90.00137329101562,-0.7372187114142189
-0.0188799999999999,4.847078035508323,0.0119999999999999,90.00137329101562,0.0
-0.01829,4.847078035508323,0.0059999999999999,90.00274658203125,0.2732917444028008
-0.01829,4.847078035508323,0.0059999999999999,90.00274658203125,0.0
-0.01829,4.847078035508323,0.0059999999999999,90.00411987304688,0.2747681103691201
-0.01829,4.847078035508323,0.0059999999999999,90.00411987304688,0.0
-0.0177,4.847078035508323,0.0059999999999999,90.00137329101562,-0.5465834888056016
-0.0177,4.847078035508323,0.0059999999999999,90.00137329101562,0.0
-0.0177,4.847078035508323,0.0059999999999999,90.0054931640625,0.8243043311073601
-0.0177,4.847078035508323,0.0059999999999999,90.0054931640625,0.0
-0.0188799999999999,4.847078035508323,-0.0059999999999999,90.00343322753906,-0.4111649747381367
-0.0188799999999999,4.847078035508323,-0.0059999999999999,90.00343322753906,0.0
-0.0194699999999999,4.847078035508323,-0.0239999999999999,90.00068664550781,-0.5597273346746255
-0.0194699999999999,4.847078035508323,-0.0239999999999999,90.00068664550781,0.0
-0.02242,4.847078035508323,-0.0,90.00274658203125,0.3950779676715399
-0.02242,4.847078035508323,-0.0,90.00274658203125,0.0
-0.03068,4.847078035508323,-0.036,90.00480651855469,0.4101008408202006
-0.03068,4.847078035508323,-0.036,90.00480651855469,0.0
-0.04484,4.847078035508323,-0.1379999999999999,90.00205993652344,-0.5568901117704562
-0.04484,4.847078035508323,-0.1379999999999999,90.00205993652344,0.0
-0.06077,4.847078035508323,-0.6539999999999999,89.99244689941406,-1.969077654518019
-0.06077,4.847078035508323,-0.6539999999999999,89.99244689941406,0.0
-0.08142,4.899079988633323,-1.614,89.96292114257812,-5.844369920012042
-0.08142,4.899079988633323,-1.614,89.96292114257812,0.0
-0.0843699999999999,4.961488435898948,-4.164000000000001,89.87022399902344,-18.47292617667616
-0.0843699999999999,4.961488435898948,-4.164000000000001,89.87022399902344,0.0
-0.0843699999999999,4.982270906602073,-6.545999999999999,89.69924926757812,-38.52517608044703
-0.0843699999999999,4.982270906602073,-6.545999999999999,89.69924926757812,0.0
-0.07611,4.951081941758323,-8.255999999999998,89.46235656738281,-48.14892280394017
-0.07611,4.951081941758323,-8.255999999999998,89.46235656738281,0.0
-0.0767,4.961488435898948,-9.498,89.16023254394531,-59.53182727826592
-0.0767,4.961488435898948,-9.498,89.16023254394531,0.0
-0.0802399999999999,4.899079988633323,-9.57,88.84712219238281,-61.75746579137797
-0.0802399999999999,4.899079988633323,-9.57,88.84712219238281,0.0
-0.07847,4.847078035508323,-9.792,88.50929260253906,-67.21639272656029
-0.07847,4.847078035508323,-9.792,88.50929260253906,0.0
-0.07847,4.951081941758323,-10.278,88.17626953125,-64.46439630059824
-0.07847,4.951081941758323,-10.278,88.17626953125,0.0
-0.0796499999999999,5.044679353867698,-11.61,87.83500671386719,-65.03960689576441
-0.0796499999999999,5.044679353867698,-11.61,87.83500671386719,0.0
-0.08496,4.971864412461448,-12.816,87.44224548339844,-77.31520284829443
-0.08496,4.971864412461448,-12.816,87.44224548339844,0.0
-0.08732,4.992677400742698,-14.112000000000002,87.00553894042969,-84.6330509628769
-0.08732,4.992677400742698,-14.112000000000002,87.00553894042969,0.0
-0.0843699999999999,4.899079988633323,-14.73,86.52557373046875,-94.25868223916504
-0.0843699999999999,4.899079988633323,-14.73,86.52557373046875,0.0
-0.08083,4.951081941758323,-15.6,86.04698181152344,-94.06287715118938
-0.08083,4.951081941758323,-15.6,86.04698181152344,0.0
-0.08083,5.034272859727073,-16.86,85.52993774414062,-102.4052421039512
-0.08083,5.034272859727073,-16.86,85.52993774414062,0.0
-0.07847,4.899079988633323,-17.628,84.97169494628906,-108.64982441637054
-0.07847,4.899079988633323,-17.628,84.97169494628906,0.0
-0.08732,4.899079988633323,-18.276000000000003,84.38186645507812,-97.81567018407692
-0.08732,4.899079988633323,-18.276000000000003,84.38186645507812,0.0
-0.0890899999999999,4.992677400742698,-19.542,83.78448486328125,-119.47631835914407
-0.0890899999999999,4.992677400742698,-19.542,83.78448486328125,0.0
-0.0867299999999999,4.992677400742698,-20.364,83.10951232910156,-140.12300896394106
-0.0867299999999999,4.899079988633323,-20.364,83.10951232910156,0.0
-0.08319,4.847078035508323,-21.108,82.42630004882812,-138.07847216523794
-0.08319,4.847078035508323,-21.108,82.42630004882812,0.0
-0.08319,5.023866365586448,-22.26,81.73896789550781,-134.00899850278162
-0.08319,5.023866365586448,-22.26,81.73896789550781,0.0
-0.08968,4.867891023789573,-23.244,80.96855163574219,-153.9908574385975
-0.08968,4.867891023789573,-23.244,80.96855163574219,0.0
-0.09204,5.023866365586448,-24.42,80.19332885742188,-156.29491498358175
-0.09204,5.023866365586448,-24.42,80.19332885742188,0.0
-0.08378,4.971864412461448,-25.428,79.398193359375,-149.3773244501921
-0.08378,4.971864412461448,-25.428,79.398193359375,0.0
-0.0885,5.107087801133323,-26.376,78.57215881347656,-160.27057545551207
-0.0885,5.107087801133323,-26.376,78.57215881347656,0.0
-0.08496,5.107087801133323,-27.504,77.64724731445312,-173.04237586950205
-0.08496,4.899079988633323,-27.504,77.64724731445312,0.0
-0.08614,5.023866365586448,-28.068,76.73057556152344,-177.68399940514115
-0.08614,5.023866365586448,-28.068,76.73057556152344,0.0
-0.0885,4.919862459336448,-29.076,75.81871032714844,-182.88512522554456
-0.0885,4.919862459336448,-29.076,75.81871032714844,0.0
-0.0944,5.034272859727073,-30.252,74.88006591796875,-185.7598276625749
-0.0944,5.034272859727073,-30.252,74.88006591796875,0.0
-0.0843699999999999,4.847078035508323,-31.374,73.84941101074219,-222.21968676726613
-0.0843699999999999,4.847078035508323,-31.374,73.84941101074219,0.0
-0.08791,4.878267000352073,-32.303999999999995,72.8173828125,-207.8188075398737
-0.08791,4.878267000352073,-32.303999999999995,72.8173828125,0.0
-0.08555,4.670289705430198,-33.078,71.72012329101562,-215.74115640643845
-0.08555,4.670289705430198,-33.078,71.72012329101562,0.0
-0.08732,4.670289705430198,-34.026,70.61943054199219,-194.0230475979426
-0.08732,4.857484529648948,-34.026,70.61943054199219,0.0
-0.0944,4.919862459336448,-34.962,69.50019836425781,-223.22141558312
-0.0944,4.919862459336448,-34.962,69.50019836425781,0.0
-0.09086,4.919862459336448,-36.168,68.31573486328125,-225.35454736984937
-0.09086,4.597474764023948,-36.168,68.31573486328125,0.0
-0.09617,4.659883211289573,-37.398,67.15187072753906,-230.4681456916541
-0.09617,4.659883211289573,-37.398,67.15187072753906,0.0
-0.0926299999999999,4.774263094102073,-38.142,65.89462280273438,-274.56822992066606
-0.0926299999999999,4.774263094102073,-38.142,65.89462280273438,0.0
-0.0938099999999999,4.514283846055198,-38.862,64.61883544921875,-246.71965838611004
-0.0938099999999999,4.514283846055198,-38.862,64.61883544921875,0.0
-0.0926299999999999,4.670289705430198,-40.164,63.32519531250001,-247.9662903427824
-0.0926299999999999,4.670289705430198,-40.164,63.32519531250001,0.0
-0.08968,4.628663728867698,-40.992,61.99790954589843,-229.59449344435623
-0.08968,4.628663728867698,-40.992,61.99790954589843,0.0
-0.08496,4.285463045273948,-41.874,60.61843872070312,-272.5149792960511
-0.08496,4.285463045273948,-41.874,60.61843872070312,0.0
-0.08555,4.129487703477073,-41.742,59.25613403320313,-225.95864778577263
-0.08555,4.129487703477073,-41.742,59.25613403320313,0.0
-0.08555,4.379090974961448,-41.99999999999999,57.91648864746094,-254.34695001733692
-0.08555,4.379090974961448,-41.99999999999999,57.91648864746094,0.0
-0.08732,4.462281892930198,-42.156000000000006,56.54869079589844,-283.7166255051975
-0.08732,4.462281892930198,-42.156000000000006,56.54869079589844,0.0
-0.07729,4.025483797227073,-42.096,55.17814636230469,-276.43090633182584
-0.07729,4.025483797227073,-42.096,55.17814636230469,0.0
-0.07847,3.869477937852073,-41.772000000000006,53.77532958984375,-281.57703180598645
-0.07847,3.869477937852073,-41.772000000000006,53.77532958984375,0.0
-0.0825999999999999,4.119081209336448,-41.868,52.45628356933594,-264.3378798609413
-0.0825999999999999,4.119081209336448,-41.868,52.45628356933594,0.0
-0.07906,4.067079256211448,-41.94,51.075439453125,-283.94902657019475
-0.07906,4.067079256211448,-41.94,51.075439453125,0.0
-0.08142,3.734285066758323,-42.306,49.68498229980469,-267.13874223306937
-0.08142,3.734285066758323,-42.306,49.68498229980469,0.0
-0.07316,3.682283113633323,-41.856,48.33641052246094,-278.9763709861464
-0.07316,3.682283113633323,-41.856,48.33641052246094,0.0
-0.0802399999999999,3.879884431992698,-41.904,46.97685241699219,-276.3891249173556
-0.0802399999999999,3.879884431992698,-41.904,46.97685241699219,0.0
-0.08142,3.630281160508323,-42.024,45.5712890625,-282.866442843919
-0.08142,3.630281160508323,-42.024,45.5712890625,0.0
-0.0755199999999999,3.630281160508323,-42.234,44.20623779296875,-264.0842076866987
-0.0755199999999999,3.484681795273948,-42.234,44.20623779296875,0.0
-0.0719799999999999,3.328675935898948,-41.982,42.801361083984375,-294.153414779431
-0.0719799999999999,3.328675935898948,-41.982,42.801361083984375,0.0
-0.07611,3.443086336289573,-41.862,41.4678955078125,-263.79140972744176
-0.07611,3.443086336289573,-41.862,41.4678955078125,0.0
-0.07375,3.245485017930198,-42.024,40.0946044921875,-280.03487268067937
-0.07375,3.245485017930198,-42.024,40.0946044921875,0.0
-0.0755199999999999,3.120668123398948,-42.294,38.74259948730469,-262.83145507046123
-0.0755199999999999,3.120668123398948,-42.294,38.74259948730469,0.0
-0.07257,3.027070711289573,-41.916,37.28828430175781,-291.9139272475675
-0.07257,3.027070711289573,-41.916,37.28828430175781,0.0
-0.06903,2.975068758164573,-41.898,35.954132080078125,-268.44109088121724
-0.06903,2.975068758164573,-41.898,35.954132080078125,0.0
-0.07316,2.891877840195823,-42.054,34.644012451171875,-270.74181213167134
-0.07316,2.891877840195823,-42.054,34.644012451171875,0.0
-0.0708,2.902284334336448,-42.216,33.23089599609375,-282.34095006492475
-0.0708,2.902284334336448,-42.216,33.23089599609375,0.0
-0.06785,2.642274568711448,-42.114,31.87271118164062,-266.991314026397
-0.06785,2.642274568711448,-42.114,31.87271118164062,0.0
-0.07021,2.579866121445823,-41.952,30.50491333007813,-284.3063503557365
-0.07021,2.579866121445823,-41.952,30.50491333007813,0.0
-0.06667,2.465486238633323,-42.018,29.16389465332032,-266.6041106871735
-0.06667,2.465486238633323,-42.018,29.16389465332032,0.0
-0.07021,2.517488191758323,-42.306,27.785797119140625,-278.0664919656339
-0.07021,2.517488191758323,-42.306,27.785797119140625,0.0
-0.06431,2.184663484727073,-42.06,26.363067626953125,-281.11627982377576
-0.06431,2.184663484727073,-42.06,26.363067626953125,0.0
-0.06018,2.080690096055198,-41.886,24.989776611328125,-269.00901383445705
-0.06018,2.080690096055198,-41.886,24.989776611328125,0.0
-0.06431,2.080690096055198,-42.03,23.62060546875,-240.2897758124342
-0.06431,2.080690096055198,-42.03,23.62060546875,0.0
-0.06195,2.018281648789573,-42.15,22.270660400390625,-265.84188033798125
-0.06195,2.018281648789573,-42.15,22.270660400390625,0.0
-0.0554599999999999,2.018281648789573,-42.144,20.845184326171875,-276.41575998052895
-0.0554599999999999,1.654267976914573,-42.144,20.845184326171875,0.0
-0.06077,1.591890047227073,-41.814,19.50279235839844,-266.71805439581306
-0.06077,1.591890047227073,-41.814,19.50279235839844,0.0
-0.05782,1.716676424180198,-41.898,18.1329345703125,-265.3734575913065
-0.05782,1.716676424180198,-41.898,18.1329345703125,0.0
-0.05664,1.591890047227073,-42.126,16.758270263671875,-283.9042351593618
-0.05664,1.591890047227073,-42.126,16.758270263671875,0.0
-0.0548699999999999,1.186280916367698,-42.168000000000006,15.373306274414064,-262.1548342343445
-0.0548699999999999,1.186280916367698,-42.168000000000006,15.373306274414064,0.0
-0.05133,1.123872469102073,-41.982,14.025421142578123,-260.81368650088274
-0.05133,1.123872469102073,-41.982,14.025421142578123,0.0
-0.05664,1.165467928086448,-41.982,12.654876708984377,-283.5218108384469
-0.05664,1.165467928086448,-41.982,12.654876708984377,0.0
-0.0548699999999999,1.030275056992698,-42.03,11.31591796875,-265.45573755648184
-0.0548699999999999,1.030275056992698,-42.03,11.31591796875,0.0
-0.0519199999999999,0.687074373398948,-42.288,9.963912963867188,-272.0879462431248
-0.0519199999999999,0.687074373398948,-42.288,9.963912963867188,0.0
-0.0507399999999999,0.666291902695823,-42.012,8.573455810546875,-273.873774536205
-0.0507399999999999,0.666291902695823,-42.012,8.573455810546875,0.0
-0.0495599999999999,0.666291902695823,-42.09,7.2104644775390625,-254.2419945923265
-0.0495599999999999,0.666291902695823,-42.09,7.2104644775390625,0.0
-0.05133,0.541475008164573,-42.174,5.8612060546875,-270.5551279028679
-0.05133,0.541475008164573,-42.174,5.8612060546875,0.0
-0.04484,0.3542801839458229,-42.216,4.515380859375,-226.26516397304667
-0.04484,0.3542801839458229,-42.216,4.515380859375,0.0
-0.04543,0.3126847249614479,-41.994,3.1201171875,-277.05791737049617
-0.04543,0.3126847249614479,-41.994,3.1201171875,0.0
-0.04661,0.1878678304301979,-41.976,1.783905029296875,-263.76078922291686
-0.04661,0.1878678304301979,-41.976,1.783905029296875,0.0
-0.04484,0.0214859944926979,-42.06,0.410614013671875,-279.2377014282257
-0.04484,0.0214859944926979,-42.06,0.410614013671875,0.0
-0.04189,-0.259336759413552,-42.42,-0.9908294677734376,-285.65908712673627
-0.04189,-0.259336759413552,-42.42,-0.9908294677734376,0.0
-0.03835,-0.332121183241677,-42.036,-2.39227294921875,-278.6169943228482
-0.03835,-0.332121183241677,-42.036,-2.39227294921875,0.0
-0.03953,-0.321714689101052,-42.024,-3.7538909912109375,-272.5416417115041
-0.03953,-0.321714689101052,-42.024,-3.7538909912109375,0.0
-0.04366,-0.332121183241677,-42.126,-5.104522705078125,-271.538342152399
-0.04366,-0.332121183241677,-42.126,-5.104522705078125,0.0
-0.03658,-0.550535489882302,-42.33,-6.502532958984375,-275.74166743694195
-0.03658,-0.550535489882302,-42.33,-6.502532958984375,0.0
-0.0336299999999999,-0.685728360976052,-41.976,-7.885437011718751,-281.3067641855085
-0.0336299999999999,-0.685728360976052,-41.976,-7.885437011718751,0.0
-0.0377599999999999,-0.675321866835427,-41.784000000000006,-9.210662841796877,-249.57171941234083
-0.0377599999999999,-0.675321866835427,-41.784000000000006,-9.210662841796877,0.0
-0.0359899999999999,-0.758512784804177,-41.928,-10.553741455078123,-269.91129688132264
-0.0359899999999999,-0.758512784804177,-41.928,-10.553741455078123,0.0
-0.0359899999999999,-1.164121915663552,-42.276,-11.904373168945312,-269.26469574717134
-0.0359899999999999,-1.164121915663552,-42.276,-11.904373168945312,0.0
-0.03068,-1.184934903944802,-42.186,-13.31268310546875,-282.1133686945175
-0.03068,-1.184934903944802,-42.186,-13.31268310546875,0.0
-0.0348099999999999,-1.060118009413552,-42.21,-14.615249633789064,-259.8895706939925
-0.0348099999999999,-1.060118009413552,-42.21,-14.615249633789064,0.0
-0.0295,-1.143308927382302,-42.126,-15.971374511718748,-275.07604014791656
-0.0295,-1.143308927382302,-42.126,-15.971374511718748,0.0
-0.03068,-1.143308927382302,-42.348,-17.330245971679688,-273.46980478168854
-0.03068,-1.673734952772927,-42.348,-17.330245971679688,0.0
-0.0253699999999999,-1.600920011366677,-42.312000000000005,-18.670578002929688,-264.52181394332746
-0.0253699999999999,-1.600920011366677,-42.312000000000005,-18.670578002929688,0.0
-0.0295,-1.600920011366677,-41.976,-20.073394775390625,-280.11517021963016
-0.0295,-1.580137540663552,-41.976,-20.073394775390625,0.0
-0.02891,-1.694517423476052,-42.018,-21.391754150390625,-263.6718750002398
-0.02891,-1.694517423476052,-42.018,-21.391754150390625,0.0
-0.0253699999999999,-1.694517423476052,-42.288,-22.77191162109375,-269.40415200151983
-0.0253699999999999,-2.089720060194802,-42.288,-22.77191162109375,0.0
-0.02301,-1.954527189101052,-42.312000000000005,-24.176101684570312,-282.0225072253295
-0.02301,-1.954527189101052,-42.312000000000005,-24.176101684570312,0.0
-0.0253699999999999,-1.954527189101052,-42.276,-25.514373779296875,-268.56754861081805
-0.0253699999999999,-1.912931730116677,-42.276,-25.514373779296875,0.0
-0.0241899999999999,-2.100126554335427,-42.198,-26.90345764160156,-282.96676763114203
-0.0241899999999999,-2.100126554335427,-42.198,-26.90345764160156,0.0
-0.02242,-2.100126554335427,-42.33,-28.25546264648437,-270.34693159062675
-0.02242,-2.536924650038552,-42.33,-28.25546264648437,0.0
-0.01829,-2.432920743788552,-42.348,-29.635620117187504,-281.8373434149918
-0.01829,-2.432920743788552,-42.348,-29.635620117187504,0.0
-0.01829,-2.422514249647927,-42.006,-30.973892211914062,-245.6897548605905
-0.01829,-2.422514249647927,-42.006,-30.973892211914062,0.0
-0.0200599999999999,-2.453733732069802,-42.096,-32.31903076171875,-270.2166632789127
-0.0200599999999999,-2.453733732069802,-42.096,-32.31903076171875,0.0
-0.0188799999999999,-2.942533780897927,-42.252,-33.729400634765625,-289.3659977526888
-0.0188799999999999,-2.942533780897927,-42.252,-33.729400634765625,0.0
-0.01652,-2.994535734022927,-42.42,-35.10475158691406,-278.242150950678
-0.01652,-2.994535734022927,-42.42,-35.10475158691406,0.0
-0.01652,-2.817716886366677,-42.342,-36.48284912109375,-280.95770319622005
-0.01652,-2.817716886366677,-42.342,-36.48284912109375,0.0
-0.0177,-2.952909757460427,-42.162,-37.86643981933594,-276.0556061939267
-0.0177,-2.952909757460427,-42.162,-37.86643981933594,0.0
-0.0129799999999999,-3.223326017226052,-42.186,-39.184112548828125,-262.53690565671485
-0.0129799999999999,-3.223326017226052,-42.186,-39.184112548828125,0.0
-0.0118,-3.337736417616677,-42.396,-40.55122375488281,-274.9620285704203
-0.0118,-3.337736417616677,-42.396,-40.55122375488281,0.0
-0.01121,-3.233732511366677,-42.21,-41.93275451660156,-282.984588635842
-0.01121,-3.233732511366677,-42.21,-41.93275451660156,0.0
-0.01416,-3.306516935194802,-42.234,-43.27720642089844,-276.8640659595907
-0.01416,-3.306516935194802,-42.234,-43.27720642089844,0.0
-0.01062,-3.556120206679177,-42.198,-44.65873718261719,-274.9862184946505
-0.01062,-3.556120206679177,-42.198,-44.65873718261719,0.0
-0.0100299999999999,-3.732908536757302,-42.444,-46.04988098144531,-279.34614434360816
-0.0100299999999999,-3.732908536757302,-42.444,-46.04988098144531,0.0
-0.01062,-3.691313077772927,-42.474,-47.374420166015625,-267.09804084905187
-0.01062,-3.691313077772927,-42.474,-47.374420166015625,0.0
-0.01062,-3.784910489882302,-42.39,-48.75114440917969,-275.7308718534672
-0.01062,-3.784910489882302,-42.39,-48.75114440917969,0.0
-0.00767,-3.920133878554177,-42.288,-50.1800537109375,-283.7389399834525
-0.00767,-3.920133878554177,-42.288,-50.1800537109375,0.0
-0.0059,-4.211332609022927,-42.486,-51.50459289550781,-266.9365547304454
-0.0059,-4.211332609022927,-42.486,-51.50459289550781,0.0
-0.0047199999999999,-4.086515714491677,-42.35399999999999,-52.89848327636719,-281.4802869262002
-0.0047199999999999,-4.086515714491677,-42.35399999999999,-52.89848327636719,0.0
-0.0064899999999999,-4.086515714491677,-42.37200000000001,-54.26765441894531,-257.12134132926707
-0.0064899999999999,-4.190519620741677,-42.37200000000001,-54.26765441894531,0.0
-0.00531,-4.200926114882302,-42.15,-55.62309265136719,-275.2717775022667
-0.00531,-4.200926114882302,-42.15,-55.62309265136719,0.0
-0.0047199999999999,-4.564909269179177,-42.528,-57.006683349609375,-231.91262122728813
-0.0047199999999999,-4.564909269179177,-42.528,-57.006683349609375,0.0
-0.00295,-4.585722257460427,-42.546,-58.34495544433594,-266.5349720626878
-0.00295,-4.585722257460427,-42.546,-58.34495544433594,0.0
-0.00413,-4.440122892226052,-42.348,-59.74296569824219,-275.79606508277755
-0.00413,-4.440122892226052,-42.348,-59.74296569824219,0.0
-0.0,-4.596128751601052,-41.754,-61.09222412109375,-272.79790191073613
-0.0,-4.596128751601052,-41.754,-61.09222412109375,0.0
-0.0,-5.084928800429177,-40.872,-62.40852355957031,-266.24179580864995
-0.0,-5.084928800429177,-40.872,-62.40852355957031,0.0
0.0005899999999999,-5.022520353163552,-40.122,-63.74061584472656,-272.4672295272184
0.0005899999999999,-5.022520353163552,-40.122,-63.74061584472656,0.0
-0.0,-4.908109952772927,-39.120000000000005,-64.97932434082031,-249.63895527927605
-0.0,-4.908109952772927,-39.120000000000005,-64.97932434082031,0.0
-0.0,-5.136930753554177,-37.908,-66.1871337890625,-244.14987835967725
-0.0,-5.136930753554177,-37.908,-66.1871337890625,0.0
-0.0,-5.240934659804177,-37.182,-67.41691589355469,-227.02272558491728
-0.0,-5.240934659804177,-37.182,-67.41691589355469,0.0
-0.0,-5.032926847304177,-36.39,-68.56910705566406,-230.30005239034455
-0.0,-5.032926847304177,-36.39,-68.56910705566406,0.0
0.0005899999999999,-5.272123624647927,-35.196,-69.71511840820312,-222.09522336012824
0.0005899999999999,-5.272123624647927,-35.196,-69.71511840820312,0.0
0.00177,-5.261717130507302,-34.53,-70.84945678710938,-223.07539408149773
0.00177,-5.261717130507302,-34.53,-70.84945678710938,0.0
0.0023599999999999,-5.126524259413552,-33.318,-71.93641662597656,-199.14984222541412
0.0023599999999999,-5.126524259413552,-33.318,-71.93641662597656,0.0
0.00354,-5.386534025038552,-32.196000000000005,-72.98149108886719,-209.39179781402424
0.00354,-5.386534025038552,-32.196000000000005,-72.98149108886719,0.0
0.0023599999999999,-5.032926847304177,-31.362,-74.00253295898438,-210.9590640737333
0.0023599999999999,-5.032926847304177,-31.362,-74.00253295898438,0.0
0.00354,-5.178526212538552,-30.264000000000003,-75.03456115722656,-207.6933383460724
0.00354,-5.178526212538552,-30.264000000000003,-75.03456115722656,0.0
0.0047199999999999,-5.012113859022927,-29.46,-76.0089111328125,-195.8492413237385
0.0047199999999999,-5.012113859022927,-29.46,-76.0089111328125,0.0
0.00354,-5.220121671522927,-28.32,-76.91390991210938,-174.10519032236084
0.00354,-5.220121671522927,-28.32,-76.91390991210938,0.0
0.0094399999999999,-5.084928800429177,-27.546,-77.82646179199219,-182.6565011778211
0.0094399999999999,-5.084928800429177,-27.546,-77.82646179199219,0.0
0.0064899999999999,-5.209715177382302,-26.118,-78.66691589355469,-168.52899570132843
0.0064899999999999,-5.209715177382302,-26.118,-78.66691589355469,0.0
0.00826,-5.084928800429177,-25.44,-79.51148986816406,-167.110006847877
0.00826,-5.084928800429177,-25.44,-79.51148986816406,0.0
0.00826,-5.428129484022927,-24.33,-80.30937194824219,-158.2785320526155
0.00826,-5.428129484022927,-24.33,-80.30937194824219,0.0
0.00767,-5.168119718397927,-23.592,-81.0406494140625,-156.89282682268126
0.00767,-5.168119718397927,-23.592,-81.0406494140625,0.0
0.01062,-5.261717130507302,-22.608,-81.80007934570312,-143.61382973555587
0.01062,-5.261717130507302,-22.608,-81.80007934570312,0.0
0.0100299999999999,-5.209715177382302,-21.42,-82.48878479003906,-135.46527229276293
0.0100299999999999,-5.209715177382302,-21.42,-82.48878479003906,0.0
0.0129799999999999,-5.209715177382302,-20.604,-83.16032409667969,-136.21486950109525
0.0129799999999999,-5.209715177382302,-20.604,-83.16032409667969,0.0
0.0118,-5.292936612929177,-19.164,-83.7982177734375,-130.71591736840432
0.0118,-5.292936612929177,-19.164,-83.7982177734375,0.0
0.00767,-5.188932706679177,-18.234,-84.3914794921875,-118.96164402446712
0.00767,-5.188932706679177,-18.234,-84.3914794921875,0.0
0.0123899999999999,-5.209715177382302,-17.916000000000004,-84.97100830078125,-117.05287994238984
0.0123899999999999,-5.209715177382302,-17.916000000000004,-84.97100830078125,0.0
0.01416,-5.209715177382302,-16.608,-85.50933837890625,-111.01878286743651
0.01416,-5.209715177382302,-16.608,-85.50933837890625,0.0
0.0118,-5.251310636366677,-15.419999999999998,-86.02294921875,-103.13470679586509
0.0118,-5.251310636366677,-15.419999999999998,-86.02294921875,0.0
0.01475,-5.261717130507302,-14.928,-86.5283203125,-100.391556167876
0.01475,-5.261717130507302,-14.928,-86.5283203125,0.0
0.01475,-5.344908048476052,-13.746,-86.97120666503906,-91.05393761060292
0.01475,-5.344908048476052,-13.746,-86.97120666503906,0.0
0.01416,-5.292936612929177,-12.414,-87.38456726074219,-83.60853472944527
0.01416,-5.292936612929177,-12.414,-87.38456726074219,0.0
0.0118,-5.261717130507302,-11.466,-87.76565551757812,-76.73947983009307
0.0118,-5.261717130507302,-11.466,-87.76565551757812,0.0
0.01652,-5.261717130507302,-11.154,-88.12820434570312,-71.66412890389375
0.01652,-5.261717130507302,-11.154,-88.12820434570312,0.0
0.0200599999999999,-5.261717130507302,-10.02,-88.47221374511719,-68.48684041697351
0.0200599999999999,-5.261717130507302,-10.02,-88.47221374511719,0.0
0.01711,-5.313719083632302,-8.501999999999999,-88.76472473144531,-57.09759639435196
0.01711,-5.313719083632302,-8.501999999999999,-88.76472473144531,0.0
0.01593,-5.303312589491677,-6.978,-89.02427673339844,-51.16341453840636
0.01593,-5.303312589491677,-6.978,-89.02427673339844,0.0
0.0129799999999999,-5.240934659804177,-6.180000000000001,-89.22752380371094,-40.771729250326885
0.0129799999999999,-5.240934659804177,-6.180000000000001,-89.22752380371094,0.0
0.0118,-5.209715177382302,-5.298,-89.41291809082031,-34.61431798163827
0.0118,-5.209715177382302,-5.298,-89.41291809082031,0.0
0.01416,-5.220121671522927,-4.998,-89.57771301269531,-31.040670912619373
0.01416,-5.220121671522927,-4.998,-89.57771301269531,0.0
0.0194699999999999,-5.261717130507302,-4.326,-89.72808837890625,-29.13686615208409
0.0194699999999999,-5.261717130507302,-4.326,-89.72808837890625,0.0
0.02242,-5.230528165663552,-3.606,-89.83795166015625,-23.04179556418485
0.02242,-5.230528165663552,-3.606,-89.83795166015625,0.0
0.0247799999999999,-5.261717130507302,-2.34,-89.93888854980469,-20.29698163052249
0.0247799999999999,-5.261717130507302,-2.34,-89.93888854980469,0.0
0.02183,-5.261717130507302,-0.726,-89.98626708984375,-9.57529103457429
0.02183,-5.261717130507302,-0.726,-89.98626708984375,0.0
0.02242,-5.105711271132302,-0.222,-90.00137329101562,-3.155671855420183
0.02242,-5.105711271132302,-0.222,-90.00137329101562,0.0
0.02124,-5.209715177382302,-0.0119999999999999,-90.00274658203125,-0.274713145754262
0.02124,-5.209715177382302,-0.0119999999999999,-90.00274658203125,0.0
0.0206499999999999,-5.209715177382302,-0.0059999999999999,-90.00205993652344,0.1484960008247391
0.0206499999999999,-5.209715177382302,-0.0059999999999999,-90.00205993652344,0.0
0.0206499999999999,-5.220121671522927,0.0119999999999999,-90.00068664550781,0.2727489604018292
0.0206499999999999,-5.220121671522927,0.0119999999999999,-90.00068664550781,0.0
0.0206499999999999,-5.209715177382302,-0.0119999999999999,-90.00068664550781,0.0
0.02242,-5.084928800429177,-0.0,-90.00205993652344,-0.2491456849823049
0.02242,-5.084928800429177,-0.0,-90.00205993652344,0.0
0.02242,-5.105711271132302,-0.0239999999999999,-90.00343322753906,-0.2767058262389689
0.02242,-5.105711271132302,-0.0239999999999999,-90.00343322753906,0.0
0.02242,-5.209715177382302,0.018,-90.00274658203125,0.1151510159002467
0.02242,-5.209715177382302,0.018,-90.00274658203125,0.0
0.02183,-5.209715177382302,0.0059999999999999,-90.00205993652344,0.1383250418638901
0.02183,-5.209715177382302,0.0059999999999999,-90.00205993652344,0.0
0.02242,-5.209715177382302,-0.0059999999999999,-90.00274658203125,-0.1338490268641894
0.02242,-5.209715177382302,-0.0059999999999999,-90.00274658203125,0.0
0.02242,-5.209715177382302,0.0119999999999999,-90.00343322753906,-0.1317179182453105
0.02242,-5.209715177382302,0.0119999999999999,-90.00343322753906,0.0
0.02183,-5.032926847304177,-0.0119999999999999,-90.00137329101562,0.4059788181789899
0.02183,-5.032926847304177,-0.0119999999999999,-90.00137329101562,0.0
0.02183,-5.188932706679177,-0.0059999999999999,-90.00274658203125,-0.2738366930458507
0.02183,-5.188932706679177,-0.0059999999999999,-90.00274658203125,0.0
0.02242,-5.209715177382302,0.0119999999999999,-90.00137329101562,0.2584775109400976
0.02242,-5.209715177382302,0.0119999999999999,-90.00137329101562,0.0
0.02183,-5.209715177382302,0.03,-90.00617980957031,-0.962458661331793
0.02183,-5.209715177382302,0.03,-90.00617980957031,0.0
0.02183,-5.209715177382302,-0.018,-90.00205993652344,0.8256258610961207
0.02183,-5.209715177382302,-0.018,-90.00205993652344,0.0
0.02242,-5.220121671522927,-0.0119999999999999,-90.00411987304688,-0.3918463997408002
0.02242,-5.220121671522927,-0.0119999999999999,-90.00411987304688,0.0
0.02183,-5.230528165663552,0.0059999999999999,-90.00205993652344,0.4050209444426254
0.02183,-5.230528165663552,0.0059999999999999,-90.00205993652344,0.0
0.0241899999999999,-5.209715177382302,0.0059999999999999,-90.00274658203125,-0.1510771194304488
0.0241899999999999,-5.209715177382302,0.0059999999999999,-90.00274658203125,0.0
0.02891,-5.209715177382302,0.018,-90.00137329101562,0.2713477604468981
0.02891,-5.209715177382302,0.018,-90.00137329101562,0.0
0.0371699999999999,-5.209715177382302,0.06,-90.00137329101562,0.0
0.0530999999999999,-5.209715177382302,0.33,-90.00068664550781,0.140908169056436
0.0530999999999999,-5.209715177382302,0.33,-90.00068664550781,0.0
0.0708,-5.251310636366677,0.918,-89.98558044433594,3.0462192320783523
0.0708,-5.251310636366677,0.918,-89.98558044433594,0.0
0.08142,-5.240934659804177,2.97,-89.92172241210938,11.370732234067644
0.08142,-5.240934659804177,2.97,-89.92172241210938,0.0
0.0890899999999999,-5.261717130507302,4.127999999999999,-89.81185913085938,22.056470839248345
0.0890899999999999,-5.261717130507302,4.127999999999999,-89.81185913085938,0.0
0.08732,-5.334532071913552,6.87,-89.63264465332031,36.709233416371646
0.08732,-5.334532071913552,6.87,-89.63264465332031,0.0
0.08614,-5.261717130507302,8.76,-89.3902587890625,45.05313462051029
0.08614,-5.261717130507302,8.76,-89.3902587890625,0.0
0.0796499999999999,-5.209715177382302,9.588,-89.08607482910156,62.640848427016685
0.0796499999999999,-5.209715177382302,9.588,-89.08607482910156,0.0
0.07257,-5.209715177382302,10.11,-88.76060485839844,64.48780873842337
0.07257,-5.209715177382302,10.11,-88.76060485839844,0.0
0.07139,-5.209715177382302,10.326,-88.42689514160156,70.1808026912025
0.07139,-5.209715177382302,10.326,-88.42689514160156,0.0
0.07729,-5.261717130507302,10.698,-88.07258605957031,70.45318791642927
0.07729,-5.261717130507302,10.698,-88.07258605957031,0.0
0.08142,-5.313719083632302,11.43,-87.71072387695312,72.08410012291986
0.08142,-5.313719083632302,11.43,-87.71072387695312,0.0
0.0820099999999999,-5.334532071913552,12.888,-87.32070922851562,78.77492394204573
0.0820099999999999,-5.334532071913552,12.888,-87.32070922851562,0.0
0.08968,-5.292936612929177,14.327999999999998,-86.88743591308594,87.03762865210855
0.08968,-5.292936612929177,14.327999999999998,-86.88743591308594,0.0
0.08555,-5.292936612929177,15.216000000000005,-86.39854431152344,98.09221540163954
0.08555,-5.292936612929177,15.216000000000005,-86.39854431152344,0.0
0.0796499999999999,-5.261717130507302,15.93,-85.91720581054688,97.7932752899644
0.0796499999999999,-5.261717130507302,15.93,-85.91720581054688,0.0
0.07906,-5.386534025038552,17.195999999999998,-85.37063598632812,109.75297675099314
0.07906,-5.386534025038552,17.195999999999998,-85.37063598632812,0.0
0.08142,-5.209715177382302,17.964,-84.8089599609375,112.62803797686816
0.08142,-5.209715177382302,17.964,-84.8089599609375,0.0
0.0914499999999999,-5.209715177382302,18.474,-84.21363830566406,119.13581254214068
0.0914499999999999,-5.209715177382302,18.474,-84.21363830566406,0.0
0.0820099999999999,-5.469724943007302,19.836,-83.60801696777344,120.13912673907092
0.0820099999999999,-5.469724943007302,19.836,-83.60801696777344,0.0
0.08496,-5.396910001601052,20.916,-82.93647766113281,132.34909472635073
0.08496,-5.396910001601052,20.916,-82.93647766113281,0.0
0.0885,-5.469724943007302,21.666,-82.24159240722656,138.8937145524605
0.0885,-5.469724943007302,21.666,-82.24159240722656,0.0
0.0867299999999999,-5.625730802382302,22.89,-81.51924133300781,146.1361671493326
0.0867299999999999,-5.625730802382302,22.89,-81.51924133300781,0.0
0.08378,-5.396910001601052,23.616,-80.77560424804688,147.4592672934469
0.08378,-5.396910001601052,23.616,-80.77560424804688,0.0
0.09204,-5.604917814101052,24.684,-80.00312805175781,154.68085628546677
0.09204,-5.604917814101052,24.684,-80.00312805175781,0.0
0.08378,-5.386534025038552,25.908,-79.18258666992188,164.470110610702
0.08378,-5.386534025038552,25.908,-79.18258666992188,0.0
0.09204,-5.428129484022927,26.958,-78.34625244140625,175.5898023338564
0.09204,-5.428129484022927,26.958,-78.34625244140625,0.0
0.09204,-5.272123624647927,28.008,-77.45567321777344,176.7723746790376
0.09204,-5.272123624647927,28.008,-77.45567321777344,0.0
0.08732,-5.417722989882302,28.59,-76.53831481933594,182.9593933859192
0.08732,-5.417722989882302,28.59,-76.53831481933594,0.0
0.08496,-5.251310636366677,29.562,-75.5804443359375,186.6466257595152
0.08496,-5.251310636366677,29.562,-75.5804443359375,0.0
0.09617,-5.428129484022927,30.714,-74.63768005371094,182.9544502668871
0.09617,-5.428129484022927,30.714,-74.63768005371094,0.0
0.08791,-5.292936612929177,31.662,-73.59947204589844,202.3402860673032
0.08791,-5.292936612929177,31.662,-73.59947204589844,0.0
0.08614,-5.344908048476052,32.736,-72.59559631347656,194.96518400156717
0.08614,-5.344908048476052,32.736,-72.59559631347656,0.0
0.08555,-5.230528165663552,33.642,-71.49284362792969,212.35368487303975
0.08555,-5.230528165663552,33.642,-71.49284362792969,0.0
0.08319,-5.188932706679177,34.638,-70.42236328125,209.5283512784749
0.08319,-5.188932706679177,34.638,-70.42236328125,0.0
0.0944,-5.147337247694802,35.472,-69.29695129394531,222.19387705908613
0.0944,-5.147337247694802,35.472,-69.29695129394531,0.0
0.0867299999999999,-5.209715177382302,36.55200000000001,-68.10905456542969,232.05640330477604
0.0867299999999999,-5.209715177382302,36.55200000000001,-68.10905456542969,0.0
0.0914499999999999,-5.230528165663552,37.674,-66.9342041015625,236.15084700839788
0.0914499999999999,-5.230528165663552,37.674,-66.9342041015625,0.0
0.09322,-5.220121671522927,38.556,-65.71403503417969,227.4737262085718
0.09322,-5.220121671522927,38.556,-65.71403503417969,0.0
0.0914499999999999,-5.074522306288552,39.444,-64.48493957519531,253.6309242641828
0.0914499999999999,-5.074522306288552,39.444,-64.48493957519531,0.0
0.08732,-5.012113859022927,40.566,-63.18443298339843,263.26044368407935
0.08732,-5.012113859022927,40.566,-63.18443298339843,0.0
0.0867299999999999,-5.344908048476052,41.304,-61.88186645507812,269.9619747807988
0.0867299999999999,-5.344908048476052,41.304,-61.88186645507812,0.0
0.08555,-4.606535245741677,42.21,-60.52024841308594,274.40911769256326
0.08555,-4.606535245741677,42.21,-60.52024841308594,0.0
0.08142,-4.544126798476052,42.35399999999999,-59.18472290039062,277.0799818872739
0.08142,-4.544126798476052,42.35399999999999,-59.18472290039062,0.0
0.08142,-4.606535245741677,42.498,-57.77915954589844,282.69576719500566
0.08142,-4.606535245741677,42.498,-57.77915954589844,0.0
0.0825999999999999,-4.887327482069802,42.342,-56.45942687988281,269.3881743247733
0.0825999999999999,-4.887327482069802,42.342,-56.45942687988281,0.0
0.08142,-4.429716398085427,42.336,-55.084075927734375,287.8507643675054
0.08142,-4.429716398085427,42.336,-55.084075927734375,0.0
0.07611,-4.232115079726052,42.33,-53.7176513671875,266.827682200737
0.07611,-4.232115079726052,42.33,-53.7176513671875,0.0
0.0796499999999999,-4.512937833632302,42.39,-52.34161376953125,276.20184617758514
0.0796499999999999,-4.512937833632302,42.39,-52.34161376953125,0.0
0.07611,-4.533720304335427,42.246,-51.01570129394531,263.6008897790004
0.07611,-4.533720304335427,42.246,-51.01570129394531,0.0
0.07493,-4.221708585585427,42.35399999999999,-49.61219787597656,274.9810771880793
0.07493,-4.221708585585427,42.35399999999999,-49.61219787597656,0.0
0.07611,-4.128111173476052,42.15,-48.2080078125,256.0521632891481
0.07611,-4.128111173476052,42.15,-48.2080078125,0.0
0.07375,-4.159330655897927,42.396,-46.90132141113281,252.9886546697907
0.07375,-4.159330655897927,42.396,-46.90132141113281,0.0
0.0755199999999999,-4.211332609022927,42.402,-45.450439453125,300.0169474790308
0.0755199999999999,-4.211332609022927,42.402,-45.450439453125,0.0
0.07493,-3.982511808241677,42.37200000000001,-44.14100646972656,263.2555254116039
0.07493,-3.982511808241677,42.37200000000001,-44.14100646972656,0.0
0.07493,-3.857725431288552,42.378,-42.738189697265625,294.0299250604885
0.07493,-3.857725431288552,42.378,-42.738189697265625,0.0
0.0719799999999999,-3.660124112929177,42.348,-41.35597229003906,276.6648132956418
0.0719799999999999,-3.660124112929177,42.348,-41.35597229003906,0.0
0.06667,-3.680937101210427,42.342,-39.96002197265625,276.3710784756248
0.06667,-3.680937101210427,42.342,-39.96002197265625,0.0
0.0708,-3.920133878554177,42.264,-38.59428405761719,268.89897913770835
0.0708,-3.920133878554177,42.264,-38.59428405761719,0.0
0.07257,-3.462522794569802,42.18000000000001,-37.19352722167969,273.63876458984333
0.07257,-3.462522794569802,42.18000000000001,-37.19352722167969,0.0
0.0654899999999999,-3.296110441054177,42.35399999999999,-35.848388671875,242.27999816391068
0.0654899999999999,-3.296110441054177,42.35399999999999,-35.848388671875,0.0
0.06667,-3.275327970351052,42.37200000000001,-34.45037841796875,272.9955582709513
0.06667,-3.275327970351052,42.37200000000001,-34.45037841796875,0.0
0.0708,-3.462522794569802,42.144,-33.078460693359375,282.5201245074787
0.0708,-3.462522794569802,42.144,-33.078460693359375,0.0
0.0654899999999999,-2.973722745741677,42.306,-31.71546936035156,270.91857145838844
0.0654899999999999,-2.973722745741677,42.306,-31.71546936035156,0.0
0.0631299999999999,-2.973722745741677,42.288,-30.333938598632816,248.03065739987292
0.0631299999999999,-2.880125333632302,42.288,-30.333938598632816,0.0
0.0648999999999999,-2.817716886366677,42.402,-28.966827392578125,271.03711460177794
0.0648999999999999,-2.817716886366677,42.402,-28.966827392578125,0.0
0.06077,-3.056913663710427,42.108,-27.61962890625,268.95557722655525
0.06077,-3.056913663710427,42.108,-27.61962890625,0.0
0.06136,-2.557737638319802,42.036,-26.234664916992188,280.7549136946046
0.06136,-2.557737638319802,42.036,-26.234664916992188,0.0
0.06254,-2.557737638319802,42.24,-24.88677978515625,263.10465192911266
0.06254,-2.380918790663552,42.24,-24.88677978515625,0.0
0.06136,-2.380918790663552,42.348,-23.559494018554688,262.828864673727
0.06136,-2.380918790663552,42.348,-23.559494018554688,0.0
0.059,-2.380918790663552,42.228,-22.204742431640625,248.25940753451903
0.059,-2.557737638319802,42.228,-22.204742431640625,0.0
0.0542799999999999,-2.120909025038552,42.294,-20.820465087890625,274.11432549520623
0.0542799999999999,-2.120909025038552,42.294,-20.820465087890625,0.0
0.0536899999999999,-2.120909025038552,42.222,-19.43206787109375,248.7721227011752
0.0536899999999999,-1.933714200819802,42.222,-19.43206787109375,0.0
0.05664,-1.944120694960427,42.306,-18.06976318359375,262.5370374830644
0.05664,-1.944120694960427,42.306,-18.06976318359375,0.0
0.05251,-2.006529142226052,42.078,-16.672439575195312,224.0377759177049
0.05251,-2.006529142226052,42.078,-16.672439575195312,0.0
0.0542799999999999,-1.559324552382302,42.132,-15.334854125976562,268.7533552782083
0.0542799999999999,-1.559324552382302,42.132,-15.334854125976562,0.0
0.0530999999999999,-1.559324552382302,42.18000000000001,-13.951950073242188,250.75322805688532
0.0530999999999999,-1.444914151991677,42.18000000000001,-13.951950073242188,0.0
0.05133,-1.476133634413552,42.348,-12.622604370117188,263.916161033274
0.05133,-1.476133634413552,42.348,-12.622604370117188,0.0
0.0507399999999999,-1.465727140272927,42.096,-11.221160888671877,214.0261883699384
0.0507399999999999,-1.465727140272927,42.096,-11.221160888671877,0.0
0.04661,-1.028929044569802,42.168000000000006,-9.885635375976562,268.6093147016558
0.04661,-1.028929044569802,42.168000000000006,-9.885635375976562,0.0
0.04897,-1.008116056288552,42.036,-8.496551513671875,273.06543391148057
0.04897,-1.008116056288552,42.036,-8.496551513671875,0.0
0.04602,-1.028929044569802,42.312000000000005,-7.180938720703126,251.0232384982328
0.04602,-1.028929044569802,42.312000000000005,-7.180938720703126,0.0
0.04189,-0.841734220351052,42.078,-5.73211669921875,295.1960108973657
0.04189,-0.841734220351052,42.078,-5.73211669921875,0.0
0.04602,-0.644132901991677,41.94,-4.428863525390625,258.5819789344628
0.04602,-0.644132901991677,41.94,-4.428863525390625,0.0
0.04189,-0.592130948866677,42.006,-3.0438995361328125,229.0332378466844
0.04189,-0.592130948866677,42.006,-3.0438995361328125,0.0
0.04425,-0.508909513319802,42.174,-1.6994476318359375,274.5460290579856
0.04425,-0.508909513319802,42.174,-1.6994476318359375,0.0
0.03953,-0.384123136366677,42.21,-0.2581787109375,287.85079306903384
0.03953,-0.384123136366677,42.21,-0.2581787109375,0.0
0.0371699999999999,-0.155332853163552,42.108,1.078033447265625,266.28380992453185
0.0371699999999999,-0.155332853163552,42.108,1.078033447265625,0.0
0.04071,0.0110795003520729,42.066,2.4423980712890625,296.9237484267166
0.04071,0.0110795003520729,42.066,2.4423980712890625,0.0
0.03658,0.0214859944926979,42.3,3.75732421875,259.04770438612394
0.03658,0.0214859944926979,42.3,3.75732421875,0.0
0.0336299999999999,0.0214859944926979,42.012,5.1697540283203125,249.85491059110217
0.0336299999999999,0.2398697835551979,42.012,5.1697540283203125,0.0
0.0359899999999999,0.4478775960551979,41.808,6.505279541015625,260.64120076046254
0.0359899999999999,0.4478775960551979,41.808,6.505279541015625,0.0
0.0348099999999999,0.4894730550395729,41.904,7.889556884765625,213.49126214573613
0.0348099999999999,0.4894730550395729,41.904,7.889556884765625,0.0
0.03658,0.541475008164573,42.066,9.227828979492188,263.43938872609414
0.03658,0.541475008164573,42.066,9.227828979492188,0.0
0.03186,0.541475008164573,42.264,10.565414428710938,247.74688816808336
0.03186,0.541475008164573,42.264,10.565414428710938,0.0
0.03186,0.728669832383323,42.036,11.916046142578123,269.37210089079537
0.03186,0.728669832383323,42.036,11.916046142578123,0.0
0.0295,0.843080232773948,41.976,13.303756713867188,275.6128244860488
0.0295,0.843080232773948,41.976,13.303756713867188,0.0
0.03068,0.957490633164573,42.258,14.642715454101564,261.5153789517652
0.03068,0.957490633164573,42.258,14.642715454101564,0.0
0.0271399999999999,1.061464021836448,42.186,15.988540649414062,264.92621955009946
0.0271399999999999,1.061464021836448,42.186,15.988540649414062,0.0
0.0277299999999999,1.259065340195823,41.922,17.3748779296875,284.31855624909093
0.0277299999999999,1.259065340195823,41.922,17.3748779296875,0.0
0.0265499999999999,1.311067293320823,41.97,18.7261962890625,269.5628085731921
0.0265499999999999,1.311067293320823,41.97,18.7261962890625,0.0
0.0277299999999999,1.467073152695823,42.096,20.031509399414062,261.95326316529764
0.0277299999999999,1.467073152695823,42.096,20.031509399414062,0.0
0.0241899999999999,1.415071199570823,42.204,21.430206298828125,278.95829665282463
0.0241899999999999,1.415071199570823,42.204,21.430206298828125,0.0
0.02183,1.758271883164573,41.91,22.83233642578125,276.9913328633829
0.02183,1.758271883164573,41.91,22.83233642578125,0.0
0.02242,1.883088777695823,41.916,24.213180541992188,268.12507110889743
0.02242,1.883088777695823,41.916,24.213180541992188,0.0
0.0206499999999999,1.935090730820823,42.102,25.550079345703125,265.996578533766
0.0206499999999999,1.935090730820823,42.102,25.550079345703125,0.0
0.0206499999999999,1.924684236680198,42.234,26.94122314453125,276.18499083337446
0.0206499999999999,1.924684236680198,42.234,26.94122314453125,0.0
0.0177,2.288667390977073,41.994,28.311080932617188,278.25671096657885
0.0177,2.288667390977073,41.994,28.311080932617188,0.0
0.0177,2.288667390977073,41.97,29.69398498535156,286.79055427895725
0.0177,2.299073885117698,41.97,29.69398498535156,0.0
0.0177,2.403077791367698,41.982,31.004104614257816,266.82680833069605
0.0177,2.403077791367698,41.982,31.004104614257816,0.0
0.0177,2.403077791367698,42.222,32.419281005859375,258.2438670809774
0.0177,2.288667390977073,42.222,32.419281005859375,0.0
0.0135699999999999,2.652681062852073,42.084,33.7939453125,266.1499141605504
0.0135699999999999,2.652681062852073,42.084,33.7939453125,0.0
0.0129799999999999,2.652681062852073,42.03,35.14183044433594,253.98250081692905
0.0129799999999999,2.704683015977073,42.03,35.14183044433594,0.0
0.01475,2.694276521836448,42.126,36.51580810546875,275.51186307055406
0.01475,2.694276521836448,42.126,36.51580810546875,0.0
0.01593,2.683870027695823,42.108,37.865753173828125,265.05891780140377
0.01593,2.683870027695823,42.108,37.865753173828125,0.0
0.01121,3.058290193711448,42.018,39.27406311035156,264.71991288046735
0.01121,3.058290193711448,42.018,39.27406311035156,0.0
0.0100299999999999,3.110292146836448,41.958,40.59173583984375,300.3584977191579
0.0100299999999999,3.110292146836448,41.958,40.59173583984375,0.0
0.0123899999999999,3.131074617539573,41.958,41.99729919433594,281.56317197351405
0.0123899999999999,3.131074617539573,41.958,41.99729919433594,0.0
0.0100299999999999,3.141481111680198,42.234,43.37814331054688,291.93321695734693
0.0100299999999999,3.141481111680198,42.234,43.37814331054688,0.0
0.00826,3.359864900742698,42.084,44.7857666015625,264.64058864741463
0.00826,3.359864900742698,42.084,44.7857666015625,0.0
0.00826,3.453462312852073,41.922,46.10343933105469,255.1157269108399
0.00826,3.453462312852073,41.922,46.10343933105469,0.0
0.00767,3.505464265977073,42.006,47.48222351074219,277.1982669252757
0.00767,3.505464265977073,42.006,47.48222351074219,0.0
0.01062,3.474275301133323,42.15,48.856201171875,276.7326608526108
0.01062,3.474275301133323,42.15,48.856201171875,0.0
0.00413,3.682283113633323,42.144,50.262451171875,261.2876254174997
0.00413,3.682283113633323,42.144,50.262451171875,0.0
0.0047199999999999,3.807069490586448,41.94,51.624755859375,278.3622164891649
0.0047199999999999,3.807069490586448,41.94,51.624755859375,0.0
0.0047199999999999,3.848664949570823,41.886,52.99736022949219,247.9415408452164
0.0047199999999999,3.848664949570823,41.886,52.99736022949219,0.0
0.00708,3.838288973008323,42.186,54.29512023925781,261.9620528393569
0.00708,3.838288973008323,42.186,54.29512023925781,0.0
0.00295,3.900666902695823,42.102,55.73982238769531,285.232408378473
0.00295,3.900666902695823,42.102,55.73982238769531,0.0
0.00177,4.150270174180198,41.946000000000005,57.07191467285156,270.3109344882871
0.00177,4.150270174180198,41.946000000000005,57.07191467285156,0.0
-0.0,4.129487703477073,41.982,58.45001220703125,252.07564188416373
-0.0,4.129487703477073,41.982,58.45001220703125,0.0
0.0023599999999999,4.087892244492698,41.964,59.81025695800782,280.05862692530934
0.0023599999999999,4.087892244492698,41.964,59.81025695800782,0.0
-0.0,4.087892244492698,41.496,61.170501708984375,243.1179179582948
-0.0,4.067079256211448,41.496,61.170501708984375,0.0
-0.0,4.379090974961448,40.224,62.52593994140625,276.3944193350296
-0.0,4.379090974961448,40.224,62.52593994140625,0.0
-0.0,4.379090974961448,39.456,63.83193969726563,255.0780773160305
-0.0,4.379090974961448,39.456,63.83193969726563,0.0
-0.0,4.264680574570823,38.808,65.04112243652344,234.6105431231547
-0.0,4.264680574570823,38.808,65.04112243652344,0.0
-0.0005899999999999,4.597474764023948,37.87799999999999,66.33750915527344,260.99994337587805
-0.0005899999999999,4.597474764023948,37.87799999999999,66.33750915527344,0.0
-0.00354,4.618287752305198,36.678,67.53021240234375,238.73163472225372
-0.00354,4.618287752305198,36.678,67.53021240234375,0.0
-0.0,4.379090974961448,35.712,68.7030029296875,231.91428264687025
-0.0,4.379090974961448,35.712,68.7030029296875,0.0
-0.00177,4.670289705430198,34.71,69.8345947265625,225.4616052753992
-0.00177,4.670289705430198,34.71,69.8345947265625,0.0
-0.0005899999999999,4.670289705430198,34.11,70.95245361328125,225.9213594824195
-0.0005899999999999,4.670289705430198,34.11,70.95245361328125,0.0
-0.00177,4.410279939805198,33.174,72.0538330078125,220.3199428942918
-0.00177,4.410279939805198,33.174,72.0538330078125,0.0
-0.0064899999999999,4.722291658555198,32.04,73.1085205078125,211.148648648908
-0.0064899999999999,4.722291658555198,32.04,73.1085205078125,0.0
-0.0023599999999999,4.597474764023948,30.816000000000003,74.14604187011719,206.5541234931077
-0.0023599999999999,4.597474764023948,30.816000000000003,74.14604187011719,0.0
-0.0064899999999999,4.784669588242698,29.922,75.10391235351562,190.8488709703774
-0.0064899999999999,4.784669588242698,29.922,75.10391235351562,0.0
-0.00531,4.649476717148948,29.136,76.05216979980469,187.4767588548956
-0.00531,4.649476717148948,29.136,76.05216979980469,0.0
-0.00413,4.774263094102073,28.14,76.99356079101562,189.7583130844572
-0.00413,4.774263094102073,28.14,76.99356079101562,0.0
-0.00767,4.680665681992698,27.228,77.88963317871094,176.84475778485773
-0.00767,4.680665681992698,27.228,77.88963317871094,0.0
-0.00767,4.815889070664573,25.956,78.77059936523438,176.65253389281403
-0.00767,4.815889070664573,25.956,78.77059936523438,0.0
-0.00708,4.815889070664573,25.187999999999995,79.5904541015625,157.87689896538572
-0.00708,4.711885164414573,25.187999999999995,79.5904541015625,0.0
-0.00885,4.899079988633323,24.144,80.40962219238281,155.2336726964719
-0.00885,4.899079988633323,24.144,80.40962219238281,0.0
-0.00767,4.597474764023948,23.034,81.1395263671875,136.71177651353293
-0.00767,4.597474764023948,23.034,81.1395263671875,0.0
-0.01062,4.753480623398948,22.074,81.90101623535156,144.05786382223468
-0.01062,4.753480623398948,22.074,81.90101623535156,0.0
-0.00885,4.878267000352073,21.18,82.60002136230469,139.6055775822335
-0.00885,4.878267000352073,21.18,82.60002136230469,0.0
-0.01416,4.847078035508323,20.538,83.26744079589844,133.69780320383765
-0.01416,4.847078035508323,20.538,83.26744079589844,0.0
-0.01475,4.940675447617698,18.948,83.94447326660156,138.19809567337484
-0.01475,4.940675447617698,18.948,83.94447326660156,0.0
-0.0100299999999999,4.795076082383323,17.592,84.52125549316406,114.16908681017983
-0.0100299999999999,4.795076082383323,17.592,84.52125549316406,0.0
-0.0123899999999999,4.940675447617698,17.154,85.089111328125,114.07308858143074
-0.0123899999999999,4.940675447617698,17.154,85.089111328125,0.0
-0.0118,4.940675447617698,16.224,85.64804077148438,104.92386772292012
-0.0118,4.899079988633323,16.224,85.64804077148438,0.0
-0.01062,4.940675447617698,15.096,86.15341186523438,101.62298285787242
-0.01062,4.940675447617698,15.096,86.15341186523438,0.0
-0.01475,4.722291658555198,14.598,86.63612365722656,92.88277698555504
-0.01475,4.722291658555198,14.598,86.63612365722656,0.0
-0.01593,4.899079988633323,13.452000000000002,87.08999633789062,92.75959138834108
-0.01593,4.899079988633323,13.452000000000002,87.08999633789062,0.0
-0.01593,4.899079988633323,12.0,87.50679016113281,83.77765291297341
-0.01593,4.899079988633323,12.0,87.50679016113281,0.0
-0.0129799999999999,4.899079988633323,11.076,87.85629272460938,71.34161328330597
-0.0129799999999999,4.899079988633323,11.076,87.85629272460938,0.0
-0.0129799999999999,4.815889070664573,10.332,88.19892883300781,69.07986056404543
-0.0129799999999999,4.815889070664573,10.332,88.19892883300781,0.0
-0.01593,4.899079988633323,9.696,88.53950500488281,67.34747318082414
-0.01593,4.899079988633323,9.696,88.53950500488281,0.0
-0.0177,4.836671541367698,8.496,88.83476257324219,61.028848358614034
-0.0177,4.836671541367698,8.496,88.83476257324219,0.0
-0.01829,4.847078035508323,7.212,89.10255432128906,51.99839767914398
-0.01829,4.847078035508323,7.212,89.10255432128906,0.0
-0.01652,4.888673494492698,5.706,89.30648803710938,41.61063371163944
-0.01652,4.888673494492698,5.706,89.30648803710938,0.0
-0.01475,4.857484529648948,5.016,89.48158264160156,34.77549245133138
-0.01475,4.857484529648948,5.016,89.48158264160156,0.0
-0.01475,4.878267000352073,4.236,89.63333129882812,28.49204979847147
-0.01475,4.878267000352073,4.236,89.63333129882812,0.0
-0.01593,4.857484529648948,3.51,89.75692749023438,24.73407872847211
-0.01593,4.857484529648948,3.51,89.75692749023438,0.0
-0.01711,4.899079988633323,2.628,89.85305786132812,19.542665398196856
-0.01711,4.899079988633323,2.628,89.85305786132812,0.0
-0.01652,4.888673494492698,1.638,89.91279602050781,11.933311861750408
-0.01652,4.888673494492698,1.638,89.91279602050781,0.0
-0.0177,4.899079988633323,1.044,89.96086120605469,9.799222333699753
-0.0177,4.899079988633323,1.044,89.96086120605469,0.0
-0.01829,4.888673494492698,0.444,89.98420715332031,4.648735019044226
-0.01829,4.888673494492698,0.444,89.98420715332031,0.0
-0.01652,4.888673494492698,0.228,89.98832702636719,0.6719740738683759
-0.01652,4.888673494492698,0.228,89.98832702636719,0.0
-0.0188799999999999,4.867891023789573,0.132,89.9945068359375,1.2434224487585503
-0.0188799999999999,4.867891023789573,0.132,89.9945068359375,0.0
-0.0188799999999999,4.867891023789573,0.03,90.00068664550781,1.1529495467009463
-0.0188799999999999,4.899079988633323,0.03,90.00068664550781,0.0
-0.0177,4.867891023789573,0.0239999999999999,89.99794006347656,-0.5278843035273677
-0.0177,4.867891023789573,0.0239999999999999,89.99794006347656,0.0
-0.0194699999999999,4.847078035508323,0.0119999999999999,89.99794006347656,0.0
-0.0194699999999999,4.847078035508323,0.0059999999999999,90.0,0.4108369611970908
-0.0194699999999999,4.847078035508323,0.0059999999999999,90.0,0.0
-0.01829,4.847078035508323,0.0239999999999999,90.00343322753906,0.6821433616261222
-0.01829,4.847078035508323,0.0239999999999999,90.00343322753906,0.0
-0.0194699999999999,4.847078035508323,0.03,90.00343322753906,0.0
-0.0177,4.826265047227073,0.0239999999999999,90.00274658203125,-0.1365100413144773
-0.0177,4.826265047227073,0.0239999999999999,90.00274658203125,0.0
-0.0188799999999999,4.847078035508323,0.0119999999999999,90.0054931640625,0.5584754028564515
-0.0177,4.847078035508323,0.0059999999999999,90.00343322753906,-0.3817525061973983
-0.0177,4.847078035508323,0.0059999999999999,90.00343322753906,0.0
-0.0177,4.847078035508323,-0.0,90.00411987304688,0.1367819736677796
-0.0177,4.847078035508323,-0.0,90.00411987304688,0.0
-0.0188799999999999,4.847078035508323,0.0059999999999999,90.00411987304688,0.0
-0.0188799999999999,4.847078035508323,-0.0059999999999999,90.00480651855469,0.128729941472043
-0.0188799999999999,4.847078035508323,-0.0059999999999999,90.00480651855469,0.0
-0.0194699999999999,4.847078035508323,0.0059999999999999,90.0054931640625,0.1351398362153167
-0.0194699999999999,4.847078035508323,0.0059999999999999,90.0054931640625,0.0
-0.0188799999999999,4.878267000352073,0.0119999999999999,90.00480651855469,-0.1540254615999455
-0.0188799999999999,4.878267000352073,0.0119999999999999,90.00480651855469,0.0
-0.0206499999999999,4.847078035508323,0.0059999999999999,90.00686645507812,0.430949063479667
-0.02124,4.847078035508323,-0.0119999999999999,90.00480651855469,-0.4351365702247704
-0.02124,4.847078035508323,-0.0119999999999999,90.00480651855469,0.0
-0.0265499999999999,4.847078035508323,-0.0239999999999999,90.00411987304688,-0.140504503338037
-0.0265499999999999,4.847078035508323,-0.0239999999999999,90.00411987304688,0.0
-0.03835,4.847078035508323,-0.054,90.00617980957031,0.4534308878344438
-0.03835,4.847078035508323,-0.054,90.00617980957031,0.0
-0.05133,4.847078035508323,-0.354,90.00137329101562,-0.9641962998360628
-0.05133,4.847078035508323,-0.354,90.00137329101562,0.0
-0.07021,4.899079988633323,-0.96,89.98283386230469,-3.719042870796242
-0.07021,4.899079988633323,-0.96,89.98283386230469,0.0
-0.08791,4.940675447617698,-2.676,89.92721557617188,-11.137021652521913
-0.08791,4.940675447617698,-2.676,89.92721557617188,0.0
-0.0843699999999999,5.023866365586448,-5.034,89.80087280273438,-26.67710587780381
-0.0843699999999999,5.023866365586448,-5.034,89.80087280273438,0.0
-0.0867299999999999,4.930268953477073,-7.313999999999999,89.61479187011719,-37.17900751583801
-0.0867299999999999,4.930268953477073,-7.313999999999999,89.61479187011719,0.0
-0.08142,4.899079988633323,-8.748,89.34288024902344,-58.187806781999
-0.08142,4.899079988633323,-8.748,89.34288024902344,0.0
-0.07906,4.826265047227073,-9.366,89.03732299804688,-57.02822899927613
-0.07906,4.826265047227073,-9.366,89.03732299804688,0.0
-0.07139,4.826265047227073,-9.546,88.71665954589844,-56.59432618230773
-0.07139,4.847078035508323,-9.546,88.71665954589844,0.0
-0.0778799999999999,5.065461824570823,-10.194,88.3905029296875,-64.61105709387473
-0.0778799999999999,5.065461824570823,-10.194,88.3905029296875,0.0
-0.08496,4.919862459336448,-10.86,88.05747985839844,-68.89182277407383
-0.08496,4.919862459336448,-10.86,88.05747985839844,0.0
-0.0843699999999999,5.023866365586448,-12.24,87.69767761230469,-68.8880425222459
-0.0843699999999999,5.023866365586448,-12.24,87.69767761230469,0.0
-0.07847,5.169465730820823,-13.374,87.28431701660156,-83.12097239142602
-0.07847,5.169465730820823,-13.374,87.28431701660156,0.0
-0.08791,4.992677400742698,-14.31,86.83868408203125,-90.85278992244484
-0.08791,4.992677400742698,-14.31,86.83868408203125,0.0
-0.0867299999999999,4.899079988633323,-14.843999999999998,86.35597229003906,-97.57667111248044
-0.0867299999999999,4.899079988633323,-14.843999999999998,86.35597229003906,0.0
-0.0820099999999999,5.034272859727073,-16.056,85.85128784179688,-101.28124588424234
-0.0820099999999999,5.034272859727073,-16.056,85.85128784179688,0.0
-0.0796499999999999,5.023866365586448,-17.099999999999998,85.31845092773438,-122.26638688915816
-0.0796499999999999,5.023866365586448,-17.099999999999998,85.31845092773438,0.0
-0.0843699999999999,4.930268953477073,-17.825999999999997,84.72862243652344,-116.98304070023302
-0.0843699999999999,4.930268953477073,-17.825999999999997,84.72862243652344,0.0
-0.0914499999999999,5.096681306992698,-18.828000000000003,84.14840698242188,-115.12211390885405
-0.0914499999999999,5.096681306992698,-18.828000000000003,84.14840698242188,0.0
-0.08142,5.003083894883323,-19.842,83.5345458984375,-120.29415715892904
-0.08142,5.003083894883323,-19.842,83.5345458984375,0.0
-0.08791,4.867891023789573,-20.508,82.86094665527344,-136.8825936119927
-0.08791,4.867891023789573,-20.508,82.86094665527344,0.0
-0.0938099999999999,5.075868318711448,-21.504,82.17910766601562,-139.0373142855544
-0.0938099999999999,5.075868318711448,-21.504,82.17910766601562,0.0
-0.09322,5.013490389023948,-22.746,81.47666931152344,-142.56918093989682
-0.09322,5.013490389023948,-22.746,81.47666931152344,0.0
-0.0938099999999999,4.847078035508323,-23.598,80.74813842773438,-146.4089396682434
-0.0938099999999999,4.847078035508323,-23.598,80.74813842773438,0.0
-0.08496,4.847078035508323,-24.714,79.97360229492188,-150.16210407393064
-0.08496,5.023866365586448,-24.714,79.97360229492188,0.0
-0.0944,4.847078035508323,-25.596,79.1400146484375,-169.08471531117547
-0.0944,4.847078035508323,-25.596,79.1400146484375,0.0
-0.0867299999999999,4.847078035508323,-26.742,78.31329345703125,-169.61862769923917
-0.0867299999999999,5.023866365586448,-26.742,78.31329345703125,0.0
-0.08319,4.878267000352073,-27.468,77.4151611328125,-184.15672015992885
-0.08319,4.878267000352073,-27.468,77.4151611328125,0.0
-0.08496,5.034272859727073,-28.182,76.52938842773438,-162.79593918023795
-0.08496,5.034272859727073,-28.182,76.52938842773438,0.0
-0.0902699999999999,4.909486482773948,-29.16,75.60859680175781,-184.37958069175167
-0.0902699999999999,4.909486482773948,-29.16,75.60859680175781,0.0
-0.09086,5.013490389023948,-30.576,74.63287353515625,-192.488314579433
-0.09086,5.013490389023948,-30.576,74.63287353515625,0.0
-0.09086,4.847078035508323,-31.362,73.62831115722656,-206.27564228609333
-0.09086,4.847078035508323,-31.362,73.62831115722656,0.0
-0.0890899999999999,4.899079988633323,-32.532000000000004,72.58049011230469,-195.3796466388457
-0.0890899999999999,4.899079988633323,-32.532000000000004,72.58049011230469,0.0
-0.08496,4.743074129258323,-33.306,71.53541564941406,-207.60319088035135
-0.08496,4.743074129258323,-33.306,71.53541564941406,0.0
-0.09204,4.795076082383323,-34.248000000000005,70.40107727050781,-214.1877603680165
-0.09204,4.795076082383323,-34.248000000000005,70.40107727050781,0.0
-0.0949899999999999,4.961488435898948,-35.118,69.32235717773438,-212.47195051672995
-0.0949899999999999,4.961488435898948,-35.118,69.32235717773438,0.0
-0.08791,4.545472810898948,-36.318000000000005,68.13652038574219,-213.93411365588923
-0.08791,4.545472810898948,-36.318000000000005,68.13652038574219,0.0
-0.09558,4.670289705430198,-37.53,66.9561767578125,-238.6461035042762
-0.09558,4.670289705430198,-37.53,66.9561767578125,0.0
-0.09322,4.815889070664573,-38.16,65.69686889648438,-242.1280256351144
-0.09322,4.815889070664573,-38.16,65.69686889648438,0.0
-0.0949899999999999,4.451875398789573,-39.066,64.45610046386719,-249.50099187924724
-0.0949899999999999,4.451875398789573,-39.066,64.45610046386719,0.0
-0.09558,4.555879305039573,-40.29,63.18855285644531,-232.40696872480927
-0.09558,4.555879305039573,-40.29,63.18855285644531,0.0
-0.0902699999999999,4.483064363633323,-41.178,61.88804626464844,-260.8316469707692
-0.0902699999999999,4.483064363633323,-41.178,61.88804626464844,0.0
-0.08968,4.451875398789573,-41.856,60.502395629882805,-250.6603897912596
-0.08968,4.451875398789573,-41.856,60.502395629882805,0.0
-0.08083,4.150270174180198,-41.796,59.11674499511719,-276.6321890128368
-0.08083,4.150270174180198,-41.796,59.11674499511719,0.0
-0.08732,4.399873445664573,-42.006,57.77641296386719,-270.82886062783365
-0.08732,4.399873445664573,-42.006,57.77641296386719,0.0
-0.08555,4.150270174180198,-42.198,56.40380859375,-279.7237355036441
-0.08555,4.150270174180198,-42.198,56.40380859375,0.0
-0.0778799999999999,4.160676668320823,-42.036,54.99755859375,-281.98315620614426
-0.0778799999999999,4.160676668320823,-42.036,54.99755859375,0.0
-0.08319,3.848664949570823,-41.748,53.63594055175781,-271.67159656702563
-0.08319,3.848664949570823,-41.748,53.63594055175781,0.0
-0.08319,4.056672762070823,-41.79,52.27500915527344,-278.9937262170833
-0.08319,4.056672762070823,-41.79,52.27500915527344,0.0
-0.0843699999999999,3.890290926133323,-41.928,50.96488952636719,-259.58383770583407
-0.0843699999999999,3.890290926133323,-41.928,50.96488952636719,0.0
-0.0802399999999999,3.869477937852073,-42.198,49.57099914550781,-280.51728332916355
-0.0802399999999999,3.869477937852073,-42.198,49.57099914550781,0.0
-0.0755199999999999,3.671876619492698,-41.778,48.192901611328125,-288.42560363819354
-0.0755199999999999,3.671876619492698,-41.778,48.192901611328125,0.0
-0.08083,3.723878572617698,-41.976,46.81755065917969,-274.5211481334959
-0.08083,3.723878572617698,-41.976,46.81755065917969,0.0
-0.07729,3.463868806992698,-42.09,45.45661926269531,-252.02433268321064
-0.07729,3.463868806992698,-42.09,45.45661926269531,0.0
-0.07375,3.640687654648948,-42.138000000000005,44.06341552734375,-282.5397962587321
-0.07375,3.640687654648948,-42.138000000000005,44.06341552734375,0.0
-0.0767,3.287080476914573,-41.922,42.68600463867188,-274.6034467042664
-0.0767,3.287080476914573,-41.922,42.68600463867188,0.0
-0.07316,3.235078523789573,-41.952,41.31752014160156,-272.71512496382053
-0.07316,3.235078523789573,-41.952,41.31752014160156,0.0
-0.07611,3.151887605820823,-42.078,39.97856140136719,-252.5384270528637
-0.07611,3.151887605820823,-42.078,39.97856140136719,0.0
-0.07375,3.339082430039573,-42.264,38.623809814453125,-275.30005830424216
-0.07375,3.339082430039573,-42.264,38.623809814453125,0.0
-0.06608,3.339082430039573,-41.892,37.201080322265625,-268.6422757143756
-0.06608,2.891877840195823,-41.892,37.201080322265625,0.0
-0.07316,2.819062898789573,-41.934000000000005,35.868988037109375,-291.67775019969736
-0.07316,2.819062898789573,-41.934000000000005,35.868988037109375,0.0
-0.07021,2.808686922227073,-42.132,34.49432373046875,-291.6131325071248
-0.07021,2.808686922227073,-42.132,34.49432373046875,0.0
-0.06903,2.943879793320823,-42.102,33.11553955078125,-275.7016955987702
-0.06903,2.943879793320823,-42.102,33.11553955078125,0.0
-0.06903,2.507081697617698,-42.072,31.73194885253906,-254.8988021805916
-0.06903,2.507081697617698,-42.072,31.73194885253906,0.0
-0.0672599999999999,2.413484285508323,-41.98799999999999,30.42182922363281,-256.9365814681147
-0.0672599999999999,2.413484285508323,-41.98799999999999,30.42182922363281,0.0
-0.06844,2.455079744492698,-42.15,29.080123901367188,-253.4867414069477
-0.06844,2.455079744492698,-42.15,29.080123901367188,0.0
-0.0654899999999999,2.455079744492698,-42.294,27.730865478515625,-268.6695386006442
-0.0654899999999999,2.455079744492698,-42.294,27.730865478515625,0.0
-0.0648999999999999,2.101472566758323,-42.096,26.3397216796875,-276.34958260419967
-0.0648999999999999,2.101472566758323,-42.096,26.3397216796875,0.0
-0.06136,1.976686189805198,-41.856,24.998703002929688,-267.29493258028833
-0.06136,1.976686189805198,-41.856,24.998703002929688,0.0
-0.06254,2.070283601914573,-42.024,23.6260986328125,-272.8835725876401
-0.06254,2.070283601914573,-42.024,23.6260986328125,0.0
-0.06136,1.935090730820823,-42.12,22.28233337402344,-269.29163502828425
-0.06136,1.935090730820823,-42.12,22.28233337402344,0.0
-0.059,1.654267976914573,-42.114,20.924835205078125,-261.4092372323472
-0.059,1.654267976914573,-42.114,20.924835205078125,0.0
-0.0572299999999999,1.654267976914573,-41.808,19.57763671875,-281.0176233473116
-0.0572299999999999,1.654267976914573,-41.808,19.57763671875,0.0
-0.059,1.581483553086448,-41.952,18.208465576171875,-271.8767161598274
-0.059,1.581483553086448,-41.952,18.208465576171875,0.0
-0.059,1.435884187852073,-42.114,16.86676025390625,-278.5354623759317
-0.059,1.435884187852073,-42.114,16.86676025390625,0.0
-0.05133,1.186280916367698,-42.096,15.44677734375,-290.56331290306065
-0.05133,1.186280916367698,-42.096,15.44677734375,0.0
-0.0560499999999999,1.186280916367698,-41.928,14.129104614257812,-248.0558602205027
-0.0560499999999999,1.123872469102073,-41.928,14.129104614257812,0.0
-0.0536899999999999,1.040681551133323,-41.964,12.7935791015625,-267.8013861430423
-0.0536899999999999,1.040681551133323,-41.964,12.7935791015625,0.0
-0.0560499999999999,0.947084139023948,-42.042,11.415481567382812,-251.15683145301517
-0.0560499999999999,0.947084139023948,-42.042,11.415481567382812,0.0
-0.05133,0.718263338242698,-42.264,10.03875732421875,-276.95116539301114
-0.05133,0.718263338242698,-42.264,10.03875732421875,0.0
-0.0519199999999999,0.666291902695823,-41.952,8.680572509765625,-245.20397444546072
-0.0519199999999999,0.666291902695823,-41.952,8.680572509765625,0.0
-0.04897,0.614289949570823,-42.018,7.376632690429687,-261.3105850361782
-0.04897,0.614289949570823,-42.018,7.376632690429687,0.0
-0.05015,0.4478775960551979,-42.174,6.025314331054688,-271.8403458804633
-0.05015,0.4478775960551979,-42.174,6.025314331054688,0.0
-0.0472,0.3334671956645729,-42.15,4.61700439453125,-299.57667230802514
-0.0472,0.3334671956645729,-42.15,4.61700439453125,0.0
-0.04425,0.1878678304301979,-42.06,3.2828521728515625,-267.2580572266636
-0.04425,0.1878678304301979,-42.06,3.2828521728515625,0.0
-0.04779,0.0838639241801979,-41.982,1.8903350830078125,-267.3803935946605
-0.04779,0.0838639241801979,-41.982,1.8903350830078125,0.0
-0.04366,-0.051328946913552,-42.09,0.5706024169921875,-262.6856421198923
-0.04366,-0.051328946913552,-42.09,0.5706024169921875,0.0
-0.04248,-0.207334806288552,-42.27,-0.8219146728515625,-279.7904540576008
-0.04248,-0.207334806288552,-42.27,-0.8219146728515625,0.0
-0.04071,-0.207334806288552,-42.084,-2.1924591064453125,-263.769136564768
-0.04071,-0.207334806288552,-42.084,-2.1924591064453125,0.0
-0.04248,-0.384123136366677,-42.09,-3.556137084960937,-278.81373512808887
-0.04248,-0.384123136366677,-42.09,-3.556137084960937,0.0
-0.04248,-0.571317960585427,-42.174,-4.9390411376953125,-276.19413875227934
-0.04248,-0.571317960585427,-42.174,-4.9390411376953125,0.0
-0.0371699999999999,-0.748136808241677,-42.246,-6.273193359375,-265.4501037954012
-0.0371699999999999,-0.748136808241677,-42.246,-6.273193359375,0.0
-0.03422,-0.852110196913552,-42.06,-7.681503295898437,-289.8950054589738
-0.03422,-0.852110196913552,-42.06,-7.681503295898437,0.0
-0.03835,-0.810514737929177,-41.826,-9.07196044921875,-276.3229636964098
-0.03835,-0.810514737929177,-41.826,-9.07196044921875,0.0
-0.03422,-1.028929044569802,-41.946000000000005,-10.388259887695312,-263.20724624493965
-0.03422,-1.028929044569802,-41.946000000000005,-10.388259887695312,0.0
-0.0354,-1.268125821913552,-42.252,-11.773223876953123,-282.1275186918766
-0.0354,-1.268125821913552,-42.252,-11.773223876953123,0.0
-0.03127,-1.424131681288552,-42.192,-13.143081665039062,-266.7688000169609
-0.03127,-1.424131681288552,-42.192,-13.143081665039062,0.0
-0.0324499999999999,-1.361723234022927,-42.114,-14.510879516601562,-255.32907440014532
-0.0324499999999999,-1.361723234022927,-42.114,-14.510879516601562,0.0
-0.03127,-1.434538175429177,-42.228,-15.831985473632812,-277.07759165849706
-0.03127,-1.434538175429177,-42.228,-15.831985473632812,0.0
-0.03009,-1.798521329726052,-42.324,-17.195663452148438,-268.3349032898491
-0.03009,-1.798521329726052,-42.324,-17.195663452148438,0.0
-0.02832,-1.871336271132302,-42.312000000000005,-18.59848022460937,-267.5089192333485
-0.02832,-1.871336271132302,-42.312000000000005,-18.59848022460937,0.0
-0.02832,-1.777708341444802,-41.982,-19.936752319335938,-272.4495306859162
-0.02832,-1.777708341444802,-41.982,-19.936752319335938,0.0
-0.0265499999999999,-1.923338224257302,-42.054,-21.316909790039062,-281.20567862734816
-0.0265499999999999,-1.923338224257302,-42.054,-21.316909790039062,0.0
-0.0259599999999999,-2.391325284804177,-42.336,-22.669601440429688,-274.71398261291813
-0.0259599999999999,-2.391325284804177,-42.336,-22.669601440429688,0.0
-0.0236,-2.349729825819802,-42.318,-24.039459228515625,-280.2491383141677
-0.0236,-2.349729825819802,-42.318,-24.039459228515625,0.0
-0.0241899999999999,-2.318510343397927,-42.186,-25.377731323242188,-267.0668718275002
-0.0241899999999999,-2.318510343397927,-42.186,-25.377731323242188,0.0
-0.0236,-2.432920743788552,-42.126,-26.7626953125,-247.1384706025178
-0.0236,-2.432920743788552,-42.126,-26.7626953125,0.0
-0.0206499999999999,-2.817716886366677,-42.33,-28.12362670898437,-273.8292548266045
-0.0206499999999999,-2.817716886366677,-42.33,-28.12362670898437,0.0
-0.0188799999999999,-2.817716886366677,-42.36599999999999,-29.524383544921875,-265.59666968785154
-0.0188799999999999,-2.817716886366677,-42.36599999999999,-29.524383544921875,0.0
-0.0206499999999999,-2.765714933241677,-42.096,-30.83724975585937,-249.0734606221114
-0.0206499999999999,-2.765714933241677,-42.096,-30.83724975585937,0.0
-0.0206499999999999,-2.786527921522927,-42.108,-32.18101501464844,-264.156724747047
-0.0206499999999999,-2.786527921522927,-42.108,-32.18101501464844,0.0
-0.01652,-3.254514982069802,-42.276,-33.56803894042969,-276.35463753338405
-0.01652,-3.254514982069802,-42.276,-33.56803894042969,0.0
-0.01475,-3.192137052382302,-42.402,-34.93171691894531,-276.3838626895224
-0.01475,-3.192137052382302,-42.402,-34.93171691894531,0.0
-0.01593,-3.181730558241677,-42.282,-36.28440856933594,-290.3394828069951
-0.01593,-3.181730558241677,-42.282,-36.28440856933594,0.0
-0.01534,-3.223326017226052,-42.138000000000005,-37.63160705566406,-269.2243178106348
-0.01534,-3.223326017226052,-42.138000000000005,-37.63160705566406,0.0
-0.0129799999999999,-3.691313077772927,-42.246,-38.997344970703125,-273.7498326399048
-0.0129799999999999,-3.691313077772927,-42.246,-38.997344970703125,0.0
-0.0129799999999999,-3.628935148085427,-42.426,-40.37887573242188,-276.1956740730824
-0.0129799999999999,-3.628935148085427,-42.426,-40.37887573242188,0.0
-0.0118,-3.639311124647927,-42.15,-41.73500061035156,-279.95971881339494
-0.0118,-3.639311124647927,-42.15,-41.73500061035156,0.0
-0.0118,-3.628935148085427,-42.126,-43.10760498046875,-273.42716536189147
-0.0118,-3.628935148085427,-42.126,-43.10760498046875,0.0
-0.0100299999999999,-4.086515714491677,-42.306,-44.44038391113281,-279.0575650473488
-0.0100299999999999,-4.086515714491677,-42.306,-44.44038391113281,0.0
-0.01062,-4.086515714491677,-42.528,-45.852813720703125,-292.48908874923603
-0.01062,-4.086515714491677,-42.528,-45.852813720703125,0.0
-0.0094399999999999,-4.003324796522927,-42.498,-47.239837646484375,-275.1485669073006
-0.0094399999999999,-4.003324796522927,-42.498,-47.239837646484375,0.0
-0.00826,-4.003324796522927,-42.264,-48.55201721191406,-232.7797703449748
-0.00826,-4.003324796522927,-42.264,-48.55201721191406,0.0
-0.0059,-4.419309903944802,-42.456,-49.95414733886719,-275.63006230632016
-0.0059,-4.419309903944802,-42.456,-49.95414733886719,0.0
-0.0064899999999999,-4.554533292616677,-42.462,-51.31095886230469,-269.5295040601671
-0.0064899999999999,-4.554533292616677,-42.462,-51.31095886230469,0.0
-0.0064899999999999,-4.336118985976052,-42.3,-52.6300048828125,-278.9270502238314
-0.0064899999999999,-4.336118985976052,-42.3,-52.6300048828125,0.0
-0.00885,-4.315336515272927,-42.288,-54.03488159179688,-287.8255908603156
-0.00885,-4.315336515272927,-42.288,-54.03488159179688,0.0
-0.00295,-4.315336515272927,-42.294,-55.36354064941406,-236.9220858793849
-0.00295,-4.689726163710427,-42.294,-55.36354064941406,0.0
-0.00531,-4.845732023085427,-42.438,-56.71417236328125,-273.90624900982067
-0.00531,-4.845732023085427,-42.438,-56.71417236328125,0.0
-0.00354,-4.637724210585427,-42.498,-58.10256958007813,-255.03255268074813
-0.00354,-4.637724210585427,-42.498,-58.10256958007813,0.0
-0.00413,-4.564909269179177,-42.288,-59.41200256347657,-259.3963913221455
-0.00413,-4.564909269179177,-42.288,-59.41200256347657,0.0
-0.0,-5.012113859022927,-41.928,-60.83610534667969,-246.04401921289465
-0.0,-5.012113859022927,-41.928,-60.83610534667969,0.0
-0.0,-5.168119718397927,-41.058,-62.19497680664063,-270.153371761352
-0.0,-5.168119718397927,-41.058,-62.19497680664063,0.0
-0.0,-4.856107999647927,-40.260000000000005,-63.45497131347656,-215.4941862217179
-0.0,-4.856107999647927,-40.260000000000005,-63.45497131347656,0.0
-0.0,-4.887327482069802,-39.054,-64.73350524902344,-257.0951006525503
-0.0,-4.887327482069802,-39.054,-64.73350524902344,0.0
0.0011799999999999,-5.334532071913552,-38.202,-65.98457336425781,-234.1947052111518
0.0011799999999999,-5.334532071913552,-38.202,-65.98457336425781,0.0
0.0005899999999999,-5.157713224257302,-37.35,-67.18963623046875,-241.5923949902933
0.0005899999999999,-5.157713224257302,-37.35,-67.18963623046875,0.0
-0.0,-5.157713224257302,-36.414,-68.34182739257812,-217.80551268599007
-0.0,-5.105711271132302,-36.414,-68.34182739257812,0.0
0.0023599999999999,-5.428129484022927,-35.418,-69.50569152832031,-236.84658847083656
0.0023599999999999,-5.428129484022927,-35.418,-69.50569152832031,0.0
0.00177,-5.428129484022927,-34.638,-70.63179016113281,-227.127598388224
0.00177,-5.261717130507302,-34.638,-70.63179016113281,0.0
0.00354,-5.313719083632302,-33.408,-71.7242431640625,-220.65299998555412
0.00354,-5.313719083632302,-33.408,-71.7242431640625,0.0
0.00708,-5.511320401991677,-32.502,-72.8118896484375,-213.59907391416888
0.00708,-5.511320401991677,-32.502,-72.8118896484375,0.0
0.00177,-5.261717130507302,-31.41,-73.83567810058594,-209.3208857381574
0.00177,-5.261717130507302,-31.41,-73.83567810058594,0.0
0.00531,-5.490537931288552,-30.612,-74.83474731445312,-201.18187955456835
0.00531,-5.490537931288552,-30.612,-74.83474731445312,0.0
0.0023599999999999,-5.386534025038552,-29.604,-75.79673767089844,-194.9716976990188
0.0023599999999999,-5.386534025038552,-29.604,-75.79673767089844,0.0
0.0059,-5.604917814101052,-28.5,-76.72370910644531,-186.02677815473083
0.0059,-5.604917814101052,-28.5,-76.72370910644531,0.0
0.0059,-5.365721036757302,-27.732,-77.62664794921875,-180.58776855485172
0.0059,-5.365721036757302,-27.732,-77.62664794921875,0.0
0.00885,-5.729734708632302,-26.4,-78.51242065429688,-163.6682751444299
0.00885,-5.729734708632302,-26.4,-78.51242065429688,0.0
0.0064899999999999,-5.428129484022927,-25.656,-79.32403564453125,-161.45116177380896
0.0064899999999999,-5.428129484022927,-25.656,-79.32403564453125,0.0
0.0094399999999999,-5.552915860976052,-24.63,-80.14045715332031,-162.37500174769983
0.0094399999999999,-5.552915860976052,-24.63,-80.14045715332031,0.0
0.0064899999999999,-5.511320401991677,-23.604,-80.91293334960938,-142.89237815204947
0.0064899999999999,-5.511320401991677,-23.604,-80.91293334960938,0.0
0.01062,-5.573728849257302,-22.836,-81.65794372558594,-148.26077133893872
0.01062,-5.573728849257302,-22.836,-81.65794372558594,0.0
0.0100299999999999,-5.584135343397927,-21.468,-82.36038208007812,-141.79215875908045
0.0100299999999999,-5.584135343397927,-21.468,-82.36038208007812,0.0
0.0123899999999999,-5.532133390272927,-20.76,-83.05938720703125,-143.79862722739315
0.0123899999999999,-5.532133390272927,-20.76,-83.05938720703125,0.0
0.0135699999999999,-5.750517179335427,-19.452,-83.71170043945312,-130.67172123794668
0.0135699999999999,-5.750517179335427,-19.452,-83.71170043945312,0.0
0.0064899999999999,-5.552915860976052,-18.354,-84.30496215820312,-118.0150624133426
0.0064899999999999,-5.552915860976052,-18.354,-84.30496215820312,0.0
0.0123899999999999,-5.604917814101052,-18.024,-84.8858642578125,-116.3433005429911
0.0123899999999999,-5.604917814101052,-18.024,-84.8858642578125,0.0
0.0129799999999999,-5.604917814101052,-16.74,-85.45646667480469,-113.91543561430552
0.0129799999999999,-5.604917814101052,-16.74,-85.45646667480469,0.0
0.01062,-5.604917814101052,-15.564000000000002,-85.94741821289062,-90.93379108814854
0.01062,-5.604917814101052,-15.564000000000002,-85.94741821289062,0.0
0.0129799999999999,-5.552915860976052,-15.06,-86.44454956054688,-101.45537707286697
0.0129799999999999,-5.552915860976052,-15.06,-86.44454956054688,0.0
0.01652,-5.781736661757302,-13.896,-86.9183349609375,-97.26655725514216
0.01652,-5.781736661757302,-13.896,-86.9183349609375,0.0
0.0129799999999999,-5.636137296522927,-12.54,-87.33512878417969,-83.52581628112875
0.0129799999999999,-5.636137296522927,-12.54,-87.33512878417969,0.0
0.0094399999999999,-5.604917814101052,-11.574,-87.70660400390625,-73.95485162749105
0.0094399999999999,-5.604917814101052,-11.574,-87.70660400390625,0.0
0.01475,-5.594511319960427,-11.154,-88.06365966796875,-72.14703254429995
0.01475,-5.594511319960427,-11.154,-88.06365966796875,0.0
0.0188799999999999,-5.604917814101052,-10.11,-88.42277526855469,-70.78959207317853
0.0188799999999999,-5.604917814101052,-10.11,-88.42277526855469,0.0
0.01711,-5.708921720351052,-8.681999999999999,-88.7310791015625,-61.995542531146654
0.01711,-5.708921720351052,-8.681999999999999,-88.7310791015625,0.0
0.0177,-5.667326261366677,-7.254,-88.98994445800781,-49.13920965172103
0.0177,-5.667326261366677,-7.254,-88.98994445800781,0.0
0.01416,-5.604917814101052,-6.21,-89.2034912109375,-34.194836337782256
0.01416,-5.604917814101052,-6.21,-89.2034912109375,0.0
0.0129799999999999,-5.604917814101052,-5.5200000000000005,-89.38201904296875,-36.08810026919618
0.0129799999999999,-5.604917814101052,-5.5200000000000005,-89.38201904296875,0.0
0.01475,-5.604917814101052,-5.172,-89.549560546875,-27.75244391348039
0.01475,-5.563322355116677,-5.172,-89.549560546875,0.0
0.0188799999999999,-5.604917814101052,-4.428,-89.70062255859375,-30.36422346104473
0.0188799999999999,-5.604917814101052,-4.428,-89.70062255859375,0.0
0.0200599999999999,-5.552915860976052,-3.63,-89.81803894042969,-18.99941453655787
0.0200599999999999,-5.552915860976052,-3.63,-89.81803894042969,0.0
0.0259599999999999,-5.604917814101052,-2.7180000000000004,-89.923095703125,-21.48400055123716
0.0259599999999999,-5.604917814101052,-2.7180000000000004,-89.923095703125,0.0
0.0236,-5.604917814101052,-0.894,-89.97734069824219,-11.104400228693946
0.0236,-5.667326261366677,-0.894,-89.97734069824219,0.0
0.02242,-5.584135343397927,-0.306,-89.99794006347656,-4.101008408202006
0.02242,-5.584135343397927,-0.306,-89.99794006347656,0.0
0.0206499999999999,-5.594511319960427,-0.042,-90.00137329101562,-0.7375354541510747
0.0206499999999999,-5.594511319960427,-0.042,-90.00137329101562,0.0
0.0206499999999999,-5.604917814101052,-0.0239999999999999,-90.00137329101562,0.0
0.0206499999999999,-5.594511319960427,-0.0119999999999999,-90.00205993652344,-0.1367547316894242
0.0206499999999999,-5.594511319960427,-0.0119999999999999,-90.00205993652344,0.0
0.0206499999999999,-5.594511319960427,-0.0,-90.0,0.4153935316482384
0.0206499999999999,-5.594511319960427,-0.0,-90.0,0.0
0.02183,-5.594511319960427,-0.0119999999999999,-90.00274658203125,-0.4720024112818076
0.02183,-5.604917814101052,-0.0119999999999999,-90.00274658203125,0.0
0.02124,-5.604917814101052,0.0059999999999999,-90.00205993652344,0.1403035365376922
0.02124,-5.604917814101052,0.0059999999999999,-90.00205993652344,0.0
0.02242,-5.604917814101052,0.0119999999999999,-90.00137329101562,0.1324547661671753
0.02242,-5.604917814101052,0.0119999999999999,-90.00137329101562,0.0
0.02183,-5.604917814101052,0.0119999999999999,-90.00205993652344,-0.1375767396942315
0.02183,-5.604917814101052,0.0119999999999999,-90.00205993652344,0.0
0.02183,-5.584135343397927,-0.018,-90.00411987304688,-0.4061389044622188
0.02183,-5.584135343397927,-0.018,-90.00411987304688,0.0
0.02242,-5.552915860976052,-0.0,-90.00205993652344,0.4156449805166404
0.02242,-5.552915860976052,-0.0,-90.00205993652344,0.0
0.02242,-5.604917814101052,0.0479999999999999,-90.00343322753906,-0.2821637591180952
0.02242,-5.604917814101052,0.0479999999999999,-90.00343322753906,0.0
0.02242,-5.604917814101052,-0.0119999999999999,-90.00343322753906,0.0
0.02242,-5.604917814101052,0.0119999999999999,-90.00274658203125,0.1372193261012409
0.02242,-5.604917814101052,0.0119999999999999,-90.00274658203125,0.0
0.02242,-5.604917814101052,-0.0119999999999999,-90.00137329101562,0.260982709165378
0.02242,-5.552915860976052,-0.0119999999999999,-90.00137329101562,0.0
0.02242,-5.594511319960427,0.0119999999999999,-90.00205993652344,-0.1402748739145725
0.02242,-5.594511319960427,0.0119999999999999,-90.00205993652344,0.0
0.02242,-5.604917814101052,-0.0059999999999999,-90.00343322753906,-0.2738913074631746
0.02242,-5.604917814101052,-0.0059999999999999,-90.00343322753906,0.0
0.02183,-5.563322355116677,-0.0239999999999999,-90.00205993652344,0.2847969754516417
0.02183,-5.563322355116677,-0.0239999999999999,-90.00205993652344,0.0
0.02242,-5.594511319960427,0.018,-90.00274658203125,-0.1436797463508209
0.02242,-5.594511319960427,0.018,-90.00274658203125,0.0
0.0259599999999999,-5.552915860976052,0.018,-90.00274658203125,0.0
0.0336299999999999,-5.552915860976052,0.018,-90.00274658203125,0.0
0.0336299999999999,-5.563322355116677,0.018,-90.00274658203125,0.0
0.04661,-5.594511319960427,0.168,-90.00068664550781,0.3761754060340115
0.04661,-5.594511319960427,0.168,-90.00068664550781,0.0
0.06372,-5.594511319960427,0.5640000000000001,-89.99244689941406,1.554375795839561
0.06372,-5.594511319960427,0.5640000000000001,-89.99244689941406,0.0
0.07906,-5.729734708632302,2.064,-89.95880126953125,6.669104040169038
0.07906,-5.729734708632302,2.064,-89.95880126953125,0.0
0.08378,-5.729734708632302,3.498,-89.86335754394531,18.11763963286266
0.08378,-5.594511319960427,3.498,-89.86335754394531,0.0
0.08732,-5.781736661757302,6.053999999999999,-89.71847534179688,27.84054614693705
0.08732,-5.781736661757302,6.053999999999999,-89.71847534179688,0.0
0.0796499999999999,-5.781736661757302,7.992,-89.4891357421875,41.607329392044925
0.0796499999999999,-5.729734708632302,7.992,-89.4891357421875,0.0
0.08319,-5.677732755507302,9.420000000000002,-89.21722412109375,54.458566211612855
0.08319,-5.677732755507302,9.420000000000002,-89.21722412109375,0.0
0.07729,-5.625730802382302,10.032,-88.90548706054688,56.4229973839908
0.07729,-5.625730802382302,10.032,-88.90548706054688,0.0
0.07493,-5.698515226210427,10.218,-88.56903076171875,67.31818704043441
0.07493,-5.698515226210427,10.218,-88.56903076171875,0.0
0.07316,-5.594511319960427,10.512,-88.23738098144531,62.492892457924206
0.07316,-5.594511319960427,10.512,-88.23738098144531,0.0
0.0796499999999999,-5.625730802382302,11.094,-87.88856506347656,71.43475690523782
0.0796499999999999,-5.625730802382302,11.094,-87.88856506347656,0.0
0.0796499999999999,-5.656919767226052,12.36,-87.5115966796875,73.24040874092033
0.0796499999999999,-5.656919767226052,12.36,-87.5115966796875,0.0
0.0885,-5.729734708632302,13.776,-87.09342956542969,84.54652532476385
0.0885,-5.729734708632302,13.776,-87.09342956542969,0.0
0.08083,-5.729734708632302,14.784,-86.64985656738281,77.46646839823796
0.08083,-5.729734708632302,14.784,-86.64985656738281,0.0
0.08791,-5.594511319960427,15.582000000000004,-86.16096496582031,98.72609078396776
0.08791,-5.594511319960427,15.582000000000004,-86.16096496582031,0.0
0.0885,-5.604917814101052,16.578,-85.65628051757812,98.18763584456448
0.0885,-5.604917814101052,16.578,-85.65628051757812,0.0
0.08496,-5.604917814101052,17.729999999999997,-85.09803771972656,112.41296775110932
0.08496,-5.604917814101052,17.729999999999997,-85.09803771972656,0.0
0.0820099999999999,-5.625730802382302,18.276000000000003,-84.53018188476562,115.2304859902932
0.0820099999999999,-5.625730802382302,18.276000000000003,-84.53018188476562,0.0
0.08555,-5.552915860976052,19.122,-83.93760681152344,113.0005860491338
0.08555,-5.552915860976052,19.122,-83.93760681152344,0.0
0.08614,-5.604917814101052,20.520000000000003,-83.30726623535156,125.41595228212982
0.08614,-5.604917814101052,20.520000000000003,-83.30726623535156,0.0
0.0902699999999999,-5.480131437147927,21.312,-82.6226806640625,142.44393909462448
0.0902699999999999,-5.480131437147927,21.312,-82.6226806640625,0.0
0.0867299999999999,-5.667326261366677,22.116,-81.95114135742188,134.55005142095845
0.0867299999999999,-5.667326261366677,22.116,-81.95114135742188,0.0
0.09086,-5.656919767226052,23.058,-81.2274169921875,126.83567564562316
0.09086,-5.656919767226052,23.058,-81.2274169921875,0.0
0.0914499999999999,-5.604917814101052,23.802,-80.47622680664062,146.40229692964925
0.0914499999999999,-5.604917814101052,23.802,-80.47622680664062,0.0
0.08378,-5.750517179335427,25.23,-79.68727111816406,157.09989814269372
0.08378,-5.750517179335427,25.23,-79.68727111816406,0.0
0.08968,-5.604917814101052,26.118,-78.85780334472656,164.6095998086412
0.08968,-5.604917814101052,26.118,-78.85780334472656,0.0
0.0926299999999999,-5.729734708632302,27.312,-78.04550170898438,157.3008589747181
0.0926299999999999,-5.729734708632302,27.312,-78.04550170898438,0.0
0.0890899999999999,-5.448911954726052,28.038,-77.13981628417969,185.51524473637625
0.0890899999999999,-5.448911954726052,28.038,-77.13981628417969,0.0
0.09204,-5.563322355116677,28.932,-76.21421813964844,184.41883732425828
0.09204,-5.563322355116677,28.932,-76.21421813964844,0.0
0.0867299999999999,-5.459318448866677,29.868,-75.27694702148438,200.22882250866328
0.0867299999999999,-5.459318448866677,29.868,-75.27694702148438,0.0
0.0902699999999999,-5.490537931288552,31.158,-74.30946350097656,193.88447304795784
0.0902699999999999,-5.490537931288552,31.158,-74.30946350097656,0.0
0.08791,-5.386534025038552,31.830000000000005,-73.2513427734375,213.03014446153537
0.08791,-5.386534025038552,31.830000000000005,-73.2513427734375,0.0
0.08496,-5.480131437147927,33.078,-72.24197387695312,197.14236259440733
0.08496,-5.480131437147927,33.078,-72.24197387695312,0.0
0.08496,-5.355314542616677,34.074,-71.14677429199219,222.42071181096668
0.08496,-5.355314542616677,34.074,-71.14677429199219,0.0
0.09086,-5.209715177382302,34.854,-70.00968933105469,218.88064695558788
0.09086,-5.209715177382302,34.854,-70.00968933105469,0.0
0.0902699999999999,-5.438535978163552,35.886,-68.89595031738281,223.2389283770365
0.0902699999999999,-5.438535978163552,35.886,-68.89595031738281,0.0
0.09204,-5.438535978163552,36.906,-67.70668029785156,225.7107647621196
0.09204,-5.168119718397927,36.906,-67.70668029785156,0.0
0.08968,-5.032926847304177,38.052,-66.48445129394531,243.1812582376809
0.08968,-5.032926847304177,38.052,-66.48445129394531,0.0
0.0885,-5.032926847304177,38.904,-65.24917602539062,234.44207032739783
0.0885,-5.209715177382302,38.904,-65.24917602539062,0.0
0.0938099999999999,-5.157713224257302,39.942,-63.97750854492188,261.76769873874105
0.0938099999999999,-5.157713224257302,39.942,-63.97750854492188,0.0
0.0890899999999999,-4.980924894179177,40.83,-62.67150878906251,255.02826710773545
0.0890899999999999,-4.980924894179177,40.83,-62.67150878906251,0.0
0.08496,-5.095335294569802,41.928,-61.35589599609375,256.30484959450075
0.08496,-5.095335294569802,41.928,-61.35589599609375,0.0
0.08496,-5.199308683241677,42.882,-59.9688720703125,281.8008788653173
0.08496,-5.199308683241677,42.882,-59.9688720703125,0.0
0.0890899999999999,-4.731321622694802,43.734,-58.59283447265626,257.20328928188394
0.0890899999999999,-4.731321622694802,43.734,-58.59283447265626,0.0
0.08614,-4.731321622694802,44.646,-57.13783264160156,314.9354612680323
0.08614,-4.731321622694802,44.646,-57.13783264160156,0.0
0.08142,-4.575315763319802,45.162,-55.67390441894531,288.8571867895988
0.08142,-4.575315763319802,45.162,-55.67390441894531,0.0
0.0796499999999999,-4.637724210585427,45.528000000000006,-54.25392150878906,279.02985068908896
0.0796499999999999,-4.637724210585427,45.528000000000006,-54.25392150878906,0.0
0.08142,-4.814512540663552,45.426,-52.77763366699219,299.0858674637177
0.08142,-4.814512540663552,45.426,-52.77763366699219,0.0
0.07906,-4.544126798476052,45.396,-51.2841796875,303.7945442411678
0.07906,-4.544126798476052,45.396,-51.2841796875,0.0
0.0767,-4.190519620741677,45.288,-49.83329772949219,295.0746304669566
0.0767,-4.190519620741677,45.288,-49.83329772949219,0.0
0.0755199999999999,-4.159330655897927,45.15599999999999,-48.37348937988281,290.45132304282765
0.0755199999999999,-4.159330655897927,45.15599999999999,-48.37348937988281,0.0
0.0755199999999999,-4.096922208632302,45.336,-46.91093444824219,287.564870554264
0.0755199999999999,-4.096922208632302,45.336,-46.91093444824219,0.0
0.0767,-4.325712491835427,45.318000000000005,-45.45524597167969,291.1959344995177
0.0767,-4.325712491835427,45.318000000000005,-45.45524597167969,0.0
0.0755199999999999,-4.086515714491677,45.294,-44.05860900878906,286.1960989538306
0.0755199999999999,-4.086515714491677,45.294,-44.05860900878906,0.0
0.0743399999999999,-3.691313077772927,45.432,-42.56034851074219,298.0426691949741
0.0743399999999999,-3.691313077772927,45.432,-42.56034851074219,0.0
0.0719799999999999,-3.420927335585427,45.33,-41.073760986328125,294.49039707163445
0.0719799999999999,-3.420927335585427,45.33,-41.073760986328125,0.0
0.0696199999999999,-3.296110441054177,45.324,-39.612579345703125,293.8820677035933
0.0696199999999999,-3.296110441054177,45.324,-39.612579345703125,0.0
0.07257,-3.566526700819802,45.3,-38.13491821289063,293.4196054025295
0.07257,-3.566526700819802,45.3,-38.13491821289063,0.0
0.07375,-3.774534513319802,45.222,-36.69227600097656,287.26447867682253
0.07375,-3.774534513319802,45.222,-36.69227600097656,0.0
0.0708,-3.223326017226052,45.372,-35.27641296386719,284.3098468097335
0.0708,-3.223326017226052,45.372,-35.27641296386719,0.0
0.06844,-3.119322110976052,45.12,-33.80218505859375,300.86283781138866
0.06844,-3.119322110976052,45.12,-33.80218505859375,0.0
0.06785,-3.056913663710427,45.252,-32.33482360839844,292.18666869698563
0.06785,-3.056913663710427,45.252,-32.33482360839844,0.0
0.06372,-2.661711026991677,45.36,-30.85166931152344,311.58703715831564
0.06372,-2.661711026991677,45.36,-30.85166931152344,0.0
0.06372,-2.973722745741677,45.324,-29.40010070800781,287.8953993484212
0.06372,-2.973722745741677,45.324,-29.40010070800781,0.0
0.0631299999999999,-2.536924650038552,45.192,-27.938232421875,294.079317266009
0.0631299999999999,-2.536924650038552,45.192,-27.938232421875,0.0
0.06608,-2.474516202772927,45.072,-26.45576477050781,304.3456479928663
0.06608,-2.474516202772927,45.072,-26.45576477050781,0.0
0.06195,-2.245725919569802,45.21,-24.982223510742188,295.53575205874824
0.06195,-2.245725919569802,45.21,-24.982223510742188,0.0
0.06136,-2.297727872694802,45.402,-23.45375061035156,330.83829012662835
0.06136,-2.297727872694802,45.402,-23.45375061035156,0.0
0.0631299999999999,-2.079313566054177,45.258,-22.00767517089844,271.81869162592506
0.0631299999999999,-2.079313566054177,45.258,-22.00767517089844,0.0
0.059,-2.100126554335427,45.342,-20.527267456054688,290.38990091067944
0.059,-2.100126554335427,45.342,-20.527267456054688,0.0
0.05782,-1.829710294569802,45.324,-19.0118408203125,302.78254460487244
0.05782,-1.829710294569802,45.324,-19.0118408203125,0.0
0.0530999999999999,-1.507322599257302,45.234,-17.565078735351562,292.1571253958147
0.0530999999999999,-1.507322599257302,45.234,-17.565078735351562,0.0
0.0536899999999999,-1.476133634413552,45.108,-16.083984375,299.029751736611
0.0536899999999999,-1.476133634413552,45.108,-16.083984375,0.0
0.0507399999999999,-1.340910245741677,44.754,-14.510192871093752,324.0254280235654
0.0507399999999999,-1.340910245741677,44.754,-14.510192871093752,0.0
0.05959,-1.403318693007302,43.14,-13.217239379882812,252.62866182265924
0.05959,-1.403318693007302,43.14,-13.217239379882812,0.0
0.06136,-1.184934903944802,45.198,-11.771163940429688,289.9690073096386
0.06136,-1.184934903944802,45.198,-11.771163940429688,0.0
0.05251,-0.904112150038552,46.092,-10.241317749023438,302.999839849882
0.05251,-0.904112150038552,46.092,-10.241317749023438,0.0
0.0472,-0.852110196913552,45.984,-8.790435791015625,291.40027274759024
0.0472,-0.852110196913552,45.984,-8.790435791015625,0.0
0.04543,-0.768919278944802,45.798,-7.323760986328125,278.5178132711417
0.04543,-0.768919278944802,45.798,-7.323760986328125,0.0
0.04189,-0.956114103163552,45.162,-5.8097076416015625,305.0681734302103
0.04189,-0.956114103163552,45.162,-5.8097076416015625,0.0
0.04366,-0.571317960585427,44.88,-4.3677520751953125,286.7280903567508
0.04366,-0.571317960585427,44.88,-4.3677520751953125,0.0
0.04425,-0.550535489882302,44.856,-2.926483154296875,275.9465672789965
0.04425,-0.550535489882302,44.856,-2.926483154296875,0.0
0.04425,-0.352934171522927,45.024,-1.4501953125,282.32699211950336
0.04425,-0.352934171522927,45.024,-1.4501953125,0.0
0.0377599999999999,-0.280119230116677,45.084,0.0157928466796875,292.2623921819211
0.0377599999999999,-0.280119230116677,45.084,0.0157928466796875,0.0
0.0401199999999999,-0.311308194960427,45.192,1.451568603515625,289.2376625373943
0.0401199999999999,-0.311308194960427,45.192,1.451568603515625,0.0
0.0401199999999999,-0.030515958632302,45.282,2.93060302734375,296.6374696805896
0.0401199999999999,-0.030515958632302,45.282,2.93060302734375,0.0
0.0359899999999999,0.1878678304301979,45.36,4.437103271484375,296.84733874662595
0.0359899999999999,0.1878678304301979,45.36,4.437103271484375,0.0
0.0348099999999999,0.3646866780864479,44.80800000000001,5.906524658203125,299.8207277539004
0.0348099999999999,0.3646866780864479,44.80800000000001,5.906524658203125,0.0
0.0348099999999999,0.3646866780864479,44.844,7.370452880859375,285.3105091901391
0.0348099999999999,0.3646866780864479,44.844,7.370452880859375,0.0
0.0371699999999999,0.510286043320823,44.946,8.798675537109375,283.4337480164775
0.0371699999999999,0.510286043320823,44.946,8.798675537109375,0.0
0.0336299999999999,0.510286043320823,45.234,10.259857177734377,289.6296611746874
0.0336299999999999,0.531068514023948,45.234,10.259857177734377,0.0
0.03127,0.843080232773948,45.072,11.721038818359377,293.4099679976299
0.03127,0.843080232773948,45.072,11.721038818359377,0.0
0.03186,0.843080232773948,45.03,13.20556640625,286.20157854034414
0.03186,0.988679598008323,45.03,13.20556640625,0.0
0.0324499999999999,1.051088045273948,45.228,14.637908935546877,288.66233964028777
0.0324499999999999,1.051088045273948,45.228,14.637908935546877,0.0
0.0277299999999999,1.061464021836448,45.17400000000001,16.148529052734375,315.303718886216
0.0277299999999999,1.061464021836448,45.17400000000001,16.148529052734375,0.0
0.0277299999999999,1.165467928086448,44.88,17.589797973632812,290.5784114708043
0.0277299999999999,1.165467928086448,44.88,17.589797973632812,0.0
0.0271399999999999,1.415071199570823,45.03,19.06951904296875,316.45018591517135
0.0271399999999999,1.415071199570823,45.03,19.06951904296875,0.0
0.0271399999999999,1.571077058945823,45.216,20.514907836914062,286.8404036416756
0.0271399999999999,1.571077058945823,45.216,20.514907836914062,0.0
0.02242,1.664674471055198,45.09,22.068099975585938,314.6661545111786
0.02242,1.664674471055198,45.09,22.068099975585938,0.0
0.02301,1.758271883164573,44.856,23.54095458984375,283.9511498484749
0.02301,1.758271883164573,44.856,23.54095458984375,0.0
0.0241899999999999,1.716676424180198,44.922,24.97261047363281,273.3732831359453
0.0241899999999999,1.716676424180198,44.922,24.97261047363281,0.0
0.02183,2.111879060898948,45.15,26.415252685546875,268.9991072006657
0.02183,2.111879060898948,45.15,26.415252685546875,0.0
0.01829,2.195069978867698,45.084,27.94029235839844,307.405699022154
0.01829,2.195069978867698,45.084,27.94029235839844,0.0
0.0177,2.288667390977073,44.928,29.41108703613281,271.51461652726914
0.0177,2.288667390977073,44.928,29.41108703613281,0.0
0.0188799999999999,2.351075838242698,45.012,30.883941650390625,296.82680658291684
0.0188799999999999,2.351075838242698,45.012,30.883941650390625,0.0
0.0200599999999999,2.236665437852073,45.24,32.32521057128906,271.1190596125314
0.0200599999999999,2.236665437852073,45.24,32.32521057128906,0.0
0.01475,2.631868074570823,45.108,33.80287170410156,297.67549009109166
0.01475,2.631868074570823,45.108,33.80287170410156,0.0
0.01416,2.756684969102073,45.036,35.21461486816406,282.6878582433996
0.01416,2.756684969102073,45.036,35.21461486816406,0.0
0.0123899999999999,2.808686922227073,45.084,36.65794372558594,284.0080396334885
0.0123899999999999,2.808686922227073,45.084,36.65794372558594,0.0
0.0129799999999999,2.902284334336448,45.252,38.14659118652344,292.98316491644545
0.0129799999999999,2.902284334336448,45.252,38.14659118652344,0.0
0.0118,2.746278474961448,44.868,39.574127197265625,286.71138998686234
0.0118,2.746278474961448,44.868,39.574127197265625,0.0
0.0118,3.276673982773948,44.826,41.01333618164063,287.61170750983604
0.0118,3.276673982773948,44.826,41.01333618164063,0.0
0.0123899999999999,3.276673982773948,45.102,42.451171875,309.74487146973735
0.0123899999999999,3.276673982773948,45.102,42.451171875,0.0
0.01062,3.328675935898948,45.348,43.94805908203125,298.60107860241806
0.01062,3.328675935898948,45.348,43.94805908203125,0.0
0.00826,3.328675935898948,45.024,45.41404724121094,274.17021866085065
0.00826,3.453462312852073,45.024,45.41404724121094,0.0
0.0094399999999999,3.120668123398948,44.904,46.81617736816406,283.37310568905133
0.0094399999999999,3.120668123398948,44.904,46.81617736816406,0.0
0.01062,3.120668123398948,45.042,48.28422546386719,281.3969897831356
0.01062,3.630281160508323,45.042,48.28422546386719,0.0
0.00531,3.703065584336448,45.264,49.7625732421875,304.876836114274
0.00531,3.703065584336448,45.264,49.7625732421875,0.0
0.00531,3.765474031602073,44.958,51.25396728515625,325.489751848322
0.00531,3.765474031602073,44.958,51.25396728515625,0.0
0.0059,3.848664949570823,44.964,52.72956848144531,296.3649721396104
0.0059,3.848664949570823,44.964,52.72956848144531,0.0
0.00826,3.505464265977073,44.982,54.15298461914063,248.9360156864122
0.00826,3.505464265977073,44.982,54.15298461914063,0.0
0.0005899999999999,4.098268221055198,44.91,55.59700012207031,295.2996938513172
0.0005899999999999,4.098268221055198,44.91,55.59700012207031,0.0
0.0005899999999999,4.202272127305198,44.238,57.069854736328125,316.87921993477454
0.0005899999999999,4.202272127305198,44.238,57.069854736328125,0.0
-0.0,4.202272127305198,43.506,58.47747802734375,269.0411488940862
-0.0,4.202272127305198,43.506,58.47747802734375,0.0
-0.0,4.202272127305198,42.672,59.87274169921876,237.330102376238
-0.0,4.202272127305198,42.672,59.87274169921876,0.0
-0.0,3.942262361680198,41.478,61.20758056640625,264.95412211026724
-0.0,3.942262361680198,41.478,61.20758056640625,0.0
-0.0,4.399873445664573,40.182,62.56027221679687,257.9011726196491
-0.0,4.399873445664573,40.182,62.56027221679687,0.0
-0.0,4.410279939805198,39.504,63.84361267089844,257.23400563297383
-0.0,4.410279939805198,39.504,63.84361267089844,0.0
-0.0,4.275087068711448,38.85,65.0775146484375,244.3370252560872
-0.0,4.275087068711448,38.85,65.0775146484375,0.0
-0.00177,4.628663728867698,37.872,66.29013061523438,251.94597273917336
-0.00177,4.628663728867698,37.872,66.29013061523438,0.0
-0.00354,4.618287752305198,36.642,67.54669189453125,252.72753002705636
-0.00354,4.618287752305198,36.642,67.54669189453125,0.0
-0.0005899999999999,4.379090974961448,35.724000000000004,68.68858337402344,224.6049330231656
-0.0005899999999999,4.379090974961448,35.724000000000004,68.68858337402344,0.0
-0.00177,4.566285799180198,34.854,69.82154846191406,227.6401623249711
-0.00177,4.566285799180198,34.854,69.82154846191406,0.0
-0.00177,4.618287752305198,34.158,70.88722229003906,214.3350418590117
-0.00177,4.618287752305198,34.158,70.88722229003906,0.0
-0.00177,4.555879305039573,33.233999999999995,71.99409484863281,216.14383100943803
-0.00177,4.555879305039573,33.233999999999995,71.99409484863281,0.0
-0.0064899999999999,4.722291658555198,32.154,73.07075500488281,212.2334232710209
-0.0064899999999999,4.722291658555198,32.154,73.07075500488281,0.0
-0.00354,4.545472810898948,30.882,74.06776428222656,208.66665494900695
-0.00354,4.545472810898948,30.882,74.06776428222656,0.0
-0.0059,4.545472810898948,29.934,75.07301330566406,202.5894847715152
-0.0059,4.753480623398948,29.934,75.07301330566406,0.0
-0.00413,4.545472810898948,29.142000000000003,76.00135803222656,189.76793265853507
-0.00413,4.545472810898948,29.142000000000003,76.00135803222656,0.0
-0.00531,4.722291658555198,28.2,76.89537048339844,179.52057252486566
-0.00531,4.722291658555198,28.2,76.89537048339844,0.0
-0.0047199999999999,4.576661775742698,27.324,77.79624938964844,183.70287647799333
-0.0047199999999999,4.576661775742698,27.324,77.79624938964844,0.0
-0.00885,4.722291658555198,26.07,78.66691589355469,175.07872590087743
-0.00885,4.722291658555198,26.07,78.66691589355469,0.0
-0.00708,4.628663728867698,25.314000000000004,79.45243835449219,155.6723069627755
-0.00708,4.628663728867698,25.314000000000004,79.45243835449219,0.0
-0.0094399999999999,4.711885164414573,24.348000000000003,80.27847290039062,167.6206464889029
-0.0094399999999999,4.711885164414573,24.348000000000003,80.27847290039062,0.0
-0.00708,4.670289705430198,23.196,81.024169921875,148.75264741302178
-0.00708,4.670289705430198,23.196,81.024169921875,0.0
-0.0094399999999999,4.826265047227073,22.392,81.77879333496094,153.5347737709527
-0.0094399999999999,4.826265047227073,22.392,81.77879333496094,0.0
-0.0100299999999999,4.899079988633323,21.402,82.48741149902344,144.14527340546445
-0.0100299999999999,4.899079988633323,21.402,82.48741149902344,0.0
-0.01062,4.878267000352073,20.664,83.16375732421875,135.2421166159306
-0.01062,4.878267000352073,20.664,83.16375732421875,0.0
-0.0129799999999999,5.003083894883323,19.35,83.84284973144531,126.74363703367396
-0.0129799999999999,5.003083894883323,19.35,83.84284973144531,0.0
-0.0100299999999999,4.847078035508323,17.862000000000002,84.41207885742188,114.09683823955812
-0.0100299999999999,4.847078035508323,17.862000000000002,84.41207885742188,0.0
-0.0094399999999999,4.899079988633323,17.298,84.96963500976562,117.15825852971685
-0.0094399999999999,4.899079988633323,17.298,84.96963500976562,0.0
-0.0129799999999999,4.847078035508323,16.524,85.53268432617188,113.24402984818916
-0.0129799999999999,4.847078035508323,16.524,85.53268432617188,0.0
-0.0118,4.867891023789573,15.33,86.04011535644531,107.4610398711992
-0.0118,4.867891023789573,15.33,86.04011535644531,0.0
-0.0129799999999999,4.743074129258323,14.592,86.52008056640625,95.97384722287867
-0.0129799999999999,4.743074129258323,14.592,86.52008056640625,0.0
-0.01652,4.815889070664573,13.884,86.97120666503906,91.56202529571088
-0.01652,4.815889070664573,13.884,86.97120666503906,0.0
-0.01593,4.847078035508323,12.522,87.39761352539062,85.19617589422657
-0.01593,4.847078035508323,12.522,87.39761352539062,0.0
-0.01062,4.899079988633323,11.196,87.78488159179688,78.10973505546238
-0.01062,4.899079988633323,11.196,87.78488159179688,0.0
-0.0100299999999999,4.774263094102073,10.368,88.11653137207031,66.31669271623805
-0.0100299999999999,4.774263094102073,10.368,88.11653137207031,0.0
-0.01475,4.774263094102073,9.93,88.45573425292969,67.58375789182759
-0.01475,4.774263094102073,9.93,88.45573425292969,0.0
-0.0177,4.826265047227073,8.940000000000001,88.76129150390625,60.8801057932455
-0.0177,4.826265047227073,8.940000000000001,88.76129150390625,0.0
-0.01652,4.899079988633323,7.458000000000001,89.03732299804688,56.4020216881523
-0.01652,4.899079988633323,7.458000000000001,89.03732299804688,0.0
-0.01534,4.878267000352073,6.108,89.26185607910156,45.14135123733324
-0.01534,4.878267000352073,6.108,89.26185607910156,0.0
-0.01475,4.867891023789573,5.37,89.43695068359375,36.47044459313706
-0.01475,4.867891023789573,5.37,89.43695068359375,0.0
-0.01416,4.867891023789573,4.446,89.59144592285156,30.905228897354476
-0.01416,4.867891023789573,4.446,89.59144592285156,0.0
-0.01534,4.867891023789573,3.762000000000001,89.72602844238281,26.503056229089594
-0.01534,4.857484529648948,3.762000000000001,89.72602844238281,0.0
-0.0188799999999999,4.857484529648948,2.928,89.83245849609375,21.273246794041725
-0.0188799999999999,4.857484529648948,2.928,89.83245849609375,0.0
-0.01652,4.847078035508323,1.854,89.90249633789062,14.01878338606829
-0.01652,4.847078035508323,1.854,89.90249633789062,0.0
-0.0188799999999999,4.899079988633323,1.176,89.94918823242188,9.216718225672324
-0.0188799999999999,4.899079988633323,1.176,89.94918823242188,0.0
-0.01829,4.847078035508323,0.5459999999999999,89.97665405273438,5.426955208937962
-0.01829,4.847078035508323,0.5459999999999999,89.97665405273438,0.0
-0.01652,4.847078035508323,0.234,89.98626708984375,1.728652600139317
-0.01652,4.847078035508323,0.234,89.98626708984375,0.0
-0.01652,4.847078035508323,0.132,89.99107360839844,0.9809221540137424
-0.01652,4.847078035508323,0.132,89.99107360839844,0.0
-0.01652,4.847078035508323,0.06,89.9945068359375,0.6203880627132963
-0.01652,4.847078035508323,0.06,89.9945068359375,0.0
-0.01652,4.826265047227073,0.084,89.99862670898438,0.8321294782610464
-0.01652,4.826265047227073,0.084,89.99862670898438,0.0
-0.0177,4.826265047227073,0.042,89.99931335449219,0.1280338444546594
-0.0177,4.826265047227073,0.042,89.99931335449219,0.0
-0.0177,4.826265047227073,0.018,90.00343322753906,0.8407904177309418
-0.0177,4.826265047227073,0.018,90.00343322753906,0.0
-0.0188799999999999,4.847078035508323,0.0059999999999999,90.00411987304688,0.1383529131202767
-0.01829,4.847078035508323,0.018,90.00274658203125,-0.2879016804240628
-0.0177,4.847078035508323,-0.0059999999999999,90.00480651855469,0.4122346454745351
-0.0177,4.847078035508323,-0.0059999999999999,90.00480651855469,0.0
-0.0188799999999999,4.847078035508323,0.0239999999999999,90.00205993652344,-0.500014933779237
-0.0188799999999999,4.847078035508323,0.0239999999999999,90.00205993652344,0.0
-0.0188799999999999,4.847078035508323,0.03,90.00343322753906,0.2773204797302465
-0.0188799999999999,4.847078035508323,0.03,90.00343322753906,0.0
-0.0188799999999999,4.847078035508323,0.0059999999999999,90.00411987304688,0.1368092265016753
-0.0177,4.867891023789573,-0.0119999999999999,90.00480651855469,0.1327364213830449
-0.0177,4.867891023789573,-0.0119999999999999,90.00480651855469,0.0
-0.0177,4.847078035508323,-0.0,90.00274658203125,-0.3735152354391921
-0.0177,4.847078035508323,-0.0,90.00274658203125,0.0
-0.0194699999999999,4.847078035508323,-0.0,90.00343322753906,0.137439052804591
-0.0194699999999999,4.847078035508323,-0.0,90.00343322753906,0.0
-0.01829,4.847078035508323,-0.0059999999999999,90.00137329101562,-0.3910281935150214
-0.01829,4.847078035508323,-0.0059999999999999,90.00137329101562,0.0
-0.0188799999999999,4.847078035508323,-0.0,90.00205993652344,0.1299726495949105
-0.0177,4.847078035508323,-0.0119999999999999,90.00480651855469,0.5552015425998285
-0.0177,4.847078035508323,-0.0119999999999999,90.00480651855469,0.0
-0.0188799999999999,4.847078035508323,-0.0119999999999999,90.00480651855469,0.0
-0.0206499999999999,4.847078035508323,-0.0,90.00480651855469,0.0
-0.0265499999999999,4.847078035508323,-0.042,90.00274658203125,-0.4143074262738628
-0.0265499999999999,4.847078035508323,-0.042,90.00274658203125,0.0
-0.0377599999999999,4.867891023789573,-0.06,90.00274658203125,0.0
-0.05251,4.847078035508323,-0.39,89.99794006347656,-0.9763393367192016
-0.05251,4.847078035508323,-0.39,89.99794006347656,0.0
-0.07021,4.899079988633323,-0.948,89.98420715332031,-2.7389130746317467
-0.07021,4.899079988633323,-0.948,89.98420715332031,0.0
-0.08732,4.899079988633323,-2.61,89.93270874023438,-10.448044854107088
-0.08732,4.899079988633323,-2.61,89.93270874023438,0.0
-0.08555,4.930268953477073,-5.088,89.80430603027344,-23.612120257628437
-0.08555,4.930268953477073,-5.088,89.80430603027344,0.0
-0.08496,4.888673494492698,-7.35,89.60861206054688,-41.539794040746656
-0.08496,4.888673494492698,-7.35,89.60861206054688,0.0
-0.08142,4.878267000352073,-8.856,89.33876037597656,-49.44149589045342
-0.08142,4.878267000352073,-8.856,89.33876037597656,0.0
-0.0802399999999999,4.836671541367698,-9.462,89.03800964355469,-60.403842623150005
-0.0802399999999999,4.836671541367698,-9.462,89.03800964355469,0.0
-0.07257,4.847078035508323,-9.648,88.70704650878906,-65.25298398359648
-0.07257,4.847078035508323,-9.648,88.70704650878906,0.0
-0.07611,5.075868318711448,-10.212,88.38020324707031,-66.06898356975917
-0.07611,5.075868318711448,-10.212,88.38020324707031,0.0
-0.0820099999999999,4.899079988633323,-10.818,88.04443359375,-65.00864536688769
-0.0820099999999999,4.899079988633323,-10.818,88.04443359375,0.0
-0.08142,5.023866365586448,-12.168,87.68257141113281,-72.4303808280195
-0.08142,5.023866365586448,-12.168,87.68257141113281,0.0
-0.08319,5.023866365586448,-13.332,87.27127075195312,-71.13466952247191
-0.08319,5.023866365586448,-13.332,87.27127075195312,0.0
-0.08732,4.899079988633323,-14.352,86.82563781738281,-89.14441579725802
-0.08732,4.899079988633323,-14.352,86.82563781738281,0.0
-0.0885,4.899079988633323,-14.868,86.33949279785156,-88.90728228430436
-0.0885,4.878267000352073,-14.868,86.33949279785156,0.0
-0.08319,5.023866365586448,-16.044,85.85128784179688,-98.13164945819456
-0.08319,5.023866365586448,-16.044,85.85128784179688,0.0
-0.08142,5.023866365586448,-17.088,85.31364440917969,-106.56956047921987
-0.08142,5.023866365586448,-17.088,85.31364440917969,0.0
-0.0825999999999999,4.909486482773948,-17.808,84.75265502929688,-113.30829728987916
-0.0825999999999999,4.909486482773948,-17.808,84.75265502929688,0.0
-0.09204,5.023866365586448,-18.762,84.166259765625,-119.81922020249336
-0.09204,5.023866365586448,-18.762,84.166259765625,0.0
-0.08083,5.003083894883323,-19.812,83.54209899902344,-125.28317274258534
-0.08083,5.003083894883323,-19.812,83.54209899902344,0.0
-0.0867299999999999,4.878267000352073,-20.58,82.85133361816406,-139.29529761270928
-0.0867299999999999,4.878267000352073,-20.58,82.85133361816406,0.0
-0.09086,5.075868318711448,-21.444000000000003,82.20314025878906,-129.37991205093368
-0.09086,5.075868318711448,-21.444000000000003,82.20314025878906,0.0
-0.0902699999999999,4.940675447617698,-22.656,81.50413513183594,-128.7302259584593
-0.0902699999999999,4.940675447617698,-22.656,81.50413513183594,0.0
-0.0944,4.795076082383323,-23.628,80.75981140136719,-140.49145535509123
-0.0944,4.795076082383323,-23.628,80.75981140136719,0.0
-0.08378,5.003083894883323,-24.744,79.96742248535156,-161.34980981812046
-0.08378,5.003083894883323,-24.744,79.96742248535156,0.0
-0.0944,4.826265047227073,-25.572,79.12971496582031,-169.85148408998916
-0.0944,4.826265047227073,-25.572,79.12971496582031,0.0
-0.08614,4.982270906602073,-26.7,78.33114624023438,-159.5223183358129
-0.08614,4.982270906602073,-26.7,78.33114624023438,0.0
-0.0820099999999999,4.899079988633323,-27.492,77.43095397949219,-182.4467492386964
-0.0820099999999999,4.899079988633323,-27.492,77.43095397949219,0.0
-0.0867299999999999,5.023866365586448,-28.23,76.51771545410156,-180.7677207817678
-0.0867299999999999,5.023866365586448,-28.23,76.51771545410156,0.0
-0.0938099999999999,4.847078035508323,-29.154,75.59898376464844,-185.79002820112703
-0.0938099999999999,4.847078035508323,-29.154,75.59898376464844,0.0
-0.09204,5.023866365586448,-30.605999999999995,74.6246337890625,-192.5212360370742
-0.09204,5.023866365586448,-30.605999999999995,74.6246337890625,0.0
-0.0938099999999999,4.847078035508323,-31.416,73.59672546386719,-198.97567270514548
-0.0938099999999999,4.847078035508323,-31.416,73.59672546386719,0.0
-0.08968,4.899079988633323,-32.532000000000004,72.57568359375,-208.16348014587905
-0.08968,4.899079988633323,-32.532000000000004,72.57568359375,0.0
-0.08732,4.722291658555198,-33.432,71.49833679199219,-216.98827829972333
-0.08732,4.722291658555198,-33.432,71.49833679199219,0.0
-0.08732,4.743074129258323,-34.308,70.41275024414062,-219.08911157468717
-0.08732,4.743074129258323,-34.308,70.41275024414062,0.0
-0.0973499999999999,4.951081941758323,-35.24400000000001,69.28596496582031,-227.8635547668531
-0.0973499999999999,4.951081941758323,-35.24400000000001,69.28596496582031,0.0
-0.08732,4.514283846055198,-36.324,68.12553405761719,-235.4292773805705
-0.08732,4.514283846055198,-36.324,68.12553405761719,0.0
-0.09086,4.670289705430198,-37.59,66.90879821777344,-249.3311147228062
-0.09086,4.670289705430198,-37.59,66.90879821777344,0.0
-0.09322,4.701478670273948,-38.166,65.67901611328125,-249.803393153455
-0.09322,4.701478670273948,-38.166,65.67901611328125,0.0
-0.0914499999999999,4.410279939805198,-39.024,64.4677734375,-244.0545387427706
-0.0914499999999999,4.410279939805198,-39.024,64.4677734375,0.0
-0.09322,4.514283846055198,-40.242,63.16795349121093,-262.64294731992413
-0.09322,4.514283846055198,-40.242,63.16795349121093,0.0
-0.09086,4.493470857773948,-41.172,61.86744689941407,-259.42680865732734
-0.09086,4.493470857773948,-41.172,61.86744689941407,0.0
-0.0914499999999999,4.472688387070823,-42.228,60.48248291015625,-277.60352560819047
-0.0914499999999999,4.472688387070823,-42.228,60.48248291015625,0.0
-0.0926299999999999,4.191865633164573,-42.882,59.07485961914062,-285.3483257687657
-0.0926299999999999,4.191865633164573,-42.882,59.07485961914062,0.0
-0.09086,4.399873445664573,-44.004,57.68714904785156,-279.6112374144767
-0.09086,4.399873445664573,-44.004,57.68714904785156,0.0
-0.08496,4.171083162461448,-44.928,56.26716613769531,-279.0846914614916
-0.08496,4.171083162461448,-44.928,56.26716613769531,0.0
-0.08142,4.420686433945823,-45.036,54.788818359375,-292.6262427392076
-0.08142,4.420686433945823,-45.036,54.788818359375,0.0
-0.08555,3.983888338242698,-45.048,53.316650390625,-283.70937921556964
-0.08555,3.983888338242698,-45.048,53.316650390625,0.0
-0.08319,3.786287019883323,-44.91,51.83418273925781,-293.3836634423958
-0.08319,3.786287019883323,-44.91,51.83418273925781,0.0
-0.08083,3.931886385117698,-45.06,50.390167236328125,-282.1996292620922
-0.08083,3.931886385117698,-45.06,50.390167236328125,0.0
-0.07729,3.838288973008323,-44.97,48.92280578613281,-282.0221891579556
-0.07729,3.838288973008323,-44.97,48.92280578613281,0.0
-0.08083,3.952668855820823,-44.592,47.42179870605469,-295.8232321805859
-0.08083,3.952668855820823,-44.592,47.42179870605469,0.0
-0.0796499999999999,3.619874666367698,-44.97,45.98533630371094,-284.4480004634711
-0.0796499999999999,3.619874666367698,-44.97,45.98533630371094,0.0
-0.07729,3.432679842148948,-45.03,44.57084655761719,-283.8630837027745
-0.07729,3.432679842148948,-45.03,44.57084655761719,0.0
-0.07729,3.411866853867698,-45.006,43.05679321289063,-298.86564246481447
-0.07729,3.411866853867698,-45.006,43.05679321289063,0.0
-0.0802399999999999,3.453462312852073,-44.964,41.63200378417969,-281.80170662816903
-0.0802399999999999,3.453462312852073,-44.964,41.63200378417969,0.0
-0.0796499999999999,3.391084383164573,-44.862,40.18867492675781,-260.5757099516473
-0.0796499999999999,3.391084383164573,-44.862,40.18867492675781,0.0
-0.0767,3.255891512070823,-45.258,38.7432861328125,-283.7433831844057
-0.0767,3.255891512070823,-45.258,38.7432861328125,0.0
-0.07316,2.933473299180198,-44.946,37.253265380859375,-296.4625451566021
-0.07316,2.933473299180198,-44.946,37.253265380859375,0.0
-0.0719799999999999,2.933473299180198,-44.886,35.79002380371094,-282.3155657232787
-0.0719799999999999,2.933473299180198,-44.886,35.79002380371094,0.0
-0.0719799999999999,2.985475252305198,-45.06,34.317169189453125,-302.2480226260553
-0.0719799999999999,2.985475252305198,-45.06,34.317169189453125,0.0
-0.0708,2.871064851914573,-45.21,32.86216735839844,-283.46032165487696
-0.0708,2.871064851914573,-45.21,32.86216735839844,0.0
-0.06903,2.725465486680198,-45.036,31.39411926269532,-304.447966756009
-0.06903,2.725465486680198,-45.036,31.39411926269532,0.0
-0.07021,2.434266756211448,-44.952000000000005,29.95765686035156,-291.194486587717
-0.07021,2.434266756211448,-44.952000000000005,29.95765686035156,0.0
-0.0672599999999999,2.392671297227073,-45.168,28.44154357910156,-300.87582481749155
-0.0672599999999999,2.392671297227073,-45.168,28.44154357910156,0.0
-0.06431,2.413484285508323,-45.234,26.978988647460938,-288.92827570878933
-0.06431,2.413484285508323,-45.234,26.978988647460938,0.0
-0.06431,2.257478426133323,-44.868,25.52192687988281,-283.806343509669
-0.06431,2.257478426133323,-44.868,25.52192687988281,0.0
-0.0648999999999999,2.205476473008323,-44.934,24.059371948242188,-290.41996259800953
-0.0648999999999999,2.205476473008323,-44.934,24.059371948242188,0.0
-0.06431,2.205476473008323,-45.168,22.611236572265625,-287.842451992816
-0.06431,1.883088777695823,-45.168,22.611236572265625,0.0
-0.06136,1.831086824570823,-45.216,21.09649658203125,-298.2946022518961
-0.06136,1.831086824570823,-45.216,21.09649658203125,0.0
-0.06136,1.883088777695823,-44.862,19.65248107910156,-271.125704643374
-0.06136,1.883088777695823,-44.862,19.65248107910156,0.0
-0.06254,1.716676424180198,-44.922,18.253097534179688,-277.7105665661441
-0.06254,1.716676424180198,-44.922,18.253097534179688,0.0
-0.05959,1.591890047227073,-45.15,16.780929565429688,-283.2181548203207
-0.05959,1.591890047227073,-45.15,16.780929565429688,0.0
-0.0530999999999999,1.259065340195823,-45.18600000000001,15.292968749999998,-296.93889751164375
-0.0530999999999999,1.259065340195823,-45.18600000000001,15.292968749999998,0.0
-0.0548699999999999,1.186280916367698,-44.976,13.813934326171877,-301.84375996540734
-0.0548699999999999,1.186280916367698,-44.976,13.813934326171877,0.0
-0.0560499999999999,1.238282869492698,-45.042,12.341766357421877,-293.2605515437195
-0.0560499999999999,1.238282869492698,-45.042,12.341766357421877,0.0
-0.0554599999999999,1.134278963242698,-45.216,10.866851806640623,-296.94273218908444
-0.0554599999999999,1.134278963242698,-45.216,10.866851806640623,0.0
-0.0507399999999999,1.061464021836448,-45.024,9.3878173828125,-293.7506303535988
-0.0507399999999999,1.061464021836448,-45.024,9.3878173828125,0.0
-0.05133,0.770265291367698,-45.054,7.950668334960937,-304.351767862544
-0.05133,0.770265291367698,-45.054,7.950668334960937,0.0
-0.0483799999999999,0.666291902695823,-45.18,6.4359283447265625,-298.3533563589472
-0.0483799999999999,0.666291902695823,-45.18,6.4359283447265625,0.0
-0.04897,0.614289949570823,-45.15599999999999,5.0214385986328125,-280.7084235163191
-0.04897,0.614289949570823,-45.15599999999999,5.0214385986328125,0.0
-0.04602,0.510286043320823,-44.964,3.547210693359375,-285.9801950092842
-0.04602,0.510286043320823,-44.964,3.547210693359375,0.0
-0.04661,0.4374711019145729,-44.838,2.054443359375,-308.74195118511096
-0.04661,0.4374711019145729,-44.838,2.054443359375,0.0
-0.04602,0.0214859944926979,-45.102,0.604248046875,-294.8150665785126
-0.04602,0.0214859944926979,-45.102,0.604248046875,0.0
-0.04661,-0.030515958632302,-45.312,-0.8191680908203125,-283.43610865953355
-0.04661,-0.030515958632302,-45.312,-0.8191680908203125,0.0
-0.04189,-0.072111417616677,-45.132,-2.357940673828125,-308.1242657197729
-0.04189,-0.072111417616677,-45.132,-2.357940673828125,0.0
-0.04484,-0.082517911757302,-45.18600000000001,-3.8204956054687504,-291.1715969823425
-0.04484,-0.082517911757302,-45.18600000000001,-3.8204956054687504,0.0
-0.04248,-0.176115323866677,-45.096,-5.2349853515625,-264.04512714211336
-0.04248,-0.176115323866677,-45.096,-5.2349853515625,0.0
-0.04071,-0.529722501601052,-45.21,-6.70440673828125,-293.47341456299785
-0.04071,-0.529722501601052,-45.21,-6.70440673828125,0.0
-0.03658,-0.644132901991677,-44.97,-8.203353881835938,-307.47633713773087
-0.03658,-0.644132901991677,-44.97,-8.203353881835938,0.0
-0.0389399999999999,-0.737730314101052,-44.946,-9.633636474609377,-251.235305247048
-0.0389399999999999,-0.737730314101052,-44.946,-9.633636474609377,0.0
-0.03953,-0.675321866835427,-45.018,-11.031646728515623,-277.7135983114375
-0.03953,-0.675321866835427,-45.018,-11.031646728515623,0.0
-0.0359899999999999,-0.737730314101052,-45.09,-12.489395141601562,-263.46437973788886
-0.0359899999999999,-0.737730314101052,-45.09,-12.489395141601562,0.0
-0.0348099999999999,-1.153715421522927,-45.084,-13.9141845703125,-287.0244618675721
-0.0348099999999999,-1.153715421522927,-45.084,-13.9141845703125,0.0
-0.0324499999999999,-1.340910245741677,-45.33,-15.393905639648438,-274.73469538422665
-0.0324499999999999,-1.340910245741677,-45.33,-15.393905639648438,0.0
-0.03186,-1.309721280897927,-45.354,-16.842727661132812,-291.86583833280827
-0.03186,-1.309721280897927,-45.354,-16.842727661132812,0.0
-0.02891,-1.309721280897927,-45.384,-18.343734741210938,-294.9512831752169
-0.02891,-1.424131681288552,-45.384,-18.343734741210938,0.0
-0.03068,-1.392912198866677,-44.988,-19.81658935546875,-297.0662796009349
-0.03068,-1.392912198866677,-44.988,-19.81658935546875,0.0
-0.03068,-1.548918058241677,-45.162,-21.265411376953125,-285.6510294717606
-0.03068,-1.548918058241677,-45.162,-21.265411376953125,0.0
-0.0265499999999999,-1.996122648085427,-45.348,-22.714920043945312,-303.3079445483868
-0.0265499999999999,-1.996122648085427,-45.348,-22.714920043945312,0.0
-0.0236,-1.850523282851052,-45.258,-24.185028076171875,-287.46735084648145
-0.0236,-1.850523282851052,-45.258,-24.185028076171875,0.0
-0.0236,-1.902525235976052,-45.162,-25.648956298828125,-299.18827358539056
-0.0236,-1.902525235976052,-45.162,-25.648956298828125,0.0
-0.02301,-1.944120694960427,-45.198,-27.098464965820312,-295.5768081136005
-0.02301,-1.944120694960427,-45.198,-27.098464965820312,0.0
-0.0241899999999999,-2.079313566054177,-45.324,-28.579559326171875,-276.1175168447885
-0.0241899999999999,-2.079313566054177,-45.324,-28.579559326171875,0.0
-0.0188799999999999,-2.578520109022927,-45.288,-30.05928039550781,-306.10696510774403
-0.0188799999999999,-2.578520109022927,-45.288,-30.05928039550781,0.0
-0.0206499999999999,-2.484922696913552,-45.114,-31.535568237304688,-289.75227513122206
-0.0206499999999999,-2.484922696913552,-45.114,-31.535568237304688,0.0
-0.0206499999999999,-2.484922696913552,-45.288,-32.94319152832031,-242.9030700628328
-0.0206499999999999,-2.422514249647927,-45.288,-32.94319152832031,0.0
-0.0206499999999999,-2.599333097304177,-45.306,-34.45243835449219,-297.6231169724644
-0.0206499999999999,-2.599333097304177,-45.306,-34.45243835449219,0.0
-0.01652,-2.588926603163552,-45.21,-35.88409423828125,-284.0587071005452
-0.01652,-2.588926603163552,-45.21,-35.88409423828125,0.0
-0.01711,-3.098509122694802,-45.294,-37.32673645019531,-268.74854916410544
-0.01711,-3.098509122694802,-45.294,-37.32673645019531,0.0
-0.01416,-3.098509122694802,-45.366,-38.82293701171875,-311.31930119075906
-0.01416,-3.150511075819802,-45.366,-38.82293701171875,0.0
-0.01534,-2.994535734022927,-45.45,-40.23399353027344,-281.0869558872871
-0.01534,-2.994535734022927,-45.45,-40.23399353027344,0.0
-0.0129799999999999,-3.129728605116677,-45.222,-41.69105529785156,-287.6726095908363
-0.0129799999999999,-3.129728605116677,-45.222,-41.69105529785156,0.0
-0.01416,-3.025724698866677,-45.168,-43.1597900390625,-274.9924623131376
-0.01416,-3.025724698866677,-45.168,-43.1597900390625,0.0
-0.01062,-3.545713712538552,-45.234,-44.61479187011719,-287.32263646394625
-0.01062,-3.545713712538552,-45.234,-44.61479187011719,0.0
-0.01062,-3.691313077772927,-45.474,-46.0711669921875,-329.3476078852514
-0.01062,-3.691313077772927,-45.474,-46.0711669921875,0.0
-0.00885,-3.504118253554177,-45.498,-47.48771667480469,-264.72616008591774
-0.00885,-3.504118253554177,-45.498,-47.48771667480469,0.0
-0.01062,-3.504118253554177,-45.51,-48.961944580078125,-264.95828635431434
-0.01062,-3.504118253554177,-45.51,-48.961944580078125,0.0
-0.00826,-3.504118253554177,-45.372,-50.416259765625,-287.01700918484886
-0.00826,-3.504118253554177,-45.372,-50.416259765625,0.0
-0.00885,-3.504118253554177,-45.342,-51.90284729003906,-295.42677353221075
-0.00885,-3.899320890272927,-45.342,-51.90284729003906,0.0
-0.00767,-4.232115079726052,-45.33,-53.36265563964844,-291.4952774776964
-0.00767,-4.232115079726052,-45.33,-53.36265563964844,0.0
-0.0064899999999999,-4.232115079726052,-45.336,-54.779205322265625,-253.86195028940807
-0.0064899999999999,-4.013731290663552,-45.336,-54.779205322265625,0.0
-0.0047199999999999,-3.992918302382302,-44.982,-56.24382019042969,-287.5740954579828
-0.0047199999999999,-3.992918302382302,-44.982,-56.24382019042969,0.0
-0.0005899999999999,-3.992918302382302,-44.478,-57.67272949218749,-281.83615419345864
-0.0005899999999999,-3.899320890272927,-44.478,-57.67272949218749,0.0
-0.0,-4.190519620741677,-43.266000000000005,-59.10301208496094,-282.720417627331
-0.0,-4.190519620741677,-43.266000000000005,-59.10301208496094,0.0
0.0005899999999999,-4.554533292616677,-42.432,-60.51956176757813,-261.0670259154465
0.0005899999999999,-4.554533292616677,-42.432,-60.51956176757813,0.0
-0.0,-4.346525480116677,-41.31,-61.815948486328125,-256.1522858633089
-0.0,-4.346525480116677,-41.31,-61.815948486328125,0.0
-0.0,-4.377714444960427,-40.33200000000001,-63.14048767089844,-292.39275597470214
-0.0,-4.377714444960427,-40.33200000000001,-63.14048767089844,0.0
-0.0,-4.544126798476052,-39.474,-64.41078186035156,-251.9924993953001
-0.0,-4.544126798476052,-39.474,-64.41078186035156,0.0
0.0023599999999999,-4.689726163710427,-38.664,-65.69755554199219,-256.02341457158093
0.0023599999999999,-4.689726163710427,-38.664,-65.69755554199219,0.0
-0.0,-4.419309903944802,-37.476,-66.93557739257812,-244.282133107208
-0.0,-4.419309903944802,-37.476,-66.93557739257812,0.0
-0.0,-4.492124845351052,-36.426,-68.12484741210938,-233.6942463205044
-0.0,-4.492124845351052,-36.426,-68.12484741210938,0.0
0.00295,-4.492124845351052,-35.778,-69.29489135742188,-223.333450144805
0.00295,-4.627317716444802,-35.778,-69.29489135742188,0.0
-0.0,-4.564909269179177,-34.782000000000004,-70.42030334472656,-220.40971157624304
-0.0,-4.564909269179177,-34.782000000000004,-70.42030334472656,0.0
0.00295,-4.731321622694802,-33.66,-71.55120849609375,-216.89780425167544
0.00295,-4.731321622694802,-33.66,-71.55120849609375,0.0
0.00354,-4.731321622694802,-32.754,-72.59696960449219,-197.0531577917569
0.00354,-4.731321622694802,-32.754,-72.59696960449219,0.0
-0.0,-4.564909269179177,-31.44,-73.64822387695312,-197.4928184219633
-0.0,-4.564909269179177,-31.44,-73.64822387695312,0.0
0.0059,-4.876920987929177,-30.858,-74.63218688964844,-194.9599787392846
0.0059,-4.876920987929177,-30.858,-74.63218688964844,0.0
0.00354,-4.720915128554177,-29.814,-75.60173034667969,-186.63011684962615
0.00354,-4.720915128554177,-29.814,-75.60173034667969,0.0
0.0059,-4.876920987929177,-28.752,-76.56303405761719,-185.3294218115089
0.0059,-4.876920987929177,-28.752,-76.56303405761719,0.0
0.0059,-4.876920987929177,-27.942,-77.46322631835938,-175.37351660667468
0.0059,-4.856107999647927,-27.942,-77.46322631835938,0.0
0.00826,-4.908109952772927,-26.658,-78.36753845214844,-179.67656145232058
0.00826,-4.908109952772927,-26.658,-78.36753845214844,0.0
0.0064899999999999,-4.856107999647927,-25.764,-79.17778015136719,-154.59677527594886
0.0064899999999999,-4.856107999647927,-25.764,-79.17778015136719,0.0
0.00885,-4.908109952772927,-24.924,-80.01960754394531,-166.8967867919212
0.00885,-4.908109952772927,-24.924,-80.01960754394531,0.0
0.0047199999999999,-4.856107999647927,-23.700000000000003,-80.75775146484375,-131.57645648770009
0.0047199999999999,-4.856107999647927,-23.700000000000003,-80.75775146484375,0.0
0.00885,-4.887327482069802,-22.986,-81.50619506835938,-148.23600782601946
0.00885,-4.887327482069802,-22.986,-81.50619506835938,0.0
0.0094399999999999,-5.012113859022927,-21.714,-82.232666015625,-143.48626254566656
0.0094399999999999,-5.012113859022927,-21.714,-82.232666015625,0.0
0.0100299999999999,-4.908109952772927,-20.958,-82.91862487792969,-135.75279285655623
0.0100299999999999,-4.908109952772927,-20.958,-82.91862487792969,0.0
0.0135699999999999,-5.064115812147927,-19.806,-83.56613159179688,-126.93721110912836
0.0135699999999999,-5.064115812147927,-19.806,-83.56613159179688,0.0
0.00767,-4.908109952772927,-18.414,-84.166259765625,-118.71971786842832
0.00767,-4.908109952772927,-18.414,-84.166259765625,0.0
0.01062,-4.908109952772927,-18.156,-84.75265502929688,-106.09648338552525
0.01062,-4.908109952772927,-18.156,-84.75265502929688,0.0
0.01475,-4.908109952772927,-17.177999999999997,-85.33767700195312,-110.50660609255344
0.01475,-4.908109952772927,-17.177999999999997,-85.33767700195312,0.0
0.01062,-5.032926847304177,-15.672000000000002,-85.84854125976562,-102.07078078206848
0.01062,-5.032926847304177,-15.672000000000002,-85.84854125976562,0.0
0.0135699999999999,-4.908109952772927,-15.258,-86.32919311523438,-94.48630931166704
0.0135699999999999,-4.908109952772927,-15.258,-86.32919311523438,0.0
0.01475,-4.928922941054177,-14.22,-86.80572509765625,-90.57821372795354
0.01475,-4.928922941054177,-14.22,-86.80572509765625,0.0
0.01593,-5.032926847304177,-12.834,-87.242431640625,-87.53388313624315
0.01593,-5.032926847304177,-12.834,-87.242431640625,0.0
0.0118,-5.032926847304177,-11.682,-87.62489318847656,-73.49376399926037
0.0118,-4.908109952772927,-11.682,-87.62489318847656,0.0
0.0129799999999999,-4.908109952772927,-11.136,-87.99911499023438,-71.99342088482966
0.0129799999999999,-4.908109952772927,-11.136,-87.99911499023438,0.0
0.0188799999999999,-4.908109952772927,-10.314,-88.36235046386719,-67.83108751302058
0.0188799999999999,-4.970518400038552,-10.314,-88.36235046386719,0.0
0.0200599999999999,-5.084928800429177,-8.928,-88.68850708007812,-64.36878156920109
0.0200599999999999,-5.084928800429177,-8.928,-88.68850708007812,0.0
0.01593,-5.032926847304177,-7.571999999999999,-88.94393920898438,-50.460712940690094
0.01593,-5.032926847304177,-7.571999999999999,-88.94393920898438,0.0
0.0123899999999999,-5.032926847304177,-6.384,-89.16366577148438,-43.89264133032701
0.0123899999999999,-5.032926847304177,-6.384,-89.16366577148438,0.0
0.0129799999999999,-5.147337247694802,-5.748,-89.34768676757812,-36.613807420262376
0.0129799999999999,-5.147337247694802,-5.748,-89.34768676757812,0.0
0.01475,-5.084928800429177,-5.202,-89.52278137207031,-32.968293069476125
0.01475,-5.084928800429177,-5.202,-89.52278137207031,0.0
0.0177,-5.084928800429177,-4.632000000000001,-89.67178344726562,-29.31957402512449
0.0177,-5.084928800429177,-4.632000000000001,-89.67178344726562,0.0
0.0188799999999999,-5.209715177382302,-3.642,-89.79331970214844,-24.12869860679633
0.0188799999999999,-5.209715177382302,-3.642,-89.79331970214844,0.0
0.0277299999999999,-5.209715177382302,-3.096,-89.90798950195312,-22.797176899517712
0.0277299999999999,-5.209715177382302,-3.096,-89.90798950195312,0.0
0.0247799999999999,-5.053709318007302,-1.134,-89.97459411621094,-13.42834964872226
0.0247799999999999,-5.053709318007302,-1.134,-89.97459411621094,0.0
0.02242,-5.032926847304177,-0.4019999999999999,-89.99519348144531,-4.056590239146367
0.02242,-5.032926847304177,-0.4019999999999999,-89.99519348144531,0.0
0.02183,-4.960111905897927,-0.114,-90.00480651855469,-1.9122811039090917
0.02183,-4.960111905897927,-0.114,-90.00480651855469,0.0
0.0206499999999999,-4.908109952772927,-0.0059999999999999,-90.00137329101562,0.6813311250357665
0.0206499999999999,-4.908109952772927,-0.0059999999999999,-90.00137329101562,0.0
0.0200599999999999,-4.928922941054177,-0.0,-90.00274658203125,-0.2694312371244438
0.0200599999999999,-4.928922941054177,-0.0,-90.00274658203125,0.0
0.02183,-4.908109952772927,-0.0,-90.00343322753906,-0.1275818483487254
0.02183,-4.908109952772927,-0.0,-90.00343322753906,0.0
0.02124,-4.908109952772927,0.0119999999999999,-90.00343322753906,0.0
0.02183,-4.908109952772927,0.0059999999999999,-90.00205993652344,0.2788408153545215
0.02183,-4.908109952772927,0.0059999999999999,-90.00205993652344,0.0
0.02242,-4.908109952772927,-0.0,-90.00343322753906,-0.2653189751991867
0.02242,-4.908109952772927,-0.0,-90.00343322753906,0.0
0.02242,-4.908109952772927,0.0119999999999999,-90.00274658203125,0.1346891933722999
0.02242,-4.908109952772927,0.0119999999999999,-90.00274658203125,0.0
0.02183,-4.908109952772927,-0.0059999999999999,-90.00274658203125,0.0
0.02242,-4.897733976210427,-0.0059999999999999,-90.00343322753906,-0.1271094979289211
0.02242,-4.897733976210427,-0.0059999999999999,-90.00343322753906,0.0
0.02183,-4.908109952772927,-0.0059999999999999,-90.00411987304688,-0.130989223161951
0.02183,-4.908109952772927,-0.0059999999999999,-90.00411987304688,0.0
0.02242,-4.908109952772927,0.0119999999999999,-90.00274658203125,0.2718311590703275
0.02242,-4.908109952772927,-0.0059999999999999,-90.00205993652344,0.1424575742351015
0.02242,-4.908109952772927,-0.0059999999999999,-90.00205993652344,0.0
0.02242,-4.866514493788552,0.0119999999999999,-90.00480651855469,-0.5318710362598558
0.02242,-4.866514493788552,0.0119999999999999,-90.00480651855469,0.0
0.02183,-4.908109952772927,-0.0059999999999999,-90.00205993652344,0.560183975370738
0.02183,-4.908109952772927,-0.0059999999999999,-90.00205993652344,0.0
0.02242,-4.908109952772927,0.018,-90.00205993652344,0.0
0.0236,-4.908109952772927,-0.0,-90.00411987304688,-0.4265762111072961
0.0236,-4.908109952772927,-0.0,-90.00411987304688,0.0
0.02242,-4.908109952772927,0.0239999999999999,-90.00137329101562,0.5795699580606849
0.02242,-4.908109952772927,0.0239999999999999,-90.00137329101562,0.0
0.02242,-4.908109952772927,0.0059999999999999,-90.00205993652344,-0.1376594843249534
0.02242,-4.908109952772927,0.0059999999999999,-90.00205993652344,0.0
0.0241899999999999,-4.887327482069802,0.0119999999999999,-90.00343322753906,-0.2692199599345246
0.0241899999999999,-4.887327482069802,0.0119999999999999,-90.00343322753906,0.0
0.03068,-4.908109952772927,0.03,-90.00274658203125,0.1382971818353877
0.03068,-4.908109952772927,0.03,-90.00274658203125,0.0
0.04189,-4.908109952772927,0.06,-90.00137329101562,0.2783321880055613
0.04189,-4.908109952772927,0.06,-90.00137329101562,0.0
0.05664,-4.908109952772927,0.444,-89.99862670898438,0.556213453066931
0.05664,-4.908109952772927,0.444,-89.99862670898438,0.0
0.07375,-4.949735929335427,1.278,-89.9725341796875,5.22896378695699
0.07375,-4.949735929335427,1.278,-89.9725341796875,0.0
0.0825999999999999,-5.032926847304177,3.204,-89.90386962890625,14.687604445123732
0.0825999999999999,-5.032926847304177,3.204,-89.90386962890625,0.0
0.0949899999999999,-5.043333341444802,4.788,-89.78164672851562,24.602033089804284
0.0949899999999999,-5.043333341444802,4.788,-89.78164672851562,0.0
0.08968,-4.908109952772927,7.313999999999999,-89.58595275878906,38.01359163304086
0.08968,-4.908109952772927,7.313999999999999,-89.58595275878906,0.0
0.0778799999999999,-4.991331388319802,9.042,-89.33395385742188,50.33937302571879
0.0778799999999999,-4.991331388319802,9.042,-89.33395385742188,0.0
0.0796499999999999,-5.032926847304177,9.792,-89.03114318847656,60.4291895720511
0.0796499999999999,-5.032926847304177,9.792,-89.03114318847656,0.0
0.07906,-4.876920987929177,10.236,-88.69056701660156,68.18341779268255
0.07906,-4.876920987929177,10.236,-88.69056701660156,0.0
0.07906,-4.908109952772927,10.278,-88.36166381835938,67.28788834711094
0.07906,-4.908109952772927,10.278,-88.36166381835938,0.0
0.08319,-4.887327482069802,10.602,-88.0059814453125,68.7574662764173
0.08319,-4.887327482069802,10.602,-88.0059814453125,0.0
0.08732,-5.012113859022927,11.676,-87.63725280761719,73.9379662513181
0.08732,-5.012113859022927,11.676,-87.63725280761719,0.0
0.0890899999999999,-5.012113859022927,13.176,-87.24861145019531,73.45329000602837
0.0890899999999999,-5.012113859022927,13.176,-87.24861145019531,0.0
0.07847,-5.032926847304177,14.508,-86.79817199707031,90.01587792292534
0.07847,-5.032926847304177,14.508,-86.79817199707031,0.0
0.08496,-4.856107999647927,15.402,-86.32575988769531,94.48242187508592
0.08496,-4.856107999647927,15.402,-86.32575988769531,0.0
0.0885,-4.928922941054177,16.098000000000003,-85.8306884765625,95.94407192516084
0.0885,-4.928922941054177,16.098000000000003,-85.8306884765625,0.0
0.0890899999999999,-5.032926847304177,17.334,-85.28961181640625,112.48995013595722
0.0890899999999999,-5.032926847304177,17.334,-85.28961181640625,0.0
0.0802399999999999,-4.908109952772927,18.21,-84.70527648925781,109.2215564764892
0.0802399999999999,-4.908109952772927,18.21,-84.70527648925781,0.0
0.08319,-4.949735929335427,18.6,-84.11956787109375,119.7768135300574
0.08319,-4.949735929335427,18.6,-84.11956787109375,0.0
0.0890899999999999,-5.064115812147927,20.118,-83.5015869140625,123.8935358924581
0.0890899999999999,-5.064115812147927,20.118,-83.5015869140625,0.0
0.0885,-4.908109952772927,21.126,-82.82455444335938,135.6506653385123
0.0885,-4.908109952772927,21.126,-82.82455444335938,0.0
0.0885,-4.908109952772927,21.876,-82.122802734375,141.6535544983189
0.0885,-4.908109952772927,21.876,-82.122802734375,0.0
0.08555,-4.908109952772927,22.962,-81.43135070800781,139.6872780537514
0.08555,-5.022520353163552,22.962,-81.43135070800781,0.0
0.0926299999999999,-4.908109952772927,23.622,-80.66299438476562,153.48708015198727
0.0926299999999999,-4.908109952772927,23.622,-80.66299438476562,0.0
0.0843699999999999,-4.908109952772927,24.876,-79.88433837890625,149.65520005000874
0.0843699999999999,-5.032926847304177,24.876,-79.88433837890625,0.0
0.09322,-4.876920987929177,25.92,-79.06105041503906,164.88843658516114
0.09322,-4.876920987929177,25.92,-79.06105041503906,0.0
0.0914499999999999,-4.876920987929177,27.06,-78.22265625,158.45665564904706
0.0914499999999999,-4.908109952772927,27.06,-78.22265625,0.0
0.08732,-4.772917081679177,28.032,-77.32383728027344,179.2976201332868
0.08732,-4.772917081679177,28.032,-77.32383728027344,0.0
0.0914499999999999,-4.772917081679177,28.662,-76.42227172851562,177.22932018130282
0.0914499999999999,-4.908109952772927,28.662,-76.42227172851562,0.0
0.0914499999999999,-4.731321622694802,29.736,-75.48774719238281,187.1669409433919
0.0914499999999999,-4.731321622694802,29.736,-75.48774719238281,0.0
0.0885,-4.897733976210427,30.84,-74.51133728027344,200.5772210583094
0.0885,-4.897733976210427,30.84,-74.51133728027344,0.0
0.08496,-4.689726163710427,31.596000000000004,-73.47793579101562,207.8860368648871
0.08496,-4.689726163710427,31.596000000000004,-73.47793579101562,0.0
0.0867299999999999,-4.689726163710427,32.91,-72.44041442871094,211.221775713914
0.0867299999999999,-4.689726163710427,32.91,-72.44041442871094,0.0
0.08732,-4.668913175429177,33.798,-71.36375427246094,215.76355836706733
0.08732,-4.668913175429177,33.798,-71.36375427246094,0.0
0.0843699999999999,-4.512937833632302,34.716,-70.25894165039062,221.6274066337465
0.0843699999999999,-4.512937833632302,34.716,-70.25894165039062,0.0
0.09322,-4.908109952772927,35.49,-69.15824890136719,220.05052959327256
0.09322,-4.908109952772927,35.49,-69.15824890136719,0.0
0.0890899999999999,-4.606535245741677,36.612,-67.99369812011719,250.9266927913788
0.0890899999999999,-4.606535245741677,36.612,-67.99369812011719,0.0
0.0938099999999999,-4.720915128554177,37.842,-66.78382873535156,228.14810197239945
0.0938099999999999,-4.720915128554177,37.842,-66.78382873535156,0.0
0.0914499999999999,-4.814512540663552,38.73,-65.53482055664062,246.74203451375075
0.0914499999999999,-4.814512540663552,38.73,-65.53482055664062,0.0
0.0914499999999999,-4.388120939101052,39.654,-64.28993225097656,250.63183121918476
0.0914499999999999,-4.388120939101052,39.654,-64.28993225097656,0.0
0.0825999999999999,-4.284117032851052,40.728,-62.97157287597656,263.6191511701388
0.0825999999999999,-4.284117032851052,40.728,-62.97157287597656,0.0
0.08968,-4.398527433241677,41.61,-61.68617248535156,257.7502287196788
0.08968,-4.398527433241677,41.61,-61.68617248535156,0.0
0.08791,-4.273710538710427,42.768,-60.34927368164063,308.04119901280603
0.08791,-4.273710538710427,42.768,-60.34927368164063,0.0
0.0890899999999999,-4.117735196913552,43.446,-58.95263671875001,260.46940747724227
0.0890899999999999,-4.117735196913552,43.446,-58.95263671875001,0.0
0.0890899999999999,-4.034513761366677,44.424,-57.52304077148437,281.58281411574546
0.0890899999999999,-4.034513761366677,44.424,-57.52304077148437,0.0
0.08732,-4.138517667616677,45.084,-56.09413146972656,273.00521623182874
0.08732,-4.138517667616677,45.084,-56.09413146972656,0.0
0.08555,-4.429716398085427,45.384,-54.69749450683594,263.2184249704463
0.08555,-4.429716398085427,45.384,-54.69749450683594,0.0
0.07847,-3.691313077772927,45.612,-53.20198059082031,280.95320609100776
0.07847,-3.691313077772927,45.612,-53.20198059082031,0.0
0.07611,-3.764128019179177,45.378,-51.7401123046875,287.7127113024092
0.07611,-3.764128019179177,45.378,-51.7401123046875,0.0
0.07729,-3.639311124647927,45.264,-50.29266357421875,287.76316709091816
0.07729,-3.639311124647927,45.264,-50.29266357421875,0.0
0.0755199999999999,-3.618528653944802,45.282,-48.87611389160156,280.28288140420347
0.0755199999999999,-3.618528653944802,45.282,-48.87611389160156,0.0
0.08142,-3.992918302382302,45.126,-47.42111206054688,308.8520125363957
0.08142,-3.992918302382302,45.126,-47.42111206054688,0.0
0.07906,-3.566526700819802,45.372,-45.96199035644531,292.05798720975747
0.07906,-3.566526700819802,45.372,-45.96199035644531,0.0
0.0755199999999999,-3.296110441054177,45.228,-44.50630187988281,309.6550684041212
0.0755199999999999,-3.296110441054177,45.228,-44.50630187988281,0.0
0.0743399999999999,-3.296110441054177,45.42,-43.054046630859375,296.984713502396
0.0743399999999999,-3.296110441054177,45.42,-43.054046630859375,0.0
0.07257,-3.171324064101052,45.40800000000001,-41.60865783691406,290.99834788548475
0.07257,-3.171324064101052,45.40800000000001,-41.60865783691406,0.0
0.0708,-3.431333829726052,45.24,-40.150909423828125,290.56177258983723
0.0708,-3.431333829726052,45.24,-40.150909423828125,0.0
0.0743399999999999,-3.431333829726052,45.258,-38.67805480957031,301.1356806914532
0.0743399999999999,-3.150511075819802,45.258,-38.67805480957031,0.0
0.0719799999999999,-2.817716886366677,45.318000000000005,-37.21138000488281,289.11389802574035
0.0719799999999999,-2.817716886366677,45.318000000000005,-37.21138000488281,0.0
0.07021,-2.776121427382302,45.38999999999999,-35.73783874511719,284.7422724180179
0.07021,-2.776121427382302,45.38999999999999,-35.73783874511719,0.0
0.0696199999999999,-2.640928556288552,45.324,-34.31236267089844,284.52616251879056
0.0696199999999999,-2.640928556288552,45.324,-34.31236267089844,0.0
0.06903,-2.807310392226052,45.132,-32.86766052246094,238.8727097287099
0.06903,-2.807310392226052,45.132,-32.86766052246094,0.0
0.06608,-2.713712980116677,45.342,-31.38656616210937,296.2188720705826
0.06608,-2.713712980116677,45.342,-31.38656616210937,0.0
0.06667,-2.339323331679177,45.40800000000001,-29.934997558593743,257.4159608999947
0.06667,-2.339323331679177,45.40800000000001,-29.934997558593743,0.0
0.06372,-2.245725919569802,45.336,-28.45664978027344,294.3743087042795
0.06372,-2.245725919569802,45.336,-28.45664978027344,0.0
0.0631299999999999,-2.120909025038552,45.15599999999999,-27.016754150390625,291.9496410956624
0.0631299999999999,-2.120909025038552,45.15599999999999,-27.016754150390625,0.0
0.06431,-2.089720060194802,45.21,-25.580291748046875,287.0054749931111
0.06431,-2.089720060194802,45.21,-25.580291748046875,0.0
0.0631299999999999,-2.183317472304177,45.252,-24.103317260742188,288.5843077963565
0.0631299999999999,-2.183317472304177,45.252,-24.103317260742188,0.0
0.05959,-1.777708341444802,45.17400000000001,-22.62908935546875,293.14533809330663
0.05959,-1.777708341444802,45.17400000000001,-22.62908935546875,0.0
0.05959,-1.684110929335427,45.234,-21.218719482421875,285.0383736950595
0.05959,-1.684110929335427,45.234,-21.218719482421875,0.0
0.0548699999999999,-1.600920011366677,45.27,-19.7314453125,299.2503360012244
0.0548699999999999,-1.600920011366677,45.27,-19.7314453125,0.0
0.0536899999999999,-1.476133634413552,45.366,-18.280563354492188,288.3883836229588
0.0536899999999999,-1.476133634413552,45.366,-18.280563354492188,0.0
0.0572299999999999,-1.559324552382302,45.09,-16.78985595703125,312.2554246882452
0.0572299999999999,-1.559324552382302,45.09,-16.78985595703125,0.0
0.0572299999999999,-1.247312833632302,45.12,-15.37742614746094,280.1884168952063
0.0572299999999999,-1.247312833632302,45.12,-15.37742614746094,0.0
0.0548699999999999,-1.028929044569802,45.168,-13.928604125976562,291.3376274848989
0.0548699999999999,-1.028929044569802,45.168,-13.928604125976562,0.0
0.0530999999999999,-0.935331632460427,45.258,-12.470169067382812,292.27155482885905
0.0530999999999999,-0.935331632460427,45.258,-12.470169067382812,0.0
0.0472,-0.935331632460427,45.114,-10.976715087890623,274.2295224918229
0.0472,-0.810514737929177,45.114,-10.976715087890623,0.0
0.0483799999999999,-0.945738126601052,45.144,-9.551925659179688,285.9874405273721
0.0483799999999999,-0.945738126601052,45.144,-9.551925659179688,0.0
0.0483799999999999,-0.571317960585427,45.144,-8.136062622070312,256.6829291351261
0.0483799999999999,-0.571317960585427,45.144,-8.136062622070312,0.0
0.04602,-0.373716642226052,45.264,-6.624069213867188,304.0405003437975
0.04602,-0.373716642226052,45.264,-6.624069213867188,0.0
0.04543,-0.332121183241677,44.916,-5.164947509765625,262.05490375335984
0.04543,-0.332121183241677,44.916,-5.164947509765625,0.0
0.04661,-0.186521818007302,44.982,-3.726425170898438,288.223269659415
0.04661,-0.186521818007302,44.982,-3.726425170898438,0.0
0.04897,-0.352934171522927,45.114,-2.2686767578125,288.94914035425785
0.04897,-0.352934171522927,45.114,-2.2686767578125,0.0
0.04307,0.0214859944926979,45.192,-0.8287811279296875,285.58025186075514
0.04307,0.0214859944926979,45.192,-0.8287811279296875,0.0
0.0412999999999999,0.1462723714458229,45.084,0.6296539306640625,268.8359555010304
0.0412999999999999,0.1462723714458229,45.084,0.6296539306640625,0.0
0.03835,0.3022782308208229,45.096,2.1141815185546875,300.57250210507334
0.03835,0.3022782308208229,45.096,2.1141815185546875,0.0
0.03835,0.3646866780864479,45.318000000000005,3.5492706298828125,286.0452683526895
0.03835,0.3646866780864479,45.318000000000005,3.5492706298828125,0.0
0.0359899999999999,0.3334671956645729,45.096,4.9774932861328125,242.56498917294417
0.0359899999999999,0.3334671956645729,45.096,4.9774932861328125,0.0
0.0348099999999999,0.541475008164573,44.85,6.470947265625,295.67491179758184
0.0348099999999999,0.541475008164573,44.85,6.470947265625,0.0
0.0359899999999999,0.562287996445823,44.922,7.916336059570312,259.54189153358146
0.0359899999999999,0.562287996445823,44.922,7.916336059570312,0.0
0.03422,0.832673738633323,45.138,9.341812133789062,286.7584136421966
0.03422,0.832673738633323,45.138,9.341812133789062,0.0
0.03127,0.832673738633323,45.17400000000001,10.7940673828125,288.6039843051389
0.03127,0.926271150742698,45.17400000000001,10.7940673828125,0.0
0.03304,0.967866609727073,44.958,12.231903076171877,288.54820256000505
0.03304,0.967866609727073,44.958,12.231903076171877,0.0
0.0324499999999999,1.196687410508323,45.012,13.709564208984377,292.2589265849719
0.0324499999999999,1.196687410508323,45.012,13.709564208984377,0.0
0.0324499999999999,1.238282869492698,45.276,15.12336730957031,282.760620117444
0.0324499999999999,1.238282869492698,45.276,15.12336730957031,0.0
0.0265499999999999,1.415071199570823,45.096,16.596908569335938,296.3083168637881
0.0265499999999999,1.415071199570823,45.096,16.596908569335938,0.0
0.02891,1.435884187852073,45.006,18.075942993164062,298.613855002624
0.02891,1.435884187852073,45.006,18.075942993164062,0.0
0.0277299999999999,1.519075105820823,44.964,19.51377868652344,293.25631110828203
0.0277299999999999,1.519075105820823,44.964,19.51377868652344,0.0
0.0265499999999999,1.758271883164573,45.252,20.963287353515625,305.6100921347358
0.0265499999999999,1.758271883164573,45.252,20.963287353515625,0.0
0.0206499999999999,1.935090730820823,45.036,22.418289184570312,295.9125139420166
0.0206499999999999,1.935090730820823,45.036,22.418289184570312,0.0
0.0236,1.935090730820823,44.862,23.876724243164062,274.39982287767793
0.0236,1.987062166367698,44.862,23.876724243164062,0.0
0.0236,2.039064119492698,45.006,25.320053100585938,286.09095290845494
0.0236,2.039064119492698,45.006,25.320053100585938,0.0
0.02242,2.070283601914573,45.162,26.80389404296875,244.77745667870144
0.02242,2.070283601914573,45.162,26.80389404296875,0.0
0.0200599999999999,2.309480379258323,45.018,28.24790954589844,296.39070257141174
0.0200599999999999,2.309480379258323,45.018,28.24790954589844,0.0
0.02124,2.309480379258323,45.042,29.7235107421875,290.1300032023999
0.02124,2.444673250352073,45.042,29.7235107421875,0.0
0.0194699999999999,2.496675203477073,45.06,31.151733398437496,284.4498419140017
0.0194699999999999,2.496675203477073,45.06,31.151733398437496,0.0
0.0177,2.496675203477073,45.246,32.619781494140625,284.395214201391
0.0177,2.631868074570823,45.246,32.619781494140625,0.0
0.01534,2.527864168320823,44.976,34.11186218261719,295.1692756630952
0.01534,2.527864168320823,44.976,34.11186218261719,0.0
0.01593,2.964662264023948,44.958,35.555877685546875,269.2049781740907
0.01593,2.964662264023948,44.958,35.555877685546875,0.0
0.01475,2.975068758164573,45.132,36.964874267578125,285.9165142104978
0.01475,2.975068758164573,45.132,36.964874267578125,0.0
0.0135699999999999,3.058290193711448,45.138,38.47137451171875,297.1400876006655
0.0135699999999999,3.058290193711448,45.138,38.47137451171875,0.0
0.0123899999999999,3.110292146836448,44.958,39.95658874511719,302.9812797638415
0.0123899999999999,3.110292146836448,44.958,39.95658874511719,0.0
0.01416,2.923066805039573,44.862,41.3909912109375,287.68601400313446
0.01416,2.923066805039573,44.862,41.3909912109375,0.0
0.0135699999999999,3.411866853867698,45.15599999999999,42.826080322265625,289.21586282272324
0.0135699999999999,3.411866853867698,45.15599999999999,42.826080322265625,0.0
0.00826,3.432679842148948,45.306,44.276275634765625,290.7951298375863
0.00826,3.432679842148948,45.306,44.276275634765625,0.0
0.0100299999999999,3.505464265977073,44.928,45.75874328613281,295.4299823382942
0.0100299999999999,3.505464265977073,44.928,45.75874328613281,0.0
0.0100299999999999,3.526277254258323,44.946,47.19795227050781,286.5808411740205
0.0100299999999999,3.526277254258323,44.946,47.19795227050781,0.0
0.0123899999999999,3.276673982773948,45.09,48.62960815429688,229.1749453799642
0.0123899999999999,3.276673982773948,45.09,48.62960815429688,0.0
0.0064899999999999,3.817475984727073,45.15,50.14366149902344,303.417503953687
0.0064899999999999,3.817475984727073,45.15,50.14366149902344,0.0
0.0059,3.848664949570823,44.952000000000005,51.601409912109375,288.72022441872554
0.0059,3.848664949570823,44.952000000000005,51.601409912109375,0.0
0.0059,3.911073396836448,44.958,53.03993225097656,289.20835119942853
0.0059,3.911073396836448,44.958,53.03993225097656,0.0
0.00708,3.952668855820823,45.222,54.47433471679688,305.7775454756977
0.00708,3.952668855820823,45.222,54.47433471679688,0.0
0.00177,3.651063631211448,44.742,55.97808837890625,312.6957084863972
0.00177,3.651063631211448,44.742,55.97808837890625,0.0
-0.0,4.202272127305198,44.058,57.36785888671874,233.5748752621022
-0.0,4.202272127305198,44.058,57.36785888671874,0.0
-0.0,4.243867586289573,43.092,58.78028869628907,283.6774070224219
-0.0,4.243867586289573,43.092,58.78028869628907,0.0
-0.0,4.243867586289573,42.486,60.17417907714843,284.119523207873
-0.0,4.243867586289573,42.486,60.17417907714843,0.0
-0.0,4.150270174180198,41.190000000000005,61.53579711914063,272.32360839714005
-0.0,4.150270174180198,41.190000000000005,61.53579711914063,0.0
-0.0,4.431062410508323,39.95400000000001,62.86102294921875,274.8860879635613
-0.0,4.431062410508323,39.95400000000001,62.86102294921875,0.0
-0.0,4.503877351914573,39.36600000000001,64.15122985839844,256.2476482982418
-0.0,4.503877351914573,39.36600000000001,64.15122985839844,0.0
-0.0,4.327089021836448,38.736,65.41053771972656,237.78471701745408
-0.0,4.327089021836448,38.736,65.41053771972656,0.0
-0.0,4.223085115586448,37.548,66.61079406738281,241.54887254018385
-0.0,4.223085115586448,37.548,66.61079406738281,0.0
-0.00177,4.524690340195823,36.342,67.81173706054688,201.4329072730403
-0.00177,4.524690340195823,36.342,67.81173706054688,0.0
-0.00177,4.379090974961448,35.55,68.99276733398438,234.98413717348944
-0.00177,4.379090974961448,35.55,68.99276733398438,0.0
-0.0,4.514283846055198,34.476,70.08041381835938,210.29514392452137
-0.0,4.514283846055198,34.476,70.08041381835938,0.0
-0.0005899999999999,4.649476717148948,33.900000000000006,71.22505187988281,231.33348050262583
-0.0005899999999999,4.649476717148948,33.900000000000006,71.22505187988281,0.0
-0.00354,4.483064363633323,33.035999999999994,72.27973937988281,206.67989418025067
-0.00354,4.483064363633323,33.035999999999994,72.27973937988281,0.0
-0.0064899999999999,4.743074129258323,31.686,73.33992004394531,213.61689785648403
-0.0064899999999999,4.743074129258323,31.686,73.33992004394531,0.0
-0.00531,4.722291658555198,30.654,74.35134887695312,197.7764632400127
-0.00531,4.722291658555198,30.654,74.35134887695312,0.0
-0.00413,4.722291658555198,29.592,75.33599853515625,198.0389497600385
-0.00413,4.722291658555198,29.592,75.33599853515625,0.0
-0.00413,4.711885164414573,29.004,76.26846313476562,165.65368619817752
-0.00413,4.711885164414573,29.004,76.26846313476562,0.0
-0.00354,4.711885164414573,27.876,77.20916748046875,186.61066171435732
-0.00354,4.711885164414573,27.876,77.20916748046875,0.0
-0.00767,4.774263094102073,27.054,78.09700012207031,168.2776045489046
-0.00767,4.774263094102073,27.054,78.09700012207031,0.0
-0.00708,4.867891023789573,25.518,78.9697265625,172.9883925531143
-0.00708,4.867891023789573,25.518,78.9697265625,0.0
-0.00767,4.836671541367698,24.948000000000004,79.77516174316406,160.89396337647997
-0.00767,4.836671541367698,24.948000000000004,79.77516174316406,0.0
-0.0064899999999999,4.899079988633323,23.838,80.60394287109375,172.33959823885075
-0.0064899999999999,4.899079988633323,23.838,80.60394287109375,0.0
-0.0059,4.784669588242698,22.92,81.32766723632812,141.51825679224262
-0.0059,4.784669588242698,22.92,81.32766723632812,0.0
-0.00767,4.836671541367698,21.924,82.056884765625,144.94484780292584
-0.00767,4.836671541367698,21.924,82.056884765625,0.0
-0.0064899999999999,4.670289705430198,20.97,82.73460388183594,134.54816680738972
-0.0064899999999999,4.670289705430198,20.97,82.73460388183594,0.0
-0.0135699999999999,4.847078035508323,20.352,83.42880249023438,138.72873868914257
-0.0135699999999999,4.847078035508323,20.352,83.42880249023438,0.0
-0.0129799999999999,4.899079988633323,18.678,84.07081604003906,127.89114537937394
-0.0129799999999999,4.899079988633323,18.678,84.07081604003906,0.0
-0.00826,4.847078035508323,17.465999999999998,84.63043212890625,111.18936794505792
-0.00826,4.847078035508323,17.465999999999998,84.63043212890625,0.0
-0.0123899999999999,4.899079988633323,17.154,85.19554138183594,113.70407503647633
-0.0123899999999999,4.899079988633323,17.154,85.19554138183594,0.0
-0.0123899999999999,4.867891023789573,16.026,85.72975158691406,102.57492416994371
-0.0123899999999999,4.867891023789573,16.026,85.72975158691406,0.0
-0.0118,4.826265047227073,15.06,86.22962951660156,100.477975816548
-0.0118,4.826265047227073,15.06,86.22962951660156,0.0
-0.0129799999999999,4.899079988633323,14.340000000000002,86.70341491699219,92.14029568067552
-0.0129799999999999,4.899079988633323,14.340000000000002,86.70341491699219,0.0
-0.0177,4.805482576523948,13.248,87.15248107910156,89.41978536632129
-0.0177,4.805482576523948,13.248,87.15248107910156,0.0
-0.01475,4.899079988633323,11.898,87.55622863769531,80.9275523335078
-0.01475,4.899079988633323,11.898,87.55622863769531,0.0
-0.0135699999999999,4.847078035508323,10.908,87.91671752929688,71.44052548553945
-0.0135699999999999,4.847078035508323,10.908,87.91671752929688,0.0
-0.01416,4.753480623398948,10.272,88.25386047363281,61.27643481229554
-0.01416,4.753480623398948,10.272,88.25386047363281,0.0
-0.0188799999999999,4.847078035508323,9.552,88.5882568359375,66.19088723399713
-0.0188799999999999,4.847078035508323,9.552,88.5882568359375,0.0
-0.01652,4.847078035508323,8.1,88.88763427734375,59.55389723636269
-0.01652,4.899079988633323,8.1,88.88763427734375,0.0
-0.01829,4.888673494492698,7.056000000000001,89.13825988769531,50.62120992754699
-0.01829,4.888673494492698,7.056000000000001,89.13825988769531,0.0
-0.01475,4.847078035508323,5.676000000000001,89.34013366699219,42.33042132447928
-0.01475,4.847078035508323,5.676000000000001,89.34013366699219,0.0
-0.01475,4.836671541367698,4.925999999999999,89.51454162597656,35.248172793838904
-0.01475,4.836671541367698,4.925999999999999,89.51454162597656,0.0
-0.01475,4.878267000352073,4.134,89.659423828125,29.646450204153403
-0.01475,4.878267000352073,4.134,89.659423828125,0.0
-0.01593,4.847078035508323,3.45,89.77272033691406,22.943804939010903
-0.01593,4.847078035508323,3.45,89.77272033691406,0.0
-0.01593,4.847078035508323,2.3760000000000003,89.87228393554688,18.66584151344624
-0.01593,4.847078035508323,2.3760000000000003,89.87228393554688,0.0
-0.01652,4.847078035508323,1.5060000000000002,89.92446899414062,10.443277685354891
-0.01652,4.847078035508323,1.5060000000000002,89.92446899414062,0.0
-0.0188799999999999,4.857484529648948,0.84,89.967041015625,8.517811421442723
-0.0188799999999999,4.857484529648948,0.84,89.967041015625,0.0
-0.01593,4.847078035508323,0.354,89.98146057128906,2.587395597356355
-0.01593,4.847078035508323,0.354,89.98146057128906,0.0
-0.01593,4.826265047227073,0.204,89.989013671875,1.5076049073731677
-0.01593,4.826265047227073,0.204,89.989013671875,0.0
-0.01711,4.826265047227073,0.126,89.99176025390625,0.5460401652579092
-0.01711,4.826265047227073,0.126,89.99176025390625,0.0
-0.01652,4.847078035508323,0.084,89.99656677246094,0.8940696716287836
-0.01652,4.847078035508323,0.084,89.99656677246094,0.0
-0.01652,4.805482576523948,0.06,89.99794006347656,0.285923592677569
-0.01652,4.805482576523948,0.06,89.99794006347656,0.0
-0.01711,4.847078035508323,0.042,89.99931335449219,0.2759829211465474
-0.01711,4.847078035508323,0.042,89.99931335449219,0.0
-0.01652,4.826265047227073,0.0059999999999999,90.00205993652344,0.5817797143097257
-0.01652,4.826265047227073,0.0059999999999999,90.00205993652344,0.0
-0.0194699999999999,4.826265047227073,0.0119999999999999,90.00274658203125,0.1261984024653007
-0.0194699999999999,4.847078035508323,0.0119999999999999,90.00274658203125,0.0
-0.0188799999999999,4.847078035508323,-0.018,90.00137329101562,-0.2786710664819666
-0.0188799999999999,4.847078035508323,-0.018,90.00137329101562,0.0
-0.01829,4.847078035508323,-0.0059999999999999,90.00205993652344,0.1383250418638901
-0.01829,4.836671541367698,-0.0059999999999999,90.00205993652344,0.0
-0.0194699999999999,4.847078035508323,0.0059999999999999,90.00274658203125,0.1419568963852067
-0.0194699999999999,4.847078035508323,0.0059999999999999,90.00274658203125,0.0
-0.0188799999999999,4.847078035508323,-0.0,90.00137329101562,-0.2735639473355592
-0.0188799999999999,4.847078035508323,-0.0,90.00137329101562,0.0
-0.01829,4.847078035508323,0.018,90.00343322753906,0.3792224822244607
-0.01829,4.847078035508323,0.018,90.00343322753906,0.0
-0.0188799999999999,4.847078035508323,0.0059999999999999,90.00068664550781,-0.5527434154269232
-0.0188799999999999,4.847078035508323,0.0059999999999999,90.00068664550781,0.0
-0.01829,4.847078035508323,0.0059999999999999,90.00343322753906,0.5160808025641745
-0.01829,4.847078035508323,0.0059999999999999,90.00343322753906,0.0
-0.0177,4.847078035508323,-0.0059999999999999,90.00411987304688,0.1373291015626249
-0.0177,4.847078035508323,-0.0059999999999999,90.00411987304688,0.0
-0.0200599999999999,4.847078035508323,-0.0059999999999999,90.00343322753906,-0.134162858111557
-0.0200599999999999,4.847078035508323,-0.0059999999999999,90.00343322753906,0.0
-0.0241899999999999,4.847078035508323,0.0119999999999999,90.00068664550781,-0.5482199663175156
-0.0241899999999999,4.847078035508323,0.0119999999999999,90.00068664550781,0.0
-0.0348099999999999,4.847078035508323,-0.018,90.00205993652344,0.2523504255104813
-0.0348099999999999,4.847078035508323,-0.018,90.00205993652344,0.0
-0.04661,4.847078035508323,-0.204,90.00205993652344,0.0
-0.06431,4.847078035508323,-0.756,89.99107360839844,-2.1694960752350827
-0.06431,4.847078035508323,-0.756,89.99107360839844,0.0
-0.08378,4.888673494492698,-1.8300000000000003,89.95399475097656,-7.4246811016812755
-0.08378,4.888673494492698,-1.8300000000000003,89.95399475097656,0.0
-0.0843699999999999,4.899079988633323,-4.434,89.84825134277344,-18.184592984161068
-0.0843699999999999,4.899079988633323,-4.434,89.84825134277344,0.0
-0.0825999999999999,4.899079988633323,-6.834,89.66629028320312,-36.97643966073197
-0.0825999999999999,4.899079988633323,-6.834,89.66629028320312,0.0
-0.0802399999999999,4.899079988633323,-8.496,89.41360473632812,-50.1957780840797
-0.0802399999999999,4.899079988633323,-8.496,89.41360473632812,0.0
-0.0719799999999999,4.919862459336448,-9.402,89.11354064941406,-59.92891689907947
-0.0719799999999999,4.919862459336448,-9.402,89.11354064941406,0.0
-0.0796499999999999,4.899079988633323,-9.714,88.80455017089844,-59.32996899289804
-0.0796499999999999,4.899079988633323,-9.714,88.80455017089844,0.0
-0.0825999999999999,4.826265047227073,-9.996,88.47084045410156,-67.41610440330008
-0.0825999999999999,4.826265047227073,-9.996,88.47084045410156,0.0
-0.08319,4.826265047227073,-10.38,88.14605712890625,-61.24520558088722
-0.08319,4.878267000352073,-10.38,88.14605712890625,0.0
-0.0867299999999999,5.075868318711448,-11.754,87.77595520019531,-73.74017308440297
-0.0867299999999999,5.075868318711448,-11.754,87.77595520019531,0.0
-0.0890899999999999,4.940675447617698,-13.11,87.40242004394531,-69.39163222187632
-0.0890899999999999,4.940675447617698,-13.11,87.40242004394531,0.0
-0.07847,4.899079988633323,-14.202,86.94854736328125,-90.3948776467094
-0.07847,4.899079988633323,-14.202,86.94854736328125,0.0
-0.08732,4.867891023789573,-14.772000000000002,86.46720886230469,-98.75636047937432
-0.08732,4.867891023789573,-14.772000000000002,86.46720886230469,0.0
-0.09086,4.899079988633323,-15.762,85.98243713378906,-97.48074170821724
-0.09086,4.899079988633323,-15.762,85.98243713378906,0.0
-0.08614,5.023866365586448,-16.92,85.45372009277344,-99.5513163274377
-0.08614,5.023866365586448,-16.92,85.45372009277344,0.0
-0.08968,4.899079988633323,-17.82,84.87144470214844,-119.39212438503031
-0.08968,4.899079988633323,-17.82,84.87144470214844,0.0
-0.08319,4.899079988633323,-18.582,84.29054260253906,-116.48327644062404
-0.08319,4.899079988633323,-18.582,84.29054260253906,0.0
-0.08555,4.951081941758323,-19.638,83.68423461914062,-121.50460589165846
-0.08555,4.951081941758323,-19.638,83.68423461914062,0.0
-0.08319,4.899079988633323,-20.466,83.00788879394531,-128.2172180462207
-0.08319,4.899079988633323,-20.466,83.00788879394531,0.0
-0.09086,4.899079988633323,-21.318,82.34321594238281,-136.62340217125407
-0.09086,4.899079988633323,-21.318,82.34321594238281,0.0
-0.0949899999999999,5.003083894883323,-22.506,81.650390625,-138.09553864491087
-0.0949899999999999,5.003083894883323,-22.506,81.650390625,0.0
-0.08968,4.857484529648948,-23.406,80.89027404785156,-152.053726174984
-0.08968,4.857484529648948,-23.406,80.89027404785156,0.0
-0.08555,4.982270906602073,-24.462,80.1507568359375,-146.35211001652758
-0.08555,4.982270906602073,-24.462,80.1507568359375,0.0
-0.0926299999999999,4.940675447617698,-25.356,79.33845520019531,-165.47191602007462
-0.0926299999999999,4.940675447617698,-25.356,79.33845520019531,0.0
-0.08614,5.096681306992698,-26.37,78.52684020996094,-166.0763229455598
-0.08614,5.096681306992698,-26.37,78.52684020996094,0.0
-0.08614,4.899079988633323,-27.474,77.63832092285156,-180.6667928251061
-0.08614,4.899079988633323,-27.474,77.63832092285156,0.0
-0.08378,4.961488435898948,-28.026,76.72576904296875,-185.9315158685302
-0.08378,4.961488435898948,-28.026,76.72576904296875,0.0
-0.08614,4.940675447617698,-29.076,75.83244323730469,-178.4510199096239
-0.08614,4.940675447617698,-29.076,75.83244323730469,0.0
-0.0926299999999999,4.971864412461448,-30.168,74.89585876464844,-183.06967800208503
-0.0926299999999999,4.971864412461448,-30.168,74.89585876464844,0.0
-0.08968,4.847078035508323,-31.344000000000005,73.916015625,-194.87731496659163
-0.08968,4.847078035508323,-31.344000000000005,73.916015625,0.0
-0.0944,4.795076082383323,-32.25,72.85446166992188,-207.94396769461417
-0.0944,4.795076082383323,-32.25,72.85446166992188,0.0
-0.0914499999999999,4.670289705430198,-32.976,71.7626953125,-205.99365234353968
-0.0914499999999999,4.670289705430198,-32.976,71.7626953125,0.0
-0.0944,4.743074129258323,-34.032000000000004,70.71075439453125,-208.51157937952087
-0.0944,4.743074129258323,-34.032000000000004,70.71075439453125,0.0
-0.09086,4.711885164414573,-34.980000000000004,69.59495544433594,-223.1151670059769
-0.09086,4.711885164414573,-34.980000000000004,69.59495544433594,0.0
-0.09086,4.639070223008323,-36.09,68.44757080078125,-230.9085617945972
-0.09086,4.639070223008323,-36.09,68.44757080078125,0.0
-0.09558,4.743074129258323,-37.182,67.30567932128906,-232.80152487060985
-0.09558,4.743074129258323,-37.182,67.30567932128906,0.0
-0.09086,4.503877351914573,-38.052,66.07795715332031,-251.427845170404
-0.09086,4.503877351914573,-38.052,66.07795715332031,0.0
-0.0926299999999999,4.503877351914573,-38.688,64.80628967285156,-234.6249963970259
-0.0926299999999999,4.576661775742698,-38.688,64.80628967285156,0.0
-0.0949899999999999,4.628663728867698,-39.864,63.56346130371094,-259.35483496208013
-0.0949899999999999,4.628663728867698,-39.864,63.56346130371094,0.0
-0.08968,4.649476717148948,-40.968,62.23274230957031,-236.4881809382741
-0.08968,4.649476717148948,-40.968,62.23274230957031,0.0
-0.0926299999999999,4.379090974961448,-41.922,60.88485717773437,-267.5436942898796
-0.0926299999999999,4.379090974961448,-41.922,60.88485717773437,0.0
-0.08968,4.379090974961448,-42.63,59.55413818359375,-272.52078520147666
-0.08968,4.493470857773948,-42.63,59.55413818359375,0.0
-0.0949899999999999,4.327089021836448,-43.572,58.184967041015625,-271.768785744792
-0.0949899999999999,4.327089021836448,-43.572,58.184967041015625,0.0
-0.09204,4.441468904648948,-44.55,56.72721862792969,-295.92943830338186
-0.09204,4.441468904648948,-44.55,56.72721862792969,0.0
-0.08732,3.973481844102073,-45.204,55.26878356933594,-294.63334516997816
-0.08732,3.973481844102073,-45.204,55.26878356933594,0.0
-0.0825999999999999,3.921479890977073,-45.0,53.83094787597656,-302.6385378572356
-0.0825999999999999,3.921479890977073,-45.0,53.83094787597656,0.0
-0.0820099999999999,4.077485750352073,-45.006,52.37457275390625,-299.29616154387475
-0.0820099999999999,4.077485750352073,-45.006,52.37457275390625,0.0
-0.08083,3.942262361680198,-45.036,50.895538330078125,-301.7821717654936
-0.08083,3.942262361680198,-45.036,50.895538330078125,0.0
-0.0767,4.087892244492698,-45.066,49.42817687988281,-297.8809277693486
-0.0767,4.087892244492698,-45.066,49.42817687988281,0.0
-0.0743399999999999,3.640687654648948,-44.724,47.97798156738281,-291.0869756131356
-0.0743399999999999,3.640687654648948,-44.724,47.97798156738281,0.0
-0.08142,3.536683748398948,-44.778,46.50650024414063,-296.1918927626514
-0.08142,3.536683748398948,-44.778,46.50650024414063,0.0
-0.08083,3.703065584336448,-45.006,45.10986328125,-285.43571691964706
-0.08083,3.703065584336448,-45.006,45.10986328125,0.0
-0.0767,3.515870760117698,-45.096,43.617095947265625,-294.78027922256683
-0.0767,3.515870760117698,-45.096,43.617095947265625,0.0
-0.0796499999999999,3.661470125352073,-44.928,42.15591430664063,-282.4085119099182
-0.0796499999999999,3.661470125352073,-44.928,42.15591430664063,0.0
-0.07611,3.214265535508323,-45.006,40.68374633789063,-296.27047066883085
-0.07611,3.214265535508323,-45.006,40.68374633789063,0.0
-0.07729,3.110292146836448,-45.138,39.26994323730469,-278.8566273350972
-0.07729,3.110292146836448,-45.138,39.26994323730469,0.0
-0.07316,3.245485017930198,-45.06,37.79708862304688,-331.50002571568666
-0.07316,3.245485017930198,-45.06,37.79708862304688,0.0
-0.07375,3.058290193711448,-44.838,36.35993957519531,-285.9998105183413
-0.07375,3.058290193711448,-44.838,36.35993957519531,0.0
-0.07139,3.058290193711448,-45.024,34.8870849609375,-277.3215240564891
-0.07139,3.151887605820823,-45.024,34.8870849609375,0.0
-0.06844,2.756684969102073,-45.258,33.44718933105469,-285.2408141596954
-0.06844,2.756684969102073,-45.258,33.44718933105469,0.0
-0.0648999999999999,2.756684969102073,-45.114,31.986694335937504,-284.5304880414921
-0.0648999999999999,2.631868074570823,-45.114,31.986694335937504,0.0
-0.07021,2.704683015977073,-44.946,30.520706176757816,-288.2965898087153
-0.07021,2.704683015977073,-44.946,30.520706176757816,0.0
-0.06903,2.704683015977073,-45.096,29.07943725585937,-282.82357160438295
-0.06903,2.559083650742698,-45.096,29.07943725585937,0.0
-0.06785,2.579866121445823,-45.17400000000001,27.60040283203125,-295.8068847658933
-0.06785,2.579866121445823,-45.17400000000001,27.60040283203125,0.0
-0.06136,2.579866121445823,-45.048,26.084976196289062,-281.3117942711144
-0.06136,2.226289461289573,-45.048,26.084976196289062,0.0
-0.0631299999999999,2.236665437852073,-44.958,24.646453857421875,-286.7867501722039
-0.0631299999999999,2.236665437852073,-44.958,24.646453857421875,0.0
-0.0631299999999999,2.174287508164573,-45.042,23.23883056640625,-257.3822071702915
-0.0631299999999999,2.174287508164573,-45.042,23.23883056640625,0.0
-0.06077,2.059877107773948,-45.216,21.75361633300781,-292.53776509719154
-0.06077,2.059877107773948,-45.216,21.75361633300781,0.0
-0.059,1.924684236680198,-44.946,20.276641845703125,-284.9651721589728
-0.059,1.924684236680198,-44.946,20.276641845703125,0.0
-0.06136,1.675080965195823,-44.976,18.844985961914062,-280.7718932709744
-0.06136,1.675080965195823,-44.976,18.844985961914062,0.0
-0.06136,1.581483553086448,-45.102,17.365951538085938,-298.8552078854271
-0.06136,1.581483553086448,-45.102,17.365951538085938,0.0
-0.05782,1.519075105820823,-45.144,15.941848754882812,-283.5163812854278
-0.05782,1.519075105820823,-45.144,15.941848754882812,0.0
-0.0560499999999999,1.415071199570823,-44.976,14.442214965820312,-267.3144009015228
-0.0560499999999999,1.415071199570823,-44.976,14.442214965820312,0.0
-0.0572299999999999,1.383882234727073,-44.952000000000005,13.015365600585938,-288.13597843972616
-0.0572299999999999,1.383882234727073,-44.952000000000005,13.015365600585938,0.0
-0.0530999999999999,1.383882234727073,-45.132,11.532211303710938,-287.60021269650406
-0.0530999999999999,1.009462068711448,-45.132,11.532211303710938,0.0
-0.0507399999999999,0.999086092148948,-45.216,10.026397705078123,-288.91281631480274
-0.0507399999999999,0.999086092148948,-45.216,10.026397705078123,0.0
-0.05133,0.999086092148948,-44.982,8.57757568359375,-266.1318922646808
-0.05133,0.843080232773948,-44.982,8.57757568359375,0.0
-0.0536899999999999,0.853486726914573,-45.144,7.108154296875,-304.85920886311726
-0.0536899999999999,0.853486726914573,-45.144,7.108154296875,0.0
-0.05133,0.718263338242698,-45.168,5.664825439453125,-316.8669280831044
-0.05133,0.718263338242698,-45.168,5.664825439453125,0.0
-0.04779,0.541475008164573,-45.126,4.18853759765625,-294.66823189566463
-0.04779,0.541475008164573,-45.126,4.18853759765625,0.0
-0.04425,0.4062821370708229,-44.91,2.704010009765625,-319.25324470779555
-0.04425,0.4062821370708229,-44.91,2.704010009765625,0.0
-0.04543,0.3126847249614479,-44.958,1.26617431640625,-284.9456387953566
-0.04543,0.3126847249614479,-44.958,1.26617431640625,0.0
-0.04661,0.3126847249614479,-45.222,-0.2053070068359375,-312.6819641399433
-0.04661,0.3126847249614479,-45.222,-0.2053070068359375,0.0
-0.04366,0.1254899007426979,-45.192,-1.712493896484375,-300.05711519841566
-0.04366,0.1254899007426979,-45.192,-1.712493896484375,0.0
-0.04366,-0.040922452772927,-45.018,-3.15582275390625,-268.27673929762744
-0.04366,-0.040922452772927,-45.018,-3.15582275390625,0.0
-0.03953,-0.207334806288552,-45.18600000000001,-4.63897705078125,-303.2415246106103
-0.03953,-0.207334806288552,-45.18600000000001,-4.63897705078125,0.0
-0.04071,-0.384123136366677,-45.222,-6.1255645751953125,-294.9578421451704
-0.04071,-0.384123136366677,-45.222,-6.1255645751953125,0.0
-0.0371699999999999,-0.384123136366677,-45.108,-7.6059722900390625,-276.97057340359794
-0.0371699999999999,-0.384123136366677,-45.108,-7.6059722900390625,0.0
-0.03835,-0.394529630507302,-44.736,-9.017715454101562,-272.90608236354046
-0.03835,-0.394529630507302,-44.736,-9.017715454101562,0.0
-0.0371699999999999,-0.612913419569802,-44.916,-10.570220947265623,-348.64259895795846
-0.0371699999999999,-0.612913419569802,-44.916,-10.570220947265623,0.0
-0.03422,-1.028929044569802,-45.258,-12.02178955078125,-289.2723402777292
-0.03422,-1.028929044569802,-45.258,-12.02178955078125,0.0
-0.03304,-0.945738126601052,-45.078,-13.49395751953125,-313.36057231863845
-0.03304,-0.945738126601052,-45.078,-13.49395751953125,0.0
-0.03422,-1.018522550429177,-45.216,-14.962005615234377,-287.9654954299777
-0.03422,-1.018522550429177,-45.216,-14.962005615234377,0.0
-0.0348099999999999,-1.112119962538552,-45.18,-16.406021118164062,-276.9496553377492
-0.0348099999999999,-1.112119962538552,-45.18,-16.406021118164062,0.0
-0.03068,-1.132932950819802,-45.3,-17.86376953125,-289.753212698316
-0.03068,-1.132932950819802,-45.3,-17.86376953125,0.0
-0.0265499999999999,-1.569731046522927,-45.084,-19.36065673828125,-312.1115944602981
-0.0265499999999999,-1.569731046522927,-45.084,-19.36065673828125,0.0
-0.0295,-1.642515470351052,-45.144,-20.77239990234375,-283.7104429386507
-0.0295,-1.642515470351052,-45.144,-20.77239990234375,0.0
-0.0259599999999999,-1.642515470351052,-45.27,-22.21641540527344,-295.6624698870755
-0.0259599999999999,-1.642515470351052,-45.27,-22.21641540527344,0.0
-0.0265499999999999,-1.725736905897927,-45.282,-23.635025024414062,-262.1229894935004
-0.0265499999999999,-1.725736905897927,-45.282,-23.635025024414062,0.0
-0.0265499999999999,-1.736112882460427,-45.09,-25.153884887695312,-303.22616555817547
-0.0265499999999999,-1.736112882460427,-45.09,-25.153884887695312,0.0
-0.0247799999999999,-2.162535001601052,-45.24,-26.568374633789062,-269.42661830410816
-0.0247799999999999,-2.162535001601052,-45.24,-26.568374633789062,0.0
-0.02301,-2.328916837538552,-45.324,-28.02474975585937,-303.34828620588803
-0.02301,-2.328916837538552,-45.324,-28.02474975585937,0.0
-0.02183,-2.172910978163552,-45.258,-29.52163696289062,-301.4878564011452
-0.02183,-2.172910978163552,-45.258,-29.52163696289062,0.0
-0.02301,-2.297727872694802,-45.06,-30.91621398925781,-254.113889643522
-0.02301,-2.297727872694802,-45.06,-30.91621398925781,0.0
-0.0206499999999999,-2.339323331679177,-45.17400000000001,-32.40348815917969,-279.82580807582474
-0.0206499999999999,-2.339323331679177,-45.17400000000001,-32.40348815917969,0.0
-0.01829,-2.651335050429177,-45.282,-33.8433837890625,-286.4893811951127
-0.01829,-2.651335050429177,-45.282,-33.8433837890625,0.0
-0.01593,-2.911314298476052,-45.414,-35.35469055175781,-306.4909273363575
-0.01593,-2.911314298476052,-45.414,-35.35469055175781,0.0
-0.0177,-2.838529874647927,-45.378,-36.79801940917969,-290.5251323318228
-0.0177,-2.838529874647927,-45.378,-36.79801940917969,0.0
-0.01711,-2.859312345351052,-45.342,-38.24684143066406,-293.3431912294428
-0.01711,-2.859312345351052,-45.342,-38.24684143066406,0.0
-0.01534,-2.848936368788552,-45.366,-39.69154357910156,-288.7094621186508
-0.01534,-2.848936368788552,-45.366,-39.69154357910156,0.0
-0.0129799999999999,-3.025724698866677,-45.162,-41.156158447265625,-290.13765217102065
-0.0129799999999999,-3.025724698866677,-45.162,-41.156158447265625,0.0
-0.0129799999999999,-3.535337735976052,-45.324,-42.636566162109375,-286.8451297886773
-0.0129799999999999,-3.535337735976052,-45.324,-42.636566162109375,0.0
-0.01062,-3.420927335585427,-45.36,-44.11491394042969,-286.27958526686734
-0.01062,-3.420927335585427,-45.36,-44.11491394042969,0.0
-0.0129799999999999,-3.337736417616677,-45.366,-45.560302734375,-268.85952268407704
-0.0129799999999999,-3.337736417616677,-45.366,-45.560302734375,0.0
-0.0118,-3.514524747694802,-45.40800000000001,-47.0489501953125,-302.1407470945223
-0.0118,-3.514524747694802,-45.40800000000001,-47.0489501953125,0.0
-0.01062,-3.410520841444802,-45.252,-48.52043151855469,-298.777933654094
-0.01062,-3.410520841444802,-45.252,-48.52043151855469,0.0
-0.00767,-3.920133878554177,-45.444,-50.011138916015625,-295.18958365663065
-0.00767,-3.920133878554177,-45.444,-50.011138916015625,0.0
-0.00885,-3.920133878554177,-45.486,-51.44142150878906,-281.16426042314635
-0.00885,-4.096922208632302,-45.486,-51.44142150878906,0.0
-0.0064899999999999,-3.795316984022927,-45.324,-52.88818359375,-287.7410670163192
-0.0064899999999999,-3.795316984022927,-45.324,-52.88818359375,0.0
-0.0059,-3.888914396132302,-45.468,-54.33082580566406,-286.97875709378576
-0.0059,-3.888914396132302,-45.468,-54.33082580566406,0.0
-0.0064899999999999,-3.826536466444802,-45.006,-55.81672668457031,-279.5674278282933
-0.0064899999999999,-3.826536466444802,-45.006,-55.81672668457031,0.0
-0.0005899999999999,-4.398527433241677,-44.82000000000001,-57.20306396484375,-267.21998463230096
-0.0005899999999999,-4.398527433241677,-44.82000000000001,-57.20306396484375,0.0
-0.0,-4.585722257460427,-43.842000000000006,-58.643646240234375,-288.8095981137524
-0.0,-4.585722257460427,-43.842000000000006,-58.643646240234375,0.0
-0.0,-4.200926114882302,-42.708,-60.0457763671875,-267.2251051941864
-0.0,-4.200926114882302,-42.708,-60.0457763671875,0.0
-0.0,-4.294523526991677,-41.592,-61.38679504394531,-281.6082899533718
-0.0,-4.294523526991677,-41.592,-61.38679504394531,0.0
-0.0,-4.450529386366677,-40.56,-62.679061889648445,-259.2310623273543
-0.0,-4.450529386366677,-40.56,-62.679061889648445,0.0
0.0005899999999999,-4.616911222304177,-39.9,-63.96652221679688,-261.4663540097571
0.0005899999999999,-4.616911222304177,-39.9,-63.96652221679688,0.0
-0.0,-4.377714444960427,-38.940000000000005,-65.23338317871094,-253.67660430744212
-0.0,-4.377714444960427,-38.940000000000005,-65.23338317871094,0.0
-0.0,-4.336118985976052,-37.68000000000001,-66.45835876464844,-243.3404024497081
-0.0,-4.336118985976052,-37.68000000000001,-66.45835876464844,0.0
-0.0,-4.731321622694802,-36.936,-67.70668029785156,-245.68422224082005
-0.0,-4.731321622694802,-36.936,-67.70668029785156,0.0
0.00177,-4.564909269179177,-36.21,-68.87123107910156,-233.14329954917255
0.00177,-4.564909269179177,-36.21,-68.87123107910156,0.0
0.0005899999999999,-4.564909269179177,-34.806000000000004,-70.0103759765625,-225.93115776680628
0.0005899999999999,-4.564909269179177,-34.806000000000004,-70.0103759765625,0.0
0.0023599999999999,-4.793730069960427,-34.182,-71.14677429199219,-214.41477649594853
0.0023599999999999,-4.793730069960427,-34.182,-71.14677429199219,0.0
0.00354,-4.793730069960427,-33.108,-72.25227355957031,-209.9713708608367
0.00354,-4.731321622694802,-33.108,-72.25227355957031,0.0
0.0005899999999999,-4.908109952772927,-31.830000000000005,-73.30215454101562,-205.8993883987145
0.0005899999999999,-4.908109952772927,-31.830000000000005,-73.30215454101562,0.0
0.00354,-4.752134610976052,-31.17,-74.33486938476562,-221.61262741410516
0.00354,-4.752134610976052,-31.17,-74.33486938476562,0.0
0.0047199999999999,-4.793730069960427,-29.976000000000003,-75.31196594238281,-198.71803083620745
0.0047199999999999,-4.793730069960427,-29.976000000000003,-75.31196594238281,0.0
0.0064899999999999,-5.043333341444802,-29.268,-76.24374389648438,-184.7665980768305
0.0064899999999999,-5.043333341444802,-29.268,-76.24374389648438,0.0
0.00354,-4.835325528944802,-27.972,-77.16796875,-173.98811248400034
0.00354,-4.835325528944802,-27.972,-77.16796875,0.0
0.00885,-4.991331388319802,-27.168,-78.10935974121094,-190.75805293070516
0.00885,-4.991331388319802,-27.168,-78.10935974121094,0.0
0.0064899999999999,-4.918516446913552,-25.86,-78.90998840332031,-162.82868865332296
0.0064899999999999,-4.918516446913552,-25.86,-78.90998840332031,0.0
0.00885,-4.908109952772927,-25.344,-79.73945617675781,-166.15940974256802
0.00885,-4.908109952772927,-25.344,-79.73945617675781,0.0
0.00767,-4.991331388319802,-23.862,-80.53459167480469,-158.42508428893998
0.00767,-4.991331388319802,-23.862,-80.53459167480469,0.0
0.00885,-4.908109952772927,-23.304,-81.26174926757812,-147.3768935489447
0.00885,-4.908109952772927,-23.304,-81.26174926757812,0.0
0.0094399999999999,-5.084928800429177,-22.092,-82.02255249023438,-147.29975269225267
0.0094399999999999,-5.084928800429177,-22.092,-82.02255249023438,0.0
0.0100299999999999,-4.908109952772927,-21.174,-82.72430419921875,-140.94229945401668
0.0100299999999999,-4.908109952772927,-21.174,-82.72430419921875,0.0
0.01475,-4.908109952772927,-20.208,-83.38554382324219,-133.50285160980823
0.01475,-5.084928800429177,-20.208,-83.38554382324219,0.0
0.0100299999999999,-5.032926847304177,-18.678,-84.04747009277344,-131.93666923061852
0.0100299999999999,-5.032926847304177,-18.678,-84.04747009277344,0.0
0.01062,-5.032926847304177,-18.228,-84.59678649902344,-104.21483707981967
0.01062,-4.928922941054177,-18.228,-84.59678649902344,0.0
0.01475,-5.074522306288552,-17.412,-85.19691467285156,-119.66663486137588
0.01475,-5.074522306288552,-17.412,-85.19691467285156,0.0
0.0118,-5.074522306288552,-16.05,-85.72013854980469,-96.12784805337596
0.0118,-5.032926847304177,-16.05,-85.72013854980469,0.0
0.0123899999999999,-5.032926847304177,-15.246,-86.220703125,-99.49603959353384
0.0123899999999999,-5.032926847304177,-15.246,-86.220703125,0.0
0.01593,-5.032926847304177,-14.526,-86.70684814453125,-91.50103887279457
0.01593,-5.032926847304177,-14.526,-86.70684814453125,0.0
0.01475,-5.032926847304177,-13.296,-87.13119506835938,-84.8693847657022
0.01475,-5.032926847304177,-13.296,-87.13119506835938,0.0
0.0118,-5.032926847304177,-12.084,-87.53150939941406,-74.61590513584429
0.0118,-5.032926847304177,-12.084,-87.53150939941406,0.0
0.0135699999999999,-5.032926847304177,-11.364,-87.90298461914062,-68.77897051066293
0.0135699999999999,-5.032926847304177,-11.364,-87.90298461914062,0.0
0.0177,-5.074522306288552,-10.656,-88.27445983886719,-73.85193235113222
0.0177,-5.074522306288552,-10.656,-88.27445983886719,0.0
0.0194699999999999,-5.084928800429177,-9.204,-88.61228942871094,-63.1811464080274
0.0194699999999999,-5.084928800429177,-9.204,-88.61228942871094,0.0
0.0177,-5.032926847304177,-7.979999999999999,-88.88763427734375,-55.34569821763153
0.0177,-5.032926847304177,-7.979999999999999,-88.88763427734375,0.0
0.01416,-5.032926847304177,-6.5760000000000005,-89.12040710449219,-44.0941138754248
0.01416,-5.032926847304177,-6.5760000000000005,-89.12040710449219,0.0
0.0129799999999999,-5.032926847304177,-5.934,-89.31953430175781,-39.9292555174716
0.0129799999999999,-5.032926847304177,-5.934,-89.31953430175781,0.0
0.0123899999999999,-5.032926847304177,-5.28,-89.47677612304688,-29.22167279112928
0.0123899999999999,-5.032926847304177,-5.28,-89.47677612304688,0.0
0.01534,-5.032926847304177,-4.8420000000000005,-89.64637756347656,-34.19383879623091
0.01534,-5.032926847304177,-4.8420000000000005,-89.64637756347656,0.0
0.0177,-5.084928800429177,-3.69,-89.769287109375,-23.631906536905927
0.0177,-5.084928800429177,-3.69,-89.769287109375,0.0
0.0259599999999999,-5.074522306288552,-3.336,-89.88807678222656,-23.734200369889205
0.0259599999999999,-5.074522306288552,-3.336,-89.88807678222656,0.0
0.02301,-5.074522306288552,-1.44,-89.96223449707031,-13.669624855984596
0.02301,-5.074522306288552,-1.44,-89.96223449707031,0.0
0.02242,-5.043333341444802,-0.4019999999999999,-89.99176025390625,-5.922920127564386
0.02242,-5.043333341444802,-0.4019999999999999,-89.99176025390625,0.0
0.02124,-5.032926847304177,-0.15,-89.99931335449219,-1.486538198376799
0.02124,-5.032926847304177,-0.15,-89.99931335449219,0.0
0.02124,-5.032926847304177,-0.0119999999999999,-89.99931335449219,0.0
0.0206499999999999,-5.032926847304177,-0.0059999999999999,-90.00068664550781,-0.2830360708213321
0.0206499999999999,-5.032926847304177,-0.0059999999999999,-90.00068664550781,0.0
0.0200599999999999,-4.991331388319802,0.0059999999999999,-90.00205993652344,-0.2788408153561306
0.0200599999999999,-4.991331388319802,0.0059999999999999,-90.00205993652344,0.0
0.0206499999999999,-4.949735929335427,-0.0119999999999999,-90.00343322753906,-0.2780504182269599
0.0206499999999999,-4.949735929335427,-0.0119999999999999,-90.00343322753906,0.0
0.0206499999999999,-5.022520353163552,-0.0239999999999999,-90.00137329101562,0.4145575615701924
0.0206499999999999,-5.022520353163552,-0.0239999999999999,-90.00137329101562,0.0
0.0206499999999999,-5.022520353163552,-0.0239999999999999,-90.00343322753906,-0.4169068049861443
0.0206499999999999,-5.022520353163552,-0.0239999999999999,-90.00343322753906,0.0
0.02183,-5.032926847304177,0.0059999999999999,-90.00274658203125,0.1396472458433301
0.02124,-5.032926847304177,-0.0239999999999999,-90.00411987304688,-0.2765386660543895
0.02124,-5.032926847304177,-0.0239999999999999,-90.00411987304688,0.0
0.02124,-4.991331388319802,0.0059999999999999,-90.00411987304688,0.0
0.0206499999999999,-5.022520353163552,-0.0,-90.0,0.8148483083224124
0.0206499999999999,-5.022520353163552,-0.0,-90.0,0.0
0.02183,-5.022520353163552,0.0059999999999999,-90.00480651855469,-0.9181506312680854
0.02183,-4.980924894179177,0.0059999999999999,-90.00480651855469,0.0
0.02242,-4.980924894179177,0.0059999999999999,-90.00343322753906,0.2772644893246277
0.02242,-4.980924894179177,0.0059999999999999,-90.00343322753906,0.0
0.02242,-4.980924894179177,-0.0059999999999999,-90.00411987304688,-0.1252088818039844
0.02242,-5.001737882460427,-0.0059999999999999,-90.00411987304688,0.0
0.02242,-5.032926847304177,-0.0,-90.00205993652344,0.4155611304098281
0.02242,-5.032926847304177,-0.0,-90.00205993652344,0.0
