timestamp,m_t_2,jts2,v2,q2,time_seconds,velocity
13:22:35.964047,-0.01464,0.337786225463327,0.0,0.0003433227539062,0.0,
13:22:35.969055,-0.01464,0.337786225463327,0.0,0.0003433227539062,0.005008,0.0
13:22:35.974084,-0.01464,0.337786225463327,0.0,0.0003433227539062,0.010037,0.0
13:22:35.979093,-0.01464,0.337786225463327,0.0,0.0003433227539062,0.015046,0.0
13:22:35.984097,-0.01464,0.337786225463327,0.0,0.0003433227539062,0.02005,0.0
13:22:35.989290,-0.0183,0.337786225463327,0.0,-0.0003433227539062,0.025243,-0.13222520851384548
13:22:35.994216,-0.0183,0.337786225463327,0.0,-0.0003433227539062,0.030169,0.0
13:22:35.999254,-0.0183,0.337786225463327,0.0,-0.0003433227539062,0.035207,0.0
13:22:36.004111,-0.0183,0.337786225463327,0.0,-0.0003433227539062,0.040064,0.0
13:22:36.009120,-0.0183,0.337786225463327,0.0,-0.0003433227539062,0.045073,0.0
13:22:36.014049,-0.0183,0.337786225463327,0.0,-0.0003433227539062,0.050002,0.0
13:22:36.019069,-0.0183,0.337786225463327,0.0,-0.0003433227539062,0.055022,0.0
13:22:36.024513,-0.01098,0.337786225463327,0.0,0.0006866455078125,0.060466,0.18919328833921759
13:22:36.029379,-0.01098,0.337786225463327,0.0,0.0006866455078125,0.065332,0.0
13:22:36.034130,-0.01098,0.337786225463327,0.0,0.0006866455078125,0.070083,0.0
13:22:36.039384,-0.01098,0.337786225463327,0.0,0.0006866455078125,0.075337,0.0
13:22:36.044296,-0.01098,0.337786225463327,0.0,0.0006866455078125,0.080249,0.0
13:22:36.049394,-0.01098,0.337786225463327,0.0,0.0006866455078125,0.085347,0.0
13:22:36.055649,0.00549,0.270647553588327,0.066,0.0010299682617187,0.091602,0.0548877304406395
13:22:36.059061,0.00549,0.270647553588327,0.066,0.0010299682617187,0.095014,0.0
13:22:36.064045,0.00549,0.270647553588327,0.066,0.0010299682617187,0.099998,0.0
13:22:36.069090,0.00549,0.270647553588327,0.066,0.0010299682617187,0.105043,0.0
13:22:36.074127,0.00549,0.270647553588327,0.066,0.0010299682617187,0.11008,0.0
13:22:36.079069,0.00549,0.270647553588327,0.066,0.0010299682617187,0.115022,0.0
13:22:36.084072,0.00549,0.270647553588327,0.066,0.0010299682617187,0.120025,0.0
13:22:36.089063,0.05856,-0.535993071411673,0.378,0.0089263916015625,0.125016,1.5821325064804306
13:22:36.094055,0.05856,-0.535993071411673,0.378,0.0089263916015625,0.130008,0.0
13:22:36.099043,0.05856,-0.535993071411673,0.378,0.0089263916015625,0.134996,0.0
13:22:36.104102,0.05856,-0.535993071411673,0.378,0.0089263916015625,0.140055,0.0
13:22:36.109087,0.05856,-0.535993071411673,0.378,0.0089263916015625,0.14504,0.0
13:22:36.114062,0.05856,-0.535993071411673,0.378,0.0089263916015625,0.150015,0.0
13:22:36.119692,0.11712,-2.082379790161673,1.062,0.0284957885742187,0.155645,3.475914204734674
13:22:36.124130,0.11712,-2.082379790161673,1.062,0.0284957885742187,0.160083,0.0
13:22:36.129048,0.11712,-2.082379790161673,1.062,0.0284957885742187,0.165001,0.0
13:22:36.134065,0.11712,-2.082379790161673,1.062,0.0284957885742187,0.170018,0.0
13:22:36.139068,0.11712,-2.082379790161673,1.062,0.0284957885742187,0.175021,0.0
13:22:36.144066,0.11712,-2.082379790161673,1.062,0.0284957885742187,0.180019,0.0
13:22:36.149096,0.11712,-2.082379790161673,1.062,0.0284957885742187,0.185049,0.0
13:22:36.154081,0.12627,-4.5025458057866725,2.022,0.0772476196289062,0.190034,9.77970532691822
13:22:36.159061,0.12627,-4.5025458057866725,2.022,0.0772476196289062,0.195014,0.0
13:22:36.164066,0.12627,-4.5025458057866725,2.022,0.0772476196289062,0.200019,0.0
13:22:36.169088,0.12627,-4.5025458057866725,2.022,0.0772476196289062,0.205041,0.0
13:22:36.174097,0.12627,-4.5025458057866725,2.022,0.0772476196289062,0.21005,0.0
13:22:36.179084,0.12627,-4.5025458057866725,2.022,0.0772476196289062,0.215037,0.0
13:22:36.185050,0.13908,-4.5025458057866725,2.9160000000000004,0.15655517578125,0.221003,13.293254467372414
13:22:36.189067,0.13908,-4.5025458057866725,2.9160000000000004,0.15655517578125,0.22502,0.0
13:22:36.194027,0.13908,-4.5025458057866725,2.9160000000000004,0.15655517578125,0.22998,0.0
13:22:36.199201,0.13908,-4.5025458057866725,2.9160000000000004,0.15655517578125,0.235154,0.0
13:22:36.204112,0.13908,-4.5025458057866725,2.9160000000000004,0.15655517578125,0.240065,0.0
13:22:36.209054,0.13908,-4.5025458057866725,2.9160000000000004,0.15655517578125,0.245007,0.0
13:22:36.214085,0.13908,-4.5025458057866725,2.9160000000000004,0.15655517578125,0.250038,0.0
13:22:36.219106,0.13359,-4.1663641651616725,3.852,0.2808380126953125,0.255059,24.752606435782226
13:22:36.224102,0.13359,-4.1663641651616725,3.852,0.2808380126953125,0.260055,0.0
13:22:36.229102,0.13359,-4.1663641651616725,3.852,0.2808380126953125,0.265055,0.0
13:22:36.234088,0.13359,-4.1663641651616725,3.852,0.2808380126953125,0.270041,0.0
13:22:36.239090,0.13359,-4.1663641651616725,3.852,0.2808380126953125,0.275043,0.0
13:22:36.244161,0.13359,-4.1663641651616725,3.852,0.2808380126953125,0.280114,0.0
13:22:36.249116,0.13359,-4.1663641651616725,3.852,0.2808380126953125,0.285069,0.0
13:22:36.254095,0.12078,-2.082379790161673,4.758,0.4315567016601562,0.290048,30.270875469942766
13:22:36.259066,0.12078,-2.082379790161673,4.758,0.4315567016601562,0.295019,0.0
13:22:36.264089,0.12078,-2.082379790161673,4.758,0.4315567016601562,0.300042,0.0
13:22:36.269050,0.12078,-2.082379790161673,4.758,0.4315567016601562,0.305003,0.0
13:22:36.274099,0.12078,-2.082379790161673,4.758,0.4315567016601562,0.310052,0.0
13:22:36.279064,0.12078,-2.082379790161673,4.758,0.4315567016601562,0.315017,0.0
13:22:36.284070,0.12078,-0.805036040161673,5.586,0.6018447875976562,0.320023,34.016797031062666
13:22:36.289058,0.12078,-0.805036040161673,5.586,0.6018447875976562,0.325011,0.0
13:22:36.294060,0.12078,-0.805036040161673,5.586,0.6018447875976562,0.330013,0.0
13:22:36.299097,0.12078,-0.805036040161673,5.586,0.6018447875976562,0.33505,0.0
13:22:36.304056,0.12078,-0.805036040161673,5.586,0.6018447875976562,0.340009,0.0
13:22:36.309058,0.12078,-0.805036040161673,5.586,0.6018447875976562,0.345011,0.0
13:22:36.314110,0.12078,-0.805036040161673,5.586,0.6018447875976562,0.350063,0.0
13:22:36.319057,0.1281,-0.535993071411673,6.534,0.7982254028320312,0.35501,39.6969102960129
13:22:36.324084,0.1281,-0.535993071411673,6.534,0.7982254028320312,0.360037,0.0
13:22:36.329088,0.1281,-0.535993071411673,6.534,0.7982254028320312,0.365041,0.0
13:22:36.334088,0.1281,-0.535993071411673,6.534,0.7982254028320312,0.370041,0.0
13:22:36.339069,0.1281,-0.535993071411673,6.534,0.7982254028320312,0.375022,0.0
13:22:36.344089,0.1281,-0.535993071411673,6.534,0.7982254028320312,0.380042,0.0
13:22:36.349319,0.14274,-1.141217680786673,7.344,1.0251617431640625,0.385272,43.39126966195616
13:22:36.354068,0.14274,-1.141217680786673,7.344,1.0251617431640625,0.390021,0.0
13:22:36.359068,0.14274,-1.141217680786673,7.344,1.0251617431640625,0.395021,0.0
13:22:36.364045,0.14274,-1.141217680786673,7.344,1.0251617431640625,0.399998,0.0
13:22:36.369065,0.14274,-1.141217680786673,7.344,1.0251617431640625,0.405018,0.0
13:22:36.374085,0.14274,-1.141217680786673,7.344,1.0251617431640625,0.410038,0.0
13:22:36.379052,0.14274,-1.141217680786673,7.344,1.0251617431640625,0.415005,0.0
13:22:36.384072,0.1464,-2.418561430786673,8.526,1.2857437133789062,0.420025,51.90875900694131
13:22:36.389052,0.1464,-2.418561430786673,8.526,1.2857437133789062,0.425005,0.0
13:22:36.394087,0.1464,-2.418561430786673,8.526,1.2857437133789062,0.43004,0.0
13:22:36.399342,0.1464,-2.418561430786673,8.526,1.2857437133789062,0.435295,0.0
13:22:36.404299,0.1464,-2.418561430786673,8.526,1.2857437133789062,0.440252,0.0
13:22:36.409373,0.1464,-2.418561430786673,8.526,1.2857437133789062,0.445326,0.0
13:22:36.414221,0.14457,-1.947858305786673,9.582,1.5755081176757812,0.450174,59.76988537476771
13:22:36.419338,0.14457,-1.947858305786673,9.582,1.5755081176757812,0.455291,0.0
13:22:36.424407,0.14457,-1.947858305786673,9.582,1.5755081176757812,0.46036,0.0
13:22:36.429127,0.14457,-1.947858305786673,9.582,1.5755081176757812,0.46508,0.0
13:22:36.434274,0.14457,-1.947858305786673,9.582,1.5755081176757812,0.470227,0.0
13:22:36.439103,0.14457,-1.947858305786673,9.582,1.5755081176757812,0.475056,0.0
13:22:36.444059,0.14457,-1.947858305786673,9.582,1.5755081176757812,0.480012,0.0
13:22:36.449119,0.14274,-1.342877837036673,10.566,1.9102478027343752,0.485072,66.15408795624376
13:22:36.454088,0.14274,-1.342877837036673,10.566,1.9102478027343752,0.490041,0.0
13:22:36.459064,0.14274,-1.342877837036673,10.566,1.9102478027343752,0.495017,0.0
13:22:36.464066,0.14274,-1.342877837036673,10.566,1.9102478027343752,0.500019,0.0
13:22:36.469088,0.14274,-1.342877837036673,10.566,1.9102478027343752,0.505041,0.0
13:22:36.474088,0.14274,-1.342877837036673,10.566,1.9102478027343752,0.510041,0.0
13:22:36.479271,0.12627,-0.2671942432866729,11.448,2.276573181152344,0.515224,70.67825167238385
13:22:36.484115,0.12627,-0.2671942432866729,11.448,2.276573181152344,0.520068,0.0
13:22:36.489118,0.12627,-0.2671942432866729,11.448,2.276573181152344,0.525071,0.0
13:22:36.494072,0.12627,-0.2671942432866729,11.448,2.276573181152344,0.530025,0.0
13:22:36.499102,0.12627,-0.2671942432866729,11.448,2.276573181152344,0.535055,0.0
13:22:36.504090,0.12627,-0.2671942432866729,11.448,2.276573181152344,0.540043,0.0
13:22:36.509111,0.12627,-0.2671942432866729,11.448,2.276573181152344,0.545064,0.0
13:22:36.514057,0.11712,2.892473725463327,12.281999999999998,2.67242431640625,0.55001,80.03460073875966
13:22:36.519062,0.11712,2.892473725463327,12.281999999999998,2.67242431640625,0.555015,0.0
13:22:36.524052,0.11712,2.892473725463327,12.281999999999998,2.67242431640625,0.560005,0.0
13:22:36.529085,0.11712,2.892473725463327,12.281999999999998,2.67242431640625,0.565038,0.0
13:22:36.534087,0.11712,2.892473725463327,12.281999999999998,2.67242431640625,0.57004,0.0
13:22:36.539100,0.11712,2.892473725463327,12.281999999999998,2.67242431640625,0.575053,0.0
13:22:36.544406,0.09333,4.976702241088328,13.398,3.1046676635742188,0.580359,81.46312611533644
13:22:36.549387,0.09333,4.976702241088328,13.398,3.1046676635742188,0.58534,0.0
13:22:36.554369,0.09333,4.976702241088328,13.398,3.1046676635742188,0.590322,0.0
13:22:36.559395,0.09333,4.976702241088328,13.398,3.1046676635742188,0.595348,0.0
13:22:36.564385,0.09333,4.976702241088328,13.398,3.1046676635742188,0.600338,0.0
13:22:36.569460,0.09333,4.976702241088328,13.398,3.1046676635742188,0.605413,0.0
13:22:36.574447,0.09333,4.976702241088328,13.398,3.1046676635742188,0.6104,0.0
13:22:36.579338,0.10614,3.699358491088327,14.327999999999998,3.5228347778320312,0.615291,85.49726318908492
13:22:36.584282,0.10614,3.699358491088327,14.327999999999998,3.5228347778320312,0.620235,0.0
13:22:36.589297,0.10614,3.699358491088327,14.327999999999998,3.5228347778320312,0.62525,0.0
13:22:36.594320,0.10614,3.699358491088327,14.327999999999998,3.5228347778320312,0.630273,0.0
13:22:36.599360,0.10614,3.699358491088327,14.327999999999998,3.5228347778320312,0.635313,0.0
13:22:36.604286,0.10614,3.699358491088327,14.327999999999998,3.5228347778320312,0.640239,0.0
13:22:36.609436,0.17019,3.699358491088327,15.12,4.013442993164063,0.645389,95.26373113243365
13:22:36.614161,0.17019,-0.4688543995366729,15.12,4.013442993164063,0.650114,0.0
13:22:36.619095,0.17019,-0.4688543995366729,15.12,4.013442993164063,0.655048,0.0
13:22:36.624069,0.17019,-0.4688543995366729,15.12,4.013442993164063,0.660022,0.0
13:22:36.629096,0.17019,-0.4688543995366729,15.12,4.013442993164063,0.665049,0.0
13:22:36.634094,0.17019,-0.4688543995366729,15.12,4.013442993164063,0.670047,0.0
13:22:36.639087,0.17019,-0.4688543995366729,15.12,4.013442993164063,0.67504,0.0
13:22:36.644229,0.13359,1.144670991088327,16.26,4.5380401611328125,0.680182,102.02200855090454
13:22:36.649087,0.13359,1.144670991088327,16.26,4.5380401611328125,0.68504,0.0
13:22:36.654068,0.13359,1.144670991088327,16.26,4.5380401611328125,0.690021,0.0
13:22:36.659065,0.13359,1.144670991088327,16.26,4.5380401611328125,0.695018,0.0
13:22:36.664092,0.13359,1.144670991088327,16.26,4.5380401611328125,0.700045,0.0
13:22:36.669088,0.13359,1.144670991088327,16.26,4.5380401611328125,0.705041,0.0
13:22:36.674736,0.09699,7.060686616088328,17.628,5.078773498535156,0.710689,95.73890534744069
13:22:36.679088,0.09699,7.060686616088328,17.628,5.078773498535156,0.715041,0.0
13:22:36.684086,0.09699,7.060686616088328,17.628,5.078773498535156,0.720039,0.0
13:22:36.689094,0.09699,7.060686616088328,17.628,5.078773498535156,0.725047,0.0
13:22:36.694070,0.09699,7.060686616088328,17.628,5.078773498535156,0.730023,0.0
13:22:36.699088,0.09699,7.060686616088328,17.628,5.078773498535156,0.735041,0.0
13:22:36.704097,0.09699,7.060686616088328,17.628,5.078773498535156,0.74005,0.0
13:22:36.709031,0.04392,9.010393647338327,18.342,5.6744384765625,0.744984,120.72658654790119
13:22:36.714054,0.04392,9.010393647338327,18.342,5.6744384765625,0.750007,0.0
13:22:36.719255,0.04392,9.010393647338327,18.342,5.6744384765625,0.755208,0.0
13:22:36.724219,0.04392,9.010393647338327,18.342,5.6744384765625,0.760172,0.0
13:22:36.729071,0.04392,9.010393647338327,18.342,5.6744384765625,0.765024,0.0
13:22:36.734091,0.04392,9.010393647338327,18.342,5.6744384765625,0.770044,0.0
13:22:36.739085,0.09333,9.481096772338327,19.008000000000003,6.271820068359375,0.775038,119.61986219400652
13:22:36.744060,0.09333,9.481096772338327,19.008000000000003,6.271820068359375,0.780013,0.0
13:22:36.749129,0.09333,9.481096772338327,19.008000000000003,6.271820068359375,0.785082,0.0
13:22:36.754085,0.09333,9.481096772338327,19.008000000000003,6.271820068359375,0.790038,0.0
13:22:36.759066,0.09333,9.481096772338327,19.008000000000003,6.271820068359375,0.795019,0.0
13:22:36.764087,0.09333,9.481096772338327,19.008000000000003,6.271820068359375,0.80004,0.0
13:22:36.769068,0.09333,9.481096772338327,19.008000000000003,6.271820068359375,0.805021,0.0
13:22:36.774081,0.09516,9.144915131713327,20.214,6.889457702636719,0.810034,123.20718816623543
13:22:36.779070,0.09516,9.144915131713327,20.214,6.889457702636719,0.815023,0.0
13:22:36.784108,0.09516,9.144915131713327,20.214,6.889457702636719,0.820061,0.0
13:22:36.789072,0.09516,9.144915131713327,20.214,6.889457702636719,0.825025,0.0
13:22:36.794089,0.09516,9.144915131713327,20.214,6.889457702636719,0.830042,0.0
13:22:36.799116,0.09516,9.144915131713327,20.214,6.889457702636719,0.835069,0.0
13:22:36.804109,0.10797,6.791887787963328,21.096,7.552757263183594,0.840062,132.84589636428433
13:22:36.809055,0.10797,6.791887787963328,21.096,7.552757263183594,0.845008,0.0
13:22:36.814061,0.10797,6.791887787963328,21.096,7.552757263183594,0.850014,0.0
13:22:36.819064,0.10797,6.791887787963328,21.096,7.552757263183594,0.855017,0.0
13:22:36.824235,0.10797,6.791887787963328,21.096,7.552757263183594,0.860188,0.0
13:22:36.829068,0.10797,6.791887787963328,21.096,7.552757263183594,0.865021,0.0
13:22:36.834082,0.10797,6.791887787963328,21.096,7.552757263183594,0.870035,0.0
13:22:36.839088,0.09882,8.674212006713327,22.14,8.250045776367188,0.875041,139.29055397195367
13:22:36.844069,0.09882,8.674212006713327,22.14,8.250045776367188,0.880022,0.0
13:22:36.849157,0.09882,8.674212006713327,22.14,8.250045776367188,0.88511,0.0
13:22:36.854071,0.09882,8.674212006713327,22.14,8.250045776367188,0.890024,0.0
13:22:36.859062,0.09882,8.674212006713327,22.14,8.250045776367188,0.895015,0.0
13:22:36.864062,0.09882,8.674212006713327,22.14,8.250045776367188,0.900015,0.0
13:22:36.869108,0.06039,12.707903412963327,23.334000000000003,9.007072448730469,0.905061,150.0251035202699
13:22:36.874068,0.06039,12.707903412963327,23.334000000000003,9.007072448730469,0.910021,0.0
13:22:36.879036,0.06039,12.707903412963327,23.334000000000003,9.007072448730469,0.914989,0.0
13:22:36.884044,0.06039,12.707903412963327,23.334000000000003,9.007072448730469,0.919997,0.0
13:22:36.889083,0.06039,12.707903412963327,23.334000000000003,9.007072448730469,0.925036,0.0
13:22:36.894044,0.06039,12.707903412963327,23.334000000000003,9.007072448730469,0.929997,0.0
13:22:36.899101,0.06039,12.707903412963327,23.334000000000003,9.007072448730469,0.935054,0.0
13:22:36.904091,0.02928,16.338274506713326,24.03,9.76032257080078,0.940044,150.9519282706052
13:22:36.909068,0.02928,16.338274506713326,24.03,9.76032257080078,0.945021,0.0
13:22:36.914068,0.02928,16.338274506713326,24.03,9.76032257080078,0.950021,0.0
13:22:36.919067,0.02928,16.338274506713326,24.03,9.76032257080078,0.95502,0.0
13:22:36.924294,0.02928,16.338274506713326,24.03,9.76032257080078,0.960247,0.0
13:22:36.929072,0.02928,16.338274506713326,24.03,9.76032257080078,0.965025,0.0
13:22:36.934101,0.03477,17.884661225463326,25.23,10.55683135986328,0.970054,158.38313562587152
13:22:36.939058,0.03477,17.884661225463326,25.23,10.55683135986328,0.975011,0.0
13:22:36.944046,0.03477,17.884661225463326,25.23,10.55683135986328,0.979999,0.0
13:22:36.949062,0.03477,17.884661225463326,25.23,10.55683135986328,0.985015,0.0
13:22:36.954058,0.03477,17.884661225463326,25.23,10.55683135986328,0.990011,0.0
13:22:36.959094,0.03477,17.884661225463326,25.23,10.55683135986328,0.995047,0.0
13:22:36.964068,0.03477,17.884661225463326,25.23,10.55683135986328,1.000021,0.0
13:22:36.969068,0.04209,14.926653412963327,25.83,11.41204833984375,1.005021,171.04339599609776
13:22:36.974082,0.04209,14.926653412963327,25.83,11.41204833984375,1.010035,0.0
13:22:36.979066,0.04209,14.926653412963327,25.83,11.41204833984375,1.015019,0.0
13:22:36.984063,0.04209,14.926653412963327,25.83,11.41204833984375,1.020016,0.0
13:22:36.989057,0.04209,14.926653412963327,25.83,11.41204833984375,1.02501,0.0
13:22:36.994046,0.04209,14.926653412963327,25.83,11.41204833984375,1.029999,0.0
13:22:36.999169,0.03843,17.750139741088326,27.168,12.248039245605469,1.035122,163.18385823964877
13:22:37.004056,0.03843,17.750139741088326,27.168,12.248039245605469,1.040009,0.0
13:22:37.009057,0.03843,17.750139741088326,27.168,12.248039245605469,1.04501,0.0
13:22:37.014091,0.03843,17.750139741088326,27.168,12.248039245605469,1.050044,0.0
13:22:37.019101,0.03843,17.750139741088326,27.168,12.248039245605469,1.055054,0.0
13:22:37.024086,0.03843,17.750139741088326,27.168,12.248039245605469,1.060039,0.0
13:22:37.029064,0.03843,17.750139741088326,27.168,12.248039245605469,1.065017,0.0
13:22:37.034175,0.03843,16.002337006713326,27.906,13.158531188964844,1.070128,178.14360073555056
13:22:37.039062,0.03843,16.002337006713326,27.906,13.158531188964844,1.075015,0.0
13:22:37.044085,0.03843,16.002337006713326,27.906,13.158531188964844,1.080038,0.0
13:22:37.049160,0.03843,16.002337006713326,27.906,13.158531188964844,1.085113,0.0
13:22:37.054068,0.03843,16.002337006713326,27.906,13.158531188964844,1.090021,0.0
13:22:37.059069,0.03843,16.002337006713326,27.906,13.158531188964844,1.095022,0.0
13:22:37.064196,-0.02196,25.07802060046333,29.01,14.081039428710938,1.100149,179.93139062728204
13:22:37.069123,-0.02196,25.07802060046333,29.01,14.081039428710938,1.105076,0.0
13:22:37.074060,-0.02196,25.07802060046333,29.01,14.081039428710938,1.110013,0.0
13:22:37.079065,-0.02196,25.07802060046333,29.01,14.081039428710938,1.115018,0.0
13:22:37.084060,-0.02196,25.07802060046333,29.01,14.081039428710938,1.120013,0.0
13:22:37.089087,-0.02196,25.07802060046333,29.01,14.081039428710938,1.12504,0.0
13:22:37.094084,-0.02196,25.07802060046333,29.01,14.081039428710938,1.130037,0.0
13:22:37.099089,-0.00183,23.33021786608833,29.064,15.031700134277342,1.135042,189.94219891436092
13:22:37.104061,-0.00183,23.33021786608833,29.064,15.031700134277342,1.140014,0.0
13:22:37.109065,-0.00183,23.33021786608833,29.064,15.031700134277342,1.145018,0.0
13:22:37.114093,-0.00183,23.33021786608833,29.064,15.031700134277342,1.150046,0.0
13:22:37.119090,-0.00183,23.33021786608833,29.064,15.031700134277342,1.155043,0.0
13:22:37.124071,-0.00183,23.33021786608833,29.064,15.031700134277342,1.160024,0.0
13:22:37.129303,-0.09516,31.80092099108833,29.898000000000003,15.95558166503906,1.165256,176.5828613841163
13:22:37.134072,-0.09516,31.80092099108833,29.898000000000003,15.95558166503906,1.170025,0.0
13:22:37.139039,-0.09516,31.80092099108833,29.898000000000003,15.95558166503906,1.174992,0.0
13:22:37.144130,-0.09516,31.80092099108833,29.898000000000003,15.95558166503906,1.180083,0.0
13:22:37.149089,-0.09516,31.80092099108833,29.898000000000003,15.95558166503906,1.185042,0.0
13:22:37.154084,-0.09516,31.80092099108833,29.898000000000003,15.95558166503906,1.190037,0.0
13:22:37.160013,-0.0366,31.80092099108833,29.364,16.908645629882812,1.195966,160.74615699843818
13:22:37.164094,-0.0366,27.36390927233833,29.364,16.908645629882812,1.200047,0.0
13:22:37.169064,-0.0366,27.36390927233833,29.364,16.908645629882812,1.205017,0.0
13:22:37.174064,-0.0366,27.36390927233833,29.364,16.908645629882812,1.210017,0.0
13:22:37.179106,-0.0366,27.36390927233833,29.364,16.908645629882812,1.215059,0.0
13:22:37.184072,-0.0366,27.36390927233833,29.364,16.908645629882812,1.220025,0.0
13:22:37.189064,-0.0366,27.36390927233833,29.364,16.908645629882812,1.225017,0.0
13:22:37.194062,-0.0915,32.674944428588326,30.222,17.852439880371094,1.230015,188.83438385119453
13:22:37.199055,-0.0915,32.674944428588326,30.222,17.852439880371094,1.235008,0.0
13:22:37.204043,-0.0915,32.674944428588326,30.222,17.852439880371094,1.239996,0.0
13:22:37.209064,-0.0915,32.674944428588326,30.222,17.852439880371094,1.245017,0.0
13:22:37.214586,-0.0915,32.674944428588326,30.222,17.852439880371094,1.250539,0.0
13:22:37.219507,-0.0915,32.674944428588326,30.222,17.852439880371094,1.25546,0.0
13:22:37.225826,-0.0366,30.12025692858833,29.706,18.78490447998047,1.261779,147.5652159533756
13:22:37.229405,-0.0366,30.12025692858833,29.706,18.78490447998047,1.265358,0.0
13:22:37.234105,-0.0366,30.12025692858833,29.706,18.78490447998047,1.270058,0.0
13:22:37.239059,-0.0366,30.12025692858833,29.706,18.78490447998047,1.275012,0.0
13:22:37.244056,-0.0366,30.12025692858833,29.706,18.78490447998047,1.280009,0.0
13:22:37.249141,-0.0366,30.12025692858833,29.706,18.78490447998047,1.285094,0.0
13:22:37.254146,-0.0366,30.12025692858833,29.706,18.78490447998047,1.290099,0.0
13:22:37.259060,-0.12261,34.422991303588326,30.348,19.77916717529297,1.295013,202.33266082876023
13:22:37.264054,-0.12261,34.422991303588326,30.348,19.77916717529297,1.300007,0.0
13:22:37.269069,-0.12261,34.422991303588326,30.348,19.77916717529297,1.305022,0.0
13:22:37.274066,-0.12261,34.422991303588326,30.348,19.77916717529297,1.310019,0.0
13:22:37.279068,-0.12261,34.422991303588326,30.348,19.77916717529297,1.315021,0.0
13:22:37.284090,-0.12261,34.422991303588326,30.348,19.77916717529297,1.320043,0.0
13:22:37.289519,-0.10431,38.389544037963326,30.0,20.742530822753903,1.325472,177.44771550210916
13:22:37.294060,-0.10431,38.389544037963326,30.0,20.742530822753903,1.330013,0.0
13:22:37.299059,-0.10431,38.389544037963326,30.0,20.742530822753903,1.335012,0.0
13:22:37.304065,-0.10431,38.389544037963326,30.0,20.742530822753903,1.340018,0.0
13:22:37.309064,-0.10431,38.389544037963326,30.0,20.742530822753903,1.345017,0.0
13:22:37.314085,-0.10431,38.389544037963326,30.0,20.742530822753903,1.350038,0.0
13:22:37.319085,-0.10431,38.389544037963326,30.0,20.742530822753903,1.355038,0.0
13:22:37.324205,-0.14091,39.129045991088326,30.348,21.67980194091797,1.360158,183.06076526641868
13:22:37.329064,-0.14091,39.129045991088326,30.348,21.67980194091797,1.365017,0.0
13:22:37.334145,-0.14091,39.129045991088326,30.348,21.67980194091797,1.370098,0.0
13:22:37.339068,-0.14091,39.129045991088326,30.348,21.67980194091797,1.375021,0.0
13:22:37.344069,-0.14091,39.129045991088326,30.348,21.67980194091797,1.380022,0.0
13:22:37.349122,-0.14091,39.129045991088326,30.348,21.67980194091797,1.385075,0.0
13:22:37.354131,-0.13725,41.616594819213326,30.114,22.650375366210938,1.390084,193.7659064270235
13:22:37.359162,-0.13725,41.616594819213326,30.114,22.650375366210938,1.395115,0.0
13:22:37.364057,-0.13725,41.616594819213326,30.114,22.650375366210938,1.40001,0.0
13:22:37.369081,-0.13725,41.616594819213326,30.114,22.650375366210938,1.405034,0.0
13:22:37.374094,-0.13725,41.616594819213326,30.114,22.650375366210938,1.410047,0.0
13:22:37.379088,-0.13725,41.616594819213326,30.114,22.650375366210938,1.415041,0.0
13:22:37.384084,-0.13725,41.616594819213326,30.114,22.650375366210938,1.420037,0.0
13:22:37.389234,-0.1647,39.397844819213326,30.234,23.636398315429688,1.425187,191.4607668385927
13:22:37.394095,-0.1647,39.397844819213326,30.234,23.636398315429688,1.430048,0.0
13:22:37.399067,-0.1647,39.397844819213326,30.234,23.636398315429688,1.43502,0.0
13:22:37.404071,-0.1647,39.397844819213326,30.234,23.636398315429688,1.440024,0.0
13:22:37.409084,-0.1647,39.397844819213326,30.234,23.636398315429688,1.445037,0.0
13:22:37.414088,-0.1647,39.397844819213326,30.234,23.636398315429688,1.450041,0.0
13:22:37.419294,-0.15372,45.314104584838326,30.354,24.587745666503903,1.455247,182.74055917675898
13:22:37.424111,-0.15372,45.314104584838326,30.354,24.587745666503903,1.460064,0.0
13:22:37.429067,-0.15372,45.314104584838326,30.354,24.587745666503903,1.46502,0.0
13:22:37.434067,-0.15372,45.314104584838326,30.354,24.587745666503903,1.47002,0.0
13:22:37.439066,-0.15372,45.314104584838326,30.354,24.587745666503903,1.475019,0.0
13:22:37.444660,-0.15372,45.314104584838326,30.354,24.587745666503903,1.480613,0.0
13:22:37.449266,-0.15372,45.314104584838326,30.354,24.587745666503903,1.485219,0.0
13:22:37.454130,-0.20313,42.759417084838326,30.21,25.557632446289062,1.490083,199.40106492293665
13:22:37.459121,-0.20313,42.759417084838326,30.21,25.557632446289062,1.495074,0.0
13:22:37.464022,-0.20313,42.759417084838326,30.21,25.557632446289062,1.499975,0.0
13:22:37.469024,-0.20313,42.759417084838326,30.21,25.557632446289062,1.504977,0.0
13:22:37.474192,-0.20313,42.759417084838326,30.21,25.557632446289062,1.510145,0.0
13:22:37.479048,-0.20313,42.759417084838326,30.21,25.557632446289062,1.515001,0.0
13:22:37.484097,-0.20862,48.742815522338326,30.486,26.53369903564453,1.52005,193.31879369290868
13:22:37.489022,-0.20862,48.742815522338326,30.486,26.53369903564453,1.524975,0.0
13:22:37.494023,-0.20862,48.742815522338326,30.486,26.53369903564453,1.529976,0.0
13:22:37.499071,-0.20862,48.742815522338326,30.486,26.53369903564453,1.535024,0.0
13:22:37.504101,-0.20862,48.742815522338326,30.486,26.53369903564453,1.540054,0.0
13:22:37.509090,-0.20862,48.742815522338326,30.486,26.53369903564453,1.545043,0.0
13:22:37.514111,-0.20862,48.742815522338326,30.486,26.53369903564453,1.550064,0.0
13:22:37.519426,-0.20496,46.994768647338326,30.102,27.502899169921875,1.555379,182.3518596947039
13:22:37.524324,-0.20496,46.994768647338326,30.102,27.502899169921875,1.560277,0.0
13:22:37.529201,-0.20496,46.994768647338326,30.102,27.502899169921875,1.565154,0.0
13:22:37.534099,-0.20496,46.994768647338326,30.102,27.502899169921875,1.570052,0.0
13:22:37.539094,-0.20496,46.994768647338326,30.102,27.502899169921875,1.575047,0.0
13:22:37.544098,-0.20496,46.994768647338326,30.102,27.502899169921875,1.580051,0.0
13:22:37.549146,-0.23424,51.767962006713326,30.36,28.4930419921875,1.585099,196.1455670098329
13:22:37.554069,-0.23424,51.767962006713326,30.36,28.4930419921875,1.590022,0.0
13:22:37.559221,-0.23424,51.767962006713326,30.36,28.4930419921875,1.595174,0.0
13:22:37.564059,-0.23424,51.767962006713326,30.36,28.4930419921875,1.600012,0.0
13:22:37.569069,-0.23424,51.767962006713326,30.36,28.4930419921875,1.605022,0.0
13:22:37.574058,-0.23424,51.767962006713326,30.36,28.4930419921875,1.610011,0.0
13:22:37.579093,-0.23424,51.767962006713326,30.36,28.4930419921875,1.615046,0.0
13:22:37.584144,-0.20862,48.742815522338326,30.024,29.462242126464844,1.620097,191.88282207035434
13:22:37.589064,-0.20862,48.742815522338326,30.024,29.462242126464844,1.625017,0.0
13:22:37.594069,-0.20862,48.742815522338326,30.024,29.462242126464844,1.630022,0.0
13:22:37.599065,-0.20862,48.742815522338326,30.024,29.462242126464844,1.635018,0.0
13:22:37.604084,-0.20862,48.742815522338326,30.024,29.462242126464844,1.640037,0.0
13:22:37.609086,-0.20862,48.742815522338326,30.024,29.462242126464844,1.645039,0.0
13:22:37.614387,-0.25986,53.381487397338326,30.605999999999995,30.440025329589844,1.65034,184.45259443972836
13:22:37.619054,-0.25986,53.381487397338326,30.605999999999995,30.440025329589844,1.655007,0.0
13:22:37.624041,-0.25986,53.381487397338326,30.605999999999995,30.440025329589844,1.659994,0.0
13:22:37.629097,-0.25986,53.381487397338326,30.605999999999995,30.440025329589844,1.66505,0.0
13:22:37.634084,-0.25986,53.381487397338326,30.605999999999995,30.440025329589844,1.670037,0.0
13:22:37.639082,-0.25986,53.381487397338326,30.605999999999995,30.440025329589844,1.675035,0.0
13:22:37.644181,-0.25986,53.381487397338326,30.605999999999995,30.440025329589844,1.680134,0.0
13:22:37.649113,-0.23058,53.650530366088326,29.952,31.41883850097656,1.685066,198.4617135820616
13:22:37.654061,-0.23058,53.650530366088326,29.952,31.41883850097656,1.690014,0.0
13:22:37.659415,-0.23058,53.650530366088326,29.952,31.41883850097656,1.695368,0.0
13:22:37.664282,-0.23058,53.650530366088326,29.952,31.41883850097656,1.700235,0.0
13:22:37.669406,-0.23058,53.650530366088326,29.952,31.41883850097656,1.705359,0.0
13:22:37.674410,-0.23058,53.650530366088326,29.952,31.41883850097656,1.710363,0.0
13:22:37.679235,-0.30012,56.675676850463326,30.486,32.384605407714844,1.715188,200.15894440172298
13:22:37.684405,-0.30012,56.675676850463326,30.486,32.384605407714844,1.720358,0.0
13:22:37.689460,-0.30012,56.675676850463326,30.486,32.384605407714844,1.725413,0.0
13:22:37.694331,-0.30012,56.675676850463326,30.486,32.384605407714844,1.730284,0.0
13:22:37.699107,-0.30012,56.675676850463326,30.486,32.384605407714844,1.73506,0.0
13:22:37.704110,-0.30012,56.675676850463326,30.486,32.384605407714844,1.740063,0.0
13:22:37.709113,-0.30012,56.675676850463326,30.486,32.384605407714844,1.745066,0.0
13:22:37.714093,-0.26169,57.751360444213326,30.288,33.39397430419922,1.750046,202.684517366341
13:22:37.719065,-0.26169,57.751360444213326,30.288,33.39397430419922,1.755018,0.0
13:22:37.724068,-0.26169,57.751360444213326,30.288,33.39397430419922,1.760021,0.0
13:22:37.729408,-0.26169,57.751360444213326,30.288,33.39397430419922,1.765361,0.0
13:22:37.734362,-0.26169,57.751360444213326,30.288,33.39397430419922,1.770315,0.0
13:22:37.739397,-0.26169,57.751360444213326,30.288,33.39397430419922,1.77535,0.0
13:22:37.744303,-0.30012,58.423723725463326,30.306,34.34120178222656,1.780256,193.0753114609313
13:22:37.749385,-0.30012,58.423723725463326,30.306,34.34120178222656,1.785338,0.0
13:22:37.754394,-0.30012,58.423723725463326,30.306,34.34120178222656,1.790347,0.0
13:22:37.759397,-0.30012,58.423723725463326,30.306,34.34120178222656,1.79535,0.0
13:22:37.764399,-0.30012,58.423723725463326,30.306,34.34120178222656,1.800352,0.0
13:22:37.769356,-0.30012,58.423723725463326,30.306,34.34120178222656,1.805309,0.0
13:22:37.774272,-0.30012,58.423723725463326,30.306,34.34120178222656,1.810225,0.0
13:22:37.779374,-0.29646,61.852434662963326,30.27,35.32413482666016,1.815327,192.6564179603317
13:22:37.784364,-0.29646,61.852434662963326,30.27,35.32413482666016,1.820317,0.0
13:22:37.789392,-0.29646,61.852434662963326,30.27,35.32413482666016,1.825345,0.0
13:22:37.794385,-0.29646,61.852434662963326,30.27,35.32413482666016,1.830338,0.0
13:22:37.799128,-0.29646,61.852434662963326,30.27,35.32413482666016,1.835081,0.0
13:22:37.804449,-0.29646,61.852434662963326,30.27,35.32413482666016,1.840402,0.0
13:22:37.809472,-0.34404,59.701067475463326,30.462000000000003,36.30157470703125,1.845425,194.5928489689601
13:22:37.814120,-0.34404,59.701067475463326,30.462000000000003,36.30157470703125,1.850073,0.0
13:22:37.819085,-0.34404,59.701067475463326,30.462000000000003,36.30157470703125,1.855038,0.0
13:22:37.824070,-0.34404,59.701067475463326,30.462000000000003,36.30157470703125,1.860023,0.0
13:22:37.829104,-0.34404,59.701067475463326,30.462000000000003,36.30157470703125,1.865057,0.0
13:22:37.834086,-0.34404,59.701067475463326,30.462000000000003,36.30157470703125,1.870039,0.0
13:22:37.839072,-0.34404,59.701067475463326,30.462000000000003,36.30157470703125,1.875025,0.0
13:22:37.844060,-0.32208,65.61732724108833,30.384,37.2817611694336,1.880013,196.5089138737675
13:22:37.849095,-0.32208,65.61732724108833,30.384,37.2817611694336,1.885048,0.0
13:22:37.854094,-0.32208,65.61732724108833,30.384,37.2817611694336,1.890047,0.0
13:22:37.859072,-0.32208,65.61732724108833,30.384,37.2817611694336,1.895025,0.0
13:22:37.864111,-0.32208,65.61732724108833,30.384,37.2817611694336,1.900064,0.0
13:22:37.869178,-0.32208,65.61732724108833,30.384,37.2817611694336,1.905131,0.0
13:22:37.874121,-0.34038,63.196917084838326,30.156,38.260231018066406,1.910074,197.95060664227742
13:22:37.879053,-0.34038,63.196917084838326,30.156,38.260231018066406,1.915006,0.0
13:22:37.884042,-0.34038,63.196917084838326,30.156,38.260231018066406,1.919995,0.0
13:22:37.889099,-0.34038,63.196917084838326,30.156,38.260231018066406,1.925052,0.0
13:22:37.894083,-0.34038,63.196917084838326,30.156,38.260231018066406,1.930036,0.0
13:22:37.899071,-0.34038,63.196917084838326,30.156,38.260231018066406,1.935024,0.0
13:22:37.904085,-0.34038,63.196917084838326,30.156,38.260231018066406,1.940038,0.0
13:22:37.909452,-0.366,68.17201474108833,30.51,39.21810150146485,1.945405,178.47409789424685
13:22:37.914434,-0.366,68.17201474108833,30.51,39.21810150146485,1.950387,0.0
13:22:37.919103,-0.366,68.17201474108833,30.51,39.21810150146485,1.955056,0.0
13:22:37.924133,-0.366,68.17201474108833,30.51,39.21810150146485,1.960086,0.0
13:22:37.929037,-0.366,68.17201474108833,30.51,39.21810150146485,1.96499,0.0
13:22:37.934066,-0.366,68.17201474108833,30.51,39.21810150146485,1.970019,0.0
13:22:37.939096,-0.33672,65.28114560046333,30.06,40.19279479980469,1.975049,193.77600364608733
13:22:37.944030,-0.33672,65.28114560046333,30.06,40.19279479980469,1.979983,0.0
13:22:37.949042,-0.33672,65.28114560046333,30.06,40.19279479980469,1.984995,0.0
13:22:37.954060,-0.33672,65.28114560046333,30.06,40.19279479980469,1.990013,0.0
13:22:37.959083,-0.33672,65.28114560046333,30.06,40.19279479980469,1.995036,0.0
13:22:37.964165,-0.33672,65.28114560046333,30.06,40.19279479980469,2.000118,0.0
13:22:37.969059,-0.33672,65.28114560046333,30.06,40.19279479980469,2.005012,0.0
13:22:37.974051,-0.38247,69.18031552233833,30.48,41.15375518798828,2.010004,192.50007776113242
13:22:37.979028,-0.38247,69.18031552233833,30.48,41.15375518798828,2.014981,0.0
13:22:37.984057,-0.38247,69.18031552233833,30.48,41.15375518798828,2.02001,0.0
13:22:37.989071,-0.38247,69.18031552233833,30.48,41.15375518798828,2.025024,0.0
13:22:37.994108,-0.38247,69.18031552233833,30.48,41.15375518798828,2.030061,0.0
13:22:37.999066,-0.38247,69.18031552233833,30.48,41.15375518798828,2.035019,0.0
13:22:38.004053,-0.366,68.10463192858833,30.132000000000005,42.10372924804688,2.040006,190.49008623593923
13:22:38.009019,-0.366,68.10463192858833,30.132000000000005,42.10372924804688,2.044972,0.0
13:22:38.014052,-0.366,68.10463192858833,30.132000000000005,42.10372924804688,2.050005,0.0
13:22:38.019073,-0.366,68.10463192858833,30.132000000000005,42.10372924804688,2.055026,0.0
13:22:38.024084,-0.366,68.10463192858833,30.132000000000005,42.10372924804688,2.060037,0.0
13:22:38.029477,-0.366,68.10463192858833,30.132000000000005,42.10372924804688,2.06543,0.0
13:22:38.034751,-0.41358,68.10463192858833,30.450000000000003,43.06640625,2.070704,182.53261318792525
13:22:38.039059,-0.41358,72.60902645983833,30.450000000000003,43.06640625,2.075012,0.0
13:22:38.044059,-0.41358,72.60902645983833,30.450000000000003,43.06640625,2.080012,0.0
13:22:38.049108,-0.41358,72.60902645983833,30.450000000000003,43.06640625,2.085061,0.0
13:22:38.054058,-0.41358,72.60902645983833,30.450000000000003,43.06640625,2.090011,0.0
13:22:38.059071,-0.41358,72.60902645983833,30.450000000000003,43.06640625,2.095024,0.0
13:22:38.064055,-0.41358,72.60902645983833,30.450000000000003,43.06640625,2.100008,0.0
13:22:38.069196,-0.38979,72.74354794421333,29.82,44.05242919921875,2.105149,191.79594421683294
13:22:38.074080,-0.38979,72.74354794421333,29.82,44.05242919921875,2.110033,0.0
13:22:38.079061,-0.38979,72.74354794421333,29.82,44.05242919921875,2.115014,0.0
13:22:38.084064,-0.38979,72.74354794421333,29.82,44.05242919921875,2.120017,0.0
13:22:38.089087,-0.38979,72.74354794421333,29.82,44.05242919921875,2.12504,0.0
13:22:38.094093,-0.38979,72.74354794421333,29.82,44.05242919921875,2.130046,0.0
13:22:38.099204,-0.38979,72.74354794421333,29.82,44.05242919921875,2.135157,0.0
13:22:38.104055,-0.47031,75.90321591296333,29.634,45.02952575683594,2.140008,201.42167751333741
13:22:38.109057,-0.47031,75.90321591296333,29.634,45.02952575683594,2.14501,0.0
13:22:38.114061,-0.47031,75.90321591296333,29.634,45.02952575683594,2.150014,0.0
13:22:38.119038,-0.47031,75.90321591296333,29.634,45.02952575683594,2.154991,0.0
13:22:38.124070,-0.47031,75.90321591296333,29.634,45.02952575683594,2.160023,0.0
13:22:38.129083,-0.47031,75.90321591296333,29.634,45.02952575683594,2.165036,0.0
13:22:38.134336,-0.46116,78.99574520983833,28.728,45.97023010253906,2.170289,179.07944902021194
13:22:38.139101,-0.46116,78.99574520983833,28.728,45.97023010253906,2.175054,0.0
13:22:38.144071,-0.46116,78.99574520983833,28.728,45.97023010253906,2.180024,0.0
13:22:38.149060,-0.46116,78.99574520983833,28.728,45.97023010253906,2.185013,0.0
13:22:38.154070,-0.46116,78.99574520983833,28.728,45.97023010253906,2.190023,0.0
13:22:38.159106,-0.46116,78.99574520983833,28.728,45.97023010253906,2.195059,0.0
13:22:38.164072,-0.46116,78.99574520983833,28.728,45.97023010253906,2.200025,0.0
13:22:38.169053,-0.50142,79.93690731921333,28.097999999999995,46.87488555908203,2.205006,181.6212520664498
13:22:38.174177,-0.50142,79.93690731921333,28.097999999999995,46.87488555908203,2.21013,0.0
13:22:38.179058,-0.50142,79.93690731921333,28.097999999999995,46.87488555908203,2.215011,0.0
13:22:38.184059,-0.50142,79.93690731921333,28.097999999999995,46.87488555908203,2.220012,0.0
13:22:38.189045,-0.50142,79.93690731921333,28.097999999999995,46.87488555908203,2.224998,0.0
13:22:38.194088,-0.50142,79.93690731921333,28.097999999999995,46.87488555908203,2.230041,0.0
13:22:38.199091,-0.50691,80.60927060046333,27.126,47.72563934326172,2.235044,170.04872759938235
13:22:38.204088,-0.50691,80.60927060046333,27.126,47.72563934326172,2.240041,0.0
13:22:38.209059,-0.50691,80.60927060046333,27.126,47.72563934326172,2.245012,0.0
13:22:38.214064,-0.50691,80.60927060046333,27.126,47.72563934326172,2.250017,0.0
13:22:38.219083,-0.50691,80.60927060046333,27.126,47.72563934326172,2.255036,0.0
13:22:38.224072,-0.50691,80.60927060046333,27.126,47.72563934326172,2.260025,0.0
13:22:38.229071,-0.50691,80.60927060046333,27.126,47.72563934326172,2.265024,0.0
13:22:38.234390,-0.52338,81.61781552233833,26.31,48.61793518066406,2.270343,167.75631460844733
13:22:38.239272,-0.52338,81.61781552233833,26.31,48.61793518066406,2.275225,0.0
13:22:38.244102,-0.52338,81.61781552233833,26.31,48.61793518066406,2.280055,0.0
13:22:38.249439,-0.52338,81.61781552233833,26.31,48.61793518066406,2.285392,0.0
13:22:38.254143,-0.52338,81.61781552233833,26.31,48.61793518066406,2.290096,0.0
13:22:38.259088,-0.52338,81.61781552233833,26.31,48.61793518066406,2.295041,0.0
13:22:38.264094,-0.49593,83.09681942858833,25.182,49.41581726074219,2.300047,159.38515383101858
13:22:38.269057,-0.49593,83.09681942858833,25.182,49.41581726074219,2.30501,0.0
13:22:38.274067,-0.49593,83.09681942858833,25.182,49.41581726074219,2.31002,0.0
13:22:38.279180,-0.49593,83.09681942858833,25.182,49.41581726074219,2.315133,0.0
13:22:38.284061,-0.49593,83.09681942858833,25.182,49.41581726074219,2.320014,0.0
13:22:38.289067,-0.49593,83.09681942858833,25.182,49.41581726074219,2.32502,0.0
13:22:38.294309,-0.49593,83.09681942858833,25.182,49.41581726074219,2.330262,0.0
13:22:38.299049,-0.549,83.63466122546333,24.618,50.20030975341797,2.335002,165.50474529025038
13:22:38.304068,-0.549,83.63466122546333,24.618,50.20030975341797,2.340021,0.0
13:22:38.309118,-0.549,83.63466122546333,24.618,50.20030975341797,2.345071,0.0
13:22:38.314062,-0.549,83.63466122546333,24.618,50.20030975341797,2.350015,0.0
13:22:38.319061,-0.549,83.63466122546333,24.618,50.20030975341797,2.355014,0.0
13:22:38.324064,-0.549,83.63466122546333,24.618,50.20030975341797,2.360017,0.0
13:22:38.329087,-0.51789,82.69349911608833,23.208,50.98686218261719,2.36504,156.59017105299995
13:22:38.334052,-0.51789,82.69349911608833,23.208,50.98686218261719,2.370005,0.0
13:22:38.339123,-0.51789,82.69349911608833,23.208,50.98686218261719,2.375076,0.0
13:22:38.344091,-0.51789,82.69349911608833,23.208,50.98686218261719,2.380044,0.0
13:22:38.349086,-0.51789,82.69349911608833,23.208,50.98686218261719,2.385039,0.0
13:22:38.354072,-0.51789,82.69349911608833,23.208,50.98686218261719,2.390025,0.0
13:22:38.360062,-0.57462,86.86171200671333,22.566,51.70646667480469,2.396015,120.13430587437962
13:22:38.364449,-0.57462,86.86171200671333,22.566,51.70646667480469,2.400402,0.0
13:22:38.369414,-0.57462,86.86171200671333,22.566,51.70646667480469,2.405367,0.0
13:22:38.374117,-0.57462,86.86171200671333,22.566,51.70646667480469,2.41007,0.0
13:22:38.379393,-0.57462,86.86171200671333,22.566,51.70646667480469,2.415346,0.0
13:22:38.384273,-0.57462,86.86171200671333,22.566,51.70646667480469,2.420226,0.0
13:22:38.389066,-0.57462,86.86171200671333,22.566,51.70646667480469,2.425019,0.0
13:22:38.394053,-0.56364,85.58412411608833,21.54,52.39208221435547,2.430006,137.48055735928222
13:22:38.399082,-0.56364,85.58412411608833,21.54,52.39208221435547,2.435035,0.0
13:22:38.404087,-0.56364,85.58412411608833,21.54,52.39208221435547,2.44004,0.0
13:22:38.409127,-0.56364,85.58412411608833,21.54,52.39208221435547,2.44508,0.0
13:22:38.414066,-0.56364,85.58412411608833,21.54,52.39208221435547,2.450019,0.0
13:22:38.419083,-0.56364,85.58412411608833,21.54,52.39208221435547,2.455036,0.0
13:22:38.424367,-0.57462,87.87001278796333,20.7,53.07048797607422,2.46032,128.38867557130934
13:22:38.429057,-0.57462,87.87001278796333,20.7,53.07048797607422,2.46501,0.0
13:22:38.434069,-0.57462,87.87001278796333,20.7,53.07048797607422,2.470022,0.0
13:22:38.439088,-0.57462,87.87001278796333,20.7,53.07048797607422,2.475041,0.0
13:22:38.444091,-0.57462,87.87001278796333,20.7,53.07048797607422,2.480044,0.0
13:22:38.449083,-0.57462,87.87001278796333,20.7,53.07048797607422,2.485036,0.0
13:22:38.454115,-0.57462,87.87001278796333,20.7,53.07048797607422,2.490068,0.0
13:22:38.459346,-0.56364,86.72719052233833,19.59,53.70906829833984,2.495299,122.07614648548892
13:22:38.464092,-0.56364,86.72719052233833,19.59,53.70906829833984,2.500045,0.0
13:22:38.469072,-0.56364,86.72719052233833,19.59,53.70906829833984,2.505025,0.0
13:22:38.474098,-0.56364,86.72719052233833,19.59,53.70906829833984,2.510051,0.0
13:22:38.479089,-0.56364,86.72719052233833,19.59,53.70906829833984,2.515042,0.0
13:22:38.484215,-0.56364,86.72719052233833,19.59,53.70906829833984,2.520168,0.0
13:22:38.489087,-0.57462,86.72719052233833,18.618,54.324989318847656,2.52504,126.4205707117802
13:22:38.494045,-0.57462,87.06337216296333,18.618,54.324989318847656,2.529998,0.0
13:22:38.499032,-0.57462,87.06337216296333,18.618,54.324989318847656,2.534985,0.0
13:22:38.504033,-0.57462,87.06337216296333,18.618,54.324989318847656,2.539986,0.0
13:22:38.509066,-0.57462,87.06337216296333,18.618,54.324989318847656,2.545019,0.0
13:22:38.514089,-0.57462,87.06337216296333,18.618,54.324989318847656,2.550042,0.0
13:22:38.519085,-0.57462,87.06337216296333,18.618,54.324989318847656,2.555038,0.0
13:22:38.524142,-0.61122,90.42470028796332,17.706,54.91722106933594,2.560095,117.11128148868832
13:22:38.529096,-0.61122,90.42470028796332,17.706,54.91722106933594,2.565049,0.0
13:22:38.534115,-0.61122,90.42470028796332,17.706,54.91722106933594,2.570068,0.0
13:22:38.539096,-0.61122,90.42470028796332,17.706,54.91722106933594,2.575049,0.0
13:22:38.544052,-0.61122,90.42470028796332,17.706,54.91722106933594,2.580005,0.0
13:22:38.549088,-0.61122,90.42470028796332,17.706,54.91722106933594,2.585041,0.0
13:22:38.554650,-0.61122,90.42470028796332,17.706,54.91722106933594,2.590603,0.0
13:22:38.559351,-0.57828,88.94569638171333,16.722,55.445594787597656,2.595304,112.39602600760185
13:22:38.564376,-0.57828,88.94569638171333,16.722,55.445594787597656,2.600329,0.0
13:22:38.569396,-0.57828,88.94569638171333,16.722,55.445594787597656,2.605349,0.0
13:22:38.574426,-0.57828,88.94569638171333,16.722,55.445594787597656,2.610379,0.0
13:22:38.579466,-0.57828,88.94569638171333,16.722,55.445594787597656,2.615419,0.0
13:22:38.584361,-0.57828,88.94569638171333,16.722,55.445594787597656,2.620314,0.0
13:22:38.589262,-0.61488,89.55067685046333,15.653999999999998,55.97843170166016,2.625215,108.72003959651632
13:22:38.594335,-0.61488,89.55067685046333,15.653999999999998,55.97843170166016,2.630288,0.0
13:22:38.599411,-0.61488,89.55067685046333,15.653999999999998,55.97843170166016,2.635364,0.0
13:22:38.604436,-0.61488,89.55067685046333,15.653999999999998,55.97843170166016,2.640389,0.0
13:22:38.609390,-0.61488,89.55067685046333,15.653999999999998,55.97843170166016,2.645343,0.0
13:22:38.614324,-0.61488,89.55067685046333,15.653999999999998,55.97843170166016,2.650277,0.0
13:22:38.619325,-0.61488,89.55067685046333,15.653999999999998,55.97843170166016,2.655278,0.0
13:22:38.624293,-0.59109,90.42470028796332,14.544,56.47144317626953,2.660246,99.23741437386909
13:22:38.629260,-0.59109,90.42470028796332,14.544,56.47144317626953,2.665213,0.0
13:22:38.634297,-0.59109,90.42470028796332,14.544,56.47144317626953,2.67025,0.0
13:22:38.639398,-0.59109,90.42470028796332,14.544,56.47144317626953,2.675351,0.0
13:22:38.644416,-0.59109,90.42470028796332,14.544,56.47144317626953,2.680369,0.0
13:22:38.649380,-0.59109,90.42470028796332,14.544,56.47144317626953,2.685333,0.0
13:22:38.654381,-0.5856,91.23158505358832,13.626,56.90540313720703,2.690334,86.77463726004741
13:22:38.659400,-0.5856,91.23158505358832,13.626,56.90540313720703,2.695353,0.0
13:22:38.664392,-0.5856,91.23158505358832,13.626,56.90540313720703,2.700345,0.0
13:22:38.669396,-0.5856,91.23158505358832,13.626,56.90540313720703,2.705349,0.0
13:22:38.674397,-0.5856,91.23158505358832,13.626,56.90540313720703,2.71035,0.0
13:22:38.679438,-0.5856,91.23158505358832,13.626,56.90540313720703,2.715391,0.0
13:22:38.684418,-0.5856,91.23158505358832,13.626,56.90540313720703,2.720371,0.0
13:22:38.689301,-0.6222000000000001,91.23158505358832,12.828,57.325286865234375,2.725254,85.98888552679628
13:22:38.694395,-0.6222000000000001,91.23158505358832,12.828,57.325286865234375,2.730348,0.0
13:22:38.699353,-0.6222000000000001,91.23158505358832,12.828,57.325286865234375,2.735306,0.0
13:22:38.704409,-0.6222000000000001,91.23158505358832,12.828,57.325286865234375,2.740362,0.0
13:22:38.709377,-0.6222000000000001,91.23158505358832,12.828,57.325286865234375,2.74533,0.0
13:22:38.714285,-0.6222000000000001,91.23158505358832,12.828,57.325286865234375,2.750238,0.0
13:22:38.719274,-0.6185400000000001,90.42470028796332,11.621999999999998,57.72079467773438,2.755227,79.27596963319235
13:22:38.724326,-0.6185400000000001,90.42470028796332,11.621999999999998,57.72079467773438,2.760279,0.0
13:22:38.729255,-0.6185400000000001,90.42470028796332,11.621999999999998,57.72079467773438,2.765208,0.0
13:22:38.734106,-0.6185400000000001,90.42470028796332,11.621999999999998,57.72079467773438,2.770059,0.0
13:22:38.739094,-0.6185400000000001,90.42470028796332,11.621999999999998,57.72079467773438,2.775047,0.0
13:22:38.744095,-0.6185400000000001,90.42470028796332,11.621999999999998,57.72079467773438,2.780048,0.0
13:22:38.749046,-0.6185400000000001,90.42470028796332,11.621999999999998,57.72079467773438,2.784999,0.0
13:22:38.754175,-0.62037,91.56752255358832,10.68,58.07441711425781,2.790128,68.94568854034301
13:22:38.759089,-0.62037,91.56752255358832,10.68,58.07441711425781,2.795042,0.0
13:22:38.764063,-0.62037,91.56752255358832,10.68,58.07441711425781,2.800016,0.0
13:22:38.769064,-0.62037,91.56752255358832,10.68,58.07441711425781,2.805017,0.0
13:22:38.774086,-0.62037,91.56752255358832,10.68,58.07441711425781,2.810039,0.0
13:22:38.779177,-0.62037,91.56752255358832,10.68,58.07441711425781,2.81513,0.0
13:22:38.784071,-0.6459900000000001,92.64320614733832,9.852,58.396797180175774,2.820024,65.87251040415816
13:22:38.789064,-0.6459900000000001,92.64320614733832,9.852,58.396797180175774,2.825017,0.0
13:22:38.794068,-0.6459900000000001,92.64320614733832,9.852,58.396797180175774,2.830021,0.0
13:22:38.799067,-0.6459900000000001,92.64320614733832,9.852,58.396797180175774,2.83502,0.0
13:22:38.804088,-0.6459900000000001,92.64320614733832,9.852,58.396797180175774,2.840041,0.0
13:22:38.809083,-0.6459900000000001,92.64320614733832,9.852,58.396797180175774,2.845036,0.0
13:22:38.814082,-0.6459900000000001,92.64320614733832,9.852,58.396797180175774,2.850035,0.0
13:22:38.819374,-0.6331800000000001,93.45009091296332,8.718,58.68072509765625,2.855327,53.65228977333405
13:22:38.824273,-0.6331800000000001,93.45009091296332,8.718,58.68072509765625,2.860226,0.0
13:22:38.829384,-0.6331800000000001,93.45009091296332,8.718,58.68072509765625,2.865337,0.0
13:22:38.834318,-0.6331800000000001,93.45009091296332,8.718,58.68072509765625,2.870271,0.0
13:22:38.839324,-0.6331800000000001,93.45009091296332,8.718,58.68072509765625,2.875277,0.0
13:22:38.844279,-0.6331800000000001,93.45009091296332,8.718,58.68072509765625,2.880232,0.0
13:22:38.849258,-0.6368400000000001,92.03822567858832,7.836000000000001,58.94886016845703,2.885211,53.85319759003367
13:22:38.854314,-0.6368400000000001,92.03822567858832,7.836000000000001,58.94886016845703,2.890267,0.0
13:22:38.859334,-0.6368400000000001,92.03822567858832,7.836000000000001,58.94886016845703,2.895287,0.0
13:22:38.864412,-0.6368400000000001,92.03822567858832,7.836000000000001,58.94886016845703,2.900365,0.0
13:22:38.869334,-0.6368400000000001,92.03822567858832,7.836000000000001,58.94886016845703,2.905287,0.0
13:22:38.874297,-0.6368400000000001,92.03822567858832,7.836000000000001,58.94886016845703,2.91025,0.0
13:22:38.879270,-0.6368400000000001,92.03822567858832,7.836000000000001,58.94886016845703,2.915223,0.0
13:22:38.884263,-0.6313500000000001,91.56752255358832,6.738,59.17716979980468,2.920216,45.725942589156446
13:22:38.889305,-0.6313500000000001,91.56752255358832,6.738,59.17716979980468,2.925258,0.0
13:22:38.894307,-0.6313500000000001,91.56752255358832,6.738,59.17716979980468,2.93026,0.0
13:22:38.899292,-0.6313500000000001,91.56752255358832,6.738,59.17716979980468,2.935245,0.0
13:22:38.904251,-0.6313500000000001,91.56752255358832,6.738,59.17716979980468,2.940204,0.0
13:22:38.909275,-0.6313500000000001,91.56752255358832,6.738,59.17716979980468,2.945228,0.0
13:22:38.914279,-0.6368400000000001,92.64320614733832,5.658,59.38007354736328,2.950232,40.54831086302968
13:22:38.919313,-0.6368400000000001,92.64320614733832,5.658,59.38007354736328,2.955266,0.0
13:22:38.924353,-0.6368400000000001,92.64320614733832,5.658,59.38007354736328,2.960306,0.0
13:22:38.929356,-0.6368400000000001,92.64320614733832,5.658,59.38007354736328,2.965309,0.0
13:22:38.934355,-0.6368400000000001,92.64320614733832,5.658,59.38007354736328,2.970308,0.0
13:22:38.939360,-0.6368400000000001,92.64320614733832,5.658,59.38007354736328,2.975313,0.0
13:22:38.944283,-0.6368400000000001,92.64320614733832,5.658,59.38007354736328,2.980236,0.0
13:22:38.949256,-0.64965,93.78627255358832,4.776,59.541778564453125,2.985209,32.516593020280396
13:22:38.954316,-0.64965,93.78627255358832,4.776,59.541778564453125,2.990269,0.0
13:22:38.959344,-0.64965,93.78627255358832,4.776,59.541778564453125,2.995297,0.0
13:22:38.964299,-0.64965,93.78627255358832,4.776,59.541778564453125,3.000252,0.0
13:22:38.969238,-0.64965,93.78627255358832,4.776,59.541778564453125,3.005191,0.0
13:22:38.974293,-0.64965,93.78627255358832,4.776,59.541778564453125,3.010246,0.0
13:22:38.979257,-0.6459900000000001,93.58461239733832,3.738,59.673614501953125,3.01521,26.558408037871665
13:22:38.984317,-0.6459900000000001,93.58461239733832,3.738,59.673614501953125,3.02027,0.0
13:22:38.989371,-0.6459900000000001,93.58461239733832,3.738,59.673614501953125,3.025324,0.0
13:22:38.994385,-0.6459900000000001,93.58461239733832,3.738,59.673614501953125,3.030338,0.0
13:22:38.999320,-0.6459900000000001,93.58461239733832,3.738,59.673614501953125,3.035273,0.0
13:22:39.004324,-0.6459900000000001,93.58461239733832,3.738,59.673614501953125,3.040277,0.0
13:22:39.009266,-0.6459900000000001,93.58461239733832,3.738,59.673614501953125,3.045219,0.0
13:22:39.014291,-0.6441600000000001,93.45009091296332,2.8380000000000005,59.77180480957031,3.050244,19.540359724812348
13:22:39.019386,-0.6441600000000001,93.45009091296332,2.8380000000000005,59.77180480957031,3.055339,0.0
13:22:39.024243,-0.6441600000000001,93.45009091296332,2.8380000000000005,59.77180480957031,3.060196,0.0
13:22:39.029091,-0.6441600000000001,93.45009091296332,2.8380000000000005,59.77180480957031,3.065044,0.0
13:22:39.034071,-0.6441600000000001,93.45009091296332,2.8380000000000005,59.77180480957031,3.070024,0.0
13:22:39.039096,-0.6441600000000001,93.45009091296332,2.8380000000000005,59.77180480957031,3.075049,0.0
13:22:39.044152,-0.62586,93.04677060046332,1.86,59.84355926513672,3.080105,14.191941369937464
13:22:39.049096,-0.62586,93.04677060046332,1.86,59.84355926513672,3.085049,0.0
13:22:39.054049,-0.62586,93.04677060046332,1.86,59.84355926513672,3.090002,0.0
13:22:39.059090,-0.62586,93.04677060046332,1.86,59.84355926513672,3.095043,0.0
13:22:39.064084,-0.62586,93.04677060046332,1.86,59.84355926513672,3.100037,0.0
13:22:39.069083,-0.62586,93.04677060046332,1.86,59.84355926513672,3.105036,0.0
13:22:39.074369,-0.62586,93.04677060046332,1.86,59.84355926513672,3.110322,0.0
13:22:39.079234,-0.6405,92.37440731921332,1.38,59.8919677734375,3.115187,9.950361418454278
13:22:39.084379,-0.6405,92.37440731921332,1.38,59.8919677734375,3.120332,0.0
13:22:39.089421,-0.6405,92.37440731921332,1.38,59.8919677734375,3.125374,0.0
13:22:39.094411,-0.6405,92.37440731921332,1.38,59.8919677734375,3.130364,0.0
13:22:39.099361,-0.6405,92.37440731921332,1.38,59.8919677734375,3.135314,0.0
13:22:39.104408,-0.6405,92.37440731921332,1.38,59.8919677734375,3.140361,0.0
13:22:39.109268,-0.6130500000000001,91.09706356921332,0.8160000000000001,59.92252349853516,3.145221,6.287186234087286
13:22:39.114297,-0.6130500000000001,91.09706356921332,0.8160000000000001,59.92252349853516,3.15025,0.0
13:22:39.119282,-0.6130500000000001,91.09706356921332,0.8160000000000001,59.92252349853516,3.155235,0.0
13:22:39.124256,-0.6130500000000001,91.09706356921332,0.8160000000000001,59.92252349853516,3.160209,0.0
13:22:39.129344,-0.6130500000000001,91.09706356921332,0.8160000000000001,59.92252349853516,3.165297,0.0
13:22:39.134287,-0.6130500000000001,91.09706356921332,0.8160000000000001,59.92252349853516,3.17024,0.0
13:22:39.139286,-0.6130500000000001,91.09706356921332,0.8160000000000001,59.92252349853516,3.175239,0.0
13:22:39.144300,-0.60024,90.08851864733832,0.5940000000000001,59.94174957275391,3.180253,3.8344783044973507
13:22:39.149290,-0.60024,90.08851864733832,0.5940000000000001,59.94174957275391,3.185243,0.0
13:22:39.154410,-0.60024,90.08851864733832,0.5940000000000001,59.94174957275391,3.190363,0.0
13:22:39.159378,-0.60024,90.08851864733832,0.5940000000000001,59.94174957275391,3.195331,0.0
13:22:39.164463,-0.60024,90.08851864733832,0.5940000000000001,59.94174957275391,3.200416,0.0
13:22:39.169385,-0.60024,90.08851864733832,0.5940000000000001,59.94174957275391,3.205338,0.0
13:22:39.174265,-0.60573,89.95424130358833,0.474,59.95788574218751,3.210218,3.306592097047903
13:22:39.179347,-0.60573,89.95424130358833,0.474,59.95788574218751,3.2153,0.0
13:22:39.184278,-0.60573,89.95424130358833,0.474,59.95788574218751,3.220231,0.0
13:22:39.189390,-0.60573,89.95424130358833,0.474,59.95788574218751,3.225343,0.0
13:22:39.194462,-0.60573,89.95424130358833,0.474,59.95788574218751,3.230415,0.0
13:22:39.199319,-0.60573,89.95424130358833,0.474,59.95788574218751,3.235272,0.0
13:22:39.204291,-0.60573,89.95424130358833,0.474,59.95788574218751,3.240244,0.0
13:22:39.209318,-0.6130500000000001,90.29017880358832,0.3419999999999999,59.97299194335938,3.245271,3.0050131632934134
13:22:39.214353,-0.6130500000000001,90.29017880358832,0.3419999999999999,59.97299194335938,3.250306,0.0
13:22:39.219414,-0.6130500000000001,90.29017880358832,0.3419999999999999,59.97299194335938,3.255367,0.0
13:22:39.224438,-0.6130500000000001,90.29017880358832,0.3419999999999999,59.97299194335938,3.260391,0.0
13:22:39.229423,-0.6130500000000001,90.29017880358832,0.3419999999999999,59.97299194335938,3.265376,0.0
13:22:39.234396,-0.6130500000000001,90.29017880358832,0.3419999999999999,59.97299194335938,3.270349,0.0
13:22:39.239317,-0.6130500000000001,90.29017880358832,0.234,59.97951507568359,3.27527,1.3255704783996345
13:22:39.244102,-0.6130500000000001,90.29017880358832,0.234,59.97951507568359,3.280055,0.0
13:22:39.249072,-0.6130500000000001,90.29017880358832,0.234,59.97951507568359,3.285025,0.0
13:22:39.254360,-0.6130500000000001,90.29017880358832,0.234,59.97951507568359,3.290313,0.0
13:22:39.259146,-0.6130500000000001,90.29017880358832,0.234,59.97951507568359,3.295099,0.0
13:22:39.264250,-0.6130500000000001,90.29017880358832,0.234,59.97951507568359,3.300203,0.0
13:22:39.269373,-0.6130500000000001,90.29017880358832,0.234,59.97951507568359,3.305326,0.0
13:22:39.274320,-0.60939,90.08851864733832,0.1379999999999999,59.98569488525391,3.310273,1.2492034708564115
13:22:39.279538,-0.60939,90.08851864733832,0.1379999999999999,59.98569488525391,3.315491,0.0
13:22:39.284410,-0.60939,90.08851864733832,0.1379999999999999,59.98569488525391,3.320363,0.0
13:22:39.289527,-0.60939,90.08851864733832,0.1379999999999999,59.98569488525391,3.32548,0.0
13:22:39.294747,-0.60939,90.08851864733832,0.1379999999999999,59.98569488525391,3.3307,0.0
13:22:39.299441,-0.60939,90.08851864733832,0.1379999999999999,59.98569488525391,3.335394,0.0
13:22:39.304414,-0.6039,89.28187802233833,0.102,59.989128112792976,3.340367,0.6903735248466559
13:22:39.309204,-0.6039,89.28187802233833,0.102,59.989128112792976,3.345157,0.0
13:22:39.314083,-0.6039,89.28187802233833,0.102,59.989128112792976,3.350036,0.0
13:22:39.319095,-0.6039,89.28187802233833,0.102,59.989128112792976,3.355048,0.0
13:22:39.324083,-0.6039,89.28187802233833,0.102,59.989128112792976,3.360036,0.0
13:22:39.329101,-0.6039,89.28187802233833,0.102,59.989128112792976,3.365054,0.0
13:22:39.334059,-0.6039,89.28187802233833,0.102,59.989128112792976,3.370012,0.0
13:22:39.339099,-0.58926,89.28187802233833,0.072,59.99153137207031,3.375052,0.4768371582017005
13:22:39.344062,-0.58926,89.28187802233833,0.072,59.99153137207031,3.380015,0.0
13:22:39.349064,-0.58926,89.28187802233833,0.072,59.99153137207031,3.385017,0.0
13:22:39.354054,-0.58926,89.28187802233833,0.072,59.99153137207031,3.390007,0.0
13:22:39.359105,-0.58926,89.28187802233833,0.072,59.99153137207031,3.395058,0.0
13:22:39.364090,-0.58926,89.28187802233833,0.072,59.99153137207031,3.400043,0.0
13:22:39.369058,-0.60939,89.28187802233833,0.072,59.99324798583984,3.405011,0.34553417260953956
13:22:39.374069,-0.60939,89.28187802233833,0.072,59.99324798583984,3.410022,0.0
13:22:39.379141,-0.60939,89.28187802233833,0.072,59.99324798583984,3.415094,0.0
13:22:39.384057,-0.60939,89.28187802233833,0.072,59.99324798583984,3.42001,0.0
13:22:39.389053,-0.60939,89.28187802233833,0.072,59.99324798583984,3.425006,0.0
13:22:39.394084,-0.60939,89.28187802233833,0.072,59.99324798583984,3.430037,0.0
13:22:39.399083,-0.60939,89.28187802233833,0.072,59.99324798583984,3.435036,0.0
13:22:39.404112,-0.60024,89.41639950671333,0.03,59.993934631347656,3.440065,0.1365371858857849
13:22:39.409065,-0.60024,89.41639950671333,0.03,59.993934631347656,3.445018,0.0
13:22:39.414065,-0.60024,89.41639950671333,0.03,59.993934631347656,3.450018,0.0
13:22:39.419041,-0.60024,89.41639950671333,0.03,59.993934631347656,3.454994,0.0
13:22:39.424088,-0.60024,89.41639950671333,0.03,59.993934631347656,3.460041,0.0
13:22:39.429070,-0.60024,89.41639950671333,0.03,59.993934631347656,3.465023,0.0
13:22:39.434088,-0.59109,89.28187802233833,0.0239999999999999,59.99599456787109,3.470041,0.41050947059193243
13:22:39.439096,-0.59109,89.28187802233833,0.0239999999999999,59.99599456787109,3.475049,0.0
13:22:39.444086,-0.59109,89.28187802233833,0.0239999999999999,59.99599456787109,3.480039,0.0
13:22:39.449110,-0.59109,89.28187802233833,0.0239999999999999,59.99599456787109,3.485063,0.0
13:22:39.454111,-0.59109,89.28187802233833,0.0239999999999999,59.99599456787109,3.490064,0.0
13:22:39.459117,-0.59109,89.28187802233833,0.0239999999999999,59.99599456787109,3.49507,0.0
13:22:39.464115,-0.59109,89.28187802233833,0.0239999999999999,59.99599456787109,3.500068,0.0
13:22:39.469053,-0.58926,89.28187802233833,0.018,59.99599456787109,3.505006,0.0
13:22:39.474061,-0.58926,89.28187802233833,0.018,59.99599456787109,3.510014,0.0
13:22:39.479150,-0.58926,89.28187802233833,0.018,59.99599456787109,3.515103,0.0
13:22:39.484036,-0.58926,89.28187802233833,0.018,59.99599456787109,3.519989,0.0
13:22:39.489061,-0.58926,89.28187802233833,0.018,59.99599456787109,3.525014,0.0
13:22:39.494084,-0.58926,89.28187802233833,0.018,59.99599456787109,3.530037,0.0
13:22:39.499064,-0.59109,89.28187802233833,0.018,59.99599456787109,3.535017,0.0
13:22:39.504061,-0.59109,89.28187802233833,0.018,59.99599456787109,3.540014,0.0
13:22:39.509115,-0.59109,89.28187802233833,0.018,59.99599456787109,3.545068,0.0
13:22:39.514072,-0.59109,89.28187802233833,0.018,59.99599456787109,3.550025,0.0
13:22:39.519064,-0.59109,89.28187802233833,0.018,59.99599456787109,3.555017,0.0
13:22:39.524087,-0.59109,89.28187802233833,0.018,59.99599456787109,3.56004,0.0
13:22:39.529088,-0.59109,89.28187802233833,0.018,59.99599456787109,3.565041,0.0
13:22:39.534069,-0.59841,89.28187802233833,0.018,59.99839782714844,3.570022,0.4824852996086936
13:22:39.539089,-0.59841,89.28187802233833,0.018,59.99839782714844,3.575042,0.0
13:22:39.544064,-0.59841,89.28187802233833,0.018,59.99839782714844,3.580017,0.0
13:22:39.549040,-0.59841,89.28187802233833,0.018,59.99839782714844,3.584993,0.0
13:22:39.554053,-0.59841,89.28187802233833,0.018,59.99839782714844,3.590006,0.0
13:22:39.559102,-0.59841,89.28187802233833,0.018,59.99839782714844,3.595055,0.0
13:22:39.564322,-0.59841,89.28187802233833,0.0119999999999999,59.99805450439453,3.600275,-0.06577064251077583
13:22:39.569054,-0.59841,89.28187802233833,0.0119999999999999,59.99805450439453,3.605007,0.0
13:22:39.574058,-0.59841,89.28187802233833,0.0119999999999999,59.99805450439453,3.610011,0.0
13:22:39.579072,-0.59841,89.28187802233833,0.0119999999999999,59.99805450439453,3.615025,0.0
13:22:39.584141,-0.59841,89.28187802233833,0.0119999999999999,59.99805450439453,3.620094,0.0
13:22:39.589053,-0.59841,89.28187802233833,0.0119999999999999,59.99805450439453,3.625006,0.0
13:22:39.594064,-0.59841,89.28187802233833,0.0119999999999999,59.99805450439453,3.630017,0.0
13:22:39.599055,-0.5874300000000001,89.28187802233833,0.0059999999999999,59.99839782714844,3.635008,0.068788369846975
13:22:39.604061,-0.5874300000000001,89.28187802233833,0.0059999999999999,59.99839782714844,3.640014,0.0
13:22:39.609111,-0.5874300000000001,89.28187802233833,0.0059999999999999,59.99839782714844,3.645064,0.0
13:22:39.614085,-0.5874300000000001,89.28187802233833,0.0059999999999999,59.99839782714844,3.650038,0.0
13:22:39.619085,-0.5874300000000001,89.28187802233833,0.0059999999999999,59.99839782714844,3.655038,0.0
13:22:39.624108,-0.5874300000000001,89.28187802233833,0.0059999999999999,59.99839782714844,3.660061,0.0
13:22:39.629226,-0.5856,89.28187802233833,0.0059999999999999,59.99908447265625,3.665179,0.13416285811106807
13:22:39.634286,-0.5856,89.28187802233833,0.0059999999999999,59.99908447265625,3.670239,0.0
13:22:39.639059,-0.5856,89.28187802233833,0.0059999999999999,59.99908447265625,3.675012,0.0
13:22:39.644071,-0.5856,89.28187802233833,0.0059999999999999,59.99908447265625,3.680024,0.0
13:22:39.649096,-0.5856,89.28187802233833,0.0059999999999999,59.99908447265625,3.685049,0.0
13:22:39.654087,-0.5856,89.28187802233833,0.0059999999999999,59.99908447265625,3.69004,0.0
13:22:39.659072,-0.5856,89.28187802233833,0.0059999999999999,59.99908447265625,3.695025,0.0
13:22:39.664217,-0.59841,89.28187802233833,0.0059999999999999,59.99874114990234,3.70017,-0.06672939823388603
13:22:39.669103,-0.59841,89.28187802233833,0.0059999999999999,59.99874114990234,3.705056,0.0
13:22:39.674089,-0.59841,89.28187802233833,0.0059999999999999,59.99874114990234,3.710042,0.0
13:22:39.679064,-0.59841,89.28187802233833,0.0059999999999999,59.99874114990234,3.715017,0.0
13:22:39.684152,-0.59841,89.28187802233833,0.0059999999999999,59.99874114990234,3.720105,0.0
13:22:39.689046,-0.59841,89.28187802233833,0.0059999999999999,59.99874114990234,3.724999,0.0
13:22:39.694066,-0.5874300000000001,89.28187802233833,0.0,59.99908447265625,3.730019,0.06839098683532943
13:22:39.699068,-0.5874300000000001,89.28187802233833,0.0,59.99908447265625,3.735021,0.0
13:22:39.704064,-0.5874300000000001,89.28187802233833,0.0,59.99908447265625,3.740017,0.0
13:22:39.709098,-0.5874300000000001,89.28187802233833,0.0,59.99908447265625,3.745051,0.0
13:22:39.714105,-0.5874300000000001,89.28187802233833,0.0,59.99908447265625,3.750058,0.0
13:22:39.719068,-0.5874300000000001,89.28187802233833,0.0,59.99908447265625,3.755021,0.0
13:22:39.724283,-0.5874300000000001,89.28187802233833,0.0,59.99908447265625,3.760236,0.0
13:22:39.729048,-0.58926,89.28187802233833,0.0,59.99839782714844,3.765001,-0.14410189041186006
13:22:39.734059,-0.58926,89.28187802233833,0.0,59.99839782714844,3.770012,0.0
13:22:39.739060,-0.58926,89.28187802233833,0.0,59.99839782714844,3.775013,0.0
13:22:39.744099,-0.58926,89.28187802233833,0.0,59.99839782714844,3.780052,0.0
13:22:39.749088,-0.58926,89.28187802233833,0.0,59.99839782714844,3.785041,0.0
13:22:39.754064,-0.58926,89.28187802233833,0.0,59.99839782714844,3.790017,0.0
13:22:39.759086,-0.61122,89.28187802233833,-0.0059999999999999,59.99942779541016,3.795039,0.20509125084147434
13:22:39.764062,-0.61122,89.28187802233833,-0.0059999999999999,59.99942779541016,3.800015,0.0
13:22:39.769058,-0.61122,89.28187802233833,-0.0059999999999999,59.99942779541016,3.805011,0.0
13:22:39.774057,-0.61122,89.28187802233833,-0.0059999999999999,59.99942779541016,3.81001,0.0
13:22:39.779161,-0.61122,89.28187802233833,-0.0059999999999999,59.99942779541016,3.815114,0.0
13:22:39.784310,-0.61122,89.28187802233833,-0.0059999999999999,59.99942779541016,3.820263,0.0
13:22:39.789135,-0.7045500000000001,89.28187802233833,-0.0479999999999999,59.99839782714844,3.825088,-0.21346492471002818
13:22:39.794158,-0.7045500000000001,89.28187802233833,-0.0479999999999999,59.99839782714844,3.830111,0.0
13:22:39.799154,-0.7045500000000001,89.28187802233833,-0.0479999999999999,59.99839782714844,3.835107,0.0
13:22:39.804157,-0.7045500000000001,89.28187802233833,-0.0479999999999999,59.99839782714844,3.84011,0.0
13:22:39.809220,-0.7045500000000001,89.28187802233833,-0.0479999999999999,59.99839782714844,3.845173,0.0
13:22:39.814427,-0.7045500000000001,89.28187802233833,-0.0479999999999999,59.99839782714844,3.85038,0.0
13:22:39.819416,-0.7045500000000001,89.28187802233833,-0.0479999999999999,59.99839782714844,3.855369,0.0
13:22:39.824342,-0.8655900000000001,90.29017880358832,-0.306,59.99530792236328,3.860295,-0.6272644712051153
13:22:39.829289,-0.8655900000000001,90.29017880358832,-0.306,59.99530792236328,3.865242,0.0
13:22:39.834298,-0.8655900000000001,90.29017880358832,-0.306,59.99530792236328,3.870251,0.0
13:22:39.839461,-0.8655900000000001,90.29017880358832,-0.306,59.99530792236328,3.875414,0.0
13:22:39.844569,-0.8655900000000001,90.29017880358832,-0.306,59.99530792236328,3.880522,0.0
13:22:39.849392,-0.8655900000000001,90.29017880358832,-0.306,59.99530792236328,3.885345,0.0
13:22:39.855326,-1.00833,92.64320614733832,-1.11,59.97573852539063,3.891279,-3.297842428825333
13:22:39.859342,-1.00833,92.64320614733832,-1.11,59.97573852539063,3.895295,0.0
13:22:39.864369,-1.00833,92.64320614733832,-1.11,59.97573852539063,3.900322,0.0
13:22:39.869384,-1.00833,92.64320614733832,-1.11,59.97573852539063,3.905337,0.0
13:22:39.874421,-1.00833,92.64320614733832,-1.11,59.97573852539063,3.910374,0.0
13:22:39.879421,-1.00833,92.64320614733832,-1.11,59.97573852539063,3.915374,0.0
13:22:39.884225,-1.00833,92.64320614733832,-1.11,59.97573852539063,3.920178,0.0
13:22:39.889282,-1.06872,96.94594052233832,-2.388,59.91497039794922,3.925235,-12.016635839710293
13:22:39.894395,-1.06872,96.94594052233832,-2.388,59.91497039794922,3.930348,0.0
13:22:39.899421,-1.06872,96.94594052233832,-2.388,59.91497039794922,3.935374,0.0
13:22:39.904438,-1.06872,96.94594052233832,-2.388,59.91497039794922,3.940391,0.0
13:22:39.909317,-1.06872,96.94594052233832,-2.388,59.91497039794922,3.94527,0.0
13:22:39.914391,-1.06872,96.94594052233832,-2.388,59.91497039794922,3.950344,0.0
13:22:39.919699,-1.0431,97.08046200671332,-3.942,59.80133056640626,3.955652,-21.40916193348812
13:22:39.924281,-1.0431,97.08046200671332,-3.942,59.80133056640626,3.960234,0.0
13:22:39.929337,-1.0431,97.08046200671332,-3.942,59.80133056640626,3.96529,0.0
13:22:39.934331,-1.0431,97.08046200671332,-3.942,59.80133056640626,3.970284,0.0
13:22:39.939332,-1.0431,97.08046200671332,-3.942,59.80133056640626,3.975285,0.0
13:22:39.944275,-1.0431,97.08046200671332,-3.942,59.80133056640626,3.980228,0.0
13:22:39.949302,-1.0431,97.08046200671332,-3.942,59.80133056640626,3.985255,0.0
13:22:39.954273,-1.00833,93.45009091296332,-4.992,59.65404510498048,3.990226,-29.62894013795594
13:22:39.959282,-1.00833,93.45009091296332,-4.992,59.65404510498048,3.995235,0.0
13:22:39.964321,-1.00833,93.45009091296332,-4.992,59.65404510498048,4.000274,0.0
13:22:39.969344,-1.00833,93.45009091296332,-4.992,59.65404510498048,4.005297,0.0
13:22:39.974313,-1.00833,93.45009091296332,-4.992,59.65404510498048,4.010266,0.0
13:22:39.979253,-1.00833,93.45009091296332,-4.992,59.65404510498048,4.015206,0.0
13:22:39.984407,-0.98637,90.15590145983832,-5.885999999999999,59.47654724121094,4.02036,-34.43885598943382
13:22:39.989400,-0.98637,90.15590145983832,-5.885999999999999,59.47654724121094,4.025353,0.0
13:22:39.994626,-0.98637,90.15590145983832,-5.885999999999999,59.47654724121094,4.030579,0.0
13:22:39.999389,-0.98637,90.15590145983832,-5.885999999999999,59.47654724121094,4.035342,0.0
13:22:40.004308,-0.98637,90.15590145983832,-5.885999999999999,59.47654724121094,4.040261,0.0
13:22:40.009318,-0.98637,90.15590145983832,-5.885999999999999,59.47654724121094,4.045271,0.0
13:22:40.014242,-0.98637,90.15590145983832,-5.885999999999999,59.47654724121094,4.050195,0.0
13:22:40.019272,-0.99918,90.42470028796332,-6.642,59.27467346191406,4.055225,-40.13395214649885
13:22:40.024271,-0.99918,90.42470028796332,-6.642,59.27467346191406,4.060224,0.0
13:22:40.029268,-0.99918,90.42470028796332,-6.642,59.27467346191406,4.065221,0.0
13:22:40.034298,-0.99918,90.42470028796332,-6.642,59.27467346191406,4.070251,0.0
13:22:40.039347,-0.99918,90.42470028796332,-6.642,59.27467346191406,4.0753,0.0
13:22:40.044344,-0.99918,90.42470028796332,-6.642,59.27467346191406,4.080297,0.0
13:22:40.049307,-1.01382,92.57606747546332,-7.29,59.0518569946289,4.08526,-44.895520307306285
13:22:40.054279,-1.01382,92.57606747546332,-7.29,59.0518569946289,4.090232,0.0
13:22:40.059313,-1.01382,92.57606747546332,-7.29,59.0518569946289,4.095266,0.0
13:22:40.064173,-1.01382,92.57606747546332,-7.29,59.0518569946289,4.100126,0.0
13:22:40.069281,-1.01382,92.57606747546332,-7.29,59.0518569946289,4.105234,0.0
13:22:40.074325,-1.01382,92.57606747546332,-7.29,59.0518569946289,4.110278,0.0
13:22:40.079368,-1.01382,92.57606747546332,-7.29,59.0518569946289,4.115321,0.0
13:22:40.084353,-0.99918,92.77772763171332,-8.34,58.78784179687501,4.120306,-52.961925326753786
13:22:40.089278,-0.99918,92.77772763171332,-8.34,58.78784179687501,4.125231,0.0
13:22:40.094247,-0.99918,92.77772763171332,-8.34,58.78784179687501,4.1302,0.0
13:22:40.099303,-0.99918,92.77772763171332,-8.34,58.78784179687501,4.135256,0.0
13:22:40.104323,-0.99918,92.77772763171332,-8.34,58.78784179687501,4.140276,0.0
13:22:40.109375,-0.99918,92.77772763171332,-8.34,58.78784179687501,4.145328,0.0
13:22:40.114293,-0.96807,92.37440731921332,-9.39,58.49807739257812,4.150246,-58.91915500140108
13:22:40.119287,-0.96807,92.37440731921332,-9.39,58.49807739257812,4.15524,0.0
13:22:40.124304,-0.96807,92.37440731921332,-9.39,58.49807739257812,4.160257,0.0
13:22:40.129361,-0.96807,92.37440731921332,-9.39,58.49807739257812,4.165314,0.0
13:22:40.134577,-0.96807,92.37440731921332,-9.39,58.49807739257812,4.17053,0.0
13:22:40.139286,-0.96807,92.37440731921332,-9.39,58.49807739257812,4.175239,0.0
13:22:40.144558,-0.97356,90.29017880358832,-10.152,58.19389343261718,4.180511,-57.698019719452496
13:22:40.149359,-0.97356,90.29017880358832,-10.152,58.19389343261718,4.185312,0.0
13:22:40.154381,-0.97356,90.29017880358832,-10.152,58.19389343261718,4.190334,0.0
13:22:40.159405,-0.97356,90.29017880358832,-10.152,58.19389343261718,4.195358,0.0
13:22:40.164447,-0.97356,90.29017880358832,-10.152,58.19389343261718,4.2004,0.0
13:22:40.169446,-0.97356,90.29017880358832,-10.152,58.19389343261718,4.205399,0.0
13:22:40.174376,-0.97356,90.29017880358832,-10.152,58.19389343261718,4.210329,0.0
13:22:40.179349,-1.00833,91.63490536608832,-10.938,57.84130096435547,4.215302,-70.9013610017438
13:22:40.184321,-1.00833,91.63490536608832,-10.938,57.84130096435547,4.220274,0.0
13:22:40.189342,-1.00833,91.63490536608832,-10.938,57.84130096435547,4.225295,0.0
13:22:40.194327,-1.00833,91.63490536608832,-10.938,57.84130096435547,4.23028,0.0
13:22:40.199291,-1.00833,91.63490536608832,-10.938,57.84130096435547,4.235244,0.0
13:22:40.204298,-1.00833,91.63490536608832,-10.938,57.84130096435547,4.240251,0.0
13:22:40.209232,-1.0101600000000002,91.63490536608832,-11.982,57.4749755859375,4.245185,-74.2451111507775
13:22:40.214291,-1.0101600000000002,91.23158505358832,-11.982,57.4749755859375,4.250244,0.0
13:22:40.219301,-1.0101600000000002,91.23158505358832,-11.982,57.4749755859375,4.255254,0.0
13:22:40.224310,-1.0101600000000002,91.23158505358832,-11.982,57.4749755859375,4.260263,0.0
13:22:40.229333,-1.0101600000000002,91.23158505358832,-11.982,57.4749755859375,4.265286,0.0
13:22:40.234353,-1.0101600000000002,91.23158505358832,-11.982,57.4749755859375,4.270306,0.0
13:22:40.239418,-1.0101600000000002,91.23158505358832,-11.982,57.4749755859375,4.275371,0.0
13:22:40.244321,-1.0101600000000002,90.89540341296332,-13.002,57.05818176269531,4.280274,-85.00791826272508
13:22:40.249278,-1.0101600000000002,90.89540341296332,-13.002,57.05818176269531,4.285231,0.0
13:22:40.254362,-1.0101600000000002,90.89540341296332,-13.002,57.05818176269531,4.290315,0.0
13:22:40.259313,-1.0101600000000002,90.89540341296332,-13.002,57.05818176269531,4.295266,0.0
13:22:40.264300,-1.0101600000000002,90.89540341296332,-13.002,57.05818176269531,4.300253,0.0
13:22:40.269287,-1.0101600000000002,90.89540341296332,-13.002,57.05818176269531,4.30524,0.0
13:22:40.274403,-0.96807,90.89540341296332,-14.262,56.62628173828125,4.310356,-84.42142775882083
13:22:40.279348,-0.96807,90.89540341296332,-14.262,56.62628173828125,4.315301,0.0
13:22:40.284536,-0.96807,90.89540341296332,-14.262,56.62628173828125,4.320489,0.0
13:22:40.289304,-0.96807,90.89540341296332,-14.262,56.62628173828125,4.325257,0.0
13:22:40.294270,-0.96807,90.89540341296332,-14.262,56.62628173828125,4.330223,0.0
13:22:40.299319,-0.96807,90.89540341296332,-14.262,56.62628173828125,4.335272,0.0
13:22:40.304343,-0.96807,90.89540341296332,-14.262,56.62628173828125,4.340296,0.0
13:22:40.309418,-0.96624,89.41639950671333,-15.048000000000002,56.16588592529297,4.345371,-90.71838679572548
13:22:40.314406,-0.96624,89.41639950671333,-15.048000000000002,56.16588592529297,4.350359,0.0
13:22:40.319426,-0.96624,89.41639950671333,-15.048000000000002,56.16588592529297,4.355379,0.0
13:22:40.324396,-0.96624,89.41639950671333,-15.048000000000002,56.16588592529297,4.360349,0.0
13:22:40.329234,-0.96624,89.41639950671333,-15.048000000000002,56.16588592529297,4.365187,0.0
13:22:40.334060,-0.96624,89.41639950671333,-15.048000000000002,56.16588592529297,4.370013,0.0
13:22:40.339120,-0.99552,88.60951474108833,-15.779999999999998,55.66085815429688,4.375073,-99.80785988064389
13:22:40.344083,-0.99552,88.60951474108833,-15.779999999999998,55.66085815429688,4.380036,0.0
13:22:40.349086,-0.99552,88.60951474108833,-15.779999999999998,55.66085815429688,4.385039,0.0
13:22:40.354093,-0.99552,88.60951474108833,-15.779999999999998,55.66085815429688,4.390046,0.0
13:22:40.359088,-0.99552,88.60951474108833,-15.779999999999998,55.66085815429688,4.395041,0.0
13:22:40.364084,-0.99552,88.60951474108833,-15.779999999999998,55.66085815429688,4.400037,0.0
13:22:40.369118,-0.99552,88.60951474108833,-15.779999999999998,55.66085815429688,4.405071,0.0
13:22:40.374126,-0.96258,88.47499325671333,-16.98,55.137977600097656,4.410079,-104.40905634970161
13:22:40.379053,-0.96258,88.47499325671333,-16.98,55.137977600097656,4.415006,0.0
13:22:40.384052,-0.96258,88.47499325671333,-16.98,55.137977600097656,4.420005,0.0
13:22:40.389064,-0.96258,88.47499325671333,-16.98,55.137977600097656,4.425017,0.0
13:22:40.394072,-0.96258,88.47499325671333,-16.98,55.137977600097656,4.430025,0.0
13:22:40.399151,-0.96258,88.47499325671333,-16.98,55.137977600097656,4.435104,0.0
13:22:40.404071,-0.98454,88.94569638171333,-17.85,54.59449768066406,4.440024,-110.46339825885474
13:22:40.409064,-0.98454,88.94569638171333,-17.85,54.59449768066406,4.445017,0.0
13:22:40.414067,-0.98454,88.94569638171333,-17.85,54.59449768066406,4.45002,0.0
13:22:40.419066,-0.98454,88.94569638171333,-17.85,54.59449768066406,4.455019,0.0
13:22:40.424109,-0.98454,88.94569638171333,-17.85,54.59449768066406,4.460062,0.0
13:22:40.429088,-0.98454,88.94569638171333,-17.85,54.59449768066406,4.465041,0.0
13:22:40.434072,-0.98454,88.94569638171333,-17.85,54.59449768066406,4.470025,0.0
13:22:40.439089,-0.99918,88.94569638171333,-18.648,53.98853302001953,4.475042,-120.78227240272507
13:22:40.444124,-0.99918,88.94569638171333,-18.648,53.98853302001953,4.480077,0.0
13:22:40.449101,-0.99918,88.94569638171333,-18.648,53.98853302001953,4.485054,0.0
13:22:40.454042,-0.99918,88.94569638171333,-18.648,53.98853302001953,4.489995,0.0
13:22:40.459087,-0.99918,88.94569638171333,-18.648,53.98853302001953,4.49504,0.0
13:22:40.464071,-0.99918,88.94569638171333,-18.648,53.98853302001953,4.500024,0.0
13:22:40.469123,-0.94977,86.12196591296333,-19.98,53.36128234863281,4.505076,-124.1588819055249
13:22:40.474411,-0.94977,86.12196591296333,-19.98,53.36128234863281,4.510364,0.0
13:22:40.479243,-0.94977,86.12196591296333,-19.98,53.36128234863281,4.515196,0.0
13:22:40.484202,-0.94977,86.12196591296333,-19.98,53.36128234863281,4.520155,0.0
13:22:40.489205,-0.94977,86.12196591296333,-19.98,53.36128234863281,4.525158,0.0
13:22:40.494208,-0.94977,86.12196591296333,-19.98,53.36128234863281,4.530161,0.0
13:22:40.499211,-0.94977,86.12196591296333,-19.98,53.36128234863281,4.535164,0.0
13:22:40.504438,-0.94062,85.44984677233833,-20.862,52.68733978271485,4.540391,-128.93487008188387
13:22:40.509410,-0.94062,85.44984677233833,-20.862,52.68733978271485,4.545363,0.0
13:22:40.514392,-0.94062,85.44984677233833,-20.862,52.68733978271485,4.550345,0.0
13:22:40.519394,-0.94062,85.44984677233833,-20.862,52.68733978271485,4.555347,0.0
13:22:40.524390,-0.94062,85.44984677233833,-20.862,52.68733978271485,4.560343,0.0
13:22:40.529389,-0.94062,85.44984677233833,-20.862,52.68733978271485,4.565342,0.0
13:22:40.534404,-0.98637,85.58412411608833,-21.666,51.99451446533203,4.570357,-138.15061164165758
13:22:40.539405,-0.98637,85.58412411608833,-21.666,51.99451446533203,4.575358,0.0
13:22:40.544419,-0.98637,85.58412411608833,-21.666,51.99451446533203,4.580372,0.0
13:22:40.549434,-0.98637,85.58412411608833,-21.666,51.99451446533203,4.585387,0.0
13:22:40.554376,-0.98637,85.58412411608833,-21.666,51.99451446533203,4.590329,0.0
13:22:40.559355,-0.98637,85.58412411608833,-21.666,51.99451446533203,4.595308,0.0
13:22:40.564292,-0.98637,85.58412411608833,-21.666,51.99451446533203,4.600245,0.0
13:22:40.569349,-0.9333,85.58412411608833,-23.004,51.27593994140625,4.605302,-142.0950215396085
13:22:40.574299,-0.9333,85.58412411608833,-23.004,51.27593994140625,4.610252,0.0
13:22:40.579374,-0.9333,85.58412411608833,-23.004,51.27593994140625,4.615327,0.0
13:22:40.584118,-0.9333,85.58412411608833,-23.004,51.27593994140625,4.620071,0.0
13:22:40.589421,-0.9333,85.58412411608833,-23.004,51.27593994140625,4.625374,0.0
13:22:40.594425,-0.9333,85.58412411608833,-23.004,51.27593994140625,4.630378,0.0
13:22:40.599355,-0.93879,84.91200497546333,-23.784,50.5096435546875,4.635308,-155.435372559588
13:22:40.604311,-0.93879,84.91200497546333,-23.784,50.5096435546875,4.640264,0.0
13:22:40.609366,-0.93879,84.91200497546333,-23.784,50.5096435546875,4.645319,0.0
13:22:40.614406,-0.93879,84.91200497546333,-23.784,50.5096435546875,4.650359,0.0
13:22:40.619342,-0.93879,84.91200497546333,-23.784,50.5096435546875,4.655295,0.0
13:22:40.624320,-0.93879,84.91200497546333,-23.784,50.5096435546875,4.660273,0.0
13:22:40.629306,-0.93879,84.91200497546333,-23.784,50.5096435546875,4.665259,0.0
13:22:40.634245,-0.92232,81.81947567858833,-24.762,49.744720458984375,4.670198,-154.8740829526395
13:22:40.639267,-0.92232,81.81947567858833,-24.762,49.744720458984375,4.67522,0.0
13:22:40.644272,-0.92232,81.81947567858833,-24.762,49.744720458984375,4.680225,0.0
13:22:40.649313,-0.92232,81.81947567858833,-24.762,49.744720458984375,4.685266,0.0
13:22:40.654339,-0.92232,81.81947567858833,-24.762,49.744720458984375,4.690292,0.0
13:22:40.659281,-0.92232,81.81947567858833,-24.762,49.744720458984375,4.695234,0.0
13:22:40.664306,-0.91866,81.41615536608833,-25.884,48.91284942626953,4.700259,-165.54647417211365
13:22:40.669332,-0.91866,81.41615536608833,-25.884,48.91284942626953,4.705285,0.0
13:22:40.674402,-0.91866,81.41615536608833,-25.884,48.91284942626953,4.710355,0.0
13:22:40.679323,-0.91866,81.41615536608833,-25.884,48.91284942626953,4.715276,0.0
13:22:40.684305,-0.91866,81.41615536608833,-25.884,48.91284942626953,4.720258,0.0
13:22:40.689333,-0.91866,81.41615536608833,-25.884,48.91284942626953,4.725286,0.0
13:22:40.694409,-0.91866,81.41615536608833,-25.884,48.91284942626953,4.730362,0.0
13:22:40.699307,-0.94245,80.74379208483833,-26.706000000000003,48.074798583984375,4.73526,-171.1006211280487
13:22:40.704218,-0.94245,80.74379208483833,-26.706000000000003,48.074798583984375,4.740171,0.0
13:22:40.709114,-0.94245,80.74379208483833,-26.706000000000003,48.074798583984375,4.745067,0.0
13:22:40.714410,-0.94245,80.74379208483833,-26.706000000000003,48.074798583984375,4.750363,0.0
13:22:40.719434,-0.94245,80.74379208483833,-26.706000000000003,48.074798583984375,4.755387,0.0
13:22:40.724405,-0.94245,80.74379208483833,-26.706000000000003,48.074798583984375,4.760358,0.0
13:22:40.729664,-0.89853,80.27308895983833,-27.75,47.17254638671875,4.765617,-171.5634526080395
13:22:40.734339,-0.89853,80.27308895983833,-27.75,47.17254638671875,4.770292,0.0
13:22:40.739105,-0.89853,80.27308895983833,-27.75,47.17254638671875,4.775058,0.0
13:22:40.744099,-0.89853,80.27308895983833,-27.75,47.17254638671875,4.780052,0.0
13:22:40.749091,-0.89853,80.27308895983833,-27.75,47.17254638671875,4.785044,0.0
13:22:40.754069,-0.89853,80.27308895983833,-27.75,47.17254638671875,4.790022,0.0
13:22:40.759082,-0.89853,80.27308895983833,-27.75,47.17254638671875,4.795035,0.0
13:22:40.764156,-0.92049,78.52528622546333,-28.416,46.272010803222656,4.800109,-177.4804066803643
13:22:40.769095,-0.92049,78.52528622546333,-28.416,46.272010803222656,4.805048,0.0
13:22:40.774068,-0.92049,78.52528622546333,-28.416,46.272010803222656,4.810021,0.0
13:22:40.779088,-0.92049,78.52528622546333,-28.416,46.272010803222656,4.815041,0.0
13:22:40.784065,-0.92049,78.52528622546333,-28.416,46.272010803222656,4.820018,0.0
13:22:40.789092,-0.92049,78.52528622546333,-28.416,46.272010803222656,4.825045,0.0
13:22:40.794204,-0.83997,75.43275692858833,-29.406,45.32684326171875,4.830157,-184.8919290891994
13:22:40.799036,-0.83997,75.43275692858833,-29.406,45.32684326171875,4.834989,0.0
13:22:40.804057,-0.83997,75.43275692858833,-29.406,45.32684326171875,4.84001,0.0
13:22:40.809046,-0.83997,75.43275692858833,-29.406,45.32684326171875,4.844999,0.0
13:22:40.814032,-0.83997,75.43275692858833,-29.406,45.32684326171875,4.849985,0.0
13:22:40.819066,-0.83997,75.43275692858833,-29.406,45.32684326171875,4.855019,0.0
13:22:40.824085,-0.83997,75.43275692858833,-29.406,45.32684326171875,4.860038,0.0
13:22:40.829203,-0.83997,73.55018856921333,-29.418,44.35317993164063,4.865156,-190.24293280152614
13:22:40.834097,-0.83997,73.55018856921333,-29.418,44.35317993164063,4.87005,0.0
13:22:40.839071,-0.83997,73.55018856921333,-29.418,44.35317993164063,4.875024,0.0
13:22:40.844097,-0.83997,73.55018856921333,-29.418,44.35317993164063,4.88005,0.0
13:22:40.849096,-0.83997,73.55018856921333,-29.418,44.35317993164063,4.885049,0.0
13:22:40.854083,-0.83997,73.55018856921333,-29.418,44.35317993164063,4.890036,0.0
13:22:40.859214,-0.80337,71.26454403796333,-30.024,43.43513488769531,4.895167,-178.9212714763983
13:22:40.864084,-0.80337,71.26454403796333,-30.024,43.43513488769531,4.900037,0.0
13:22:40.869152,-0.80337,71.26454403796333,-30.024,43.43513488769531,4.905105,0.0
13:22:40.874087,-0.80337,71.26454403796333,-30.024,43.43513488769531,4.91004,0.0
13:22:40.879083,-0.80337,71.26454403796333,-30.024,43.43513488769531,4.915036,0.0
13:22:40.884062,-0.80337,71.26454403796333,-30.024,43.43513488769531,4.920015,0.0
13:22:40.889090,-0.80337,71.26454403796333,-30.024,43.43513488769531,4.925043,0.0
13:22:40.894217,-0.83997,70.92836239733833,-29.808000000000003,42.460784912109375,4.93017,-190.04290532197996
13:22:40.899054,-0.83997,70.92836239733833,-29.808000000000003,42.460784912109375,4.935007,0.0
13:22:40.904094,-0.83997,70.92836239733833,-29.808000000000003,42.460784912109375,4.940047,0.0
13:22:40.909021,-0.83997,70.92836239733833,-29.808000000000003,42.460784912109375,4.944974,0.0
13:22:40.914047,-0.83997,70.92836239733833,-29.808000000000003,42.460784912109375,4.95,0.0
13:22:40.919087,-0.83997,70.92836239733833,-29.808000000000003,42.460784912109375,4.95504,0.0
13:22:40.924171,-0.75762,70.12147763171333,-29.994,41.5005111694336,4.960124,-188.88153868523946
13:22:40.929054,-0.75762,70.12147763171333,-29.994,41.5005111694336,4.965007,0.0
13:22:40.934060,-0.75762,70.12147763171333,-29.994,41.5005111694336,4.970013,0.0
13:22:40.939061,-0.75762,70.12147763171333,-29.994,41.5005111694336,4.975014,0.0
13:22:40.944045,-0.75762,70.12147763171333,-29.994,41.5005111694336,4.979998,0.0
13:22:40.949097,-0.75762,70.12147763171333,-29.994,41.5005111694336,4.98505,0.0
13:22:40.954138,-0.75762,70.12147763171333,-29.994,41.5005111694336,4.990091,0.0
13:22:40.959164,-0.7631100000000001,68.17201474108833,-30.21,40.55019378662109,4.995117,-189.08025921458793
13:22:40.964083,-0.7631100000000001,68.17201474108833,-30.21,40.55019378662109,5.000036,0.0
13:22:40.969073,-0.7631100000000001,68.17201474108833,-30.21,40.55019378662109,5.005026,0.0
13:22:40.974095,-0.7631100000000001,68.17201474108833,-30.21,40.55019378662109,5.010048,0.0
13:22:40.979071,-0.7631100000000001,68.17201474108833,-30.21,40.55019378662109,5.015024,0.0
13:22:40.984101,-0.7631100000000001,68.17201474108833,-30.21,40.55019378662109,5.020054,0.0
13:22:40.989317,-0.77958,67.29799130358833,-30.12,39.58168029785156,5.02527,-185.68126701870113
13:22:40.994292,-0.77958,67.29799130358833,-30.12,39.58168029785156,5.030245,0.0
13:22:40.999103,-0.77958,67.29799130358833,-30.12,39.58168029785156,5.035056,0.0
13:22:41.004187,-0.77958,67.29799130358833,-30.12,39.58168029785156,5.04014,0.0
13:22:41.009035,-0.77958,67.29799130358833,-30.12,39.58168029785156,5.044988,0.0
13:22:41.014057,-0.77958,67.29799130358833,-30.12,39.58168029785156,5.05001,0.0
13:22:41.019063,-0.77958,67.29799130358833,-30.12,39.58168029785156,5.055016,0.0
13:22:41.024149,-0.74298,64.20546200671333,-30.294,38.611793518066406,5.060102,-190.6973613419692
13:22:41.029083,-0.74298,64.20546200671333,-30.294,38.611793518066406,5.065036,0.0
13:22:41.034066,-0.74298,64.20546200671333,-30.294,38.611793518066406,5.070019,0.0
13:22:41.039064,-0.74298,64.20546200671333,-30.294,38.611793518066406,5.075017,0.0
13:22:41.044088,-0.74298,64.20546200671333,-30.294,38.611793518066406,5.080041,0.0
13:22:41.049084,-0.74298,64.20546200671333,-30.294,38.611793518066406,5.085037,0.0
13:22:41.054250,-0.7356600000000001,64.40712216296333,-30.144,37.648773193359375,5.090203,-186.41508414770237
13:22:41.059098,-0.7356600000000001,64.40712216296333,-30.144,37.648773193359375,5.095051,0.0
13:22:41.064090,-0.7356600000000001,64.40712216296333,-30.144,37.648773193359375,5.100043,0.0
13:22:41.069128,-0.7356600000000001,64.40712216296333,-30.144,37.648773193359375,5.105081,0.0
13:22:41.074092,-0.7356600000000001,64.40712216296333,-30.144,37.648773193359375,5.110045,0.0
13:22:41.079065,-0.7356600000000001,64.40712216296333,-30.144,37.648773193359375,5.115018,0.0
13:22:41.085122,-0.7137,64.40712216296333,-30.522,36.67133331298828,5.121075,-161.37359755176843
13:22:41.089370,-0.7137,60.642229584838326,-30.522,36.67133331298828,5.125323,0.0
13:22:41.094383,-0.7137,60.642229584838326,-30.522,36.67133331298828,5.130336,0.0
13:22:41.099408,-0.7137,60.642229584838326,-30.522,36.67133331298828,5.135361,0.0
13:22:41.104401,-0.7137,60.642229584838326,-30.522,36.67133331298828,5.140354,0.0
13:22:41.109289,-0.7137,60.642229584838326,-30.522,36.67133331298828,5.145242,0.0
13:22:41.114367,-0.7137,60.642229584838326,-30.522,36.67133331298828,5.15032,0.0
13:22:41.119354,-0.74298,61.919573334838326,-29.862,35.68977355957031,5.155307,-196.82369228353676
13:22:41.124413,-0.74298,61.919573334838326,-29.862,35.68977355957031,5.160366,0.0
13:22:41.129418,-0.74298,61.919573334838326,-29.862,35.68977355957031,5.165371,0.0
13:22:41.134514,-0.74298,61.919573334838326,-29.862,35.68977355957031,5.170467,0.0
13:22:41.139398,-0.74298,61.919573334838326,-29.862,35.68977355957031,5.175351,0.0
13:22:41.144334,-0.74298,61.919573334838326,-29.862,35.68977355957031,5.180287,0.0
13:22:41.149245,-0.74298,61.919573334838326,-29.862,35.68977355957031,5.185198,0.0
13:22:41.154289,-0.6588,57.415178803588326,-30.57,34.70958709716797,5.190242,-194.3272130060225
13:22:41.159268,-0.6588,57.415178803588326,-30.57,34.70958709716797,5.195221,0.0
13:22:41.164332,-0.6588,57.415178803588326,-30.57,34.70958709716797,5.200285,0.0
13:22:41.169381,-0.6588,57.415178803588326,-30.57,34.70958709716797,5.205334,0.0
13:22:41.174337,-0.6588,57.415178803588326,-30.57,34.70958709716797,5.21029,0.0
13:22:41.179316,-0.6588,57.415178803588326,-30.57,34.70958709716797,5.215269,0.0
13:22:41.184254,-0.70638,58.625383881713326,-30.138,33.74176025390625,5.220207,-195.99571552484758
13:22:41.189307,-0.70638,58.625383881713326,-30.138,33.74176025390625,5.22526,0.0
13:22:41.194345,-0.70638,58.625383881713326,-30.138,33.74176025390625,5.230298,0.0
13:22:41.199324,-0.70638,58.625383881713326,-30.138,33.74176025390625,5.235277,0.0
13:22:41.204296,-0.70638,58.625383881713326,-30.138,33.74176025390625,5.240249,0.0
13:22:41.209216,-0.70638,58.625383881713326,-30.138,33.74176025390625,5.245169,0.0
13:22:41.214162,-0.70638,58.625383881713326,-30.138,33.74176025390625,5.250115,0.0
13:22:41.219116,-0.65514,54.658831147338326,-30.51,32.77976989746094,5.255069,-194.1845693268822
13:22:41.224083,-0.65514,54.658831147338326,-30.51,32.77976989746094,5.260036,0.0
13:22:41.229064,-0.65514,54.658831147338326,-30.51,32.77976989746094,5.265017,0.0
13:22:41.234084,-0.65514,54.658831147338326,-30.51,32.77976989746094,5.270037,0.0
13:22:41.239089,-0.65514,54.658831147338326,-30.51,32.77976989746094,5.275042,0.0
13:22:41.244072,-0.65514,54.658831147338326,-30.51,32.77976989746094,5.280025,0.0
13:22:41.249097,-0.67344,55.599993256713326,-30.06,31.80370330810547,5.28505,-194.24210733442803
13:22:41.254440,-0.67344,55.599993256713326,-30.06,31.80370330810547,5.290393,0.0
13:22:41.259314,-0.67344,55.599993256713326,-30.06,31.80370330810547,5.295267,0.0
13:22:41.264348,-0.67344,55.599993256713326,-30.06,31.80370330810547,5.300301,0.0
13:22:41.269237,-0.67344,55.599993256713326,-30.06,31.80370330810547,5.30519,0.0
13:22:41.274320,-0.67344,55.599993256713326,-30.06,31.80370330810547,5.310273,0.0
13:22:41.280213,-0.5856,52.238665131713326,-30.582,30.848922729492188,5.316166,-162.0194431721061
13:22:41.284271,-0.5856,52.238665131713326,-30.582,30.848922729492188,5.320224,0.0
13:22:41.289292,-0.5856,52.238665131713326,-30.582,30.848922729492188,5.325245,0.0
13:22:41.294311,-0.5856,52.238665131713326,-30.582,30.848922729492188,5.330264,0.0
13:22:41.299240,-0.5856,52.238665131713326,-30.582,30.848922729492188,5.335193,0.0
13:22:41.304275,-0.5856,52.238665131713326,-30.582,30.848922729492188,5.340228,0.0
13:22:41.309295,-0.5856,52.238665131713326,-30.582,30.848922729492188,5.345248,0.0
13:22:41.314300,-0.6514800000000001,51.767962006713326,-30.138,29.85191345214844,5.350253,-199.20265281590977
13:22:41.319411,-0.6514800000000001,51.767962006713326,-30.138,29.85191345214844,5.355364,0.0
13:22:41.324106,-0.6514800000000001,51.767962006713326,-30.138,29.85191345214844,5.360059,0.0
13:22:41.329109,-0.6514800000000001,51.767962006713326,-30.138,29.85191345214844,5.365062,0.0
13:22:41.334089,-0.6514800000000001,51.767962006713326,-30.138,29.85191345214844,5.370042,0.0
13:22:41.339437,-0.6514800000000001,51.767962006713326,-30.138,29.85191345214844,5.37539,0.0
13:22:41.344355,-0.6514800000000001,51.767962006713326,-30.138,29.85191345214844,5.380308,0.0
13:22:41.349313,-0.60024,50.423479584838326,-30.336,28.856964111328125,5.385266,-200.67554272296212
13:22:41.354268,-0.60024,50.423479584838326,-30.336,28.856964111328125,5.390221,0.0
13:22:41.359293,-0.60024,50.423479584838326,-30.336,28.856964111328125,5.395246,0.0
13:22:41.364301,-0.60024,50.423479584838326,-30.336,28.856964111328125,5.400254,0.0
13:22:41.369321,-0.60024,50.423479584838326,-30.336,28.856964111328125,5.405274,0.0
13:22:41.374280,-0.60024,50.423479584838326,-30.336,28.856964111328125,5.410233,0.0
13:22:41.379254,-0.5929200000000001,48.877092866088326,-30.36,27.92278289794922,5.415207,-187.81286959769633
13:22:41.384274,-0.5929200000000001,48.877092866088326,-30.36,27.92278289794922,5.420227,0.0
13:22:41.389135,-0.5929200000000001,48.877092866088326,-30.36,27.92278289794922,5.425088,0.0
13:22:41.394335,-0.5929200000000001,48.877092866088326,-30.36,27.92278289794922,5.430288,0.0
13:22:41.399385,-0.5929200000000001,48.877092866088326,-30.36,27.92278289794922,5.435338,0.0
13:22:41.404415,-0.5929200000000001,48.877092866088326,-30.36,27.92278289794922,5.440368,0.0
13:22:41.409265,-0.5929200000000001,48.877092866088326,-30.36,27.92278289794922,5.445218,0.0
13:22:41.414247,-0.5874300000000001,47.734270600463326,-30.15,26.92371368408203,5.4502,-200.53577155101948
13:22:41.419115,-0.5874300000000001,47.734270600463326,-30.15,26.92371368408203,5.455068,0.0
13:22:41.424414,-0.5874300000000001,47.734270600463326,-30.15,26.92371368408203,5.460367,0.0
13:22:41.429432,-0.5874300000000001,47.734270600463326,-30.15,26.92371368408203,5.465385,0.0
13:22:41.434473,-0.5874300000000001,47.734270600463326,-30.15,26.92371368408203,5.470426,0.0
13:22:41.439424,-0.5874300000000001,47.734270600463326,-30.15,26.92371368408203,5.475377,0.0
13:22:41.444300,-0.55449,44.574602631713326,-30.486,25.93597412109375,5.480253,-202.57169052260366
13:22:41.449398,-0.55449,44.574602631713326,-30.486,25.93597412109375,5.485351,0.0
13:22:41.454330,-0.55449,44.574602631713326,-30.486,25.93597412109375,5.490283,0.0
13:22:41.459382,-0.55449,44.574602631713326,-30.486,25.93597412109375,5.495335,0.0
13:22:41.464340,-0.55449,44.574602631713326,-30.486,25.93597412109375,5.500293,0.0
13:22:41.469332,-0.55449,44.574602631713326,-30.486,25.93597412109375,5.505285,0.0
13:22:41.474315,-0.55449,44.574602631713326,-30.486,25.93597412109375,5.510268,0.0
13:22:41.479257,-0.58377,45.246721772338326,-29.958,24.958534240722656,5.51521,-197.7822501762722
13:22:41.484279,-0.58377,45.246721772338326,-29.958,24.958534240722656,5.520232,0.0
13:22:41.489287,-0.58377,45.246721772338326,-29.958,24.958534240722656,5.52524,0.0
13:22:41.494340,-0.58377,45.246721772338326,-29.958,24.958534240722656,5.530293,0.0
13:22:41.499326,-0.58377,45.246721772338326,-29.958,24.958534240722656,5.535279,0.0
13:22:41.504304,-0.58377,45.246721772338326,-29.958,24.958534240722656,5.540257,0.0
13:22:41.509277,-0.52704,40.271868256713326,-30.528,24.004783630371094,5.54523,-191.78576520241813
13:22:41.514279,-0.52704,40.271868256713326,-30.528,24.004783630371094,5.550232,0.0
13:22:41.519288,-0.52704,40.271868256713326,-30.528,24.004783630371094,5.555241,0.0
13:22:41.524291,-0.52704,40.271868256713326,-30.528,24.004783630371094,5.560244,0.0
13:22:41.529222,-0.52704,40.271868256713326,-30.528,24.004783630371094,5.565175,0.0
13:22:41.534060,-0.52704,40.271868256713326,-30.528,24.004783630371094,5.570013,0.0
13:22:41.539853,-0.55083,40.271868256713326,-29.994,23.00811767578125,5.575806,-172.04660013635296
13:22:41.544043,-0.55083,42.490374116088326,-29.994,23.00811767578125,5.579996,0.0
13:22:41.549148,-0.55083,42.490374116088326,-29.994,23.00811767578125,5.585101,0.0
13:22:41.554081,-0.55083,42.490374116088326,-29.994,23.00811767578125,5.590034,0.0
13:22:41.559095,-0.55083,42.490374116088326,-29.994,23.00811767578125,5.595048,0.0
13:22:41.564082,-0.55083,42.490374116088326,-29.994,23.00811767578125,5.600035,0.0
13:22:41.569087,-0.55083,42.490374116088326,-29.994,23.00811767578125,5.60504,0.0
13:22:41.574111,-0.48678,37.380999116088326,-30.624,22.063980102539062,5.610064,-187.92547238098683
13:22:41.579097,-0.48678,37.380999116088326,-30.624,22.063980102539062,5.61505,0.0
13:22:41.584110,-0.48678,37.380999116088326,-30.624,22.063980102539062,5.620063,0.0
13:22:41.589130,-0.48678,37.380999116088326,-30.624,22.063980102539062,5.625083,0.0
13:22:41.594112,-0.48678,37.380999116088326,-30.624,22.063980102539062,5.630065,0.0
13:22:41.599103,-0.48678,37.380999116088326,-30.624,22.063980102539062,5.635056,0.0
13:22:41.604190,-0.48678,37.380999116088326,-30.624,22.063980102539062,5.640143,0.0
13:22:41.609060,-0.53619,38.389544037963326,-30.024,21.05289459228516,5.645013,-207.61509450801015
13:22:41.614191,-0.53619,38.389544037963326,-30.024,21.05289459228516,5.650144,0.0
13:22:41.619064,-0.53619,38.389544037963326,-30.024,21.05289459228516,5.655017,0.0
13:22:41.624092,-0.53619,38.389544037963326,-30.024,21.05289459228516,5.660045,0.0
13:22:41.629085,-0.53619,38.389544037963326,-30.024,21.05289459228516,5.665038,0.0
13:22:41.634090,-0.53619,38.389544037963326,-30.024,21.05289459228516,5.670043,0.0
13:22:41.639131,-0.44286,33.952288178588326,-30.552,20.11459350585937,5.675084,-186.133919148132
13:22:41.644056,-0.44286,33.952288178588326,-30.552,20.11459350585937,5.680009,0.0
13:22:41.649057,-0.44286,33.952288178588326,-30.552,20.11459350585937,5.68501,0.0
13:22:41.654059,-0.44286,33.952288178588326,-30.552,20.11459350585937,5.690012,0.0
13:22:41.659071,-0.44286,33.952288178588326,-30.552,20.11459350585937,5.695024,0.0
13:22:41.664071,-0.44286,33.952288178588326,-30.552,20.11459350585937,5.700024,0.0
13:22:41.669213,-0.44286,33.952288178588326,-30.552,20.11459350585937,5.705166,0.0
13:22:41.674061,-0.48678,34.624651459838326,-30.072,19.110031127929688,5.710014,-207.21171161916078
13:22:41.679099,-0.48678,34.624651459838326,-30.072,19.110031127929688,5.715052,0.0
13:22:41.684124,-0.48678,34.624651459838326,-30.072,19.110031127929688,5.720077,0.0
13:22:41.689110,-0.48678,34.624651459838326,-30.072,19.110031127929688,5.725063,0.0
13:22:41.694486,-0.48678,34.624651459838326,-30.072,19.110031127929688,5.730439,0.0
13:22:41.699417,-0.48678,34.624651459838326,-30.072,19.110031127929688,5.73537,0.0
13:22:41.704354,-0.4392,32.137102631713326,-30.474,18.153533935546875,5.740307,-193.7405696542067
13:22:41.709378,-0.4392,32.137102631713326,-30.474,18.153533935546875,5.745331,0.0
13:22:41.714248,-0.4392,32.137102631713326,-30.474,18.153533935546875,5.750201,0.0
13:22:41.719214,-0.4392,32.137102631713326,-30.474,18.153533935546875,5.755167,0.0
13:22:41.724085,-0.4392,32.137102631713326,-30.474,18.153533935546875,5.760038,0.0
13:22:41.729069,-0.4392,32.137102631713326,-30.474,18.153533935546875,5.765022,0.0
13:22:41.734058,-0.4392,32.137102631713326,-30.474,18.153533935546875,5.770011,0.0
13:22:41.739086,-0.46848,30.52357724108833,-30.306,17.169227600097656,5.775039,-195.76498318403796
13:22:41.744083,-0.46848,30.52357724108833,-30.306,17.169227600097656,5.780036,0.0
13:22:41.749436,-0.46848,30.52357724108833,-30.306,17.169227600097656,5.785389,0.0
13:22:41.754444,-0.46848,30.52357724108833,-30.306,17.169227600097656,5.790397,0.0
13:22:41.759454,-0.46848,30.52357724108833,-30.306,17.169227600097656,5.795407,0.0
13:22:41.764427,-0.46848,30.52357724108833,-30.306,17.169227600097656,5.80038,0.0
13:22:41.769239,-0.40443,29.98597958483833,-30.216,16.163978576660156,5.805192,-208.90461833695878
13:22:41.774257,-0.40443,29.98597958483833,-30.216,16.163978576660156,5.81021,0.0
13:22:41.779397,-0.40443,29.98597958483833,-30.216,16.163978576660156,5.81535,0.0
13:22:41.784399,-0.40443,29.98597958483833,-30.216,16.163978576660156,5.820352,0.0
13:22:41.789361,-0.40443,29.98597958483833,-30.216,16.163978576660156,5.825314,0.0
13:22:41.794369,-0.40443,29.98597958483833,-30.216,16.163978576660156,5.830322,0.0
13:22:41.799280,-0.40443,29.98597958483833,-30.216,16.163978576660156,5.835233,0.0
13:22:41.804326,-0.39528,25.88490536608833,-30.51,15.18379211425781,5.840279,-194.25019072578775
13:22:41.809296,-0.39528,25.88490536608833,-30.51,15.18379211425781,5.845249,0.0
13:22:41.814347,-0.39528,25.88490536608833,-30.51,15.18379211425781,5.8503,0.0
13:22:41.819388,-0.39528,25.88490536608833,-30.51,15.18379211425781,5.855341,0.0
13:22:41.824355,-0.39528,25.88490536608833,-30.51,15.18379211425781,5.860308,0.0
13:22:41.829331,-0.39528,25.88490536608833,-30.51,15.18379211425781,5.865284,0.0
13:22:41.834756,-0.40992,26.35560849108833,-30.114,14.190216064453123,5.870709,-183.14765895017987
13:22:41.839251,-0.40992,26.35560849108833,-30.114,14.190216064453123,5.875204,0.0
13:22:41.844270,-0.40992,26.35560849108833,-30.114,14.190216064453123,5.880223,0.0
13:22:41.849327,-0.40992,26.35560849108833,-30.114,14.190216064453123,5.88528,0.0
13:22:41.854432,-0.40992,26.35560849108833,-30.114,14.190216064453123,5.890385,0.0
13:22:41.859332,-0.40992,26.35560849108833,-30.114,14.190216064453123,5.895285,0.0
13:22:41.864272,-0.40992,26.35560849108833,-30.114,14.190216064453123,5.900225,0.0
13:22:41.869269,-0.36051,21.51503231921333,-30.468,13.195953369140623,5.905222,-198.97192221581508
13:22:41.874244,-0.36051,21.51503231921333,-30.468,13.195953369140623,5.910197,0.0
13:22:41.879360,-0.36051,21.51503231921333,-30.468,13.195953369140623,5.915313,0.0
13:22:41.884409,-0.36051,21.51503231921333,-30.468,13.195953369140623,5.920362,0.0
13:22:41.889263,-0.36051,21.51503231921333,-30.468,13.195953369140623,5.925216,0.0
13:22:41.894309,-0.36051,21.51503231921333,-30.468,13.195953369140623,5.930262,0.0
13:22:41.899268,-0.36051,21.51503231921333,-30.468,13.195953369140623,5.935221,0.0
13:22:41.904300,-0.37698,23.46473935046333,-29.982,12.22675323486328,5.940253,-192.6073398802381
13:22:41.909295,-0.37698,23.46473935046333,-29.982,12.22675323486328,5.945248,0.0
13:22:41.914347,-0.37698,23.46473935046333,-29.982,12.22675323486328,5.9503,0.0
13:22:41.919374,-0.37698,23.46473935046333,-29.982,12.22675323486328,5.955327,0.0
13:22:41.924512,-0.37698,23.46473935046333,-29.982,12.22675323486328,5.960465,0.0
13:22:41.929466,-0.37698,23.46473935046333,-29.982,12.22675323486328,5.965419,0.0
13:22:41.934325,-0.28914,18.69130185046333,-30.642,11.246223449707031,5.970278,-201.79662176499784
13:22:41.939299,-0.28914,18.69130185046333,-30.642,11.246223449707031,5.975252,0.0
13:22:41.944328,-0.28914,18.69130185046333,-30.642,11.246223449707031,5.980281,0.0
13:22:41.949346,-0.28914,18.69130185046333,-30.642,11.246223449707031,5.985299,0.0
13:22:41.954395,-0.28914,18.69130185046333,-30.642,11.246223449707031,5.990348,0.0
13:22:41.959360,-0.28914,18.69130185046333,-30.642,11.246223449707031,5.995313,0.0
13:22:41.964823,-0.37698,19.76698544421333,-29.928,10.293846130371094,6.000776,-174.3322934900196
13:22:41.969263,-0.37698,19.76698544421333,-29.928,10.293846130371094,6.005216,0.0
13:22:41.974328,-0.37698,19.76698544421333,-29.928,10.293846130371094,6.010281,0.0
13:22:41.979435,-0.37698,19.76698544421333,-29.928,10.293846130371094,6.015388,0.0
13:22:41.984283,-0.37698,19.76698544421333,-29.928,10.293846130371094,6.020236,0.0
13:22:41.989294,-0.37698,19.76698544421333,-29.928,10.293846130371094,6.025247,0.0
13:22:41.994292,-0.37698,19.76698544421333,-29.928,10.293846130371094,6.030245,0.0
13:22:41.999314,-0.2763299999999999,15.867815522338327,-30.54,9.330825805664062,6.035267,-191.76031953543867
13:22:42.004293,-0.2763299999999999,15.867815522338327,-30.54,9.330825805664062,6.040246,0.0
13:22:42.009321,-0.2763299999999999,15.867815522338327,-30.54,9.330825805664062,6.045274,0.0
13:22:42.014280,-0.2763299999999999,15.867815522338327,-30.54,9.330825805664062,6.050233,0.0
13:22:42.019302,-0.2763299999999999,15.867815522338327,-30.54,9.330825805664062,6.055255,0.0
13:22:42.024327,-0.2763299999999999,15.867815522338327,-30.54,9.330825805664062,6.06028,0.0
13:22:42.029290,-0.2763299999999999,15.867815522338327,-30.54,9.330825805664062,6.065243,0.0
13:22:42.034347,-0.31842,14.657610444213327,-30.18,8.318367004394531,6.0703,-200.20937339718367
13:22:42.039253,-0.31842,14.657610444213327,-30.18,8.318367004394531,6.075206,0.0
13:22:42.044376,-0.31842,14.657610444213327,-30.18,8.318367004394531,6.080329,0.0
13:22:42.049434,-0.31842,14.657610444213327,-30.18,8.318367004394531,6.085387,0.0
13:22:42.054348,-0.31842,14.657610444213327,-30.18,8.318367004394531,6.090301,0.0
13:22:42.059318,-0.31842,14.657610444213327,-30.18,8.318367004394531,6.095271,0.0
13:22:42.064276,-0.26169,12.707903412963327,-30.318,7.346763610839844,6.100229,-195.96679982953097
13:22:42.069301,-0.26169,12.707903412963327,-30.318,7.346763610839844,6.105254,0.0
13:22:42.074267,-0.26169,12.707903412963327,-30.318,7.346763610839844,6.11022,0.0
13:22:42.079300,-0.26169,12.707903412963327,-30.318,7.346763610839844,6.115253,0.0
13:22:42.084306,-0.26169,12.707903412963327,-30.318,7.346763610839844,6.120259,0.0
13:22:42.089314,-0.26169,12.707903412963327,-30.318,7.346763610839844,6.125267,0.0
13:22:42.094247,-0.26169,12.707903412963327,-30.318,7.346763610839844,6.1302,0.0
13:22:42.099286,-0.27816,10.960100678588327,-30.306,6.359367370605469,6.135239,-195.95083156070092
13:22:42.104293,-0.27816,10.960100678588327,-30.306,6.359367370605469,6.140246,0.0
13:22:42.109288,-0.27816,10.960100678588327,-30.306,6.359367370605469,6.145241,0.0
13:22:42.114263,-0.27816,10.960100678588327,-30.306,6.359367370605469,6.150216,0.0
13:22:42.119274,-0.27816,10.960100678588327,-30.306,6.359367370605469,6.155227,0.0
13:22:42.124285,-0.27816,10.960100678588327,-30.306,6.359367370605469,6.160238,0.0
13:22:42.129144,-0.24156,11.027239350463327,-30.264000000000003,5.408706665039063,6.165097,-195.64945576585419
13:22:42.134060,-0.24156,11.027239350463327,-30.264000000000003,5.408706665039063,6.170013,0.0
13:22:42.139058,-0.24156,11.027239350463327,-30.264000000000003,5.408706665039063,6.175011,0.0
13:22:42.144067,-0.24156,11.027239350463327,-30.264000000000003,5.408706665039063,6.18002,0.0
13:22:42.149100,-0.24156,11.027239350463327,-30.264000000000003,5.408706665039063,6.185053,0.0
13:22:42.154066,-0.24156,11.027239350463327,-30.264000000000003,5.408706665039063,6.190019,0.0
13:22:42.159574,-0.24156,11.027239350463327,-30.348,4.45220947265625,6.195527,-173.65598990247642
13:22:42.164053,-0.24156,6.724504975463328,-30.348,4.45220947265625,6.200006,0.0
13:22:42.169056,-0.24156,6.724504975463328,-30.348,4.45220947265625,6.205009,0.0
13:22:42.174086,-0.24156,6.724504975463328,-30.348,4.45220947265625,6.210039,0.0
13:22:42.179084,-0.24156,6.724504975463328,-30.348,4.45220947265625,6.215037,0.0
13:22:42.184098,-0.24156,6.724504975463328,-30.348,4.45220947265625,6.220051,0.0
13:22:42.189119,-0.24156,6.724504975463328,-30.348,4.45220947265625,6.225072,0.0
13:22:42.194387,-0.22875,8.203753022338327,-30.06,3.4720230102539062,6.23034,-186.06424874759574
13:22:42.199385,-0.22875,8.203753022338327,-30.06,3.4720230102539062,6.235338,0.0
13:22:42.204514,-0.22875,8.203753022338327,-30.06,3.4720230102539062,6.240467,0.0
13:22:42.209280,-0.22875,8.203753022338327,-30.06,3.4720230102539062,6.245233,0.0
13:22:42.214325,-0.22875,8.203753022338327,-30.06,3.4720230102539062,6.250278,0.0
13:22:42.219450,-0.22875,8.203753022338327,-30.06,3.4720230102539062,6.255403,0.0
13:22:42.224320,-0.18117,8.203753022338327,-30.54,2.487030029296875,6.260273,-202.25728561748156
13:22:42.229073,-0.18117,3.094378022338327,-30.54,2.487030029296875,6.265026,0.0
13:22:42.234113,-0.18117,3.094378022338327,-30.54,2.487030029296875,6.270066,0.0
13:22:42.239047,-0.18117,3.094378022338327,-30.54,2.487030029296875,6.275,0.0
13:22:42.244066,-0.18117,3.094378022338327,-30.54,2.487030029296875,6.280019,0.0
13:22:42.249104,-0.18117,3.094378022338327,-30.54,2.487030029296875,6.285057,0.0
13:22:42.254069,-0.18117,3.094378022338327,-30.54,2.487030029296875,6.290022,0.0
13:22:42.259397,-0.21594,4.035540131713328,-29.97,1.539459228515625,6.29535,-177.84737251898858
13:22:42.264361,-0.21594,4.035540131713328,-29.97,1.539459228515625,6.300314,0.0
13:22:42.269403,-0.21594,4.035540131713328,-29.97,1.539459228515625,6.305356,0.0
13:22:42.274397,-0.21594,4.035540131713328,-29.97,1.539459228515625,6.31035,0.0
13:22:42.279260,-0.21594,4.035540131713328,-29.97,1.539459228515625,6.315213,0.0
13:22:42.284395,-0.21594,4.035540131713328,-29.97,1.539459228515625,6.320348,0.0
13:22:42.289657,-0.13725,-0.4017157276616729,-30.528,0.5771255493164062,6.32561,-182.88363344720648
13:22:42.294319,-0.13725,-0.4017157276616729,-30.528,0.5771255493164062,6.330272,0.0
13:22:42.299364,-0.13725,-0.4017157276616729,-30.528,0.5771255493164062,6.335317,0.0
13:22:42.304375,-0.13725,-0.4017157276616729,-30.528,0.5771255493164062,6.340328,0.0
13:22:42.309237,-0.13725,-0.4017157276616729,-30.528,0.5771255493164062,6.34519,0.0
13:22:42.314059,-0.13725,-0.4017157276616729,-30.528,0.5771255493164062,6.350012,0.0
13:22:42.319383,-0.13725,-0.4017157276616729,-30.528,0.5771255493164062,6.355336,0.0
13:22:42.324319,-0.19398,0.337786225463327,-30.03,-0.42022705078125,6.360272,-202.05684766971044
13:22:42.329163,-0.19398,0.337786225463327,-30.03,-0.42022705078125,6.365116,0.0
13:22:42.334087,-0.19398,0.337786225463327,-30.03,-0.42022705078125,6.37004,0.0
13:22:42.339082,-0.19398,0.337786225463327,-30.03,-0.42022705078125,6.375035,0.0
13:22:42.344094,-0.19398,0.337786225463327,-30.03,-0.42022705078125,6.380047,0.0
13:22:42.349085,-0.19398,0.337786225463327,-30.03,-0.42022705078125,6.385038,0.0
13:22:42.354631,-0.1281,-3.090924712036673,-30.504,-1.380157470703125,6.390584,-173.08518209915337
13:22:42.359065,-0.1281,-3.090924712036673,-30.504,-1.380157470703125,6.395018,0.0
13:22:42.364091,-0.1281,-3.090924712036673,-30.504,-1.380157470703125,6.400044,0.0
13:22:42.369070,-0.1281,-3.090924712036673,-30.504,-1.380157470703125,6.405023,0.0
13:22:42.374093,-0.1281,-3.090924712036673,-30.504,-1.380157470703125,6.410046,0.0
13:22:42.379082,-0.1281,-3.090924712036673,-30.504,-1.380157470703125,6.415035,0.0
13:22:42.384087,-0.1281,-3.090924712036673,-30.504,-1.380157470703125,6.42004,0.0
13:22:42.389064,-0.15555,-4.6370672901616725,-30.048,-2.366180419921875,6.425017,-198.11592308995463
13:22:42.394057,-0.15555,-4.6370672901616725,-30.048,-2.366180419921875,6.43001,0.0
13:22:42.399055,-0.15555,-4.6370672901616725,-30.048,-2.366180419921875,6.435008,0.0
13:22:42.404098,-0.15555,-4.6370672901616725,-30.048,-2.366180419921875,6.440051,0.0
13:22:42.409051,-0.15555,-4.6370672901616725,-30.048,-2.366180419921875,6.445004,0.0
13:22:42.414052,-0.15555,-4.6370672901616725,-30.048,-2.366180419921875,6.450005,0.0
13:22:42.419148,-0.08052,-5.6456122120366725,-30.33,-3.349800109863281,6.455101,-193.01799253167343
13:22:42.424058,-0.08052,-5.6456122120366725,-30.33,-3.349800109863281,6.460011,0.0
13:22:42.429091,-0.08052,-5.6456122120366725,-30.33,-3.349800109863281,6.465044,0.0
13:22:42.434065,-0.08052,-5.6456122120366725,-30.33,-3.349800109863281,6.470018,0.0
13:22:42.439086,-0.08052,-5.6456122120366725,-30.33,-3.349800109863281,6.475039,0.0
13:22:42.444083,-0.08052,-5.6456122120366725,-30.33,-3.349800109863281,6.480036,0.0
13:22:42.449070,-0.08052,-5.6456122120366725,-30.33,-3.349800109863281,6.485023,0.0
13:22:42.454384,-0.1281,-9.275983305786673,-30.228,-4.281578063964844,6.490337,-175.3439883518097
13:22:42.459376,-0.1281,-9.275983305786673,-30.228,-4.281578063964844,6.495329,0.0
13:22:42.464383,-0.1281,-9.275983305786673,-30.228,-4.281578063964844,6.500336,0.0
13:22:42.469119,-0.1281,-9.275983305786673,-30.228,-4.281578063964844,6.505072,0.0
13:22:42.474336,-0.1281,-9.275983305786673,-30.228,-4.281578063964844,6.510289,0.0
13:22:42.479392,-0.1281,-9.275983305786673,-30.228,-4.281578063964844,6.515345,0.0
13:22:42.484213,-0.08052,-8.670758696411673,-30.228,-5.2521514892578125,6.520166,-201.32201312860832
13:22:42.489167,-0.08052,-8.670758696411673,-30.228,-5.2521514892578125,6.52512,0.0
13:22:42.494038,-0.08052,-8.670758696411673,-30.228,-5.2521514892578125,6.529991,0.0
13:22:42.499053,-0.08052,-8.670758696411673,-30.228,-5.2521514892578125,6.535006,0.0
13:22:42.504157,-0.08052,-8.670758696411673,-30.228,-5.2521514892578125,6.54011,0.0
13:22:42.509067,-0.08052,-8.670758696411673,-30.228,-5.2521514892578125,6.54502,0.0
13:22:42.514198,-0.08052,-8.670758696411673,-30.228,-5.2521514892578125,6.550151,0.0
13:22:42.519082,-0.06222,-12.771832915161673,-30.24,-6.242637634277344,6.555035,-202.80224099496698
13:22:42.524058,-0.06222,-12.771832915161673,-30.24,-6.242637634277344,6.560011,0.0
13:22:42.529069,-0.06222,-12.771832915161673,-30.24,-6.242637634277344,6.565022,0.0
13:22:42.534099,-0.06222,-12.771832915161673,-30.24,-6.242637634277344,6.570052,0.0
13:22:42.539061,-0.06222,-12.771832915161673,-30.24,-6.242637634277344,6.575014,0.0
13:22:42.544061,-0.06222,-12.771832915161673,-30.24,-6.242637634277344,6.580014,0.0
13:22:42.549138,-0.06588,-10.956647368286673,-30.096000000000004,-7.2035980224609375,6.585091,-189.27720862391058
13:22:42.554055,-0.06588,-10.956647368286673,-30.096000000000004,-7.2035980224609375,6.590008,0.0
13:22:42.559064,-0.06588,-10.956647368286673,-30.096000000000004,-7.2035980224609375,6.595017,0.0
13:22:42.564060,-0.06588,-10.956647368286673,-30.096000000000004,-7.2035980224609375,6.600013,0.0
13:22:42.569082,-0.06588,-10.956647368286673,-30.096000000000004,-7.2035980224609375,6.605035,0.0
13:22:42.574093,-0.06588,-10.956647368286673,-30.096000000000004,-7.2035980224609375,6.610046,0.0
13:22:42.579195,-0.04575,-16.872662993286674,-30.504,-8.144645690917969,6.615148,-184.44681859212903
13:22:42.584071,-0.04575,-16.872662993286674,-30.504,-8.144645690917969,6.620024,0.0
13:22:42.589052,-0.04575,-16.872662993286674,-30.504,-8.144645690917969,6.625005,0.0
13:22:42.594090,-0.04575,-16.872662993286674,-30.504,-8.144645690917969,6.630043,0.0
13:22:42.599211,-0.04575,-16.872662993286674,-30.504,-8.144645690917969,6.635164,0.0
13:22:42.604093,-0.04575,-16.872662993286674,-30.504,-8.144645690917969,6.640046,0.0
13:22:42.609097,-0.04575,-16.872662993286674,-30.504,-8.144645690917969,6.64505,0.0
13:22:42.614117,-0.04209,-14.654157133911673,-29.838,-9.131011962890623,6.65007,-196.48730517383459
13:22:42.619061,-0.04209,-14.654157133911673,-29.838,-9.131011962890623,6.655014,0.0
13:22:42.624040,-0.04209,-14.654157133911673,-29.838,-9.131011962890623,6.659993,0.0
13:22:42.629071,-0.04209,-14.654157133911673,-29.838,-9.131011962890623,6.665024,0.0
13:22:42.634085,-0.04209,-14.654157133911673,-29.838,-9.131011962890623,6.670038,0.0
13:22:42.639072,-0.04209,-14.654157133911673,-29.838,-9.131011962890623,6.675025,0.0
13:22:42.644472,0.0,-20.032575102661674,-30.678,-10.074462890625,6.680425,-174.7131347656302
13:22:42.649053,0.0,-20.032575102661674,-30.678,-10.074462890625,6.685006,0.0
13:22:42.654039,0.0,-20.032575102661674,-30.678,-10.074462890625,6.689992,0.0
13:22:42.659092,0.0,-20.032575102661674,-30.678,-10.074462890625,6.695045,0.0
13:22:42.664082,0.0,-20.032575102661674,-30.678,-10.074462890625,6.700035,0.0
13:22:42.669081,0.0,-20.032575102661674,-30.678,-10.074462890625,6.705034,0.0
13:22:42.674128,0.0,-20.032575102661674,-30.678,-10.074462890625,6.710081,0.0
13:22:42.679138,-0.07503,-18.822370024536674,-29.856,-11.056022644042969,6.715091,-195.92011046265264
13:22:42.684062,-0.07503,-18.822370024536674,-29.856,-11.056022644042969,6.720015,0.0
13:22:42.689067,-0.07503,-18.822370024536674,-29.856,-11.056022644042969,6.72502,0.0
13:22:42.694063,-0.07503,-18.822370024536674,-29.856,-11.056022644042969,6.730016,0.0
13:22:42.699222,-0.07503,-18.822370024536674,-29.856,-11.056022644042969,6.735175,0.0
13:22:42.704064,-0.07503,-18.822370024536674,-29.856,-11.056022644042969,6.740017,0.0
13:22:42.709140,0.04209,-22.183942290161674,-30.438,-12.021446228027344,6.745093,-190.19377147052836
13:22:42.714090,0.04209,-22.183942290161674,-30.438,-12.021446228027344,6.750043,0.0
13:22:42.719051,0.04209,-22.183942290161674,-30.438,-12.021446228027344,6.755004,0.0
13:22:42.724230,0.04209,-22.183942290161674,-30.438,-12.021446228027344,6.760183,0.0
13:22:42.729178,0.04209,-22.183942290161674,-30.438,-12.021446228027344,6.765131,0.0
13:22:42.734130,0.04209,-22.183942290161674,-30.438,-12.021446228027344,6.770083,0.0
13:22:42.739085,0.04209,-22.183942290161674,-30.438,-12.021446228027344,6.775038,0.0
13:22:42.744142,-0.01647,-23.393903227661674,-30.138,-13.008155822753906,6.780095,-195.1175785498494
13:22:42.749139,-0.01647,-23.393903227661674,-30.138,-13.008155822753906,6.785092,0.0
13:22:42.754106,-0.01647,-23.393903227661674,-30.138,-13.008155822753906,6.790059,0.0
13:22:42.759071,-0.01647,-23.393903227661674,-30.138,-13.008155822753906,6.795024,0.0
13:22:42.764085,-0.01647,-23.393903227661674,-30.138,-13.008155822753906,6.800038,0.0
13:22:42.769070,-0.01647,-23.393903227661674,-30.138,-13.008155822753906,6.805023,0.0
13:22:42.774341,0.02745,-24.200787993286674,-30.414,-13.977012634277344,6.810294,-183.80891890030628
13:22:42.779067,0.02745,-24.200787993286674,-30.414,-13.977012634277344,6.81502,0.0
13:22:42.784054,0.02745,-24.200787993286674,-30.414,-13.977012634277344,6.820007,0.0
13:22:42.789090,0.02745,-24.200787993286674,-30.414,-13.977012634277344,6.825043,0.0
13:22:42.794073,0.02745,-24.200787993286674,-30.414,-13.977012634277344,6.830026,0.0
13:22:42.799367,0.02745,-24.200787993286674,-30.414,-13.977012634277344,6.83532,0.0
13:22:42.804332,0.02745,-24.200787993286674,-30.414,-13.977012634277344,6.840285,0.0
13:22:42.809360,0.0,-28.637799712036674,-30.168,-14.969215393066406,6.845313,-197.33547310839543
13:22:42.814415,0.0,-28.637799712036674,-30.168,-14.969215393066406,6.850368,0.0
13:22:42.819436,0.0,-28.637799712036674,-30.168,-14.969215393066406,6.855389,0.0
13:22:42.824087,0.0,-28.637799712036674,-30.168,-14.969215393066406,6.86004,0.0
13:22:42.829375,0.0,-28.637799712036674,-30.168,-14.969215393066406,6.865328,0.0
13:22:42.834489,0.0,-28.637799712036674,-30.168,-14.969215393066406,6.870442,0.0
13:22:42.839755,0.06771,-26.688092680786674,-30.288,-15.941848754882812,6.875708,-184.70060042086678
13:22:42.844345,0.06771,-26.688092680786674,-30.288,-15.941848754882812,6.880298,0.0
13:22:42.849402,0.06771,-26.688092680786674,-30.288,-15.941848754882812,6.885355,0.0
13:22:42.854131,0.06771,-26.688092680786674,-30.288,-15.941848754882812,6.890084,0.0
13:22:42.859430,0.06771,-26.688092680786674,-30.288,-15.941848754882812,6.895383,0.0
13:22:42.864413,0.06771,-26.688092680786674,-30.288,-15.941848754882812,6.900366,0.0
13:22:42.869441,0.06771,-26.688092680786674,-30.288,-15.941848754882812,6.905394,0.0
13:22:42.874444,0.04575,-33.007672758911674,-30.528,-16.914825439453125,6.910397,-194.47864972425032
13:22:42.879339,0.04575,-33.007672758911674,-30.528,-16.914825439453125,6.915292,0.0
13:22:42.884417,0.04575,-33.007672758911674,-30.528,-16.914825439453125,6.92037,0.0
13:22:42.889426,0.04575,-33.007672758911674,-30.528,-16.914825439453125,6.925379,0.0
13:22:42.894424,0.04575,-33.007672758911674,-30.528,-16.914825439453125,6.930377,0.0
13:22:42.899273,0.04575,-33.007672758911674,-30.528,-16.914825439453125,6.935226,0.0
13:22:42.904126,0.06405,-29.310162993286674,-29.934,-17.87578582763672,6.940079,-198.01367982353977
13:22:42.909044,0.06405,-29.310162993286674,-29.934,-17.87578582763672,6.944997,0.0
13:22:42.914052,0.06405,-29.310162993286674,-29.934,-17.87578582763672,6.950005,0.0
13:22:42.919099,0.06405,-29.310162993286674,-29.934,-17.87578582763672,6.955052,0.0
13:22:42.924113,0.06405,-29.310162993286674,-29.934,-17.87578582763672,6.960066,0.0
13:22:42.929096,0.06405,-29.310162993286674,-29.934,-17.87578582763672,6.965049,0.0
13:22:42.934058,0.06405,-29.310162993286674,-29.934,-17.87578582763672,6.970011,0.0
13:22:42.939093,0.09882,-36.03306338391168,-30.636,-18.85631561279297,6.975046,-194.7427577271809
13:22:42.944068,0.09882,-36.03306338391168,-30.636,-18.85631561279297,6.980021,0.0
13:22:42.949070,0.09882,-36.03306338391168,-30.636,-18.85631561279297,6.985023,0.0
13:22:42.954088,0.09882,-36.03306338391168,-30.636,-18.85631561279297,6.990041,0.0
13:22:42.959082,0.09882,-36.03306338391168,-30.636,-18.85631561279297,6.995035,0.0
13:22:42.964084,0.09882,-36.03306338391168,-30.636,-18.85631561279297,7.000037,0.0
13:22:42.969401,0.07686,-32.806012602661674,-29.976000000000003,-19.85607147216797,7.005354,-188.03006570905373
13:22:42.974488,0.07686,-32.806012602661674,-29.976000000000003,-19.85607147216797,7.010441,0.0
13:22:42.979360,0.07686,-32.806012602661674,-29.976000000000003,-19.85607147216797,7.015313,0.0
13:22:42.984388,0.07686,-32.806012602661674,-29.976000000000003,-19.85607147216797,7.020341,0.0
13:22:42.989411,0.07686,-32.806012602661674,-29.976000000000003,-19.85607147216797,7.025364,0.0
13:22:42.994406,0.07686,-32.806012602661674,-29.976000000000003,-19.85607147216797,7.030359,0.0
13:22:42.999326,0.07686,-32.806012602661674,-29.976000000000003,-19.85607147216797,7.035279,0.0
13:22:43.004261,0.12993,-38.722272368286674,-30.582,-20.815658569335938,7.040214,-194.44520712624703
13:22:43.009051,0.12993,-38.722272368286674,-30.582,-20.815658569335938,7.045004,0.0
13:22:43.014061,0.12993,-38.722272368286674,-30.582,-20.815658569335938,7.050014,0.0
13:22:43.019068,0.12993,-38.722272368286674,-30.582,-20.815658569335938,7.055021,0.0
13:22:43.024094,0.12993,-38.722272368286674,-30.582,-20.815658569335938,7.060047,0.0
13:22:43.029094,0.12993,-38.722272368286674,-30.582,-20.815658569335938,7.065047,0.0
13:22:43.034090,0.08418,-38.722272368286674,-29.958,-21.81438446044922,7.070043,-199.90510230449095
13:22:43.039048,0.08418,-36.63804385266168,-29.958,-21.81438446044922,7.075001,0.0
13:22:43.044063,0.08418,-36.63804385266168,-29.958,-21.81438446044922,7.080016,0.0
13:22:43.049083,0.08418,-36.63804385266168,-29.958,-21.81438446044922,7.085036,0.0
13:22:43.054118,0.08418,-36.63804385266168,-29.958,-21.81438446044922,7.090071,0.0
13:22:43.059113,0.08418,-36.63804385266168,-29.958,-21.81438446044922,7.095066,0.0
13:22:43.064112,0.08418,-36.63804385266168,-29.958,-21.81438446044922,7.100065,0.0
13:22:43.069471,0.17385,-40.94077822766168,-30.618,-22.757492065429688,7.105424,-175.98574453823656
13:22:43.074299,0.17385,-40.94077822766168,-30.618,-22.757492065429688,7.110252,0.0
13:22:43.079289,0.17385,-40.94077822766168,-30.618,-22.757492065429688,7.115242,0.0
13:22:43.084126,0.17385,-40.94077822766168,-30.618,-22.757492065429688,7.120079,0.0
13:22:43.089464,0.17385,-40.94077822766168,-30.618,-22.757492065429688,7.125417,0.0
13:22:43.094359,0.17385,-40.94077822766168,-30.618,-22.757492065429688,7.130312,0.0
13:22:43.099323,0.10431,-42.01646182141168,-30.018,-23.719139099121094,7.135276,-193.72422113041284
13:22:43.104332,0.10431,-42.01646182141168,-30.018,-23.719139099121094,7.140285,0.0
13:22:43.109273,0.10431,-42.01646182141168,-30.018,-23.719139099121094,7.145226,0.0
13:22:43.114370,0.10431,-42.01646182141168,-30.018,-23.719139099121094,7.150323,0.0
13:22:43.119304,0.10431,-42.01646182141168,-30.018,-23.719139099121094,7.155257,0.0
13:22:43.124408,0.10431,-42.01646182141168,-30.018,-23.719139099121094,7.160361,0.0
13:22:43.129426,0.10431,-42.01646182141168,-30.018,-23.719139099121094,7.165379,0.0
13:22:43.134330,0.17751,-42.62144229016168,-30.444,-24.71271514892578,7.170283,-202.60523038428806
13:22:43.139167,0.17751,-42.62144229016168,-30.444,-24.71271514892578,7.17512,0.0
13:22:43.144375,0.17751,-42.62144229016168,-30.444,-24.71271514892578,7.180328,0.0
13:22:43.149344,0.17751,-42.62144229016168,-30.444,-24.71271514892578,7.185297,0.0
13:22:43.154354,0.17751,-42.62144229016168,-30.444,-24.71271514892578,7.190307,0.0
13:22:43.159352,0.17751,-42.62144229016168,-30.444,-24.71271514892578,7.195305,0.0
13:22:43.164256,0.15189,-46.05015322766168,-30.24,-25.678482055664062,7.200209,-196.93452421254509
13:22:43.169165,0.15189,-46.05015322766168,-30.24,-25.678482055664062,7.205118,0.0
13:22:43.174233,0.15189,-46.05015322766168,-30.24,-25.678482055664062,7.210186,0.0
13:22:43.179412,0.15189,-46.05015322766168,-30.24,-25.678482055664062,7.215365,0.0
13:22:43.184420,0.15189,-46.05015322766168,-30.24,-25.678482055664062,7.220373,0.0
13:22:43.189398,0.15189,-46.05015322766168,-30.24,-25.678482055664062,7.225351,0.0
13:22:43.194368,0.15189,-46.05015322766168,-30.24,-25.678482055664062,7.230321,0.0
13:22:43.199232,0.19398,-44.705670805786674,-30.378,-26.62364959716797,7.235185,-194.31898468417432
13:22:43.204297,0.19398,-44.705670805786674,-30.378,-26.62364959716797,7.24025,0.0
13:22:43.209397,0.19398,-44.705670805786674,-30.378,-26.62364959716797,7.24535,0.0
13:22:43.214381,0.19398,-44.705670805786674,-30.378,-26.62364959716797,7.250334,0.0
13:22:43.219398,0.19398,-44.705670805786674,-30.378,-26.62364959716797,7.255351,0.0
13:22:43.224340,0.19398,-44.705670805786674,-30.378,-26.62364959716797,7.260293,0.0
13:22:43.229316,0.18849,-50.823346587036674,-30.306,-27.577056884765625,7.265269,-191.60114300595635
13:22:43.234463,0.18849,-50.823346587036674,-30.306,-27.577056884765625,7.270416,0.0
13:22:43.239397,0.18849,-50.823346587036674,-30.306,-27.577056884765625,7.27535,0.0
13:22:43.244473,0.18849,-50.823346587036674,-30.306,-27.577056884765625,7.280426,0.0
13:22:43.249477,0.18849,-50.823346587036674,-30.306,-27.577056884765625,7.28543,0.0
13:22:43.254344,0.18849,-50.823346587036674,-30.306,-27.577056884765625,7.290297,0.0
13:22:43.260265,0.21411,-47.260358305786674,-30.192,-28.566856384277344,7.296218,-167.1676236297492
13:22:43.264287,0.21411,-47.260358305786674,-30.192,-28.566856384277344,7.30024,0.0
13:22:43.269356,0.21411,-47.260358305786674,-30.192,-28.566856384277344,7.305309,0.0
13:22:43.274088,0.21411,-47.260358305786674,-30.192,-28.566856384277344,7.310041,0.0
13:22:43.279106,0.21411,-47.260358305786674,-30.192,-28.566856384277344,7.315059,0.0
13:22:43.284040,0.21411,-47.260358305786674,-30.192,-28.566856384277344,7.319993,0.0
13:22:43.289039,0.21411,-47.260358305786674,-30.192,-28.566856384277344,7.324992,0.0
13:22:43.294061,0.2196,-54.18491885266168,-30.492,-29.541549682617184,7.330014,-194.08468704495843
13:22:43.299174,0.2196,-54.18491885266168,-30.492,-29.541549682617184,7.335127,0.0
13:22:43.304048,0.2196,-54.18491885266168,-30.492,-29.541549682617184,7.340001,0.0
13:22:43.309035,0.2196,-54.18491885266168,-30.492,-29.541549682617184,7.344988,0.0
13:22:43.314090,0.2196,-54.18491885266168,-30.492,-29.541549682617184,7.350043,0.0
13:22:43.319056,0.2196,-54.18491885266168,-30.492,-29.541549682617184,7.355009,0.0
13:22:43.324138,0.22143,-54.18491885266168,-30.054,-30.496330261230465,7.360091,-187.8749662757413
13:22:43.329083,0.22143,-50.48716494641168,-30.054,-30.496330261230465,7.365036,0.0
13:22:43.334129,0.22143,-50.48716494641168,-30.054,-30.496330261230465,7.370082,0.0
13:22:43.339100,0.22143,-50.48716494641168,-30.054,-30.496330261230465,7.375053,0.0
13:22:43.344092,0.22143,-50.48716494641168,-30.054,-30.496330261230465,7.380045,0.0
13:22:43.349096,0.22143,-50.48716494641168,-30.054,-30.496330261230465,7.385049,0.0
13:22:43.354173,0.22143,-50.48716494641168,-30.054,-30.496330261230465,7.390126,0.0
13:22:43.359064,0.25803,-57.14292666516168,-30.51,-31.460723876953125,7.395017,-197.17718579486973
13:22:43.364037,0.25803,-57.14292666516168,-30.51,-31.460723876953125,7.39999,0.0
13:22:43.369087,0.25803,-57.14292666516168,-30.51,-31.460723876953125,7.40504,0.0
13:22:43.374081,0.25803,-57.14292666516168,-30.51,-31.460723876953125,7.410034,0.0
13:22:43.379063,0.25803,-57.14292666516168,-30.51,-31.460723876953125,7.415016,0.0
13:22:43.384089,0.25803,-57.14292666516168,-30.51,-31.460723876953125,7.420042,0.0
13:22:43.389209,0.25803,-57.14292666516168,-30.51,-31.460723876953125,7.425162,0.0
13:22:43.394201,0.22143,-53.04185244641168,-29.97,-32.45361328125,7.430154,-198.8961146428169
13:22:43.399052,0.22143,-53.04185244641168,-29.97,-32.45361328125,7.435005,0.0
13:22:43.404058,0.22143,-53.04185244641168,-29.97,-32.45361328125,7.440011,0.0
13:22:43.409092,0.22143,-53.04185244641168,-29.97,-32.45361328125,7.445045,0.0
13:22:43.414084,0.22143,-53.04185244641168,-29.97,-32.45361328125,7.450037,0.0
13:22:43.419085,0.22143,-53.04185244641168,-29.97,-32.45361328125,7.455038,0.0
13:22:43.424470,0.30195,-59.09263369641168,-30.618,-33.41251373291016,7.460423,-178.0687932516708
13:22:43.429356,0.30195,-59.09263369641168,-30.618,-33.41251373291016,7.465309,0.0
13:22:43.434405,0.30195,-59.09263369641168,-30.618,-33.41251373291016,7.470358,0.0
13:22:43.439114,0.30195,-59.09263369641168,-30.618,-33.41251373291016,7.475067,0.0
13:22:43.444096,0.30195,-59.09263369641168,-30.618,-33.41251373291016,7.480049,0.0
13:22:43.449087,0.30195,-59.09263369641168,-30.618,-33.41251373291016,7.48504,0.0
13:22:43.454753,0.25437,-56.874127837036674,-29.922,-34.4146728515625,7.490706,-176.87241769365124
13:22:43.459337,0.25437,-56.874127837036674,-29.922,-34.4146728515625,7.49529,0.0
13:22:43.464405,0.25437,-56.874127837036674,-29.922,-34.4146728515625,7.500358,0.0
13:22:43.469362,0.25437,-56.874127837036674,-29.922,-34.4146728515625,7.505315,0.0
13:22:43.474425,0.25437,-56.874127837036674,-29.922,-34.4146728515625,7.510378,0.0
13:22:43.479420,0.25437,-56.874127837036674,-29.922,-34.4146728515625,7.515373,0.0
13:22:43.484408,0.25437,-56.874127837036674,-29.922,-34.4146728515625,7.520361,0.0
13:22:43.489352,0.32025,-60.57163760266168,-30.672,-35.351600646972656,7.525305,-189.50804923344356
13:22:43.494346,0.32025,-60.57163760266168,-30.672,-35.351600646972656,7.530299,0.0
13:22:43.499263,0.32025,-60.57163760266168,-30.672,-35.351600646972656,7.535216,0.0
13:22:43.504090,0.32025,-60.57163760266168,-30.672,-35.351600646972656,7.540043,0.0
13:22:43.509072,0.32025,-60.57163760266168,-30.672,-35.351600646972656,7.545025,0.0
13:22:43.514066,0.32025,-60.57163760266168,-30.672,-35.351600646972656,7.550019,0.0
13:22:43.519176,0.25803,-60.30259463391168,-30.054,-36.315650939941406,7.555129,-188.6595485261679
13:22:43.524084,0.25803,-60.30259463391168,-30.054,-36.315650939941406,7.560037,0.0
13:22:43.529070,0.25803,-60.30259463391168,-30.054,-36.315650939941406,7.565023,0.0
13:22:43.534093,0.25803,-60.30259463391168,-30.054,-36.315650939941406,7.570046,0.0
13:22:43.539102,0.25803,-60.30259463391168,-30.054,-36.315650939941406,7.575055,0.0
13:22:43.544072,0.25803,-60.30259463391168,-30.054,-36.315650939941406,7.580025,0.0
13:22:43.549057,0.25803,-60.30259463391168,-30.054,-36.315650939941406,7.58501,0.0
13:22:43.554108,0.36783,-61.714459868286674,-30.468,-37.297210693359375,7.590061,-194.3297868576148
13:22:43.559066,0.36783,-61.714459868286674,-30.468,-37.297210693359375,7.595019,0.0
13:22:43.564071,0.36783,-61.714459868286674,-30.468,-37.297210693359375,7.600024,0.0
13:22:43.569117,0.36783,-61.714459868286674,-30.468,-37.297210693359375,7.60507,0.0
13:22:43.574111,0.36783,-61.714459868286674,-30.468,-37.297210693359375,7.610064,0.0
13:22:43.579066,0.36783,-61.714459868286674,-30.468,-37.297210693359375,7.615019,0.0
13:22:43.584106,0.30744,-65.00864932141167,-30.192,-38.26606750488281,7.620059,-192.23349434988248
13:22:43.589062,0.30744,-65.00864932141167,-30.192,-38.26606750488281,7.625015,0.0
13:22:43.594141,0.30744,-65.00864932141167,-30.192,-38.26606750488281,7.630094,0.0
13:22:43.599028,0.30744,-65.00864932141167,-30.192,-38.26606750488281,7.634981,0.0
13:22:43.604070,0.30744,-65.00864932141167,-30.192,-38.26606750488281,7.640023,0.0
13:22:43.609104,0.30744,-65.00864932141167,-30.192,-38.26606750488281,7.645057,0.0
13:22:43.614068,0.30744,-65.00864932141167,-30.192,-38.26606750488281,7.650021,0.0
13:22:43.619137,0.3477,-63.664166899536674,-30.384,-39.24591064453125,7.65509,-193.30107312059786
13:22:43.624067,0.3477,-63.664166899536674,-30.384,-39.24591064453125,7.66002,0.0
13:22:43.629072,0.3477,-63.664166899536674,-30.384,-39.24591064453125,7.665025,0.0
13:22:43.634088,0.3477,-63.664166899536674,-30.384,-39.24591064453125,7.670041,0.0
13:22:43.639090,0.3477,-63.664166899536674,-30.384,-39.24591064453125,7.675043,0.0
13:22:43.644093,0.3477,-63.664166899536674,-30.384,-39.24591064453125,7.680046,0.0
13:22:43.649422,0.33123,-68.77354189953667,-30.3,-40.23605346679688,7.685375,-185.80274390423884
13:22:43.654350,0.33123,-68.77354189953667,-30.3,-40.23605346679688,7.690303,0.0
13:22:43.659434,0.33123,-68.77354189953667,-30.3,-40.23605346679688,7.695387,0.0
13:22:43.664441,0.33123,-68.77354189953667,-30.3,-40.23605346679688,7.700394,0.0
13:22:43.669367,0.33123,-68.77354189953667,-30.3,-40.23605346679688,7.70532,0.0
13:22:43.674312,0.33123,-68.77354189953667,-30.3,-40.23605346679688,7.710265,0.0
13:22:43.679241,0.33123,-68.77354189953667,-30.3,-40.23605346679688,7.715194,0.0
13:22:43.684266,0.36966,-66.15171572766167,-30.204,-41.187744140625,7.720219,-189.39117887127347
13:22:43.689249,0.36966,-66.15171572766167,-30.204,-41.187744140625,7.725202,0.0
13:22:43.694257,0.36966,-66.15171572766167,-30.204,-41.187744140625,7.73021,0.0
13:22:43.699281,0.36966,-66.15171572766167,-30.204,-41.187744140625,7.735234,0.0
13:22:43.704295,0.36966,-66.15171572766167,-30.204,-41.187744140625,7.740248,0.0
13:22:43.709304,0.36966,-66.15171572766167,-30.204,-41.187744140625,7.745257,0.0
13:22:43.714264,0.36051,-72.20225283703667,-30.462000000000003,-42.14286804199219,7.750217,-192.5653026949773
13:22:43.719289,0.36051,-72.20225283703667,-30.462000000000003,-42.14286804199219,7.755242,0.0
13:22:43.724266,0.36051,-72.20225283703667,-30.462000000000003,-42.14286804199219,7.760219,0.0
13:22:43.729262,0.36051,-72.20225283703667,-30.462000000000003,-42.14286804199219,7.765215,0.0
13:22:43.734316,0.36051,-72.20225283703667,-30.462000000000003,-42.14286804199219,7.770269,0.0
13:22:43.739404,0.36051,-72.20225283703667,-30.462000000000003,-42.14286804199219,7.775357,0.0
13:22:43.744272,0.36051,-72.20225283703667,-30.462000000000003,-42.14286804199219,7.780225,0.0
13:22:43.749308,0.36783,-68.70640322766167,-29.856,-43.14434051513672,7.785261,-198.86268330906174
13:22:43.754377,0.36783,-68.70640322766167,-29.856,-43.14434051513672,7.79033,0.0
13:22:43.759376,0.36783,-68.70640322766167,-29.856,-43.14434051513672,7.795329,0.0
13:22:43.764398,0.36783,-68.70640322766167,-29.856,-43.14434051513672,7.800351,0.0
13:22:43.769415,0.36783,-68.70640322766167,-29.856,-43.14434051513672,7.805368,0.0
13:22:43.774314,0.36783,-68.70640322766167,-29.856,-43.14434051513672,7.810267,0.0
13:22:43.779270,0.43737,-74.62241885266167,-30.294,-44.09465789794922,7.815223,-191.7508843447352
13:22:43.784303,0.43737,-74.62241885266167,-30.294,-44.09465789794922,7.820256,0.0
13:22:43.789434,0.43737,-74.62241885266167,-30.294,-44.09465789794922,7.825387,0.0
13:22:43.794366,0.43737,-74.62241885266167,-30.294,-44.09465789794922,7.830319,0.0
13:22:43.799293,0.43737,-74.62241885266167,-30.294,-44.09465789794922,7.835246,0.0
13:22:43.804302,0.43737,-74.62241885266167,-30.294,-44.09465789794922,7.840255,0.0
13:22:43.809256,0.43737,-74.62241885266167,-30.294,-44.09465789794922,7.845209,0.0
13:22:43.814297,0.41724,-73.21055361828667,-29.244000000000003,-45.04085540771485,7.85025,-187.70035900923958
13:22:43.819315,0.41724,-73.21055361828667,-29.244000000000003,-45.04085540771485,7.855268,0.0
13:22:43.824345,0.41724,-73.21055361828667,-29.244000000000003,-45.04085540771485,7.860298,0.0
13:22:43.829411,0.41724,-73.21055361828667,-29.244000000000003,-45.04085540771485,7.865364,0.0
13:22:43.834428,0.41724,-73.21055361828667,-29.244000000000003,-45.04085540771485,7.870381,0.0
13:22:43.839412,0.41724,-73.21055361828667,-29.244000000000003,-45.04085540771485,7.875365,0.0
13:22:43.844416,0.47763,-79.66465518078667,-29.052,-45.97160339355469,7.880369,-186.00079653075892
13:22:43.849372,0.47763,-79.66465518078667,-29.052,-45.97160339355469,7.885325,0.0
13:22:43.854353,0.47763,-79.66465518078667,-29.052,-45.97160339355469,7.890306,0.0
13:22:43.859386,0.47763,-79.66465518078667,-29.052,-45.97160339355469,7.895339,0.0
13:22:43.864435,0.47763,-79.66465518078667,-29.052,-45.97160339355469,7.900388,0.0
13:22:43.869346,0.47763,-79.66465518078667,-29.052,-45.97160339355469,7.905299,0.0
13:22:43.874118,0.47763,-79.66465518078667,-29.052,-45.97160339355469,7.910071,0.0
13:22:43.879296,0.4520099999999999,-77.17710635266167,-27.702,-46.90200805664063,7.915249,-179.6841759532564
13:22:43.884363,0.4520099999999999,-77.17710635266167,-27.702,-46.90200805664063,7.920316,0.0
13:22:43.889414,0.4520099999999999,-77.17710635266167,-27.702,-46.90200805664063,7.925367,0.0
13:22:43.894385,0.4520099999999999,-77.17710635266167,-27.702,-46.90200805664063,7.930338,0.0
13:22:43.899353,0.4520099999999999,-77.17710635266167,-27.702,-46.90200805664063,7.935306,0.0
13:22:43.904336,0.4520099999999999,-77.17710635266167,-27.702,-46.90200805664063,7.940289,0.0
13:22:43.909331,0.5252100000000001,-81.61436221203667,-27.408,-47.767181396484375,7.945284,-173.2078758445903
13:22:43.914314,0.5252100000000001,-81.61436221203667,-27.408,-47.767181396484375,7.950267,0.0
13:22:43.919446,0.5252100000000001,-81.61436221203667,-27.408,-47.767181396484375,7.955399,0.0
13:22:43.924348,0.5252100000000001,-81.61436221203667,-27.408,-47.767181396484375,7.960301,0.0
13:22:43.929284,0.5252100000000001,-81.61436221203667,-27.408,-47.767181396484375,7.965237,0.0
13:22:43.934233,0.5252100000000001,-81.61436221203667,-27.408,-47.767181396484375,7.970186,0.0
13:22:43.939311,0.5252100000000001,-81.61436221203667,-27.408,-47.767181396484375,7.975264,0.0
13:22:43.944293,0.45933,-78.85801455578667,-25.758,-48.64093780517578,7.980246,-175.38265931180226
13:22:43.949363,0.45933,-78.85801455578667,-25.758,-48.64093780517578,7.985316,0.0
13:22:43.954364,0.45933,-78.85801455578667,-25.758,-48.64093780517578,7.990317,0.0
13:22:43.959419,0.45933,-78.85801455578667,-25.758,-48.64093780517578,7.995372,0.0
13:22:43.964443,0.45933,-78.85801455578667,-25.758,-48.64093780517578,8.000396,0.0
13:22:43.969449,0.45933,-78.85801455578667,-25.758,-48.64093780517578,8.005402,0.0
13:22:43.974399,0.52338,-83.76572939953667,-25.602,-49.42955017089844,8.010352,-159.31562943894872
13:22:43.979404,0.52338,-83.76572939953667,-25.602,-49.42955017089844,8.015357,0.0
13:22:43.984480,0.52338,-83.76572939953667,-25.602,-49.42955017089844,8.020433,0.0
13:22:43.989454,0.52338,-83.76572939953667,-25.602,-49.42955017089844,8.025407,0.0
13:22:43.994387,0.52338,-83.76572939953667,-25.602,-49.42955017089844,8.03034,0.0
13:22:43.999315,0.52338,-83.76572939953667,-25.602,-49.42955017089844,8.035268,0.0
13:22:44.004248,0.52338,-83.76572939953667,-25.602,-49.42955017089844,8.040201,0.0
13:22:44.009297,0.4758,-81.00913760266167,-24.108,-50.23738861083984,8.04525,-159.99969101633138
13:22:44.014308,0.4758,-81.00913760266167,-24.108,-50.23738861083984,8.050261,0.0
13:22:44.019397,0.4758,-81.00913760266167,-24.108,-50.23738861083984,8.05535,0.0
13:22:44.024362,0.4758,-81.00913760266167,-24.108,-50.23738861083984,8.060315,0.0
13:22:44.029436,0.4758,-81.00913760266167,-24.108,-50.23738861083984,8.065389,0.0
13:22:44.034320,0.4758,-81.00913760266167,-24.108,-50.23738861083984,8.070273,0.0
13:22:44.039267,0.52887,-86.52207705578667,-23.496,-51.02085113525391,8.07522,-158.37124002711573
13:22:44.044299,0.52887,-86.52207705578667,-23.496,-51.02085113525391,8.080252,0.0
13:22:44.049379,0.52887,-86.52207705578667,-23.496,-51.02085113525391,8.085332,0.0
13:22:44.054361,0.52887,-86.52207705578667,-23.496,-51.02085113525391,8.090314,0.0
13:22:44.059421,0.52887,-86.52207705578667,-23.496,-51.02085113525391,8.095374,0.0
13:22:44.064350,0.52887,-86.52207705578667,-23.496,-51.02085113525391,8.100303,0.0
13:22:44.069348,0.52887,-86.52207705578667,-23.496,-51.02085113525391,8.105301,0.0
13:22:44.074315,0.5343600000000001,-83.16050479016167,-22.386,-51.74285888671875,8.110268,-145.36093244715244
13:22:44.079396,0.5343600000000001,-83.16050479016167,-22.386,-51.74285888671875,8.115349,0.0
13:22:44.084407,0.5343600000000001,-83.16050479016167,-22.386,-51.74285888671875,8.12036,0.0
13:22:44.089420,0.5343600000000001,-83.16050479016167,-22.386,-51.74285888671875,8.125373,0.0
13:22:44.094517,0.5343600000000001,-83.16050479016167,-22.386,-51.74285888671875,8.13047,0.0
13:22:44.099446,0.5343600000000001,-83.16050479016167,-22.386,-51.74285888671875,8.135399,0.0
13:22:44.104310,0.53253,-86.32041689953667,-21.384,-52.44117736816406,8.140263,-143.56876674452698
13:22:44.109354,0.53253,-86.32041689953667,-21.384,-52.44117736816406,8.145307,0.0
13:22:44.114290,0.53253,-86.32041689953667,-21.384,-52.44117736816406,8.150243,0.0
13:22:44.119369,0.53253,-86.32041689953667,-21.384,-52.44117736816406,8.155322,0.0
13:22:44.124452,0.53253,-86.32041689953667,-21.384,-52.44117736816406,8.160405,0.0
13:22:44.129466,0.53253,-86.32041689953667,-21.384,-52.44117736816406,8.165419,0.0
13:22:44.134325,0.53253,-86.32041689953667,-21.384,-52.44117736816406,8.170278,0.0
13:22:44.139349,0.55449,-86.72373721203667,-20.676,-53.11168670654297,8.175302,-133.4612536582063
13:22:44.144376,0.55449,-86.72373721203667,-20.676,-53.11168670654297,8.180329,0.0
13:22:44.149397,0.55449,-86.72373721203667,-20.676,-53.11168670654297,8.18535,0.0
13:22:44.154453,0.55449,-86.72373721203667,-20.676,-53.11168670654297,8.190406,0.0
13:22:44.159421,0.55449,-86.72373721203667,-20.676,-53.11168670654297,8.195374,0.0
13:22:44.164347,0.55449,-86.72373721203667,-20.676,-53.11168670654297,8.2003,0.0
13:22:44.169275,0.5380199999999999,-84.70689150891167,-19.362,-53.74237060546875,8.205228,-127.9796872820277
13:22:44.174267,0.5380199999999999,-84.70689150891167,-19.362,-53.74237060546875,8.21022,0.0
13:22:44.179314,0.5380199999999999,-84.70689150891167,-19.362,-53.74237060546875,8.215267,0.0
13:22:44.184360,0.5380199999999999,-84.70689150891167,-19.362,-53.74237060546875,8.220313,0.0
13:22:44.189335,0.5380199999999999,-84.70689150891167,-19.362,-53.74237060546875,8.225288,0.0
13:22:44.194285,0.5380199999999999,-84.70689150891167,-19.362,-53.74237060546875,8.230238,0.0
13:22:44.199370,0.5380199999999999,-84.70689150891167,-19.362,-53.74237060546875,8.235323,0.0
13:22:44.204299,0.58194,-89.21128604016167,-18.588,-54.34902191162109,8.240252,-123.07796838146875
13:22:44.209420,0.58194,-89.21128604016167,-18.588,-54.34902191162109,8.245373,0.0
13:22:44.214357,0.58194,-89.21128604016167,-18.588,-54.34902191162109,8.25031,0.0
13:22:44.219391,0.58194,-89.21128604016167,-18.588,-54.34902191162109,8.255344,0.0
13:22:44.224302,0.58194,-89.21128604016167,-18.588,-54.34902191162109,8.260255,0.0
13:22:44.229272,0.58194,-89.21128604016167,-18.588,-54.34902191162109,8.265225,0.0
13:22:44.234294,0.58377,-87.66489932141167,-17.825999999999997,-54.911041259765625,8.270247,-111.91145920838397
13:22:44.239268,0.58377,-87.66489932141167,-17.825999999999997,-54.911041259765625,8.275221,0.0
13:22:44.244356,0.58377,-87.66489932141167,-17.825999999999997,-54.911041259765625,8.280309,0.0
13:22:44.249328,0.58377,-87.66489932141167,-17.825999999999997,-54.911041259765625,8.285281,0.0
13:22:44.254325,0.58377,-87.66489932141167,-17.825999999999997,-54.911041259765625,8.290278,0.0
13:22:44.259287,0.58377,-87.66489932141167,-17.825999999999997,-54.911041259765625,8.29524,0.0
13:22:44.264400,0.58011,-89.00938174328667,-16.488,-55.47065734863281,8.300353,-109.44965555783693
13:22:44.269255,0.58011,-89.00938174328667,-16.488,-55.47065734863281,8.305208,0.0
13:22:44.274258,0.58011,-89.00938174328667,-16.488,-55.47065734863281,8.310211,0.0
13:22:44.279229,0.58011,-89.00938174328667,-16.488,-55.47065734863281,8.315182,0.0
13:22:44.284296,0.58011,-89.00938174328667,-16.488,-55.47065734863281,8.320249,0.0
13:22:44.289252,0.58011,-89.00938174328667,-16.488,-55.47065734863281,8.325205,0.0
13:22:44.294397,0.58011,-89.00938174328667,-16.488,-55.47065734863281,8.33035,0.0
13:22:44.299366,0.5581499999999999,-89.00938174328667,-15.534,-55.964012145996094,8.335319,-99.28653599581263
13:22:44.304435,0.5581499999999999,-89.00938174328667,-15.534,-55.964012145996094,8.340388,0.0
13:22:44.309397,0.5581499999999999,-89.00938174328667,-15.534,-55.964012145996094,8.34535,0.0
13:22:44.314397,0.5581499999999999,-89.00938174328667,-15.534,-55.964012145996094,8.35035,0.0
13:22:44.319341,0.5581499999999999,-89.00938174328667,-15.534,-55.964012145996094,8.355294,0.0
13:22:44.324298,0.5581499999999999,-89.00938174328667,-15.534,-55.964012145996094,8.360251,0.0
13:22:44.329246,0.58194,-89.14390322766167,-14.748,-56.43985748291016,8.365199,-96.16922734721304
13:22:44.334271,0.58194,-89.14390322766167,-14.748,-56.43985748291016,8.370224,0.0
13:22:44.339403,0.58194,-89.14390322766167,-14.748,-56.43985748291016,8.375356,0.0
13:22:44.344421,0.58194,-89.14390322766167,-14.748,-56.43985748291016,8.380374,0.0
13:22:44.349424,0.58194,-89.14390322766167,-14.748,-56.43985748291016,8.385377,0.0
13:22:44.354423,0.58194,-89.14390322766167,-14.748,-56.43985748291016,8.390376,0.0
13:22:44.359561,0.58194,-89.14390322766167,-14.748,-56.43985748291016,8.395514,0.0
13:22:44.364426,0.62037,-90.01792666516167,-13.74,-56.90711975097656,8.400379,-96.04568716680691
13:22:44.369428,0.62037,-90.01792666516167,-13.74,-56.90711975097656,8.405381,0.0
13:22:44.374322,0.62037,-90.01792666516167,-13.74,-56.90711975097656,8.410275,0.0
13:22:44.379292,0.62037,-90.01792666516167,-13.74,-56.90711975097656,8.415245,0.0
13:22:44.384347,0.62037,-90.01792666516167,-13.74,-56.90711975097656,8.4203,0.0
13:22:44.389354,0.62037,-90.01792666516167,-13.74,-56.90711975097656,8.425307,0.0
13:22:44.394501,0.58377,-89.81626650891167,-12.576,-57.31807708740234,8.430454,-79.84405215190287
13:22:44.399279,0.58377,-89.81626650891167,-12.576,-57.31807708740234,8.435232,0.0
13:22:44.404470,0.58377,-89.81626650891167,-12.576,-57.31807708740234,8.440423,0.0
13:22:44.409453,0.58377,-89.81626650891167,-12.576,-57.31807708740234,8.445406,0.0
13:22:44.414408,0.58377,-89.81626650891167,-12.576,-57.31807708740234,8.450361,0.0
13:22:44.419371,0.58377,-89.81626650891167,-12.576,-57.31807708740234,8.455324,0.0
13:22:44.424312,0.58377,-89.81626650891167,-12.576,-57.31807708740234,8.460265,0.0
13:22:44.429271,0.5874300000000001,-90.08506533703668,-11.694,-57.71289825439454,8.465224,-79.61709356568707
13:22:44.434270,0.5874300000000001,-90.08506533703668,-11.694,-57.71289825439454,8.470223,0.0
13:22:44.439394,0.5874300000000001,-90.08506533703668,-11.694,-57.71289825439454,8.475347,0.0
13:22:44.444347,0.5874300000000001,-90.08506533703668,-11.694,-57.71289825439454,8.4803,0.0
13:22:44.449306,0.5874300000000001,-90.08506533703668,-11.694,-57.71289825439454,8.485259,0.0
13:22:44.454298,0.5874300000000001,-90.08506533703668,-11.694,-57.71289825439454,8.490251,0.0
13:22:44.459828,0.6185400000000001,-93.71543643078668,-10.829999999999998,-58.07544708251953,8.495781,-65.56036674956465
13:22:44.464253,0.6185400000000001,-93.71543643078668,-10.829999999999998,-58.07544708251953,8.500206,0.0
13:22:44.469312,0.6185400000000001,-93.71543643078668,-10.829999999999998,-58.07544708251953,8.505265,0.0
13:22:44.474279,0.6185400000000001,-93.71543643078668,-10.829999999999998,-58.07544708251953,8.510232,0.0
13:22:44.479272,0.6185400000000001,-93.71543643078668,-10.829999999999998,-58.07544708251953,8.515225,0.0
13:22:44.484263,0.6185400000000001,-93.71543643078668,-10.829999999999998,-58.07544708251953,8.520216,0.0
13:22:44.489257,0.6185400000000001,-93.71543643078668,-10.829999999999998,-58.07544708251953,8.52521,0.0
13:22:44.494247,0.6130500000000001,-90.89195010266168,-9.78,-58.38546752929688,8.5302,-62.128346047550856
13:22:44.499230,0.6130500000000001,-90.89195010266168,-9.78,-58.38546752929688,8.535183,0.0
13:22:44.504289,0.6130500000000001,-90.89195010266168,-9.78,-58.38546752929688,8.540242,0.0
13:22:44.509389,0.6130500000000001,-90.89195010266168,-9.78,-58.38546752929688,8.545342,0.0
13:22:44.514426,0.6130500000000001,-90.89195010266168,-9.78,-58.38546752929688,8.550379,0.0
13:22:44.519436,0.6130500000000001,-90.89195010266168,-9.78,-58.38546752929688,8.555389,0.0
13:22:44.524363,0.6130500000000001,-90.89195010266168,-9.78,-58.38546752929688,8.560316,0.0
13:22:44.529268,0.6130500000000001,-89.00938174328667,-8.676,-58.69068145751953,8.565221,-62.22506181910465
13:22:44.534223,0.6130500000000001,-89.00938174328667,-8.676,-58.69068145751953,8.570176,0.0
13:22:44.539428,0.6130500000000001,-89.00938174328667,-8.676,-58.69068145751953,8.575381,0.0
13:22:44.544439,0.6130500000000001,-89.00938174328667,-8.676,-58.69068145751953,8.580392,0.0
13:22:44.549437,0.6130500000000001,-89.00938174328667,-8.676,-58.69068145751953,8.58539,0.0
13:22:44.554447,0.6130500000000001,-89.00938174328667,-8.676,-58.69068145751953,8.5904,0.0
13:22:44.559441,0.6368400000000001,-91.90025088391168,-7.752,-58.95572662353516,8.595394,-53.07272046768825
13:22:44.564418,0.6368400000000001,-91.90025088391168,-7.752,-58.95572662353516,8.600371,0.0
13:22:44.569486,0.6368400000000001,-91.90025088391168,-7.752,-58.95572662353516,8.605439,0.0
13:22:44.574452,0.6368400000000001,-91.90025088391168,-7.752,-58.95572662353516,8.610405,0.0
13:22:44.579459,0.6368400000000001,-91.90025088391168,-7.752,-58.95572662353516,8.615412,0.0
13:22:44.584415,0.6368400000000001,-91.90025088391168,-7.752,-58.95572662353516,8.620368,0.0
13:22:44.589460,0.6368400000000001,-91.90025088391168,-7.752,-58.95572662353516,8.625413,0.0
13:22:44.594350,0.62037,-94.11900088391168,-6.654,-59.190216064453125,8.630303,-47.952850903472395
13:22:44.599315,0.62037,-94.11900088391168,-6.654,-59.190216064453125,8.635268,0.0
13:22:44.604349,0.62037,-94.11900088391168,-6.654,-59.190216064453125,8.640302,0.0
13:22:44.609425,0.62037,-94.11900088391168,-6.654,-59.190216064453125,8.645378,0.0
13:22:44.614450,0.62037,-94.11900088391168,-6.654,-59.190216064453125,8.650403,0.0
13:22:44.619452,0.62037,-94.11900088391168,-6.654,-59.190216064453125,8.655405,0.0
13:22:44.624577,0.6276900000000001,-93.71543643078668,-5.658,-59.39105987548828,8.66053,-39.18903629954573
13:22:44.629432,0.6276900000000001,-93.71543643078668,-5.658,-59.39105987548828,8.665385,0.0
13:22:44.634502,0.6276900000000001,-93.71543643078668,-5.658,-59.39105987548828,8.670455,0.0
13:22:44.639435,0.6276900000000001,-93.71543643078668,-5.658,-59.39105987548828,8.675388,0.0
13:22:44.644506,0.6276900000000001,-93.71543643078668,-5.658,-59.39105987548828,8.680459,0.0
13:22:44.649450,0.6276900000000001,-93.71543643078668,-5.658,-59.39105987548828,8.685403,0.0
13:22:44.654436,0.6276900000000001,-93.71543643078668,-5.658,-59.39105987548828,8.690389,0.0
13:22:44.659454,0.60024,-90.75742861828668,-4.626,-59.54864501953125,8.695407,-31.403974500393936
13:22:44.664451,0.60024,-90.75742861828668,-4.626,-59.54864501953125,8.700404,0.0
13:22:44.669468,0.60024,-90.75742861828668,-4.626,-59.54864501953125,8.705421,0.0
13:22:44.674442,0.60024,-90.75742861828668,-4.626,-59.54864501953125,8.710395,0.0
13:22:44.679385,0.60024,-90.75742861828668,-4.626,-59.54864501953125,8.715338,0.0
13:22:44.684457,0.60024,-90.75742861828668,-4.626,-59.54864501953125,8.72041,0.0
13:22:44.689749,0.6130500000000001,-90.21958682141168,-3.702,-59.6773910522461,8.725702,-24.328426438932887
13:22:44.694386,0.6130500000000001,-90.21958682141168,-3.702,-59.6773910522461,8.730339,0.0
13:22:44.699428,0.6130500000000001,-90.21958682141168,-3.702,-59.6773910522461,8.735381,0.0
13:22:44.704493,0.6130500000000001,-90.21958682141168,-3.702,-59.6773910522461,8.740446,0.0
13:22:44.709113,0.6130500000000001,-90.21958682141168,-3.702,-59.6773910522461,8.745066,0.0
13:22:44.714127,0.6130500000000001,-90.21958682141168,-3.702,-59.6773910522461,8.75008,0.0
13:22:44.719482,0.6130500000000001,-90.21958682141168,-3.702,-59.6773910522461,8.755435,0.0
13:22:44.724309,0.6331800000000001,-92.37095400891168,-2.8679999999999994,-59.78004455566406,8.760262,-21.26652235714715
13:22:44.729150,0.6331800000000001,-92.37095400891168,-2.8679999999999994,-59.78004455566406,8.765103,0.0
13:22:44.734092,0.6331800000000001,-92.37095400891168,-2.8679999999999994,-59.78004455566406,8.770045,0.0
13:22:44.739090,0.6331800000000001,-92.37095400891168,-2.8679999999999994,-59.78004455566406,8.775043,0.0
13:22:44.744085,0.6331800000000001,-92.37095400891168,-2.8679999999999994,-59.78004455566406,8.780038,0.0
13:22:44.749089,0.6331800000000001,-92.37095400891168,-2.8679999999999994,-59.78004455566406,8.785042,0.0
13:22:44.754109,0.6331800000000001,-92.37095400891168,-2.8679999999999994,-59.78004455566406,8.790062,0.0
13:22:44.759460,0.6459900000000001,-93.24497744641168,-2.022,-59.85248565673828,8.795413,-13.537862282606866
13:22:44.764437,0.6459900000000001,-93.24497744641168,-2.022,-59.85248565673828,8.80039,0.0
13:22:44.769399,0.6459900000000001,-93.24497744641168,-2.022,-59.85248565673828,8.805352,0.0
13:22:44.774377,0.6459900000000001,-93.24497744641168,-2.022,-59.85248565673828,8.81033,0.0
13:22:44.779262,0.6459900000000001,-93.24497744641168,-2.022,-59.85248565673828,8.815215,0.0
13:22:44.784280,0.6459900000000001,-93.24497744641168,-2.022,-59.85248565673828,8.820233,0.0
13:22:44.789286,0.59658,-92.10191104016168,-1.176,-59.89299774169921,8.825239,-8.092705745291982
13:22:44.794273,0.59658,-92.10191104016168,-1.176,-59.89299774169921,8.830226,0.0
13:22:44.799280,0.59658,-92.10191104016168,-1.176,-59.89299774169921,8.835233,0.0
13:22:44.804346,0.59658,-92.10191104016168,-1.176,-59.89299774169921,8.840299,0.0
13:22:44.809267,0.59658,-92.10191104016168,-1.176,-59.89299774169921,8.84522,0.0
13:22:44.814271,0.59658,-92.10191104016168,-1.176,-59.89299774169921,8.850224,0.0
13:22:44.819497,0.6075600000000001,-92.10191104016168,-0.834,-59.921836853027344,8.85545,-5.5183909927554
13:22:44.824303,0.6075600000000001,-89.81626650891167,-0.834,-59.921836853027344,8.860256,0.0
13:22:44.829401,0.6075600000000001,-89.81626650891167,-0.834,-59.921836853027344,8.865354,0.0
13:22:44.834351,0.6075600000000001,-89.81626650891167,-0.834,-59.921836853027344,8.870304,0.0
13:22:44.839248,0.6075600000000001,-89.81626650891167,-0.834,-59.921836853027344,8.875201,0.0
13:22:44.844140,0.6075600000000001,-89.81626650891167,-0.834,-59.921836853027344,8.880093,0.0
13:22:44.849433,0.6075600000000001,-89.81626650891167,-0.834,-59.921836853027344,8.885386,0.0
13:22:44.854436,0.58926,-89.81626650891167,-0.5700000000000001,-59.943809509277344,8.890389,-4.391896112332326
13:22:44.859433,0.58926,-89.81626650891167,-0.5700000000000001,-59.943809509277344,8.895386,0.0
13:22:44.864290,0.58926,-89.81626650891167,-0.5700000000000001,-59.943809509277344,8.900243,0.0
13:22:44.869319,0.58926,-89.81626650891167,-0.5700000000000001,-59.943809509277344,8.905272,0.0
13:22:44.874421,0.58926,-89.81626650891167,-0.5700000000000001,-59.943809509277344,8.910374,0.0
13:22:44.879310,0.58926,-89.81626650891167,-0.5700000000000001,-59.943809509277344,8.915263,0.0
13:22:44.884379,0.58377,-89.81626650891167,-0.426,-59.95822906494141,8.920332,-2.844654895258974
13:22:44.889323,0.58377,-90.21958682141168,-0.426,-59.95822906494141,8.925276,0.0
13:22:44.894386,0.58377,-90.21958682141168,-0.426,-59.95822906494141,8.930339,0.0
13:22:44.899289,0.58377,-90.21958682141168,-0.426,-59.95822906494141,8.935242,0.0
13:22:44.904255,0.58377,-90.21958682141168,-0.426,-59.95822906494141,8.940208,0.0
13:22:44.909297,0.58377,-90.21958682141168,-0.426,-59.95822906494141,8.94525,0.0
13:22:44.914354,0.58377,-90.21958682141168,-0.426,-59.95822906494141,8.950307,0.0
13:22:44.919304,0.57828,-90.95908877453668,-0.294,-59.968528747558594,8.955257,-2.0807439630671154
13:22:44.924293,0.57828,-90.95908877453668,-0.294,-59.968528747558594,8.960246,0.0
13:22:44.929305,0.57828,-90.95908877453668,-0.294,-59.968528747558594,8.965258,0.0
13:22:44.934332,0.57828,-90.95908877453668,-0.294,-59.968528747558594,8.970285,0.0
13:22:44.939302,0.57828,-90.95908877453668,-0.294,-59.968528747558594,8.975255,0.0
13:22:44.944285,0.57828,-90.95908877453668,-0.294,-59.968528747558594,8.980238,0.0
13:22:44.949250,0.5727900000000001,-90.95908877453668,-0.186,-59.97608184814453,8.985203,-1.5212690001887206
13:22:44.954258,0.5727900000000001,-90.42124697766168,-0.186,-59.97608184814453,8.990211,0.0
13:22:44.959320,0.5727900000000001,-90.42124697766168,-0.186,-59.97608184814453,8.995273,0.0
13:22:44.964300,0.5727900000000001,-90.42124697766168,-0.186,-59.97608184814453,9.000253,0.0
13:22:44.969295,0.5727900000000001,-90.42124697766168,-0.186,-59.97608184814453,9.005248,0.0
13:22:44.974418,0.5727900000000001,-90.42124697766168,-0.186,-59.97608184814453,9.010371,0.0
13:22:44.979331,0.5727900000000001,-90.42124697766168,-0.186,-59.97608184814453,9.015284,0.0
13:22:44.984339,0.56181,-89.41294619641167,-0.15,-59.97848510742188,9.020292,-0.47988404100455195
13:22:44.989273,0.56181,-89.41294619641167,-0.15,-59.97848510742188,9.025226,0.0
13:22:44.994276,0.56181,-89.41294619641167,-0.15,-59.97848510742188,9.030229,0.0
13:22:44.999415,0.56181,-89.41294619641167,-0.15,-59.97848510742188,9.035368,0.0
13:22:45.004296,0.56181,-89.41294619641167,-0.15,-59.97848510742188,9.040249,0.0
13:22:45.009300,0.56181,-89.41294619641167,-0.15,-59.97848510742188,9.045253,0.0
13:22:45.014259,0.56181,-89.41294619641167,-0.15,-59.97848510742188,9.050212,0.0
13:22:45.019250,0.5727900000000001,-89.14390322766167,-0.198,-59.98569488525391,9.055203,-1.4445557667863465
13:22:45.024416,0.5727900000000001,-89.14390322766167,-0.198,-59.98569488525391,9.060369,0.0
13:22:45.029335,0.5727900000000001,-89.14390322766167,-0.198,-59.98569488525391,9.065288,0.0
13:22:45.034377,0.5727900000000001,-89.14390322766167,-0.198,-59.98569488525391,9.07033,0.0
13:22:45.039278,0.5727900000000001,-89.14390322766167,-0.198,-59.98569488525391,9.075231,0.0
13:22:45.044297,0.5727900000000001,-89.14390322766167,-0.198,-59.98569488525391,9.08025,0.0
13:22:45.049317,0.5856,-90.01792666516167,-0.18,-59.99015808105469,9.08527,-0.8890828288394667
13:22:45.054258,0.5856,-90.01792666516167,-0.18,-59.99015808105469,9.090211,0.0
13:22:45.059276,0.5856,-90.01792666516167,-0.18,-59.99015808105469,9.095229,0.0
13:22:45.064318,0.5856,-90.01792666516167,-0.18,-59.99015808105469,9.100271,0.0
13:22:45.069297,0.5856,-90.01792666516167,-0.18,-59.99015808105469,9.10525,0.0
13:22:45.074284,0.5856,-90.01792666516167,-0.18,-59.99015808105469,9.110237,0.0
13:22:45.079337,0.5856,-90.01792666516167,-0.18,-59.99015808105469,9.11529,0.0
13:22:45.084258,0.60024,-90.08506533703668,-0.144,-59.99496459960937,9.120211,-0.9767361419794501
13:22:45.089265,0.60024,-90.08506533703668,-0.144,-59.99496459960937,9.125218,0.0
13:22:45.094283,0.60024,-90.08506533703668,-0.144,-59.99496459960937,9.130236,0.0
13:22:45.099279,0.60024,-90.08506533703668,-0.144,-59.99496459960937,9.135232,0.0
13:22:45.104366,0.60024,-90.08506533703668,-0.144,-59.99496459960937,9.140319,0.0
13:22:45.109391,0.60024,-90.08506533703668,-0.144,-59.99496459960937,9.145344,0.0
13:22:45.114379,0.5856,-89.88340518078667,-0.072,-59.99805450439453,9.150332,-0.6194676794632739
13:22:45.119278,0.5856,-89.88340518078667,-0.072,-59.99805450439453,9.155231,0.0
13:22:45.124273,0.5856,-89.88340518078667,-0.072,-59.99805450439453,9.160226,0.0
13:22:45.129398,0.5856,-89.88340518078667,-0.072,-59.99805450439453,9.165351,0.0
13:22:45.134313,0.5856,-89.88340518078667,-0.072,-59.99805450439453,9.170266,0.0
13:22:45.139441,0.5856,-89.88340518078667,-0.072,-59.99805450439453,9.175394,0.0
13:22:45.144565,0.58377,-89.88340518078667,-0.036,-60.00011444091797,9.180518,-0.40201727623693856
13:22:45.149326,0.58377,-89.81626650891167,-0.036,-60.00011444091797,9.185279,0.0
13:22:45.154400,0.58377,-89.81626650891167,-0.036,-60.00011444091797,9.190353,0.0
13:22:45.159419,0.58377,-89.81626650891167,-0.036,-60.00011444091797,9.195372,0.0
13:22:45.164416,0.58377,-89.81626650891167,-0.036,-60.00011444091797,9.200369,0.0
13:22:45.169419,0.58377,-89.81626650891167,-0.036,-60.00011444091797,9.205372,0.0
13:22:45.174502,0.58377,-89.81626650891167,-0.036,-60.00011444091797,9.210455,0.0
13:22:45.179388,0.6039,-89.81626650891167,-0.0239999999999999,-60.0018310546875,9.215341,-0.3513331497198029
13:22:45.184321,0.6039,-89.81626650891167,-0.0239999999999999,-60.0018310546875,9.220274,0.0
13:22:45.189309,0.6039,-89.81626650891167,-0.0239999999999999,-60.0018310546875,9.225262,0.0
13:22:45.194401,0.6039,-89.81626650891167,-0.0239999999999999,-60.0018310546875,9.230354,0.0
13:22:45.199350,0.6039,-89.81626650891167,-0.0239999999999999,-60.0018310546875,9.235303,0.0
13:22:45.204290,0.6039,-89.81626650891167,-0.0239999999999999,-60.0018310546875,9.240243,0.0
13:22:45.209275,0.6039,-89.81626650891167,-0.0239999999999999,-60.0018310546875,9.245228,0.0
13:22:45.214288,0.59658,-89.81626650891167,-0.0119999999999999,-60.0018310546875,9.250241,0.0
13:22:45.219294,0.59658,-89.81626650891167,-0.0119999999999999,-60.0018310546875,9.255247,0.0
13:22:45.224272,0.59658,-89.81626650891167,-0.0119999999999999,-60.0018310546875,9.260225,0.0
13:22:45.229285,0.59658,-89.81626650891167,-0.0119999999999999,-60.0018310546875,9.265238,0.0
13:22:45.234389,0.59658,-89.81626650891167,-0.0119999999999999,-60.0018310546875,9.270342,0.0
13:22:45.239402,0.59658,-89.81626650891167,-0.0119999999999999,-60.0018310546875,9.275355,0.0
13:22:45.244354,0.59109,-89.88340518078667,0.0,-60.002517700195305,9.280307,-0.13866023986373816
13:22:45.249386,0.59109,-89.88340518078667,0.0,-60.002517700195305,9.285339,0.0
13:22:45.254450,0.59109,-89.88340518078667,0.0,-60.002517700195305,9.290403,0.0
13:22:45.259428,0.59109,-89.88340518078667,0.0,-60.002517700195305,9.295381,0.0
13:22:45.264456,0.59109,-89.88340518078667,0.0,-60.002517700195305,9.300409,0.0
13:22:45.269423,0.59109,-89.88340518078667,0.0,-60.002517700195305,9.305376,0.0
13:22:45.274893,0.6075600000000001,-89.81626650891167,0.0,-60.0014877319336,9.310846,0.18829401493687972
13:22:45.279358,0.6075600000000001,-89.81626650891167,0.0,-60.0014877319336,9.315311,0.0
13:22:45.284388,0.6075600000000001,-89.81626650891167,0.0,-60.0014877319336,9.320341,0.0
13:22:45.289302,0.6075600000000001,-89.81626650891167,0.0,-60.0014877319336,9.325255,0.0
13:22:45.294281,0.6075600000000001,-89.81626650891167,0.0,-60.0014877319336,9.330234,0.0
13:22:45.299344,0.6075600000000001,-89.81626650891167,0.0,-60.0014877319336,9.335297,0.0
13:22:45.304345,0.6075600000000001,-89.81626650891167,0.0,-60.0014877319336,9.340298,0.0
13:22:45.309353,0.59475,-89.88340518078667,0.0059999999999999,-60.0021743774414,9.345306,-0.13710972599805754
13:22:45.314282,0.59475,-89.88340518078667,0.0059999999999999,-60.0021743774414,9.350235,0.0
13:22:45.319263,0.59475,-89.88340518078667,0.0059999999999999,-60.0021743774414,9.355216,0.0
13:22:45.324350,0.59475,-89.88340518078667,0.0059999999999999,-60.0021743774414,9.360303,0.0
13:22:45.329333,0.59475,-89.88340518078667,0.0059999999999999,-60.0021743774414,9.365286,0.0
13:22:45.334274,0.59475,-89.88340518078667,0.0059999999999999,-60.0021743774414,9.370227,0.0
13:22:45.339243,0.6039,-89.88340518078667,0.0,-60.002517700195305,9.375196,-0.06909292692819251
13:22:45.344270,0.6039,-89.81626650891167,0.0,-60.002517700195305,9.380223,0.0
13:22:45.349338,0.6039,-89.81626650891167,0.0,-60.002517700195305,9.385291,0.0
13:22:45.354371,0.6039,-89.81626650891167,0.0,-60.002517700195305,9.390324,0.0
13:22:45.359342,0.6039,-89.81626650891167,0.0,-60.002517700195305,9.395295,0.0
13:22:45.364325,0.6039,-89.81626650891167,0.0,-60.002517700195305,9.400278,0.0
13:22:45.369313,0.6039,-89.81626650891167,0.0,-60.002517700195305,9.405266,0.0
13:22:45.374315,0.61122,-89.81626650891167,0.0,-60.00286102294921,9.410268,-0.06863709594285829
13:22:45.379377,0.61122,-89.81626650891167,0.0,-60.00286102294921,9.41533,0.0
13:22:45.384419,0.61122,-89.81626650891167,0.0,-60.00286102294921,9.420372,0.0
13:22:45.389284,0.61122,-89.81626650891167,0.0,-60.00286102294921,9.425237,0.0
13:22:45.394266,0.61122,-89.81626650891167,0.0,-60.00286102294921,9.430219,0.0
13:22:45.399328,0.61122,-89.81626650891167,0.0,-60.00286102294921,9.435281,0.0
13:22:45.404656,0.60939,-89.81626650891167,0.0,-60.00045776367188,9.440609,0.451062176675927
13:22:45.409409,0.60939,-89.81626650891167,0.0,-60.00045776367188,9.445362,0.0
13:22:45.414254,0.60939,-89.81626650891167,0.0,-60.00045776367188,9.450207,0.0
13:22:45.419153,0.60939,-89.81626650891167,0.0,-60.00045776367188,9.455106,0.0
13:22:45.424192,0.60939,-89.81626650891167,0.0,-60.00045776367188,9.460145,0.0
13:22:45.429120,0.60939,-89.81626650891167,0.0,-60.00045776367188,9.465073,0.0
13:22:45.434120,0.60939,-89.81626650891167,0.0,-60.00045776367188,9.470073,0.0
13:22:45.439205,0.6167100000000001,-89.81626650891167,0.0059999999999999,-60.0014877319336,9.475158,-0.20255029728977855
13:22:45.444088,0.6167100000000001,-89.81626650891167,0.0059999999999999,-60.0014877319336,9.480041,0.0
13:22:45.449072,0.6167100000000001,-89.81626650891167,0.0059999999999999,-60.0014877319336,9.485025,0.0
13:22:45.454069,0.6167100000000001,-89.81626650891167,0.0059999999999999,-60.0014877319336,9.490022,0.0
13:22:45.459422,0.6167100000000001,-89.81626650891167,0.0059999999999999,-60.0014877319336,9.495375,0.0
13:22:45.464388,0.6167100000000001,-89.81626650891167,0.0059999999999999,-60.0014877319336,9.500341,0.0
13:22:45.469451,0.6167100000000001,-89.81626650891167,0.0059999999999999,-60.0014877319336,9.505404,0.0
13:22:45.474375,0.6478200000000001,-89.81626650891167,0.0119999999999999,-60.0014877319336,9.510328,0.0
13:22:45.479345,0.6478200000000001,-89.81626650891167,0.0119999999999999,-60.0014877319336,9.515298,0.0
13:22:45.484297,0.6478200000000001,-89.81626650891167,0.0119999999999999,-60.0014877319336,9.52025,0.0
13:22:45.489334,0.6478200000000001,-89.81626650891167,0.0119999999999999,-60.0014877319336,9.525287,0.0
13:22:45.494432,0.6478200000000001,-89.81626650891167,0.0119999999999999,-60.0014877319336,9.530385,0.0
13:22:45.499463,0.6478200000000001,-89.81626650891167,0.0119999999999999,-60.0014877319336,9.535416,0.0
13:22:45.504279,0.7484700000000001,-89.88340518078667,0.078,-60.0014877319336,9.540232,0.0
13:22:45.509402,0.7484700000000001,-89.88340518078667,0.078,-60.0014877319336,9.545355,0.0
13:22:45.514377,0.7484700000000001,-89.88340518078667,0.078,-60.0014877319336,9.55033,0.0
13:22:45.519422,0.7484700000000001,-89.88340518078667,0.078,-60.0014877319336,9.555375,0.0
13:22:45.524347,0.7484700000000001,-89.88340518078667,0.078,-60.0014877319336,9.5603,0.0
13:22:45.529318,0.7484700000000001,-89.88340518078667,0.078,-60.0014877319336,9.565271,0.0
13:22:45.534336,0.7484700000000001,-89.88340518078667,0.078,-60.0014877319336,9.570289,0.0
13:22:45.539300,0.8655900000000001,-91.09361025891168,0.498,-59.99599456787109,9.575253,1.10660033491438
13:22:45.544332,0.8655900000000001,-91.09361025891168,0.498,-59.99599456787109,9.580285,0.0
13:22:45.549293,0.8655900000000001,-91.09361025891168,0.498,-59.99599456787109,9.585246,0.0
13:22:45.554300,0.8655900000000001,-91.09361025891168,0.498,-59.99599456787109,9.590253,0.0
13:22:45.559275,0.8655900000000001,-91.09361025891168,0.498,-59.99599456787109,9.595228,0.0
13:22:45.564262,0.8655900000000001,-91.09361025891168,0.498,-59.99599456787109,9.600215,0.0
13:22:45.569298,0.96441,-94.58945986828668,1.4339999999999995,-59.96475219726562,9.605251,6.203806712761268
13:22:45.574438,0.96441,-94.58945986828668,1.4339999999999995,-59.96475219726562,9.610391,0.0
13:22:45.579391,0.96441,-94.58945986828668,1.4339999999999995,-59.96475219726562,9.615344,0.0
13:22:45.584407,0.96441,-94.58945986828668,1.4339999999999995,-59.96475219726562,9.62036,0.0
13:22:45.589411,0.96441,-94.58945986828668,1.4339999999999995,-59.96475219726562,9.625364,0.0
13:22:45.594423,0.96441,-94.58945986828668,1.4339999999999995,-59.96475219726562,9.630376,0.0
13:22:45.599413,0.96441,-94.58945986828668,1.4339999999999995,-59.96475219726562,9.635366,0.0
13:22:45.604456,1.01748,-95.73228213391168,2.736,-59.900894165039055,9.640409,12.662707163703196
13:22:45.609415,1.01748,-95.73228213391168,2.736,-59.900894165039055,9.645368,0.0
13:22:45.614367,1.01748,-95.73228213391168,2.736,-59.900894165039055,9.65032,0.0
13:22:45.619373,1.01748,-95.73228213391168,2.736,-59.900894165039055,9.655326,0.0
13:22:45.624318,1.01748,-95.73228213391168,2.736,-59.900894165039055,9.660271,0.0
13:22:45.629267,1.01748,-95.73228213391168,2.736,-59.900894165039055,9.66522,0.0
13:22:45.634242,1.00284,-95.06016299328668,4.032,-59.78279113769531,9.670195,23.73930197864202
13:22:45.639275,1.00284,-95.06016299328668,4.032,-59.78279113769531,9.675228,0.0
13:22:45.644277,1.00284,-95.06016299328668,4.032,-59.78279113769531,9.68023,0.0
13:22:45.649356,1.00284,-95.06016299328668,4.032,-59.78279113769531,9.685309,0.0
13:22:45.654301,1.00284,-95.06016299328668,4.032,-59.78279113769531,9.690254,0.0
13:22:45.659288,1.00284,-95.06016299328668,4.032,-59.78279113769531,9.695241,0.0
13:22:45.664272,1.00284,-95.06016299328668,4.032,-59.78279113769531,9.700225,0.0
13:22:45.669273,0.93147,-90.89195010266168,5.112,-59.62623596191406,9.705226,31.30477420140951
13:22:45.674257,0.93147,-90.89195010266168,5.112,-59.62623596191406,9.71021,0.0
13:22:45.679273,0.93147,-90.89195010266168,5.112,-59.62623596191406,9.715226,0.0
13:22:45.684292,0.93147,-90.89195010266168,5.112,-59.62623596191406,9.720245,0.0
13:22:45.689337,0.93147,-90.89195010266168,5.112,-59.62623596191406,9.72529,0.0
13:22:45.694274,0.93147,-90.89195010266168,5.112,-59.62623596191406,9.730227,0.0
13:22:45.699341,0.92415,-89.00938174328667,5.814,-59.44015502929688,9.735294,36.72408380050653
13:22:45.704303,0.92415,-89.00938174328667,5.814,-59.44015502929688,9.740256,0.0
13:22:45.709284,0.92415,-89.00938174328667,5.814,-59.44015502929688,9.745237,0.0
13:22:45.714322,0.92415,-89.00938174328667,5.814,-59.44015502929688,9.750275,0.0
13:22:45.719299,0.92415,-89.00938174328667,5.814,-59.44015502929688,9.755252,0.0
13:22:45.724253,0.92415,-89.00938174328667,5.814,-59.44015502929688,9.760206,0.0
13:22:45.729298,0.92415,-89.00938174328667,5.814,-59.44015502929688,9.765251,0.0
13:22:45.734325,0.99003,-90.08506533703668,6.3180000000000005,-59.23004150390625,9.770278,41.797001271260655
13:22:45.739267,0.99003,-90.08506533703668,6.3180000000000005,-59.23004150390625,9.77522,0.0
13:22:45.744280,0.99003,-90.08506533703668,6.3180000000000005,-59.23004150390625,9.780233,0.0
13:22:45.749276,0.99003,-90.08506533703668,6.3180000000000005,-59.23004150390625,9.785229,0.0
13:22:45.754256,0.99003,-90.08506533703668,6.3180000000000005,-59.23004150390625,9.790209,0.0
13:22:45.759065,0.99003,-90.08506533703668,6.3180000000000005,-59.23004150390625,9.795018,0.0
13:22:45.764389,1.0248,-92.37095400891168,7.092,-59.01065826416016,9.800342,41.206468772744444
13:22:45.769040,1.0248,-92.37095400891168,7.092,-59.01065826416016,9.804993,0.0
13:22:45.774062,1.0248,-92.37095400891168,7.092,-59.01065826416016,9.810015,0.0
13:22:45.779066,1.0248,-92.37095400891168,7.092,-59.01065826416016,9.815019,0.0
13:22:45.784056,1.0248,-92.37095400891168,7.092,-59.01065826416016,9.820009,0.0
13:22:45.789061,1.0248,-92.37095400891168,7.092,-59.01065826416016,9.825014,0.0
13:22:45.794112,1.0248,-92.37095400891168,7.092,-59.01065826416016,9.830065,0.0
13:22:45.799066,1.04493,-93.17759463391168,8.274,-58.75316619873047,9.835019,51.976597785550844
13:22:45.804052,1.04493,-93.17759463391168,8.274,-58.75316619873047,9.840005,0.0
13:22:45.809048,1.04493,-93.17759463391168,8.274,-58.75316619873047,9.845001,0.0
13:22:45.814083,1.04493,-93.17759463391168,8.274,-58.75316619873047,9.850036,0.0
13:22:45.819087,1.04493,-93.17759463391168,8.274,-58.75316619873047,9.85504,0.0
13:22:45.824085,1.04493,-93.17759463391168,8.274,-58.75316619873047,9.860038,0.0
13:22:45.830537,1.03212,-92.77427432141168,9.504,-58.46065521240235,9.86649,45.33648269188809
13:22:45.834334,1.03212,-92.77427432141168,9.504,-58.46065521240235,9.870287,0.0
13:22:45.839386,1.03212,-92.77427432141168,9.504,-58.46065521240235,9.875339,0.0
13:22:45.844150,1.03212,-92.77427432141168,9.504,-58.46065521240235,9.880103,0.0
13:22:45.849068,1.03212,-92.77427432141168,9.504,-58.46065521240235,9.885021,0.0
13:22:45.854098,1.03212,-92.77427432141168,9.504,-58.46065521240235,9.890051,0.0
13:22:45.859273,1.03212,-92.77427432141168,9.504,-58.46065521240235,9.895226,0.0
13:22:45.864051,0.96441,-92.03477236828668,10.668,-58.13140869140624,9.900004,68.90885747093166
13:22:45.869069,0.96441,-92.03477236828668,10.668,-58.13140869140624,9.905022,0.0
13:22:45.874064,0.96441,-92.03477236828668,10.668,-58.13140869140624,9.910017,0.0
13:22:45.879091,0.96441,-92.03477236828668,10.668,-58.13140869140624,9.915044,0.0
13:22:45.884107,0.96441,-92.03477236828668,10.668,-58.13140869140624,9.92006,0.0
13:22:45.889071,0.96441,-92.03477236828668,10.668,-58.13140869140624,9.925024,0.0
13:22:45.894119,0.96441,-92.03477236828668,10.668,-58.13140869140624,9.930072,0.0
13:22:45.899054,0.93147,-88.53892275891167,11.532,-57.77366638183593,9.935007,72.49084287136904
13:22:45.904065,0.93147,-88.53892275891167,11.532,-57.77366638183593,9.940018,0.0
13:22:45.909065,0.93147,-88.53892275891167,11.532,-57.77366638183593,9.945018,0.0
13:22:45.914085,0.93147,-88.53892275891167,11.532,-57.77366638183593,9.950038,0.0
13:22:45.919096,0.93147,-88.53892275891167,11.532,-57.77366638183593,9.955049,0.0
13:22:45.924478,0.93147,-88.53892275891167,11.532,-57.77366638183593,9.960431,0.0
13:22:45.929360,0.97905,-89.00938174328667,12.006,-57.37884521484375,9.965313,80.87283223927861
13:22:45.934328,0.97905,-89.00938174328667,12.006,-57.37884521484375,9.970281,0.0
13:22:45.939329,0.97905,-89.00938174328667,12.006,-57.37884521484375,9.975282,0.0
13:22:45.944431,0.97905,-89.00938174328667,12.006,-57.37884521484375,9.980384,0.0
13:22:45.949399,0.97905,-89.00938174328667,12.006,-57.37884521484375,9.985352,0.0
13:22:45.954347,0.97905,-89.00938174328667,12.006,-57.37884521484375,9.9903,0.0
13:22:45.959494,0.97905,-89.00938174328667,12.006,-57.37884521484375,9.995447,0.0
13:22:45.964311,1.01748,-90.08506533703668,12.942,-56.97887420654297,10.000264,83.03321741765603
13:22:45.969447,1.01748,-90.08506533703668,12.942,-56.97887420654297,10.0054,0.0
13:22:45.974334,1.01748,-90.08506533703668,12.942,-56.97887420654297,10.010287,0.0
13:22:45.979313,1.01748,-90.08506533703668,12.942,-56.97887420654297,10.015266,0.0
13:22:45.984315,1.01748,-90.08506533703668,12.942,-56.97887420654297,10.020268,0.0
13:22:45.989338,1.01748,-90.08506533703668,12.942,-56.97887420654297,10.025291,0.0
13:22:45.994135,1.01382,-91.22813174328668,14.202,-56.52603149414063,10.030088,94.40123252081348
13:22:45.999042,1.01382,-91.22813174328668,14.202,-56.52603149414063,10.034995,0.0
13:22:46.004087,1.01382,-91.22813174328668,14.202,-56.52603149414063,10.04004,0.0
13:22:46.009064,1.01382,-91.22813174328668,14.202,-56.52603149414063,10.045017,0.0
13:22:46.014086,1.01382,-91.22813174328668,14.202,-56.52603149414063,10.050039,0.0
13:22:46.019071,1.01382,-91.22813174328668,14.202,-56.52603149414063,10.055024,0.0
13:22:46.024404,1.01382,-91.22813174328668,14.202,-56.52603149414063,10.060357,0.0
13:22:46.029393,0.94611,-89.81626650891167,15.408,-56.05979919433594,10.065346,93.4520544807942
13:22:46.034136,0.94611,-89.81626650891167,15.408,-56.05979919433594,10.070089,0.0
13:22:46.039385,0.94611,-89.81626650891167,15.408,-56.05979919433594,10.075338,0.0
13:22:46.044122,0.94611,-89.81626650891167,15.408,-56.05979919433594,10.080075,0.0
13:22:46.049409,0.94611,-89.81626650891167,15.408,-56.05979919433594,10.085362,0.0
13:22:46.054477,0.94611,-89.81626650891167,15.408,-56.05979919433594,10.09043,0.0
13:22:46.059317,0.96624,-87.86655947766167,16.134,-55.55168151855469,10.09527,104.98299086390041
13:22:46.064314,0.96624,-87.86655947766167,16.134,-55.55168151855469,10.100267,0.0
13:22:46.069344,0.96624,-87.86655947766167,16.134,-55.55168151855469,10.105297,0.0
13:22:46.074399,0.96624,-87.86655947766167,16.134,-55.55168151855469,10.110352,0.0
13:22:46.079319,0.96624,-87.86655947766167,16.134,-55.55168151855469,10.115272,0.0
13:22:46.084278,0.96624,-87.86655947766167,16.134,-55.55168151855469,10.120231,0.0
13:22:46.089337,0.95709,-86.79087588391167,17.094,-54.99824523925781,10.12529,109.39637859200556
13:22:46.094147,0.95709,-86.79087588391167,17.094,-54.99824523925781,10.1301,0.0
13:22:46.099301,0.95709,-86.79087588391167,17.094,-54.99824523925781,10.135254,0.0
13:22:46.104356,0.95709,-86.79087588391167,17.094,-54.99824523925781,10.140309,0.0
13:22:46.109266,0.95709,-86.79087588391167,17.094,-54.99824523925781,10.145219,0.0
13:22:46.114291,0.95709,-86.79087588391167,17.094,-54.99824523925781,10.150244,0.0
13:22:46.119275,0.95709,-86.79087588391167,17.094,-54.99824523925781,10.155228,0.0
13:22:46.124277,0.95343,-87.53037783703667,18.252,-54.43862915039063,10.16023,111.8784663868576
13:22:46.129293,0.95343,-87.53037783703667,18.252,-54.43862915039063,10.165246,0.0
13:22:46.134331,0.95343,-87.53037783703667,18.252,-54.43862915039063,10.170284,0.0
13:22:46.139396,0.95343,-87.53037783703667,18.252,-54.43862915039063,10.175349,0.0
13:22:46.144359,0.95343,-87.53037783703667,18.252,-54.43862915039063,10.180312,0.0
13:22:46.149299,0.95343,-87.53037783703667,18.252,-54.43862915039063,10.185252,0.0
13:22:46.154228,0.95892,-87.86655947766167,19.068,-53.82579803466797,10.190181,124.33173376396537
13:22:46.159261,0.95892,-87.86655947766167,19.068,-53.82579803466797,10.195214,0.0
13:22:46.164278,0.95892,-87.86655947766167,19.068,-53.82579803466797,10.200231,0.0
13:22:46.169341,0.95892,-87.86655947766167,19.068,-53.82579803466797,10.205294,0.0
13:22:46.174436,0.95892,-87.86655947766167,19.068,-53.82579803466797,10.210389,0.0
13:22:46.179103,0.95892,-87.86655947766167,19.068,-53.82579803466797,10.215056,0.0
13:22:46.184262,0.95892,-87.86655947766167,19.068,-53.82579803466797,10.220215,0.0
13:22:46.189095,0.97173,-86.38755557141167,19.884,-53.193397521972656,10.225048,130.85050955831971
13:22:46.194110,0.97173,-86.38755557141167,19.884,-53.193397521972656,10.230063,0.0
13:22:46.199099,0.97173,-86.38755557141167,19.884,-53.193397521972656,10.235052,0.0
13:22:46.204060,0.97173,-86.38755557141167,19.884,-53.193397521972656,10.240013,0.0
13:22:46.209063,0.97173,-86.38755557141167,19.884,-53.193397521972656,10.245016,0.0
13:22:46.214086,0.97173,-86.38755557141167,19.884,-53.193397521972656,10.250039,0.0
13:22:46.219342,0.92598,-86.38755557141167,21.348,-52.54039764404297,10.255295,124.23894176741982
13:22:46.224066,0.92598,-85.78257510266167,21.348,-52.54039764404297,10.260019,0.0
13:22:46.229061,0.92598,-85.78257510266167,21.348,-52.54039764404297,10.265014,0.0
13:22:46.234086,0.92598,-85.78257510266167,21.348,-52.54039764404297,10.270039,0.0
13:22:46.239072,0.92598,-85.78257510266167,21.348,-52.54039764404297,10.275025,0.0
13:22:46.244059,0.92598,-85.78257510266167,21.348,-52.54039764404297,10.280012,0.0
13:22:46.249084,0.92598,-85.78257510266167,21.348,-52.54039764404297,10.285037,0.0
13:22:46.254069,0.93513,-84.50523135266167,21.99,-51.83006286621094,10.290022,142.49443888306763
13:22:46.259087,0.93513,-84.50523135266167,21.99,-51.83006286621094,10.29504,0.0
13:22:46.264100,0.93513,-84.50523135266167,21.99,-51.83006286621094,10.300053,0.0
13:22:46.269255,0.93513,-84.50523135266167,21.99,-51.83006286621094,10.305208,0.0
13:22:46.274060,0.93513,-84.50523135266167,21.99,-51.83006286621094,10.310013,0.0
13:22:46.279049,0.93513,-84.50523135266167,21.99,-51.83006286621094,10.315002,0.0
13:22:46.284354,0.94611,-84.50523135266167,23.016,-51.10084533691406,10.320307,137.4585352114778
13:22:46.289051,0.94611,-84.16904971203667,23.016,-51.10084533691406,10.325004,0.0
13:22:46.294125,0.94611,-84.16904971203667,23.016,-51.10084533691406,10.330078,0.0
13:22:46.299072,0.94611,-84.16904971203667,23.016,-51.10084533691406,10.335025,0.0
13:22:46.304114,0.94611,-84.16904971203667,23.016,-51.10084533691406,10.340067,0.0
13:22:46.309066,0.94611,-84.16904971203667,23.016,-51.10084533691406,10.345019,0.0
13:22:46.314090,0.94611,-84.16904971203667,23.016,-51.10084533691406,10.350043,0.0
13:22:46.319092,0.8875500000000001,-82.08482119641167,24.114,-50.34210205078125,10.355045,151.68798203371682
13:22:46.324209,0.8875500000000001,-82.08482119641167,24.114,-50.34210205078125,10.360162,0.0
13:22:46.329070,0.8875500000000001,-82.08482119641167,24.114,-50.34210205078125,10.365023,0.0
13:22:46.334054,0.8875500000000001,-82.08482119641167,24.114,-50.34210205078125,10.370007,0.0
13:22:46.339093,0.8875500000000001,-82.08482119641167,24.114,-50.34210205078125,10.375046,0.0
13:22:46.344068,0.8875500000000001,-82.08482119641167,24.114,-50.34210205078125,10.380021,0.0
13:22:46.349100,0.8875500000000001,-82.08482119641167,24.114,-50.34210205078125,10.385053,0.0
13:22:46.354116,0.95892,-83.02598330578667,24.792,-49.53117370605469,10.390069,161.66833028834964
13:22:46.359206,0.95892,-83.02598330578667,24.792,-49.53117370605469,10.395159,0.0
13:22:46.364071,0.95892,-83.02598330578667,24.792,-49.53117370605469,10.400024,0.0
13:22:46.369046,0.95892,-83.02598330578667,24.792,-49.53117370605469,10.404999,0.0
13:22:46.374087,0.95892,-83.02598330578667,24.792,-49.53117370605469,10.41004,0.0
13:22:46.379228,0.95892,-83.02598330578667,24.792,-49.53117370605469,10.415181,0.0
13:22:46.384265,0.91134,-80.06797549328667,26.268,-48.73912811279297,10.420218,157.24550193801076
13:22:46.389225,0.91134,-80.06797549328667,26.268,-48.73912811279297,10.425178,0.0
13:22:46.394191,0.91134,-80.06797549328667,26.268,-48.73912811279297,10.430144,0.0
13:22:46.399188,0.91134,-80.06797549328667,26.268,-48.73912811279297,10.435141,0.0
13:22:46.404026,0.91134,-80.06797549328667,26.268,-48.73912811279297,10.439979,0.0
13:22:46.409032,0.91134,-80.06797549328667,26.268,-48.73912811279297,10.444985,0.0
13:22:46.414062,0.94062,-81.88316104016167,26.688,-47.8564453125,10.450015,175.4836581099465
13:22:46.419018,0.94062,-81.88316104016167,26.688,-47.8564453125,10.454971,0.0
13:22:46.424009,0.94062,-81.88316104016167,26.688,-47.8564453125,10.459962,0.0
13:22:46.429027,0.94062,-81.88316104016167,26.688,-47.8564453125,10.46498,0.0
13:22:46.434037,0.94062,-81.88316104016167,26.688,-47.8564453125,10.46999,0.0
13:22:46.439091,0.94062,-81.88316104016167,26.688,-47.8564453125,10.475044,0.0
13:22:46.444071,0.94062,-81.88316104016167,26.688,-47.8564453125,10.480024,0.0
13:22:46.449190,0.88389,-76.77378604016167,28.236,-46.9830322265625,10.485143,170.62181792096266
13:22:46.454059,0.88389,-76.77378604016167,28.236,-46.9830322265625,10.490012,0.0
13:22:46.459068,0.88389,-76.77378604016167,28.236,-46.9830322265625,10.495021,0.0
13:22:46.464057,0.88389,-76.77378604016167,28.236,-46.9830322265625,10.50001,0.0
13:22:46.469057,0.88389,-76.77378604016167,28.236,-46.9830322265625,10.50501,0.0
13:22:46.474088,0.88389,-76.77378604016167,28.236,-46.9830322265625,10.510041,0.0
13:22:46.479282,0.8967,-78.58897158703667,28.386,-46.06807708740234,10.515235,176.1561684944056
13:22:46.484038,0.8967,-78.58897158703667,28.386,-46.06807708740234,10.519991,0.0
13:22:46.489044,0.8967,-78.58897158703667,28.386,-46.06807708740234,10.524997,0.0
13:22:46.494095,0.8967,-78.58897158703667,28.386,-46.06807708740234,10.530048,0.0
13:22:46.499085,0.8967,-78.58897158703667,28.386,-46.06807708740234,10.535038,0.0
13:22:46.504085,0.8967,-78.58897158703667,28.386,-46.06807708740234,10.540038,0.0
13:22:46.509094,0.8967,-78.58897158703667,28.386,-46.06807708740234,10.545047,0.0
13:22:46.514380,0.8363100000000001,-73.74839541516167,29.592,-45.16410827636719,10.550333,171.01188252651644
13:22:46.519314,0.8363100000000001,-73.74839541516167,29.592,-45.16410827636719,10.555267,0.0
13:22:46.524417,0.8363100000000001,-73.74839541516167,29.592,-45.16410827636719,10.56037,0.0
13:22:46.529131,0.8363100000000001,-73.74839541516167,29.592,-45.16410827636719,10.565084,0.0
13:22:46.534423,0.8363100000000001,-73.74839541516167,29.592,-45.16410827636719,10.570376,0.0
13:22:46.539423,0.8363100000000001,-73.74839541516167,29.592,-45.16410827636719,10.575376,0.0
13:22:46.544244,0.84363,-73.34507510266167,29.31,-44.19696807861328,10.580197,200.60987300434724
13:22:46.549309,0.84363,-73.34507510266167,29.31,-44.19696807861328,10.585262,0.0
13:22:46.554424,0.84363,-73.34507510266167,29.31,-44.19696807861328,10.590377,0.0
13:22:46.559484,0.84363,-73.34507510266167,29.31,-44.19696807861328,10.595437,0.0
13:22:46.564387,0.84363,-73.34507510266167,29.31,-44.19696807861328,10.60034,0.0
13:22:46.569363,0.84363,-73.34507510266167,29.31,-44.19696807861328,10.605316,0.0
13:22:46.574314,0.84363,-73.34507510266167,29.31,-44.19696807861328,10.610267,0.0
13:22:46.579211,0.7686000000000001,-68.37022158703667,30.132000000000005,-43.25969696044922,10.615164,191.39700187137402
13:22:46.584202,0.7686000000000001,-68.37022158703667,30.132000000000005,-43.25969696044922,10.620155,0.0
13:22:46.589330,0.7686000000000001,-68.37022158703667,30.132000000000005,-43.25969696044922,10.625283,0.0
13:22:46.594373,0.7686000000000001,-68.37022158703667,30.132000000000005,-43.25969696044922,10.630326,0.0
13:22:46.599427,0.7686000000000001,-68.37022158703667,30.132000000000005,-43.25969696044922,10.63538,0.0
13:22:46.604309,0.7686000000000001,-68.37022158703667,30.132000000000005,-43.25969696044922,10.640262,0.0
13:22:46.609287,0.80886,-70.79038760266167,29.682,-42.29461669921875,10.64524,193.86907618131158
13:22:46.614348,0.80886,-70.79038760266167,29.682,-42.29461669921875,10.650301,0.0
13:22:46.619370,0.80886,-70.79038760266167,29.682,-42.29461669921875,10.655323,0.0
13:22:46.624447,0.80886,-70.79038760266167,29.682,-42.29461669921875,10.6604,0.0
13:22:46.629346,0.80886,-70.79038760266167,29.682,-42.29461669921875,10.665299,0.0
13:22:46.634288,0.80886,-70.79038760266167,29.682,-42.29461669921875,10.670241,0.0
13:22:46.639266,0.80886,-70.79038760266167,29.682,-42.29461669921875,10.675219,0.0
13:22:46.644296,0.7503000000000001,-66.48765322766167,30.366,-41.315460205078125,10.680249,194.6633189146509
13:22:46.649332,0.7503000000000001,-66.48765322766167,30.366,-41.315460205078125,10.685285,0.0
13:22:46.654411,0.7503000000000001,-66.48765322766167,30.366,-41.315460205078125,10.690364,0.0
13:22:46.659381,0.7503000000000001,-66.48765322766167,30.366,-41.315460205078125,10.695334,0.0
13:22:46.664340,0.7503000000000001,-66.48765322766167,30.366,-41.315460205078125,10.700293,0.0
13:22:46.669307,0.7503000000000001,-66.48765322766167,30.366,-41.315460205078125,10.70526,0.0
13:22:46.674305,0.81252,-68.63902041516167,29.712000000000003,-40.37200927734375,10.710258,188.76569182365256
13:22:46.679271,0.81252,-68.63902041516167,29.712000000000003,-40.37200927734375,10.715224,0.0
13:22:46.684062,0.81252,-68.63902041516167,29.712000000000003,-40.37200927734375,10.720015,0.0
13:22:46.689187,0.81252,-68.63902041516167,29.712000000000003,-40.37200927734375,10.72514,0.0
13:22:46.694037,0.81252,-68.63902041516167,29.712000000000003,-40.37200927734375,10.72999,0.0
13:22:46.699070,0.81252,-68.63902041516167,29.712000000000003,-40.37200927734375,10.735023,0.0
13:22:46.704132,0.81252,-68.63902041516167,29.712000000000003,-40.37200927734375,10.740085,0.0
13:22:46.709195,0.71553,-63.52964541516168,30.438,-39.36676025390625,10.745148,198.54809864458545
13:22:46.714085,0.71553,-63.52964541516168,30.438,-39.36676025390625,10.750038,0.0
13:22:46.719068,0.71553,-63.52964541516168,30.438,-39.36676025390625,10.755021,0.0
13:22:46.724087,0.71553,-63.52964541516168,30.438,-39.36676025390625,10.76004,0.0
13:22:46.729095,0.71553,-63.52964541516168,30.438,-39.36676025390625,10.765048,0.0
13:22:46.734083,0.71553,-63.52964541516168,30.438,-39.36676025390625,10.770036,0.0
13:22:46.739469,0.78507,-66.15171572766167,29.892,-38.4246826171875,10.775422,174.9122979425357
13:22:46.744308,0.78507,-66.15171572766167,29.892,-38.4246826171875,10.780261,0.0
13:22:46.749094,0.78507,-66.15171572766167,29.892,-38.4246826171875,10.785047,0.0
13:22:46.754083,0.78507,-66.15171572766167,29.892,-38.4246826171875,10.790036,0.0
13:22:46.759089,0.78507,-66.15171572766167,29.892,-38.4246826171875,10.795042,0.0
13:22:46.764073,0.78507,-66.15171572766167,29.892,-38.4246826171875,10.800026,0.0
13:22:46.769468,0.78507,-66.15171572766167,29.892,-38.4246826171875,10.805421,0.0
13:22:46.774359,0.67527,-60.97495791516168,30.504,-37.465782165527344,10.810312,196.05406903708405
13:22:46.779389,0.67527,-60.97495791516168,30.504,-37.465782165527344,10.815342,0.0
13:22:46.784400,0.67527,-60.97495791516168,30.504,-37.465782165527344,10.820353,0.0
13:22:46.789400,0.67527,-60.97495791516168,30.504,-37.465782165527344,10.825353,0.0
13:22:46.794372,0.67527,-60.97495791516168,30.504,-37.465782165527344,10.830325,0.0
13:22:46.799293,0.67527,-60.97495791516168,30.504,-37.465782165527344,10.835246,0.0
13:22:46.804321,0.7393200000000001,-62.52134463391168,29.946,-36.51477813720703,10.840274,189.14161263327296
13:22:46.809402,0.7393200000000001,-62.52134463391168,29.946,-36.51477813720703,10.845355,0.0
13:22:46.814398,0.7393200000000001,-62.52134463391168,29.946,-36.51477813720703,10.850351,0.0
13:22:46.819443,0.7393200000000001,-62.52134463391168,29.946,-36.51477813720703,10.855396,0.0
13:22:46.824128,0.7393200000000001,-62.52134463391168,29.946,-36.51477813720703,10.860081,0.0
13:22:46.829422,0.7393200000000001,-62.52134463391168,29.946,-36.51477813720703,10.865375,0.0
13:22:46.834460,0.7393200000000001,-62.52134463391168,29.946,-36.51477813720703,10.870413,0.0
13:22:46.839421,0.68259,-59.159772368286674,30.372,-35.483436584472656,10.875374,207.8898513876342
13:22:46.844406,0.68259,-59.159772368286674,30.372,-35.483436584472656,10.880359,0.0
13:22:46.849435,0.68259,-59.159772368286674,30.372,-35.483436584472656,10.885388,0.0
13:22:46.854431,0.68259,-59.159772368286674,30.372,-35.483436584472656,10.890384,0.0
13:22:46.859424,0.68259,-59.159772368286674,30.372,-35.483436584472656,10.895377,0.0
13:22:46.864432,0.68259,-59.159772368286674,30.372,-35.483436584472656,10.900385,0.0
13:22:46.869320,0.72834,-59.02525088391168,30.198000000000004,-34.54925537109375,10.905273,191.11726951289543
13:22:46.874398,0.72834,-59.02525088391168,30.198000000000004,-34.54925537109375,10.910351,0.0
13:22:46.879406,0.72834,-59.02525088391168,30.198000000000004,-34.54925537109375,10.915359,0.0
13:22:46.884397,0.72834,-59.02525088391168,30.198000000000004,-34.54925537109375,10.92035,0.0
13:22:46.889434,0.72834,-59.02525088391168,30.198000000000004,-34.54925537109375,10.925387,0.0
13:22:46.894268,0.72834,-59.02525088391168,30.198000000000004,-34.54925537109375,10.930221,0.0
13:22:46.899063,0.72834,-59.02525088391168,30.198000000000004,-34.54925537109375,10.935016,0.0
13:22:46.904160,0.65514,-58.084088774536674,30.144,-33.52237701416016,10.940113,201.4672075600121
13:22:46.909088,0.65514,-58.084088774536674,30.144,-33.52237701416016,10.945041,0.0
13:22:46.914070,0.65514,-58.084088774536674,30.144,-33.52237701416016,10.950023,0.0
13:22:46.919468,0.65514,-58.084088774536674,30.144,-33.52237701416016,10.955421,0.0
13:22:46.924232,0.65514,-58.084088774536674,30.144,-33.52237701416016,10.960185,0.0
13:22:46.929084,0.65514,-58.084088774536674,30.144,-33.52237701416016,10.965037,0.0
13:22:46.934085,0.65514,-54.050397368286674,30.468,-32.58922576904297,10.970038,186.59293043735022
13:22:46.939092,0.65514,-54.050397368286674,30.468,-32.58922576904297,10.975045,0.0
13:22:46.944087,0.65514,-54.050397368286674,30.468,-32.58922576904297,10.98004,0.0
13:22:46.949067,0.65514,-54.050397368286674,30.468,-32.58922576904297,10.98502,0.0
13:22:46.954086,0.65514,-54.050397368286674,30.468,-32.58922576904297,10.990039,0.0
13:22:46.959071,0.65514,-54.050397368286674,30.468,-32.58922576904297,10.995024,0.0
13:22:46.964061,0.65514,-54.050397368286674,30.468,-32.58922576904297,11.000014,0.0
13:22:46.969068,0.6588,-55.19321963391168,30.132000000000005,-31.604576110839847,11.005021,196.6546151794087
13:22:46.974051,0.6588,-55.19321963391168,30.132000000000005,-31.604576110839847,11.010004,0.0
13:22:46.979060,0.6588,-55.19321963391168,30.132000000000005,-31.604576110839847,11.015013,0.0
13:22:46.984060,0.6588,-55.19321963391168,30.132000000000005,-31.604576110839847,11.020013,0.0
13:22:46.989059,0.6588,-55.19321963391168,30.132000000000005,-31.604576110839847,11.025012,0.0
13:22:46.994391,0.6588,-55.19321963391168,30.132000000000005,-31.604576110839847,11.030344,0.0
13:22:46.999202,0.59658,-50.35288760266168,30.48,-30.613403320312496,11.035155,206.02219715803906
13:22:47.004358,0.59658,-50.35288760266168,30.48,-30.613403320312496,11.040311,0.0
13:22:47.009391,0.59658,-50.35288760266168,30.48,-30.613403320312496,11.045344,0.0
13:22:47.014401,0.59658,-50.35288760266168,30.48,-30.613403320312496,11.050354,0.0
13:22:47.019516,0.59658,-50.35288760266168,30.48,-30.613403320312496,11.055469,0.0
13:22:47.024399,0.59658,-50.35288760266168,30.48,-30.613403320312496,11.060352,0.0
13:22:47.029367,0.59658,-50.35288760266168,30.48,-30.613403320312496,11.06532,0.0
13:22:47.034288,0.61122,-52.90757510266168,30.012,-29.618453979492188,11.070241,202.18438139004434
13:22:47.039350,0.61122,-52.90757510266168,30.012,-29.618453979492188,11.075303,0.0
13:22:47.044437,0.61122,-52.90757510266168,30.012,-29.618453979492188,11.08039,0.0
13:22:47.049442,0.61122,-52.90757510266168,30.012,-29.618453979492188,11.085395,0.0
13:22:47.054377,0.61122,-52.90757510266168,30.012,-29.618453979492188,11.09033,0.0
13:22:47.059340,0.61122,-52.90757510266168,30.012,-29.618453979492188,11.095293,0.0
13:22:47.064422,0.57645,-46.991315337036674,30.648,-28.655776977539062,11.100375,189.4287685858247
13:22:47.069309,0.57645,-46.991315337036674,30.648,-28.655776977539062,11.105262,0.0
13:22:47.074319,0.57645,-46.991315337036674,30.648,-28.655776977539062,11.110272,0.0
13:22:47.079265,0.57645,-46.991315337036674,30.648,-28.655776977539062,11.115218,0.0
13:22:47.084295,0.57645,-46.991315337036674,30.648,-28.655776977539062,11.120248,0.0
13:22:47.089275,0.57645,-46.991315337036674,30.648,-28.655776977539062,11.125228,0.0
13:22:47.094151,0.57645,-46.991315337036674,30.648,-28.655776977539062,11.130104,0.0
13:22:47.099305,0.6441600000000001,-50.35288760266168,29.838,-27.65361785888672,11.135258,194.44297994803085
13:22:47.104285,0.6441600000000001,-50.35288760266168,29.838,-27.65361785888672,11.140238,0.0
13:22:47.109410,0.6441600000000001,-50.35288760266168,29.838,-27.65361785888672,11.145363,0.0
13:22:47.114446,0.6441600000000001,-50.35288760266168,29.838,-27.65361785888672,11.150399,0.0
13:22:47.119311,0.6441600000000001,-50.35288760266168,29.838,-27.65361785888672,11.155264,0.0
13:22:47.124274,0.6441600000000001,-50.35288760266168,29.838,-27.65361785888672,11.160227,0.0
13:22:47.129471,0.53253,-44.77280947766168,30.636,-26.67755126953125,11.165424,187.81346726104582
13:22:47.134355,0.53253,-44.77280947766168,30.636,-26.67755126953125,11.170308,0.0
13:22:47.139337,0.53253,-44.77280947766168,30.636,-26.67755126953125,11.17529,0.0
13:22:47.144419,0.53253,-44.77280947766168,30.636,-26.67755126953125,11.180372,0.0
13:22:47.149350,0.53253,-44.77280947766168,30.636,-26.67755126953125,11.185303,0.0
13:22:47.154320,0.53253,-44.77280947766168,30.636,-26.67755126953125,11.190273,0.0
13:22:47.159283,0.53253,-44.77280947766168,30.636,-26.67755126953125,11.195236,0.0
13:22:47.164279,0.58377,-46.45347354016168,30.066,-25.711441040039062,11.200232,193.3767472962659
13:22:47.169283,0.58377,-46.45347354016168,30.066,-25.711441040039062,11.205236,0.0
13:22:47.174418,0.58377,-46.45347354016168,30.066,-25.711441040039062,11.210371,0.0
13:22:47.179345,0.58377,-46.45347354016168,30.066,-25.711441040039062,11.215298,0.0
13:22:47.184301,0.58377,-46.45347354016168,30.066,-25.711441040039062,11.220254,0.0
13:22:47.189281,0.58377,-46.45347354016168,30.066,-25.711441040039062,11.225234,0.0
13:22:47.194271,0.58377,-46.45347354016168,30.066,-25.711441040039062,11.230224,0.0
13:22:47.199229,0.53253,-42.150983305786674,30.426,-24.735031127929688,11.235182,196.9362468957902
13:22:47.204221,0.53253,-42.150983305786674,30.426,-24.735031127929688,11.240174,0.0
13:22:47.209234,0.53253,-42.150983305786674,30.426,-24.735031127929688,11.245187,0.0
13:22:47.214303,0.53253,-42.150983305786674,30.426,-24.735031127929688,11.250256,0.0
13:22:47.219297,0.53253,-42.150983305786674,30.426,-24.735031127929688,11.25525,0.0
13:22:47.224294,0.53253,-42.150983305786674,30.426,-24.735031127929688,11.260247,0.0
13:22:47.229264,0.55632,-41.881940337036674,30.258,-23.730125427246094,11.265217,202.19430597254834
13:22:47.234282,0.55632,-41.881940337036674,30.258,-23.730125427246094,11.270235,0.0
13:22:47.239276,0.55632,-41.881940337036674,30.258,-23.730125427246094,11.275229,0.0
13:22:47.244324,0.55632,-41.881940337036674,30.258,-23.730125427246094,11.280277,0.0
13:22:47.249335,0.55632,-41.881940337036674,30.258,-23.730125427246094,11.285288,0.0
13:22:47.254316,0.55632,-41.881940337036674,30.258,-23.730125427246094,11.290269,0.0
13:22:47.259251,0.55632,-41.881940337036674,30.258,-23.730125427246094,11.295204,0.0
13:22:47.264300,0.4941,-40.47007510266168,30.402,-22.763671875,11.300253,191.41484496854093
13:22:47.269365,0.4941,-40.47007510266168,30.402,-22.763671875,11.305318,0.0
13:22:47.274353,0.4941,-40.47007510266168,30.402,-22.763671875,11.310306,0.0
13:22:47.279383,0.4941,-40.47007510266168,30.402,-22.763671875,11.315336,0.0
13:22:47.284431,0.4941,-40.47007510266168,30.402,-22.763671875,11.320384,0.0
13:22:47.289435,0.4941,-40.47007510266168,30.402,-22.763671875,11.325388,0.0
13:22:47.294492,0.50142,-36.369245024536674,30.372,-21.77867889404297,11.330445,194.7781255600613
13:22:47.299318,0.50142,-36.369245024536674,30.372,-21.77867889404297,11.335271,0.0
13:22:47.304301,0.50142,-36.369245024536674,30.372,-21.77867889404297,11.340254,0.0
13:22:47.309371,0.50142,-36.369245024536674,30.372,-21.77867889404297,11.345324,0.0
13:22:47.314309,0.50142,-36.369245024536674,30.372,-21.77867889404297,11.350262,0.0
13:22:47.319391,0.50142,-36.369245024536674,30.372,-21.77867889404297,11.355344,0.0
13:22:47.324338,0.50142,-36.369245024536674,30.372,-21.77867889404297,11.360291,0.0
13:22:47.329277,0.47946,-38.049909087036674,30.078,-20.74596405029297,11.36523,209.0939145069747
13:22:47.334395,0.47946,-38.049909087036674,30.078,-20.74596405029297,11.370348,0.0
13:22:47.339427,0.47946,-38.049909087036674,30.078,-20.74596405029297,11.37538,0.0
13:22:47.344309,0.47946,-38.049909087036674,30.078,-20.74596405029297,11.380262,0.0
13:22:47.349429,0.47946,-38.049909087036674,30.078,-20.74596405029297,11.385382,0.0
13:22:47.354352,0.47946,-38.049909087036674,30.078,-20.74596405029297,11.390305,0.0
13:22:47.359186,0.44103,-38.049909087036674,30.630000000000003,-19.807662963867188,11.395139,194.10448622789636
13:22:47.364262,0.44103,-32.671491118286674,30.630000000000003,-19.807662963867188,11.400215,0.0
13:22:47.369277,0.44103,-32.671491118286674,30.630000000000003,-19.807662963867188,11.40523,0.0
13:22:47.374291,0.44103,-32.671491118286674,30.630000000000003,-19.807662963867188,11.410244,0.0
13:22:47.379286,0.44103,-32.671491118286674,30.630000000000003,-19.807662963867188,11.415239,0.0
13:22:47.384322,0.44103,-32.671491118286674,30.630000000000003,-19.807662963867188,11.420275,0.0
13:22:47.389310,0.44103,-32.671491118286674,30.630000000000003,-19.807662963867188,11.425263,0.0
13:22:47.394239,0.48312,-34.822858305786674,29.976000000000003,-18.809967041015625,11.430192,202.4134556403805
13:22:47.399337,0.48312,-34.822858305786674,29.976000000000003,-18.809967041015625,11.43529,0.0
13:22:47.405069,0.48312,-34.822858305786674,29.976000000000003,-18.809967041015625,11.441022,0.0
13:22:47.409421,0.48312,-34.822858305786674,29.976000000000003,-18.809967041015625,11.445374,0.0
13:22:47.414198,0.48312,-34.822858305786674,29.976000000000003,-18.809967041015625,11.450151,0.0
13:22:47.419296,0.48312,-34.822858305786674,29.976000000000003,-18.809967041015625,11.455249,0.0
13:22:47.424138,0.48312,-34.822858305786674,29.976000000000003,-18.809967041015625,11.460091,0.0
13:22:47.429225,0.39711,-28.839459868286674,30.51,-17.83802032470703,11.465178,191.06481547251158
13:22:47.434186,0.39711,-28.839459868286674,30.51,-17.83802032470703,11.470139,0.0
13:22:47.439204,0.39711,-28.839459868286674,30.51,-17.83802032470703,11.475157,0.0
13:22:47.444224,0.39711,-28.839459868286674,30.51,-17.83802032470703,11.480177,0.0
13:22:47.449384,0.39711,-28.839459868286674,30.51,-17.83802032470703,11.485337,0.0
13:22:47.454394,0.39711,-28.839459868286674,30.51,-17.83802032470703,11.490347,0.0
13:22:47.459390,0.43737,-32.335309477661674,29.946,-16.826248168945312,11.495343,202.51644430778097
13:22:47.464395,0.43737,-32.335309477661674,29.946,-16.826248168945312,11.500348,0.0
13:22:47.469395,0.43737,-32.335309477661674,29.946,-16.826248168945312,11.505348,0.0
13:22:47.474379,0.43737,-32.335309477661674,29.946,-16.826248168945312,11.510332,0.0
13:22:47.479391,0.43737,-32.335309477661674,29.946,-16.826248168945312,11.515344,0.0
13:22:47.484381,0.43737,-32.335309477661674,29.946,-16.826248168945312,11.520334,0.0
13:22:47.489462,0.43737,-32.335309477661674,29.946,-16.826248168945312,11.525415,0.0
13:22:47.494321,0.38247,-26.620954008911674,30.576,-15.873184204101562,11.530274,196.14405532903973
13:22:47.499239,0.38247,-26.620954008911674,30.576,-15.873184204101562,11.535192,0.0
13:22:47.504085,0.38247,-26.620954008911674,30.576,-15.873184204101562,11.540038,0.0
13:22:47.509069,0.38247,-26.620954008911674,30.576,-15.873184204101562,11.545022,0.0
13:22:47.514255,0.38247,-26.620954008911674,30.576,-15.873184204101562,11.550208,0.0
13:22:47.519054,0.38247,-26.620954008911674,30.576,-15.873184204101562,11.555007,0.0
13:22:47.524183,0.41541,-27.696637602661674,29.994,-14.893341064453123,11.560136,191.039801062275
13:22:47.529068,0.41541,-27.696637602661674,29.994,-14.893341064453123,11.565021,0.0
13:22:47.534071,0.41541,-27.696637602661674,29.994,-14.893341064453123,11.570024,0.0
13:22:47.539107,0.41541,-27.696637602661674,29.994,-14.893341064453123,11.57506,0.0
13:22:47.544086,0.41541,-27.696637602661674,29.994,-14.893341064453123,11.580039,0.0
13:22:47.549052,0.41541,-27.696637602661674,29.994,-14.893341064453123,11.585005,0.0
13:22:47.554267,0.41541,-27.696637602661674,29.994,-14.893341064453123,11.59022,0.0
13:22:47.559205,0.3348899999999999,-23.999127837036674,30.492,-13.93890380859375,11.595158,193.28417494117534
13:22:47.564105,0.3348899999999999,-23.999127837036674,30.492,-13.93890380859375,11.600058,0.0
13:22:47.569070,0.3348899999999999,-23.999127837036674,30.492,-13.93890380859375,11.605023,0.0
13:22:47.574089,0.3348899999999999,-23.999127837036674,30.492,-13.93890380859375,11.610042,0.0
13:22:47.579072,0.3348899999999999,-23.999127837036674,30.492,-13.93890380859375,11.615025,0.0
13:22:47.584083,0.3348899999999999,-23.999127837036674,30.492,-13.93890380859375,11.620036,0.0
13:22:47.589404,0.37698,-23.528424712036674,30.234,-12.97382354736328,11.625357,181.37197166523748
13:22:47.594291,0.37698,-23.528424712036674,30.234,-12.97382354736328,11.630244,0.0
13:22:47.599057,0.37698,-23.528424712036674,30.234,-12.97382354736328,11.63501,0.0
13:22:47.604088,0.37698,-23.528424712036674,30.234,-12.97382354736328,11.640041,0.0
13:22:47.609084,0.37698,-23.528424712036674,30.234,-12.97382354736328,11.645037,0.0
13:22:47.614409,0.37698,-23.528424712036674,30.234,-12.97382354736328,11.650362,0.0
13:22:47.619319,0.37698,-23.528424712036674,30.234,-12.97382354736328,11.655272,0.0
13:22:47.624061,0.34221,-21.377057524536674,30.341999999999995,-11.986427307128906,11.660014,208.22358503465247
13:22:47.629056,0.34221,-21.377057524536674,30.341999999999995,-11.986427307128906,11.665009,0.0
13:22:47.634064,0.34221,-21.377057524536674,30.341999999999995,-11.986427307128906,11.670017,0.0
13:22:47.639091,0.34221,-21.377057524536674,30.341999999999995,-11.986427307128906,11.675044,0.0
13:22:47.644082,0.34221,-21.377057524536674,30.341999999999995,-11.986427307128906,11.680035,0.0
13:22:47.649072,0.34221,-21.377057524536674,30.341999999999995,-11.986427307128906,11.685025,0.0
13:22:47.654247,0.32757,-18.284528227661674,30.288,-11.005897521972656,11.6902,189.474354619519
13:22:47.659072,0.32757,-18.284528227661674,30.288,-11.005897521972656,11.695025,0.0
13:22:47.664421,0.32757,-18.284528227661674,30.288,-11.005897521972656,11.700374,0.0
13:22:47.669404,0.32757,-18.284528227661674,30.288,-11.005897521972656,11.705357,0.0
13:22:47.674403,0.32757,-18.284528227661674,30.288,-11.005897521972656,11.710356,0.0
13:22:47.679401,0.32757,-18.284528227661674,30.288,-11.005897521972656,11.715354,0.0
13:22:47.684410,0.29463,-18.284528227661674,30.156,-10.032920837402344,11.720363,194.24569466362325
13:22:47.689326,0.29463,-19.158551665161674,30.156,-10.032920837402344,11.725279,0.0
13:22:47.694326,0.29463,-19.158551665161674,30.156,-10.032920837402344,11.730279,0.0
13:22:47.699347,0.29463,-19.158551665161674,30.156,-10.032920837402344,11.7353,0.0
13:22:47.704416,0.29463,-19.158551665161674,30.156,-10.032920837402344,11.740369,0.0
13:22:47.709428,0.29463,-19.158551665161674,30.156,-10.032920837402344,11.745381,0.0
13:22:47.714322,0.29463,-19.158551665161674,30.156,-10.032920837402344,11.750275,0.0
13:22:47.719131,0.29463,-14.654157133911673,30.528,-9.080543518066406,11.755084,198.04061537449968
13:22:47.724289,0.29463,-14.654157133911673,30.528,-9.080543518066406,11.760242,0.0
13:22:47.729312,0.29463,-14.654157133911673,30.528,-9.080543518066406,11.765265,0.0
13:22:47.734397,0.29463,-14.654157133911673,30.528,-9.080543518066406,11.77035,0.0
13:22:47.739455,0.29463,-14.654157133911673,30.528,-9.080543518066406,11.775408,0.0
13:22:47.744310,0.29463,-14.654157133911673,30.528,-9.080543518066406,11.780263,0.0
13:22:47.749385,0.28548,-16.133161040161674,29.94,-8.079071044921875,11.785338,197.33447746691365
13:22:47.754304,0.28548,-16.133161040161674,29.94,-8.079071044921875,11.790257,0.0
13:22:47.759372,0.28548,-16.133161040161674,29.94,-8.079071044921875,11.795325,0.0
13:22:47.764312,0.28548,-16.133161040161674,29.94,-8.079071044921875,11.800265,0.0
13:22:47.769264,0.28548,-16.133161040161674,29.94,-8.079071044921875,11.805217,0.0
13:22:47.774305,0.28548,-16.133161040161674,29.94,-8.079071044921875,11.810258,0.0
13:22:47.779306,0.28548,-16.133161040161674,29.94,-8.079071044921875,11.815259,0.0
13:22:47.784264,0.2379,-10.956647368286673,30.492,-7.117424011230469,11.820217,193.9586594778862
13:22:47.789306,0.2379,-10.956647368286673,30.492,-7.117424011230469,11.825259,0.0
13:22:47.794412,0.2379,-10.956647368286673,30.492,-7.117424011230469,11.830365,0.0
13:22:47.799363,0.2379,-10.956647368286673,30.492,-7.117424011230469,11.835316,0.0
13:22:47.804277,0.2379,-10.956647368286673,30.492,-7.117424011230469,11.84023,0.0
13:22:47.809285,0.2379,-10.956647368286673,30.492,-7.117424011230469,11.845238,0.0
13:22:47.814452,0.26718,-13.108014555786673,30.066,-6.155433654785156,11.850405,186.17967030100363
13:22:47.819259,0.26718,-13.108014555786673,30.066,-6.155433654785156,11.855212,0.0
13:22:47.824253,0.26718,-13.108014555786673,30.066,-6.155433654785156,11.860206,0.0
13:22:47.829304,0.26718,-13.108014555786673,30.066,-6.155433654785156,11.865257,0.0
13:22:47.834317,0.26718,-13.108014555786673,30.066,-6.155433654785156,11.87027,0.0
13:22:47.839312,0.26718,-13.108014555786673,30.066,-6.155433654785156,11.875265,0.0
13:22:47.844340,0.26718,-13.108014555786673,30.066,-6.155433654785156,11.880293,0.0
13:22:47.849299,0.20679,-8.401959868286673,30.384,-5.1615142822265625,11.885252,200.42737901970068
13:22:47.854293,0.20679,-8.401959868286673,30.384,-5.1615142822265625,11.890246,0.0
13:22:47.859405,0.20679,-8.401959868286673,30.384,-5.1615142822265625,11.895358,0.0
13:22:47.864398,0.20679,-8.401959868286673,30.384,-5.1615142822265625,11.900351,0.0
13:22:47.869382,0.20679,-8.401959868286673,30.384,-5.1615142822265625,11.905335,0.0
13:22:47.874273,0.20679,-8.401959868286673,30.384,-5.1615142822265625,11.910226,0.0
13:22:47.879357,0.22692,-8.401959868286673,30.0,-4.21600341796875,11.91531,185.97774670688358
13:22:47.884055,0.22692,-7.595075102661672,30.0,-4.21600341796875,11.920008,0.0
13:22:47.889056,0.22692,-7.595075102661672,30.0,-4.21600341796875,11.925009,0.0
13:22:47.894085,0.22692,-7.595075102661672,30.0,-4.21600341796875,11.930038,0.0
13:22:47.899088,0.22692,-7.595075102661672,30.0,-4.21600341796875,11.935041,0.0
13:22:47.904090,0.22692,-7.595075102661672,30.0,-4.21600341796875,11.940043,0.0
13:22:47.909310,0.22692,-7.595075102661672,30.0,-4.21600341796875,11.945263,0.0
13:22:47.914064,0.16836,-4.9732489307866725,30.456,-3.206977844238281,11.950017,212.2477016681611
13:22:47.919070,0.16836,-4.9732489307866725,30.456,-3.206977844238281,11.955023,0.0
13:22:47.924071,0.16836,-4.9732489307866725,30.456,-3.206977844238281,11.960024,0.0
13:22:47.929189,0.16836,-4.9732489307866725,30.456,-3.206977844238281,11.965142,0.0
13:22:47.934041,0.16836,-4.9732489307866725,30.456,-3.206977844238281,11.969994,0.0
13:22:47.939053,0.16836,-4.9732489307866725,30.456,-3.206977844238281,11.975006,0.0
13:22:47.944472,0.19764,-3.695905180786673,30.138,-2.262153625488281,11.980425,174.3539802085307
13:22:47.949056,0.19764,-3.695905180786673,30.138,-2.262153625488281,11.985009,0.0
13:22:47.954031,0.19764,-3.695905180786673,30.138,-2.262153625488281,11.989984,0.0
13:22:47.959111,0.19764,-3.695905180786673,30.138,-2.262153625488281,11.995064,0.0
13:22:47.964063,0.19764,-3.695905180786673,30.138,-2.262153625488281,12.000016,0.0
13:22:47.969088,0.19764,-3.695905180786673,30.138,-2.262153625488281,12.005041,0.0
13:22:47.974106,0.19764,-3.695905180786673,30.138,-2.262153625488281,12.010059,0.0
13:22:47.979058,0.16104,-2.553082915161673,30.222,-1.289520263671875,12.015011,196.41222976908793
13:22:47.984109,0.16104,-2.553082915161673,30.222,-1.289520263671875,12.020062,0.0
13:22:47.989107,0.16104,-2.553082915161673,30.222,-1.289520263671875,12.02506,0.0
13:22:47.994086,0.16104,-2.553082915161673,30.222,-1.289520263671875,12.030039,0.0
13:22:47.999112,0.16104,-2.553082915161673,30.222,-1.289520263671875,12.035065,0.0
13:22:48.004111,0.16104,-2.553082915161673,30.222,-1.289520263671875,12.040064,0.0
13:22:48.009197,0.15189,0.808489350463327,30.336,-0.3096771240234375,12.04515,192.65496257341067
13:22:48.014045,0.15189,0.808489350463327,30.336,-0.3096771240234375,12.049998,0.0
13:22:48.019062,0.15189,0.808489350463327,30.336,-0.3096771240234375,12.055015,0.0
13:22:48.024090,0.15189,0.808489350463327,30.336,-0.3096771240234375,12.060043,0.0
13:22:48.029097,0.15189,0.808489350463327,30.336,-0.3096771240234375,12.06505,0.0
13:22:48.034190,0.15189,0.808489350463327,30.336,-0.3096771240234375,12.070143,0.0
13:22:48.039046,0.15189,0.808489350463327,30.336,-0.3096771240234375,12.074999,0.0
13:22:48.044044,0.14274,0.001604584838327,30.108000000000004,0.6663894653320312,12.079997,195.2914344448521
13:22:48.049035,0.14274,0.001604584838327,30.108000000000004,0.6663894653320312,12.084988,0.0
13:22:48.054064,0.14274,0.001604584838327,30.108000000000004,0.6663894653320312,12.090017,0.0
13:22:48.059117,0.14274,0.001604584838327,30.108000000000004,0.6663894653320312,12.09507,0.0
13:22:48.064064,0.14274,0.001604584838327,30.108000000000004,0.6663894653320312,12.100017,0.0
13:22:48.069084,0.14274,0.001604584838327,30.108000000000004,0.6663894653320312,12.105037,0.0
13:22:48.074072,0.12444,4.775042084838328,30.414,1.6565322875976562,12.110025,198.5049763964415
13:22:48.079051,0.12444,4.775042084838328,30.414,1.6565322875976562,12.115004,0.0
13:22:48.084370,0.12444,4.775042084838328,30.414,1.6565322875976562,12.120323,0.0
13:22:48.089398,0.12444,4.775042084838328,30.414,1.6565322875976562,12.125351,0.0
13:22:48.094399,0.12444,4.775042084838328,30.414,1.6565322875976562,12.130352,0.0
13:22:48.099377,0.12444,4.775042084838328,30.414,1.6565322875976562,12.13533,0.0
13:22:48.104402,0.12444,4.775042084838328,30.414,1.6565322875976562,12.140355,0.0
13:22:48.109288,0.11895,3.228655366088327,30.108000000000004,2.6016998291015625,12.145241,193.44403223572348
13:22:48.114274,0.11895,3.228655366088327,30.108000000000004,2.6016998291015625,12.150227,0.0
13:22:48.119340,0.11895,3.228655366088327,30.108000000000004,2.6016998291015625,12.155293,0.0
13:22:48.124200,0.11895,3.228655366088327,30.108000000000004,2.6016998291015625,12.160153,0.0
13:22:48.129050,0.11895,3.228655366088327,30.108000000000004,2.6016998291015625,12.165003,0.0
13:22:48.134217,0.11895,3.228655366088327,30.108000000000004,2.6016998291015625,12.17017,0.0
13:22:48.139083,0.07869,9.010393647338327,30.426,3.558540344238281,12.175036,196.63800146665736
13:22:48.144159,0.07869,9.010393647338327,30.426,3.558540344238281,12.180112,0.0
13:22:48.149093,0.07869,9.010393647338327,30.426,3.558540344238281,12.185046,0.0
13:22:48.154096,0.07869,9.010393647338327,30.426,3.558540344238281,12.190049,0.0
13:22:48.159182,0.07869,9.010393647338327,30.426,3.558540344238281,12.195135,0.0
13:22:48.164116,0.07869,9.010393647338327,30.426,3.558540344238281,12.200069,0.0
13:22:48.169069,0.07869,9.010393647338327,30.426,3.558540344238281,12.205022,0.0
13:22:48.174052,0.09333,7.060686616088328,30.024,4.563102722167969,12.210005,201.59790847470845
13:22:48.179057,0.09333,7.060686616088328,30.024,4.563102722167969,12.21501,0.0
13:22:48.184051,0.09333,7.060686616088328,30.024,4.563102722167969,12.220004,0.0
13:22:48.189067,0.09333,7.060686616088328,30.024,4.563102722167969,12.22502,0.0
13:22:48.194086,0.09333,7.060686616088328,30.024,4.563102722167969,12.230039,0.0
13:22:48.199090,0.09333,7.060686616088328,30.024,4.563102722167969,12.235043,0.0
13:22:48.204202,0.04026,11.094622162963327,30.522,5.497970581054688,12.240155,182.8771241953516
13:22:48.209081,0.04026,11.094622162963327,30.522,5.497970581054688,12.245034,0.0
13:22:48.214085,0.04026,11.094622162963327,30.522,5.497970581054688,12.250038,0.0
13:22:48.219068,0.04026,11.094622162963327,30.522,5.497970581054688,12.255021,0.0
13:22:48.224091,0.04026,11.094622162963327,30.522,5.497970581054688,12.260044,0.0
13:22:48.229097,0.04026,11.094622162963327,30.522,5.497970581054688,12.26505,0.0
13:22:48.234102,0.04026,11.094622162963327,30.522,5.497970581054688,12.270055,0.0
13:22:48.239210,0.09516,12.170061616088327,30.03,6.508712768554688,12.275163,197.87435150744355
13:22:48.244072,0.09516,12.170061616088327,30.03,6.508712768554688,12.280025,0.0
13:22:48.249062,0.09516,12.170061616088327,30.03,6.508712768554688,12.285015,0.0
13:22:48.254095,0.09516,12.170061616088327,30.03,6.508712768554688,12.290048,0.0
13:22:48.259092,0.09516,12.170061616088327,30.03,6.508712768554688,12.295045,0.0
13:22:48.264152,0.09516,12.170061616088327,30.03,6.508712768554688,12.300105,0.0
13:22:48.269121,0.00732,13.514788178588327,30.408,7.458000183105469,12.305074,191.0419429565204
13:22:48.274054,0.00732,13.514788178588327,30.408,7.458000183105469,12.310007,0.0
13:22:48.279062,0.00732,13.514788178588327,30.408,7.458000183105469,12.315015,0.0
13:22:48.284062,0.00732,13.514788178588327,30.408,7.458000183105469,12.320015,0.0
13:22:48.289056,0.00732,13.514788178588327,30.408,7.458000183105469,12.325009,0.0
13:22:48.294083,0.00732,13.514788178588327,30.408,7.458000183105469,12.330036,0.0
13:22:48.299097,0.00732,13.514788178588327,30.408,7.458000183105469,12.33505,0.0
13:22:48.304051,0.03111,15.397112397338327,30.27,8.448143005371094,12.340004,199.86734401810432
13:22:48.309091,0.03111,15.397112397338327,30.27,8.448143005371094,12.345044,0.0
13:22:48.314113,0.03111,15.397112397338327,30.27,8.448143005371094,12.350066,0.0
13:22:48.319467,0.03111,15.397112397338327,30.27,8.448143005371094,12.35542,0.0
13:22:48.324382,0.03111,15.397112397338327,30.27,8.448143005371094,12.360335,0.0
13:22:48.329343,0.03111,15.397112397338327,30.27,8.448143005371094,12.365296,0.0
13:22:48.334285,0.00549,16.338274506713326,30.222,9.416656494140623,12.370238,195.97601958105474
13:22:48.339286,0.00549,16.338274506713326,30.222,9.416656494140623,12.375239,0.0
13:22:48.344358,0.00549,16.338274506713326,30.222,9.416656494140623,12.380311,0.0
13:22:48.349409,0.00549,16.338274506713326,30.222,9.416656494140623,12.385362,0.0
13:22:48.354348,0.00549,16.338274506713326,30.222,9.416656494140623,12.390301,0.0
13:22:48.359297,0.00549,16.338274506713326,30.222,9.416656494140623,12.39525,0.0
13:22:48.364255,0.00549,16.338274506713326,30.222,9.416656494140623,12.400208,0.0
13:22:48.369320,0.01647,20.70814755358833,30.258,10.35736083984375,12.405273,185.72642560772135
13:22:48.374328,0.01647,20.70814755358833,30.258,10.35736083984375,12.410281,0.0
13:22:48.379363,0.01647,20.70814755358833,30.258,10.35736083984375,12.415316,0.0
13:22:48.384405,0.01647,20.70814755358833,30.258,10.35736083984375,12.420358,0.0
13:22:48.389401,0.01647,20.70814755358833,30.258,10.35736083984375,12.425354,0.0
13:22:48.394399,0.01647,20.70814755358833,30.258,10.35736083984375,12.430352,0.0
13:22:48.399291,-0.00183,19.16200497546333,30.012,11.35540008544922,12.435244,204.0145636968784
13:22:48.404252,-0.00183,19.16200497546333,30.012,11.35540008544922,12.440205,0.0
13:22:48.409345,-0.00183,19.16200497546333,30.012,11.35540008544922,12.445298,0.0
13:22:48.414330,-0.00183,19.16200497546333,30.012,11.35540008544922,12.450283,0.0
13:22:48.419357,-0.00183,19.16200497546333,30.012,11.35540008544922,12.45531,0.0
13:22:48.424322,-0.00183,19.16200497546333,30.012,11.35540008544922,12.460275,0.0
13:22:48.429262,-0.00183,19.16200497546333,30.012,11.35540008544922,12.465215,0.0
13:22:48.434269,-0.03111,22.99403622546333,30.528,12.30915069580078,12.470222,190.48344524700045
13:22:48.439351,-0.03111,22.99403622546333,30.528,12.30915069580078,12.475304,0.0
13:22:48.444387,-0.03111,22.99403622546333,30.528,12.30915069580078,12.48034,0.0
13:22:48.449301,-0.03111,22.99403622546333,30.528,12.30915069580078,12.485254,0.0
13:22:48.454352,-0.03111,22.99403622546333,30.528,12.30915069580078,12.490305,0.0
13:22:48.459388,-0.03111,22.99403622546333,30.528,12.30915069580078,12.495341,0.0
13:22:48.464325,-0.00549,21.85121395983833,30.012,13.276634216308594,12.500278,195.96587411541833
13:22:48.469317,-0.00549,21.85121395983833,30.012,13.276634216308594,12.50527,0.0
13:22:48.474383,-0.00549,21.85121395983833,30.012,13.276634216308594,12.510336,0.0
13:22:48.479377,-0.00549,21.85121395983833,30.012,13.276634216308594,12.51533,0.0
13:22:48.484331,-0.00549,21.85121395983833,30.012,13.276634216308594,12.520284,0.0
13:22:48.489308,-0.00549,21.85121395983833,30.012,13.276634216308594,12.525261,0.0
13:22:48.494340,-0.00549,21.85121395983833,30.012,13.276634216308594,12.530293,0.0
13:22:48.499311,-0.06405,27.02772763171333,30.408,14.281883239746094,12.535264,202.22269632621664
13:22:48.504377,-0.06405,27.02772763171333,30.408,14.281883239746094,12.54033,0.0
13:22:48.509363,-0.06405,27.02772763171333,30.408,14.281883239746094,12.545316,0.0
13:22:48.514389,-0.06405,27.02772763171333,30.408,14.281883239746094,12.550342,0.0
13:22:48.519357,-0.06405,27.02772763171333,30.408,14.281883239746094,12.55531,0.0
13:22:48.524399,-0.06405,27.02772763171333,30.408,14.281883239746094,12.560352,0.0
13:22:48.529328,-0.02562,26.22108700671333,30.102,15.263786315917969,12.565281,199.20938855178537
13:22:48.534374,-0.02562,26.22108700671333,30.102,15.263786315917969,12.570327,0.0
13:22:48.539394,-0.02562,26.22108700671333,30.102,15.263786315917969,12.575347,0.0
13:22:48.544393,-0.02562,26.22108700671333,30.102,15.263786315917969,12.580346,0.0
13:22:48.549411,-0.02562,26.22108700671333,30.102,15.263786315917969,12.585364,0.0
13:22:48.554351,-0.02562,26.22108700671333,30.102,15.263786315917969,12.590304,0.0
13:22:48.559321,-0.02562,26.22108700671333,30.102,15.263786315917969,12.595274,0.0
13:22:48.564293,-0.08052,30.05311825671333,30.498000000000005,16.243629455566406,12.600246,197.07223243128612
13:22:48.569322,-0.08052,30.05311825671333,30.498000000000005,16.243629455566406,12.605275,0.0
13:22:48.574398,-0.08052,30.05311825671333,30.498000000000005,16.243629455566406,12.610351,0.0
13:22:48.579441,-0.08052,30.05311825671333,30.498000000000005,16.243629455566406,12.615394,0.0
13:22:48.584422,-0.08052,30.05311825671333,30.498000000000005,16.243629455566406,12.620375,0.0
13:22:48.589497,-0.08052,30.05311825671333,30.498000000000005,16.243629455566406,12.62545,0.0
13:22:48.594500,-0.06039,31.53212216296333,30.048,17.20012664794922,12.630453,191.18472764003445
13:22:48.599325,-0.06039,31.53212216296333,30.048,17.20012664794922,12.635278,0.0
13:22:48.604414,-0.06039,31.53212216296333,30.048,17.20012664794922,12.640367,0.0
13:22:48.609403,-0.06039,31.53212216296333,30.048,17.20012664794922,12.645356,0.0
13:22:48.614507,-0.06039,31.53212216296333,30.048,17.20012664794922,12.65046,0.0
13:22:48.619421,-0.06039,31.53212216296333,30.048,17.20012664794922,12.655374,0.0
13:22:48.624419,-0.06039,31.53212216296333,30.048,17.20012664794922,12.660372,0.0
13:22:48.629318,-0.12261,32.069963959838326,30.408,18.21704864501953,12.665271,207.57746419071552
13:22:48.634400,-0.12261,32.069963959838326,30.408,18.21704864501953,12.670353,0.0
13:22:48.639430,-0.12261,32.069963959838326,30.408,18.21704864501953,12.675383,0.0
13:22:48.644431,-0.12261,32.069963959838326,30.408,18.21704864501953,12.680384,0.0
13:22:48.649497,-0.12261,32.069963959838326,30.408,18.21704864501953,12.68545,0.0
13:22:48.654349,-0.12261,32.069963959838326,30.408,18.21704864501953,12.690302,0.0
13:22:48.659304,-0.08784,35.633196381713326,30.444,19.17320251464844,12.695257,192.9674812571374
13:22:48.664104,-0.08784,35.633196381713326,30.444,19.17320251464844,12.700057,0.0
13:22:48.669065,-0.08784,35.633196381713326,30.444,19.17320251464844,12.705018,0.0
13:22:48.674073,-0.08784,35.633196381713326,30.444,19.17320251464844,12.710026,0.0
13:22:48.679065,-0.08784,35.633196381713326,30.444,19.17320251464844,12.715018,0.0
13:22:48.684083,-0.08784,35.633196381713326,30.444,19.17320251464844,12.720036,0.0
13:22:48.689062,-0.08784,35.633196381713326,30.444,19.17320251464844,12.725015,0.0
13:22:48.694058,-0.12993,34.086809662963326,30.126,20.15888214111328,12.730011,197.29376030127037
13:22:48.699094,-0.12993,34.086809662963326,30.126,20.15888214111328,12.735047,0.0
13:22:48.704085,-0.12993,34.086809662963326,30.126,20.15888214111328,12.740038,0.0
13:22:48.709064,-0.12993,34.086809662963326,30.126,20.15888214111328,12.745017,0.0
13:22:48.714113,-0.12993,34.086809662963326,30.126,20.15888214111328,12.750066,0.0
13:22:48.719066,-0.12993,34.086809662963326,30.126,20.15888214111328,12.755019,0.0
13:22:48.724453,-0.1464,39.868547944213326,30.438,21.12876892089844,12.760406,180.04209760262748
13:22:48.729308,-0.1464,39.868547944213326,30.438,21.12876892089844,12.765261,0.0
13:22:48.734373,-0.1464,39.868547944213326,30.438,21.12876892089844,12.770326,0.0
13:22:48.739411,-0.1464,39.868547944213326,30.438,21.12876892089844,12.775364,0.0
13:22:48.744413,-0.1464,39.868547944213326,30.438,21.12876892089844,12.780366,0.0
13:22:48.749395,-0.1464,39.868547944213326,30.438,21.12876892089844,12.785348,0.0
13:22:48.754455,-0.1464,39.868547944213326,30.438,21.12876892089844,12.790408,0.0
13:22:48.759182,-0.15372,37.179338959838326,30.186,22.126808166503903,12.795135,211.13586748578163
13:22:48.764310,-0.15372,37.179338959838326,30.186,22.126808166503903,12.800263,0.0
13:22:48.769377,-0.15372,37.179338959838326,30.186,22.126808166503903,12.80533,0.0
13:22:48.774423,-0.15372,37.179338959838326,30.186,22.126808166503903,12.810376,0.0
13:22:48.779459,-0.15372,37.179338959838326,30.186,22.126808166503903,12.815412,0.0
13:22:48.784418,-0.15372,37.179338959838326,30.186,22.126808166503903,12.820371,0.0
13:22:48.789605,-0.16104,42.826555756713326,30.402,23.09497833251953,12.825558,186.65320339613322
13:22:48.794362,-0.16104,42.826555756713326,30.402,23.09497833251953,12.830315,0.0
13:22:48.799390,-0.16104,42.826555756713326,30.402,23.09497833251953,12.835343,0.0
13:22:48.804342,-0.16104,42.826555756713326,30.402,23.09497833251953,12.840295,0.0
13:22:48.809394,-0.16104,42.826555756713326,30.402,23.09497833251953,12.845347,0.0
13:22:48.814448,-0.16104,42.826555756713326,30.402,23.09497833251953,12.850401,0.0
13:22:48.819356,-0.16104,42.826555756713326,30.402,23.09497833251953,12.855309,0.0
13:22:48.824329,-0.1281,40.137346772338326,30.018,24.06967163085937,12.860282,195.9970437039824
13:22:48.829429,-0.1281,40.137346772338326,30.018,24.06967163085937,12.865382,0.0
13:22:48.834566,-0.1281,40.137346772338326,30.018,24.06967163085937,12.870519,0.0
13:22:48.839286,-0.1281,40.137346772338326,30.018,24.06967163085937,12.875239,0.0
13:22:48.844347,-0.1281,40.137346772338326,30.018,24.06967163085937,12.8803,0.0
13:22:48.849395,-0.1281,40.137346772338326,30.018,24.06967163085937,12.885348,0.0
13:22:48.854279,-0.21411,46.188128022338326,30.618,24.997329711914062,12.890232,189.93818203417754
13:22:48.859277,-0.21411,46.188128022338326,30.618,24.997329711914062,12.89523,0.0
13:22:48.864294,-0.21411,46.188128022338326,30.618,24.997329711914062,12.900247,0.0
13:22:48.869304,-0.21411,46.188128022338326,30.618,24.997329711914062,12.905257,0.0
13:22:48.874405,-0.21411,46.188128022338326,30.618,24.997329711914062,12.910358,0.0
13:22:48.879413,-0.21411,46.188128022338326,30.618,24.997329711914062,12.915366,0.0
13:22:48.884371,-0.21411,46.188128022338326,30.618,24.997329711914062,12.920324,0.0
13:22:48.889369,-0.1647,43.835100678588326,29.946,25.995025634765625,12.925322,199.61903218323667
13:22:48.894413,-0.1647,43.835100678588326,29.946,25.995025634765625,12.930366,0.0
13:22:48.899473,-0.1647,43.835100678588326,29.946,25.995025634765625,12.935426,0.0
13:22:48.904403,-0.1647,43.835100678588326,29.946,25.995025634765625,12.940356,0.0
13:22:48.909512,-0.1647,43.835100678588326,29.946,25.995025634765625,12.945465,0.0
13:22:48.914413,-0.1647,43.835100678588326,29.946,25.995025634765625,12.950366,0.0
13:22:48.919376,-0.24705,48.272112397338326,30.474,26.98551177978516,12.955329,199.57407717499993
13:22:48.924278,-0.24705,48.272112397338326,30.474,26.98551177978516,12.960231,0.0
13:22:48.929366,-0.24705,48.272112397338326,30.474,26.98551177978516,12.965319,0.0
13:22:48.934359,-0.24705,48.272112397338326,30.474,26.98551177978516,12.970312,0.0
13:22:48.939350,-0.24705,48.272112397338326,30.474,26.98551177978516,12.975303,0.0
13:22:48.944418,-0.24705,48.272112397338326,30.474,26.98551177978516,12.980371,0.0
13:22:48.949373,-0.24705,48.272112397338326,30.474,26.98551177978516,12.985326,0.0
13:22:48.954324,-0.20862,49.011614350463326,30.126,27.95196533203125,12.990277,195.2037067756132
13:22:48.959278,-0.20862,49.011614350463326,30.126,27.95196533203125,12.995231,0.0
13:22:48.964257,-0.20862,49.011614350463326,30.126,27.95196533203125,13.00021,0.0
13:22:48.969269,-0.20862,49.011614350463326,30.126,27.95196533203125,13.005222,0.0
13:22:48.974304,-0.20862,49.011614350463326,30.126,27.95196533203125,13.010257,0.0
13:22:48.979320,-0.20862,49.011614350463326,30.126,27.95196533203125,13.015273,0.0
13:22:48.984290,-0.26718,50.154436616088326,30.42,28.89610290527344,13.020243,189.9673185597916
13:22:48.989408,-0.26718,50.154436616088326,30.42,28.89610290527344,13.025361,0.0
13:22:48.994416,-0.26718,50.154436616088326,30.42,28.89610290527344,13.030369,0.0
13:22:48.999434,-0.26718,50.154436616088326,30.42,28.89610290527344,13.035387,0.0
13:22:49.004435,-0.26718,50.154436616088326,30.42,28.89610290527344,13.040388,0.0
13:22:49.009434,-0.26718,50.154436616088326,30.42,28.89610290527344,13.045387,0.0
13:22:49.014317,-0.26718,50.154436616088326,30.42,28.89610290527344,13.05027,0.0
13:22:49.019296,-0.22875,52.843645600463326,30.24,29.90581512451172,13.055249,202.79417940111952
13:22:49.024284,-0.22875,52.843645600463326,30.24,29.90581512451172,13.060237,0.0
13:22:49.029293,-0.22875,52.843645600463326,30.24,29.90581512451172,13.065246,0.0
13:22:49.034263,-0.22875,52.843645600463326,30.24,29.90581512451172,13.070216,0.0
13:22:49.039275,-0.22875,52.843645600463326,30.24,29.90581512451172,13.075228,0.0
13:22:49.044253,-0.22875,52.843645600463326,30.24,29.90581512451172,13.080206,0.0
13:22:49.049410,-0.27816,51.767962006713326,30.348,30.883941650390625,13.085363,189.66967730834673
13:22:49.054292,-0.27816,51.767962006713326,30.348,30.883941650390625,13.090245,0.0
13:22:49.059390,-0.27816,51.767962006713326,30.348,30.883941650390625,13.095343,0.0
13:22:49.064409,-0.27816,51.767962006713326,30.348,30.883941650390625,13.100362,0.0
13:22:49.069284,-0.27816,51.767962006713326,30.348,30.883941650390625,13.105237,0.0
13:22:49.074304,-0.27816,51.767962006713326,30.348,30.883941650390625,13.110257,0.0
13:22:49.079365,-0.27816,51.767962006713326,30.348,30.883941650390625,13.115318,0.0
13:22:49.084339,-0.26352,57.549700287963326,30.318,31.83906555175781,13.120292,192.02330144097118
13:22:49.089353,-0.26352,57.549700287963326,30.318,31.83906555175781,13.125306,0.0
13:22:49.094420,-0.26352,57.549700287963326,30.318,31.83906555175781,13.130373,0.0
13:22:49.099411,-0.26352,57.549700287963326,30.318,31.83906555175781,13.135364,0.0
13:22:49.104356,-0.26352,57.549700287963326,30.318,31.83906555175781,13.140309,0.0
13:22:49.109369,-0.26352,57.549700287963326,30.318,31.83906555175781,13.145322,0.0
13:22:49.114339,-0.29829,54.591692475463326,30.168,32.836761474609375,13.150292,200.74364644900157
13:22:49.119317,-0.29829,54.591692475463326,30.168,32.836761474609375,13.15527,0.0
13:22:49.124263,-0.29829,54.591692475463326,30.168,32.836761474609375,13.160216,0.0
13:22:49.129268,-0.29829,54.591692475463326,30.168,32.836761474609375,13.165221,0.0
13:22:49.134352,-0.29829,54.591692475463326,30.168,32.836761474609375,13.170305,0.0
13:22:49.139403,-0.29829,54.591692475463326,30.168,32.836761474609375,13.175356,0.0
13:22:49.144357,-0.29829,54.591692475463326,30.168,32.836761474609375,13.18031,0.0
13:22:49.149284,-0.33855,58.894426850463326,30.426,33.801841735839844,13.185237,195.87583950282132
13:22:49.154294,-0.33855,58.894426850463326,30.426,33.801841735839844,13.190247,0.0
13:22:49.159301,-0.33855,58.894426850463326,30.426,33.801841735839844,13.195254,0.0
13:22:49.164267,-0.33855,58.894426850463326,30.426,33.801841735839844,13.20022,0.0
13:22:49.169104,-0.33855,58.894426850463326,30.426,33.801841735839844,13.205057,0.0
13:22:49.174408,-0.33855,58.894426850463326,30.426,33.801841735839844,13.210361,0.0
13:22:49.179204,-0.29097,57.415178803588326,30.12,34.74632263183594,13.215157,196.93096246795412
13:22:49.184381,-0.29097,57.415178803588326,30.12,34.74632263183594,13.220334,0.0
13:22:49.189329,-0.29097,57.415178803588326,30.12,34.74632263183594,13.225282,0.0
13:22:49.194110,-0.29097,57.415178803588326,30.12,34.74632263183594,13.230063,0.0
13:22:49.199307,-0.29097,57.415178803588326,30.12,34.74632263183594,13.23526,0.0
13:22:49.204134,-0.29097,57.415178803588326,30.12,34.74632263183594,13.240087,0.0
13:22:49.209439,-0.29097,57.415178803588326,30.12,34.74632263183594,13.245392,0.0
13:22:49.214367,-0.31476,62.255754975463326,30.486,35.73062896728516,13.25032,199.737486901239
13:22:49.219057,-0.31476,62.255754975463326,30.486,35.73062896728516,13.25501,0.0
13:22:49.224059,-0.31476,62.255754975463326,30.486,35.73062896728516,13.260012,0.0
13:22:49.229064,-0.31476,62.255754975463326,30.486,35.73062896728516,13.265017,0.0
13:22:49.234064,-0.31476,62.255754975463326,30.486,35.73062896728516,13.270017,0.0
13:22:49.239089,-0.31476,62.255754975463326,30.486,35.73062896728516,13.275042,0.0
13:22:49.244108,-0.3111,59.970110444213326,30.036,36.71733856201172,13.280061,196.59485848304513
13:22:49.249086,-0.3111,59.970110444213326,30.036,36.71733856201172,13.285039,0.0
13:22:49.254056,-0.3111,59.970110444213326,30.036,36.71733856201172,13.290009,0.0
13:22:49.259062,-0.3111,59.970110444213326,30.036,36.71733856201172,13.295015,0.0
13:22:49.264093,-0.3111,59.970110444213326,30.036,36.71733856201172,13.300046,0.0
13:22:49.269061,-0.3111,59.970110444213326,30.036,36.71733856201172,13.305014,0.0
13:22:49.274212,-0.3111,59.970110444213326,30.036,36.71733856201172,13.310165,0.0
13:22:49.279065,-0.37515,64.20546200671333,30.576,37.688941955566406,13.315018,200.20675737781886
13:22:49.284059,-0.37515,64.20546200671333,30.576,37.688941955566406,13.320012,0.0
13:22:49.289065,-0.37515,64.20546200671333,30.576,37.688941955566406,13.325018,0.0
13:22:49.294063,-0.37515,64.20546200671333,30.576,37.688941955566406,13.330016,0.0
13:22:49.299083,-0.37515,64.20546200671333,30.576,37.688941955566406,13.335036,0.0
13:22:49.304091,-0.37515,64.20546200671333,30.576,37.688941955566406,13.340044,0.0
13:22:49.309082,-0.31842,64.81044247546333,30.132000000000005,38.65402221679688,13.345035,193.36410763989977
13:22:49.314082,-0.31842,64.81044247546333,30.132000000000005,38.65402221679688,13.350035,0.0
13:22:49.319093,-0.31842,64.81044247546333,30.132000000000005,38.65402221679688,13.355046,0.0
13:22:49.324094,-0.31842,64.81044247546333,30.132000000000005,38.65402221679688,13.360047,0.0
13:22:49.329040,-0.31842,64.81044247546333,30.132000000000005,38.65402221679688,13.364993,0.0
13:22:49.334088,-0.31842,64.81044247546333,30.132000000000005,38.65402221679688,13.370041,0.0
13:22:49.339084,-0.31842,64.81044247546333,30.132000000000005,38.65402221679688,13.375037,0.0
13:22:49.344098,-0.3934499999999999,66.42396786608833,30.42,39.663047790527344,13.380051,201.24163815927912
13:22:49.349059,-0.3934499999999999,66.42396786608833,30.42,39.663047790527344,13.385012,0.0
13:22:49.354102,-0.3934499999999999,66.42396786608833,30.42,39.663047790527344,13.390055,0.0
13:22:49.359112,-0.3934499999999999,66.42396786608833,30.42,39.663047790527344,13.395065,0.0
13:22:49.364066,-0.3934499999999999,66.42396786608833,30.42,39.663047790527344,13.400019,0.0
13:22:49.369081,-0.3934499999999999,66.42396786608833,30.42,39.663047790527344,13.405034,0.0
13:22:49.374126,-0.38247,67.76845028796333,30.294,40.615081787109375,13.410079,188.70842350489698
13:22:49.379287,-0.38247,67.76845028796333,30.294,40.615081787109375,13.41524,0.0
13:22:49.384089,-0.38247,67.76845028796333,30.294,40.615081787109375,13.420042,0.0
13:22:49.389053,-0.38247,67.76845028796333,30.294,40.615081787109375,13.425006,0.0
13:22:49.394070,-0.38247,67.76845028796333,30.294,40.615081787109375,13.430023,0.0
13:22:49.399092,-0.38247,67.76845028796333,30.294,40.615081787109375,13.435045,0.0
13:22:49.404124,-0.38247,67.76845028796333,30.294,40.615081787109375,13.440077,0.0
13:22:49.409089,-0.40992,68.57533505358833,30.492,41.590118408203125,13.445042,196.3819982061803
13:22:49.414056,-0.40992,68.57533505358833,30.492,41.590118408203125,13.450009,0.0
13:22:49.419088,-0.40992,68.57533505358833,30.492,41.590118408203125,13.455041,0.0
13:22:49.424088,-0.40992,68.57533505358833,30.492,41.590118408203125,13.460041,0.0
13:22:49.429090,-0.40992,68.57533505358833,30.492,41.590118408203125,13.465043,0.0
13:22:49.434437,-0.40992,68.57533505358833,30.492,41.590118408203125,13.47039,0.0
13:22:49.439186,-0.38796,72.20570614733833,30.216,42.55348205566406,13.475139,202.8561060140807
13:22:49.444421,-0.38796,72.20570614733833,30.216,42.55348205566406,13.480374,0.0
13:22:49.449408,-0.38796,72.20570614733833,30.216,42.55348205566406,13.485361,0.0
13:22:49.454307,-0.38796,72.20570614733833,30.216,42.55348205566406,13.49026,0.0
13:22:49.459131,-0.38796,72.20570614733833,30.216,42.55348205566406,13.495084,0.0
13:22:49.464215,-0.38796,72.20570614733833,30.216,42.55348205566406,13.500168,0.0
13:22:49.469070,-0.38796,72.20570614733833,30.216,42.55348205566406,13.505023,0.0
13:22:49.474132,-0.44286,70.92836239733833,30.156,43.548431396484375,13.510085,196.55261572900065
13:22:49.479124,-0.44286,70.92836239733833,30.156,43.548431396484375,13.515077,0.0
13:22:49.484069,-0.44286,70.92836239733833,30.156,43.548431396484375,13.520022,0.0
13:22:49.489054,-0.44286,70.92836239733833,30.156,43.548431396484375,13.525007,0.0
13:22:49.494094,-0.44286,70.92836239733833,30.156,43.548431396484375,13.530047,0.0
13:22:49.499087,-0.44286,70.92836239733833,30.156,43.548431396484375,13.53504,0.0
13:22:49.504113,-0.4575,75.76869442858833,29.94,44.4891357421875,13.540066,187.16759763296776
13:22:49.509069,-0.4575,75.76869442858833,29.94,44.4891357421875,13.545022,0.0
13:22:49.514060,-0.4575,75.76869442858833,29.94,44.4891357421875,13.550013,0.0
13:22:49.519071,-0.4575,75.76869442858833,29.94,44.4891357421875,13.555024,0.0
13:22:49.524090,-0.4575,75.76869442858833,29.94,44.4891357421875,13.560043,0.0
13:22:49.529089,-0.4575,75.76869442858833,29.94,44.4891357421875,13.565042,0.0
13:22:49.534114,-0.4575,75.76869442858833,29.94,44.4891357421875,13.570067,0.0
13:22:49.539097,-0.4758,75.76869442858833,29.021999999999995,45.4669189453125,13.57505,196.22380155029873
13:22:49.544071,-0.4758,75.76869442858833,29.021999999999995,45.4669189453125,13.580024,0.0
13:22:49.549061,-0.4758,75.76869442858833,29.021999999999995,45.4669189453125,13.585014,0.0
13:22:49.554085,-0.4758,75.76869442858833,29.021999999999995,45.4669189453125,13.590038,0.0
13:22:49.559105,-0.4758,75.76869442858833,29.021999999999995,45.4669189453125,13.595058,0.0
13:22:49.564084,-0.4758,75.76869442858833,29.021999999999995,45.4669189453125,13.600037,0.0
13:22:49.569119,-0.49776,80.34047177233833,28.524,46.37397766113281,13.605072,180.15068834566245
13:22:49.574070,-0.49776,80.34047177233833,28.524,46.37397766113281,13.610023,0.0
13:22:49.579266,-0.49776,80.34047177233833,28.524,46.37397766113281,13.615219,0.0
13:22:49.584071,-0.49776,80.34047177233833,28.524,46.37397766113281,13.620024,0.0
13:22:49.589068,-0.49776,80.34047177233833,28.524,46.37397766113281,13.625021,0.0
13:22:49.594064,-0.49776,80.34047177233833,28.524,46.37397766113281,13.630017,0.0
13:22:49.599094,-0.49776,80.34047177233833,28.524,46.37397766113281,13.635047,0.0
13:22:49.604094,-0.49227,78.52528622546333,27.558000000000003,47.24464416503906,13.640047,174.13330078128465
13:22:49.609107,-0.49227,78.52528622546333,27.558000000000003,47.24464416503906,13.64506,0.0
13:22:49.614087,-0.49227,78.52528622546333,27.558000000000003,47.24464416503906,13.65004,0.0
13:22:49.619069,-0.49227,78.52528622546333,27.558000000000003,47.24464416503906,13.655022,0.0
13:22:49.624084,-0.49227,78.52528622546333,27.558000000000003,47.24464416503906,13.660037,0.0
13:22:49.629086,-0.49227,78.52528622546333,27.558000000000003,47.24464416503906,13.665039,0.0
13:22:49.634128,-0.52704,81.68495419421333,26.754,48.12938690185547,13.670081,175.47456105047317
13:22:49.639082,-0.52704,81.68495419421333,26.754,48.12938690185547,13.675035,0.0
13:22:49.644068,-0.52704,81.68495419421333,26.754,48.12938690185547,13.680021,0.0
13:22:49.649086,-0.52704,81.68495419421333,26.754,48.12938690185547,13.685039,0.0
13:22:49.654072,-0.52704,81.68495419421333,26.754,48.12938690185547,13.690025,0.0
13:22:49.659090,-0.52704,81.68495419421333,26.754,48.12938690185547,13.695043,0.0
13:22:49.664363,-0.52704,81.68495419421333,26.754,48.12938690185547,13.700316,0.0
13:22:49.669367,-0.51423,80.20595028796333,25.752,48.96400451660156,13.70532,166.79009087653205
13:22:49.674381,-0.51423,80.20595028796333,25.752,48.96400451660156,13.710334,0.0
13:22:49.679392,-0.51423,80.20595028796333,25.752,48.96400451660156,13.715345,0.0
13:22:49.684290,-0.51423,80.20595028796333,25.752,48.96400451660156,13.720243,0.0
13:22:49.689367,-0.51423,80.20595028796333,25.752,48.96400451660156,13.72532,0.0
13:22:49.694371,-0.51423,80.20595028796333,25.752,48.96400451660156,13.730324,0.0
13:22:49.699370,-0.5160600000000001,84.77748349108833,25.008000000000003,49.74266052246094,13.735323,155.7623536426112
13:22:49.704376,-0.5160600000000001,84.77748349108833,25.008000000000003,49.74266052246094,13.740329,0.0
13:22:49.709363,-0.5160600000000001,84.77748349108833,25.008000000000003,49.74266052246094,13.745316,0.0
13:22:49.714359,-0.5160600000000001,84.77748349108833,25.008000000000003,49.74266052246094,13.750312,0.0
13:22:49.719390,-0.5160600000000001,84.77748349108833,25.008000000000003,49.74266052246094,13.755343,0.0
13:22:49.724405,-0.5160600000000001,84.77748349108833,25.008000000000003,49.74266052246094,13.760358,0.0
13:22:49.729395,-0.5160600000000001,84.77748349108833,25.008000000000003,49.74266052246094,13.765348,0.0
13:22:49.734392,-0.54717,82.22279599108833,23.946,50.56629180908203,13.770345,164.82515241562692
13:22:49.739400,-0.54717,82.22279599108833,23.946,50.56629180908203,13.775353,0.0
13:22:49.744400,-0.54717,82.22279599108833,23.946,50.56629180908203,13.780353,0.0
13:22:49.749438,-0.54717,82.22279599108833,23.946,50.56629180908203,13.785391,0.0
13:22:49.754374,-0.54717,82.22279599108833,23.946,50.56629180908203,13.790327,0.0
13:22:49.759318,-0.54717,82.22279599108833,23.946,50.56629180908203,13.795271,0.0
13:22:49.764288,-0.5435099999999999,85.11366513171333,23.076,51.29413604736328,13.800241,146.44753285336606
13:22:49.769271,-0.5435099999999999,85.11366513171333,23.076,51.29413604736328,13.805224,0.0
13:22:49.774303,-0.5435099999999999,85.11366513171333,23.076,51.29413604736328,13.810256,0.0
13:22:49.779319,-0.5435099999999999,85.11366513171333,23.076,51.29413604736328,13.815272,0.0
13:22:49.784269,-0.5435099999999999,85.11366513171333,23.076,51.29413604736328,13.820222,0.0
13:22:49.789269,-0.5435099999999999,85.11366513171333,23.076,51.29413604736328,13.825222,0.0
13:22:49.794317,-0.5435099999999999,85.11366513171333,23.076,51.29413604736328,13.83027,0.0
13:22:49.799331,-0.5874300000000001,85.24818661608833,22.152,52.02129364013672,13.835284,145.02544730226478
13:22:49.804385,-0.5874300000000001,85.24818661608833,22.152,52.02129364013672,13.840338,0.0
13:22:49.809422,-0.5874300000000001,85.24818661608833,22.152,52.02129364013672,13.845375,0.0
13:22:49.814498,-0.5874300000000001,85.24818661608833,22.152,52.02129364013672,13.850451,0.0
13:22:49.819433,-0.5874300000000001,85.24818661608833,22.152,52.02129364013672,13.855386,0.0
13:22:49.824431,-0.5874300000000001,85.24818661608833,22.152,52.02129364013672,13.860384,0.0
13:22:49.829328,-0.55632,84.91200497546333,21.0,52.714805603027344,13.865281,141.6197596264379
13:22:49.834395,-0.55632,84.91200497546333,21.0,52.714805603027344,13.870348,0.0
13:22:49.839376,-0.55632,84.91200497546333,21.0,52.714805603027344,13.875329,0.0
13:22:49.844487,-0.55632,84.91200497546333,21.0,52.714805603027344,13.88044,0.0
13:22:49.849339,-0.55632,84.91200497546333,21.0,52.714805603027344,13.885292,0.0
13:22:49.854314,-0.55632,84.91200497546333,21.0,52.714805603027344,13.890267,0.0
13:22:49.859461,-0.5929200000000001,84.91200497546333,20.166000000000004,53.37055206298828,13.895414,127.4036254052502
13:22:49.864364,-0.5929200000000001,87.87001278796333,20.166000000000004,53.37055206298828,13.900317,0.0
13:22:49.869403,-0.5929200000000001,87.87001278796333,20.166000000000004,53.37055206298828,13.905356,0.0
13:22:49.874442,-0.5929200000000001,87.87001278796333,20.166000000000004,53.37055206298828,13.910395,0.0
13:22:49.879407,-0.5929200000000001,87.87001278796333,20.166000000000004,53.37055206298828,13.91536,0.0
13:22:49.884417,-0.5929200000000001,87.87001278796333,20.166000000000004,53.37055206298828,13.92037,0.0
13:22:49.889186,-0.5929200000000001,87.87001278796333,20.166000000000004,53.37055206298828,13.925139,0.0
13:22:49.894386,-0.55998,85.58412411608833,19.134,53.99059295654297,13.930339,119.23863337589421
13:22:49.899387,-0.55998,85.58412411608833,19.134,53.99059295654297,13.93534,0.0
13:22:49.904302,-0.55998,85.58412411608833,19.134,53.99059295654297,13.940255,0.0
13:22:49.909331,-0.55998,85.58412411608833,19.134,53.99059295654297,13.945284,0.0
13:22:49.914101,-0.55998,85.58412411608833,19.134,53.99059295654297,13.950054,0.0
13:22:49.919071,-0.55998,85.58412411608833,19.134,53.99059295654297,13.955024,0.0
13:22:49.925166,-0.57462,85.58412411608833,18.102,54.60239410400391,13.961119,100.37754675322824
13:22:49.929226,-0.57462,88.13905575671333,18.102,54.60239410400391,13.965179,0.0
13:22:49.934378,-0.57462,88.13905575671333,18.102,54.60239410400391,13.970331,0.0
13:22:49.939118,-0.57462,88.13905575671333,18.102,54.60239410400391,13.975071,0.0
13:22:49.944394,-0.57462,88.13905575671333,18.102,54.60239410400391,13.980347,0.0
13:22:49.949394,-0.57462,88.13905575671333,18.102,54.60239410400391,13.985347,0.0
13:22:49.954385,-0.57462,88.13905575671333,18.102,54.60239410400391,13.990338,0.0
13:22:49.959270,-0.6039,90.08851864733832,17.195999999999998,55.14209747314453,13.995223,110.48175417413292
13:22:49.964104,-0.6039,90.08851864733832,17.195999999999998,55.14209747314453,14.000057,0.0
13:22:49.969084,-0.6039,90.08851864733832,17.195999999999998,55.14209747314453,14.005037,0.0
13:22:49.974070,-0.6039,90.08851864733832,17.195999999999998,55.14209747314453,14.010023,0.0
13:22:49.979466,-0.6039,90.08851864733832,17.195999999999998,55.14209747314453,14.015419,0.0
13:22:49.984388,-0.6039,90.08851864733832,17.195999999999998,55.14209747314453,14.020341,0.0
13:22:49.989261,-0.6039,90.08851864733832,17.195999999999998,55.14209747314453,14.025214,0.0
13:22:49.994096,-0.5929200000000001,87.53383114733833,16.26,55.6787109375,14.030049,110.98520462367681
13:22:49.999097,-0.5929200000000001,87.53383114733833,16.26,55.6787109375,14.03505,0.0
13:22:50.004096,-0.5929200000000001,87.53383114733833,16.26,55.6787109375,14.040049,0.0
13:22:50.009065,-0.5929200000000001,87.53383114733833,16.26,55.6787109375,14.045018,0.0
13:22:50.014085,-0.5929200000000001,87.53383114733833,16.26,55.6787109375,14.050038,0.0
13:22:50.019096,-0.5929200000000001,87.53383114733833,16.26,55.6787109375,14.055049,0.0
13:22:50.024291,-0.62037,90.15590145983832,15.162,56.19815826416016,14.060244,99.98986076229315
13:22:50.029037,-0.62037,90.15590145983832,15.162,56.19815826416016,14.06499,0.0
13:22:50.034056,-0.62037,90.15590145983832,15.162,56.19815826416016,14.070009,0.0
13:22:50.039059,-0.62037,90.15590145983832,15.162,56.19815826416016,14.075012,0.0
13:22:50.044085,-0.62037,90.15590145983832,15.162,56.19815826416016,14.080038,0.0
13:22:50.049095,-0.62037,90.15590145983832,15.162,56.19815826416016,14.085048,0.0
13:22:50.054107,-0.62037,90.15590145983832,15.162,56.19815826416016,14.09006,0.0
13:22:50.059448,-0.62037,90.29017880358832,14.172,56.66851043701172,14.095401,88.06443977746387
13:22:50.064408,-0.62037,90.29017880358832,14.172,56.66851043701172,14.100361,0.0
13:22:50.069411,-0.62037,90.29017880358832,14.172,56.66851043701172,14.105364,0.0
13:22:50.074402,-0.62037,90.29017880358832,14.172,56.66851043701172,14.110355,0.0
13:22:50.079339,-0.62037,90.29017880358832,14.172,56.66851043701172,14.115292,0.0
13:22:50.084302,-0.62037,90.29017880358832,14.172,56.66851043701172,14.120255,0.0
13:22:50.089423,-0.6039,90.76088192858832,13.266,57.09423065185547,14.125376,83.13224269553399
13:22:50.094088,-0.6039,90.76088192858832,13.266,57.09423065185547,14.130041,0.0
13:22:50.099043,-0.6039,90.76088192858832,13.266,57.09423065185547,14.134996,0.0
13:22:50.104111,-0.6039,90.76088192858832,13.266,57.09423065185547,14.140064,0.0
13:22:50.109066,-0.6039,90.76088192858832,13.266,57.09423065185547,14.145019,0.0
13:22:50.114088,-0.6039,90.76088192858832,13.266,57.09423065185547,14.150041,0.0
13:22:50.119073,-0.6039,90.76088192858832,13.266,57.09423065185547,14.155026,0.0
13:22:50.124053,-0.6167100000000001,90.15590145983832,12.258,57.50965118408204,14.160006,83.41777755554004
13:22:50.129058,-0.6167100000000001,90.15590145983832,12.258,57.50965118408204,14.165011,0.0
13:22:50.134066,-0.6167100000000001,90.15590145983832,12.258,57.50965118408204,14.170019,0.0
13:22:50.139065,-0.6167100000000001,90.15590145983832,12.258,57.50965118408204,14.175018,0.0
13:22:50.144099,-0.6167100000000001,90.15590145983832,12.258,57.50965118408204,14.180052,0.0
13:22:50.149087,-0.6167100000000001,90.15590145983832,12.258,57.50965118408204,14.18504,0.0
13:22:50.154419,-0.60939,90.42470028796332,11.202000000000002,57.88421630859376,14.190372,70.24852297670164
13:22:50.159057,-0.60939,90.42470028796332,11.202000000000002,57.88421630859376,14.19501,0.0
13:22:50.164069,-0.60939,90.42470028796332,11.202000000000002,57.88421630859376,14.200022,0.0
13:22:50.169128,-0.60939,90.42470028796332,11.202000000000002,57.88421630859376,14.205081,0.0
13:22:50.174071,-0.60939,90.42470028796332,11.202000000000002,57.88421630859376,14.210024,0.0
13:22:50.179294,-0.60939,90.42470028796332,11.202000000000002,57.88421630859376,14.215247,0.0
13:22:50.184061,-0.60939,90.42470028796332,11.202000000000002,57.88421630859376,14.220014,0.0
13:22:50.189061,-0.62403,92.57606747546332,10.386,58.21929931640626,14.225014,67.01660156251333
13:22:50.194060,-0.62403,92.57606747546332,10.386,58.21929931640626,14.230013,0.0
13:22:50.199062,-0.62403,92.57606747546332,10.386,58.21929931640626,14.235015,0.0
13:22:50.204116,-0.62403,92.57606747546332,10.386,58.21929931640626,14.240069,0.0
13:22:50.209065,-0.62403,92.57606747546332,10.386,58.21929931640626,14.245018,0.0
13:22:50.214058,-0.62403,92.57606747546332,10.386,58.21929931640626,14.250011,0.0
13:22:50.219376,-0.6386700000000001,92.64320614733832,9.348,58.53206634521485,14.255329,58.812905003506934
13:22:50.224044,-0.6386700000000001,92.64320614733832,9.348,58.53206634521485,14.259997,0.0
13:22:50.229061,-0.6386700000000001,92.64320614733832,9.348,58.53206634521485,14.265014,0.0
13:22:50.234084,-0.6386700000000001,92.64320614733832,9.348,58.53206634521485,14.270037,0.0
13:22:50.239057,-0.6386700000000001,92.64320614733832,9.348,58.53206634521485,14.27501,0.0
13:22:50.244069,-0.6386700000000001,92.64320614733832,9.348,58.53206634521485,14.280022,0.0
13:22:50.249106,-0.6386700000000001,92.64320614733832,9.348,58.53206634521485,14.285059,0.0
13:22:50.254345,-0.62403,92.50892880358832,8.238,58.81118774414063,14.290298,53.27761002592198
13:22:50.259367,-0.62403,92.50892880358832,8.238,58.81118774414063,14.29532,0.0
13:22:50.264306,-0.62403,92.50892880358832,8.238,58.81118774414063,14.300259,0.0
13:22:50.269364,-0.62403,92.50892880358832,8.238,58.81118774414063,14.305317,0.0
13:22:50.274438,-0.62403,92.50892880358832,8.238,58.81118774414063,14.310391,0.0
13:22:50.279302,-0.62403,92.50892880358832,8.238,58.81118774414063,14.315255,0.0
13:22:50.284298,-0.63501,92.50892880358832,7.266,59.05975341796874,14.320251,49.75293711531219
13:22:50.289028,-0.63501,91.23158505358832,7.266,59.05975341796874,14.324981,0.0
13:22:50.294090,-0.63501,91.23158505358832,7.266,59.05975341796874,14.330043,0.0
13:22:50.299094,-0.63501,91.23158505358832,7.266,59.05975341796874,14.335047,0.0
13:22:50.304071,-0.63501,91.23158505358832,7.266,59.05975341796874,14.340024,0.0
13:22:50.309057,-0.63501,91.23158505358832,7.266,59.05975341796874,14.34501,0.0
13:22:50.314056,-0.63501,91.23158505358832,7.266,59.05975341796874,14.350009,0.0
13:22:50.319061,-0.6459900000000001,91.83656552233832,6.348,59.27913665771485,14.355014,43.83281513408232
13:22:50.324055,-0.6459900000000001,91.83656552233832,6.348,59.27913665771485,14.360008,0.0
13:22:50.329044,-0.6459900000000001,91.83656552233832,6.348,59.27913665771485,14.364997,0.0
13:22:50.334065,-0.6459900000000001,91.83656552233832,6.348,59.27913665771485,14.370018,0.0
13:22:50.339084,-0.6459900000000001,91.83656552233832,6.348,59.27913665771485,14.375037,0.0
13:22:50.344089,-0.6459900000000001,91.83656552233832,6.348,59.27913665771485,14.380042,0.0
13:22:50.350491,-0.65697,92.64320614733832,5.292,59.45972442626954,14.386444,28.208023829225162
13:22:50.354340,-0.65697,92.64320614733832,5.292,59.45972442626954,14.390293,0.0
13:22:50.359316,-0.65697,92.64320614733832,5.292,59.45972442626954,14.395269,0.0
13:22:50.364414,-0.65697,92.64320614733832,5.292,59.45972442626954,14.400367,0.0
13:22:50.369410,-0.65697,92.64320614733832,5.292,59.45972442626954,14.405363,0.0
13:22:50.374297,-0.65697,92.64320614733832,5.292,59.45972442626954,14.41025,0.0
13:22:50.379341,-0.65697,92.64320614733832,5.292,59.45972442626954,14.415294,0.0
13:22:50.384337,-0.66795,93.45009091296332,4.41,59.60838317871094,14.42029,29.755554932224285
13:22:50.389374,-0.66795,93.45009091296332,4.41,59.60838317871094,14.425327,0.0
13:22:50.394354,-0.66795,93.45009091296332,4.41,59.60838317871094,14.430307,0.0
13:22:50.399415,-0.66795,93.45009091296332,4.41,59.60838317871094,14.435368,0.0
13:22:50.404435,-0.66795,93.45009091296332,4.41,59.60838317871094,14.440388,0.0
13:22:50.409420,-0.66795,93.45009091296332,4.41,59.60838317871094,14.445373,0.0
13:22:50.414335,-0.6478200000000001,93.45009091296332,3.318,59.72339630126954,14.450288,23.40043185322287
13:22:50.419294,-0.6478200000000001,93.45009091296332,3.318,59.72339630126954,14.455247,0.0
13:22:50.424379,-0.6478200000000001,93.45009091296332,3.318,59.72339630126954,14.460332,0.0
13:22:50.429422,-0.6478200000000001,93.45009091296332,3.318,59.72339630126954,14.465375,0.0
13:22:50.434395,-0.6478200000000001,93.45009091296332,3.318,59.72339630126954,14.470348,0.0
13:22:50.439416,-0.6478200000000001,93.45009091296332,3.318,59.72339630126954,14.475369,0.0
13:22:50.444445,-0.6478200000000001,93.45009091296332,3.318,59.72339630126954,14.480398,0.0
13:22:50.449341,-0.6478200000000001,93.24843075671332,2.37,59.81163024902344,14.485294,18.02163965561498
13:22:50.454364,-0.6478200000000001,93.24843075671332,2.37,59.81163024902344,14.490317,0.0
13:22:50.459453,-0.6478200000000001,93.24843075671332,2.37,59.81163024902344,14.495406,0.0
13:22:50.464585,-0.6478200000000001,93.24843075671332,2.37,59.81163024902344,14.500538,0.0
13:22:50.469445,-0.6478200000000001,93.24843075671332,2.37,59.81163024902344,14.505398,0.0
13:22:50.474276,-0.6478200000000001,93.24843075671332,2.37,59.81163024902344,14.510229,0.0
13:22:50.479272,-0.62952,93.11390927233832,1.596,59.86759185791016,14.515225,11.201282803591525
13:22:50.484133,-0.62952,93.11390927233832,1.596,59.86759185791016,14.520086,0.0
13:22:50.489100,-0.62952,93.11390927233832,1.596,59.86759185791016,14.525053,0.0
13:22:50.494070,-0.62952,93.11390927233832,1.596,59.86759185791016,14.530023,0.0
13:22:50.499103,-0.62952,93.11390927233832,1.596,59.86759185791016,14.535056,0.0
13:22:50.504065,-0.62952,93.11390927233832,1.596,59.86759185791016,14.540018,0.0
13:22:50.509053,-0.62952,93.11390927233832,1.596,59.86759185791016,14.545006,0.0
13:22:50.514044,-0.6130500000000001,90.55922177233832,0.996,59.90741729736328,14.549997,7.979450902249806
13:22:50.519061,-0.6130500000000001,90.55922177233832,0.996,59.90741729736328,14.555014,0.0
13:22:50.524067,-0.6130500000000001,90.55922177233832,0.996,59.90741729736328,14.56002,0.0
13:22:50.529046,-0.6130500000000001,90.55922177233832,0.996,59.90741729736328,14.564999,0.0
13:22:50.534095,-0.6130500000000001,90.55922177233832,0.996,59.90741729736328,14.570048,0.0
13:22:50.539040,-0.6130500000000001,90.55922177233832,0.996,59.90741729736328,14.574993,0.0
13:22:50.544063,-0.61122,90.08851864733832,0.738,59.93144989013672,14.580016,4.784509809562239
13:22:50.549094,-0.61122,90.08851864733832,0.738,59.93144989013672,14.585047,0.0
13:22:50.554063,-0.61122,90.08851864733832,0.738,59.93144989013672,14.590016,0.0
13:22:50.559061,-0.61122,90.08851864733832,0.738,59.93144989013672,14.595014,0.0
13:22:50.564086,-0.61122,90.08851864733832,0.738,59.93144989013672,14.600039,0.0
13:22:50.569084,-0.61122,90.08851864733832,0.738,59.93144989013672,14.605037,0.0
13:22:50.574333,-0.61122,90.08851864733832,0.738,59.93144989013672,14.610286,0.0
13:22:50.579042,-0.60939,89.21449520983833,0.582,59.94930267333984,14.614995,3.791204757510642
13:22:50.584056,-0.60939,89.21449520983833,0.582,59.94930267333984,14.620009,0.0
13:22:50.589065,-0.60939,89.21449520983833,0.582,59.94930267333984,14.625018,0.0
13:22:50.594093,-0.60939,89.21449520983833,0.582,59.94930267333984,14.630046,0.0
13:22:50.599086,-0.60939,89.21449520983833,0.582,59.94930267333984,14.635039,0.0
13:22:50.604109,-0.60939,89.21449520983833,0.582,59.94930267333984,14.640062,0.0
13:22:50.609072,-0.61488,89.55067685046333,0.414,59.96509552001954,14.645025,3.182117001753284
13:22:50.614046,-0.61488,89.55067685046333,0.414,59.96509552001954,14.649999,0.0
13:22:50.619056,-0.61488,89.55067685046333,0.414,59.96509552001954,14.655009,0.0
13:22:50.624095,-0.61488,89.55067685046333,0.414,59.96509552001954,14.660048,0.0
13:22:50.629089,-0.61488,89.55067685046333,0.414,59.96509552001954,14.665042,0.0
13:22:50.634087,-0.61488,89.55067685046333,0.414,59.96509552001954,14.67004,0.0
13:22:50.639486,-0.61488,89.55067685046333,0.414,59.96509552001954,14.675439,0.0
13:22:50.644330,-0.6185400000000001,90.15590145983832,0.306,59.97642517089844,14.680283,2.338903979955123
13:22:50.649358,-0.6185400000000001,90.15590145983832,0.306,59.97642517089844,14.685311,0.0
13:22:50.654325,-0.6185400000000001,90.15590145983832,0.306,59.97642517089844,14.690278,0.0
13:22:50.659327,-0.6185400000000001,90.15590145983832,0.306,59.97642517089844,14.69528,0.0
13:22:50.664307,-0.6185400000000001,90.15590145983832,0.306,59.97642517089844,14.70026,0.0
13:22:50.669311,-0.6185400000000001,90.15590145983832,0.306,59.97642517089844,14.705264,0.0
13:22:50.674281,-0.6075600000000001,89.28187802233833,0.174,59.982948303222656,14.710234,1.312501473685828
13:22:50.679328,-0.6075600000000001,89.28187802233833,0.174,59.982948303222656,14.715281,0.0
13:22:50.684398,-0.6075600000000001,89.28187802233833,0.174,59.982948303222656,14.720351,0.0
13:22:50.689358,-0.6075600000000001,89.28187802233833,0.174,59.982948303222656,14.725311,0.0
13:22:50.694436,-0.6075600000000001,89.28187802233833,0.174,59.982948303222656,14.730389,0.0
13:22:50.699377,-0.6075600000000001,89.28187802233833,0.174,59.982948303222656,14.73533,0.0
13:22:50.704654,-0.6130500000000001,89.28187802233833,0.132,59.98672485351562,14.740607,0.7156623636461452
13:22:50.709271,-0.6130500000000001,89.28187802233833,0.132,59.98672485351562,14.745224,0.0
13:22:50.714454,-0.6130500000000001,89.28187802233833,0.132,59.98672485351562,14.750407,0.0
13:22:50.719416,-0.6130500000000001,89.28187802233833,0.132,59.98672485351562,14.755369,0.0
13:22:50.724496,-0.6130500000000001,89.28187802233833,0.132,59.98672485351562,14.760449,0.0
13:22:50.729397,-0.6130500000000001,89.28187802233833,0.132,59.98672485351562,14.76535,0.0
13:22:50.734439,-0.6130500000000001,89.28187802233833,0.132,59.98672485351562,14.770392,0.0
13:22:50.739360,-0.6020700000000001,89.21449520983833,0.084,59.98981475830079,14.775313,0.6279018055618073
13:22:50.744396,-0.6020700000000001,89.21449520983833,0.084,59.98981475830079,14.780349,0.0
13:22:50.749387,-0.6020700000000001,89.21449520983833,0.084,59.98981475830079,14.78534,0.0
13:22:50.754419,-0.6020700000000001,89.21449520983833,0.084,59.98981475830079,14.790372,0.0
13:22:50.759481,-0.6020700000000001,89.21449520983833,0.084,59.98981475830079,14.795434,0.0
13:22:50.764379,-0.6020700000000001,89.21449520983833,0.084,59.98981475830079,14.800332,0.0
13:22:50.769279,-0.6020700000000001,89.21449520983833,0.084,59.98981475830079,14.805232,0.0
13:22:50.774332,-0.6130500000000001,89.28187802233833,0.066,59.99324798583984,14.810285,0.6794434076881369
13:22:50.779441,-0.6130500000000001,89.28187802233833,0.066,59.99324798583984,14.815394,0.0
13:22:50.784199,-0.6130500000000001,89.28187802233833,0.066,59.99324798583984,14.820152,0.0
13:22:50.789295,-0.6130500000000001,89.28187802233833,0.066,59.99324798583984,14.825248,0.0
13:22:50.794288,-0.6130500000000001,89.28187802233833,0.066,59.99324798583984,14.830241,0.0
13:22:50.799320,-0.6130500000000001,89.28187802233833,0.066,59.99324798583984,14.835273,0.0
13:22:50.804307,-0.60573,89.28187802233833,0.042,59.99496459960937,14.84026,0.3442177199782035
13:22:50.809276,-0.60573,89.28187802233833,0.042,59.99496459960937,14.845229,0.0
13:22:50.814364,-0.60573,89.28187802233833,0.042,59.99496459960937,14.850317,0.0
13:22:50.819445,-0.60573,89.28187802233833,0.042,59.99496459960937,14.855398,0.0
13:22:50.824444,-0.60573,89.28187802233833,0.042,59.99496459960937,14.860397,0.0
13:22:50.829325,-0.60573,89.28187802233833,0.042,59.99496459960937,14.865278,0.0
13:22:50.834368,-0.59475,88.94569638171333,0.0239999999999999,59.99599456787109,14.870321,0.2042372123177935
13:22:50.839319,-0.59475,88.94569638171333,0.0239999999999999,59.99599456787109,14.875272,0.0
13:22:50.844350,-0.59475,88.94569638171333,0.0239999999999999,59.99599456787109,14.880303,0.0
13:22:50.849318,-0.59475,88.94569638171333,0.0239999999999999,59.99599456787109,14.885271,0.0
13:22:50.854297,-0.59475,88.94569638171333,0.0239999999999999,59.99599456787109,14.89025,0.0
13:22:50.859276,-0.59475,88.94569638171333,0.0239999999999999,59.99599456787109,14.895229,0.0
13:22:50.864264,-0.59475,88.94569638171333,0.0239999999999999,59.99599456787109,14.900217,0.0
13:22:50.869238,-0.58926,89.28187802233833,0.018,59.99565124511718,14.905191,-0.06902347284000838
13:22:50.874268,-0.58926,89.28187802233833,0.018,59.99565124511718,14.910221,0.0
13:22:50.879314,-0.58926,89.28187802233833,0.018,59.99565124511718,14.915267,0.0
13:22:50.884317,-0.58926,89.28187802233833,0.018,59.99565124511718,14.92027,0.0
13:22:50.889311,-0.58926,89.28187802233833,0.018,59.99565124511718,14.925264,0.0
13:22:50.894305,-0.58926,89.28187802233833,0.018,59.99565124511718,14.930258,0.0
13:22:50.899156,-0.6020700000000001,89.28187802233833,0.0239999999999999,59.997367858886726,14.935109,0.35386802093286446
13:22:50.904060,-0.6020700000000001,89.28187802233833,0.0239999999999999,59.997367858886726,14.940013,0.0
13:22:50.909059,-0.6020700000000001,89.28187802233833,0.0239999999999999,59.997367858886726,14.945012,0.0
13:22:50.914104,-0.6020700000000001,89.28187802233833,0.0239999999999999,59.997367858886726,14.950057,0.0
13:22:50.919068,-0.6020700000000001,89.28187802233833,0.0239999999999999,59.997367858886726,14.955021,0.0
13:22:50.924065,-0.6020700000000001,89.28187802233833,0.0239999999999999,59.997367858886726,14.960018,0.0
13:22:50.929086,-0.6020700000000001,89.28187802233833,0.0239999999999999,59.997367858886726,14.965039,0.0
13:22:50.934052,-0.5929200000000001,89.28187802233833,0.0119999999999999,59.99805450439453,14.970005,0.138269333025665
13:22:50.939067,-0.5929200000000001,89.28187802233833,0.0119999999999999,59.99805450439453,14.97502,0.0
13:22:50.944064,-0.5929200000000001,89.28187802233833,0.0119999999999999,59.99805450439453,14.980017,0.0
13:22:50.949073,-0.5929200000000001,89.28187802233833,0.0119999999999999,59.99805450439453,14.985026,0.0
13:22:50.954071,-0.5929200000000001,89.28187802233833,0.0119999999999999,59.99805450439453,14.990024,0.0
13:22:50.959071,-0.5929200000000001,89.28187802233833,0.0119999999999999,59.99805450439453,14.995024,0.0
13:22:50.964341,-0.6020700000000001,88.94569638171333,0.0059999999999999,59.99771118164063,15.000294,-0.0651466326184404
13:22:50.969282,-0.6020700000000001,88.94569638171333,0.0059999999999999,59.99771118164063,15.005235,0.0
13:22:50.974303,-0.6020700000000001,88.94569638171333,0.0059999999999999,59.99771118164063,15.010256,0.0
13:22:50.979405,-0.6020700000000001,88.94569638171333,0.0059999999999999,59.99771118164063,15.015358,0.0
13:22:50.984227,-0.6020700000000001,88.94569638171333,0.0059999999999999,59.99771118164063,15.02018,0.0
13:22:50.989290,-0.6020700000000001,88.94569638171333,0.0059999999999999,59.99771118164063,15.025243,0.0
13:22:50.994218,-0.6020700000000001,88.94569638171333,0.0059999999999999,59.99771118164063,15.030171,0.0
13:22:50.999309,-0.59109,89.01283505358833,0.0059999999999999,59.99805450439453,15.035262,0.06743719385172511
13:22:51.004303,-0.59109,89.01283505358833,0.0059999999999999,59.99805450439453,15.040256,0.0
13:22:51.009389,-0.59109,89.01283505358833,0.0059999999999999,59.99805450439453,15.045342,0.0
13:22:51.014356,-0.59109,89.01283505358833,0.0059999999999999,59.99805450439453,15.050309,0.0
13:22:51.019284,-0.59109,89.01283505358833,0.0059999999999999,59.99805450439453,15.055237,0.0
13:22:51.024284,-0.59109,89.01283505358833,0.0059999999999999,59.99805450439453,15.060237,0.0
13:22:51.029253,-0.60024,89.28187802233833,0.0059999999999999,59.99942779541016,15.065206,0.27637170771429875
13:22:51.034261,-0.60024,89.28187802233833,0.0059999999999999,59.99942779541016,15.070214,0.0
13:22:51.039317,-0.60024,89.28187802233833,0.0059999999999999,59.99942779541016,15.07527,0.0
13:22:51.044374,-0.60024,89.28187802233833,0.0059999999999999,59.99942779541016,15.080327,0.0
13:22:51.049298,-0.60024,89.28187802233833,0.0059999999999999,59.99942779541016,15.085251,0.0
13:22:51.054303,-0.60024,89.28187802233833,0.0059999999999999,59.99942779541016,15.090256,0.0
13:22:51.059970,-0.6039,89.28187802233833,0.0,59.99805450439453,15.095923,-0.24233121856924697
13:22:51.064255,-0.6039,89.28187802233833,0.0,59.99805450439453,15.100208,0.0
13:22:51.069261,-0.6039,89.28187802233833,0.0,59.99805450439453,15.105214,0.0
13:22:51.074297,-0.6039,89.28187802233833,0.0,59.99805450439453,15.11025,0.0
13:22:51.079056,-0.6039,89.28187802233833,0.0,59.99805450439453,15.115009,0.0
13:22:51.084401,-0.6039,89.28187802233833,0.0,59.99805450439453,15.120354,0.0
13:22:51.089099,-0.6039,89.28187802233833,0.0,59.99805450439453,15.125052,0.0
13:22:51.094353,-0.64965,89.08021786608833,-0.018,59.99977111816406,15.130306,0.32672511791617487
13:22:51.099342,-0.64965,89.08021786608833,-0.018,59.99977111816406,15.135295,0.0
13:22:51.104356,-0.64965,89.08021786608833,-0.018,59.99977111816406,15.140309,0.0
13:22:51.109563,-0.64965,89.08021786608833,-0.018,59.99977111816406,15.145516,0.0
13:22:51.114381,-0.64965,89.08021786608833,-0.018,59.99977111816406,15.150334,0.0
13:22:51.119381,-0.64965,89.08021786608833,-0.018,59.99977111816406,15.155334,0.0
13:22:51.124554,-0.7631100000000001,89.08021786608833,-0.114,59.99668121337891,15.160507,-0.5973138962204828
13:22:51.129272,-0.7631100000000001,89.28187802233833,-0.114,59.99668121337891,15.165225,0.0
13:22:51.134439,-0.7631100000000001,89.28187802233833,-0.114,59.99668121337891,15.170392,0.0
13:22:51.139408,-0.7631100000000001,89.28187802233833,-0.114,59.99668121337891,15.175361,0.0
13:22:51.144458,-0.7631100000000001,89.28187802233833,-0.114,59.99668121337891,15.180411,0.0
13:22:51.149454,-0.7631100000000001,89.28187802233833,-0.114,59.99668121337891,15.185407,0.0
13:22:51.154507,-0.7631100000000001,89.28187802233833,-0.114,59.99668121337891,15.19046,0.0
13:22:51.159279,-0.92232,90.42470028796332,-0.6000000000000001,59.99015808105469,15.195232,-1.366959833240705
13:22:51.164268,-0.92232,90.42470028796332,-0.6000000000000001,59.99015808105469,15.200221,0.0
13:22:51.169328,-0.92232,90.42470028796332,-0.6000000000000001,59.99015808105469,15.205281,0.0
13:22:51.174302,-0.92232,90.42470028796332,-0.6000000000000001,59.99015808105469,15.210255,0.0
13:22:51.179260,-0.92232,90.42470028796332,-0.6000000000000001,59.99015808105469,15.215213,0.0
13:22:51.184320,-0.92232,90.42470028796332,-0.6000000000000001,59.99015808105469,15.220273,0.0
13:22:51.189233,-1.03944,94.25673153796332,-1.638,59.95651245117187,15.225186,-6.848286155672391
13:22:51.194226,-1.03944,94.25673153796332,-1.638,59.95651245117187,15.230179,0.0
13:22:51.199387,-1.03944,94.25673153796332,-1.638,59.95651245117187,15.23534,0.0
13:22:51.204412,-1.03944,94.25673153796332,-1.638,59.95651245117187,15.240365,0.0
13:22:51.209422,-1.03944,94.25673153796332,-1.638,59.95651245117187,15.245375,0.0
13:22:51.214457,-1.03944,94.25673153796332,-1.638,59.95651245117187,15.25041,0.0
13:22:51.219486,-1.03944,94.25673153796332,-1.638,59.95651245117187,15.255439,0.0
13:22:51.224280,-1.07787,97.14760067858832,-2.994,59.87617492675781,15.260233,-16.75793166751738
13:22:51.229271,-1.07787,97.14760067858832,-2.994,59.87617492675781,15.265224,0.0
13:22:51.234414,-1.07787,97.14760067858832,-2.994,59.87617492675781,15.270367,0.0
13:22:51.239346,-1.07787,97.14760067858832,-2.994,59.87617492675781,15.275299,0.0
13:22:51.244493,-1.07787,97.14760067858832,-2.994,59.87617492675781,15.280446,0.0
13:22:51.249449,-1.07787,97.14760067858832,-2.994,59.87617492675781,15.285402,0.0
13:22:51.254455,-1.04676,94.72743466296332,-4.326,59.74536895751952,15.290408,-26.129838042009496
13:22:51.259458,-1.04676,94.72743466296332,-4.326,59.74536895751952,15.295411,0.0
13:22:51.264402,-1.04676,94.72743466296332,-4.326,59.74536895751952,15.300355,0.0
13:22:51.269367,-1.04676,94.72743466296332,-4.326,59.74536895751952,15.30532,0.0
13:22:51.274417,-1.04676,94.72743466296332,-4.326,59.74536895751952,15.31037,0.0
13:22:51.279369,-1.04676,94.72743466296332,-4.326,59.74536895751952,15.315322,0.0
13:22:51.284327,-1.04676,94.72743466296332,-4.326,59.74536895751952,15.32028,0.0
13:22:51.289296,-1.0046700000000002,91.43324520983832,-5.298,59.58263397216796,15.325249,-32.75004736397352
13:22:51.294297,-1.0046700000000002,91.43324520983832,-5.298,59.58263397216796,15.33025,0.0
13:22:51.299355,-1.0046700000000002,91.43324520983832,-5.298,59.58263397216796,15.335308,0.0
13:22:51.304422,-1.0046700000000002,91.43324520983832,-5.298,59.58263397216796,15.340375,0.0
13:22:51.309304,-1.0046700000000002,91.43324520983832,-5.298,59.58263397216796,15.345257,0.0
13:22:51.314374,-1.0046700000000002,91.43324520983832,-5.298,59.58263397216796,15.350327,0.0
13:22:51.319299,-0.99369,90.15590145983832,-6.132,59.39243316650391,15.355252,-38.619452926709776
13:22:51.324275,-0.99369,90.15590145983832,-6.132,59.39243316650391,15.360228,0.0
13:22:51.329316,-0.99369,90.15590145983832,-6.132,59.39243316650391,15.365269,0.0
13:22:51.334298,-0.99369,90.15590145983832,-6.132,59.39243316650391,15.370251,0.0
13:22:51.339262,-0.99369,90.15590145983832,-6.132,59.39243316650391,15.375215,0.0
13:22:51.344229,-0.99369,90.15590145983832,-6.132,59.39243316650391,15.380182,0.0
13:22:51.349250,-0.99369,90.15590145983832,-6.132,59.39243316650391,15.385203,0.0
13:22:51.354330,-0.99735,91.56752255358832,-6.804,59.181976318359375,15.390283,-41.42851341428304
13:22:51.359300,-0.99735,91.56752255358832,-6.804,59.181976318359375,15.395253,0.0
13:22:51.364332,-0.99735,91.56752255358832,-6.804,59.181976318359375,15.400285,0.0
13:22:51.369326,-0.99735,91.56752255358832,-6.804,59.181976318359375,15.405279,0.0
13:22:51.374307,-0.99735,91.56752255358832,-6.804,59.181976318359375,15.41026,0.0
13:22:51.379371,-0.99735,91.56752255358832,-6.804,59.181976318359375,15.415324,0.0
13:22:51.384242,-1.01382,92.57606747546332,-7.637999999999999,58.948516845703125,15.420195,-47.928448502621215
13:22:51.389345,-1.01382,92.57606747546332,-7.637999999999999,58.948516845703125,15.425298,0.0
13:22:51.394344,-1.01382,92.57606747546332,-7.637999999999999,58.948516845703125,15.430297,0.0
13:22:51.399282,-1.01382,92.57606747546332,-7.637999999999999,58.948516845703125,15.435235,0.0
13:22:51.404297,-1.01382,92.57606747546332,-7.637999999999999,58.948516845703125,15.44025,0.0
13:22:51.409319,-1.01382,92.57606747546332,-7.637999999999999,58.948516845703125,15.445272,0.0
13:22:51.414383,-1.01382,92.57606747546332,-7.637999999999999,58.948516845703125,15.450336,0.0
13:22:51.419313,-0.98088,92.44154599108832,-8.790000000000001,58.6669921875,15.455266,-57.1043931446515
13:22:51.424366,-0.98088,92.44154599108832,-8.790000000000001,58.6669921875,15.460319,0.0
13:22:51.429315,-0.98088,92.44154599108832,-8.790000000000001,58.6669921875,15.465268,0.0
13:22:51.434443,-0.98088,92.44154599108832,-8.790000000000001,58.6669921875,15.470396,0.0
13:22:51.439319,-0.98088,92.44154599108832,-8.790000000000001,58.6669921875,15.475272,0.0
13:22:51.444134,-0.98088,92.44154599108832,-8.790000000000001,58.6669921875,15.480087,0.0
13:22:51.449085,-0.95709,91.23158505358832,-9.648,58.37104797363281,15.485038,-59.77463418848284
13:22:51.454062,-0.95709,91.23158505358832,-9.648,58.37104797363281,15.490015,0.0
13:22:51.459056,-0.95709,91.23158505358832,-9.648,58.37104797363281,15.495009,0.0
13:22:51.464104,-0.95709,91.23158505358832,-9.648,58.37104797363281,15.500057,0.0
13:22:51.469088,-0.95709,91.23158505358832,-9.648,58.37104797363281,15.505041,0.0
13:22:51.474087,-0.95709,91.23158505358832,-9.648,58.37104797363281,15.51004,0.0
13:22:51.479507,-0.95709,91.23158505358832,-9.648,58.37104797363281,15.51546,0.0
13:22:51.484346,-0.9516,90.42470028796332,-10.578,58.05072784423828,15.520299,-66.19552167689592
13:22:51.489414,-0.9516,90.42470028796332,-10.578,58.05072784423828,15.525367,0.0
13:22:51.494450,-0.9516,90.42470028796332,-10.578,58.05072784423828,15.530403,0.0
13:22:51.499457,-0.9516,90.42470028796332,-10.578,58.05072784423828,15.53541,0.0
13:22:51.504355,-0.9516,90.42470028796332,-10.578,58.05072784423828,15.540308,0.0
13:22:51.509532,-0.9516,90.42470028796332,-10.578,58.05072784423828,15.545485,0.0
13:22:51.514357,-1.0046700000000002,91.36586239733832,-11.346,57.6888656616211,15.55031,-74.99734354759747
13:22:51.519445,-1.0046700000000002,91.36586239733832,-11.346,57.6888656616211,15.555398,0.0
13:22:51.524428,-1.0046700000000002,91.36586239733832,-11.346,57.6888656616211,15.560381,0.0
13:22:51.529551,-1.0046700000000002,91.36586239733832,-11.346,57.6888656616211,15.565504,0.0
13:22:51.534430,-1.0046700000000002,91.36586239733832,-11.346,57.6888656616211,15.570383,0.0
13:22:51.539143,-1.0046700000000002,91.36586239733832,-11.346,57.6888656616211,15.575096,0.0
13:22:51.544110,-1.0046700000000002,91.36586239733832,-11.346,57.6888656616211,15.580063,0.0
13:22:51.549089,-0.99918,90.42470028796332,-12.444,57.30949401855469,15.585042,-76.19434486172119
13:22:51.554102,-0.99918,90.42470028796332,-12.444,57.30949401855469,15.590055,0.0
13:22:51.559084,-0.99918,90.42470028796332,-12.444,57.30949401855469,15.595037,0.0
13:22:51.564113,-0.99918,90.42470028796332,-12.444,57.30949401855469,15.600066,0.0
13:22:51.569467,-0.99918,90.42470028796332,-12.444,57.30949401855469,15.60542,0.0
13:22:51.574402,-0.99918,90.42470028796332,-12.444,57.30949401855469,15.610355,0.0
13:22:51.579315,-0.9699,90.42470028796332,-13.614,56.87004089355469,15.615268,-89.44700284957969
13:22:51.584315,-0.9699,90.42470028796332,-13.614,56.87004089355469,15.620268,0.0
13:22:51.589433,-0.9699,90.42470028796332,-13.614,56.87004089355469,15.625386,0.0
13:22:51.594436,-0.9699,90.42470028796332,-13.614,56.87004089355469,15.630389,0.0
13:22:51.599350,-0.9699,90.42470028796332,-13.614,56.87004089355469,15.635303,0.0
13:22:51.604318,-0.9699,90.42470028796332,-13.614,56.87004089355469,15.640271,0.0
13:22:51.609330,-0.9699,90.42470028796332,-13.614,56.87004089355469,15.645283,0.0
13:22:51.614310,-0.97722,89.75233700671333,-14.556,56.41204833984375,15.650263,-91.96637624714779
13:22:51.619437,-0.97722,89.75233700671333,-14.556,56.41204833984375,15.65539,0.0
13:22:51.624383,-0.97722,89.75233700671333,-14.556,56.41204833984375,15.660336,0.0
13:22:51.629371,-0.97722,89.75233700671333,-14.556,56.41204833984375,15.665324,0.0
13:22:51.634095,-0.97722,89.75233700671333,-14.556,56.41204833984375,15.670048,0.0
13:22:51.639121,-0.97722,89.75233700671333,-14.556,56.41204833984375,15.675074,0.0
13:22:51.644106,-0.98088,89.21449520983833,-15.336,55.93311309814453,15.680059,-96.07527416233897
13:22:51.649068,-0.98088,89.21449520983833,-15.336,55.93311309814453,15.685021,0.0
13:22:51.654420,-0.98088,89.21449520983833,-15.336,55.93311309814453,15.690373,0.0
13:22:51.659459,-0.98088,89.21449520983833,-15.336,55.93311309814453,15.695412,0.0
13:22:51.664448,-0.98088,89.21449520983833,-15.336,55.93311309814453,15.700401,0.0
13:22:51.669338,-0.98088,89.21449520983833,-15.336,55.93311309814453,15.705291,0.0
13:22:51.674336,-0.98088,89.21449520983833,-15.336,55.93311309814453,15.710289,0.0
13:22:51.679315,-0.95709,87.06337216296333,-16.386,55.40679931640625,15.715268,-105.70672459092735
13:22:51.684351,-0.95709,87.06337216296333,-16.386,55.40679931640625,15.720304,0.0
13:22:51.689061,-0.95709,87.06337216296333,-16.386,55.40679931640625,15.725014,0.0
13:22:51.694090,-0.95709,87.06337216296333,-16.386,55.40679931640625,15.730043,0.0
13:22:51.699427,-0.95709,87.06337216296333,-16.386,55.40679931640625,15.73538,0.0
13:22:51.704191,-0.95709,87.06337216296333,-16.386,55.40679931640625,15.740144,0.0
13:22:51.709029,-0.95709,89.28187802233833,-17.568,54.87224578857422,15.744982,-110.49060104011815
13:22:51.714062,-0.95709,89.28187802233833,-17.568,54.87224578857422,15.750015,0.0
13:22:51.719066,-0.95709,89.28187802233833,-17.568,54.87224578857422,15.755019,0.0
13:22:51.724105,-0.95709,89.28187802233833,-17.568,54.87224578857422,15.760058,0.0
13:22:51.729050,-0.95709,89.28187802233833,-17.568,54.87224578857422,15.765003,0.0
13:22:51.734051,-0.95709,89.28187802233833,-17.568,54.87224578857422,15.770004,0.0
13:22:51.739070,-0.95709,89.28187802233833,-17.568,54.87224578857422,15.775023,0.0
13:22:51.744095,-0.97173,89.08021786608833,-18.348000000000003,54.28138732910156,15.780048,-117.58377302934662
13:22:51.749042,-0.97173,89.08021786608833,-18.348000000000003,54.28138732910156,15.784995,0.0
13:22:51.754044,-0.97173,89.08021786608833,-18.348000000000003,54.28138732910156,15.789997,0.0
13:22:51.759068,-0.97173,89.08021786608833,-18.348000000000003,54.28138732910156,15.795021,0.0
13:22:51.764105,-0.97173,89.08021786608833,-18.348000000000003,54.28138732910156,15.800058,0.0
13:22:51.769053,-0.97173,89.08021786608833,-18.348000000000003,54.28138732910156,15.805006,0.0
13:22:51.774147,-0.97722,85.98768856921333,-19.332,53.688812255859375,15.8101,-116.32804735811175
13:22:51.779066,-0.97722,85.98768856921333,-19.332,53.688812255859375,15.815019,0.0
13:22:51.784060,-0.97722,85.98768856921333,-19.332,53.688812255859375,15.820013,0.0
13:22:51.789119,-0.97722,85.98768856921333,-19.332,53.688812255859375,15.825072,0.0
13:22:51.794088,-0.97722,85.98768856921333,-19.332,53.688812255859375,15.830041,0.0
13:22:51.799072,-0.97722,85.98768856921333,-19.332,53.688812255859375,15.835025,0.0
13:22:51.804254,-0.97722,85.98768856921333,-19.332,53.688812255859375,15.840207,0.0
13:22:51.809070,-0.92232,85.58412411608833,-20.556,53.02482604980469,15.845023,-137.87088996152346
13:22:51.814063,-0.92232,85.58412411608833,-20.556,53.02482604980469,15.850016,0.0
13:22:51.819062,-0.92232,85.58412411608833,-20.556,53.02482604980469,15.855015,0.0
13:22:51.824084,-0.92232,85.58412411608833,-20.556,53.02482604980469,15.860037,0.0
13:22:51.829071,-0.92232,85.58412411608833,-20.556,53.02482604980469,15.865024,0.0
13:22:51.834071,-0.92232,85.58412411608833,-20.556,53.02482604980469,15.870024,0.0
13:22:51.839485,-0.95343,85.18080380358833,-21.282,52.35637664794922,15.875438,-123.46682708819081
13:22:51.844398,-0.95343,85.18080380358833,-21.282,52.35637664794922,15.880351,0.0
13:22:51.849374,-0.95343,85.18080380358833,-21.282,52.35637664794922,15.885327,0.0
13:22:51.854332,-0.95343,85.18080380358833,-21.282,52.35637664794922,15.890285,0.0
13:22:51.859294,-0.95343,85.18080380358833,-21.282,52.35637664794922,15.895247,0.0
13:22:51.864325,-0.95343,85.18080380358833,-21.282,52.35637664794922,15.900278,0.0
13:22:51.869221,-0.95343,85.18080380358833,-21.282,52.35637664794922,15.905174,0.0
13:22:51.874273,-0.95892,85.24818661608833,-22.314,51.64501190185547,15.910226,-140.80854039862768
13:22:51.879311,-0.95892,85.24818661608833,-22.314,51.64501190185547,15.915264,0.0
13:22:51.884339,-0.95892,85.24818661608833,-22.314,51.64501190185547,15.920292,0.0
13:22:51.889275,-0.95892,85.24818661608833,-22.314,51.64501190185547,15.925228,0.0
13:22:51.894282,-0.95892,85.24818661608833,-22.314,51.64501190185547,15.930235,0.0
13:22:51.899355,-0.95892,85.24818661608833,-22.314,51.64501190185547,15.935308,0.0
13:22:51.904288,-0.92598,84.44130185046333,-23.448,50.91991424560547,15.940241,-146.98918634701513
13:22:51.909339,-0.92598,84.44130185046333,-23.448,50.91991424560547,15.945292,0.0
13:22:51.914377,-0.92598,84.44130185046333,-23.448,50.91991424560547,15.95033,0.0
13:22:51.919320,-0.92598,84.44130185046333,-23.448,50.91991424560547,15.955273,0.0
13:22:51.924276,-0.92598,84.44130185046333,-23.448,50.91991424560547,15.960229,0.0
13:22:51.929277,-0.92598,84.44130185046333,-23.448,50.91991424560547,15.96523,0.0
13:22:51.934283,-0.92598,84.44130185046333,-23.448,50.91991424560547,15.970236,0.0
13:22:51.939292,-0.95343,83.36561825671333,-24.072,50.12374877929688,15.975245,-158.9469886821094
13:22:51.944296,-0.95343,83.36561825671333,-24.072,50.12374877929688,15.980249,0.0
13:22:51.949339,-0.95343,83.36561825671333,-24.072,50.12374877929688,15.985292,0.0
13:22:51.954331,-0.95343,83.36561825671333,-24.072,50.12374877929688,15.990284,0.0
13:22:51.959318,-0.95343,83.36561825671333,-24.072,50.12374877929688,15.995271,0.0
13:22:51.964256,-0.95343,83.36561825671333,-24.072,50.12374877929688,16.000209,0.0
13:22:51.969236,-0.8930400000000001,81.07997372546333,-25.572,49.33273315429688,16.005189,-158.83847891567024
13:22:51.974254,-0.8930400000000001,81.07997372546333,-25.572,49.33273315429688,16.010207,0.0
13:22:51.979281,-0.8930400000000001,81.07997372546333,-25.572,49.33273315429688,16.015234,0.0
13:22:51.984293,-0.8930400000000001,81.07997372546333,-25.572,49.33273315429688,16.020246,0.0
13:22:51.989273,-0.8930400000000001,81.07997372546333,-25.572,49.33273315429688,16.025226,0.0
13:22:51.994224,-0.8930400000000001,81.07997372546333,-25.572,49.33273315429688,16.030177,0.0
13:22:51.999295,-0.8930400000000001,81.07997372546333,-25.572,49.33273315429688,16.035248,0.0
13:22:52.004285,-0.94794,82.22279599108833,-26.022,48.48335266113281,16.040238,-170.21653169622735
13:22:52.009311,-0.94794,82.22279599108833,-26.022,48.48335266113281,16.045264,0.0
13:22:52.014307,-0.94794,82.22279599108833,-26.022,48.48335266113281,16.05026,0.0
13:22:52.019371,-0.94794,82.22279599108833,-26.022,48.48335266113281,16.055324,0.0
13:22:52.024338,-0.94794,82.22279599108833,-26.022,48.48335266113281,16.060291,0.0
13:22:52.029264,-0.94794,82.22279599108833,-26.022,48.48335266113281,16.065217,0.0
13:22:52.034252,-0.8784000000000001,80.00429013171333,-27.48,47.64598846435547,16.070205,-167.87574113416116
13:22:52.039307,-0.8784000000000001,80.00429013171333,-27.48,47.64598846435547,16.07526,0.0
13:22:52.044368,-0.8784000000000001,80.00429013171333,-27.48,47.64598846435547,16.080321,0.0
13:22:52.049394,-0.8784000000000001,80.00429013171333,-27.48,47.64598846435547,16.085347,0.0
13:22:52.054401,-0.8784000000000001,80.00429013171333,-27.48,47.64598846435547,16.090354,0.0
13:22:52.059355,-0.8784000000000001,80.00429013171333,-27.48,47.64598846435547,16.095308,0.0
13:22:52.064328,-0.8784000000000001,80.00429013171333,-27.48,47.64598846435547,16.100281,0.0
13:22:52.069292,-0.93879,80.94545224108833,-27.882,46.738243103027344,16.105245,-182.8657053440628
13:22:52.074312,-0.93879,80.94545224108833,-27.882,46.738243103027344,16.110265,0.0
13:22:52.079298,-0.93879,80.94545224108833,-27.882,46.738243103027344,16.115251,0.0
13:22:52.084341,-0.93879,80.94545224108833,-27.882,46.738243103027344,16.120294,0.0
13:22:52.089263,-0.93879,80.94545224108833,-27.882,46.738243103027344,16.125216,0.0
13:22:52.094265,-0.93879,80.94545224108833,-27.882,46.738243103027344,16.130218,0.0
13:22:52.099269,-0.82899,76.57557919421333,-29.196,45.81916809082031,16.135222,-183.66806798703263
13:22:52.104340,-0.82899,76.57557919421333,-29.196,45.81916809082031,16.140293,0.0
13:22:52.109365,-0.82899,76.57557919421333,-29.196,45.81916809082031,16.145318,0.0
13:22:52.114137,-0.82899,76.57557919421333,-29.196,45.81916809082031,16.15009,0.0
13:22:52.119431,-0.82899,76.57557919421333,-29.196,45.81916809082031,16.155384,0.0
13:22:52.124393,-0.82899,76.57557919421333,-29.196,45.81916809082031,16.160346,0.0
13:22:52.129308,-0.82899,76.57557919421333,-29.196,45.81916809082031,16.165261,0.0
13:22:52.134370,-0.84912,75.43275692858833,-29.292,44.85271453857422,16.170323,-190.92326200045926
13:22:52.139267,-0.84912,75.43275692858833,-29.292,44.85271453857422,16.17522,0.0
13:22:52.144325,-0.84912,75.43275692858833,-29.292,44.85271453857422,16.180278,0.0
13:22:52.149359,-0.84912,75.43275692858833,-29.292,44.85271453857422,16.185312,0.0
13:22:52.154363,-0.84912,75.43275692858833,-29.292,44.85271453857422,16.190316,0.0
13:22:52.159282,-0.84912,75.43275692858833,-29.292,44.85271453857422,16.195235,0.0
13:22:52.164234,-0.79971,71.93666317858833,-29.802,43.94084930419922,16.200187,-184.1407985410158
13:22:52.169291,-0.79971,71.93666317858833,-29.802,43.94084930419922,16.205244,0.0
13:22:52.174317,-0.79971,71.93666317858833,-29.802,43.94084930419922,16.21027,0.0
13:22:52.179315,-0.79971,71.93666317858833,-29.802,43.94084930419922,16.215268,0.0
13:22:52.184294,-0.79971,71.93666317858833,-29.802,43.94084930419922,16.220247,0.0
13:22:52.189277,-0.79971,71.93666317858833,-29.802,43.94084930419922,16.22523,0.0
13:22:52.194269,-0.79971,71.93666317858833,-29.802,43.94084930419922,16.230222,0.0
13:22:52.199279,-0.8052,72.07118466296333,-29.586,42.983665466308594,16.235232,-191.05465826165417
13:22:52.204334,-0.8052,72.07118466296333,-29.586,42.983665466308594,16.240287,0.0
13:22:52.209327,-0.8052,72.07118466296333,-29.586,42.983665466308594,16.24528,0.0
13:22:52.214320,-0.8052,72.07118466296333,-29.586,42.983665466308594,16.250273,0.0
13:22:52.219303,-0.8052,72.07118466296333,-29.586,42.983665466308594,16.255256,0.0
13:22:52.224263,-0.8052,72.07118466296333,-29.586,42.983665466308594,16.260216,0.0
13:22:52.229287,-0.75762,68.70985653796333,-30.222,42.013092041015625,16.26524,-193.18738560772277
13:22:52.234282,-0.75762,68.70985653796333,-30.222,42.013092041015625,16.270235,0.0
13:22:52.239311,-0.75762,68.70985653796333,-30.222,42.013092041015625,16.275264,0.0
13:22:52.244345,-0.75762,68.70985653796333,-30.222,42.013092041015625,16.280298,0.0
13:22:52.249349,-0.75762,68.70985653796333,-30.222,42.013092041015625,16.285302,0.0
13:22:52.254316,-0.75762,68.70985653796333,-30.222,42.013092041015625,16.290269,0.0
13:22:52.259359,-0.75762,68.70985653796333,-30.222,42.013092041015625,16.295312,0.0
13:22:52.264306,-0.81069,69.24769833483833,-29.766,41.03118896484375,16.300259,-198.48455148000883
13:22:52.269313,-0.81069,69.24769833483833,-29.766,41.03118896484375,16.305266,0.0
13:22:52.274340,-0.81069,69.24769833483833,-29.766,41.03118896484375,16.310293,0.0
13:22:52.279394,-0.81069,69.24769833483833,-29.766,41.03118896484375,16.315347,0.0
13:22:52.284279,-0.81069,69.24769833483833,-29.766,41.03118896484375,16.320232,0.0
13:22:52.289336,-0.81069,69.24769833483833,-29.766,41.03118896484375,16.325289,0.0
13:22:52.294279,-0.7246800000000001,66.02064755358833,-30.354,40.074005126953125,16.330232,-193.6443127435073
13:22:52.299243,-0.7246800000000001,66.02064755358833,-30.354,40.074005126953125,16.335196,0.0
13:22:52.304101,-0.7246800000000001,66.02064755358833,-30.354,40.074005126953125,16.340054,0.0
13:22:52.309070,-0.7246800000000001,66.02064755358833,-30.354,40.074005126953125,16.345023,0.0
13:22:52.314107,-0.7246800000000001,66.02064755358833,-30.354,40.074005126953125,16.35006,0.0
13:22:52.319095,-0.7246800000000001,66.02064755358833,-30.354,40.074005126953125,16.355048,0.0
13:22:52.324118,-0.7246800000000001,66.02064755358833,-30.354,40.074005126953125,16.360071,0.0
13:22:52.329035,-0.7539600000000001,66.28944638171333,-30.0,39.0728759765625,16.364988,-203.6056844398696
13:22:52.334052,-0.7539600000000001,66.28944638171333,-30.0,39.0728759765625,16.370005,0.0
13:22:52.339060,-0.7539600000000001,66.28944638171333,-30.0,39.0728759765625,16.375013,0.0
13:22:52.344068,-0.7539600000000001,66.28944638171333,-30.0,39.0728759765625,16.380021,0.0
13:22:52.349055,-0.7539600000000001,66.28944638171333,-30.0,39.0728759765625,16.385008,0.0
13:22:52.354057,-0.7539600000000001,66.28944638171333,-30.0,39.0728759765625,16.39001,0.0
13:22:52.359338,-0.71553,62.255754975463326,-30.444,38.10470581054688,16.395291,-183.33083999537988
13:22:52.364052,-0.71553,62.255754975463326,-30.444,38.10470581054688,16.400005,0.0
13:22:52.369055,-0.71553,62.255754975463326,-30.444,38.10470581054688,16.405008,0.0
13:22:52.374087,-0.71553,62.255754975463326,-30.444,38.10470581054688,16.41004,0.0
13:22:52.379106,-0.71553,62.255754975463326,-30.444,38.10470581054688,16.415059,0.0
13:22:52.384083,-0.71553,62.255754975463326,-30.444,38.10470581054688,16.420036,0.0
13:22:52.389091,-0.71553,62.255754975463326,-30.444,38.10470581054688,16.425044,0.0
13:22:52.394293,-0.73749,63.062639741088326,-30.084000000000003,37.15576171875,16.430246,-182.41908723505836
13:22:52.399152,-0.73749,63.062639741088326,-30.084000000000003,37.15576171875,16.435105,0.0
13:22:52.404050,-0.73749,63.062639741088326,-30.084000000000003,37.15576171875,16.440003,0.0
13:22:52.409071,-0.73749,63.062639741088326,-30.084000000000003,37.15576171875,16.445024,0.0
13:22:52.414095,-0.73749,63.062639741088326,-30.084000000000003,37.15576171875,16.450048,0.0
13:22:52.419088,-0.73749,63.062639741088326,-30.084000000000003,37.15576171875,16.455041,0.0
13:22:52.424422,-0.66795,61.112932709838326,-30.402,36.16630554199219,16.460375,-185.49984566146114
13:22:52.429052,-0.66795,61.112932709838326,-30.402,36.16630554199219,16.465005,0.0
13:22:52.434052,-0.66795,61.112932709838326,-30.402,36.16630554199219,16.470005,0.0
13:22:52.439088,-0.66795,61.112932709838326,-30.402,36.16630554199219,16.475041,0.0
13:22:52.444088,-0.66795,61.112932709838326,-30.402,36.16630554199219,16.480041,0.0
13:22:52.449084,-0.66795,61.112932709838326,-30.402,36.16630554199219,16.485037,0.0
13:22:52.454457,-0.66795,61.112932709838326,-30.402,36.16630554199219,16.49041,0.0
13:22:52.459306,-0.69906,59.701067475463326,-30.294,35.19676208496094,16.495259,-199.94709363399244
13:22:52.464392,-0.69906,59.701067475463326,-30.294,35.19676208496094,16.500345,0.0
13:22:52.469362,-0.69906,59.701067475463326,-30.294,35.19676208496094,16.505315,0.0
13:22:52.474371,-0.69906,59.701067475463326,-30.294,35.19676208496094,16.510324,0.0
13:22:52.479257,-0.69906,59.701067475463326,-30.294,35.19676208496094,16.51521,0.0
13:22:52.484320,-0.69906,59.701067475463326,-30.294,35.19676208496094,16.520273,0.0
13:22:52.489280,-0.68076,58.894426850463326,-30.282,34.21794891357422,16.525233,-197.34136519891456
13:22:52.494283,-0.68076,58.894426850463326,-30.282,34.21794891357422,16.530236,0.0
13:22:52.499296,-0.68076,58.894426850463326,-30.282,34.21794891357422,16.535249,0.0
13:22:52.504330,-0.68076,58.894426850463326,-30.282,34.21794891357422,16.540283,0.0
13:22:52.509433,-0.68076,58.894426850463326,-30.282,34.21794891357422,16.545386,0.0
13:22:52.514399,-0.68076,58.894426850463326,-30.282,34.21794891357422,16.550352,0.0
13:22:52.519411,-0.68076,58.894426850463326,-30.282,34.21794891357422,16.555364,0.0
13:22:52.524370,-0.65514,56.272356537963326,-30.39,33.244285583496094,16.560323,-196.3426759585047
13:22:52.529463,-0.65514,56.272356537963326,-30.39,33.244285583496094,16.565416,0.0
13:22:52.534332,-0.65514,56.272356537963326,-30.39,33.244285583496094,16.570285,0.0
13:22:52.539594,-0.65514,56.272356537963326,-30.39,33.244285583496094,16.575547,0.0
13:22:52.544362,-0.65514,56.272356537963326,-30.39,33.244285583496094,16.580315,0.0
13:22:52.549330,-0.65514,56.272356537963326,-30.39,33.244285583496094,16.585283,0.0
13:22:52.554341,-0.66246,56.474016694213326,-30.132000000000005,32.27886199951172,16.590294,-192.6608628985116
13:22:52.559282,-0.66246,56.474016694213326,-30.132000000000005,32.27886199951172,16.595235,0.0
13:22:52.564303,-0.66246,56.474016694213326,-30.132000000000005,32.27886199951172,16.600256,0.0
13:22:52.569362,-0.66246,56.474016694213326,-30.132000000000005,32.27886199951172,16.605315,0.0
13:22:52.574350,-0.66246,56.474016694213326,-30.132000000000005,32.27886199951172,16.610303,0.0
13:22:52.579292,-0.66246,56.474016694213326,-30.132000000000005,32.27886199951172,16.615245,0.0
13:22:52.584268,-0.66246,56.474016694213326,-30.132000000000005,32.27886199951172,16.620221,0.0
13:22:52.589294,-0.62952,52.440325287963326,-30.486,31.341590881347656,16.625247,-186.4845042108837
13:22:52.594320,-0.62952,52.440325287963326,-30.486,31.341590881347656,16.630273,0.0
13:22:52.599286,-0.62952,52.440325287963326,-30.486,31.341590881347656,16.635239,0.0
13:22:52.604256,-0.62952,52.440325287963326,-30.486,31.341590881347656,16.640209,0.0
13:22:52.609285,-0.62952,52.440325287963326,-30.486,31.341590881347656,16.645238,0.0
13:22:52.614306,-0.62952,52.440325287963326,-30.486,31.341590881347656,16.650259,0.0
13:22:52.619240,-0.6386700000000001,53.516008881713326,-29.976000000000003,30.333938598632816,16.655193,-204.22624294981514
13:22:52.624272,-0.6386700000000001,53.516008881713326,-29.976000000000003,30.333938598632816,16.660225,0.0
13:22:52.629339,-0.6386700000000001,53.516008881713326,-29.976000000000003,30.333938598632816,16.665292,0.0
13:22:52.634311,-0.6386700000000001,53.516008881713326,-29.976000000000003,30.333938598632816,16.670264,0.0
13:22:52.639370,-0.6386700000000001,53.516008881713326,-29.976000000000003,30.333938598632816,16.675323,0.0
13:22:52.644347,-0.6386700000000001,53.516008881713326,-29.976000000000003,30.333938598632816,16.6803,0.0
13:22:52.649843,-0.57096,53.516008881713326,-30.605999999999995,29.3825912475586,16.685796,-173.09813520270578
13:22:52.654327,-0.57096,49.414934662963326,-30.605999999999995,29.3825912475586,16.69028,0.0
13:22:52.659422,-0.57096,49.414934662963326,-30.605999999999995,29.3825912475586,16.695375,0.0
13:22:52.664455,-0.57096,49.414934662963326,-30.605999999999995,29.3825912475586,16.700408,0.0
13:22:52.669394,-0.57096,49.414934662963326,-30.605999999999995,29.3825912475586,16.705347,0.0
13:22:52.674309,-0.57096,49.414934662963326,-30.605999999999995,29.3825912475586,16.710262,0.0
13:22:52.679120,-0.57096,49.414934662963326,-30.605999999999995,29.3825912475586,16.715073,0.0
13:22:52.684087,-0.6368400000000001,50.692278412963326,-30.036,28.41236114501953,16.72004,-195.33523304589298
13:22:52.689072,-0.6368400000000001,50.692278412963326,-30.036,28.41236114501953,16.725025,0.0
13:22:52.694091,-0.6368400000000001,50.692278412963326,-30.036,28.41236114501953,16.730044,0.0
13:22:52.699139,-0.6368400000000001,50.692278412963326,-30.036,28.41236114501953,16.735092,0.0
13:22:52.704062,-0.6368400000000001,50.692278412963326,-30.036,28.41236114501953,16.740015,0.0
13:22:52.709067,-0.6368400000000001,50.692278412963326,-30.036,28.41236114501953,16.74502,0.0
13:22:52.714806,-0.55998,50.692278412963326,-30.516,27.439041137695312,16.750759,-169.5974921283312
13:22:52.719105,-0.55998,46.188128022338326,-30.516,27.439041137695312,16.755058,0.0
13:22:52.724105,-0.55998,46.188128022338326,-30.516,27.439041137695312,16.760058,0.0
13:22:52.729062,-0.55998,46.188128022338326,-30.516,27.439041137695312,16.765015,0.0
13:22:52.734071,-0.55998,46.188128022338326,-30.516,27.439041137695312,16.770024,0.0
13:22:52.739085,-0.55998,46.188128022338326,-30.516,27.439041137695312,16.775038,0.0
13:22:52.744523,-0.55998,46.188128022338326,-30.516,27.439041137695312,16.780476,0.0
13:22:52.749530,-0.58011,47.263811616088326,-30.102,26.472930908203125,16.785483,-192.95191321996447
13:22:52.754430,-0.58011,47.263811616088326,-30.102,26.472930908203125,16.790383,0.0
13:22:52.759434,-0.58011,47.263811616088326,-30.102,26.472930908203125,16.795387,0.0
13:22:52.764394,-0.58011,47.263811616088326,-30.102,26.472930908203125,16.800347,0.0
13:22:52.769328,-0.58011,47.263811616088326,-30.102,26.472930908203125,16.805281,0.0
13:22:52.774331,-0.58011,47.263811616088326,-30.102,26.472930908203125,16.810284,0.0
13:22:52.779549,-0.5197200000000001,43.162737397338326,-30.57,25.48931121826172,16.815502,-188.5051149753818
13:22:52.784292,-0.5197200000000001,43.162737397338326,-30.57,25.48931121826172,16.820245,0.0
13:22:52.789336,-0.5197200000000001,43.162737397338326,-30.57,25.48931121826172,16.825289,0.0
13:22:52.794349,-0.5197200000000001,43.162737397338326,-30.57,25.48931121826172,16.830302,0.0
13:22:52.799336,-0.5197200000000001,43.162737397338326,-30.57,25.48931121826172,16.835289,0.0
13:22:52.804385,-0.5197200000000001,43.162737397338326,-30.57,25.48931121826172,16.840338,0.0
13:22:52.809466,-0.5197200000000001,43.162737397338326,-30.57,25.48931121826172,16.845419,0.0
13:22:52.814381,-0.56547,43.633440522338326,-30.018,24.50260162353516,16.850334,-200.75474969002425
13:22:52.819361,-0.56547,43.633440522338326,-30.018,24.50260162353516,16.855314,0.0
13:22:52.824332,-0.56547,43.633440522338326,-30.018,24.50260162353516,16.860285,0.0
13:22:52.829378,-0.56547,43.633440522338326,-30.018,24.50260162353516,16.865331,0.0
13:22:52.834315,-0.56547,43.633440522338326,-30.018,24.50260162353516,16.870268,0.0
13:22:52.839357,-0.56547,43.633440522338326,-30.018,24.50260162353516,16.87531,0.0
13:22:52.844854,-0.50325,41.011370209838326,-30.474,23.526535034179688,16.880807,-177.56350543117006
13:22:52.849308,-0.50325,41.011370209838326,-30.474,23.526535034179688,16.885261,0.0
13:22:52.854380,-0.50325,41.011370209838326,-30.474,23.526535034179688,16.890333,0.0
13:22:52.859442,-0.50325,41.011370209838326,-30.474,23.526535034179688,16.895395,0.0
13:22:52.864394,-0.50325,41.011370209838326,-30.474,23.526535034179688,16.900347,0.0
13:22:52.869315,-0.50325,41.011370209838326,-30.474,23.526535034179688,16.905268,0.0
13:22:52.874302,-0.50325,41.011370209838326,-30.474,23.526535034179688,16.910255,0.0
13:22:52.879373,-0.52704,40.271868256713326,-30.294,22.58617401123047,16.915326,-185.43897119878628
13:22:52.884250,-0.52704,40.271868256713326,-30.294,22.58617401123047,16.920203,0.0
13:22:52.889277,-0.52704,40.271868256713326,-30.294,22.58617401123047,16.92523,0.0
13:22:52.894277,-0.52704,40.271868256713326,-30.294,22.58617401123047,16.93023,0.0
13:22:52.899296,-0.52704,40.271868256713326,-30.294,22.58617401123047,16.935249,0.0
13:22:52.904383,-0.52704,40.271868256713326,-30.294,22.58617401123047,16.940336,0.0
13:22:52.909915,-0.48861,38.860003022338326,-30.168,21.60907745361328,16.945868,-176.62627578032883
13:22:52.914250,-0.48861,38.860003022338326,-30.168,21.60907745361328,16.950203,0.0
13:22:52.919405,-0.48861,38.860003022338326,-30.168,21.60907745361328,16.955358,0.0
13:22:52.924323,-0.48861,38.860003022338326,-30.168,21.60907745361328,16.960276,0.0
13:22:52.929324,-0.48861,38.860003022338326,-30.168,21.60907745361328,16.965277,0.0
13:22:52.934415,-0.48861,38.860003022338326,-30.168,21.60907745361328,16.970368,0.0
13:22:52.939499,-0.48861,38.860003022338326,-30.168,21.60907745361328,16.975452,0.0
13:22:52.944426,-0.46299,35.431292084838326,-30.468,20.627174377441406,16.980379,-199.2902529271686
13:22:52.949431,-0.46299,35.431292084838326,-30.468,20.627174377441406,16.985384,0.0
13:22:52.954449,-0.46299,35.431292084838326,-30.468,20.627174377441406,16.990402,0.0
13:22:52.959428,-0.46299,35.431292084838326,-30.468,20.627174377441406,16.995381,0.0
13:22:52.964315,-0.46299,35.431292084838326,-30.468,20.627174377441406,17.000268,0.0
13:22:52.969382,-0.46299,35.431292084838326,-30.468,20.627174377441406,17.005335,0.0
13:22:52.974726,-0.48129,36.036516694213326,-30.174000000000003,19.654541015625,17.010679,-182.00474584884765
13:22:52.979306,-0.48129,36.036516694213326,-30.174000000000003,19.654541015625,17.015259,0.0
13:22:52.984170,-0.48129,36.036516694213326,-30.174000000000003,19.654541015625,17.020123,0.0
13:22:52.989297,-0.48129,36.036516694213326,-30.174000000000003,19.654541015625,17.02525,0.0
13:22:52.994194,-0.48129,36.036516694213326,-30.174000000000003,19.654541015625,17.030147,0.0
13:22:52.999064,-0.48129,36.036516694213326,-30.174000000000003,19.654541015625,17.035017,0.0
13:22:53.004361,-0.48129,36.036516694213326,-30.174000000000003,19.654541015625,17.040314,0.0
13:22:53.009299,-0.44469,31.39760067858833,-30.396,18.69220733642578,17.045252,-194.88328861860637
13:22:53.014298,-0.44469,31.39760067858833,-30.396,18.69220733642578,17.050251,0.0
13:22:53.019276,-0.44469,31.39760067858833,-30.396,18.69220733642578,17.055229,0.0
13:22:53.024374,-0.44469,31.39760067858833,-30.396,18.69220733642578,17.060327,0.0
13:22:53.029309,-0.44469,31.39760067858833,-30.396,18.69220733642578,17.065262,0.0
13:22:53.034303,-0.44469,31.39760067858833,-30.396,18.69220733642578,17.070256,0.0
13:22:53.039296,-0.45567,31.39760067858833,-30.0,17.71923065185547,17.075249,-194.8681523273631
13:22:53.044248,-0.45567,32.943987397338326,-30.0,17.71923065185547,17.080201,0.0
13:22:53.049336,-0.45567,32.943987397338326,-30.0,17.71923065185547,17.085289,0.0
13:22:53.054287,-0.45567,32.943987397338326,-30.0,17.71923065185547,17.09024,0.0
13:22:53.059293,-0.45567,32.943987397338326,-30.0,17.71923065185547,17.095246,0.0
13:22:53.064307,-0.45567,32.943987397338326,-30.0,17.71923065185547,17.10026,0.0
13:22:53.069284,-0.45567,32.943987397338326,-30.0,17.71923065185547,17.105237,0.0
13:22:53.074340,-0.40443,28.17079403796333,-30.66,16.706771850585938,17.110293,-200.24897177009214
13:22:53.079331,-0.40443,28.17079403796333,-30.66,16.706771850585938,17.115284,0.0
13:22:53.084359,-0.40443,28.17079403796333,-30.66,16.706771850585938,17.120312,0.0
13:22:53.089423,-0.40443,28.17079403796333,-30.66,16.706771850585938,17.125376,0.0
13:22:53.094407,-0.40443,28.17079403796333,-30.66,16.706771850585938,17.13036,0.0
13:22:53.099298,-0.40443,28.17079403796333,-30.66,16.706771850585938,17.135251,0.0
13:22:53.104769,-0.46482,29.11195614733833,-29.898000000000003,15.758514404296877,17.140722,-173.32433673717054
13:22:53.109058,-0.46482,29.11195614733833,-29.898000000000003,15.758514404296877,17.145011,0.0
13:22:53.114117,-0.46482,29.11195614733833,-29.898000000000003,15.758514404296877,17.15007,0.0
13:22:53.119106,-0.46482,29.11195614733833,-29.898000000000003,15.758514404296877,17.155059,0.0
13:22:53.124387,-0.46482,29.11195614733833,-29.898000000000003,15.758514404296877,17.16034,0.0
13:22:53.129406,-0.46482,29.11195614733833,-29.898000000000003,15.758514404296877,17.165359,0.0
13:22:53.134408,-0.46482,29.11195614733833,-29.898000000000003,15.758514404296877,17.170361,0.0
13:22:53.139396,-0.34587,24.67470028796333,-30.605999999999995,14.77935791015625,17.175349,-196.30242464724418
13:22:53.144420,-0.34587,24.67470028796333,-30.605999999999995,14.77935791015625,17.180373,0.0
13:22:53.149468,-0.34587,24.67470028796333,-30.605999999999995,14.77935791015625,17.185421,0.0
13:22:53.154447,-0.34587,24.67470028796333,-30.605999999999995,14.77935791015625,17.1904,0.0
13:22:53.159437,-0.34587,24.67470028796333,-30.605999999999995,14.77935791015625,17.19539,0.0
13:22:53.164509,-0.34587,24.67470028796333,-30.605999999999995,14.77935791015625,17.200462,0.0
13:22:53.169992,-0.39162,25.14540341296333,-30.12,13.805694580078123,17.205945,-177.5785756116103
13:22:53.174326,-0.39162,25.14540341296333,-30.12,13.805694580078123,17.210279,0.0
13:22:53.179399,-0.39162,25.14540341296333,-30.12,13.805694580078123,17.215352,0.0
13:22:53.184531,-0.39162,25.14540341296333,-30.12,13.805694580078123,17.220484,0.0
13:22:53.189609,-0.39162,25.14540341296333,-30.12,13.805694580078123,17.225562,0.0
13:22:53.194431,-0.39162,25.14540341296333,-30.12,13.805694580078123,17.230384,0.0
13:22:53.199387,-0.39162,25.14540341296333,-30.12,13.805694580078123,17.23534,0.0
13:22:53.204339,-0.3477,21.85121395983833,-30.450000000000003,12.819328308105469,17.240292,-199.1854345663921
13:22:53.209389,-0.3477,21.85121395983833,-30.450000000000003,12.819328308105469,17.245342,0.0
13:22:53.214461,-0.3477,21.85121395983833,-30.450000000000003,12.819328308105469,17.250414,0.0
13:22:53.219457,-0.3477,21.85121395983833,-30.450000000000003,12.819328308105469,17.25541,0.0
13:22:53.224450,-0.3477,21.85121395983833,-30.450000000000003,12.819328308105469,17.260403,0.0
13:22:53.229457,-0.3477,21.85121395983833,-30.450000000000003,12.819328308105469,17.26541,0.0
13:22:53.234463,-0.3477,21.85121395983833,-30.450000000000003,12.819328308105469,17.270416,0.0
13:22:53.239384,-0.37332,21.24598935046333,-30.204,11.82781219482422,17.275337,-201.48671271720121
13:22:53.244471,-0.37332,21.24598935046333,-30.204,11.82781219482422,17.280424,0.0
13:22:53.249471,-0.37332,21.24598935046333,-30.204,11.82781219482422,17.285424,0.0
13:22:53.254471,-0.37332,21.24598935046333,-30.204,11.82781219482422,17.290424,0.0
13:22:53.259429,-0.37332,21.24598935046333,-30.204,11.82781219482422,17.295382,0.0
13:22:53.264332,-0.37332,21.24598935046333,-30.204,11.82781219482422,17.300285,0.0
13:22:53.269291,-0.30012,19.56532528796333,-30.312,10.87371826171875,17.305244,-192.39643740785812
13:22:53.274269,-0.30012,19.56532528796333,-30.312,10.87371826171875,17.310222,0.0
13:22:53.279293,-0.30012,19.56532528796333,-30.312,10.87371826171875,17.315246,0.0
13:22:53.284308,-0.30012,19.56532528796333,-30.312,10.87371826171875,17.320261,0.0
13:22:53.289374,-0.30012,19.56532528796333,-30.312,10.87371826171875,17.325327,0.0
13:22:53.294298,-0.30012,19.56532528796333,-30.312,10.87371826171875,17.330251,0.0
13:22:53.299281,-0.3294,16.741838959838326,-30.341999999999995,9.917221069335938,17.335234,-191.9520755334032
13:22:53.304325,-0.3294,16.741838959838326,-30.341999999999995,9.917221069335938,17.340278,0.0
13:22:53.309310,-0.3294,16.741838959838326,-30.341999999999995,9.917221069335938,17.345263,0.0
13:22:53.314381,-0.3294,16.741838959838326,-30.341999999999995,9.917221069335938,17.350334,0.0
13:22:53.319424,-0.3294,16.741838959838326,-30.341999999999995,9.917221069335938,17.355377,0.0
13:22:53.324458,-0.3294,16.741838959838326,-30.341999999999995,9.917221069335938,17.360411,0.0
13:22:53.329495,-0.3294,16.741838959838326,-30.341999999999995,9.917221069335938,17.365448,0.0
13:22:53.334347,-0.31293,16.876116303588326,-30.15,8.942527770996094,17.3703,-200.8848512654405
13:22:53.339331,-0.31293,16.876116303588326,-30.15,8.942527770996094,17.375284,0.0
13:22:53.344392,-0.31293,16.876116303588326,-30.15,8.942527770996094,17.380345,0.0
13:22:53.349429,-0.31293,16.876116303588326,-30.15,8.942527770996094,17.385382,0.0
13:22:53.354484,-0.31293,16.876116303588326,-30.15,8.942527770996094,17.390437,0.0
13:22:53.359398,-0.31293,16.876116303588326,-30.15,8.942527770996094,17.395351,0.0
13:22:53.364314,-0.26535,13.044085053588327,-30.42,7.953414916992187,17.400267,-201.20277746223053
13:22:53.369293,-0.26535,13.044085053588327,-30.42,7.953414916992187,17.405246,0.0
13:22:53.374266,-0.26535,13.044085053588327,-30.42,7.953414916992187,17.410219,0.0
13:22:53.379304,-0.26535,13.044085053588327,-30.42,7.953414916992187,17.415257,0.0
13:22:53.384290,-0.26535,13.044085053588327,-30.42,7.953414916992187,17.420243,0.0
13:22:53.389392,-0.26535,13.044085053588327,-30.42,7.953414916992187,17.425345,0.0
13:22:53.394401,-0.26535,13.044085053588327,-30.42,7.953414916992187,17.430354,0.0
13:22:53.399278,-0.27999,13.514788178588327,-30.078,7.007560729980469,17.435231,-193.9418058256362
13:22:53.404270,-0.27999,13.514788178588327,-30.078,7.007560729980469,17.440223,0.0
13:22:53.409283,-0.27999,13.514788178588327,-30.078,7.007560729980469,17.445236,0.0
13:22:53.414304,-0.27999,13.514788178588327,-30.078,7.007560729980469,17.450257,0.0
13:22:53.419311,-0.27999,13.514788178588327,-30.078,7.007560729980469,17.455264,0.0
13:22:53.424293,-0.27999,13.514788178588327,-30.078,7.007560729980469,17.460246,0.0
13:22:53.429305,-0.23973,9.010393647338327,-30.546,5.997848510742188,17.465258,-201.4589423860452
13:22:53.434296,-0.23973,9.010393647338327,-30.546,5.997848510742188,17.470249,0.0
13:22:53.439319,-0.23973,9.010393647338327,-30.546,5.997848510742188,17.475272,0.0
13:22:53.444225,-0.23973,9.010393647338327,-30.546,5.997848510742188,17.480178,0.0
13:22:53.449268,-0.23973,9.010393647338327,-30.546,5.997848510742188,17.485221,0.0
13:22:53.454464,-0.23973,9.010393647338327,-30.546,5.997848510742188,17.490417,0.0
13:22:53.459436,-0.23973,9.010393647338327,-30.546,5.997848510742188,17.495389,0.0
13:22:53.464355,-0.23607,10.623919037963327,-29.928,5.064697265625,17.500308,-189.70344482963966
13:22:53.469414,-0.23607,10.623919037963327,-29.928,5.064697265625,17.505367,0.0
13:22:53.474442,-0.23607,10.623919037963327,-29.928,5.064697265625,17.510395,0.0
13:22:53.479420,-0.23607,10.623919037963327,-29.928,5.064697265625,17.515373,0.0
13:22:53.484446,-0.23607,10.623919037963327,-29.928,5.064697265625,17.520399,0.0
13:22:53.489417,-0.23607,10.623919037963327,-29.928,5.064697265625,17.52537,0.0
13:22:53.494403,-0.17568,5.917864350463328,-30.612,4.088630676269531,17.530356,-195.76144993080692
13:22:53.499393,-0.17568,5.917864350463328,-30.612,4.088630676269531,17.535346,0.0
13:22:53.504461,-0.17568,5.917864350463328,-30.612,4.088630676269531,17.540414,0.0
13:22:53.509458,-0.17568,5.917864350463328,-30.612,4.088630676269531,17.545411,0.0
13:22:53.514402,-0.17568,5.917864350463328,-30.612,4.088630676269531,17.550355,0.0
13:22:53.519442,-0.17568,5.917864350463328,-30.612,4.088630676269531,17.555395,0.0
13:22:53.524294,-0.17568,5.917864350463328,-30.612,4.088630676269531,17.560247,0.0
13:22:53.529419,-0.23973,6.052385834838328,-30.048,3.09814453125,17.565372,-193.26558927211866
13:22:53.534416,-0.23973,6.052385834838328,-30.048,3.09814453125,17.570369,0.0
13:22:53.539362,-0.23973,6.052385834838328,-30.048,3.09814453125,17.575315,0.0
13:22:53.544462,-0.23973,6.052385834838328,-30.048,3.09814453125,17.580415,0.0
13:22:53.549501,-0.23973,6.052385834838328,-30.048,3.09814453125,17.585454,0.0
13:22:53.554607,-0.23973,6.052385834838328,-30.048,3.09814453125,17.59056,0.0
13:22:53.559410,-0.17202,3.026995209838327,-30.341999999999995,2.1128082275390625,17.595363,-205.15017774539706
13:22:53.564345,-0.17202,3.026995209838327,-30.341999999999995,2.1128082275390625,17.600298,0.0
13:22:53.569299,-0.17202,3.026995209838327,-30.341999999999995,2.1128082275390625,17.605252,0.0
13:22:53.574317,-0.17202,3.026995209838327,-30.341999999999995,2.1128082275390625,17.61027,0.0
13:22:53.579306,-0.17202,3.026995209838327,-30.341999999999995,2.1128082275390625,17.615259,0.0
13:22:53.584452,-0.17202,3.026995209838327,-30.341999999999995,2.1128082275390625,17.620405,0.0
13:22:53.589299,-0.17202,3.026995209838327,-30.341999999999995,2.1128082275390625,17.625252,0.0
13:22:53.594277,-0.19398,1.010149506713327,-30.18,1.1614608764648438,17.63023,-191.11035578022862
13:22:53.599364,-0.19398,1.010149506713327,-30.18,1.1614608764648438,17.635317,0.0
13:22:53.604403,-0.19398,1.010149506713327,-30.18,1.1614608764648438,17.640356,0.0
13:22:53.609339,-0.19398,1.010149506713327,-30.18,1.1614608764648438,17.645292,0.0
13:22:53.614327,-0.19398,1.010149506713327,-30.18,1.1614608764648438,17.65028,0.0
13:22:53.619410,-0.19398,1.010149506713327,-30.18,1.1614608764648438,17.655363,0.0
13:22:53.624281,-0.14457,1.010149506713327,-30.324,0.1860809326171875,17.660234,-200.24223852352432
13:22:53.629280,-0.14457,1.010149506713327,-30.324,0.1860809326171875,17.665233,0.0
13:22:53.634291,-0.14457,1.010149506713327,-30.324,0.1860809326171875,17.670244,0.0
13:22:53.639340,-0.14457,1.010149506713327,-30.324,0.1860809326171875,17.675293,0.0
13:22:53.644407,-0.14457,1.010149506713327,-30.324,0.1860809326171875,17.68036,0.0
13:22:53.649369,-0.14457,1.010149506713327,-30.324,0.1860809326171875,17.685322,0.0
13:22:53.654355,-0.14457,1.010149506713327,-30.324,0.1860809326171875,17.690308,0.0
13:22:53.659268,-0.14457,-3.023541899536673,-30.258,-0.7989120483398438,17.695221,-200.48707123088823
13:22:53.664360,-0.14457,-3.023541899536673,-30.258,-0.7989120483398438,17.700313,0.0
13:22:53.669334,-0.14457,-3.023541899536673,-30.258,-0.7989120483398438,17.705287,0.0
13:22:53.674324,-0.14457,-3.023541899536673,-30.258,-0.7989120483398438,17.710277,0.0
13:22:53.679409,-0.14457,-3.023541899536673,-30.258,-0.7989120483398438,17.715362,0.0
13:22:53.684407,-0.14457,-3.023541899536673,-30.258,-0.7989120483398438,17.72036,0.0
13:22:53.689403,-0.13176,-1.947858305786673,-30.174000000000003,-1.7708587646484375,17.725356,-194.544979245037
13:22:53.694281,-0.13176,-1.947858305786673,-30.174000000000003,-1.7708587646484375,17.730234,0.0
13:22:53.699403,-0.13176,-1.947858305786673,-30.174000000000003,-1.7708587646484375,17.735356,0.0
13:22:53.704431,-0.13176,-1.947858305786673,-30.174000000000003,-1.7708587646484375,17.740384,0.0
13:22:53.709568,-0.13176,-1.947858305786673,-30.174000000000003,-1.7708587646484375,17.745521,0.0
13:22:53.714431,-0.13176,-1.947858305786673,-30.174000000000003,-1.7708587646484375,17.750384,0.0
13:22:53.719492,-0.13176,-1.947858305786673,-30.174000000000003,-1.7708587646484375,17.755445,0.0
13:22:53.724365,-0.10797,-6.7884344776616725,-30.456,-2.74932861328125,17.760318,-200.79414090556773
13:22:53.729382,-0.10797,-6.7884344776616725,-30.456,-2.74932861328125,17.765335,0.0
13:22:53.734415,-0.10797,-6.7884344776616725,-30.456,-2.74932861328125,17.770368,0.0
13:22:53.739448,-0.10797,-6.7884344776616725,-30.456,-2.74932861328125,17.775401,0.0
13:22:53.744464,-0.10797,-6.7884344776616725,-30.456,-2.74932861328125,17.780417,0.0
13:22:53.749508,-0.10797,-6.7884344776616725,-30.456,-2.74932861328125,17.785461,0.0
13:22:53.754420,-0.11895,-5.3765692432866725,-29.898000000000003,-3.738784790039064,17.790373,-201.43651806969564
13:22:53.759406,-0.11895,-5.3765692432866725,-29.898000000000003,-3.738784790039064,17.795359,0.0
13:22:53.764468,-0.11895,-5.3765692432866725,-29.898000000000003,-3.738784790039064,17.800421,0.0
13:22:53.769433,-0.11895,-5.3765692432866725,-29.898000000000003,-3.738784790039064,17.805386,0.0
13:22:53.774484,-0.11895,-5.3765692432866725,-29.898000000000003,-3.738784790039064,17.810437,0.0
13:22:53.779436,-0.11895,-5.3765692432866725,-29.898000000000003,-3.738784790039064,17.815389,0.0
13:22:53.784316,-0.11895,-5.3765692432866725,-29.898000000000003,-3.738784790039064,17.820269,0.0
13:22:53.789295,-0.06588,-10.149762602661673,-30.54,-4.6643829345703125,17.825248,-185.90041063094677
13:22:53.794393,-0.06588,-10.149762602661673,-30.54,-4.6643829345703125,17.830346,0.0
13:22:53.799411,-0.06588,-10.149762602661673,-30.54,-4.6643829345703125,17.835364,0.0
13:22:53.804425,-0.06588,-10.149762602661673,-30.54,-4.6643829345703125,17.840378,0.0
13:22:53.809458,-0.06588,-10.149762602661673,-30.54,-4.6643829345703125,17.845411,0.0
13:22:53.814447,-0.06588,-10.149762602661673,-30.54,-4.6643829345703125,17.8504,0.0
13:22:53.819462,-0.09333,-8.872418852661673,-30.012,-5.657615661621094,17.855415,-198.05238824541155
13:22:53.824453,-0.09333,-8.872418852661673,-30.012,-5.657615661621094,17.860406,0.0
13:22:53.829456,-0.09333,-8.872418852661673,-30.012,-5.657615661621094,17.865409,0.0
13:22:53.834448,-0.09333,-8.872418852661673,-30.012,-5.657615661621094,17.870401,0.0
13:22:53.839485,-0.09333,-8.872418852661673,-30.012,-5.657615661621094,17.875438,0.0
13:22:53.844437,-0.09333,-8.872418852661673,-30.012,-5.657615661621094,17.88039,0.0
13:22:53.849454,-0.09333,-8.872418852661673,-30.012,-5.657615661621094,17.885407,0.0
13:22:53.854362,-0.02928,-13.175153227661673,-30.474,-6.621665954589844,17.890315,-196.42426507104318
13:22:53.859436,-0.02928,-13.175153227661673,-30.474,-6.621665954589844,17.895389,0.0
13:22:53.864376,-0.02928,-13.175153227661673,-30.474,-6.621665954589844,17.900329,0.0
13:22:53.869435,-0.02928,-13.175153227661673,-30.474,-6.621665954589844,17.905388,0.0
13:22:53.874437,-0.02928,-13.175153227661673,-30.474,-6.621665954589844,17.91039,0.0
13:22:53.879294,-0.02928,-13.175153227661673,-30.474,-6.621665954589844,17.915247,0.0
13:22:53.884328,-0.07137,-13.847516508911673,-30.006,-7.6142120361328125,17.920281,-197.16847070784237
13:22:53.889323,-0.07137,-13.847516508911673,-30.006,-7.6142120361328125,17.925276,0.0
13:22:53.894334,-0.07137,-13.847516508911673,-30.006,-7.6142120361328125,17.930287,0.0
13:22:53.899388,-0.07137,-13.847516508911673,-30.006,-7.6142120361328125,17.935341,0.0
13:22:53.904364,-0.07137,-13.847516508911673,-30.006,-7.6142120361328125,17.940317,0.0
13:22:53.909316,-0.07137,-13.847516508911673,-30.006,-7.6142120361328125,17.945269,0.0
13:22:53.914385,-0.07137,-13.847516508911673,-30.006,-7.6142120361328125,17.950338,0.0
13:22:53.919388,-0.00366,-15.931500883911673,-30.564000000000004,-8.584442138671875,17.955341,-193.92966271010542
13:22:53.924272,-0.00366,-15.931500883911673,-30.564000000000004,-8.584442138671875,17.960225,0.0
13:22:53.929320,-0.00366,-15.931500883911673,-30.564000000000004,-8.584442138671875,17.965273,0.0
13:22:53.934320,-0.00366,-15.931500883911673,-30.564000000000004,-8.584442138671875,17.970273,0.0
13:22:53.939307,-0.00366,-15.931500883911673,-30.564000000000004,-8.584442138671875,17.97526,0.0
13:22:53.944290,-0.00366,-15.931500883911673,-30.564000000000004,-8.584442138671875,17.980243,0.0
13:22:53.949279,-0.06039,-18.889508696411674,-30.066,-9.551239013671877,17.985232,-193.7857035478694
13:22:53.954287,-0.06039,-18.889508696411674,-30.066,-9.551239013671877,17.99024,0.0
13:22:53.959334,-0.06039,-18.889508696411674,-30.066,-9.551239013671877,17.995287,0.0
13:22:53.964298,-0.06039,-18.889508696411674,-30.066,-9.551239013671877,18.000251,0.0
13:22:53.969265,-0.06039,-18.889508696411674,-30.066,-9.551239013671877,18.005218,0.0
13:22:53.974276,-0.06039,-18.889508696411674,-30.066,-9.551239013671877,18.010229,0.0
13:22:53.979216,-0.06039,-18.889508696411674,-30.066,-9.551239013671877,18.015169,0.0
13:22:53.984274,0.00549,-17.746686430786674,-30.192,-10.530052185058594,18.020227,-193.51782747865943
13:22:53.989294,0.00549,-17.746686430786674,-30.192,-10.530052185058594,18.025247,0.0
13:22:53.994350,0.00549,-17.746686430786674,-30.192,-10.530052185058594,18.030303,0.0
13:22:53.999431,0.00549,-17.746686430786674,-30.192,-10.530052185058594,18.035384,0.0
13:22:54.004328,0.00549,-17.746686430786674,-30.192,-10.530052185058594,18.040281,0.0
13:22:54.009302,0.00549,-17.746686430786674,-30.192,-10.530052185058594,18.045255,0.0
13:22:54.014260,-0.00549,-22.519879790161674,-30.474,-11.478996276855469,18.050213,-191.39654937417689
13:22:54.019286,-0.00549,-22.519879790161674,-30.474,-11.478996276855469,18.055239,0.0
13:22:54.024310,-0.00549,-22.519879790161674,-30.474,-11.478996276855469,18.060263,0.0
13:22:54.029373,-0.00549,-22.519879790161674,-30.474,-11.478996276855469,18.065326,0.0
13:22:54.034389,-0.00549,-22.519879790161674,-30.474,-11.478996276855469,18.070342,0.0
13:22:54.039294,-0.00549,-22.519879790161674,-30.474,-11.478996276855469,18.075247,0.0
13:22:54.044278,-0.00549,-22.519879790161674,-30.474,-11.478996276855469,18.080231,0.0
13:22:54.049312,0.00366,-21.108258696411674,-29.994,-12.4749755859375,18.085265,-197.85047856224517
13:22:54.054343,0.00366,-21.108258696411674,-29.994,-12.4749755859375,18.090296,0.0
13:22:54.059289,0.00366,-21.108258696411674,-29.994,-12.4749755859375,18.095242,0.0
13:22:54.064330,0.00366,-21.108258696411674,-29.994,-12.4749755859375,18.100283,0.0
13:22:54.069405,0.00366,-21.108258696411674,-29.994,-12.4749755859375,18.105358,0.0
13:22:54.074367,0.00366,-21.108258696411674,-29.994,-12.4749755859375,18.11032,0.0
13:22:54.079342,0.02745,-26.015973540161674,-30.528,-13.432159423828123,18.115295,-192.39876138512045
13:22:54.084305,0.02745,-26.015973540161674,-30.528,-13.432159423828123,18.120258,0.0
13:22:54.089311,0.02745,-26.015973540161674,-30.528,-13.432159423828123,18.125264,0.0
13:22:54.094357,0.02745,-26.015973540161674,-30.528,-13.432159423828123,18.13031,0.0
13:22:54.099392,0.02745,-26.015973540161674,-30.528,-13.432159423828123,18.135345,0.0
13:22:54.104493,0.02745,-26.015973540161674,-30.528,-13.432159423828123,18.140446,0.0
13:22:54.109272,0.02745,-26.015973540161674,-30.528,-13.432159423828123,18.145225,0.0
13:22:54.114317,0.02196,-23.662946196411674,-29.952,-14.417152404785156,18.15027,-195.24142338101348
13:22:54.119260,0.02196,-23.662946196411674,-29.952,-14.417152404785156,18.155213,0.0
13:22:54.124253,0.02196,-23.662946196411674,-29.952,-14.417152404785156,18.160206,0.0
13:22:54.129218,0.02196,-23.662946196411674,-29.952,-14.417152404785156,18.165171,0.0
13:22:54.134364,0.02196,-23.662946196411674,-29.952,-14.417152404785156,18.170317,0.0
13:22:54.139446,0.02196,-23.662946196411674,-29.952,-14.417152404785156,18.175399,0.0
13:22:54.144402,0.0549,-29.780621977661674,-30.678,-15.413818359374998,18.180355,-201.10289640634582
13:22:54.149403,0.0549,-29.780621977661674,-30.678,-15.413818359374998,18.185356,0.0
13:22:54.154321,0.0549,-29.780621977661674,-30.678,-15.413818359374998,18.190274,0.0
13:22:54.159454,0.0549,-29.780621977661674,-30.678,-15.413818359374998,18.195407,0.0
13:22:54.164428,0.0549,-29.780621977661674,-30.678,-15.413818359374998,18.200381,0.0
13:22:54.169374,0.0549,-29.780621977661674,-30.678,-15.413818359374998,18.205327,0.0
13:22:54.174364,0.0549,-29.780621977661674,-30.678,-15.413818359374998,18.210317,0.0
13:22:54.179287,0.0183,-27.629498930786674,-29.886,-16.36859893798828,18.21524,-193.9428353875644
13:22:54.184253,0.0183,-27.629498930786674,-29.886,-16.36859893798828,18.220206,0.0
13:22:54.189279,0.0183,-27.629498930786674,-29.886,-16.36859893798828,18.225232,0.0
13:22:54.194313,0.0183,-27.629498930786674,-29.886,-16.36859893798828,18.230266,0.0
13:22:54.199293,0.0183,-27.629498930786674,-29.886,-16.36859893798828,18.235246,0.0
13:22:54.204385,0.0183,-27.629498930786674,-29.886,-16.36859893798828,18.240338,0.0
13:22:54.209459,0.1281,-31.192487212036674,-30.654,-17.355995178222656,18.245412,-194.59918018019002
13:22:54.214336,0.1281,-31.192487212036674,-30.654,-17.355995178222656,18.250289,0.0
13:22:54.219291,0.1281,-31.192487212036674,-30.654,-17.355995178222656,18.255244,0.0
13:22:54.224354,0.1281,-31.192487212036674,-30.654,-17.355995178222656,18.260307,0.0
13:22:54.229371,0.1281,-31.192487212036674,-30.654,-17.355995178222656,18.265324,0.0
13:22:54.234371,0.1281,-31.192487212036674,-30.654,-17.355995178222656,18.270324,0.0
13:22:54.239389,0.1281,-31.192487212036674,-30.654,-17.355995178222656,18.275342,0.0
13:22:54.244342,0.03477,-32.671491118286674,-30.06,-18.340301513671875,18.280295,-198.7293227234269
13:22:54.249358,0.03477,-32.671491118286674,-30.06,-18.340301513671875,18.285311,0.0
13:22:54.254432,0.03477,-32.671491118286674,-30.06,-18.340301513671875,18.290385,0.0
13:22:54.259464,0.03477,-32.671491118286674,-30.06,-18.340301513671875,18.295417,0.0
13:22:54.264364,0.03477,-32.671491118286674,-30.06,-18.340301513671875,18.300317,0.0
13:22:54.269410,0.03477,-32.671491118286674,-30.06,-18.340301513671875,18.305363,0.0
13:22:54.274656,0.1281,-33.814557524536674,-30.408,-19.332847595214844,18.310609,-189.20054928384235
13:22:54.279358,0.1281,-33.814557524536674,-30.408,-19.332847595214844,18.315311,0.0
13:22:54.284222,0.1281,-33.814557524536674,-30.408,-19.332847595214844,18.320175,0.0
13:22:54.289131,0.1281,-33.814557524536674,-30.408,-19.332847595214844,18.325084,0.0
13:22:54.294066,0.1281,-33.814557524536674,-30.408,-19.332847595214844,18.330019,0.0
13:22:54.299067,0.1281,-33.814557524536674,-30.408,-19.332847595214844,18.33502,0.0
13:22:54.304084,0.1281,-33.814557524536674,-30.408,-19.332847595214844,18.340037,0.0
13:22:54.309058,0.08418,-37.98277041516168,-30.132000000000005,-20.30376434326172,18.345011,-195.1983811915437
13:22:54.314049,0.08418,-37.98277041516168,-30.132000000000005,-20.30376434326172,18.350002,0.0
13:22:54.319117,0.08418,-37.98277041516168,-30.132000000000005,-20.30376434326172,18.35507,0.0
13:22:54.324093,0.08418,-37.98277041516168,-30.132000000000005,-20.30376434326172,18.360046,0.0
13:22:54.329086,0.08418,-37.98277041516168,-30.132000000000005,-20.30376434326172,18.365039,0.0
13:22:54.334520,0.08418,-37.98277041516168,-30.132000000000005,-20.30376434326172,18.370473,0.0
13:22:54.339400,0.14274,-35.696881743286674,-30.306,-21.29802703857422,18.375353,-203.74235559682396
13:22:54.344298,0.14274,-35.696881743286674,-30.306,-21.29802703857422,18.380251,0.0
13:22:54.349295,0.14274,-35.696881743286674,-30.306,-21.29802703857422,18.385248,0.0
13:22:54.354268,0.14274,-35.696881743286674,-30.306,-21.29802703857422,18.390221,0.0
13:22:54.359249,0.14274,-35.696881743286674,-30.306,-21.29802703857422,18.395202,0.0
13:22:54.364250,0.14274,-35.696881743286674,-30.306,-21.29802703857422,18.400203,0.0
13:22:54.369292,0.14274,-35.696881743286674,-30.306,-21.29802703857422,18.405245,0.0
13:22:54.374288,0.11712,-41.81480166516168,-30.354,-22.24937438964844,18.410241,-190.42180766103246
13:22:54.379276,0.11712,-41.81480166516168,-30.354,-22.24937438964844,18.415229,0.0
13:22:54.384342,0.11712,-41.81480166516168,-30.354,-22.24937438964844,18.420295,0.0
13:22:54.389284,0.11712,-41.81480166516168,-30.354,-22.24937438964844,18.425237,0.0
13:22:54.394325,0.11712,-41.81480166516168,-30.354,-22.24937438964844,18.430278,0.0
13:22:54.399245,0.11712,-41.81480166516168,-30.354,-22.24937438964844,18.435198,0.0
13:22:54.404262,0.15006,-38.722272368286674,-30.036,-23.21720123291016,18.440215,-192.90947643252267
13:22:54.409280,0.15006,-38.722272368286674,-30.036,-23.21720123291016,18.445233,0.0
13:22:54.414416,0.15006,-38.722272368286674,-30.036,-23.21720123291016,18.450369,0.0
13:22:54.419423,0.15006,-38.722272368286674,-30.036,-23.21720123291016,18.455376,0.0
13:22:54.424359,0.15006,-38.722272368286674,-30.036,-23.21720123291016,18.460312,0.0
13:22:54.429314,0.15006,-38.722272368286674,-30.036,-23.21720123291016,18.465267,0.0
13:22:54.434323,0.15006,-38.722272368286674,-30.036,-23.21720123291016,18.470276,0.0
13:22:54.439301,0.16836,-45.041608305786674,-30.504,-24.185714721679688,18.475254,-194.5587562814951
13:22:54.444316,0.16836,-45.041608305786674,-30.504,-24.185714721679688,18.480269,0.0
13:22:54.449453,0.16836,-45.041608305786674,-30.504,-24.185714721679688,18.485406,0.0
13:22:54.454385,0.16836,-45.041608305786674,-30.504,-24.185714721679688,18.490338,0.0
13:22:54.459369,0.16836,-45.041608305786674,-30.504,-24.185714721679688,18.495322,0.0
13:22:54.464307,0.16836,-45.041608305786674,-30.504,-24.185714721679688,18.50026,0.0
13:22:54.469247,0.15555,-41.54575869641168,-30.066,-25.18375396728516,18.5052,-202.03223595261784
13:22:54.474322,0.15555,-41.54575869641168,-30.066,-25.18375396728516,18.510275,0.0
13:22:54.479320,0.15555,-41.54575869641168,-30.066,-25.18375396728516,18.515273,0.0
13:22:54.484291,0.15555,-41.54575869641168,-30.066,-25.18375396728516,18.520244,0.0
13:22:54.489277,0.15555,-41.54575869641168,-30.066,-25.18375396728516,18.52523,0.0
13:22:54.494258,0.15555,-41.54575869641168,-30.066,-25.18375396728516,18.530211,0.0
13:22:54.499240,0.15555,-41.54575869641168,-30.066,-25.18375396728516,18.535193,0.0
13:22:54.504290,0.21228,-48.13413760266168,-30.504,-26.153297424316406,18.540243,-191.98880337249875
13:22:54.509360,0.21228,-48.13413760266168,-30.504,-26.153297424316406,18.545313,0.0
13:22:54.514471,0.21228,-48.13413760266168,-30.504,-26.153297424316406,18.550424,0.0
13:22:54.519386,0.21228,-48.13413760266168,-30.504,-26.153297424316406,18.555339,0.0
13:22:54.524448,0.21228,-48.13413760266168,-30.504,-26.153297424316406,18.560401,0.0
13:22:54.529383,0.21228,-48.13413760266168,-30.504,-26.153297424316406,18.565336,0.0
13:22:54.534257,0.17019,-48.13413760266168,-30.03,-27.141036987304688,18.57021,-202.65481390810262
13:22:54.539298,0.17019,-45.64683291516168,-30.03,-27.141036987304688,18.575251,0.0
13:22:54.544404,0.17019,-45.64683291516168,-30.03,-27.141036987304688,18.580357,0.0
13:22:54.549472,0.17019,-45.64683291516168,-30.03,-27.141036987304688,18.585425,0.0
13:22:54.554396,0.17019,-45.64683291516168,-30.03,-27.141036987304688,18.590349,0.0
13:22:54.559405,0.17019,-45.64683291516168,-30.03,-27.141036987304688,18.595358,0.0
13:22:54.564292,0.17019,-45.64683291516168,-30.03,-27.141036987304688,18.600245,0.0
13:22:54.569309,0.24705,-49.88218447766168,-30.714,-28.12568664550781,18.605262,-196.26263866919936
13:22:54.574303,0.24705,-49.88218447766168,-30.714,-28.12568664550781,18.610256,0.0
13:22:54.579386,0.24705,-49.88218447766168,-30.714,-28.12568664550781,18.615339,0.0
13:22:54.584382,0.24705,-49.88218447766168,-30.714,-28.12568664550781,18.620335,0.0
13:22:54.589308,0.24705,-49.88218447766168,-30.714,-28.12568664550781,18.625261,0.0
13:22:54.594292,0.24705,-49.88218447766168,-30.714,-28.12568664550781,18.630245,0.0
13:22:54.599303,0.18483,-49.949323149536674,-30.0,-29.098320007324222,18.635256,-194.09965312641796
13:22:54.604256,0.18483,-49.949323149536674,-30.0,-29.098320007324222,18.640209,0.0
13:22:54.609311,0.18483,-49.949323149536674,-30.0,-29.098320007324222,18.645264,0.0
13:22:54.614387,0.18483,-49.949323149536674,-30.0,-29.098320007324222,18.65034,0.0
13:22:54.619403,0.18483,-49.949323149536674,-30.0,-29.098320007324222,18.655356,0.0
13:22:54.624330,0.18483,-49.949323149536674,-30.0,-29.098320007324222,18.660283,0.0
13:22:54.629442,0.18483,-49.949323149536674,-30.0,-29.098320007324222,18.665395,0.0
13:22:54.634352,0.28731,-51.36118838391168,-30.558,-30.046920776367188,18.670305,-193.19771263608666
13:22:54.639306,0.28731,-51.36118838391168,-30.558,-30.046920776367188,18.675259,0.0
13:22:54.644285,0.28731,-51.36118838391168,-30.558,-30.046920776367188,18.680238,0.0
13:22:54.649344,0.28731,-51.36118838391168,-30.558,-30.046920776367188,18.685297,0.0
13:22:54.654330,0.28731,-51.36118838391168,-30.558,-30.046920776367188,18.690283,0.0
13:22:54.659406,0.28731,-51.36118838391168,-30.558,-30.046920776367188,18.695359,0.0
13:22:54.664292,0.21411,-54.38657900891168,-30.156,-31.00753784179687,18.700245,-196.60603058327246
13:22:54.669283,0.21411,-54.38657900891168,-30.156,-31.00753784179687,18.705236,0.0
13:22:54.674291,0.21411,-54.38657900891168,-30.156,-31.00753784179687,18.710244,0.0
13:22:54.679316,0.21411,-54.38657900891168,-30.156,-31.00753784179687,18.715269,0.0
13:22:54.684291,0.21411,-54.38657900891168,-30.156,-31.00753784179687,18.720244,0.0
13:22:54.689261,0.21411,-54.38657900891168,-30.156,-31.00753784179687,18.725214,0.0
13:22:54.694279,0.21411,-54.38657900891168,-30.156,-31.00753784179687,18.730232,0.0
13:22:54.699250,0.28365,-53.71421572766168,-30.3,-32.00592041015625,18.735203,-200.84139375575484
13:22:54.704266,0.28365,-53.71421572766168,-30.3,-32.00592041015625,18.740219,0.0
13:22:54.709346,0.28365,-53.71421572766168,-30.3,-32.00592041015625,18.745299,0.0
13:22:54.714432,0.28365,-53.71421572766168,-30.3,-32.00592041015625,18.750385,0.0
13:22:54.719336,0.28365,-53.71421572766168,-30.3,-32.00592041015625,18.755289,0.0
13:22:54.724251,0.28365,-53.71421572766168,-30.3,-32.00592041015625,18.760204,0.0
13:22:54.729238,0.27267,-58.487409087036674,-30.312,-32.98816680908203,18.765191,-196.96137937152804
13:22:54.734319,0.27267,-58.487409087036674,-30.312,-32.98816680908203,18.770272,0.0
13:22:54.739373,0.27267,-58.487409087036674,-30.312,-32.98816680908203,18.775326,0.0
13:22:54.744300,0.27267,-58.487409087036674,-30.312,-32.98816680908203,18.780253,0.0
13:22:54.749350,0.27267,-58.487409087036674,-30.312,-32.98816680908203,18.785303,0.0
13:22:54.754324,0.27267,-58.487409087036674,-30.312,-32.98816680908203,18.790277,0.0
13:22:54.759318,0.27267,-58.487409087036674,-30.312,-32.98816680908203,18.795271,0.0
13:22:54.764260,0.30012,-56.000104399536674,-30.228,-33.98826599121094,18.800213,-202.36729707182332
13:22:54.769286,0.30012,-56.000104399536674,-30.228,-33.98826599121094,18.805239,0.0
13:22:54.774414,0.30012,-56.000104399536674,-30.228,-33.98826599121094,18.810367,0.0
13:22:54.779380,0.30012,-56.000104399536674,-30.228,-33.98826599121094,18.815333,0.0
13:22:54.784424,0.30012,-56.000104399536674,-30.228,-33.98826599121094,18.820377,0.0
13:22:54.789312,0.30012,-56.000104399536674,-30.228,-33.98826599121094,18.825265,0.0
13:22:54.794246,0.30012,-56.000104399536674,-30.228,-33.98826599121094,18.830199,0.0
13:22:54.799287,0.2690099999999999,-62.05064150891168,-30.318,-34.91798400878906,18.83524,-184.43126712525256
13:22:54.804320,0.2690099999999999,-62.05064150891168,-30.318,-34.91798400878906,18.840273,0.0
13:22:54.809304,0.2690099999999999,-62.05064150891168,-30.318,-34.91798400878906,18.845257,0.0
13:22:54.814299,0.2690099999999999,-62.05064150891168,-30.318,-34.91798400878906,18.850252,0.0
13:22:54.819328,0.2690099999999999,-62.05064150891168,-30.318,-34.91798400878906,18.855281,0.0
13:22:54.824266,0.2690099999999999,-62.05064150891168,-30.318,-34.91798400878906,18.860219,0.0
13:22:54.829287,0.2928,-58.554791899536674,-30.012,-35.95104217529297,18.86524,-205.74749382673875
13:22:54.834299,0.2928,-58.554791899536674,-30.012,-35.95104217529297,18.870252,0.0
13:22:54.839402,0.2928,-58.554791899536674,-30.012,-35.95104217529297,18.875355,0.0
13:22:54.844445,0.2928,-58.554791899536674,-30.012,-35.95104217529297,18.880398,0.0
13:22:54.849362,0.2928,-58.554791899536674,-30.012,-35.95104217529297,18.885315,0.0
13:22:54.854323,0.2928,-58.554791899536674,-30.012,-35.95104217529297,18.890276,0.0
13:22:54.859345,0.35502,-58.554791899536674,-30.618,-36.90685272216797,18.895298,-190.32468077955838
13:22:54.864261,0.35502,-64.20200869641167,-30.618,-36.90685272216797,18.900214,0.0
13:22:54.869316,0.35502,-64.20200869641167,-30.618,-36.90685272216797,18.905269,0.0
13:22:54.874265,0.35502,-64.20200869641167,-30.618,-36.90685272216797,18.910218,0.0
13:22:54.879319,0.35502,-64.20200869641167,-30.618,-36.90685272216797,18.915272,0.0
13:22:54.884389,0.35502,-64.20200869641167,-30.618,-36.90685272216797,18.920342,0.0
13:22:54.889404,0.35502,-64.20200869641167,-30.618,-36.90685272216797,18.925357,0.0
13:22:54.894287,0.29646,-61.57993838391168,-29.97,-37.8750228881836,18.93024,-198.27363629238704
13:22:54.899288,0.29646,-61.57993838391168,-29.97,-37.8750228881836,18.935241,0.0
13:22:54.904258,0.29646,-61.57993838391168,-29.97,-37.8750228881836,18.940211,0.0
13:22:54.909349,0.29646,-61.57993838391168,-29.97,-37.8750228881836,18.945302,0.0
13:22:54.914292,0.29646,-61.57993838391168,-29.97,-37.8750228881836,18.950245,0.0
13:22:54.919328,0.29646,-61.57993838391168,-29.97,-37.8750228881836,18.955281,0.0
13:22:54.924821,0.37149,-61.57993838391168,-30.605999999999995,-38.86310577392578,18.960774,-179.8803724270792
13:22:54.929350,0.37149,-66.08433291516167,-30.605999999999995,-38.86310577392578,18.965303,0.0
13:22:54.934449,0.37149,-66.08433291516167,-30.605999999999995,-38.86310577392578,18.970402,0.0
13:22:54.939426,0.37149,-66.08433291516167,-30.605999999999995,-38.86310577392578,18.975379,0.0
13:22:54.944389,0.37149,-66.08433291516167,-30.605999999999995,-38.86310577392578,18.980342,0.0
13:22:54.949285,0.37149,-66.08433291516167,-30.605999999999995,-38.86310577392578,18.985238,0.0
13:22:54.954278,0.37149,-66.08433291516167,-30.605999999999995,-38.86310577392578,18.990231,0.0
13:22:54.959273,0.34221,-64.33653018078667,-30.012,-39.837799072265625,18.995226,-195.13379346153104
13:22:54.964325,0.34221,-64.33653018078667,-30.012,-39.837799072265625,19.000278,0.0
13:22:54.969268,0.34221,-64.33653018078667,-30.012,-39.837799072265625,19.005221,0.0
13:22:54.974313,0.34221,-64.33653018078667,-30.012,-39.837799072265625,19.010266,0.0
13:22:54.979250,0.34221,-64.33653018078667,-30.012,-39.837799072265625,19.015203,0.0
13:22:54.984308,0.34221,-64.33653018078667,-30.012,-39.837799072265625,19.020261,0.0
13:22:54.989503,0.4026,-67.76499697766167,-30.66,-40.79841613769531,19.025456,-184.91185090091454
13:22:54.994277,0.4026,-67.76499697766167,-30.66,-40.79841613769531,19.03023,0.0
13:22:54.999319,0.4026,-67.76499697766167,-30.66,-40.79841613769531,19.035272,0.0
13:22:55.004337,0.4026,-67.76499697766167,-30.66,-40.79841613769531,19.04029,0.0
13:22:55.009248,0.4026,-67.76499697766167,-30.66,-40.79841613769531,19.045201,0.0
13:22:55.014269,0.4026,-67.76499697766167,-30.66,-40.79841613769531,19.050222,0.0
13:22:55.019254,0.4026,-67.76499697766167,-30.66,-40.79841613769531,19.055207,0.0
13:22:55.024268,0.32574,-68.30283877453667,-30.006,-41.76246643066406,19.060221,-192.27169783982978
13:22:55.029408,0.32574,-68.30283877453667,-30.006,-41.76246643066406,19.065361,0.0
13:22:55.034377,0.32574,-68.30283877453667,-30.006,-41.76246643066406,19.07033,0.0
13:22:55.039386,0.32574,-68.30283877453667,-30.006,-41.76246643066406,19.075339,0.0
13:22:55.044435,0.32574,-68.30283877453667,-30.006,-41.76246643066406,19.080388,0.0
13:22:55.049456,0.32574,-68.30283877453667,-30.006,-41.76246643066406,19.085409,0.0
13:22:55.054327,0.41907,-69.51304385266167,-30.348,-42.74333953857422,19.09028,-201.36996672343952
13:22:55.059296,0.41907,-69.51304385266167,-30.348,-42.74333953857422,19.095249,0.0
13:22:55.064346,0.41907,-69.51304385266167,-30.348,-42.74333953857422,19.100299,0.0
13:22:55.069269,0.41907,-69.51304385266167,-30.348,-42.74333953857422,19.105222,0.0
13:22:55.074271,0.41907,-69.51304385266167,-30.348,-42.74333953857422,19.110224,0.0
13:22:55.079257,0.41907,-69.51304385266167,-30.348,-42.74333953857422,19.11521,0.0
13:22:55.084253,0.41907,-69.51304385266167,-30.348,-42.74333953857422,19.120206,0.0
13:22:55.089268,0.39528,-72.60557314953667,-30.09,-43.692970275878906,19.125221,-189.3580732412058
13:22:55.094302,0.39528,-72.60557314953667,-30.09,-43.692970275878906,19.130255,0.0
13:22:55.099293,0.39528,-72.60557314953667,-30.09,-43.692970275878906,19.135246,0.0
13:22:55.104277,0.39528,-72.60557314953667,-30.09,-43.692970275878906,19.14023,0.0
13:22:55.109334,0.39528,-72.60557314953667,-30.09,-43.692970275878906,19.145287,0.0
13:22:55.114299,0.39528,-72.60557314953667,-30.09,-43.692970275878906,19.150252,0.0
13:22:55.119224,0.44835,-72.60557314953667,-29.676,-44.69444274902344,19.155177,-203.34466459787154
13:22:55.124249,0.44835,-72.87461611828667,-29.676,-44.69444274902344,19.160202,0.0
13:22:55.129251,0.44835,-72.87461611828667,-29.676,-44.69444274902344,19.165204,0.0
13:22:55.134257,0.44835,-72.87461611828667,-29.676,-44.69444274902344,19.17021,0.0
13:22:55.139282,0.44835,-72.87461611828667,-29.676,-44.69444274902344,19.175235,0.0
13:22:55.144397,0.44835,-72.87461611828667,-29.676,-44.69444274902344,19.18035,0.0
13:22:55.149449,0.44835,-72.87461611828667,-29.676,-44.69444274902344,19.185402,0.0
13:22:55.154405,0.43737,-78.72349307141167,-28.944000000000003,-45.63377380371094,19.190358,-189.53411111531628
13:22:55.159332,0.43737,-78.72349307141167,-28.944000000000003,-45.63377380371094,19.195285,0.0
13:22:55.164370,0.43737,-78.72349307141167,-28.944000000000003,-45.63377380371094,19.200323,0.0
13:22:55.169426,0.43737,-78.72349307141167,-28.944000000000003,-45.63377380371094,19.205379,0.0
13:22:55.174386,0.43737,-78.72349307141167,-28.944000000000003,-45.63377380371094,19.210339,0.0
13:22:55.179288,0.43737,-78.72349307141167,-28.944000000000003,-45.63377380371094,19.215241,0.0
13:22:55.184282,0.43737,-78.72349307141167,-28.944000000000003,-45.63377380371094,19.220235,0.0
13:22:55.189297,0.48678,-77.24448916516167,-28.242,-46.544952392578125,19.22525,-181.69064583592197
13:22:55.194400,0.48678,-77.24448916516167,-28.242,-46.544952392578125,19.230353,0.0
13:22:55.199412,0.48678,-77.24448916516167,-28.242,-46.544952392578125,19.235365,0.0
13:22:55.204422,0.48678,-77.24448916516167,-28.242,-46.544952392578125,19.240375,0.0
13:22:55.209339,0.48678,-77.24448916516167,-28.242,-46.544952392578125,19.245292,0.0
13:22:55.214331,0.48678,-77.24448916516167,-28.242,-46.544952392578125,19.250284,0.0
13:22:55.219440,0.46665,-82.21934268078667,-27.462,-47.44205474853516,19.255393,-175.59255352454045
13:22:55.224360,0.46665,-82.21934268078667,-27.462,-47.44205474853516,19.260313,0.0
13:22:55.229406,0.46665,-82.21934268078667,-27.462,-47.44205474853516,19.265359,0.0
13:22:55.234559,0.46665,-82.21934268078667,-27.462,-47.44205474853516,19.270512,0.0
13:22:55.239404,0.46665,-82.21934268078667,-27.462,-47.44205474853516,19.275357,0.0
13:22:55.244433,0.46665,-82.21934268078667,-27.462,-47.44205474853516,19.280386,0.0
13:22:55.249311,0.46665,-82.21934268078667,-27.462,-47.44205474853516,19.285264,0.0
13:22:55.254274,0.5124,-78.52183291516167,-26.364,-48.3123779296875,19.290227,-175.36231737907067
13:22:55.259266,0.5124,-78.52183291516167,-26.364,-48.3123779296875,19.295219,0.0
13:22:55.264326,0.5124,-78.52183291516167,-26.364,-48.3123779296875,19.300279,0.0
13:22:55.269507,0.5124,-78.52183291516167,-26.364,-48.3123779296875,19.30546,0.0
13:22:55.274394,0.5124,-78.52183291516167,-26.364,-48.3123779296875,19.310347,0.0
13:22:55.279351,0.5124,-78.52183291516167,-26.364,-48.3123779296875,19.315304,0.0
13:22:55.284299,0.48861,-83.63120791516167,-25.626,-49.16484832763672,19.320252,-172.28585245542
13:22:55.289324,0.48861,-83.63120791516167,-25.626,-49.16484832763672,19.325277,0.0
13:22:55.294314,0.48861,-83.63120791516167,-25.626,-49.16484832763672,19.330267,0.0
13:22:55.299352,0.48861,-83.63120791516167,-25.626,-49.16484832763672,19.335305,0.0
13:22:55.304340,0.48861,-83.63120791516167,-25.626,-49.16484832763672,19.340293,0.0
13:22:55.309308,0.48861,-83.63120791516167,-25.626,-49.16484832763672,19.345261,0.0
13:22:55.314338,0.48861,-83.63120791516167,-25.626,-49.16484832763672,19.350291,0.0
13:22:55.319294,0.5197200000000001,-80.67320010266167,-24.63,-49.97234344482422,19.355247,-162.93283236228945
13:22:55.324246,0.5197200000000001,-80.67320010266167,-24.63,-49.97234344482422,19.360199,0.0
13:22:55.329326,0.5197200000000001,-80.67320010266167,-24.63,-49.97234344482422,19.365279,0.0
13:22:55.334419,0.5197200000000001,-80.67320010266167,-24.63,-49.97234344482422,19.370372,0.0
13:22:55.339386,0.5197200000000001,-80.67320010266167,-24.63,-49.97234344482422,19.375339,0.0
13:22:55.344336,0.5197200000000001,-80.67320010266167,-24.63,-49.97234344482422,19.380289,0.0
13:22:55.349278,0.52704,-83.56382510266167,-23.796000000000003,-50.740699768066406,19.385231,-155.47477200368712
13:22:55.354319,0.52704,-83.56382510266167,-23.796000000000003,-50.740699768066406,19.390272,0.0
13:22:55.359333,0.52704,-83.56382510266167,-23.796000000000003,-50.740699768066406,19.395286,0.0
13:22:55.364361,0.52704,-83.56382510266167,-23.796000000000003,-50.740699768066406,19.400314,0.0
13:22:55.369373,0.52704,-83.56382510266167,-23.796000000000003,-50.740699768066406,19.405326,0.0
13:22:55.374300,0.52704,-83.56382510266167,-23.796000000000003,-50.740699768066406,19.410253,0.0
13:22:55.379237,0.52704,-83.56382510266167,-23.796000000000003,-50.740699768066406,19.41519,0.0
13:22:55.384258,0.59109,-84.77403018078667,-23.004,-51.47815704345703,19.420211,-146.8745818344416
13:22:55.389302,0.59109,-84.77403018078667,-23.004,-51.47815704345703,19.425255,0.0
13:22:55.394310,0.59109,-84.77403018078667,-23.004,-51.47815704345703,19.430263,0.0
13:22:55.399344,0.59109,-84.77403018078667,-23.004,-51.47815704345703,19.435297,0.0
13:22:55.404485,0.59109,-84.77403018078667,-23.004,-51.47815704345703,19.440438,0.0
13:22:55.409269,0.59109,-84.77403018078667,-23.004,-51.47815704345703,19.445222,0.0
13:22:55.414288,0.5252100000000001,-83.76572939953667,-21.654,-52.17063903808594,19.450241,-137.97210492713484
13:22:55.419272,0.5252100000000001,-83.76572939953667,-21.654,-52.17063903808594,19.455225,0.0
13:22:55.424307,0.5252100000000001,-83.76572939953667,-21.654,-52.17063903808594,19.46026,0.0
13:22:55.429420,0.5252100000000001,-83.76572939953667,-21.654,-52.17063903808594,19.465373,0.0
13:22:55.434376,0.5252100000000001,-83.76572939953667,-21.654,-52.17063903808594,19.470329,0.0
13:22:55.439405,0.5252100000000001,-83.76572939953667,-21.654,-52.17063903808594,19.475358,0.0
13:22:55.445047,0.55083,-88.67344424328667,-20.97,-52.84492492675781,19.481,-119.51185548948452
13:22:55.449270,0.55083,-88.67344424328667,-20.97,-52.84492492675781,19.485223,0.0
13:22:55.454406,0.55083,-88.67344424328667,-20.97,-52.84492492675781,19.490359,0.0
13:22:55.459311,0.55083,-88.67344424328667,-20.97,-52.84492492675781,19.495264,0.0
13:22:55.464308,0.55083,-88.67344424328667,-20.97,-52.84492492675781,19.500261,0.0
13:22:55.469417,0.55083,-88.67344424328667,-20.97,-52.84492492675781,19.50537,0.0
13:22:55.474392,0.55083,-88.67344424328667,-20.97,-52.84492492675781,19.510345,0.0
13:22:55.479444,0.5435099999999999,-83.02598330578667,-19.866000000000003,-53.48865509033203,19.515397,-127.42085581439524
13:22:55.484430,0.5435099999999999,-83.02598330578667,-19.866000000000003,-53.48865509033203,19.520383,0.0
13:22:55.489439,0.5435099999999999,-83.02598330578667,-19.866000000000003,-53.48865509033203,19.525392,0.0
13:22:55.494506,0.5435099999999999,-83.02598330578667,-19.866000000000003,-53.48865509033203,19.530459,0.0
13:22:55.499447,0.5435099999999999,-83.02598330578667,-19.866000000000003,-53.48865509033203,19.5354,0.0
13:22:55.504327,0.5435099999999999,-83.02598330578667,-19.866000000000003,-53.48865509033203,19.54028,0.0
13:22:55.509300,0.56364,-83.02598330578667,-18.828000000000003,-54.129981994628906,19.545253,-128.96177444136683
13:22:55.514306,0.56364,-87.86655947766167,-18.828000000000003,-54.129981994628906,19.550259,0.0
13:22:55.519383,0.56364,-87.86655947766167,-18.828000000000003,-54.129981994628906,19.555336,0.0
13:22:55.524389,0.56364,-87.86655947766167,-18.828000000000003,-54.129981994628906,19.560342,0.0
13:22:55.529346,0.56364,-87.86655947766167,-18.828000000000003,-54.129981994628906,19.565299,0.0
13:22:55.534166,0.56364,-87.86655947766167,-18.828000000000003,-54.129981994628906,19.570119,0.0
13:22:55.539419,0.56364,-87.86655947766167,-18.828000000000003,-54.129981994628906,19.575372,0.0
13:22:55.544333,0.6020700000000001,-89.81626650891167,-18.108,-54.71500396728516,19.580286,-119.05209048765289
13:22:55.549490,0.6020700000000001,-89.81626650891167,-18.108,-54.71500396728516,19.585443,0.0
13:22:55.554364,0.6020700000000001,-89.81626650891167,-18.108,-54.71500396728516,19.590317,0.0
13:22:55.559341,0.6020700000000001,-89.81626650891167,-18.108,-54.71500396728516,19.595294,0.0
13:22:55.564358,0.6020700000000001,-89.81626650891167,-18.108,-54.71500396728516,19.600311,0.0
13:22:55.569316,0.6020700000000001,-89.81626650891167,-18.108,-54.71500396728516,19.605269,0.0
13:22:55.574363,0.56547,-86.52207705578667,-16.944,-55.270843505859375,19.610316,-110.13266070419789
13:22:55.579284,0.56547,-86.52207705578667,-16.944,-55.270843505859375,19.615237,0.0
13:22:55.584355,0.56547,-86.52207705578667,-16.944,-55.270843505859375,19.620308,0.0
13:22:55.589345,0.56547,-86.52207705578667,-16.944,-55.270843505859375,19.625298,0.0
13:22:55.594306,0.56547,-86.52207705578667,-16.944,-55.270843505859375,19.630259,0.0
13:22:55.599286,0.56547,-86.52207705578667,-16.944,-55.270843505859375,19.635239,0.0
13:22:55.604369,0.56547,-86.52207705578667,-16.944,-55.270843505859375,19.640322,0.0
13:22:55.609307,0.59658,-89.88340518078667,-15.870000000000005,-55.798187255859375,19.64526,-106.79298298908125
13:22:55.614300,0.59658,-89.88340518078667,-15.870000000000005,-55.798187255859375,19.650253,0.0
13:22:55.619370,0.59658,-89.88340518078667,-15.870000000000005,-55.798187255859375,19.655323,0.0
13:22:55.624389,0.59658,-89.88340518078667,-15.870000000000005,-55.798187255859375,19.660342,0.0
13:22:55.629463,0.59658,-89.88340518078667,-15.870000000000005,-55.798187255859375,19.665416,0.0
13:22:55.634305,0.59658,-89.88340518078667,-15.870000000000005,-55.798187255859375,19.670258,0.0
13:22:55.639580,0.5673,-89.00938174328667,-14.988,-56.27609252929688,19.675533,-90.59815610187941
13:22:55.644287,0.5673,-89.00938174328667,-14.988,-56.27609252929688,19.68024,0.0
13:22:55.649366,0.5673,-89.00938174328667,-14.988,-56.27609252929688,19.685319,0.0
13:22:55.654511,0.5673,-89.00938174328667,-14.988,-56.27609252929688,19.690464,0.0
13:22:55.659402,0.5673,-89.00938174328667,-14.988,-56.27609252929688,19.695355,0.0
13:22:55.664354,0.5673,-89.00938174328667,-14.988,-56.27609252929688,19.700307,0.0
13:22:55.669313,0.5673,-89.00938174328667,-14.988,-56.27609252929688,19.705266,0.0
13:22:55.674328,0.62586,-90.01792666516167,-14.238,-56.75331115722656,19.710281,-95.15825083349912
13:22:55.679284,0.62586,-90.01792666516167,-14.238,-56.75331115722656,19.715237,0.0
13:22:55.684298,0.62586,-90.01792666516167,-14.238,-56.75331115722656,19.720251,0.0
13:22:55.689285,0.62586,-90.01792666516167,-14.238,-56.75331115722656,19.725238,0.0
13:22:55.694288,0.62586,-90.01792666516167,-14.238,-56.75331115722656,19.730241,0.0
13:22:55.699344,0.62586,-90.01792666516167,-14.238,-56.75331115722656,19.735297,0.0
13:22:55.704700,0.62037,-90.01792666516167,-12.972,-57.18040466308594,19.740653,-79.74113253537202
13:22:55.709276,0.62037,-89.81626650891167,-12.972,-57.18040466308594,19.745229,0.0
13:22:55.714347,0.62037,-89.81626650891167,-12.972,-57.18040466308594,19.7503,0.0
13:22:55.719320,0.62037,-89.81626650891167,-12.972,-57.18040466308594,19.755273,0.0
13:22:55.724304,0.62037,-89.81626650891167,-12.972,-57.18040466308594,19.760257,0.0
13:22:55.729305,0.62037,-89.81626650891167,-12.972,-57.18040466308594,19.765258,0.0
13:22:55.734280,0.62037,-89.81626650891167,-12.972,-57.18040466308594,19.770233,0.0
13:22:55.739316,0.58011,-89.07676455578667,-11.868,-57.58209228515625,19.775269,-79.76322916407344
13:22:55.744311,0.58011,-89.07676455578667,-11.868,-57.58209228515625,19.780264,0.0
13:22:55.749312,0.58011,-89.07676455578667,-11.868,-57.58209228515625,19.785265,0.0
13:22:55.754326,0.58011,-89.07676455578667,-11.868,-57.58209228515625,19.790279,0.0
13:22:55.759292,0.58011,-89.07676455578667,-11.868,-57.58209228515625,19.795245,0.0
13:22:55.764291,0.58011,-89.07676455578667,-11.868,-57.58209228515625,19.800244,0.0
13:22:55.769454,0.6222000000000001,-92.84141299328668,-11.1,-57.95425415039063,19.805407,-72.08248406632036
13:22:55.774271,0.6222000000000001,-92.84141299328668,-11.1,-57.95425415039063,19.810224,0.0
13:22:55.779292,0.6222000000000001,-92.84141299328668,-11.1,-57.95425415039063,19.815245,0.0
13:22:55.784269,0.6222000000000001,-92.84141299328668,-11.1,-57.95425415039063,19.820222,0.0
13:22:55.789325,0.6222000000000001,-92.84141299328668,-11.1,-57.95425415039063,19.825278,0.0
13:22:55.794334,0.6222000000000001,-92.84141299328668,-11.1,-57.95425415039063,19.830287,0.0
13:22:55.799294,0.6222000000000001,-92.84141299328668,-11.1,-57.95425415039063,19.835247,0.0
13:22:55.804260,0.63501,-92.43809268078668,-10.146,-58.28006744384765,19.840213,-65.6087985213541
13:22:55.809282,0.63501,-92.43809268078668,-10.146,-58.28006744384765,19.845235,0.0
13:22:55.814272,0.63501,-92.43809268078668,-10.146,-58.28006744384765,19.850225,0.0
13:22:55.819322,0.63501,-92.43809268078668,-10.146,-58.28006744384765,19.855275,0.0
13:22:55.824298,0.63501,-92.43809268078668,-10.146,-58.28006744384765,19.860251,0.0
13:22:55.829326,0.63501,-92.43809268078668,-10.146,-58.28006744384765,19.865279,0.0
13:22:55.834365,0.62586,-92.43809268078668,-9.132,-58.57601165771484,19.870318,-58.730742978207296
13:22:55.839293,0.62586,-88.67344424328667,-9.132,-58.57601165771484,19.875246,0.0
13:22:55.844298,0.62586,-88.67344424328667,-9.132,-58.57601165771484,19.880251,0.0
13:22:55.849245,0.62586,-88.67344424328667,-9.132,-58.57601165771484,19.885198,0.0
13:22:55.854352,0.62586,-88.67344424328667,-9.132,-58.57601165771484,19.890305,0.0
13:22:55.859263,0.62586,-88.67344424328667,-9.132,-58.57601165771484,19.895216,0.0
13:22:55.864297,0.62586,-88.67344424328667,-9.132,-58.57601165771484,19.90025,0.0
13:22:55.869245,0.6313500000000001,-91.22813174328668,-8.219999999999999,-58.85478973388672,19.905198,-56.3415675367719
13:22:55.874273,0.6313500000000001,-91.22813174328668,-8.219999999999999,-58.85478973388672,19.910226,0.0
13:22:55.879271,0.6313500000000001,-91.22813174328668,-8.219999999999999,-58.85478973388672,19.915224,0.0
13:22:55.884290,0.6313500000000001,-91.22813174328668,-8.219999999999999,-58.85478973388672,19.920243,0.0
13:22:55.889308,0.6313500000000001,-91.22813174328668,-8.219999999999999,-58.85478973388672,19.925261,0.0
13:22:55.894331,0.6313500000000001,-91.22813174328668,-8.219999999999999,-58.85478973388672,19.930284,0.0
13:22:55.899458,0.6313500000000001,-91.22813174328668,-8.219999999999999,-58.85478973388672,19.935411,0.0
13:22:55.904304,0.6331800000000001,-93.51377627453668,-7.074,-59.10335540771485,19.940257,-51.29295786795352
13:22:55.909441,0.6331800000000001,-93.51377627453668,-7.074,-59.10335540771485,19.945394,0.0
13:22:55.914420,0.6331800000000001,-93.51377627453668,-7.074,-59.10335540771485,19.950373,0.0
13:22:55.919375,0.6331800000000001,-93.51377627453668,-7.074,-59.10335540771485,19.955328,0.0
13:22:55.924244,0.6331800000000001,-93.51377627453668,-7.074,-59.10335540771485,19.960197,0.0
13:22:55.929405,0.6331800000000001,-93.51377627453668,-7.074,-59.10335540771485,19.965358,0.0
13:22:55.934417,0.6313500000000001,-94.58945986828668,-5.988,-59.31175231933594,19.97037,-41.57959130507946
13:22:55.939465,0.6313500000000001,-94.58945986828668,-5.988,-59.31175231933594,19.975418,0.0
13:22:55.944397,0.6313500000000001,-94.58945986828668,-5.988,-59.31175231933594,19.98035,0.0
13:22:55.949415,0.6313500000000001,-94.58945986828668,-5.988,-59.31175231933594,19.985368,0.0
13:22:55.954394,0.6313500000000001,-94.58945986828668,-5.988,-59.31175231933594,19.990347,0.0
13:22:55.959396,0.6313500000000001,-94.58945986828668,-5.988,-59.31175231933594,19.995349,0.0
13:22:55.964398,0.6313500000000001,-94.58945986828668,-5.988,-59.31175231933594,20.000351,0.0
13:22:55.969348,0.61488,-92.03477236828668,-5.016,-59.4902801513672,20.005301,-36.06622869317815
13:22:55.974252,0.61488,-92.03477236828668,-5.016,-59.4902801513672,20.010205,0.0
13:22:55.979293,0.61488,-92.03477236828668,-5.016,-59.4902801513672,20.015246,0.0
13:22:55.984362,0.61488,-92.03477236828668,-5.016,-59.4902801513672,20.020315,0.0
13:22:55.989424,0.61488,-92.03477236828668,-5.016,-59.4902801513672,20.025377,0.0
13:22:55.994346,0.61488,-92.03477236828668,-5.016,-59.4902801513672,20.030299,0.0
13:22:55.999256,0.60573,-89.81626650891167,-4.02,-59.62760925292969,20.035209,-27.9692671206757
13:22:56.004257,0.60573,-89.81626650891167,-4.02,-59.62760925292969,20.04021,0.0
13:22:56.009288,0.60573,-89.81626650891167,-4.02,-59.62760925292969,20.045241,0.0
13:22:56.014284,0.60573,-89.81626650891167,-4.02,-59.62760925292969,20.050237,0.0
13:22:56.019285,0.60573,-89.81626650891167,-4.02,-59.62760925292969,20.055238,0.0
13:22:56.024299,0.60573,-89.81626650891167,-4.02,-59.62760925292969,20.060252,0.0
13:22:56.029249,0.60573,-89.81626650891167,-4.02,-59.62760925292969,20.065202,0.0
13:22:56.034325,0.62037,-91.63145205578668,-3.192,-59.742279052734375,20.070278,-22.59058309785476
13:22:56.039276,0.62037,-91.63145205578668,-3.192,-59.742279052734375,20.075229,0.0
13:22:56.044469,0.62037,-91.63145205578668,-3.192,-59.742279052734375,20.080422,0.0
13:22:56.049468,0.62037,-91.63145205578668,-3.192,-59.742279052734375,20.085421,0.0
13:22:56.054434,0.62037,-91.63145205578668,-3.192,-59.742279052734375,20.090387,0.0
13:22:56.059365,0.62037,-91.63145205578668,-3.192,-59.742279052734375,20.095318,0.0
13:22:56.064374,0.6405,-93.51377627453668,-2.388,-59.82124328613281,20.100327,-15.764470632545288
13:22:56.069368,0.6405,-93.51377627453668,-2.388,-59.82124328613281,20.105321,0.0
13:22:56.074325,0.6405,-93.51377627453668,-2.388,-59.82124328613281,20.110278,0.0
13:22:56.079395,0.6405,-93.51377627453668,-2.388,-59.82124328613281,20.115348,0.0
13:22:56.084325,0.6405,-93.51377627453668,-2.388,-59.82124328613281,20.120278,0.0
13:22:56.089182,0.6405,-93.51377627453668,-2.388,-59.82124328613281,20.125135,0.0
13:22:56.094209,0.6405,-93.51377627453668,-2.388,-59.82124328613281,20.130162,0.0
13:22:56.099310,0.6276900000000001,-92.70713564953668,-1.422,-59.87995147705079,20.135263,-11.509153287194307
13:22:56.104280,0.6276900000000001,-92.70713564953668,-1.422,-59.87995147705079,20.140233,0.0
13:22:56.109303,0.6276900000000001,-92.70713564953668,-1.422,-59.87995147705079,20.145256,0.0
13:22:56.114334,0.6276900000000001,-92.70713564953668,-1.422,-59.87995147705079,20.150287,0.0
13:22:56.119322,0.6276900000000001,-92.70713564953668,-1.422,-59.87995147705079,20.155275,0.0
13:22:56.124248,0.6276900000000001,-92.70713564953668,-1.422,-59.87995147705079,20.160201,0.0
13:22:56.129212,0.6167100000000001,-90.89195010266168,-1.056,-59.91325378417969,20.165165,-6.708764530402044
13:22:56.134281,0.6167100000000001,-90.89195010266168,-1.056,-59.91325378417969,20.170234,0.0
13:22:56.139392,0.6167100000000001,-90.89195010266168,-1.056,-59.91325378417969,20.175345,0.0
13:22:56.144421,0.6167100000000001,-90.89195010266168,-1.056,-59.91325378417969,20.180374,0.0
13:22:56.149349,0.6167100000000001,-90.89195010266168,-1.056,-59.91325378417969,20.185302,0.0
13:22:56.154294,0.6167100000000001,-90.89195010266168,-1.056,-59.91325378417969,20.190247,0.0
13:22:56.159274,0.6167100000000001,-90.89195010266168,-1.056,-59.91325378417969,20.195227,0.0
13:22:56.164292,0.60024,-89.68174502453667,-0.642,-59.93762969970703,20.200245,-4.85769540202172
13:22:56.169316,0.60024,-89.68174502453667,-0.642,-59.93762969970703,20.205269,0.0
13:22:56.174418,0.60024,-89.68174502453667,-0.642,-59.93762969970703,20.210371,0.0
13:22:56.179310,0.60024,-89.68174502453667,-0.642,-59.93762969970703,20.215263,0.0
13:22:56.184280,0.60024,-89.68174502453667,-0.642,-59.93762969970703,20.220233,0.0
13:22:56.189300,0.60024,-89.68174502453667,-0.642,-59.93762969970703,20.225253,0.0
13:22:56.194223,0.59475,-90.08506533703668,-0.504,-59.955825805664055,20.230176,-3.696141774734585
13:22:56.199285,0.59475,-90.08506533703668,-0.504,-59.955825805664055,20.235238,0.0
13:22:56.204325,0.59475,-90.08506533703668,-0.504,-59.955825805664055,20.240278,0.0
13:22:56.209398,0.59475,-90.08506533703668,-0.504,-59.955825805664055,20.245351,0.0
13:22:56.214426,0.59475,-90.08506533703668,-0.504,-59.955825805664055,20.250379,0.0
13:22:56.219286,0.59475,-90.08506533703668,-0.504,-59.955825805664055,20.255239,0.0
13:22:56.224295,0.59475,-90.08506533703668,-0.504,-59.955825805664055,20.260248,0.0
13:22:56.229209,0.5856,-90.62290713391168,-0.318,-59.96646881103516,20.265162,-2.1658537588744853
13:22:56.234295,0.5856,-90.62290713391168,-0.318,-59.96646881103516,20.270248,0.0
13:22:56.239309,0.5856,-90.62290713391168,-0.318,-59.96646881103516,20.275262,0.0
13:22:56.244364,0.5856,-90.62290713391168,-0.318,-59.96646881103516,20.280317,0.0
13:22:56.249371,0.5856,-90.62290713391168,-0.318,-59.96646881103516,20.285324,0.0
13:22:56.254285,0.5856,-90.62290713391168,-0.318,-59.96646881103516,20.290238,0.0
13:22:56.259218,0.58011,-90.89195010266168,-0.198,-59.9736785888672,20.295171,-1.4615402051564204
13:22:56.264376,0.58011,-90.89195010266168,-0.198,-59.9736785888672,20.300329,0.0
13:22:56.269338,0.58011,-90.89195010266168,-0.198,-59.9736785888672,20.305291,0.0
13:22:56.274357,0.58011,-90.89195010266168,-0.198,-59.9736785888672,20.31031,0.0
13:22:56.279329,0.58011,-90.89195010266168,-0.198,-59.9736785888672,20.315282,0.0
13:22:56.284263,0.58011,-90.89195010266168,-0.198,-59.9736785888672,20.320216,0.0
13:22:56.289303,0.58011,-90.89195010266168,-0.198,-59.9736785888672,20.325256,0.0
13:22:56.294313,0.57096,-89.81626650891167,-0.144,-59.97676849365234,20.330266,-0.6167474621025129
13:22:56.299295,0.57096,-89.81626650891167,-0.144,-59.97676849365234,20.335248,0.0
13:22:56.304279,0.57096,-89.81626650891167,-0.144,-59.97676849365234,20.340232,0.0
13:22:56.309282,0.57096,-89.81626650891167,-0.144,-59.97676849365234,20.345235,0.0
13:22:56.314278,0.57096,-89.81626650891167,-0.144,-59.97676849365234,20.350231,0.0
13:22:56.319312,0.57096,-89.81626650891167,-0.144,-59.97676849365234,20.355265,0.0
13:22:56.324355,0.57462,-89.81626650891167,-0.168,-59.98123168945313,20.360308,-0.8850279200465898
13:22:56.329330,0.57462,-89.00938174328667,-0.168,-59.98123168945313,20.365283,0.0
13:22:56.334399,0.57462,-89.00938174328667,-0.168,-59.98123168945313,20.370352,0.0
13:22:56.339300,0.57462,-89.00938174328667,-0.168,-59.98123168945313,20.375253,0.0
13:22:56.344386,0.57462,-89.00938174328667,-0.168,-59.98123168945313,20.380339,0.0
13:22:56.349288,0.57462,-89.00938174328667,-0.168,-59.98123168945313,20.385241,0.0
13:22:56.354281,0.57462,-89.00938174328667,-0.168,-59.98123168945313,20.390234,0.0
13:22:56.359363,0.58926,-89.81626650891167,-0.186,-59.989128112792976,20.395316,-1.553802310082898
13:22:56.364358,0.58926,-89.81626650891167,-0.186,-59.989128112792976,20.400311,0.0
13:22:56.369392,0.58926,-89.81626650891167,-0.186,-59.989128112792976,20.405345,0.0
13:22:56.374414,0.58926,-89.81626650891167,-0.186,-59.989128112792976,20.410367,0.0
13:22:56.379390,0.58926,-89.81626650891167,-0.186,-59.989128112792976,20.415343,0.0
13:22:56.384460,0.58926,-89.81626650891167,-0.186,-59.989128112792976,20.420413,0.0
13:22:56.389404,0.58926,-89.81626650891167,-0.186,-59.989128112792976,20.425357,0.0
13:22:56.394424,0.60024,-90.21958682141168,-0.15,-59.993934631347656,20.430377,-0.9574738156737195
13:22:56.399363,0.60024,-90.21958682141168,-0.15,-59.993934631347656,20.435316,0.0
13:22:56.404311,0.60024,-90.21958682141168,-0.15,-59.993934631347656,20.440264,0.0
13:22:56.409152,0.60024,-90.21958682141168,-0.15,-59.993934631347656,20.445105,0.0
13:22:56.414256,0.60024,-90.21958682141168,-0.15,-59.993934631347656,20.450209,0.0
13:22:56.419334,0.60024,-90.21958682141168,-0.15,-59.993934631347656,20.455287,0.0
13:22:56.424158,0.5929200000000001,-89.95078799328667,-0.09,-59.99565124511718,20.460111,-0.35584862552303875
13:22:56.429455,0.5929200000000001,-89.95078799328667,-0.09,-59.99565124511718,20.465408,0.0
13:22:56.434458,0.5929200000000001,-89.95078799328667,-0.09,-59.99565124511718,20.470411,0.0
13:22:56.439460,0.5929200000000001,-89.95078799328667,-0.09,-59.99565124511718,20.475413,0.0
13:22:56.444452,0.5929200000000001,-89.95078799328667,-0.09,-59.99565124511718,20.480405,0.0
13:22:56.449433,0.5929200000000001,-89.95078799328667,-0.09,-59.99565124511718,20.485386,0.0
13:22:56.455138,0.58926,-89.81626650891167,-0.054,-59.99942779541016,20.491091,-0.6619720057811213
13:22:56.459290,0.58926,-89.81626650891167,-0.054,-59.99942779541016,20.495243,0.0
13:22:56.464318,0.58926,-89.81626650891167,-0.054,-59.99942779541016,20.500271,0.0
13:22:56.469327,0.58926,-89.81626650891167,-0.054,-59.99942779541016,20.50528,0.0
13:22:56.474315,0.58926,-89.81626650891167,-0.054,-59.99942779541016,20.510268,0.0
13:22:56.479335,0.58926,-89.81626650891167,-0.054,-59.99942779541016,20.515288,0.0
13:22:56.484306,0.58926,-89.81626650891167,-0.054,-59.99942779541016,20.520259,0.0
13:22:56.489272,0.59475,-89.88340518078667,-0.03,-60.00011444091797,20.525225,-0.138269333025665
13:22:56.494315,0.59475,-89.88340518078667,-0.03,-60.00011444091797,20.530268,0.0
13:22:56.499386,0.59475,-89.88340518078667,-0.03,-60.00011444091797,20.535339,0.0
13:22:56.504454,0.59475,-89.88340518078667,-0.03,-60.00011444091797,20.540407,0.0
13:22:56.509402,0.59475,-89.88340518078667,-0.03,-60.00011444091797,20.545355,0.0
13:22:56.514197,0.59475,-89.88340518078667,-0.03,-60.00011444091797,20.55015,0.0
13:22:56.519287,0.59475,-89.88340518078667,-0.03,-60.00011444091797,20.55524,0.0
13:22:56.524256,0.6020700000000001,-89.95078799328667,-0.018,-60.002517700195305,20.560209,-0.4836504884960905
13:22:56.529311,0.6020700000000001,-89.95078799328667,-0.018,-60.002517700195305,20.565264,0.0
13:22:56.534286,0.6020700000000001,-89.95078799328667,-0.018,-60.002517700195305,20.570239,0.0
13:22:56.539424,0.6020700000000001,-89.95078799328667,-0.018,-60.002517700195305,20.575377,0.0
13:22:56.544321,0.6020700000000001,-89.95078799328667,-0.018,-60.002517700195305,20.580274,0.0
13:22:56.549088,0.6020700000000001,-89.95078799328667,-0.018,-60.002517700195305,20.585041,0.0
13:22:56.554109,0.5929200000000001,-89.81626650891167,-0.0059999999999999,-60.0021743774414,20.590062,0.06837736584471212
13:22:56.559098,0.5929200000000001,-89.81626650891167,-0.0059999999999999,-60.0021743774414,20.595051,0.0
13:22:56.564060,0.5929200000000001,-89.81626650891167,-0.0059999999999999,-60.0021743774414,20.600013,0.0
13:22:56.569061,0.5929200000000001,-89.81626650891167,-0.0059999999999999,-60.0021743774414,20.605014,0.0
13:22:56.574072,0.5929200000000001,-89.81626650891167,-0.0059999999999999,-60.0021743774414,20.610025,0.0
13:22:56.579089,0.5929200000000001,-89.81626650891167,-0.0059999999999999,-60.0021743774414,20.615042,0.0
13:22:56.584097,0.5929200000000001,-89.81626650891167,-0.0059999999999999,-60.0021743774414,20.62005,0.0
13:22:56.589412,0.6039,-89.81626650891167,0.0,-60.002517700195305,20.625365,-0.06459506188264937
13:22:56.594410,0.6039,-89.81626650891167,0.0,-60.002517700195305,20.630363,0.0
13:22:56.599397,0.6039,-89.81626650891167,0.0,-60.002517700195305,20.63535,0.0
13:22:56.604360,0.6039,-89.81626650891167,0.0,-60.002517700195305,20.640313,0.0
