m_t_5,jts5,v5,q5,acceleration
-0.01062,0.0214859944926979,-0.0,0.0006866455078125,
-0.01062,0.0214859944926979,0.0059999999999999,-0.0,1.2272448353446308
-0.01062,0.0214859944926979,0.0059999999999999,-0.0,0.0
-0.01062,0.0422684651958229,-0.0,0.001373291015625,-1.188118811881168
-0.01062,0.0422684651958229,-0.0,0.001373291015625,0.0
-0.00767,0.0214859944926979,-0.0,-0.0006866455078125,0.0
-0.0064899999999999,0.0214859944926979,-0.0,-0.00274658203125,0.0
-0.0,0.0214859944926979,0.108,-0.001373291015625,21.79176755447935
-0.0,0.0214859944926979,0.108,-0.001373291015625,0.0
0.00826,0.0214859944926979,0.4379999999999999,0.0061798095703125,67.11409395973146
0.00826,0.0214859944926979,0.4379999999999999,0.0061798095703125,0.0
0.0259599999999999,0.0214859944926979,0.75,0.0240325927734375,63.66047745358071
0.0259599999999999,0.0214859944926979,0.75,0.0240325927734375,0.0
0.03835,0.0214859944926979,2.418,0.0707244873046875,368.9449236894495
0.03835,0.0214859944926979,2.418,0.0707244873046875,0.0
0.0401199999999999,-0.030515958632302,4.5600000000000005,0.1792144775390625,425.2531268612258
0.0401199999999999,-0.030515958632302,4.5600000000000005,0.1792144775390625,0.0
0.0371699999999999,-0.030515958632302,6.672,0.3563690185546875,404.5202068569214
0.0371699999999999,-0.030515958632302,6.672,0.3563690185546875,0.0
0.0348099999999999,0.0214859944926979,7.998,0.5980682373046875,262.6262626262614
0.0348099999999999,0.0214859944926979,7.998,0.5980682373046875,0.0
0.03068,0.0214859944926979,8.861999999999998,0.869293212890625,172.66187050359645
0.03068,0.0214859944926979,8.861999999999998,0.869293212890625,0.0
0.03304,0.1462723714458229,9.486,1.1611175537109375,123.58882947118224
0.03304,0.1462723714458229,9.486,1.1611175537109375,0.0
0.03127,0.1566788655864479,10.080000000000002,1.487274169921875,124.0342451451248
0.03127,0.1566788655864479,10.080000000000002,1.487274169921875,0.0
0.03304,0.1462723714458229,10.62,1.82373046875,106.15293886377088
0.03304,0.1462723714458229,10.62,1.82373046875,0.0
0.03422,0.1878678304301979,11.364,2.166366577148437,152.61538461538436
0.03422,0.1878678304301979,11.364,2.166366577148437,0.0
0.03658,0.1670853597270729,12.534,2.544708251953125,219.71830985915392
0.03658,0.1670853597270729,12.534,2.544708251953125,0.0
0.0348099999999999,0.1670853597270729,13.698,2.964935302734375,237.9394930498769
0.0348099999999999,0.2190873128520729,13.698,2.964935302734375,0.0
0.03186,0.2086808187114479,14.856000000000002,3.4174346923828125,229.6707655692192
0.03186,0.2086808187114479,14.856000000000002,3.4174346923828125,0.0
0.0295,0.3438736898051979,15.666,3.9200592041015625,148.35164835164755
0.0295,0.3438736898051979,15.666,3.9200592041015625,0.0
0.03009,0.3438736898051979,16.296000000000003,4.4336700439453125,131.71649592305883
0.03009,0.3438736898051979,16.296000000000003,4.4336700439453125,0.0
0.0295,0.3854691487895729,17.058,4.99053955078125,151.46094215861572
0.0295,0.3854691487895729,17.058,4.99053955078125,0.0
0.03068,0.541475008164573,17.880000000000003,5.568695068359375,163.77764494919376
0.03068,0.541475008164573,17.880000000000003,5.568695068359375,0.0
0.03422,0.4894730550395729,18.714,6.137237548828125,175.4681253944866
0.03422,0.4894730550395729,18.714,6.137237548828125,0.0
0.0348099999999999,0.4894730550395729,20.058,6.749038696289063,250.98039215686305
0.0348099999999999,0.4998795491801979,20.058,6.749038696289063,0.0
0.0348099999999999,0.541475008164573,21.372,7.424697875976562,264.70588235294287
0.0348099999999999,0.541475008164573,21.372,7.424697875976562,0.0
0.0354,0.687074373398948,22.248,8.131256103515625,182.69030239833208
0.0354,0.687074373398948,22.248,8.131256103515625,0.0
0.0348099999999999,0.697480867539573,23.25,8.837814331054688,199.84044674909936
0.0348099999999999,0.697480867539573,23.25,8.837814331054688,0.0
0.0324499999999999,0.801484773789573,24.06,9.62677001953125,170.4186829370958
0.0324499999999999,0.801484773789573,24.06,9.62677001953125,0.0
0.03068,0.718263338242698,25.05,10.445938110351562,198.5559566786989
0.03068,0.718263338242698,25.05,10.445938110351562,0.0
0.03009,0.843080232773948,25.806,11.295318603515623,150.56761601274823
0.03009,0.843080232773948,25.806,11.295318603515623,0.0
0.0336299999999999,0.874269197617698,26.736,12.126846313476562,188.06875631951547
0.0336299999999999,0.874269197617698,26.736,12.126846313476562,0.0
0.0324499999999999,1.061464021836448,27.846,13.035964965820312,220.5005959475573
0.0324499999999999,1.061464021836448,27.846,13.035964965820312,0.0
0.03186,1.061464021836448,28.908,13.97735595703125,213.8111536138445
0.03186,1.009462068711448,28.908,13.97735595703125,0.0
0.03009,1.144685457383323,29.856,14.92698669433594,188.73183356559835
0.03009,1.144685457383323,29.856,14.92698669433594,0.0
0.0259599999999999,1.279878328477073,30.078,15.928115844726562,44.524669073403686
0.0259599999999999,1.279878328477073,30.078,15.928115844726562,0.0
0.02242,1.363069246445823,29.754,16.931304931640625,-61.02844226784659
0.02242,1.363069246445823,29.754,16.931304931640625,0.0
0.02242,1.498262117539573,29.898000000000003,17.89947509765625,28.904054596549
0.02242,1.498262117539573,29.898000000000003,17.89947509765625,0.0
0.02183,1.560670564805198,29.910000000000004,18.888931274414062,2.237970906378357
0.02183,1.560670564805198,29.910000000000004,18.888931274414062,0.0
0.0206499999999999,1.591890047227073,29.994,19.866714477539062,16.840417000801164
0.0206499999999999,1.591890047227073,29.994,19.866714477539062,0.0
0.0206499999999999,1.727082918320823,29.976000000000003,20.82801818847656,-3.3632286995511578
0.0206499999999999,1.727082918320823,29.976000000000003,20.82801818847656,0.0
0.01652,1.799867342148948,30.234,21.79893493652344,51.73450972528479
0.01652,1.799867342148948,30.234,21.79893493652344,0.0
0.0177,1.799867342148948,29.766,22.7801513671875,-91.800706159282
0.0177,1.924684236680198,29.766,22.7801513671875,0.0
0.01652,1.935090730820823,29.85,23.76548767089844,16.877637130802295
0.01652,1.935090730820823,29.85,23.76548767089844,0.0
0.0200599999999999,2.049470613633323,29.88,24.711685180664062,5.564830272676314
0.0200599999999999,2.049470613633323,29.88,24.711685180664062,0.0
0.01652,2.111879060898948,30.204,25.6915283203125,61.97398622800325
0.01652,2.111879060898948,30.204,25.6915283203125,0.0
0.01652,2.059877107773948,30.162000000000003,26.65145874023437,-7.119850822173066
0.01652,2.059877107773948,30.162000000000003,26.65145874023437,0.0
0.0118,2.288667390977073,29.94,27.66082763671875,-44.258373205742686
0.0118,2.288667390977073,29.94,27.66082763671875,0.0
0.01416,2.236665437852073,29.79,28.642730712890625,-29.791459781528992
0.01416,2.236665437852073,29.79,28.642730712890625,0.0
0.0129799999999999,2.288667390977073,29.976000000000003,29.61982727050781,37.29697212753173
0.0129799999999999,2.288667390977073,29.976000000000003,29.61982727050781,0.0
0.01416,2.288667390977073,29.988,30.62713623046875,2.5225982762237957
0.01416,2.288667390977073,29.988,30.62713623046875,0.0
0.0135699999999999,2.455079744492698,30.072,31.56578063964844,16.291698991466376
0.0135699999999999,2.455079744492698,30.072,31.56578063964844,0.0
0.01121,2.527864168320823,30.42,32.592315673828125,69.58608278344336
0.01121,2.527864168320823,30.42,32.592315673828125,0.0
0.00826,2.777467439805198,30.036,33.58314514160156,-74.13127413127474
0.00826,2.777467439805198,30.036,33.58314514160156,0.0
0.01062,2.631868074570823,29.934,34.558868408203125,-21.04828724721467
0.01062,2.631868074570823,29.934,34.558868408203125,0.0
0.01062,2.850282381211448,29.88,35.53459167480469,-11.385199240986756
0.01062,2.850282381211448,29.88,35.53459167480469,0.0
0.0094399999999999,2.871064851914573,30.228,36.52267456054688,65.54906762102128
0.0094399999999999,2.871064851914573,30.228,36.52267456054688,0.0
0.01062,2.871064851914573,30.102,37.50663757324219,-25.85145670906972
0.01062,2.871064851914573,30.102,37.50663757324219,0.0
0.0059,2.871064851914573,30.198000000000004,38.52561950683594,19.058963668850545
0.0059,3.110292146836448,30.198000000000004,38.52561950683594,0.0
0.00708,2.975068758164573,29.856,39.50958251953125,-71.83364839319496
0.00708,2.975068758164573,29.856,39.50958251953125,0.0
0.0059,3.068666170273948,29.946,40.49766540527344,18.848167539267088
0.0059,3.068666170273948,29.946,40.49766540527344,0.0
0.00767,3.151887605820823,29.988,41.4678955078125,8.410092110532343
0.00767,3.151887605820823,29.988,41.4678955078125,0.0
0.0059,3.183076570664573,30.024,42.44087219238281,7.217321571772538
0.0059,3.183076570664573,30.024,42.44087219238281,0.0
0.00354,3.214265535508323,30.378,43.42689514160156,66.88078594369918
0.00354,3.214265535508323,30.378,43.42689514160156,0.0
0.00177,3.443086336289573,29.982,44.42665100097656,-80.01616488179656
0.00177,3.443086336289573,29.982,44.42665100097656,0.0
0.00295,3.339082430039573,29.82,45.37696838378906,-33.09499489274537
0.00295,3.339082430039573,29.82,45.37696838378906,0.0
0.0047199999999999,3.671876619492698,29.838,46.35612487792969,3.5978412952227776
0.0047199999999999,3.671876619492698,29.838,46.35612487792969,0.0
0.00354,3.619874666367698,30.132000000000005,47.34832763671875,59.20257752718536
0.00354,3.619874666367698,30.132000000000005,47.34832763671875,0.0
0.00531,3.630281160508323,30.048,48.31512451171875,-16.786570743406592
0.00531,3.630281160508323,30.048,48.31512451171875,0.0
0.00177,3.848664949570823,30.336,49.30870056152344,51.53901216893416
0.00177,3.848664949570823,30.336,49.30870056152344,0.0
0.00177,3.588685701523948,29.874,50.3118896484375,-92.56661991584907
0.00177,3.588685701523948,29.874,50.3118896484375,0.0
0.0005899999999999,3.879884431992698,29.892,51.29928588867188,3.725165562914089
0.0005899999999999,3.879884431992698,29.892,51.29928588867188,0.0
0.0023599999999999,3.796662996445823,29.802,52.252349853515625,-17.8748758689179
0.0023599999999999,3.796662996445823,29.802,52.252349853515625,0.0
0.0011799999999999,3.807069490586448,30.024,53.24043273925781,46.3949843260187
0.0011799999999999,3.807069490586448,30.024,53.24043273925781,0.0
0.0005899999999999,3.848664949570823,30.408,54.21546936035156,77.24803862402192
0.0005899999999999,3.848664949570823,30.408,54.21546936035156,0.0
-0.0,3.973481844102073,30.09,55.21728515625,-63.12028582770568
-0.0,3.973481844102073,30.09,55.21728515625,0.0
-0.0,3.973481844102073,29.85,56.190948486328125,-48.99959167007063
-0.0,3.973481844102073,29.85,56.190948486328125,0.0
-0.0,4.160676668320823,29.838,57.139892578125,-2.277039848197479
-0.0,4.160676668320823,29.838,57.139892578125,0.0
-0.0,3.983888338242698,30.27,58.10256958007813,82.82208588956502
-0.0,3.983888338242698,30.27,58.10256958007813,0.0
-0.0,4.264680574570823,29.922,59.07417297363281,-68.11509101585378
-0.0,4.264680574570823,29.922,59.07417297363281,0.0
-0.0,4.181489656602073,30.43200000000001,60.02449035644531,104.85197368420316
-0.0,4.181489656602073,30.43200000000001,60.02449035644531,0.0
-0.0,4.223085115586448,29.94,61.00296020507813,-96.52736904061123
-0.0,4.223085115586448,29.94,61.00296020507813,0.0
-0.0,4.399873445664573,29.922,62.01644897460938,-3.572846367606416
-0.0,4.399873445664573,29.922,62.01644897460938,0.0
0.00177,4.150270174180198,29.82,62.97706604003906,-20.606060606060627
0.00177,4.150270174180198,29.82,62.97706604003906,0.0
-0.0,4.358277986680198,30.12,63.95072937011719,59.38242280284983
-0.0,4.358277986680198,30.12,63.95072937011719,0.0
0.0005899999999999,4.202272127305198,30.246,64.87495422363281,24.64306669274283
0.0005899999999999,4.202272127305198,30.246,64.87495422363281,0.0
-0.0,4.462281892930198,30.372,65.863037109375,24.82269503545976
-0.0,4.462281892930198,30.372,65.863037109375,0.0
-0.0,4.379090974961448,30.066,66.84356689453125,-60.30744974379179
-0.0,4.379090974961448,30.066,66.84356689453125,0.0
-0.0,4.503877351914573,29.766,67.78427124023438,-46.86035613870663
-0.0,4.503877351914573,29.766,67.78427124023438,0.0
-0.0,4.410279939805198,30.282,68.75312805175781,103.7394451146002
-0.0,4.410279939805198,30.282,68.75312805175781,0.0
-0.0,4.545472810898948,29.982,69.73365783691406,-51.15089514066501
-0.0,4.545472810898948,29.982,69.73365783691406,0.0
-0.0,4.441468904648948,30.354,70.68740844726562,74.59394425506534
-0.0,4.441468904648948,30.354,70.68740844726562,0.0
-0.0,4.670289705430198,30.204,71.67755126953125,-28.517110266157992
-0.0,4.670289705430198,30.204,71.67755126953125,0.0
-0.00177,4.535066316758323,30.252,72.63954162597656,9.70285021224943
-0.00177,4.535066316758323,30.252,72.63954162597656,0.0
-0.0,4.535066316758323,29.610000000000003,73.60015869140625,-130.22312373224216
-0.0,4.670289705430198,29.610000000000003,73.60015869140625,0.0
-0.00177,4.670289705430198,29.934,74.58892822265625,64.14571372005047
-0.00177,4.670289705430198,29.934,74.58892822265625,0.0
-0.0023599999999999,4.670289705430198,29.292,75.55229187011719,-118.51578364408324
-0.0023599999999999,4.670289705430198,29.292,75.55229187011719,0.0
-0.0059,4.774263094102073,28.806,76.47514343261719,-97.86548530004865
-0.0059,4.774263094102073,28.806,76.47514343261719,0.0
-0.00354,4.774263094102073,27.636,77.4041748046875,-225.43352601156943
-0.00354,4.670289705430198,27.636,77.4041748046875,0.0
-0.0094399999999999,4.847078035508323,26.616,78.29681396484375,-207.8663134298037
-0.0094399999999999,4.847078035508323,26.616,78.29681396484375,0.0
-0.0047199999999999,4.847078035508323,25.428,79.11048889160156,-218.0616740088145
-0.0047199999999999,4.774263094102073,25.428,79.11048889160156,0.0
-0.00826,4.815889070664573,24.78,79.94407653808594,-132.4611610793159
-0.00826,4.815889070664573,24.78,79.94407653808594,0.0
-0.00885,4.899079988633323,23.478,80.71723937988281,-238.15620998720067
-0.00885,4.899079988633323,23.478,80.71723937988281,0.0
-0.0100299999999999,4.805482576523948,22.722,81.44851684570312,-152.23519935561745
-0.0100299999999999,4.805482576523948,22.722,81.44851684570312,0.0
-0.00885,4.805482576523948,21.666,82.17704772949219,-170.65287653523347
-0.00885,4.805482576523948,21.666,82.17704772949219,0.0
-0.00885,4.649476717148948,20.862,82.83485412597656,-162.09677419354634
-0.00885,4.649476717148948,20.862,82.83485412597656,0.0
-0.0135699999999999,4.722291658555198,20.01,83.5455322265625,-170.5705705705671
-0.0135699999999999,4.722291658555198,20.01,83.5455322265625,0.0
-0.0123899999999999,4.847078035508323,18.444,84.18617248535156,-322.0896750308425
-0.0123899999999999,4.847078035508323,18.444,84.18617248535156,0.0
-0.00767,4.722291658555198,17.448,84.73068237304688,-202.9339853300767
-0.00767,4.722291658555198,17.448,84.73068237304688,0.0
-0.01062,4.670289705430198,16.866,85.30265808105469,-116.12130885873364
-0.01062,4.670289705430198,16.866,85.30265808105469,0.0
-0.0123899999999999,4.774263094102073,15.822,85.84030151367188,-210.4414432574176
-0.0123899999999999,4.774263094102073,15.822,85.84030151367188,0.0
-0.0100299999999999,4.847078035508323,14.808,86.33262634277344,-204.27074939565895
-0.0100299999999999,4.847078035508323,14.808,86.33262634277344,0.0
-0.01652,4.857484529648948,14.268,86.80709838867188,-107.48407643311786
-0.01652,4.857484529648948,14.268,86.80709838867188,0.0
-0.01593,4.899079988633323,13.073999999999998,87.24929809570312,-240.5802941769072
-0.01593,4.899079988633323,13.073999999999998,87.24929809570312,0.0
-0.01475,4.867891023789573,11.664,87.64411926269531,-286.7019113460766
-0.01475,4.867891023789573,11.664,87.64411926269531,0.0
-0.0118,4.867891023789573,10.71,87.99156188964844,-194.09969481180028
-0.0118,4.867891023789573,10.71,87.99156188964844,0.0
-0.01475,4.867891023789573,10.242,88.32595825195312,-94.46911586596453
-0.01475,4.867891023789573,10.242,88.32595825195312,0.0
-0.0177,4.867891023789573,9.294,88.64593505859375,-191.09050594639064
-0.0177,4.867891023789573,9.294,88.64593505859375,0.0
-0.0188799999999999,4.847078035508323,7.979999999999999,88.94050598144531,-265.8304673275386
-0.0188799999999999,4.847078035508323,7.979999999999999,88.94050598144531,0.0
-0.01829,4.847078035508323,6.744,89.1815185546875,-247.05176893864308
-0.01829,4.847078035508323,6.744,89.1815185546875,0.0
-0.01475,4.722291658555198,5.502,89.37789916992188,-235.67362428843012
-0.01475,4.722291658555198,5.502,89.37789916992188,0.0
-0.01593,4.722291658555198,4.83,89.54750061035156,-124.0310077519346
-0.01593,4.815889070664573,4.83,89.54750061035156,0.0
-0.01534,4.847078035508323,3.912,89.681396484375,-183.67346938775304
-0.01534,4.847078035508323,3.912,89.681396484375,0.0
-0.0188799999999999,4.857484529648948,3.348,89.79537963867188,-116.09715932481372
-0.0188799999999999,4.857484529648948,3.348,89.79537963867188,0.0
-0.0177,4.867891023789573,2.094,89.88395690917969,-256.5991405770366
-0.0177,4.867891023789573,2.094,89.88395690917969,0.0
-0.0177,4.857484529648948,1.272,89.93751525878906,-166.2957717985056
-0.0177,4.857484529648948,1.272,89.93751525878906,0.0
-0.01829,4.847078035508323,0.828,89.97116088867188,-89.86035215544068
-0.01829,4.847078035508323,0.828,89.97116088867188,0.0
-0.0188799999999999,4.847078035508323,0.4019999999999999,89.98558044433594,-85.06389776359127
-0.0188799999999999,4.847078035508323,0.4019999999999999,89.98558044433594,0.0
-0.0188799999999999,4.847078035508323,0.246,89.99656677246094,-31.09427944987287
-0.0188799999999999,4.847078035508323,0.246,89.99656677246094,0.0
-0.0188799999999999,4.847078035508323,0.12,90.00137329101562,-25.09460266879025
-0.0188799999999999,4.847078035508323,0.12,90.00137329101562,0.0
-0.0200599999999999,4.847078035508323,0.0479999999999999,90.00480651855469,-14.382740711147092
-0.0200599999999999,4.847078035508323,0.0479999999999999,90.00480651855469,0.0
-0.0206499999999999,4.826265047227073,0.0059999999999999,90.00617980957031,-8.500303582271414
-0.0206499999999999,4.826265047227073,0.0059999999999999,90.00617980957031,0.0
-0.0206499999999999,4.805482576523948,0.0119999999999999,90.00823974609375,1.1928429423457976
-0.0206499999999999,4.805482576523948,0.0119999999999999,90.00823974609375,0.0
-0.0200599999999999,4.805482576523948,-0.0119999999999999,90.0054931640625,-4.807692307692592
-0.0200599999999999,4.826265047227073,-0.0119999999999999,90.0054931640625,0.0
-0.0200599999999999,4.805482576523948,-0.0,90.00686645507812,2.408187838651736
-0.0200599999999999,4.805482576523948,-0.0,90.00686645507812,0.0
-0.0200599999999999,4.847078035508323,0.0059999999999999,90.00755310058594,1.2234910277324935
-0.0200599999999999,4.847078035508323,0.0059999999999999,90.00755310058594,0.0
-0.0200599999999999,4.836671541367698,-0.0059999999999999,90.00823974609375,-2.400960384153807
-0.0200599999999999,4.836671541367698,-0.0059999999999999,90.00823974609375,0.0
-0.0206499999999999,4.847078035508323,0.0119999999999999,90.010986328125,3.619545545947672
-0.0206499999999999,4.847078035508323,0.0119999999999999,90.010986328125,0.0
-0.0206499999999999,4.847078035508323,-0.0,90.00823974609375,-2.4276755007080912
-0.0206499999999999,4.847078035508323,-0.0,90.00823974609375,0.0
-0.0206499999999999,4.826265047227073,0.018,90.00617980957031,3.0586236193712097
-0.0206499999999999,4.826265047227073,0.018,90.00617980957031,0.0
-0.02183,4.857484529648948,0.0119999999999999,90.00686645507812,-1.2065151819828062
-0.02183,4.857484529648948,0.0119999999999999,90.00686645507812,0.0
-0.02183,4.847078035508323,0.018,90.00617980957031,1.158748551564351
-0.02183,4.847078035508323,0.018,90.00617980957031,0.0
-0.02183,4.847078035508323,-0.0119999999999999,90.00823974609375,-6.004803843074172
-0.02183,4.847078035508323,-0.0119999999999999,90.00823974609375,0.0
-0.02183,4.847078035508323,-0.0059999999999999,90.00755310058594,1.2269938650307708
-0.02183,4.847078035508323,-0.0059999999999999,90.00755310058594,0.0
-0.02242,4.847078035508323,-0.0059999999999999,90.00686645507812,0.0
-0.02242,4.847078035508323,-0.0119999999999999,90.01029968261719,-1.2274959083469157
-0.02242,4.847078035508323,-0.0119999999999999,90.01029968261719,0.0
-0.02242,4.847078035508323,-0.0119999999999999,90.00411987304688,0.0
-0.0236,4.847078035508323,0.0119999999999999,90.00892639160156,4.821213338689837
-0.0236,4.847078035508323,0.0119999999999999,90.00892639160156,0.0
-0.03009,4.847078035508323,-0.042,90.00617980957031,-10.75054748158374
-0.03009,4.847078035508323,-0.042,90.00617980957031,0.0
-0.03953,4.847078035508323,-0.09,90.00755310058594,-9.61153384060884
-0.03953,4.847078035508323,-0.09,90.00755310058594,0.0
-0.0519199999999999,4.857484529648948,-0.3419999999999999,90.00137329101562,-49.89111067115503
-0.0519199999999999,4.857484529648948,-0.3419999999999999,90.00137329101562,0.0
-0.07021,4.899079988633323,-0.966,89.98764038085938,-127.21712538226464
-0.07021,4.899079988633323,-0.966,89.98764038085938,0.0
-0.08732,4.899079988633323,-2.586,89.93202209472656,-323.7410071942153
-0.08732,4.899079988633323,-2.586,89.93202209472656,0.0
-0.08319,4.899079988633323,-5.088,89.80499267578125,-506.5802794088529
-0.08319,4.899079988633323,-5.088,89.80499267578125,0.0
-0.08319,4.847078035508323,-7.122000000000001,89.61204528808594,-436.8556701031144
-0.08319,4.847078035508323,-7.122000000000001,89.61204528808594,0.0
-0.08083,4.878267000352073,-8.501999999999999,89.35592651367188,-277.61013880505334
-0.08083,4.878267000352073,-8.501999999999999,89.35592651367188,0.0
-0.0755199999999999,4.805482576523948,-9.132,89.05998229980469,-104.18389283941464
-0.0755199999999999,4.805482576523948,-9.132,89.05998229980469,0.0
-0.07257,4.919862459336448,-9.624,88.74961853027344,-102.64969747549851
-0.07257,4.919862459336448,-9.624,88.74961853027344,0.0
-0.08142,4.899079988633323,-10.122,88.43513488769531,-98.96661367249736
-0.08142,4.899079988633323,-10.122,88.43513488769531,0.0
-0.08791,4.847078035508323,-10.422,88.10623168945312,-60.072086503805394
-0.08791,4.847078035508323,-10.422,88.10623168945312,0.0
-0.0885,4.940675447617698,-11.88,87.75192260742188,-289.9184728574554
-0.0885,4.940675447617698,-11.88,87.75192260742188,0.0
-0.08496,5.075868318711448,-13.188,87.35160827636719,-261.4431341195119
-0.08496,5.075868318711448,-13.188,87.35160827636719,0.0
-0.08319,4.857484529648948,-13.98,86.91696166992188,-158.33666533386094
-0.08319,4.857484529648948,-13.98,86.91696166992188,0.0
-0.08555,4.836671541367698,-14.759999999999998,86.44660949707031,-157.8627808136115
-0.08555,4.836671541367698,-14.759999999999998,86.44660949707031,0.0
-0.0914499999999999,4.940675447617698,-15.888,85.96664428710938,-224.076281287238
-0.0914499999999999,4.940675447617698,-15.888,85.96664428710938,0.0
-0.0914499999999999,4.982270906602073,-17.034,85.42488098144531,-234.5957011259047
-0.0914499999999999,4.982270906602073,-17.034,85.42488098144531,0.0
-0.08555,4.899079988633323,-17.868000000000002,84.8419189453125,-173.7500000000198
-0.08555,4.899079988633323,-17.868000000000002,84.8419189453125,0.0
-0.0825999999999999,4.919862459336448,-18.57,84.27406311035156,-143.206854345153
-0.0825999999999999,4.919862459336448,-18.57,84.27406311035156,0.0
-0.0890899999999999,4.951081941758323,-19.644,83.66981506347656,-215.66265060241955
-0.0890899999999999,4.951081941758323,-19.644,83.66981506347656,0.0
-0.08378,4.961488435898948,-20.454,82.95845031738281,-161.3867304243915
-0.08378,4.961488435898948,-20.454,82.95845031738281,0.0
-0.08614,4.899079988633323,-21.336,82.30476379394531,-176.61193432118702
-0.08614,4.899079988633323,-21.336,82.30476379394531,0.0
-0.09086,4.961488435898948,-22.572,81.617431640625,-248.8924687877333
-0.09086,4.961488435898948,-22.572,81.617431640625,0.0
-0.08614,4.795076082383323,-23.55,80.82023620605469,-185.7902735562179
-0.08614,4.795076082383323,-23.55,80.82023620605469,0.0
-0.09204,5.023866365586448,-24.546,80.07179260253906,-202.60374288036613
-0.09204,5.023866365586448,-24.546,80.07179260253906,0.0
-0.08319,4.847078035508323,-25.506,79.23683166503906,-188.7905604719681
-0.08319,4.847078035508323,-25.506,79.23683166503906,0.0
-0.09558,5.023866365586448,-26.568,78.41629028320312,-213.2530120482032
-0.09558,5.023866365586448,-26.568,78.41629028320312,0.0
-0.09322,4.940675447617698,-27.498,77.50236511230469,-172.7019498607393
-0.09322,4.940675447617698,-27.498,77.50236511230469,0.0
-0.09558,5.034272859727073,-28.11,76.63375854492188,-121.93664076509512
-0.09558,5.034272859727073,-28.11,76.63375854492188,0.0
-0.0926299999999999,4.878267000352073,-29.106,75.70472717285156,-204.0983606557384
-0.0926299999999999,4.878267000352073,-29.106,75.70472717285156,0.0
-0.0867299999999999,4.899079988633323,-29.97,74.73518371582031,-174.89878542508688
-0.0867299999999999,4.899079988633323,-29.97,74.73518371582031,0.0
-0.08791,4.815889070664573,-30.138,73.74298095703125,-34.32774826317874
-0.08791,4.815889070664573,-30.138,73.74298095703125,0.0
-0.0825999999999999,4.847078035508323,-30.294,72.76382446289062,-31.094279449867145
-0.0825999999999999,4.847078035508323,-30.294,72.76382446289062,0.0
-0.08142,4.670289705430198,-29.958,71.74072265625,67.8925035360701
-0.08142,4.670289705430198,-29.958,71.74072265625,0.0
-0.0796499999999999,4.670289705430198,-29.892,70.78010559082031,12.338754907459542
-0.0796499999999999,4.722291658555198,-29.892,70.78010559082031,0.0
-0.08732,4.649476717148948,-29.826,69.81056213378906,13.144791874130345
-0.08732,4.649476717148948,-29.826,69.81056213378906,0.0
-0.08083,4.670289705430198,-30.066,68.83621215820312,-48.95960832313792
-0.08083,4.670289705430198,-30.066,68.83621215820312,0.0
-0.08614,4.545472810898948,-30.186,67.84194946289062,-24.63054187192257
-0.08614,4.545472810898948,-30.186,67.84194946289062,0.0
-0.0778799999999999,4.618287752305198,-30.33,66.87034606933594,-28.46412334453334
-0.0778799999999999,4.618287752305198,-30.33,66.87034606933594,0.0
-0.08614,4.659883211289573,-29.988,65.8740234375,66.29191703818657
-0.08614,4.659883211289573,-29.988,65.8740234375,0.0
-0.0802399999999999,4.535066316758323,-29.922,64.92164611816406,13.010053222943956
-0.0802399999999999,4.535066316758323,-29.922,64.92164611816406,0.0
-0.08378,4.535066316758323,-30.018,63.95759582519532,-18.987341772152934
-0.08378,4.535066316758323,-30.018,63.95759582519532,0.0
-0.08319,4.503877351914573,-30.204,62.98736572265625,-33.75680580762717
-0.08319,4.503877351914573,-30.204,62.98736572265625,0.0
-0.07729,4.451875398789573,-30.15,62.02537536621094,10.776292157253282
-0.07729,4.451875398789573,-30.15,62.02537536621094,0.0
-0.08142,4.379090974961448,-29.976000000000003,61.0125732421875,30.889401739749637
-0.08142,4.379090974961448,-29.976000000000003,61.0125732421875,0.0
-0.0743399999999999,4.379090974961448,-29.964,60.03753662109375,2.405773857258225
-0.0743399999999999,4.379090974961448,-29.964,60.03753662109375,0.0
-0.07847,4.306276033555198,-29.592,59.10095214843751,70.3080703080623
-0.07847,4.306276033555198,-29.592,59.10095214843751,0.0
-0.0825999999999999,4.327089021836448,-30.018,58.138275146484375,-84.92822966506617
-0.0825999999999999,4.327089021836448,-30.018,58.138275146484375,0.0
-0.0755199999999999,4.108674715195823,-30.174000000000003,57.16804504394531,-30.811771676873
-0.0755199999999999,4.108674715195823,-30.174000000000003,57.16804504394531,0.0
-0.0796499999999999,4.202272127305198,-30.288,56.23146057128906,-22.520742789412186
-0.0796499999999999,4.202272127305198,-30.288,56.23146057128906,0.0
-0.07493,4.025483797227073,-30.216,55.20973205566406,14.382740711144356
-0.07493,4.025483797227073,-30.216,55.20973205566406,0.0
-0.0743399999999999,4.077485750352073,-29.916,54.229888916015625,60.0120024004832
-0.0743399999999999,4.077485750352073,-29.916,54.229888916015625,0.0
-0.07906,4.139863680039573,-29.898000000000003,53.26446533203125,3.194888178912898
-0.07906,4.139863680039573,-29.898000000000003,53.26446533203125,0.0
-0.07611,4.004670808945823,-30.126,52.279815673828125,-47.92936724825958
-0.07611,4.004670808945823,-30.126,52.279815673828125,0.0
-0.07906,4.025483797227073,-30.126,51.31095886230469,0.0
-0.0719799999999999,3.848664949570823,-30.306,50.36476135253906,-35.75685339689956
-0.0719799999999999,3.848664949570823,-30.306,50.36476135253906,0.0
-0.07611,3.879884431992698,-30.174000000000003,49.32655334472656,26.634382566585742
-0.07611,3.879884431992698,-30.174000000000003,49.32655334472656,0.0
-0.07021,3.838288973008323,-29.694,48.37623596191406,98.78575838650568
-0.07021,3.838288973008323,-29.694,48.37623596191406,0.0
-0.07257,3.827882478867698,-29.778,47.43415832519531,-17.128874388255117
-0.07257,3.827882478867698,-29.778,47.43415832519531,0.0
-0.0755199999999999,3.807069490586448,-29.886,46.495513916015625,-25.52588040652417
-0.0755199999999999,3.807069490586448,-29.886,46.495513916015625,0.0
-0.07316,3.651063631211448,-30.258,45.53215026855469,-75.01512401693313
-0.07316,3.651063631211448,-30.258,45.53215026855469,0.0
-0.07021,3.547090242539573,-30.156,44.56123352050781,20.210025757875044
-0.07021,3.547090242539573,-30.156,44.56123352050781,0.0
-0.0708,3.567872713242698,-30.132000000000005,43.54774475097656,4.824120603013877
-0.0708,3.567872713242698,-30.132000000000005,43.54774475097656,0.0
-0.0654899999999999,3.287080476914573,-29.874,42.58712768554688,47.77777777777241
-0.0654899999999999,3.287080476914573,-29.874,42.58712768554688,0.0
-0.07139,3.453462312852073,-29.988,41.6546630859375,-22.8961638883288
-0.07139,3.453462312852073,-29.988,41.6546630859375,0.0
-0.0719799999999999,3.328675935898948,-30.198000000000004,40.691986083984375,-42.000000000001776
-0.0719799999999999,3.328675935898948,-30.198000000000004,40.691986083984375,0.0
-0.06844,3.255891512070823,-30.228,39.69841003417969,-5.657175183857203
-0.06844,3.255891512070823,-30.228,39.69841003417969,0.0
-0.07021,3.193483064805198,-30.246,38.73435974121094,-3.5806644121736064
-0.07021,3.193483064805198,-30.246,38.73435974121094,0.0
-0.06431,3.151887605820823,-30.03,37.71743774414063,42.85714285714104
-0.06431,3.151887605820823,-30.03,37.71743774414063,0.0
-0.07139,3.151887605820823,-29.67,36.758880615234375,65.87374199450977
-0.07139,3.151887605820823,-29.67,36.758880615234375,0.0
-0.0654899999999999,3.120668123398948,-29.862,35.75431823730469,-38.9057750759896
-0.0654899999999999,3.120668123398948,-29.862,35.75431823730469,0.0
-0.06903,3.120668123398948,-30.138,34.79713439941406,-50.08165487207223
-0.06903,2.964662264023948,-30.138,34.79713439941406,0.0
-0.0654899999999999,2.943879793320823,-30.108000000000004,33.78227233886719,5.667863215567283
-0.0654899999999999,2.943879793320823,-30.108000000000004,33.78227233886719,0.0
-0.0654899999999999,2.943879793320823,-30.228,32.84156799316406,-21.33333333333544
-0.0654899999999999,2.839875887070823,-30.228,32.84156799316406,0.0
-0.05841,2.642274568711448,-29.952,31.82670593261719,57.07196029776597
-0.05841,2.642274568711448,-29.952,31.82670593261719,0.0
-0.0631299999999999,2.735871980820823,-29.928,30.853729248046875,4.726270185112299
-0.0631299999999999,2.735871980820823,-29.928,30.853729248046875,0.0
-0.06372,2.486268709336448,-29.982,29.89173889160156,-11.228945726762378
-0.06372,2.486268709336448,-29.982,29.89173889160156,0.0
-0.06254,2.538270662461448,-30.156,28.90708923339844,-34.91171749599103
-0.06254,2.538270662461448,-30.156,28.90708923339844,0.0
-0.06018,2.455079744492698,-30.27,27.9217529296875,-22.610075366920075
-0.06018,2.455079744492698,-30.27,27.9217529296875,0.0
-0.05841,2.319886873398948,-30.216,26.931610107421875,10.448916408667866
-0.05841,2.319886873398948,-30.216,26.931610107421875,0.0
-0.05959,2.236665437852073,-29.85,25.9552001953125,71.70846394984011
-0.05959,2.236665437852073,-29.85,25.9552001953125,0.0
-0.05959,2.288667390977073,-29.82,24.95819091796875,6.152584085316777
-0.05959,2.288667390977073,-29.82,24.95819091796875,0.0
-0.05841,2.288667390977073,-30.036,24.02778625488281,-40.39648400972871
-0.05841,2.153474519883323,-30.036,24.02778625488281,0.0
-0.0554599999999999,2.111879060898948,-30.198000000000004,23.02459716796875,-32.84005676059638
-0.0554599999999999,2.111879060898948,-30.198000000000004,23.02459716796875,0.0
-0.059,2.028688142930198,-30.204,22.035140991210938,-1.205787781349792
-0.059,2.028688142930198,-30.204,22.035140991210938,0.0
-0.05015,1.883088777695823,-30.036,21.016159057617188,34.539473684207366
-0.05015,1.883088777695823,-30.036,21.016159057617188,0.0
-0.0542799999999999,1.851869295273948,-29.79,20.0390625,48.58779379813706
-0.0542799999999999,1.851869295273948,-29.79,20.0390625,0.0
-0.0519199999999999,1.654267976914573,-29.832000000000004,19.064712524414062,-8.243375858684802
-0.0519199999999999,1.654267976914573,-29.832000000000004,19.064712524414062,0.0
-0.0560499999999999,1.654267976914573,-30.084000000000003,18.109588623046875,-48.67683986865179
-0.0560499999999999,1.654267976914573,-30.084000000000003,18.109588623046875,0.0
-0.0519199999999999,1.571077058945823,-30.216,17.11395263671875,-25.92810842663392
-0.0519199999999999,1.571077058945823,-30.216,17.11395263671875,0.0
-0.0519199999999999,1.498262117539573,-30.282,16.114883422851562,-13.268998793727672
-0.0519199999999999,1.498262117539573,-30.282,16.114883422851562,0.0
-0.04779,1.352662752305198,-29.922,15.093841552734377,72.3472668810275
-0.04779,1.352662752305198,-29.922,15.093841552734377,0.0
-0.05133,1.269471834336448,-29.862,14.129791259765623,11.682242990656096
-0.05133,1.269471834336448,-29.862,14.129791259765623,0.0
-0.05015,1.238282869492698,-29.874,13.160247802734377,-2.5380710659899086
-0.05015,1.238282869492698,-29.874,13.160247802734377,0.0
-0.0472,1.207063387070823,-30.156,12.207870483398438,-56.83192261185109
-0.0472,1.207063387070823,-30.156,12.207870483398438,0.0
-0.05133,1.082277010117698,-30.042,11.256179809570312,23.137812056019836
-0.05133,1.082277010117698,-30.042,11.256179809570312,0.0
-0.04366,1.061464021836448,-30.216,10.239944458007812,-34.5993239212539
-0.04366,1.061464021836448,-30.216,10.239944458007812,0.0
-0.04484,0.936677644883323,-29.910000000000004,9.263534545898438,61.50753768844229
-0.04484,0.936677644883323,-29.910000000000004,9.263534545898438,0.0
-0.04425,0.801484773789573,-29.916,8.283004760742188,-1.2021638950106823
-0.04425,0.801484773789573,-29.916,8.283004760742188,0.0
-0.04897,0.718263338242698,-29.988,7.312088012695312,-14.466546112120058
-0.04897,0.718263338242698,-29.988,7.312088012695312,0.0
-0.04366,0.666291902695823,-30.162000000000003,6.3397979736328125,-34.8139255702252
-0.04366,0.666291902695823,-30.162000000000003,6.3397979736328125,0.0
-0.04484,0.645478914414573,-30.258,5.3812408447265625,-19.85522233712473
-0.04484,0.645478914414573,-30.258,5.3812408447265625,0.0
-0.04248,0.4478775960551979,-30.132000000000005,4.384918212890625,25.74055158324068
-0.04248,0.4478775960551979,-30.132000000000005,4.384918212890625,0.0
-0.03835,0.3958756429301979,-29.934,3.3885955810546875,39.79099678455888
-0.03835,0.3958756429301979,-29.934,3.3885955810546875,0.0
-0.04307,0.3126847249614479,-29.892,2.44171142578125,8.555713994704613
-0.04307,0.3126847249614479,-29.892,2.44171142578125,0.0
-0.0412999999999999,0.3126847249614479,-30.078,1.49688720703125,-37.22978382705998
-0.0412999999999999,0.3126847249614479,-30.078,1.49688720703125,0.0
-0.03953,0.1878678304301979,-30.036,0.516357421875,8.411776487080358
-0.03953,0.1878678304301979,-30.036,0.516357421875,0.0
-0.0389399999999999,0.1358658773051979,-30.414,-0.454559326171875,-79.2951541850337
-0.0389399999999999,0.1358658773051979,-30.414,-0.454559326171875,0.0
-0.03658,0.0942704183208229,-30.126,-1.45843505859375,57.55395683453744
-0.03658,0.0942704183208229,-30.126,-1.45843505859375,0.0
-0.03835,0.0942704183208229,-29.97,-2.437591552734375,27.962000358483152
-0.03835,0.0214859944926979,-29.97,-2.437591552734375,0.0
-0.03658,-0.155332853163552,-29.892,-3.358383178710937,14.653390944958888
-0.03658,-0.155332853163552,-29.892,-3.358383178710937,0.0
-0.0359899999999999,-0.155332853163552,-30.156,-4.3505859375,-50.09487666032985
-0.0359899999999999,-0.186521818007302,-30.156,-4.3505859375,0.0
-0.0336299999999999,-0.290525724257302,-30.156,-5.354461669921875,0.0
-0.0324499999999999,-0.384123136366677,-30.162000000000003,-6.3191986083984375,-1.3590033975088538
-0.0324499999999999,-0.384123136366677,-30.162000000000003,-6.3191986083984375,0.0
-0.03009,-0.456938077772927,-29.910000000000004,-7.321701049804687,50.53138159214083
-0.03009,-0.456938077772927,-29.910000000000004,-7.321701049804687,0.0
-0.03068,-0.456938077772927,-29.778,-8.2781982421875,25.92810842664436
-0.03068,-0.550535489882302,-29.778,-8.2781982421875,0.0
-0.0359899999999999,-0.644132901991677,-29.874,-9.2340087890625,-19.28098011648729
-0.0359899999999999,-0.644132901991677,-29.874,-9.2340087890625,0.0
-0.03127,-0.758512784804177,-29.916,-10.21728515625,-8.503745697509512
-0.03127,-0.758512784804177,-29.916,-10.21728515625,0.0
-0.0324499999999999,-0.904112150038552,-30.258,-11.153182983398438,-67.61565836298898
-0.0324499999999999,-0.904112150038552,-30.258,-11.153182983398438,0.0
-0.03127,-0.893736173476052,-30.198000000000004,-12.15087890625,12.07486415777509
-0.03127,-0.893736173476052,-30.198000000000004,-12.15087890625,0.0
-0.0271399999999999,-1.080930997694802,-30.21,-13.141021728515623,-2.3068050749703057
-0.0271399999999999,-1.080930997694802,-30.21,-13.141021728515623,0.0
-0.03009,-1.028929044569802,-29.97,-14.109878540039062,51.35887010485404
-0.03009,-1.028929044569802,-29.97,-14.109878540039062,0.0
-0.0277299999999999,-1.091337491835427,-30.162000000000003,-15.10414123535156,-37.54399687132897
-0.0277299999999999,-1.091337491835427,-30.162000000000003,-15.10414123535156,0.0
-0.0295,-1.091337491835427,-30.12,-16.061325073242188,8.420208500402794
-0.0295,-1.205717374647927,-30.12,-16.061325073242188,0.0
-0.0259599999999999,-1.268125821913552,-30.21,-17.013015747070312,-18.11229623666407
-0.0259599999999999,-1.268125821913552,-30.21,-17.013015747070312,0.0
-0.0259599999999999,-1.372129728163552,-30.198000000000004,-17.982559204101562,2.3738872403552467
-0.0259599999999999,-1.372129728163552,-30.198000000000004,-17.982559204101562,0.0
-0.02242,-1.600920011366677,-30.102,-18.994674682617188,19.347037484882744
-0.02242,-1.600920011366677,-30.102,-18.994674682617188,0.0
-0.0253699999999999,-1.548918058241677,-29.97,-19.96009826660156,23.50845948352405
-0.0253699999999999,-1.548918058241677,-29.97,-19.96009826660156,0.0
-0.02301,-1.715330411757302,-30.108000000000004,-20.910415649414062,-27.149321266964886
-0.02301,-1.715330411757302,-30.108000000000004,-20.910415649414062,0.0
-0.02242,-1.600920011366677,-30.252,-21.91841125488281,-28.70813397129389
-0.02242,-1.600920011366677,-30.252,-21.91841125488281,0.0
-0.0236,-1.892118741835427,-30.234,-22.907867431640625,3.61300682456784
-0.0236,-1.892118741835427,-30.234,-22.907867431640625,0.0
-0.0177,-1.985716153944802,-30.354,-23.867111206054688,-24.390243902437227
-0.0177,-1.985716153944802,-30.354,-23.867111206054688,0.0
-0.0200599999999999,-2.048124601210427,-29.964,-24.855880737304688,77.61194029851012
-0.0200599999999999,-2.048124601210427,-29.964,-24.855880737304688,0.0
-0.0177,-2.068937589491677,-30.312,-25.835037231445312,-69.17113893857204
-0.0177,-2.068937589491677,-30.312,-25.835037231445312,0.0
-0.0206499999999999,-2.131315519179177,-30.036,-26.795654296875,55.28846153846523
-0.0206499999999999,-2.131315519179177,-30.036,-26.795654296875,0.0
-0.01593,-2.100126554335427,-30.21,-27.752838134765625,-34.72360806226531
-0.01593,-2.100126554335427,-30.21,-27.752838134765625,0.0
-0.01829,-2.245725919569802,-30.204,-28.779373168945312,1.2079726192871936
-0.01829,-2.245725919569802,-30.204,-28.779373168945312,0.0
-0.01416,-2.391325284804177,-30.168,-29.77157592773437,7.288924883579581
-0.01416,-2.391325284804177,-30.168,-29.77157592773437,0.0
-0.01475,-2.401731778944802,-29.832000000000004,-30.701980590820312,67.10605152787211
-0.01475,-2.401731778944802,-29.832000000000004,-30.701980590820312,0.0
-0.01416,-2.630522062147927,-30.024,-31.68731689453125,-37.339556592756885
-0.01416,-2.630522062147927,-30.024,-31.68731689453125,0.0
-0.01534,-2.464109708632302,-30.228,-32.67059326171875,-40.7673860911163
-0.01534,-2.464109708632302,-30.228,-32.67059326171875,0.0
-0.01416,-2.651335050429177,-30.222,-33.63189697265625,1.1918951132300324
-0.01416,-2.651335050429177,-30.222,-33.63189697265625,0.0
-0.0118,-2.765714933241677,-30.372,-34.608306884765625,-29.25687536571134
-0.0118,-2.765714933241677,-30.372,-34.608306884765625,0.0
-0.01062,-2.890531827772927,-30.12,-35.61012268066406,49.47967798939254
-0.01062,-2.890531827772927,-30.12,-35.61012268066406,0.0
-0.0100299999999999,-2.973722745741677,-30.312,-36.54945373535156,-38.24701195219108
-0.0100299999999999,-2.973722745741677,-30.312,-36.54945373535156,0.0
-0.0118,-2.973722745741677,-29.964,-37.50801086425781,60.78602620087401
-0.0118,-2.973722745741677,-29.964,-37.50801086425781,0.0
-0.0094399999999999,-3.119322110976052,-30.276,-38.47206115722656,-59.5306239267337
-0.0094399999999999,-3.119322110976052,-30.276,-38.47206115722656,0.0
-0.0123899999999999,-3.077726651991677,-30.078,-39.42924499511719,34.500784108728844
-0.0123899999999999,-3.077726651991677,-30.078,-39.42924499511719,0.0
-0.00826,-3.119322110976052,-30.51,-40.42213439941406,-85.85055643879343
-0.00826,-3.119322110976052,-30.51,-40.42213439941406,0.0
-0.0064899999999999,-3.119322110976052,-30.03,-41.41365051269531,92.18359900133724
-0.0064899999999999,-3.119322110976052,-30.03,-41.41365051269531,0.0
-0.00826,-3.285734464491677,-30.09,-42.39830017089844,-12.09921355112016
-0.00826,-3.285734464491677,-30.09,-42.39830017089844,0.0
-0.0094399999999999,-3.337736417616677,-30.222,-43.35479736328125,-29.010989010988983
-0.0094399999999999,-3.337736417616677,-30.222,-43.35479736328125,0.0
-0.00531,-3.514524747694802,-30.198000000000004,-44.35455322265625,4.457652303120371
-0.00531,-3.514524747694802,-30.198000000000004,-44.35455322265625,0.0
-0.00767,-3.483335782851052,-30.294,-45.2801513671875,-20.11313639220485
-0.00767,-3.483335782851052,-30.294,-45.2801513671875,0.0
-0.0059,-3.535337735976052,-30.258,-46.28334045410156,7.224563515955542
-0.0059,-3.535337735976052,-30.258,-46.28334045410156,0.0
-0.00354,-3.514524747694802,-30.402,-47.25357055664063,-29.008863819504864
-0.00354,-3.514524747694802,-30.402,-47.25357055664063,0.0
-0.0047199999999999,-3.639311124647927,-30.18,-48.2080078125,44.86661277283216
-0.0047199999999999,-3.639311124647927,-30.18,-48.2080078125,0.0
-0.0023599999999999,-3.691313077772927,-30.498000000000005,-49.19471740722656,-55.86788475051237
-0.0023599999999999,-3.691313077772927,-30.498000000000005,-49.19471740722656,0.0
-0.00354,-3.826536466444802,-29.982,-50.181427001953125,101.25588697017396
-0.00354,-3.826536466444802,-29.982,-50.181427001953125,0.0
-0.0023599999999999,-3.888914396132302,-30.438,-51.14753723144531,-88.87156499706886
-0.0023599999999999,-3.888914396132302,-30.438,-51.14753723144531,0.0
-0.0023599999999999,-3.961729337538552,-30.012,-52.11296081542969,84.55736403336323
-0.0023599999999999,-3.961729337538552,-30.012,-52.11296081542969,0.0
-0.0005899999999999,-3.961729337538552,-30.21,-53.11134338378906,-37.22504230118399
-0.0005899999999999,-3.992918302382302,-30.21,-53.11134338378906,0.0
-0.00354,-3.992918302382302,-30.318,-54.05479431152344,-21.415823914341917
-0.00354,-3.992918302382302,-30.318,-54.05479431152344,0.0
-0.0,-3.992918302382302,-30.234,-55.06828308105469,15.70386988221881
-0.0,-4.200926114882302,-30.234,-55.06828308105469,0.0
-0.00177,-4.034513761366677,-30.276,-56.0357666015625,-8.131655372700706
-0.00177,-4.034513761366677,-30.276,-56.0357666015625,0.0
-0.0005899999999999,-4.034513761366677,-30.378,-57.00874328613281,-19.763611703161025
-0.0005899999999999,-4.408933927382302,-30.378,-57.00874328613281,0.0
-0.0,-4.180113126601052,-30.468,-57.98446655273437,-17.825311942960255
-0.0,-4.180113126601052,-30.468,-57.98446655273437,0.0
-0.0005899999999999,-4.180113126601052,-30.102,-58.93615722656251,70.33051498845852
-0.0005899999999999,-4.325712491835427,-30.102,-58.93615722656251,0.0
-0.0,-4.346525480116677,-30.534,-59.94003295898437,-86.53846153846709
-0.0,-4.346525480116677,-30.534,-59.94003295898437,0.0
-0.0,-4.346525480116677,-30.018,-60.92674255371094,87.93456032720495
-0.0,-4.346525480116677,-30.018,-60.92674255371094,0.0
-0.0,-4.606535245741677,-30.42,-61.89216613769531,-77.75628626692965
-0.0,-4.606535245741677,-30.42,-61.89216613769531,0.0
-0.0005899999999999,-4.440122892226052,-30.204,-62.87338256835938,47.01784936873312
-0.0005899999999999,-4.440122892226052,-30.204,-62.87338256835938,0.0
0.0005899999999999,-4.637724210585427,-30.384,-63.83537292480469,-35.328753680085654
0.0005899999999999,-4.637724210585427,-30.384,-63.83537292480469,0.0
-0.00295,-4.512937833632302,-30.228,-64.77607727050781,27.689030883924715
-0.00295,-4.512937833632302,-30.228,-64.77607727050781,0.0
0.0005899999999999,-4.533720304335427,-30.402,-65.77102661132812,-34.7305389221528
0.0005899999999999,-4.533720304335427,-30.402,-65.77102661132812,0.0
-0.0,-4.564909269179177,-30.33,-66.74949645996094,14.30842607313271
-0.0,-4.564909269179177,-30.33,-66.74949645996094,0.0
-0.0,-4.814512540663552,-30.258,-67.69500732421875,13.46297681376279
-0.0,-4.814512540663552,-30.258,-67.69500732421875,0.0
-0.0,-4.544126798476052,-30.618,-68.65493774414062,-65.35947712417419
-0.0,-4.544126798476052,-30.618,-68.65493774414062,0.0
-0.0,-4.856107999647927,-30.162000000000003,-69.65194702148438,92.28901032178652
-0.0,-4.856107999647927,-30.162000000000003,-69.65194702148438,0.0
-0.0,-4.658537198866677,-30.72,-70.64140319824219,-113.92405063289354
-0.0,-4.658537198866677,-30.72,-70.64140319824219,0.0
-0.0,-4.772917081679177,-30.138,-71.61300659179688,117.64705882353856
-0.0,-4.772917081679177,-30.138,-71.61300659179688,0.0
0.0011799999999999,-4.772917081679177,-30.341999999999995,-72.61619567871094,-40.11010617380629
0.0011799999999999,-4.949735929335427,-30.341999999999995,-72.61619567871094,0.0
-0.0,-4.762510587538552,-29.994,-73.52874755859375,70.03421211512529
-0.0,-4.762510587538552,-29.994,-73.52874755859375,0.0
0.00295,-5.043333341444802,-30.426,-74.5147705078125,-84.4905143751269
0.00295,-5.043333341444802,-30.426,-74.5147705078125,0.0
0.0005899999999999,-4.824919034804177,-29.592,-75.47950744628906,165.97014925367804
0.0005899999999999,-4.824919034804177,-29.592,-75.47950744628906,0.0
0.0047199999999999,-4.824919034804177,-28.962,-76.41471862792969,127.04174228671867
0.0047199999999999,-4.991331388319802,-28.962,-76.41471862792969,0.0
0.00413,-4.960111905897927,-27.78,-77.33482360839844,226.91495488582189
0.00413,-4.960111905897927,-27.78,-77.33482360839844,0.0
0.0100299999999999,-5.032926847304177,-26.922,-78.22608947753906,153.48837209302988
0.0100299999999999,-5.032926847304177,-26.922,-78.22608947753906,0.0
0.0047199999999999,-5.032926847304177,-25.716,-79.05693054199219,241.20000000004788
0.0047199999999999,-5.032926847304177,-25.716,-79.05693054199219,0.0
0.00767,-5.032926847304177,-25.056,-79.881591796875,118.08910359637676
0.00767,-5.084928800429177,-25.056,-79.881591796875,0.0
0.00767,-5.032926847304177,-23.688,-80.64445495605469,275.7508566821337
0.00767,-5.032926847304177,-23.688,-80.64445495605469,0.0
0.00885,-5.032926847304177,-23.232,-81.41075134277344,80.56537102472544
0.00885,-5.032926847304177,-23.232,-81.41075134277344,0.0
0.00885,-5.032926847304177,-21.894,-82.13104248046875,266.64009565565345
0.00885,-5.032926847304177,-21.894,-82.13104248046875,0.0
0.0100299999999999,-5.032926847304177,-21.096,-82.81974792480469,152.17391304344494
0.0100299999999999,-5.032926847304177,-21.096,-82.81974792480469,0.0
0.01475,-5.136930753554177,-19.908,-83.49746704101562,238.02845121216205
0.01475,-5.136930753554177,-19.908,-83.49746704101562,0.0
0.00885,-5.084928800429177,-18.528,-84.08454895019531,276.4423076922285
0.00885,-5.084928800429177,-18.528,-84.08454895019531,0.0
0.0094399999999999,-5.043333341444802,-18.144,-84.67437744140625,76.50926479379899
0.0094399999999999,-5.043333341444802,-18.144,-84.67437744140625,0.0
0.01416,-5.126524259413552,-17.310000000000002,-85.24909973144531,160.41546451242746
0.01416,-5.126524259413552,-17.310000000000002,-85.24909973144531,0.0
0.0100299999999999,-5.084928800429177,-15.971999999999998,-85.75996398925781,267.92150580697233
0.0100299999999999,-5.084928800429177,-15.971999999999998,-85.75996398925781,0.0
0.0118,-5.084928800429177,-15.18,-86.26396179199219,141.9100519620291
0.0118,-5.084928800429177,-15.18,-86.26396179199219,0.0
0.01593,-5.032926847304177,-14.466,-86.73980712890625,143.02884615385588
0.01593,-5.032926847304177,-14.466,-86.73980712890625,0.0
0.01593,-5.032926847304177,-13.002,-87.19917297363281,267.88655077762974
0.01593,-5.032926847304177,-13.002,-87.19917297363281,0.0
0.0129799999999999,-5.012113859022927,-11.904,-87.57545471191406,205.4640718563211
0.0129799999999999,-5.012113859022927,-11.904,-87.57545471191406,0.0
0.01475,-4.991331388319802,-11.255999999999998,-87.94281005859375,130.88264996969943
0.01475,-4.991331388319802,-11.255999999999998,-87.94281005859375,0.0
0.0200599999999999,-5.032926847304177,-10.53,-88.30604553222656,145.6369107322089
0.0200599999999999,-5.032926847304177,-10.53,-88.30604553222656,0.0
0.02242,-5.178526212538552,-9.114,-88.63975524902344,283.4834834834281
0.02242,-5.178526212538552,-9.114,-88.63975524902344,0.0
0.01593,-5.168119718397927,-7.782000000000001,-88.91578674316406,270.89688834651275
0.01593,-5.168119718397927,-7.782000000000001,-88.91578674316406,0.0
0.0135699999999999,-5.136930753554177,-6.45,-89.14649963378906,267.6848874598501
0.0135699999999999,-5.136930753554177,-6.45,-89.14649963378906,0.0
0.0135699999999999,-5.032926847304177,-5.814,-89.33052062988281,125.29550827421328
0.0135699999999999,-5.032926847304177,-5.814,-89.33052062988281,0.0
0.0129799999999999,-5.084928800429177,-5.256,-89.49874877929688,109.71293747541476
0.0129799999999999,-5.084928800429177,-5.256,-89.49874877929688,0.0
0.0177,-5.053709318007302,-4.794,-89.65805053710938,93.18273497377535
0.0177,-5.053709318007302,-4.794,-89.65805053710938,0.0
0.0188799999999999,-5.084928800429177,-3.738,-89.78782653808594,209.15032679740057
0.0188799999999999,-5.084928800429177,-3.738,-89.78782653808594,0.0
0.0277299999999999,-5.105711271132302,-3.246,-89.8956298828125,98.5182218662406
0.0277299999999999,-5.105711271132302,-3.246,-89.8956298828125,0.0
0.0236,-5.209715177382302,-1.35,-89.97047424316406,359.2950540079909
0.0236,-5.209715177382302,-1.35,-89.97047424316406,0.0
0.0236,-5.136930753554177,-0.414,-89.99862670898438,196.7213114754541
0.0236,-5.136930753554177,-0.414,-89.99862670898438,0.0
0.02183,-5.074522306288552,-0.072,-90.00274658203125,61.47761998920971
0.02183,-5.074522306288552,-0.072,-90.00274658203125,0.0
0.02124,-5.084928800429177,0.0059999999999999,-90.00411987304688,15.668943350744875
0.02124,-5.084928800429177,0.0059999999999999,-90.00411987304688,0.0
0.02183,-5.084928800429177,-0.0059999999999999,-90.00274658203125,-2.365464222353031
0.02183,-5.084928800429177,-0.0059999999999999,-90.00274658203125,0.0
0.02242,-4.949735929335427,0.0059999999999999,-90.0054931640625,2.3474178403753414
0.02242,-4.949735929335427,0.0059999999999999,-90.0054931640625,0.0
0.02183,-5.084928800429177,-0.0,-90.00205993652344,-1.1790135586559285
0.02183,-5.084928800429177,-0.0,-90.00205993652344,0.0
0.02242,-5.053709318007302,-0.03,-90.00617980957031,-5.871990604816018
0.02242,-5.053709318007302,-0.03,-90.00617980957031,0.0
0.02242,-5.084928800429177,-0.0059999999999999,-90.00411987304688,4.881025015254266
0.02242,-5.084928800429177,-0.0059999999999999,-90.00411987304688,0.0
0.02242,-5.032926847304177,0.018,-90.00411987304688,4.869141813754686
0.02242,-5.032926847304177,0.018,-90.00411987304688,0.0
0.0236,-4.991331388319802,-0.0,-90.00617980957031,-3.615183771842654
0.0236,-4.991331388319802,-0.0,-90.00617980957031,0.0
0.0241899999999999,-5.084928800429177,0.0119999999999999,-90.00343322753906,2.3547880690737686
0.0241899999999999,-5.084928800429177,0.0119999999999999,-90.00343322753906,0.0
0.0247799999999999,-5.084928800429177,0.0059999999999999,-90.00343322753906,-1.206515181982786
0.0247799999999999,-5.084928800429177,0.0059999999999999,-90.00343322753906,0.0
0.0253699999999999,-5.084928800429177,-0.018,-90.00411987304688,-4.524886877827488
0.0253699999999999,-5.084928800429177,-0.018,-90.00411987304688,0.0
0.0236,-5.084928800429177,-0.0059999999999999,-90.00480651855469,2.414972831556096
0.0236,-5.084928800429177,-0.0059999999999999,-90.00480651855469,0.0
0.0247799999999999,-5.084928800429177,0.0119999999999999,-90.00411987304688,3.582089552238884
0.0247799999999999,-5.084928800429177,0.0119999999999999,-90.00411987304688,0.0
0.0247799999999999,-5.084928800429177,-0.0059999999999999,-90.0054931640625,-3.249684058494952
0.0247799999999999,-5.084928800429177,-0.0059999999999999,-90.0054931640625,0.0
0.02301,-5.084928800429177,-0.0059999999999999,-90.0054931640625,0.0
0.0241899999999999,-5.084928800429177,0.0119999999999999,-90.00480651855469,3.589948145192729
0.0241899999999999,-5.084928800429177,0.0119999999999999,-90.00480651855469,0.0
0.0259599999999999,-5.074522306288552,0.0119999999999999,-90.00617980957031,0.0
0.02891,-5.084928800429177,0.0059999999999999,-90.00617980957031,-1.202645820805741
0.02891,-5.084928800429177,0.0059999999999999,-90.00617980957031,0.0
0.0371699999999999,-5.012113859022927,0.054,-90.00617980957031,9.527590313618449
0.0371699999999999,-5.012113859022927,0.054,-90.00617980957031,0.0
0.0483799999999999,-5.084928800429177,0.294,-89.99931335449219,44.41976679622941
0.0483799999999999,-5.084928800429177,0.294,-89.99931335449219,0.0
0.06667,-5.084928800429177,0.648,-89.99038696289062,69.35736677116897
0.06667,-5.084928800429177,0.648,-89.99038696289062,0.0
0.07906,-5.084928800429177,2.55,-89.94369506835938,377.0816812052727
0.07906,-5.084928800429177,2.55,-89.94369506835938,0.0
0.0825999999999999,-5.084928800429177,3.786,-89.84413146972656,240.13988731303877
0.0825999999999999,-5.084928800429177,3.786,-89.84413146972656,0.0
0.0843699999999999,-5.209715177382302,6.3,-89.68345642089844,493.0378505589794
0.0843699999999999,-5.209715177382302,6.3,-89.68345642089844,0.0
0.0843699999999999,-5.095335294569802,7.998,-89.45274353027344,360.7393244104683
0.0843699999999999,-5.095335294569802,7.998,-89.45274353027344,0.0
0.0802399999999999,-5.126524259413552,9.312,-89.18083190917969,246.85327822653448
0.0802399999999999,-5.126524259413552,9.312,-89.18083190917969,0.0
0.08142,-5.136930753554177,10.014,-88.868408203125,149.80793854029133
0.08142,-5.136930753554177,10.014,-88.868408203125,0.0
0.0796499999999999,-5.105711271132302,10.272,-88.53263854980469,50.26300409116787
0.0796499999999999,-5.105711271132302,10.272,-88.53263854980469,0.0
0.07847,-5.074522306288552,10.53,-88.18656921386719,50.106816857647885
0.07847,-5.074522306288552,10.53,-88.18656921386719,0.0
0.08319,-5.084928800429177,11.124,-87.83157348632812,112.9492298916024
0.08319,-5.084928800429177,11.124,-87.83157348632812,0.0
0.0890899999999999,-5.105711271132302,12.522,-87.44911193847656,277.65640516388294
0.0890899999999999,-5.105711271132302,12.522,-87.44911193847656,0.0
0.08378,-5.105711271132302,13.944,-87.02201843261719,261.01321585905714
0.08378,-5.084928800429177,13.944,-87.02201843261719,0.0
0.08791,-5.032926847304177,14.861999999999998,-86.55166625976562,175.1574127075038
0.08791,-5.032926847304177,14.861999999999998,-86.55166625976562,0.0
0.0820099999999999,-5.032926847304177,15.57,-86.07101440429688,128.610354223447
0.0820099999999999,-5.084928800429177,15.57,-86.07101440429688,0.0
0.08378,-5.105711271132302,16.782,-85.53611755371094,238.30121903262133
0.08378,-5.105711271132302,16.782,-85.53611755371094,0.0
0.0867299999999999,-5.043333341444802,17.916000000000004,-84.96070861816406,234.05572755411657
0.0867299999999999,-5.043333341444802,17.916000000000004,-84.96070861816406,0.0
0.08791,-5.012113859022927,18.444,-84.36744689941406,106.77451971686128
0.08791,-5.012113859022927,18.444,-84.36744689941406,0.0
0.08378,-5.084928800429177,19.416,-83.78791809082031,194.08945686900503
0.08378,-5.084928800429177,19.416,-83.78791809082031,0.0
0.08732,-5.084928800429177,20.682,-83.14041137695312,244.82691935800835
0.08732,-5.084928800429177,20.682,-83.14041137695312,0.0
0.0914499999999999,-5.084928800429177,21.414,-82.43934631347656,144.26487977925413
0.0914499999999999,-5.084928800429177,21.414,-82.43934631347656,0.0
0.0902699999999999,-5.209715177382302,22.494,-81.72523498535156,208.0523983818165
0.0902699999999999,-5.209715177382302,22.494,-81.72523498535156,0.0
0.08791,-5.012113859022927,23.526,-80.99052429199219,214.06347230858225
0.08791,-5.012113859022927,23.526,-80.99052429199219,0.0
0.08614,-5.012113859022927,24.288,-80.22079467773438,150.20697811947264
0.08614,-5.032926847304177,24.288,-80.22079467773438,0.0
0.09322,-5.084928800429177,25.554,-79.40299987792969,255.60266505146143
0.09322,-5.084928800429177,25.554,-79.40299987792969,0.0
0.08614,-4.928922941054177,26.508,-78.59619140625,200.54656295986237
0.08614,-4.928922941054177,26.508,-78.59619140625,0.0
0.08614,-5.032926847304177,27.726,-77.72071838378906,238.3561643835537
0.08614,-5.032926847304177,27.726,-77.72071838378906,0.0
0.08555,-4.876920987929177,28.326,-76.81297302246094,121.43290831818518
0.08555,-4.876920987929177,28.326,-76.81297302246094,0.0
0.0926299999999999,-5.095335294569802,29.148,-75.87364196777344,163.22478157266087
0.0926299999999999,-5.095335294569802,29.148,-75.87364196777344,0.0
0.08732,-5.095335294569802,29.97,-74.93911743164062,145.82224587546258
0.08732,-4.856107999647927,29.97,-74.93911743164062,0.0
0.0843699999999999,-5.032926847304177,30.402,-73.93112182617188,80.59701492537974
0.0843699999999999,-5.032926847304177,30.402,-73.93112182617188,0.0
0.08614,-4.908109952772927,30.294,-72.99247741699219,-21.411578112609885
0.08614,-4.908109952772927,30.294,-72.99247741699219,0.0
0.08083,-4.720915128554177,30.456,-72.01744079589844,31.984205330700085
0.08083,-4.720915128554177,30.456,-72.01744079589844,0.0
0.0796499999999999,-5.012113859022927,30.288,-71.004638671875,-33.45947022504761
0.0796499999999999,-5.012113859022927,30.288,-71.004638671875,0.0
0.0843699999999999,-4.648130704726052,30.078,-70.00694274902344,-41.65840111088843
0.0843699999999999,-4.648130704726052,30.078,-70.00694274902344,0.0
0.0825999999999999,-4.866514493788552,30.18,-69.08203125,20.142180094790493
0.0825999999999999,-4.866514493788552,30.18,-69.08203125,0.0
0.0767,-4.783323575819802,30.15,-68.11042785644531,-5.945303210463834
0.0767,-4.783323575819802,30.15,-68.11042785644531,0.0
0.08319,-4.783323575819802,30.48,-67.13676452636719,61.33828996281871
0.08319,-4.710508634413552,30.48,-67.13676452636719,0.0
0.07847,-4.523313810194802,30.318,-66.15966796875,-32.13648085697075
0.07847,-4.523313810194802,30.318,-66.15966796875,0.0
0.0825999999999999,-4.689726163710427,30.39,-65.18875122070312,14.452027298273498
0.0825999999999999,-4.689726163710427,30.39,-65.18875122070312,0.0
0.07611,-4.564909269179177,30.246,-64.22538757324219,-28.571428571433103
0.07611,-4.564909269179177,30.246,-64.22538757324219,0.0
0.0802399999999999,-4.689726163710427,30.39,-63.25584411621095,29.88792029887829
0.0802399999999999,-4.689726163710427,30.39,-63.25584411621095,0.0
0.0743399999999999,-4.523313810194802,30.27,-62.26844787597656,-24.549918166942977
0.0743399999999999,-4.523313810194802,30.27,-62.26844787597656,0.0
0.0825999999999999,-4.429716398085427,30.228,-61.30508422851562,-8.321775312067246
0.0825999999999999,-4.429716398085427,30.228,-61.30508422851562,0.0
0.0767,-4.450529386366677,30.462000000000003,-60.343780517578125,47.0351758793978
0.0767,-4.450529386366677,30.462000000000003,-60.343780517578125,0.0
0.0755199999999999,-4.450529386366677,30.312,-59.35638427734374,-30.838815789477067
0.0755199999999999,-4.180113126601052,30.312,-59.35638427734374,0.0
0.0796499999999999,-4.554533292616677,30.192,-58.4088134765625,-24.024024024028098
0.0796499999999999,-4.554533292616677,30.192,-58.4088134765625,0.0
0.07729,-4.377714444960427,30.186,-57.408370971679695,-1.195695496213737
0.07729,-4.377714444960427,30.186,-57.408370971679695,0.0
0.07906,-4.336118985976052,30.43200000000001,-56.44569396972656,50.06105006105788
0.07906,-4.336118985976052,30.43200000000001,-56.44569396972656,0.0
0.07316,-4.190519620741677,30.21,-55.501556396484375,-45.77319587627972
0.07316,-4.190519620741677,30.21,-55.501556396484375,0.0
0.08083,-4.159330655897927,30.486,-54.53819274902344,56.836902800656674
0.08083,-4.159330655897927,30.486,-54.53819274902344,0.0
0.07139,-4.096922208632302,30.258,-53.53431701660156,-42.83298891601999
0.07139,-4.096922208632302,30.258,-53.53431701660156,0.0
0.07493,-4.034513761366677,30.456,-52.5970458984375,38.64922896740711
0.07493,-4.034513761366677,30.456,-52.5970458984375,0.0
0.07139,-3.992918302382302,30.216,-51.576690673828125,-47.39336492890173
0.07139,-3.992918302382302,30.216,-51.576690673828125,0.0
0.0755199999999999,-3.909727384413552,30.15,-50.60508728027344,-13.09523809523588
0.0755199999999999,-3.909727384413552,30.15,-50.60508728027344,0.0
0.07021,-3.909727384413552,30.288,-49.60945129394531,27.069438995683484
0.07021,-3.868131925429177,30.288,-49.60945129394531,0.0
0.07316,-3.701719571913552,30.234,-48.599395751953125,-10.684606252474158
0.07316,-3.701719571913552,30.234,-48.599395751953125,0.0
0.0708,-3.868131925429177,30.12,-47.6751708984375,-22.63701350277796
0.0708,-3.868131925429177,30.12,-47.6751708984375,0.0
0.07493,-3.691313077772927,30.354,-46.68228149414063,46.41936123784656
0.07493,-3.691313077772927,30.354,-46.68228149414063,0.0
0.06667,-3.680937101210427,30.492,-45.68870544433594,26.953125000001425
0.06667,-3.680937101210427,30.492,-45.68870544433594,0.0
0.0708,-3.587309171522927,30.06,-44.71435546875,-84.97246262785103
0.0708,-3.587309171522927,30.06,-44.71435546875,0.0
0.06608,-3.597715665663552,30.336,-43.73794555664063,55.7013118062483
0.06608,-3.597715665663552,30.336,-43.73794555664063,0.0
0.07139,-3.379331876601052,30.216,-42.73406982421875,-24.174053182919884
0.07139,-3.379331876601052,30.216,-42.73406982421875,0.0
0.0654899999999999,-3.483335782851052,30.336,-41.76933288574219,23.880597014925648
0.0654899999999999,-3.483335782851052,30.336,-41.76933288574219,0.0
0.06608,-3.296110441054177,30.15,-40.82725524902344,-36.860879904874366
0.06608,-3.296110441054177,30.15,-40.82725524902344,0.0
0.0672599999999999,-3.296110441054177,30.186,-39.82475280761719,7.262457131330863
0.0672599999999999,-3.296110441054177,30.186,-39.82475280761719,0.0
0.0654899999999999,-3.150511075819802,30.138,-38.87374877929688,-9.592326139089218
0.0654899999999999,-3.150511075819802,30.138,-38.87374877929688,0.0
0.06608,-2.994535734022927,30.18,-37.87261962890625,8.29383886256038
0.06608,-2.994535734022927,30.18,-37.87261962890625,0.0
0.0654899999999999,-3.108915616835427,30.132000000000005,-36.89002990722656,-9.452540370224852
0.0654899999999999,-3.108915616835427,30.132000000000005,-36.89002990722656,0.0
0.06785,-2.807310392226052,30.318,-35.92185974121094,37.644201578623054
0.06785,-2.807310392226052,30.318,-35.92185974121094,0.0
0.06077,-2.911314298476052,30.402,-34.95368957519531,17.26973684210053
0.06077,-2.911314298476052,30.402,-34.95368957519531,0.0
0.06254,-2.817716886366677,29.958,-33.96766662597656,-89.10295003008375
0.06254,-2.817716886366677,29.958,-33.96766662597656,0.0
0.06018,-2.859312345351052,30.06,-33.00018310546875,19.23439562511932
0.06018,-2.859312345351052,30.06,-33.00018310546875,0.0
0.0654899999999999,-2.776121427382302,30.156,-32.02583312988281,19.327561908594383
0.0654899999999999,-2.776121427382302,30.156,-32.02583312988281,0.0
0.05959,-2.734525968397927,30.354,-31.06178283691406,40.10532712173418
0.05959,-2.734525968397927,30.354,-31.06178283691406,0.0
0.05841,-2.599333097304177,30.132000000000005,-30.11421203613281,-40.231968104382
0.05841,-2.599333097304177,30.132000000000005,-30.11421203613281,0.0
0.06195,-2.599333097304177,30.324,-29.13230895996093,39.27986906710774
0.06195,-2.599333097304177,30.324,-29.13230895996093,0.0
0.0560499999999999,-2.422514249647927,30.096000000000004,-28.142852783203125,-40.3040480820265
0.0560499999999999,-2.422514249647927,30.096000000000004,-28.142852783203125,0.0
0.06077,-2.245725919569802,30.042,-27.18017578125,-10.74199323652294
0.06077,-2.245725919569802,30.042,-27.18017578125,0.0
0.05841,-2.245725919569802,30.042,-26.24496459960937,0.0
0.0542799999999999,-2.141722013319802,30.198000000000004,-25.28022766113281,31.00775193799176
0.0542799999999999,-2.141722013319802,30.198000000000004,-25.28022766113281,0.0
0.05959,-2.120909025038552,30.408,-24.30450439453125,42.83091984498754
0.05959,-2.120909025038552,30.408,-24.30450439453125,0.0
0.0507399999999999,-1.944120694960427,30.3,-23.305435180664062,-21.774193548392724
0.0507399999999999,-1.944120694960427,30.3,-23.305435180664062,0.0
0.0572299999999999,-1.964933683241677,30.048,-22.350311279296875,-49.9405469678948
0.0572299999999999,-1.964933683241677,30.048,-22.350311279296875,0.0
0.0519199999999999,-1.777708341444802,30.21,-21.382827758789062,32.28377839777019
0.0519199999999999,-1.777708341444802,30.21,-21.382827758789062,0.0
0.05251,-1.829710294569802,30.234,-20.39268493652344,4.6620046620047
0.05251,-1.829710294569802,30.234,-20.39268493652344,0.0
0.05133,-1.621732999647927,30.054,-19.42657470703125,-35.678889990096366
0.05133,-1.621732999647927,30.054,-19.42657470703125,0.0
0.05133,-1.725736905897927,30.276,-18.43505859375,44.33792690232927
0.05133,-1.725736905897927,30.276,-18.43505859375,0.0
0.0495599999999999,-1.600920011366677,30.054,-17.452468872070312,-43.60636417206708
0.0495599999999999,-1.600920011366677,30.054,-17.452468872070312,0.0
0.0472,-1.548918058241677,29.958,-16.495285034179688,-17.840550083628063
0.0472,-1.548918058241677,29.958,-16.495285034179688,0.0
0.0495599999999999,-1.340910245741677,29.964,-15.487289428710938,1.1976047904191107
0.0495599999999999,-1.340910245741677,29.964,-15.487289428710938,0.0
0.04602,-1.268125821913552,30.192,-14.544525146484371,43.46168509340777
0.04602,-1.268125821913552,30.192,-14.544525146484371,0.0
0.0495599999999999,-1.080930997694802,30.318,-13.568801879882812,25.2555622369208
0.0495599999999999,-1.080930997694802,30.318,-13.568801879882812,0.0
0.04248,-1.028929044569802,30.318,-12.55462646484375,0.0
0.0483799999999999,-0.976927091444802,29.952,-11.586456298828123,-67.45300405455295
0.0483799999999999,-0.976927091444802,29.952,-11.586456298828123,0.0
0.04366,-0.904112150038552,30.048,-10.59906005859375,18.338108882518146
0.04366,-0.904112150038552,30.048,-10.59906005859375,0.0
0.0472,-0.924925138319802,30.192,-9.619216918945312,28.36320661808193
0.0472,-0.924925138319802,30.192,-9.619216918945312,0.0
0.04543,-0.727323819960427,30.066,-8.667526245117188,-31.40578265203449
0.04543,-0.727323819960427,30.066,-8.667526245117188,0.0
0.04425,-0.779325773085427,30.312,-7.648544311523437,45.47975596228365
0.04425,-0.779325773085427,30.312,-7.648544311523437,0.0
0.03953,-0.612913419569802,30.156,-6.65496826171875,-31.77189409369421
0.03953,-0.612913419569802,30.156,-6.65496826171875,0.0
0.0371699999999999,-0.103330900038552,30.0,-5.697784423828125,-31.06332138589991
0.0371699999999999,-0.103330900038552,30.0,-5.697784423828125,0.0
0.0389399999999999,0.1254899007426979,29.7,-4.698028564453125,-55.81395348838241
0.0389399999999999,0.1254899007426979,29.7,-4.698028564453125,0.0
0.03953,-0.436125089491677,29.988,-3.740158081054688,53.05821665438266
0.03953,-0.436125089491677,29.988,-3.740158081054688,0.0
0.03953,-0.280119230116677,30.216,-2.76031494140625,45.995561831760696
0.03953,-0.280119230116677,30.216,-2.76031494140625,0.0
0.0359899999999999,-0.186521818007302,30.336,-1.7914581298828125,23.26934264106754
0.0359899999999999,-0.186521818007302,30.336,-1.7914581298828125,0.0
0.0377599999999999,-0.030515958632302,30.054,-0.786895751953125,-58.73776296604264
0.0377599999999999,-0.030515958632302,30.054,-0.786895751953125,0.0
0.0336299999999999,0.0422684651958229,30.018,0.1723480224609375,-6.732747334953223
0.0336299999999999,0.0422684651958229,30.018,0.1723480224609375,0.0
0.0377599999999999,0.0110795003520729,30.054,1.1377716064453125,7.14711137581888
0.0377599999999999,0.0110795003520729,30.054,1.1377716064453125,0.0
0.0324499999999999,0.1566788655864479,30.09,2.13958740234375,7.043631383292005
0.0324499999999999,0.1566788655864479,30.09,2.13958740234375,0.0
0.0371699999999999,0.1462723714458229,30.168,3.131103515625,15.637530072181471
0.0371699999999999,0.1462723714458229,30.168,3.131103515625,0.0
0.03127,0.3022782308208229,30.198000000000004,4.141845703125,5.992808629643424
0.03127,0.3022782308208229,30.198000000000004,4.141845703125,0.0
0.03186,0.3646866780864479,30.042,5.148468017578125,-31.08808290155645
0.03186,0.3646866780864479,30.042,5.148468017578125,0.0
0.0295,0.541475008164573,29.652,6.0843658447265625,-78.36045810729003
0.0295,0.541475008164573,29.652,6.0843658447265625,0.0
0.03068,0.541475008164573,29.922,7.062835693359375,51.360091306826085
0.03068,0.541475008164573,29.922,7.062835693359375,0.0
0.03009,0.624665926133323,30.012,8.042678833007812,18.159806295399637
0.03009,0.624665926133323,30.012,8.042678833007812,0.0
0.03009,0.718263338242698,30.18,9.00054931640625,33.959975742864934
0.03009,0.718263338242698,30.18,9.00054931640625,0.0
0.0295,0.811891267930198,30.12,10.000991821289062,-11.850681414181487
0.0295,0.811891267930198,30.12,10.000991821289062,0.0
0.0247799999999999,0.905488680039573,30.204,10.968475341796877,15.945330296124652
0.0247799999999999,0.905488680039573,30.204,10.968475341796877,0.0
0.03009,0.947084139023948,29.886,11.971664428710938,-62.475442043232704
0.03009,0.947084139023948,29.886,11.971664428710938,0.0
0.0277299999999999,0.947084139023948,30.066,12.95562744140625,37.236243276797865
0.0277299999999999,1.061464021836448,30.066,12.95562744140625,0.0
0.02832,1.051088045273948,29.982,13.884658813476562,-16.87085760193231
0.02832,1.051088045273948,29.982,13.884658813476562,0.0
0.0259599999999999,1.123872469102073,30.336,14.87617492675781,66.10644257701149
0.0259599999999999,1.123872469102073,30.336,14.87617492675781,0.0
0.0236,1.227876375352073,30.192,15.873184204101562,-28.318584070809703
0.0236,1.227876375352073,30.192,15.873184204101562,0.0
0.02183,1.373475740586448,29.76,16.868820190429688,-91.35123704798028
0.02183,1.373475740586448,29.76,16.868820190429688,0.0
0.0236,1.415071199570823,29.874,17.795791625976562,22.058823529406222
0.0236,1.415071199570823,29.874,17.795791625976562,0.0
0.02242,1.415071199570823,30.072,18.804473876953125,42.97807683959175
0.02242,1.415071199570823,30.072,18.804473876953125,0.0
0.02183,1.539888094102073,30.204,19.76715087890625,24.87280949689869
0.02183,1.539888094102073,30.204,19.76715087890625,0.0
0.0206499999999999,1.675080965195823,30.186,20.760726928710938,-2.844950213371886
0.0206499999999999,1.675080965195823,30.186,20.760726928710938,0.0
0.01829,1.758271883164573,30.258,21.752243041992188,14.551333872274864
0.01829,1.758271883164573,30.258,21.752243041992188,0.0
0.0177,1.935090730820823,29.826,22.71766662597656,-82.7427695843331
0.0177,1.935090730820823,29.826,22.71766662597656,0.0
0.0188799999999999,1.924684236680198,29.832000000000004,23.697509765625,1.1848341232232975
0.0188799999999999,1.924684236680198,29.832000000000004,23.697509765625,0.0
0.0200599999999999,2.007875154648948,29.826,24.649887084960938,-1.182499014584791
0.0200599999999999,2.007875154648948,29.826,24.649887084960938,0.0
0.0177,2.018281648789573,30.3,25.587158203125,95.60306575228064
0.0177,2.018281648789573,30.3,25.587158203125,0.0
0.01593,2.205476473008323,30.282,26.56356811523437,-3.4007179293396312
0.01593,2.205476473008323,30.282,26.56356811523437,0.0
0.0118,2.288667390977073,30.012,27.58460998535156,-53.935277666820575
0.0118,2.288667390977073,30.012,27.58460998535156,0.0
0.01534,2.236665437852073,29.73,28.513641357421875,-56.10823716672336
0.01534,2.236665437852073,29.73,28.513641357421875,0.0
0.0129799999999999,2.413484285508323,29.916,29.47837829589844,37.4697824335132
0.0129799999999999,2.413484285508323,29.916,29.47837829589844,0.0
0.01593,2.351075838242698,29.904,30.43075561523438,-2.384737678855452
0.01593,2.351075838242698,29.904,30.43075561523438,0.0
0.01416,2.475862215195823,30.114,31.40922546386719,42.16867469876728
0.01416,2.475862215195823,30.114,31.40922546386719,0.0
0.01062,2.579866121445823,30.408,32.39112854003906,59.40594059401842
0.01062,2.579866121445823,30.408,32.39112854003906,0.0
0.00767,2.579866121445823,30.084000000000003,33.365478515625,-54.3989254533457
0.00767,2.579866121445823,30.084000000000003,33.365478515625,0.0
0.01062,2.652681062852073,29.886,34.33845520019531,-39.30911256702088
0.01062,2.652681062852073,29.886,34.33845520019531,0.0
0.0129799999999999,2.652681062852073,29.868,35.300445556640625,-3.4233548877893063
0.0129799999999999,2.746278474961448,29.868,35.300445556640625,0.0
0.00826,2.808686922227073,30.21,36.234283447265625,68.95161290321904
0.00826,2.808686922227073,30.21,36.234283447265625,0.0
0.01062,2.985475252305198,30.09,37.220306396484375,-22.84408909194882
0.01062,2.985475252305198,30.09,37.220306396484375,0.0
0.00826,2.975068758164573,30.198000000000004,38.20976257324219,21.85350060704349
0.00826,2.975068758164573,30.198000000000004,38.20976257324219,0.0
0.00531,3.141481111680198,29.814,39.20265197753906,-68.65725013408377
0.00531,3.141481111680198,29.814,39.20265197753906,0.0
0.0047199999999999,3.172670076523948,29.94,40.19004821777344,25.840853158329736
0.0047199999999999,3.172670076523948,29.94,40.19004821777344,0.0
0.00826,3.224672029648948,29.874,41.14517211914063,-13.303769401336258
0.00826,3.224672029648948,29.874,41.14517211914063,0.0
0.0064899999999999,3.307862947617698,30.138,42.08930969238281,53.04400241108914
0.0064899999999999,3.307862947617698,30.138,42.08930969238281,0.0
0.00767,3.162263582383323,30.222,43.06297302246094,16.636957813429525
0.00767,3.162263582383323,30.222,43.06297302246094,0.0
0.0023599999999999,3.380677889023948,30.246,44.09088134765625,4.813477737666068
0.0023599999999999,3.380677889023948,30.246,44.09088134765625,0.0
0.00354,3.463868806992698,29.802,45.06385803222656,-90.57527539777271
0.00354,3.463868806992698,29.802,45.06385803222656,0.0
0.00295,3.401490877305198,29.724,46.03683471679688,-15.531660692949956
0.00295,3.401490877305198,29.724,46.03683471679688,0.0
0.0023599999999999,3.453462312852073,30.15,47.01255798339844,84.35643564355293
0.0023599999999999,3.453462312852073,30.15,47.01255798339844,0.0
0.0023599999999999,3.526277254258323,30.162000000000003,47.98072814941406,2.419354838710232
0.0023599999999999,3.526277254258323,30.162000000000003,47.98072814941406,0.0
0.00413,3.578279207383323,30.341999999999995,48.97361755371094,35.71428571430203
0.00413,3.578279207383323,30.341999999999995,48.97361755371094,0.0
0.0005899999999999,3.786287019883323,30.006,49.96238708496094,-66.8523676880098
0.0005899999999999,3.786287019883323,30.006,49.96238708496094,0.0
0.0005899999999999,3.682283113633323,29.868,50.92781066894531,-23.34235453315878
0.0005899999999999,3.682283113633323,29.868,50.92781066894531,0.0
0.0023599999999999,3.848664949570823,29.664,51.88087463378906,-40.42806183115196
0.0023599999999999,3.848664949570823,29.664,51.88087463378906,0.0
0.00177,3.973481844102073,30.006,52.8662109375,68.90993350795794
0.00177,3.973481844102073,30.006,52.8662109375,0.0
0.00354,3.765474031602073,30.078,53.831634521484375,14.566053004245886
0.00354,3.765474031602073,30.078,53.831634521484375,0.0
-0.0,4.025483797227073,30.576,54.82383728027344,99.4011976048179
-0.0,4.025483797227073,30.576,54.82383728027344,0.0
0.0005899999999999,3.869477937852073,29.76,55.83045959472656,-161.84053946847922
0.0005899999999999,3.869477937852073,29.76,55.83045959472656,0.0
-0.0,4.098268221055198,29.772,56.81648254394531,2.3757671748154583
-0.0,4.098268221055198,29.772,56.81648254394531,0.0
-0.0,4.077485750352073,30.108000000000004,57.745513916015625,66.15475487298085
-0.0,4.077485750352073,30.108000000000004,57.745513916015625,0.0
-0.0,4.119081209336448,30.06,58.74458312988281,-9.903032803794002
-0.0,4.119081209336448,30.06,58.74458312988281,0.0
0.00177,4.067079256211448,30.3,59.71138000488281,44.48563484708068
0.00177,4.067079256211448,30.3,59.71138000488281,0.0
-0.0,4.202272127305198,30.108000000000004,60.70289611816406,-38.53873946204868
-0.0,4.202272127305198,30.108000000000004,60.70289611816406,0.0
-0.0,4.171083162461448,30.03,61.700592041015625,-15.534754033063972
-0.0,4.171083162461448,30.03,61.700592041015625,0.0
-0.0,4.431062410508323,29.664,62.677688598632805,-73.56783919600682
-0.0,4.431062410508323,29.664,62.677688598632805,0.0
-0.0,4.285463045273948,30.192,63.67057800292969,109.6800997091892
-0.0,4.285463045273948,30.192,63.67057800292969,0.0
-0.0,4.389466951523948,30.006,64.61334228515625,-37.08133971293574
-0.0,4.389466951523948,30.006,64.61334228515625,0.0
-0.0005899999999999,4.483064363633323,30.474,65.61859130859375,92.6549198178268
-0.0005899999999999,4.483064363633323,30.474,65.61859130859375,0.0
-0.0,4.264680574570823,29.958,66.57096862792969,-102.6252983293689
-0.0,4.264680574570823,29.958,66.57096862792969,0.0
-0.0,4.503877351914573,29.802,67.55287170410156,-33.751622674183686
-0.0,4.503877351914573,29.802,67.55287170410156,0.0
0.0005899999999999,4.295869539414573,30.072,68.49357604980469,54.108216432872325
0.0005899999999999,4.295869539414573,30.072,68.49357604980469,0.0
-0.0,4.545472810898948,30.126,69.45144653320312,9.629101283882726
-0.0,4.545472810898948,30.126,69.45144653320312,0.0
0.0005899999999999,4.483064363633323,30.216,70.44570922851562,18.27782290819506
0.0005899999999999,4.483064363633323,30.216,70.44570922851562,0.0
-0.0005899999999999,4.597474764023948,30.294,71.39808654785156,16.28052598622106
-0.0005899999999999,4.597474764023948,30.294,71.39808654785156,0.0
-0.0005899999999999,4.503877351914573,30.294,72.37861633300781,0.0
-0.00177,4.670289705430198,29.754,73.33236694335938,-109.24539753192371
-0.00177,4.670289705430198,29.754,73.33236694335938,0.0
-0.00177,4.587068269883323,29.976000000000003,74.30877685546875,43.81290704558611
-0.00177,4.587068269883323,29.976000000000003,74.30877685546875,0.0
-0.0023599999999999,4.743074129258323,29.436,75.26321411132812,-108.89292196008432
-0.0023599999999999,4.743074129258323,29.436,75.26321411132812,0.0
-0.00413,4.618287752305198,29.016,76.20872497558594,-84.66035073577332
-0.00413,4.618287752305198,29.016,76.20872497558594,0.0
-0.0047199999999999,4.815889070664573,27.918000000000003,77.12059020996094,-223.08004876080216
-0.0047199999999999,4.815889070664573,27.918000000000003,77.12059020996094,0.0
-0.00826,4.753480623398948,27.03,78.03863525390625,-182.3783117683551
-0.00826,4.753480623398948,27.03,78.03863525390625,0.0
-0.00767,4.867891023789573,25.686,78.86260986328125,-271.7347351394883
-0.00767,4.867891023789573,25.686,78.86260986328125,0.0
-0.00708,4.722291658555198,24.96,79.68658447265625,-146.7852810351697
-0.00708,4.722291658555198,24.96,79.68658447265625,0.0
-0.00826,4.888673494492698,23.874,80.51467895507812,-216.1624203822173
-0.00826,4.888673494492698,23.874,80.51467895507812,0.0
-0.0064899999999999,4.545472810898948,22.992,81.23428344726562,-179.59682345754797
-0.0064899999999999,4.545472810898948,22.992,81.23428344726562,0.0
-0.00885,4.722291658555198,22.056,81.97174072265625,-188.67163878244463
-0.00885,4.722291658555198,22.056,81.97174072265625,0.0
-0.00708,4.826265047227073,21.126,82.65426635742188,-186.7844948785371
-0.00708,4.826265047227073,21.126,82.65426635742188,0.0
-0.0129799999999999,4.847078035508323,20.424,83.35121154785156,-141.53225806460304
-0.0129799999999999,4.847078035508323,20.424,83.35121154785156,0.0
-0.01475,4.899079988633323,18.936,83.9849853515625,-307.9470198675246
-0.01475,4.899079988633323,18.936,83.9849853515625,0.0
-0.00708,4.826265047227073,17.568,84.56657409667969,-280.098280098248
-0.00708,4.826265047227073,17.568,84.56657409667969,0.0
-0.0123899999999999,4.951081941758323,17.136,85.12962341308594,-91.42857142856154
-0.0123899999999999,4.951081941758323,17.136,85.12962341308594,0.0
-0.0123899999999999,4.899079988633323,16.092,85.68168640136719,-218.50146504822095
-0.0123899999999999,4.899079988633323,16.092,85.68168640136719,0.0
-0.0118,4.878267000352073,15.036,86.17332458496094,-213.0750605326892
-0.0118,4.878267000352073,15.036,86.17332458496094,0.0
-0.01475,4.867891023789573,14.627999999999998,86.62925720214844,-80.3940886699273
-0.01475,4.867891023789573,14.627999999999998,86.62925720214844,0.0
-0.01593,4.836671541367698,13.38,87.0941162109375,-245.2348202003511
-0.01593,4.836671541367698,13.38,87.0941162109375,0.0
-0.01534,4.899079988633323,12.042,87.52052307128906,-264.37462951997486
-0.01534,4.899079988633323,12.042,87.52052307128906,0.0
-0.0129799999999999,4.847078035508323,10.956,87.87895202636719,-212.5244618395972
-0.0129799999999999,4.847078035508323,10.956,87.87895202636719,0.0
-0.0135699999999999,4.784669588242698,10.272,88.21197509765625,-127.8504672897203
-0.0135699999999999,4.784669588242698,10.272,88.21197509765625,0.0
-0.01829,4.847078035508323,9.672,88.54774475097656,-122.2244856385884
-0.01829,4.847078035508323,9.672,88.54774475097656,0.0
-0.01829,4.857484529648948,8.405999999999999,88.84986877441406,-256.7430541472774
-0.01829,4.857484529648948,8.405999999999999,88.84986877441406,0.0
-0.0194699999999999,4.847078035508323,7.2,89.10530090332031,-241.6349428971948
-0.0194699999999999,4.847078035508323,7.2,89.10530090332031,0.0
-0.01652,4.888673494492698,5.682,89.31266784667969,-309.48012232433103
-0.01652,4.888673494492698,5.682,89.31266784667969,0.0
-0.01593,4.878267000352073,5.046,89.48158264160156,-126.04042806182854
-0.01593,4.878267000352073,5.046,89.48158264160156,0.0
-0.01534,4.867891023789573,4.194,89.63401794433594,-172.88961038962452
-0.01534,4.867891023789573,4.194,89.63401794433594,0.0
-0.01829,4.847078035508323,3.63,89.75898742675781,-112.082670906202
-0.01829,4.847078035508323,3.63,89.75898742675781,0.0
-0.0177,4.888673494492698,2.682,89.85786437988281,-181.47013782535532
-0.0177,4.888673494492698,2.682,89.85786437988281,0.0
-0.01829,4.847078035508323,1.578,89.92240905761719,-221.02102102097805
-0.01829,4.847078035508323,1.578,89.92240905761719,0.0
-0.0206499999999999,4.857484529648948,0.948,89.96223449707031,-99.49463044850845
-0.0206499999999999,4.857484529648948,0.948,89.96223449707031,0.0
-0.0188799999999999,4.878267000352073,0.42,89.9835205078125,-105.34716679966644
-0.0188799999999999,4.878267000352073,0.42,89.9835205078125,0.0
-0.0200599999999999,4.847078035508323,0.24,89.9945068359375,-35.99999999998158
-0.0200599999999999,4.847078035508323,0.24,89.9945068359375,0.0
-0.0206499999999999,4.847078035508323,0.108,90.00068664550781,-26.86749440261413
-0.0206499999999999,4.847078035508323,0.108,90.00068664550781,0.0
-0.0200599999999999,4.847078035508323,0.09,90.00137329101562,-3.562240253317229
-0.0200599999999999,4.847078035508323,0.09,90.00137329101562,0.0
-0.0200599999999999,4.847078035508323,0.036,90.00686645507812,-10.97337939443312
-0.0200599999999999,4.847078035508323,0.036,90.00686645507812,0.0
-0.0200599999999999,4.847078035508323,0.018,90.01029968261719,-3.611556982343266
-0.0200599999999999,4.847078035508323,0.018,90.01029968261719,0.0
-0.0200599999999999,4.857484529648948,0.018,90.00892639160156,0.0
-0.0206499999999999,4.847078035508323,0.03,90.00892639160156,2.401921537230531
-0.0206499999999999,4.847078035508323,0.03,90.00892639160156,0.0
-0.02124,4.847078035508323,-0.0,90.00823974609375,-6.056935190792934
-0.02124,4.847078035508323,-0.0,90.00823974609375,0.0
-0.02242,4.847078035508323,-0.0119999999999999,90.00892639160156,-2.39520958083896
-0.02242,4.847078035508323,-0.0119999999999999,90.00892639160156,0.0
-0.02242,4.847078035508323,-0.0,90.01029968261719,2.2271714922049024
-0.02242,4.847078035508323,-0.0,90.01029968261719,0.0
-0.02183,4.847078035508323,0.0059999999999999,90.01029968261719,1.2055455093429015
-0.02183,4.847078035508323,0.0059999999999999,90.01029968261719,0.0
-0.02183,4.847078035508323,-0.0119999999999999,90.00755310058594,-3.629764065336085
-0.02183,4.847078035508323,-0.0119999999999999,90.00755310058594,0.0
-0.02242,4.857484529648948,-0.0,90.010986328125,2.3890105514626154
-0.02242,4.857484529648948,-0.0,90.010986328125,0.0
-0.02242,4.847078035508323,-0.0119999999999999,90.00686645507812,-2.450479885644398
-0.02242,4.847078035508323,-0.0119999999999999,90.00686645507812,0.0
-0.0241899999999999,4.847078035508323,-0.0,90.00823974609375,2.4564994882284568
-0.0241899999999999,4.847078035508323,-0.0,90.00823974609375,0.0
-0.0247799999999999,4.847078035508323,0.0059999999999999,90.00686645507812,1.1952191235055274
-0.0247799999999999,4.847078035508323,0.0059999999999999,90.00686645507812,0.0
-0.0247799999999999,4.847078035508323,0.0059999999999999,90.00755310058594,0.0
-0.0295,4.878267000352073,-0.03,90.00686645507812,-7.226013649134235
-0.0295,4.878267000352073,-0.03,90.00686645507812,0.0
-0.03835,4.878267000352073,-0.072,90.00686645507812,-8.48999393571627
-0.03835,4.847078035508323,-0.072,90.00686645507812,0.0
-0.0519199999999999,4.847078035508323,-0.282,90.00480651855469,-39.89361702127371
-0.0519199999999999,4.847078035508323,-0.282,90.00480651855469,0.0
-0.0672599999999999,4.888673494492698,-0.834,89.9945068359375,-112.58413216392792
-0.0672599999999999,4.888673494492698,-0.834,89.9945068359375,0.0
-0.08496,4.899079988633323,-2.16,89.95193481445312,-267.0157068063052
-0.08496,4.899079988633323,-2.16,89.95193481445312,0.0
-0.0825999999999999,4.899079988633323,-4.806,89.83314514160156,-515.3876119986229
-0.0825999999999999,4.940675447617698,-4.806,89.83314514160156,0.0
-0.0796499999999999,4.888673494492698,-6.774,89.65187072753906,-395.8165728078312
-0.0796499999999999,4.888673494492698,-6.774,89.65187072753906,0.0
-0.08378,4.888673494492698,-8.238,89.39987182617188,-285.2689010130697
-0.08378,4.899079988633323,-8.238,89.39987182617188,0.0
-0.0719799999999999,4.982270906602073,-9.072,89.110107421875,-168.4168012924274
-0.0719799999999999,4.982270906602073,-9.072,89.110107421875,0.0
-0.0802399999999999,4.982270906602073,-9.51,88.81484985351562,-78.15845824408748
-0.0802399999999999,4.899079988633323,-9.51,88.81484985351562,0.0
-0.0825999999999999,4.847078035508323,-9.816,88.48251342773438,-61.54465004024223
-0.0825999999999999,4.847078035508323,-9.816,88.48251342773438,0.0
-0.08378,4.961488435898948,-10.326,88.14537048339844,-96.84770224074516
-0.08378,4.961488435898948,-10.326,88.14537048339844,0.0
-0.08083,4.982270906602073,-11.682,87.80616760253906,-273.7734706238406
-0.08083,4.982270906602073,-11.682,87.80616760253906,0.0
-0.08732,4.951081941758323,-12.906,87.41889953613281,-244.65320807522653
-0.08732,4.951081941758323,-12.906,87.41889953613281,0.0
-0.0802399999999999,4.982270906602073,-14.154,86.97463989257812,-247.4226804122924
-0.0802399999999999,4.982270906602073,-14.154,86.97463989257812,0.0
-0.0843699999999999,4.940675447617698,-14.604,86.51596069335938,-91.4634146341084
-0.0843699999999999,4.940675447617698,-14.604,86.51596069335938,0.0
-0.08142,5.013490389023948,-15.528,86.04286193847656,-187.6142131979672
-0.08142,5.013490389023948,-15.528,86.04286193847656,0.0
-0.0802399999999999,5.055085848008323,-16.799999999999997,85.51277160644531,-254.8587457423145
-0.0802399999999999,5.055085848008323,-16.799999999999997,85.51277160644531,0.0
-0.0802399999999999,4.899079988633323,-17.628,84.95246887207031,-167.74716369527604
-0.0802399999999999,4.899079988633323,-17.628,84.95246887207031,0.0
-0.09086,4.899079988633323,-18.324,84.36126708984375,-143.3573635427644
-0.09086,4.847078035508323,-18.324,84.36126708984375,0.0
-0.0843699999999999,5.023866365586448,-19.65,83.74603271484375,-263.82809391161345
-0.0843699999999999,5.023866365586448,-19.65,83.74603271484375,0.0
-0.09086,5.023866365586448,-20.436,83.06625366210938,-155.82870737515964
-0.09086,4.919862459336448,-20.436,83.06625366210938,0.0
-0.0914499999999999,4.919862459336448,-21.12,82.38372802734375,-140.3364792778762
-0.0914499999999999,4.919862459336448,-21.12,82.38372802734375,0.0
-0.0914499999999999,4.951081941758323,-22.410000000000004,81.67922973632812,-226.31578947378893
-0.0914499999999999,4.951081941758323,-22.410000000000004,81.67922973632812,0.0
-0.09204,4.857484529648948,-23.322,80.95893859863281,-181.70950388533583
-0.09204,4.857484529648948,-23.322,80.95893859863281,0.0
-0.08732,5.023866365586448,-24.534,80.16654968261719,-278.1730548543319
-0.08732,5.023866365586448,-24.534,80.16654968261719,0.0
-0.0926299999999999,5.023866365586448,-25.35,79.33090209960938,-164.21815254581367
-0.0926299999999999,5.023866365586448,-25.35,79.33090209960938,0.0
-0.08614,5.096681306992698,-26.37,78.53713989257812,-202.3006743355992
-0.08614,5.096681306992698,-26.37,78.53713989257812,0.0
-0.08496,4.919862459336448,-27.546,77.63351440429688,-234.30962343092597
-0.08496,4.919862459336448,-27.546,77.63351440429688,0.0
-0.08496,4.982270906602073,-28.056,76.72096252441406,-101.79640718565696
-0.08496,4.982270906602073,-28.056,76.72096252441406,0.0
-0.09086,4.899079988633323,-29.07,75.78094482421875,-170.96611026807267
-0.09086,4.899079988633323,-29.07,75.78094482421875,0.0
-0.0926299999999999,4.899079988633323,-29.922,74.84779357910156,-170.05988023956763
-0.0926299999999999,4.899079988633323,-29.922,74.84779357910156,0.0
-0.0825999999999999,4.763887117539573,-30.21,73.82537841796875,-58.193574459488346
-0.0825999999999999,4.763887117539573,-30.21,73.82537841796875,0.0
-0.08732,4.847078035508323,-30.264000000000003,72.86750793457031,-10.856453558503103
-0.08732,4.847078035508323,-30.264000000000003,72.86750793457031,0.0
-0.07906,4.670289705430198,-30.036,71.89315795898438,48.7700534759479
-0.07906,4.670289705430198,-30.036,71.89315795898438,0.0
-0.08319,4.722291658555198,-29.856,70.91331481933594,35.92097385751589
-0.08319,4.722291658555198,-29.856,70.91331481933594,0.0
-0.08378,4.670289705430198,-29.742,69.9664306640625,24.096385542170893
-0.08378,4.670289705430198,-29.742,69.9664306640625,0.0
-0.08142,4.732667635117698,-30.042,68.99002075195312,-62.34413965085808
-0.08142,4.732667635117698,-30.042,68.99002075195312,0.0
-0.08555,4.535066316758323,-30.114,68.02116394042969,-14.472361809040034
-0.08555,4.535066316758323,-30.114,68.02116394042969,0.0
-0.0796499999999999,4.670289705430198,-30.264000000000003,67.05848693847656,-32.1267937459859
-0.0796499999999999,4.670289705430198,-30.264000000000003,67.05848693847656,0.0
-0.08378,4.545472810898948,-30.072,66.07177734375,37.15889297464648
-0.08378,4.545472810898948,-30.072,66.07177734375,0.0
-0.07906,4.524690340195823,-29.928,65.05485534667969,29.635727515951125
-0.07906,4.524690340195823,-29.928,65.05485534667969,0.0
-0.08496,4.545472810898948,-30.042,64.11415100097656,-22.423288749016283
-0.08496,4.545472810898948,-30.042,64.11415100097656,0.0
-0.07906,4.503877351914573,-30.288,63.13980102539063,-49.80765337112498
-0.07906,4.503877351914573,-30.288,63.13980102539063,0.0
-0.0825999999999999,4.503877351914573,-30.108000000000004,62.159271240234375,37.39871182213064
-0.0825999999999999,4.503877351914573,-30.108000000000004,62.159271240234375,0.0
-0.0767,4.337464998398948,-30.168,61.14646911621094,-11.947431302268326
-0.0767,4.337464998398948,-30.168,61.14646911621094,0.0
-0.0796499999999999,4.379090974961448,-30.036,60.150146484375,26.82926829269078
-0.0796499999999999,4.379090974961448,-30.036,60.150146484375,0.0
-0.07611,4.379090974961448,-29.628,59.155197143554695,73.5532720389406
-0.07611,4.379090974961448,-29.628,59.155197143554695,0.0
-0.08142,4.379090974961448,-29.94,58.19732666015625,-63.14511232545638
-0.08142,4.379090974961448,-29.94,58.19732666015625,0.0
-0.0796499999999999,4.150270174180198,-30.15,57.22434997558594,-42.38998788859227
-0.0796499999999999,4.150270174180198,-30.15,57.22434997558594,0.0
-0.07729,4.212678621445823,-30.336,56.24382019042969,-37.24469363235925
-0.07729,4.212678621445823,-30.336,56.24382019042969,0.0
-0.07316,4.025483797227073,-30.162000000000003,55.22964477539063,34.98894027747499
-0.07316,4.025483797227073,-30.162000000000003,55.22964477539063,0.0
-0.07257,4.150270174180198,-29.934,54.26765441894531,45.856798069200266
-0.07257,4.150270174180198,-29.934,54.26765441894531,0.0
-0.08142,4.098268221055198,-29.838,53.28300476074219,19.740900678592325
-0.08142,4.098268221055198,-29.838,53.28300476074219,0.0
-0.07257,3.983888338242698,-30.12,52.3223876953125,-56.33240111867936
-0.07257,3.983888338242698,-30.12,52.3223876953125,0.0
-0.0796499999999999,4.025483797227073,-30.168,51.33636474609375,-9.626955475332847
-0.0796499999999999,4.025483797227073,-30.168,51.33636474609375,0.0
-0.07021,3.848664949570823,-30.312,50.35926818847656,-28.290766208256567
-0.07021,3.848664949570823,-30.312,50.35926818847656,0.0
-0.0767,3.879884431992698,-30.18,49.351959228515625,26.479438314956827
-0.0767,3.879884431992698,-30.18,49.351959228515625,0.0
-0.07139,3.848664949570823,-29.658,48.37211608886719,106.35696821515089
-0.07139,3.848664949570823,-29.658,48.37211608886719,0.0
-0.0755199999999999,3.807069490586448,-29.754,47.41424560546875,-19.37046004842632
-0.0755199999999999,3.807069490586448,-29.754,47.41424560546875,0.0
-0.0778799999999999,3.744691560898948,-29.946,46.46873474121094,-36.987093045656366
-0.0778799999999999,3.744691560898948,-29.946,46.46873474121094,0.0
-0.0696199999999999,3.682283113633323,-30.228,45.48408508300781,-58.3730076588775
-0.0696199999999999,3.682283113633323,-30.228,45.48408508300781,0.0
-0.0743399999999999,3.453462312852073,-30.204,44.512481689453125,4.819277108434148
-0.0743399999999999,3.453462312852073,-30.204,44.512481689453125,0.0
-0.06903,3.526277254258323,-30.084000000000003,43.52508544921875,23.932987634626432
-0.06903,3.526277254258323,-30.084000000000003,43.52508544921875,0.0
-0.0708,3.328675935898948,-29.892,42.53013610839844,35.99550056242174
-0.0708,3.328675935898948,-29.892,42.53013610839844,0.0
-0.07139,3.328675935898948,-30.012,41.58462524414063,-23.29192546584352
-0.07139,3.453462312852073,-30.012,41.58462524414063,0.0
-0.0654899999999999,3.328675935898948,-30.066,40.645294189453125,-10.852090032155775
-0.0654899999999999,3.328675935898948,-30.066,40.645294189453125,0.0
-0.0708,3.255891512070823,-30.168,39.6771240234375,-20.371479928089947
-0.0708,3.255891512070823,-30.168,39.6771240234375,0.0
-0.07021,3.214265535508323,-30.294,38.7322998046875,-25.25556223691181
-0.07021,3.214265535508323,-30.294,38.7322998046875,0.0
-0.06254,3.151887605820823,-30.072,37.7325439453125,44.605183845688366
-0.06254,3.151887605820823,-30.072,37.7325439453125,0.0
-0.07021,3.151887605820823,-29.718,36.756134033203125,71.2560386473703
-0.07021,3.151887605820823,-29.718,36.756134033203125,0.0
-0.0654899999999999,3.027070711289573,-29.898000000000003,35.79963684082031,-37.03703703703197
-0.0654899999999999,3.027070711289573,-29.898000000000003,35.79963684082031,0.0
-0.0672599999999999,2.964662264023948,-30.162000000000003,34.82185363769531,-56.48267008984175
-0.0672599999999999,2.964662264023948,-30.162000000000003,34.82185363769531,0.0
-0.06608,2.943879793320823,-30.138,33.8543701171875,4.785643070787614
-0.06608,2.943879793320823,-30.138,33.8543701171875,0.0
-0.06254,2.808686922227073,-30.204,32.899932861328125,-13.376570733688052
-0.06254,2.808686922227073,-30.204,32.899932861328125,0.0
-0.06372,2.756684969102073,-29.928,31.883697509765625,55.81395348837983
-0.06372,2.756684969102073,-29.928,31.883697509765625,0.0
-0.06077,2.756684969102073,-29.976000000000003,30.93955993652344,-9.619238476948611
-0.06077,2.756684969102073,-29.976000000000003,30.93955993652344,0.0
-0.06372,2.527864168320823,-29.94,29.9761962890625,7.371007371006813
-0.06372,2.527864168320823,-29.94,29.9761962890625,0.0
-0.06431,2.579866121445823,-30.192,29.014205932617188,-50.82694634931352
-0.06431,2.579866121445823,-30.192,29.014205932617188,0.0
-0.0554599999999999,2.455079744492698,-30.174000000000003,28.05084228515625,3.570720095217166
-0.0554599999999999,2.455079744492698,-30.174000000000003,28.05084228515625,0.0
-0.06018,2.403077791367698,-30.234,27.03598022460937,-12.062726176113848
-0.06018,2.403077791367698,-30.234,27.03598022460937,0.0
-0.0536899999999999,2.288667390977073,-29.82,26.06163024902344,83.4509171537739
-0.0536899999999999,2.288667390977073,-29.82,26.06163024902344,0.0
-0.06195,2.257478426133323,-29.904,25.08384704589844,-16.723073860238376
-0.06195,2.257478426133323,-29.904,25.08384704589844,0.0
-0.05959,2.153474519883323,-30.036,24.132843017578125,-24.835371589842616
-0.05959,2.153474519883323,-30.036,24.132843017578125,0.0
-0.0560499999999999,2.111879060898948,-30.12,23.1591796875,-16.713091922002626
-0.0560499999999999,2.111879060898948,-30.12,23.1591796875,0.0
-0.05664,1.997468660508323,-30.18,22.176589965820312,-12.232415902138351
-0.05664,1.997468660508323,-30.18,22.176589965820312,0.0
-0.05133,1.935090730820823,-30.12,21.177520751953125,12.153129430823885
-0.05133,1.935090730820823,-30.12,21.177520751953125,0.0
-0.0536899999999999,1.841462801133323,-29.856,20.186004638671875,53.60406091370471
-0.0536899999999999,1.841462801133323,-29.856,20.186004638671875,0.0
-0.05133,1.799867342148948,-29.7,19.232940673828125,31.61734900690001
-0.05133,1.799867342148948,-29.7,19.232940673828125,0.0
-0.0572299999999999,1.716676424180198,-29.964,18.25790405273437,-52.77888844461082
-0.0572299999999999,1.716676424180198,-29.964,18.25790405273437,0.0
-0.05015,1.571077058945823,-30.132000000000005,17.264328002929688,-33.359809372515926
-0.05015,1.571077058945823,-30.132000000000005,17.264328002929688,0.0
-0.0548699999999999,1.519075105820823,-30.258,16.294784545898438,-24.97027348394599
-0.0548699999999999,1.519075105820823,-30.258,16.294784545898438,0.0
-0.04661,1.363069246445823,-30.036,15.287475585937498,44.44444444443536
-0.04661,1.363069246445823,-30.036,15.287475585937498,0.0
-0.05015,1.363069246445823,-29.796000000000003,14.322738647460938,47.20692368213892
-0.05015,1.363069246445823,-29.796000000000003,14.322738647460938,0.0
-0.0507399999999999,1.238282869492698,-29.982,13.37310791015625,-37.27454909820028
-0.0507399999999999,1.238282869492698,-29.982,13.37310791015625,0.0
-0.04602,1.186280916367698,-30.084000000000003,12.382965087890623,-18.902891030389863
-0.04602,1.186280916367698,-30.084000000000003,12.382965087890623,0.0
-0.05133,1.061464021836448,-30.066,11.427841186523438,3.391746749575584
-0.05133,1.061464021836448,-30.066,11.427841186523438,0.0
-0.04543,1.040681551133323,-30.276,10.4205322265625,-39.99238240334256
-0.04543,1.040681551133323,-30.276,10.4205322265625,0.0
-0.04661,0.884675691758323,-29.898000000000003,9.46197509765625,75.49430796885657
-0.04661,0.884675691758323,-29.898000000000003,9.46197509765625,0.0
-0.04366,0.884675691758323,-29.85,8.458099365234375,8.88888888888655
-0.04366,0.884675691758323,-29.85,8.458099365234375,0.0
-0.0472,0.853486726914573,-30.048,7.530441284179687,-37.41496598638873
-0.0472,0.853486726914573,-30.048,7.530441284179687,0.0
-0.04661,0.822267244492698,-30.204,6.552658081054688,-30.878859857487736
-0.04661,0.822267244492698,-30.204,6.552658081054688,0.0
-0.04366,0.666291902695823,-30.216,5.5755615234375,-2.400960384153511
-0.04366,0.666291902695823,-30.216,5.5755615234375,0.0
-0.04307,0.510286043320823,-30.186,4.580612182617188,6.043513295732492
-0.04307,0.510286043320823,-30.186,4.580612182617188,0.0
-0.03953,0.4894730550395729,-29.898000000000003,3.58428955078125,57.6115223044426
-0.03953,0.4894730550395729,-29.898000000000003,3.58428955078125,0.0
-0.04071,0.3126847249614479,-29.868,2.6511383056640625,6.163961372513128
-0.04071,0.3126847249614479,-29.868,2.6511383056640625,0.0
-0.0401199999999999,0.3230912191020729,-29.958,1.67266845703125,-17.892644135196416
-0.0401199999999999,0.3230912191020729,-29.958,1.67266845703125,0.0
-0.03953,0.3230912191020729,-30.012,0.6873321533203125,-10.32110091743265
-0.03953,0.1878678304301979,-30.012,0.6873321533203125,0.0
-0.03953,0.1254899007426979,-30.384,-0.2725982666015625,-74.08882692686522
-0.03953,0.1254899007426979,-30.384,-0.2725982666015625,0.0
-0.03658,0.0214859944926979,-30.18,-1.284027099609375,41.054538136424064
-0.03658,0.0214859944926979,-30.18,-1.284027099609375,0.0
-0.0348099999999999,-0.082517911757302,-30.048,-2.265243530273437,26.596816441668366
-0.0348099999999999,-0.082517911757302,-30.048,-2.265243530273437,0.0
-0.03658,-0.155332853163552,-29.844000000000005,-3.18878173828125,39.31393332050038
-0.03658,-0.155332853163552,-29.844000000000005,-3.18878173828125,0.0
-0.0354,0.0006730062114479,-30.21,-4.17755126953125,-75.09232663108864
-0.0354,0.0006730062114479,-30.21,-4.17755126953125,0.0
-0.03422,-0.155332853163552,-30.108000000000004,-5.1587677001953125,19.67213114753701
-0.03422,-0.155332853163552,-30.108000000000004,-5.1587677001953125,0.0
-0.0348099999999999,-0.228117276991677,-30.18,-6.14410400390625,-14.189988175007686
-0.0348099999999999,-0.228117276991677,-30.18,-6.14410400390625,0.0
-0.03068,-0.384123136366677,-30.018,-7.145233154296875,30.89834064466826
-0.03068,-0.384123136366677,-30.018,-7.145233154296875,0.0
-0.03068,-0.550535489882302,-29.838,-8.119583129882812,35.29411764706727
-0.03068,-0.550535489882302,-29.838,-8.119583129882812,0.0
-0.03422,-0.550535489882302,-29.892,-9.056854248046877,-11.42131979696242
-0.03422,-0.508909513319802,-29.892,-9.056854248046877,0.0
-0.03068,-0.633726407851052,-30.018,-10.028457641601562,-24.980174464720445
-0.03068,-0.633726407851052,-30.018,-10.028457641601562,0.0
-0.0336299999999999,-0.633726407851052,-30.102,-11.00555419921875,-15.84009051479872
-0.0336299999999999,-0.685728360976052,-30.102,-11.00555419921875,0.0
-0.03009,-0.831327726210427,-30.162000000000003,-11.999130249023438,-12.060301507533955
-0.03009,-0.831327726210427,-30.162000000000003,-11.999130249023438,0.0
-0.02832,-0.924925138319802,-30.204,-12.989273071289062,-7.144072121108469
-0.02832,-0.924925138319802,-30.204,-12.989273071289062,0.0
-0.0295,-0.935331632460427,-29.874,-13.967742919921877,61.832490163003854
-0.0295,-0.935331632460427,-29.874,-13.967742919921877,0.0
-0.0277299999999999,-1.080930997694802,-30.222,-14.911880493164062,-70.6886045094235
-0.0277299999999999,-1.080930997694802,-30.222,-14.911880493164062,0.0
-0.02832,-1.205717374647927,-30.12,-15.891036987304688,20.270270270270636
-0.02832,-1.205717374647927,-30.12,-15.891036987304688,0.0
-0.0277299999999999,-1.205717374647927,-30.318,-16.912765502929688,-36.23055809699817
-0.0277299999999999,-1.205717374647927,-30.318,-16.912765502929688,0.0
-0.0265499999999999,-1.372129728163552,-30.162000000000003,-17.853469848632812,31.50878610382752
-0.0265499999999999,-1.372129728163552,-30.162000000000003,-17.853469848632812,0.0
-0.02124,-1.413725187147927,-30.024,-18.8690185546875,28.031687995116357
-0.02124,-1.413725187147927,-30.024,-18.8690185546875,0.0
-0.0259599999999999,-1.372129728163552,-29.874,-19.829635620117188,29.821073558640105
-0.0259599999999999,-1.372129728163552,-29.874,-19.829635620117188,0.0
-0.02242,-1.465727140272927,-30.132000000000005,-20.80535888671875,-52.89052890531267
-0.02242,-1.465727140272927,-30.132000000000005,-20.80535888671875,0.0
-0.0241899999999999,-1.424131681288552,-30.288,-21.78794860839844,-31.45795523291213
-0.0241899999999999,-1.424131681288552,-30.288,-21.78794860839844,0.0
-0.0200599999999999,-1.621732999647927,-30.306,-22.73277282714844,-3.651115618662801
-0.0200599999999999,-1.621732999647927,-30.306,-22.73277282714844,0.0
-0.0206499999999999,-1.767332364882302,-30.264000000000003,-23.7139892578125,7.923033389927054
-0.0206499999999999,-1.767332364882302,-30.264000000000003,-23.7139892578125,0.0
-0.0206499999999999,-1.767332364882302,-30.006,-24.68833923339844,52.97741273100264
-0.0206499999999999,-1.902525235976052,-30.006,-24.68833923339844,0.0
-0.0177,-2.048124601210427,-30.18,-25.621490478515625,-34.78608556579091
-0.0177,-2.048124601210427,-30.18,-25.621490478515625,0.0
-0.0206499999999999,-2.048124601210427,-30.072,-26.624679565429688,20.473933649285208
-0.0206499999999999,-2.048124601210427,-30.072,-26.624679565429688,0.0
-0.01593,-2.068937589491677,-30.444,-27.59971618652344,-71.31901840489735
-0.01593,-2.068937589491677,-30.444,-27.59971618652344,0.0
-0.01711,-2.120909025038552,-30.162000000000003,-28.56170654296875,57.06191825172178
-0.01711,-2.120909025038552,-30.162000000000003,-28.56170654296875,0.0
-0.0129799999999999,-2.193723966444802,-30.348,-29.55184936523437,-37.28949478748267
-0.0129799999999999,-2.193723966444802,-30.348,-29.55184936523437,0.0
-0.01593,-2.235319425429177,-29.874,-30.537185668945312,86.29164391046685
-0.01593,-2.235319425429177,-29.874,-30.537185668945312,0.0
-0.01416,-2.297727872694802,-30.108000000000004,-31.475830078125004,-47.12990936553999
-0.01416,-2.297727872694802,-30.108000000000004,-31.475830078125004,0.0
-0.01416,-2.401731778944802,-30.06,-32.430267333984375,8.966934429293833
-0.01416,-2.401731778944802,-30.06,-32.430267333984375,0.0
-0.0135699999999999,-2.599333097304177,-30.168,-33.405303955078125,-21.441334127465613
-0.0135699999999999,-2.599333097304177,-30.168,-33.405303955078125,0.0
-0.01416,-2.505735685194802,-30.27,-34.38102722167969,-20.36334597723635
-0.01416,-2.505735685194802,-30.27,-34.38102722167969,0.0
-0.01062,-2.765714933241677,-30.114,-35.369110107421875,31.585341162176743
-0.01062,-2.765714933241677,-30.114,-35.369110107421875,0.0
-0.00885,-2.817716886366677,-30.162000000000003,-36.352386474609375,-10.462074978200272
-0.00885,-2.817716886366677,-30.162000000000003,-36.352386474609375,0.0
-0.0123899999999999,-2.911314298476052,-30.108000000000004,-37.3095703125,11.120263591432526
-0.0123899999999999,-2.911314298476052,-30.108000000000004,-37.3095703125,0.0
-0.00885,-2.994535734022927,-30.414,-38.33335876464844,-57.06825811262656
-0.00885,-2.994535734022927,-30.414,-38.33335876464844,0.0
-0.0100299999999999,-3.119322110976052,-30.03,-39.26719665527344,75.62032296178077
-0.0100299999999999,-3.119322110976052,-30.03,-39.26719665527344,0.0
-0.00531,-2.963316251601052,-30.438,-40.315704345703125,-83.4526488034599
-0.00531,-2.963316251601052,-30.438,-40.315704345703125,0.0
-0.0100299999999999,-3.119322110976052,-30.036,-41.2811279296875,80.03185347405439
-0.0100299999999999,-3.119322110976052,-30.036,-41.2811279296875,0.0
-0.00708,-3.160917569960427,-30.24,-42.25273132324219,-38.58520900322106
-0.00708,-3.160917569960427,-30.24,-42.25273132324219,0.0
-0.00885,-3.171324064101052,-30.21,-43.249053955078125,5.79822187862316
-0.00885,-3.171324064101052,-30.21,-43.249053955078125,0.0
-0.00413,-3.337736417616677,-30.228,-44.23507690429688,-3.5992801439713182
-0.00413,-3.337736417616677,-30.228,-44.23507690429688,0.0
-0.00826,-3.337736417616677,-30.282,-45.19981384277344,-9.823540112791544
-0.00826,-3.337736417616677,-30.282,-45.19981384277344,0.0
-0.00354,-3.514524747694802,-30.288,-46.18034362792969,-1.2104095218880433
-0.00354,-3.514524747694802,-30.288,-46.18034362792969,0.0
-0.00413,-3.462522794569802,-30.354,-47.18421936035156,-12.170385395544407
-0.00413,-3.462522794569802,-30.354,-47.18421936035156,0.0
-0.0059,-3.639311124647927,-30.144,-48.12767028808594,38.9972144846768
-0.0059,-3.639311124647927,-30.144,-48.12767028808594,0.0
-0.0047199999999999,-3.576933194960427,-30.516,-49.1033935546875,-67.58720930234522
-0.0047199999999999,-3.576933194960427,-30.516,-49.1033935546875,0.0
-0.00295,-3.639311124647927,-30.03,-50.074310302734375,98.32085777866024
-0.00295,-3.639311124647927,-30.03,-50.074310302734375,0.0
-0.0005899999999999,-3.691313077772927,-30.492,-51.06239318847656,-95.0226244343342
-0.0005899999999999,-3.691313077772927,-30.492,-51.06239318847656,0.0
-0.0023599999999999,-3.774534513319802,-30.054,-52.05047607421875,83.0961866818371
-0.0023599999999999,-3.774534513319802,-30.054,-52.05047607421875,0.0
-0.0,-3.774534513319802,-30.354,-53.031005859375,-59.21831819977088
-0.0,-3.868131925429177,-30.354,-53.031005859375,0.0
-0.00354,-3.816129972304177,-30.186,-53.99917602539063,33.1950207469025
-0.00354,-3.816129972304177,-30.186,-53.99917602539063,0.0
-0.0,-3.940916349257302,-30.288,-55.00648498535156,-20.52726906822671
-0.0,-3.940916349257302,-30.288,-55.00648498535156,0.0
-0.0023599999999999,-3.899320890272927,-30.27,-55.93894958496094,3.6326942482324234
-0.0023599999999999,-3.899320890272927,-30.27,-55.93894958496094,0.0
-0.0,-4.128111173476052,-30.354,-56.907806396484375,-14.75496223432062
-0.0,-4.128111173476052,-30.354,-56.907806396484375,0.0
-0.0,-4.024137784804177,-30.450000000000003,-57.89245605468751,-19.021200713291478
-0.0,-4.024137784804177,-30.450000000000003,-57.89245605468751,0.0
-0.0,-4.304930021132302,-30.18,-58.858566284179695,52.858261550510754
-0.0,-4.304930021132302,-30.18,-58.858566284179695,0.0
-0.0,-3.930509855116677,-30.516,-59.85145568847656,-67.34816596514517
-0.0,-3.930509855116677,-30.516,-59.85145568847656,0.0
-0.0,-4.159330655897927,-30.09,-60.82168579101562,86.09539207762693
-0.0,-4.159330655897927,-30.09,-60.82168579101562,0.0
-0.0,-4.273710538710427,-30.378,-61.77131652832031,-57.95934795734588
-0.0,-4.273710538710427,-30.378,-61.77131652832031,0.0
-0.0,-4.211332609022927,-30.078,-62.720947265625,59.61844197138417
-0.0,-4.211332609022927,-30.078,-62.720947265625,0.0
0.0005899999999999,-4.388120939101052,-30.51,-63.73374938964844,-86.90404345200173
0.0005899999999999,-4.388120939101052,-30.51,-63.73374938964844,0.0
-0.00177,-4.377714444960427,-30.24,-64.69985961914062,54.24954792043211
-0.00177,-4.377714444960427,-30.24,-64.69985961914062,0.0
0.00177,-4.429716398085427,-30.48,-65.65910339355469,-47.85643070787473
0.00177,-4.429716398085427,-30.48,-65.65910339355469,0.0
-0.0,-4.336118985976052,-30.294,-66.62246704101562,37.72819472615365
-0.0,-4.336118985976052,-30.294,-66.62246704101562,0.0
-0.0,-4.377714444960427,-30.21,-67.6153564453125,16.67328304883218
-0.0,-4.377714444960427,-30.21,-67.6153564453125,0.0
-0.0,-4.512937833632302,-30.732,-68.59588623046875,-101.95312499996848
-0.0,-4.512937833632302,-30.732,-68.59588623046875,0.0
0.0011799999999999,-4.720915128554177,-30.132000000000005,-69.59358215332031,117.141741507221
0.0011799999999999,-4.720915128554177,-30.132000000000005,-69.59358215332031,0.0
-0.0,-4.720915128554177,-30.54,-70.54733276367188,-77.56653992395592
-0.0,-4.544126798476052,-30.54,-70.54733276367188,0.0
-0.0,-4.814512540663552,-30.192,-71.55258178710938,69.48881789137188
-0.0,-4.814512540663552,-30.192,-71.55258178710938,0.0
-0.0,-4.710508634413552,-30.468,-72.51182556152344,-53.5298681148229
-0.0,-4.710508634413552,-30.468,-72.51182556152344,0.0
-0.0,-4.668913175429177,-29.958,-73.44703674316406,104.80887792848766
-0.0,-4.668913175429177,-29.958,-73.44703674316406,0.0
0.00295,-5.157713224257302,-30.516,-74.43305969238281,-112.34145359370471
0.00295,-5.157713224257302,-30.516,-74.43305969238281,0.0
0.0005899999999999,-5.064115812147927,-29.496,-75.399169921875,203.9592081583669
0.0005899999999999,-5.064115812147927,-29.496,-75.399169921875,0.0
0.0047199999999999,-5.292936612929177,-29.1,-76.31378173828125,79.0576961469168
0.0047199999999999,-5.292936612929177,-29.1,-76.31378173828125,0.0
0.00295,-5.136930753554177,-27.912,-77.21260070800781,238.84197828705976
0.00295,-5.136930753554177,-27.912,-77.21260070800781,0.0
0.0094399999999999,-5.313719083632302,-27.072,-78.1292724609375,170.4199634815375
0.0094399999999999,-5.313719083632302,-27.072,-78.1292724609375,0.0
0.00354,-5.209715177382302,-25.77,-78.95050048828125,259.62113659021816
0.00354,-5.209715177382302,-25.77,-78.95050048828125,0.0
0.00767,-5.261717130507302,-25.29,-79.75593566894531,97.58080910752231
0.00767,-5.261717130507302,-25.29,-79.75593566894531,0.0
0.0064899999999999,-5.386534025038552,-23.868,-80.52978515625,272.62269938646267
0.0064899999999999,-5.386534025038552,-23.868,-80.52978515625,0.0
0.00826,-5.220121671522927,-23.286,-81.29539489746094,116.91442346320812
0.00826,-5.220121671522927,-23.286,-81.29539489746094,0.0
0.0094399999999999,-5.428129484022927,-22.074,-82.02255249023438,214.02083701210975
0.0094399999999999,-5.428129484022927,-22.074,-82.02255249023438,0.0
0.00885,-5.261717130507302,-21.156,-82.72087097167969,185.4920185896195
0.00885,-5.261717130507302,-21.156,-82.72087097167969,0.0
0.01416,-5.344908048476052,-20.130000000000003,-83.38554382324219,182.72484416733096
0.01416,-5.344908048476052,-20.130000000000003,-83.38554382324219,0.0
0.0100299999999999,-5.261717130507302,-18.774,-84.0069580078125,271.8524458700405
0.0100299999999999,-5.261717130507302,-18.774,-84.0069580078125,0.0
0.00885,-5.261717130507302,-18.3,-84.58511352539062,88.63126402390998
0.00885,-5.209715177382302,-18.3,-84.58511352539062,0.0
0.0135699999999999,-5.428129484022927,-17.496,-85.17631530761719,152.12866603593247
0.0135699999999999,-5.428129484022927,-17.496,-85.17631530761719,0.0
0.01062,-5.344908048476052,-16.026,-85.70640563964844,306.69726684752527
0.01062,-5.344908048476052,-16.026,-85.70640563964844,0.0
0.0118,-5.313719083632302,-15.222,-86.20491027832031,161.08996193146342
0.0118,-5.313719083632302,-15.222,-86.20491027832031,0.0
0.01593,-5.261717130507302,-14.562,-86.68487548828125,140.30612244897176
0.01593,-5.261717130507302,-14.562,-86.68487548828125,0.0
0.01416,-5.365721036757302,-13.272,-87.12295532226562,256.1556791103803
0.01416,-5.365721036757302,-13.272,-87.12295532226562,0.0
0.0118,-5.313719083632302,-12.072,-87.51640319824219,244.4987775060949
0.0118,-5.313719083632302,-12.072,-87.51640319824219,0.0
0.0123899999999999,-5.282530118788552,-11.346,-87.89543151855469,145.98833701991694
0.0123899999999999,-5.282530118788552,-11.346,-87.89543151855469,0.0
0.01652,-5.355314542616677,-10.752,-88.25523376464844,119.83054266699752
0.01652,-5.355314542616677,-10.752,-88.25523376464844,0.0
0.0177,-5.396910001601052,-9.384,-88.59512329101562,260.22446262125266
0.0177,-5.396910001601052,-9.384,-88.59512329101562,0.0
0.0194699999999999,-5.386534025038552,-8.028,-88.86154174804688,259.32300631096166
0.0194699999999999,-5.386534025038552,-8.028,-88.86154174804688,0.0
0.0129799999999999,-5.386534025038552,-6.582,-89.10049438476562,290.01203369441265
0.0129799999999999,-5.386534025038552,-6.582,-89.10049438476562,0.0
0.0129799999999999,-5.386534025038552,-6.0,-89.30580139160156,124.97315868580394
0.0129799999999999,-5.386534025038552,-6.0,-89.30580139160156,0.0
0.0129799999999999,-5.386534025038552,-5.226,-89.47540283203125,144.26840633734028
0.0129799999999999,-5.386534025038552,-5.226,-89.47540283203125,0.0
0.01475,-5.386534025038552,-4.8420000000000005,-89.63607788085938,73.26846021749319
0.01475,-5.313719083632302,-4.8420000000000005,-89.63607788085938,0.0
0.0177,-5.428129484022927,-3.858000000000001,-89.769287109375,194.46640316204423
0.0177,-5.428129484022927,-3.858000000000001,-89.769287109375,0.0
0.0265499999999999,-5.428129484022927,-3.414,-89.88052368164062,89.49808506346751
0.0265499999999999,-5.334532071913552,-3.414,-89.88052368164062,0.0
0.0241899999999999,-5.428129484022927,-1.518,-89.96223449707031,386.9387755102642
0.0241899999999999,-5.428129484022927,-1.518,-89.96223449707031,0.0
0.02242,-5.365721036757302,-0.5159999999999999,-89.99313354492188,180.4105149441825
0.02242,-5.365721036757302,-0.5159999999999999,-89.99313354492188,0.0
0.02242,-5.272123624647927,-0.0959999999999999,-90.00411987304688,85.2791878172577
0.02242,-5.272123624647927,-0.0959999999999999,-90.00411987304688,0.0
0.02242,-5.272123624647927,0.0059999999999999,-90.00343322753906,20.29446876244616
0.02242,-5.272123624647927,0.0059999999999999,-90.00343322753906,0.0
0.02183,-5.053709318007302,-0.0,-90.00617980957031,-1.2140833670579052
0.02183,-5.053709318007302,-0.0,-90.00617980957031,0.0
0.02183,-5.251310636366677,-0.0119999999999999,-90.00480651855469,-2.399520095980768
0.02183,-5.251310636366677,-0.0119999999999999,-90.00480651855469,0.0
0.02242,-5.261717130507302,-0.0059999999999999,-90.00480651855469,1.2736149437485775
0.02242,-5.261717130507302,-0.0059999999999999,-90.00480651855469,0.0
0.02242,-5.261717130507302,0.0119999999999999,-90.00617980957031,3.745318352061026
0.02242,-5.261717130507302,0.0119999999999999,-90.00617980957031,0.0
0.02242,-5.292936612929177,0.0119999999999999,-90.00411987304688,0.0
0.02242,-5.313719083632302,-0.0059999999999999,-90.00480651855469,-3.613006824567088
0.02242,-5.313719083632302,-0.0059999999999999,-90.00480651855469,0.0
0.02242,-5.313719083632302,-0.0059999999999999,-90.00617980957031,0.0
0.02183,-5.334532071913552,-0.018,-90.00411987304688,-2.409154788194779
0.02183,-5.334532071913552,-0.018,-90.00411987304688,0.0
0.02242,-5.365721036757302,0.0119999999999999,-90.00480651855469,6.021678040949487
0.02242,-5.365721036757302,0.0119999999999999,-90.00480651855469,0.0
0.0236,-5.365721036757302,-0.018,-90.00411987304688,-6.050826946346853
0.0236,-5.365721036757302,-0.018,-90.00411987304688,0.0
0.0236,-5.344908048476052,-0.0,-90.00343322753906,3.4058656575208675
0.0236,-5.344908048476052,-0.0,-90.00343322753906,0.0
0.0253699999999999,-5.344908048476052,-0.018,-90.00343322753906,-3.5307963907412807
0.0253699999999999,-5.344908048476052,-0.018,-90.00343322753906,0.0
0.0247799999999999,-5.376127530897927,-0.0119999999999999,-90.00480651855469,1.210653753026664
0.0247799999999999,-5.376127530897927,-0.0119999999999999,-90.00480651855469,0.0
0.0236,-5.344908048476052,0.0239999999999999,-90.00617980957031,7.317073170728641
0.0236,-5.344908048476052,0.0239999999999999,-90.00617980957031,0.0
0.0247799999999999,-5.386534025038552,-0.0119999999999999,-90.00480651855469,-7.26099233562141
0.0247799999999999,-5.386534025038552,-0.0119999999999999,-90.00480651855469,0.0
0.0247799999999999,-5.386534025038552,0.0059999999999999,-90.00686645507812,3.2973071991195466
0.0247799999999999,-5.386534025038552,0.0059999999999999,-90.00686645507812,0.0
0.0295,-5.365721036757302,-0.0059999999999999,-90.00411987304688,-2.230483271375913
0.0295,-5.365721036757302,-0.0059999999999999,-90.00411987304688,0.0
0.03835,-5.324125577772927,0.066,-90.00411987304688,13.554216867469902
0.03835,-5.324125577772927,0.066,-90.00411987304688,0.0
0.0530999999999999,-5.209715177382302,0.36,-90.00068664550781,59.08360128618309
0.0530999999999999,-5.209715177382302,0.36,-90.00068664550781,0.0
0.07021,-5.261717130507302,0.864,-89.98695373535156,95.7810718358344
0.07021,-5.261717130507302,0.864,-89.98695373535156,0.0
0.08142,-5.282530118788552,2.94,-89.92515563964844,391.2551828118432
0.08142,-5.282530118788552,2.94,-89.92515563964844,0.0
0.08791,-5.230528165663552,3.984,-89.82078552246094,212.7139364303024
0.08791,-5.230528165663552,3.984,-89.82078552246094,0.0
0.08378,-5.428129484022927,6.666,-89.6429443359375,524.2376856918436
0.08378,-5.428129484022927,6.666,-89.6429443359375,0.0
0.08555,-5.240934659804177,8.658000000000001,-89.39369201660156,402.0181634710397
0.08555,-5.240934659804177,8.658000000000001,-89.39369201660156,0.0
0.07729,-5.209715177382302,9.396,-89.10736083984375,150.39739148157744
0.07729,-5.209715177382302,9.396,-89.10736083984375,0.0
0.07375,-5.261717130507302,9.888,-88.79837036132812,97.59968260261792
0.07375,-5.261717130507302,9.888,-88.79837036132812,0.0
0.0778799999999999,-5.251310636366677,10.332,-88.46466064453125,90.79754601227722
0.0778799999999999,-5.251310636366677,10.332,-88.46466064453125,0.0
0.0843699999999999,-5.386534025038552,10.8,-88.12271118164062,93.18996415770044
0.0843699999999999,-5.386534025038552,10.8,-88.12271118164062,0.0
0.0885,-5.365721036757302,11.436,-87.76634216308594,129.32086213908136
0.0885,-5.365721036757302,11.436,-87.76634216308594,0.0
0.08378,-5.448911954726052,12.804,-87.37632751464844,275.0854614920753
0.08378,-5.448911954726052,12.804,-87.37632751464844,0.0
0.0825999999999999,-5.417722989882302,14.046,-86.96022033691406,247.4596533173556
0.0825999999999999,-5.417722989882302,14.046,-86.96022033691406,0.0
0.0820099999999999,-5.313719083632302,15.06,-86.50016784667969,194.5883707542044
0.0820099999999999,-5.313719083632302,15.06,-86.50016784667969,0.0
0.08968,-5.386534025038552,15.714,-86.00166320800781,129.30011862391643
0.08968,-5.386534025038552,15.714,-86.00166320800781,0.0
0.0890899999999999,-5.428129484022927,16.962000000000003,-85.47843933105469,254.90196078438308
0.0890899999999999,-5.428129484022927,16.962000000000003,-85.47843933105469,0.0
0.08614,-5.344908048476052,18.006,-84.91195678710938,207.101765522774
0.08614,-5.344908048476052,18.006,-84.91195678710938,0.0
0.0825999999999999,-5.282530118788552,18.426,-84.34684753417969,84.71157724891656
0.0825999999999999,-5.282530118788552,18.426,-84.34684753417969,0.0
0.0885,-5.428129484022927,19.446,-83.759765625,208.2482645977644
0.0885,-5.428129484022927,19.446,-83.759765625,0.0
0.08614,-5.396910001601052,20.724,-83.12324523925781,257.2463768116931
0.08614,-5.396910001601052,20.724,-83.12324523925781,0.0
0.08791,-5.344908048476052,21.438,-82.40707397460938,143.11485267593383
0.08791,-5.344908048476052,21.438,-82.40707397460938,0.0
0.0902699999999999,-5.469724943007302,22.47,-81.72935485839844,205.53674566822323
0.0902699999999999,-5.469724943007302,22.47,-81.72935485839844,0.0
0.08555,-5.469724943007302,23.454,-80.97679138183594,186.4342553997532
0.08555,-5.272123624647927,23.454,-80.97679138183594,0.0
0.08614,-5.168119718397927,24.288,-80.2276611328125,168.07738814997256
0.08614,-5.168119718397927,24.288,-80.2276611328125,0.0
0.09322,-5.168119718397927,25.584,-79.40231323242188,240.04445267639483
0.09322,-5.095335294569802,25.584,-79.40231323242188,0.0
0.0867299999999999,-5.043333341444802,26.532,-78.59893798828125,190.5144694534068
0.0867299999999999,-5.043333341444802,26.532,-78.59893798828125,0.0
0.0843699999999999,-5.043333341444802,27.678,-77.74063110351562,232.2188449848172
0.0843699999999999,-5.188932706679177,27.678,-77.74063110351562,0.0
0.0867299999999999,-5.032926847304177,28.278,-76.81297302246094,121.55591572121368
0.0867299999999999,-5.032926847304177,28.278,-76.81297302246094,0.0
0.09204,-5.324125577772927,29.184,-75.89492797851562,181.0189810189601
0.09204,-5.324125577772927,29.184,-75.89492797851562,0.0
0.08968,-5.032926847304177,30.312,-74.937744140625,226.9161134581656
0.08968,-5.032926847304177,30.312,-74.937744140625,0.0
0.0890899999999999,-5.147337247694802,31.47,-73.93730163574219,237.9289089787954
0.0890899999999999,-5.147337247694802,31.47,-73.93730163574219,0.0
0.0885,-5.053709318007302,32.202000000000005,-72.9327392578125,148.41849148418146
0.0885,-5.053709318007302,32.202000000000005,-72.9327392578125,0.0
0.08378,-5.053709318007302,33.144,-71.88629150390625,190.5725268055511
0.08378,-4.856107999647927,33.144,-71.88629150390625,0.0
0.0802399999999999,-5.136930753554177,33.38999999999999,-70.79795837402344,48.42519685039723
0.0802399999999999,-5.136930753554177,33.38999999999999,-70.79795837402344,0.0
0.08083,-4.856107999647927,33.156,-69.73228454589844,-39.897698209717696
0.08083,-4.856107999647927,33.156,-69.73228454589844,0.0
0.0796499999999999,-4.887327482069802,33.276,-68.64944458007812,24.208190437778217
0.0796499999999999,-4.887327482069802,33.276,-68.64944458007812,0.0
0.0796499999999999,-4.731321622694802,33.37799999999999,-67.620849609375,19.93745113370609
0.0796499999999999,-4.731321622694802,33.37799999999999,-67.620849609375,0.0
0.0796499999999999,-4.689726163710427,33.354,-66.50505065917969,-4.783735299980056
0.0796499999999999,-4.689726163710427,33.354,-66.50505065917969,0.0
0.0820099999999999,-4.918516446913552,33.354,-65.41671752929688,0.0
0.0778799999999999,-4.648130704726052,33.126,-64.38056945800781,-44.44444444446522
0.0778799999999999,-4.648130704726052,33.126,-64.38056945800781,0.0
0.07906,-4.648130704726052,33.474000000000004,-63.29566955566406,59.8555211558228
0.07906,-4.627317716444802,33.474000000000004,-63.29566955566406,0.0
0.08083,-4.523313810194802,33.288000000000004,-62.23136901855469,-36.985484191685295
0.08083,-4.523313810194802,33.288000000000004,-62.23136901855469,0.0
0.0796499999999999,-4.512937833632302,33.38999999999999,-61.15264892578125,20.202020202019604
0.0796499999999999,-4.512937833632302,33.38999999999999,-61.15264892578125,0.0
0.08083,-4.752134610976052,33.42,-60.08079528808593,5.991611743557495
0.08083,-4.752134610976052,33.42,-60.08079528808593,0.0
0.0755199999999999,-4.356931974257302,33.126,-59.02816772460937,-63.06306306306769
0.0755199999999999,-4.356931974257302,33.126,-59.02816772460937,0.0
0.07729,-4.408933927382302,33.318,-57.95768737792969,38.73310470044372
0.07729,-4.408933927382302,33.318,-57.95768737792969,0.0
0.0767,-4.336118985976052,33.36,-56.8927001953125,8.457511075313155
0.0767,-4.336118985976052,33.36,-56.8927001953125,0.0
0.07375,-4.315336515272927,33.342,-55.85517883300781,-3.599999999998295
0.07375,-4.315336515272927,33.342,-55.85517883300781,0.0
0.07906,-4.377714444960427,33.348,-54.7503662109375,1.0179843909058033
0.07906,-4.377714444960427,33.348,-54.7503662109375,0.0
0.07729,-4.034513761366677,33.276,-53.642120361328125,-14.20398500690699
0.07729,-4.034513761366677,33.276,-53.642120361328125,0.0
0.07257,-3.992918302382302,33.486000000000004,-52.61489868164063,39.73509933774362
0.07257,-3.992918302382302,33.486000000000004,-52.61489868164063,0.0
0.07257,-3.868131925429177,33.318,-51.53892517089844,-33.76205787782019
0.07257,-3.868131925429177,33.318,-51.53892517089844,0.0
0.07021,-3.816129972304177,33.222,-50.49385070800781,-18.99109792283952
0.07021,-3.816129972304177,33.222,-50.49385070800781,0.0
0.0719799999999999,-3.961729337538552,33.300000000000004,-49.44671630859375,15.084122993616775
0.0719799999999999,-3.961729337538552,33.300000000000004,-49.44671630859375,0.0
0.07021,-3.680937101210427,33.084,-48.33915710449219,-42.62036306237029
0.07021,-3.680937101210427,33.084,-48.33915710449219,0.0
0.0708,-3.649717618788552,33.216,-47.294769287109375,26.363091671645314
0.0708,-3.649717618788552,33.216,-47.294769287109375,0.0
0.07139,-3.639311124647927,33.38999999999999,-46.20162963867188,34.441805225633146
0.07139,-3.639311124647927,33.38999999999999,-46.20162963867188,0.0
0.06903,-3.514524747694802,33.354,-45.1483154296875,-6.917755572631807
0.06903,-3.514524747694802,33.354,-45.1483154296875,0.0
0.0696199999999999,-3.514524747694802,33.27,-44.0826416015625,-17.276840806241783
0.0696199999999999,-3.514524747694802,33.27,-44.0826416015625,0.0
0.06608,-3.337736417616677,33.33,-43.00254821777344,12.116316639742008
0.06608,-3.337736417616677,33.33,-43.00254821777344,0.0
0.06667,-3.441709806288552,33.354,-41.91902160644531,4.96380558428155
0.06667,-3.441709806288552,33.354,-41.91902160644531,0.0
0.06844,-3.119322110976052,33.204,-40.82725524902344,-29.143190207882714
0.06844,-3.119322110976052,33.204,-40.82725524902344,0.0
0.06608,-3.119322110976052,33.144,-39.71900939941406,-11.18985453188808
0.06608,-3.129728605116677,33.144,-39.71900939941406,0.0
0.0708,-3.150511075819802,33.228,-38.6553955078125,16.5452038605482
0.0708,-3.150511075819802,33.228,-38.6553955078125,0.0
0.06844,-2.921720792616677,33.126,-37.55195617675781,-16.90981432361481
0.06844,-2.921720792616677,33.126,-37.55195617675781,0.0
0.0672599999999999,-2.869718839491677,33.252,-36.49658203125,25.22522522522128
0.0672599999999999,-2.869718839491677,33.252,-36.49658203125,0.0
0.06608,-2.911314298476052,33.336,-35.43365478515625,14.37863745292337
0.06608,-2.911314298476052,33.336,-35.43365478515625,0.0
0.06372,-2.807310392226052,33.282000000000004,-34.347381591796875,-10.761259465922215
0.06372,-2.807310392226052,33.282000000000004,-34.347381591796875,0.0
0.0654899999999999,-2.765714933241677,33.041999999999994,-33.30848693847656,-43.35260115607634
0.0654899999999999,-2.765714933241677,33.041999999999994,-33.30848693847656,0.0
0.06254,-2.620115568007302,33.204,-32.23457336425781,32.530120481930496
0.06254,-2.620115568007302,33.204,-32.23457336425781,0.0
0.06372,-2.682524015272927,33.354,-31.14830017089844,27.578599007174823
0.06372,-2.682524015272927,33.354,-31.14830017089844,0.0
0.06018,-2.474516202772927,33.233999999999995,-30.112838745117188,-24.335834516312968
0.06018,-2.474516202772927,33.233999999999995,-30.112838745117188,0.0
0.0560499999999999,-2.422514249647927,33.37799999999999,-29.02725219726562,28.73677908601243
0.0560499999999999,-2.422514249647927,33.37799999999999,-29.02725219726562,0.0
0.05841,-2.328916837538552,33.132,-27.945098876953125,-49.10179640716329
0.05841,-2.328916837538552,33.132,-27.945098876953125,0.0
0.0572299999999999,-2.245725919569802,33.066,-26.88079833984375,-13.234409464607449
0.0572299999999999,-2.245725919569802,33.066,-26.88079833984375,0.0
0.05664,-2.297727872694802,33.03,-25.85357666015625,-7.2014402880556805
0.05664,-2.297727872694802,33.03,-25.85357666015625,0.0
0.0572299999999999,-2.079313566054177,33.216,-24.744644165039062,37.19999999998096
0.0572299999999999,-2.079313566054177,33.216,-24.744644165039062,0.0
0.0536899999999999,-1.944120694960427,33.45,-23.64051818847656,46.75324675324157
0.0536899999999999,-1.944120694960427,33.45,-23.64051818847656,0.0
0.05251,-2.131315519179177,33.096,-22.603683471679688,-70.65868263470107
0.05251,-2.131315519179177,33.096,-22.603683471679688,0.0
0.05251,-1.902525235976052,33.204,-21.537322998046875,21.699819168173413
0.05251,-1.902525235976052,33.204,-21.537322998046875,0.0
0.0519199999999999,-2.006529142226052,33.24,-20.457916259765625,7.371007371006813
0.0519199999999999,-2.006529142226052,33.24,-20.457916259765625,0.0
0.0507399999999999,-1.777708341444802,33.072,-19.390869140625,-33.73493975903761
0.0507399999999999,-1.777708341444802,33.072,-19.390869140625,0.0
0.05133,-1.725736905897927,33.312000000000005,-18.34991455078125,48.1734243275621
0.05133,-1.725736905897927,33.312000000000005,-18.34991455078125,0.0
0.0483799999999999,-1.611326505507302,33.102,-17.249221801757812,-41.666666666659616
0.0483799999999999,-1.611326505507302,33.102,-17.249221801757812,0.0
0.0495599999999999,-1.548918058241677,33.018,-16.18560791015625,-16.833667334658646
0.0495599999999999,-1.548918058241677,33.018,-16.18560791015625,0.0
0.0483799999999999,-1.496916105116677,33.072,-15.111694335937498,10.707911957167536
0.0483799999999999,-1.496916105116677,33.072,-15.111694335937498,0.0
0.0483799999999999,-1.320127775038552,33.233999999999995,-14.066619873046877,32.39352129573902
0.0483799999999999,-1.320127775038552,33.233999999999995,-14.066619873046877,0.0
0.0472,-1.216123868788552,33.336,-12.953567504882812,20.523138832998185
0.0472,-1.216123868788552,33.336,-12.953567504882812,0.0
0.04543,-1.205717374647927,33.01199999999999,-11.849441528320312,-64.83890334201307
0.04543,-1.205717374647927,33.01199999999999,-11.849441528320312,0.0
0.04425,-1.028929044569802,33.023999999999994,-10.793380737304688,2.40048009601856
0.04425,-1.028929044569802,33.023999999999994,-10.793380737304688,0.0
0.04602,-0.924925138319802,33.12,-9.74212646484375,19.83471074379622
0.04602,-0.924925138319802,33.12,-9.74212646484375,0.0
0.04366,-0.727323819960427,33.114,-8.642807006835938,-1.1801730920535254
0.04366,-0.727323819960427,33.114,-8.642807006835938,0.0
0.04366,-0.789732267226052,33.258,-7.58880615234375,29.226709965505822
0.04366,-0.789732267226052,33.258,-7.58880615234375,0.0
0.03953,-0.706510831679177,33.204,-6.4785003662109375,-10.652988755173828
0.03953,-0.706510831679177,33.204,-6.4785003662109375,0.0
0.03953,-0.550535489882302,32.916000000000004,-5.381927490234375,-58.19357445948763
0.03953,-0.550535489882302,32.916000000000004,-5.381927490234375,0.0
0.03953,-0.363310148085427,32.886,-4.3416595458984375,-6.072874493925786
0.03953,-0.363310148085427,32.886,-4.3416595458984375,0.0
0.03835,-0.363310148085427,33.12,-3.2718658447265625,46.18117229132452
0.03835,-0.332121183241677,33.12,-3.2718658447265625,0.0
0.03953,-0.456938077772927,33.222,-2.17254638671875,20.57696187209674
0.03953,-0.456938077772927,33.222,-2.17254638671875,0.0
0.03658,-0.300932218397927,33.12,-1.067047119140625,-19.91409605622852
0.03658,-0.300932218397927,33.12,-1.067047119140625,0.0
0.0354,-0.186521818007302,33.096,-0.0151062011718749,-4.86914181375489
0.0354,-0.186521818007302,33.096,-0.0151062011718749,0.0
0.0348099999999999,0.0422684651958229,33.041999999999994,1.0540008544921875,-10.900282599916464
0.0348099999999999,0.0422684651958229,33.041999999999994,1.0540008544921875,0.0
0.03422,0.1046769124614479,33.072,2.1306610107421875,6.012024048094307
0.03422,0.1046769124614479,33.072,2.1306610107421875,0.0
0.03658,0.1046769124614479,33.12,3.144149780273437,8.865903213891798
0.03658,0.0214859944926979,33.12,3.144149780273437,0.0
0.03068,0.2606827718364479,33.156,4.2853546142578125,7.069913589948537
0.03068,0.2606827718364479,33.156,4.2853546142578125,0.0
0.03186,0.3646866780864479,32.964,5.3675079345703125,-38.6162510056421
0.03186,0.3646866780864479,32.964,5.3675079345703125,0.0
0.0336299999999999,0.531068514023948,32.742,6.41326904296875,-43.50382128161378
0.0336299999999999,0.531068514023948,32.742,6.41326904296875,0.0
0.03009,0.541475008164573,32.958000000000006,7.5029754638671875,43.84006494822713
0.03009,0.541475008164573,32.958000000000006,7.5029754638671875,0.0
0.0324499999999999,0.531068514023948,33.023999999999994,8.567276000976562,13.26899879372316
0.0324499999999999,0.531068514023948,33.023999999999994,8.567276000976562,0.0
0.0295,0.687074373398948,33.138,9.635009765625,24.595469255662294
0.0295,0.687074373398948,33.138,9.635009765625,0.0
0.0277299999999999,0.739076326523948,33.18000000000001,10.71990966796875,8.270972823946478
0.0277299999999999,0.739076326523948,33.18000000000001,10.71990966796875,0.0
0.02891,0.884675691758323,32.97,11.75262451171875,-40.8639813193261
0.02891,0.884675691758323,32.97,11.75262451171875,0.0
0.0277299999999999,0.926271150742698,32.97,12.842330932617188,0.0
0.0324499999999999,0.926271150742698,33.01199999999999,13.887405395507812,8.253094910593433
0.0324499999999999,1.009462068711448,33.01199999999999,13.887405395507812,0.0
0.02891,1.113465974961448,33.245999999999995,14.953079223632812,46.809361872393765
0.02891,1.113465974961448,33.245999999999995,14.953079223632812,0.0
0.0236,1.238282869492698,33.144,16.04278564453125,-18.70873074100574
0.0236,1.238282869492698,33.144,16.04278564453125,0.0
0.0247799999999999,1.363069246445823,32.754,17.111892700195312,-77.41167129814984
0.0247799999999999,1.363069246445823,32.754,17.111892700195312,0.0
0.0241899999999999,1.415071199570823,33.035999999999994,18.193359375,55.85264408790222
0.0241899999999999,1.415071199570823,33.035999999999994,18.193359375,0.0
0.0241899999999999,1.591890047227073,33.023999999999994,19.26864624023437,-2.414486921530924
0.0241899999999999,1.591890047227073,33.023999999999994,19.26864624023437,0.0
0.0236,1.591890047227073,33.204,20.328140258789062,36.630036630015866
0.0236,1.612672517930198,33.204,20.328140258789062,0.0
0.0200599999999999,1.612672517930198,33.186,21.43295288085937,-3.614457831325611
0.0200599999999999,1.612672517930198,33.186,21.43295288085937,0.0
0.0177,1.747865389023948,32.976,22.490386962890625,-41.241162608002966
0.0177,1.747865389023948,32.976,22.490386962890625,0.0
0.01829,1.914277742539573,32.874,23.54164123535156,-20.126282557215568
0.01829,1.914277742539573,32.874,23.54164123535156,0.0
0.0194699999999999,2.039064119492698,32.874,24.591522216796875,0.0
0.0194699999999999,2.028688142930198,33.233999999999995,25.62080383300781,71.85628742516786
0.0194699999999999,2.028688142930198,33.233999999999995,25.62080383300781,0.0
0.01711,1.997468660508323,33.12,26.72149658203125,-22.97460701330505
0.01711,1.997468660508323,33.12,26.72149658203125,0.0
0.01475,2.257478426133323,32.97,27.856521606445312,-29.80922098569173
0.01475,2.257478426133323,32.97,27.856521606445312,0.0
0.01593,2.288667390977073,32.99999999999999,28.88786315917969,5.998800239950777
0.01593,2.288667390977073,32.99999999999999,28.88786315917969,0.0
0.01475,2.351075838242698,32.94,29.94804382324219,-11.995201919228796
0.01475,2.351075838242698,32.94,29.94804382324219,0.0
0.01534,2.413484285508323,33.041999999999994,30.97869873046875,20.510758093706716
0.01534,2.413484285508323,33.041999999999994,30.97869873046875,0.0
0.01534,2.527864168320823,33.15,32.025146484375,22.1039705280444
0.01534,2.527864168320823,33.15,32.025146484375,0.0
0.0100299999999999,2.652681062852073,33.258,33.12858581542969,22.103970528028324
0.0100299999999999,2.652681062852073,33.258,33.12858581542969,0.0
0.0118,2.652681062852073,32.832,34.20661926269531,-84.05682715072689
0.0118,2.631868074570823,32.832,34.20661926269531,0.0
0.0118,2.704683015977073,32.879999999999995,35.292205810546875,9.825997952912829
0.0118,2.704683015977073,32.879999999999995,35.292205810546875,0.0
0.01062,2.777467439805198,33.24,36.322174072265625,66.70372429124825
0.01062,2.777467439805198,33.24,36.322174072265625,0.0
0.01062,3.006288240586448,33.126,37.4029541015625,-22.52964426877428
0.01062,3.006288240586448,33.126,37.4029541015625,0.0
0.00708,3.006288240586448,33.102,38.497467041015625,-4.778021102925452
0.00708,3.006288240586448,33.102,38.497467041015625,0.0
0.00826,2.891877840195823,32.85,39.560394287109375,-48.884578079581765
0.00826,2.891877840195823,32.85,39.560394287109375,0.0
0.00531,3.068666170273948,32.976,40.638427734375,25.009924573247915
0.00531,3.068666170273948,32.976,40.638427734375,0.0
0.00767,3.276673982773948,33.156,41.7205810546875,35.35651149086494
0.00767,3.276673982773948,33.156,41.7205810546875,0.0
0.0064899999999999,3.422273348008323,33.198,42.77458190917969,7.95906765207605
0.0064899999999999,3.422273348008323,33.198,42.77458190917969,0.0
0.00295,3.287080476914573,33.33,43.864288330078125,26.148969889090168
0.00295,3.287080476914573,33.33,43.864288330078125,0.0
0.00354,3.287080476914573,32.838,44.93408203125,-96.52736904062596
0.00354,3.172670076523948,32.838,44.93408203125,0.0
0.00354,3.526277254258323,32.79600000000001,46.01554870605469,-8.155339805823488
0.00354,3.526277254258323,32.79600000000001,46.01554870605469,0.0
0.00295,3.526277254258323,33.078,47.08946228027344,50.58295964125198
0.00295,3.661470125352073,33.078,47.08946228027344,0.0
0.00413,3.682283113633323,33.023999999999994,48.14208984375,-10.467144795506757
0.00413,3.682283113633323,33.023999999999994,48.14208984375,0.0
0.00295,3.505464265977073,33.252,49.24484252929688,53.08498253784845
0.00295,3.505464265977073,33.252,49.24484252929688,0.0
0.00177,3.526277254258323,32.958000000000006,50.326995849609375,-59.04800160676274
0.00177,3.526277254258323,32.958000000000006,50.326995849609375,0.0
0.0005899999999999,3.879884431992698,32.91,51.41670227050781,-10.103136181860798
0.0005899999999999,3.879884431992698,32.91,51.41670227050781,0.0
0.00177,3.921479890977073,32.91,52.48924255371094,0.0
0.00295,3.952668855820823,32.946000000000005,53.514404296875,7.44878957169964
0.00295,3.952668855820823,32.946000000000005,53.514404296875,0.0
-0.0,3.838288973008323,33.438,54.61372375488281,101.3597033374178
-0.0,3.838288973008323,33.438,54.61372375488281,0.0
-0.0,3.838288973008323,32.94,55.71647644042969,-99.56017592967868
-0.0,3.838288973008323,32.94,55.71647644042969,0.0
-0.0,4.150270174180198,32.754,56.80755615234375,-33.39917399895761
-0.0,4.150270174180198,32.754,56.80755615234375,0.0
0.0005899999999999,4.098268221055198,33.03,57.88215637207031,51.99698568199573
0.0005899999999999,4.098268221055198,33.03,57.88215637207031,0.0
-0.0,4.181489656602073,33.072,58.94508361816407,7.990867579904701
-0.0,4.181489656602073,33.072,58.94508361816407,0.0
-0.0,4.108674715195823,33.27,60.02655029296874,39.88718775180447
-0.0,4.108674715195823,33.27,60.02655029296874,0.0
-0.0,4.160676668320823,33.018,61.1272430419922,-49.69434036678287
-0.0,4.160676668320823,33.018,61.1272430419922,0.0
-0.0,4.379090974961448,32.838,62.20115661621093,-36.39304488472666
-0.0,4.379090974961448,32.838,62.20115661621093,0.0
0.00177,4.181489656602073,32.898,63.22288513183593,10.793308148951764
0.00177,4.181489656602073,32.898,63.22288513183593,0.0
-0.0,4.347871492539573,33.054,64.28512573242188,30.21499128416012
-0.0,4.347871492539573,33.054,64.28512573242188,0.0
-0.0,4.347871492539573,33.522,65.36384582519531,86.74698795180595
-0.0,4.347871492539573,33.522,65.36384582519531,0.0
-0.0,4.483064363633323,32.982,66.46522521972656,-107.91366906475744
-0.0,4.483064363633323,32.982,66.46522521972656,0.0
-0.0,4.503877351914573,32.742,67.56935119628906,-46.70169293637131
-0.0,4.503877351914573,32.742,67.56935119628906,0.0
-0.0,4.306276033555198,33.162000000000006,68.64189147949219,80.55235903333828
-0.0,4.306276033555198,33.162000000000006,68.64189147949219,0.0
-0.0,4.587068269883323,32.964,69.73640441894531,-39.06095876899808
-0.0,4.587068269883323,32.964,69.73640441894531,0.0
-0.0,4.524690340195823,33.27,70.75538635253906,58.76704436337335
-0.0,4.524690340195823,33.27,70.75538635253906,0.0
-0.0,4.670289705430198,32.82,71.81350708007812,-86.12440191382798
-0.0,4.670289705430198,32.82,71.81350708007812,0.0
-0.00531,4.701478670273948,32.129999999999995,72.8887939453125,-139.70439360193765
-0.00531,4.701478670273948,32.129999999999995,72.8887939453125,0.0
-0.00177,4.503877351914573,30.882,73.905029296875,-259.5134123517517
-0.00177,4.503877351914573,30.882,73.905029296875,0.0
-0.00354,4.763887117539573,30.222,74.87319946289062,-131.50029886438847
-0.00354,4.763887117539573,30.222,74.87319946289062,0.0
-0.00413,4.587068269883323,29.34,75.81596374511719,-161.56805275685983
-0.00413,4.587068269883323,29.34,75.81596374511719,0.0
-0.0064899999999999,4.805482576523948,28.422,76.75941467285156,-184.11552346561604
-0.0064899999999999,4.805482576523948,28.422,76.75941467285156,0.0
-0.0064899999999999,4.670289705430198,27.486,77.6513671875,-182.17205138177883
-0.0064899999999999,4.670289705430198,27.486,77.6513671875,0.0
-0.0094399999999999,4.847078035508323,26.322,78.51242065429688,-236.92245064140533
-0.0094399999999999,4.847078035508323,26.322,78.51242065429688,0.0
-0.0059,4.670289705430198,25.242,79.35287475585938,-200.6316180570388
-0.0059,4.670289705430198,25.242,79.35287475585938,0.0
-0.01062,4.826265047227073,24.576,80.14732360839844,-129.19495635300476
-0.01062,4.826265047227073,24.576,80.14732360839844,0.0
-0.00885,4.826265047227073,23.244,80.9197998046875,-265.9744408943736
-0.00885,4.795076082383323,23.244,80.9197998046875,0.0
-0.00826,4.847078035508323,22.524,81.67648315429688,-145.07354422738402
-0.00826,4.847078035508323,22.524,81.67648315429688,0.0
-0.00767,4.847078035508323,21.558,82.36930847167969,-191.78082191775084
-0.00767,4.899079988633323,21.558,82.36930847167969,0.0
-0.0100299999999999,4.795076082383323,20.88,83.02986145019531,-126.94252012728452
-0.0100299999999999,4.795076082383323,20.88,83.02986145019531,0.0
-0.01475,4.899079988633323,19.638,83.74809265136719,-250.1006846555001
-0.01475,4.899079988633323,19.638,83.74809265136719,0.0
-0.0118,4.847078035508323,17.964,84.34822082519531,-340.0365630714359
-0.0118,4.847078035508323,17.964,84.34822082519531,0.0
-0.0094399999999999,4.732667635117698,17.292,84.91744995117188,-138.12949640281067
-0.0094399999999999,4.732667635117698,17.292,84.91744995117188,0.0
-0.0135699999999999,4.899079988633323,16.626,85.45783996582031,-133.65442504507726
-0.0135699999999999,4.899079988633323,16.626,85.45783996582031,0.0
-0.0123899999999999,4.743074129258323,15.498,85.97076416015625,-229.7820330003804
-0.0123899999999999,4.743074129258323,15.498,85.97076416015625,0.0
-0.0123899999999999,4.649476717148948,14.646,86.44111633300781,-171.11869853388535
-0.0123899999999999,4.649476717148948,14.646,86.44111633300781,0.0
-0.01416,4.899079988633323,13.932,86.92108154296875,-134.79327921468106
-0.01416,4.899079988633323,13.932,86.92108154296875,0.0
-0.01829,4.847078035508323,12.78,87.3358154296875,-231.2788596666971
-0.01829,4.847078035508323,12.78,87.3358154296875,0.0
-0.01416,4.878267000352073,11.406,87.72720336914062,-269.30615444919164
-0.01416,4.878267000352073,11.406,87.72720336914062,0.0
-0.0123899999999999,4.878267000352073,10.572,88.06640625,-167.1007814066372
-0.0123899999999999,4.878267000352073,10.572,88.06640625,0.0
-0.01534,4.847078035508323,10.206,88.40011596679688,-72.76341948313214
-0.01534,4.847078035508323,10.206,88.40011596679688,0.0
-0.0177,4.919862459336448,9.09,88.71734619140625,-224.1864202490393
-0.0177,4.919862459336448,9.09,88.71734619140625,0.0
-0.0188799999999999,4.888673494492698,7.674,88.99818420410156,-285.0815381517668
-0.0188799999999999,4.888673494492698,7.674,88.99818420410156,0.0
-0.01593,4.899079988633323,6.33,89.22821044921875,-263.21974148035645
-0.01593,4.899079988633323,6.33,89.22821044921875,0.0
-0.01475,4.899079988633323,5.352,89.40879821777344,-204.8596564723572
-0.01475,4.899079988633323,5.352,89.40879821777344,0.0
-0.01475,4.878267000352073,4.578,89.56535339355469,-153.32805071308806
-0.01475,4.878267000352073,4.578,89.56535339355469,0.0
-0.01475,4.857484529648948,3.768,89.70680236816406,-168.8907422852761
-0.01475,4.857484529648948,3.768,89.70680236816406,0.0
-0.0177,4.847078035508323,3.204,89.81460571289062,-118.2885906040627
-0.0177,4.847078035508323,3.204,89.81460571289062,0.0
-0.01593,4.847078035508323,1.9020000000000004,89.8956298828125,-257.66871165625054
-0.01593,4.847078035508323,1.9020000000000004,89.8956298828125,0.0
-0.01829,4.899079988633323,1.248,89.94438171386719,-129.01953047941308
-0.01829,4.899079988633323,1.248,89.94438171386719,0.0
-0.0177,4.899079988633323,0.696,89.9725341796875,-102.4118738403397
-0.0177,4.899079988633323,0.696,89.9725341796875,0.0
-0.0188799999999999,4.847078035508323,0.27,89.98970031738281,-86.07799555472154
-0.0188799999999999,4.847078035508323,0.27,89.98970031738281,0.0
-0.0188799999999999,4.867891023789573,0.1379999999999999,89.99313354492188,-26.490066225150457
-0.0188799999999999,4.867891023789573,0.1379999999999999,89.99313354492188,0.0
-0.0188799999999999,4.847078035508323,0.12,89.99588012695312,-3.600720144030244
-0.0188799999999999,4.847078035508323,0.12,89.99588012695312,0.0
-0.01829,4.847078035508323,0.0959999999999999,90.00137329101562,-4.665629860036324
-0.01829,4.847078035508323,0.0959999999999999,90.00137329101562,0.0
-0.0188799999999999,4.847078035508323,0.036,89.99931335449219,-11.888250445815071
-0.0188799999999999,4.847078035508323,0.036,89.99931335449219,0.0
-0.01829,4.857484529648948,0.0239999999999999,90.00411987304688,-2.3405500292561374
-0.01829,4.857484529648948,0.0239999999999999,90.00411987304688,0.0
-0.0188799999999999,4.847078035508323,0.0119999999999999,90.0054931640625,-2.391867649988952
-0.0188799999999999,4.847078035508323,0.0119999999999999,90.0054931640625,0.0
-0.01829,4.847078035508323,0.0239999999999999,90.00480651855469,2.29007633587761
-0.01829,4.847078035508323,0.0239999999999999,90.00480651855469,0.0
-0.0188799999999999,4.847078035508323,0.0119999999999999,90.00755310058594,-2.411091018684122
-0.0188799999999999,4.847078035508323,0.0119999999999999,90.00755310058594,0.0
-0.0206499999999999,4.847078035508323,0.018,90.00686645507812,1.1860051393549644
-0.0206499999999999,4.888673494492698,0.018,90.00686645507812,0.0
-0.0206499999999999,4.847078035508323,0.0059999999999999,90.00686645507812,-2.367797947911128
-0.0206499999999999,4.847078035508323,0.0059999999999999,90.00686645507812,0.0
-0.0200599999999999,4.847078035508323,0.018,90.00755310058594,2.4514811031676924
-0.0200599999999999,4.847078035508323,0.018,90.00755310058594,0.0
-0.0206499999999999,4.847078035508323,-0.018,90.00617980957031,-7.231820008033526
-0.0206499999999999,4.847078035508323,-0.018,90.00617980957031,0.0
-0.0200599999999999,4.847078035508323,0.018,90.0054931640625,7.371007371001172
-0.0200599999999999,4.847078035508323,0.018,90.0054931640625,0.0
-0.0200599999999999,4.847078035508323,0.0059999999999999,90.00411987304688,-2.358490566037455
-0.0200599999999999,4.847078035508323,0.0059999999999999,90.00411987304688,0.0
-0.0206499999999999,4.847078035508323,-0.03,90.0054931640625,-7.227464364584257
-0.0206499999999999,4.847078035508323,-0.03,90.0054931640625,0.0
-0.02183,4.847078035508323,-0.0059999999999999,90.00617980957031,5.047318611984269
-0.02183,4.847078035508323,-0.0059999999999999,90.00617980957031,0.0
-0.02183,4.847078035508323,0.0059999999999999,90.0054931640625,2.2434099831733434
-0.02183,4.847078035508323,0.0059999999999999,90.0054931640625,0.0
-0.0259599999999999,4.847078035508323,-0.0119999999999999,90.00755310058594,-3.550295857985703
-0.0259599999999999,4.847078035508323,-0.0119999999999999,90.00755310058594,0.0
-0.03658,4.847078035508323,-0.03,90.00617980957031,-3.587086488641095
-0.03658,4.847078035508323,-0.03,90.00617980957031,0.0
-0.04779,4.847078035508323,-0.228,90.00480651855469,-39.69526864471212
-0.04779,4.847078035508323,-0.228,90.00480651855469,0.0
-0.06667,4.899079988633323,-0.774,89.99244689941406,-110.2362204724314
-0.06667,4.899079988633323,-0.774,89.99244689941406,0.0
-0.08496,4.899079988633323,-2.004,89.9560546875,-252.41124563942557
-0.08496,4.899079988633323,-2.004,89.9560546875,0.0
-0.08378,4.982270906602073,-4.5,89.85237121582031,-495.1398532038749
-0.08378,4.982270906602073,-4.5,89.85237121582031,0.0
-0.0796499999999999,4.961488435898948,-6.744,89.6649169921875,-437.17124488597017
-0.0796499999999999,4.961488435898948,-6.744,89.6649169921875,0.0
-0.07906,4.888673494492698,-8.244,89.42596435546875,-303.1527890057298
-0.07906,4.888673494492698,-8.244,89.42596435546875,0.0
-0.07611,4.899079988633323,-9.318,89.14306640625,-216.096579476855
-0.07611,4.899079988633323,-9.318,89.14306640625,0.0
-0.0796499999999999,4.899079988633323,-9.648,88.82171630859375,-63.66968936914932
-0.0796499999999999,4.899079988633323,-9.648,88.82171630859375,0.0
-0.07906,4.826265047227073,-9.78,88.50379943847656,-26.24254473158432
-0.07906,4.826265047227073,-9.78,88.50379943847656,0.0
-0.07847,4.951081941758323,-10.182,88.17146301269531,-79.8887122416548
-0.07847,4.951081941758323,-10.182,88.17146301269531,0.0
-0.07906,4.951081941758323,-11.562,87.83432006835938,-257.03110448864845
-0.07906,4.919862459336448,-11.562,87.83432006835938,0.0
-0.0843699999999999,4.909486482773948,-12.792,87.4346923828125,-242.41229798972944
-0.0843699999999999,4.909486482773948,-12.792,87.4346923828125,0.0
-0.0867299999999999,4.961488435898948,-14.136,87.00485229492188,-276.714021000548
-0.0867299999999999,4.961488435898948,-14.136,87.00485229492188,0.0
-0.08614,4.951081941758323,-14.7,86.52626037597656,-111.4404267931732
-0.08614,4.951081941758323,-14.7,86.52626037597656,0.0
-0.0802399999999999,4.940675447617698,-15.588,86.04560852050781,-179.5390214315764
-0.0802399999999999,4.940675447617698,-15.588,86.04560852050781,0.0
-0.0825999999999999,5.065461824570823,-16.805999999999997,85.54298400878906,-242.72618573137905
-0.0825999999999999,5.065461824570823,-16.805999999999997,85.54298400878906,0.0
-0.0796499999999999,4.899079988633323,-17.574,84.98199462890625,-160.9388097232975
-0.0796499999999999,4.899079988633323,-17.574,84.98199462890625,0.0
-0.0885,4.867891023789573,-18.216000000000005,84.38941955566406,-119.4640863415717
-0.0885,4.867891023789573,-18.216000000000005,84.38941955566406,0.0
-0.0902699999999999,4.867891023789573,-19.584,83.78379821777344,-278.7854086001982
-0.0902699999999999,5.023866365586448,-19.584,83.78379821777344,0.0
-0.08378,4.899079988633323,-20.334,83.14247131347656,-149.4023904381934
-0.08378,4.899079988633323,-20.334,83.14247131347656,0.0
-0.0825999999999999,4.899079988633323,-21.078000000000003,82.45719909667969,-154.7099189020073
-0.0825999999999999,4.899079988633323,-21.078000000000003,82.45719909667969,0.0
-0.08614,5.044679353867698,-22.242,81.77604675292969,-239.2600205548691
-0.08614,5.044679353867698,-22.242,81.77604675292969,0.0
-0.08496,4.919862459336448,-23.292,81.0406494140625,-179.91775188500483
-0.08496,4.919862459336448,-23.292,81.0406494140625,0.0
-0.09086,5.023866365586448,-24.264,80.26954650878906,-196.0072595281503
-0.09086,5.023866365586448,-24.264,80.26954650878906,0.0
-0.0885,5.023866365586448,-25.332,79.44419860839844,-180.77183480033145
-0.0885,4.930268953477073,-25.332,79.44419860839844,0.0
-0.0938099999999999,5.075868318711448,-26.304,78.64906311035156,-200.1235330450388
-0.0938099999999999,5.075868318711448,-26.304,78.64906311035156,0.0
-0.09204,4.888673494492698,-27.408,77.73513793945312,-222.0434432822838
-0.09204,4.888673494492698,-27.408,77.73513793945312,0.0
-0.0938099999999999,4.899079988633323,-28.074,76.81503295898438,-132.7486545743869
-0.0938099999999999,4.899079988633323,-28.074,76.81503295898438,0.0
-0.09322,4.899079988633323,-28.956,75.92926025390625,-185.216295674106
-0.09322,4.899079988633323,-28.956,75.92926025390625,0.0
-0.0890899999999999,4.899079988633323,-30.216,74.96795654296875,-251.94961007798304
-0.0890899999999999,4.899079988633323,-30.216,74.96795654296875,0.0
-0.0926299999999999,4.722291658555198,-31.332,73.94416809082031,-221.0776545165455
-0.0926299999999999,4.722291658555198,-31.332,73.94416809082031,0.0
-0.0914499999999999,4.826265047227073,-32.07,72.91763305664062,-149.51377633709325
-0.0914499999999999,4.826265047227073,-32.07,72.91763305664062,0.0
-0.0867299999999999,4.649476717148948,-32.622,71.82518005371094,-113.27724194533305
-0.0867299999999999,4.649476717148948,-32.622,71.82518005371094,0.0
-0.0825999999999999,4.722291658555198,-32.922000000000004,70.76774597167969,-58.15080441947295
-0.0825999999999999,4.722291658555198,-32.922000000000004,70.76774597167969,0.0
-0.0867299999999999,4.628663728867698,-33.018,69.70344543457031,-18.794048551291816
-0.0867299999999999,4.628663728867698,-33.018,69.70344543457031,0.0
-0.0820099999999999,4.670289705430198,-33.12,68.65837097167969,-18.952062430332088
-0.0820099999999999,4.670289705430198,-33.12,68.65837097167969,0.0
-0.0825999999999999,4.867891023789573,-33.108,67.587890625,2.4106066693446
-0.0825999999999999,4.867891023789573,-33.108,67.587890625,0.0
-0.0802399999999999,4.514283846055198,-33.132,66.49749755859375,-4.924086992209952
-0.0802399999999999,4.514283846055198,-33.132,66.49749755859375,0.0
-0.07906,4.503877351914573,-32.922000000000004,65.40847778320312,42.18561671352765
-0.07906,4.503877351914573,-32.922000000000004,65.40847778320312,0.0
-0.08083,4.399873445664573,-32.898,64.36408996582031,4.827031375701992
-0.08083,4.399873445664573,-32.898,64.36408996582031,0.0
-0.07906,4.628663728867698,-33.216,63.2757568359375,-63.740228502681134
-0.07906,4.628663728867698,-33.216,63.2757568359375,0.0
-0.0802399999999999,4.680665681992698,-33.084,62.19497680664063,26.38416949828958
-0.0802399999999999,4.680665681992698,-33.084,62.19497680664063,0.0
-0.07906,4.285463045273948,-33.132,61.088790893554695,-9.607686148921063
-0.07906,4.285463045273948,-33.132,61.088790893554695,0.0
-0.07729,4.285463045273948,-32.988,59.99153137207031,28.90985745833678
-0.07729,4.285463045273948,-32.988,59.99153137207031,0.0
-0.08142,4.223085115586448,-32.784,58.91899108886718,42.15747055179378
-0.08142,4.223085115586448,-32.784,58.91899108886718,0.0
-0.0802399999999999,4.441468904648948,-33.01199999999999,57.86155700683594,-45.40928101972263
-0.0802399999999999,4.441468904648948,-33.01199999999999,57.86155700683594,0.0
-0.07906,4.431062410508323,-33.162000000000006,56.78077697753906,-26.591029959209436
-0.07906,4.431062410508323,-33.162000000000006,56.78077697753906,0.0
-0.07847,4.025483797227073,-33.222,55.67390441894531,-11.90240031739988
-0.07847,4.025483797227073,-33.222,55.67390441894531,0.0
-0.0767,4.098268221055198,-32.976,54.59724426269531,54.26869622772399
-0.0767,4.098268221055198,-32.976,54.59724426269531,0.0
-0.07729,3.973481844102073,-32.7,53.51577758789063,54.37352245860108
-0.07729,3.973481844102073,-32.7,53.51577758789063,0.0
-0.07729,4.150270174180198,-32.946000000000005,52.46795654296875,-48.08444096949838
-0.07729,4.150270174180198,-32.946000000000005,52.46795654296875,0.0
-0.07729,4.108674715195823,-33.06,51.38786315917969,-22.392457277547283
-0.07729,4.108674715195823,-33.06,51.38786315917969,0.0
-0.07611,3.848664949570823,-33.233999999999995,50.28648376464844,-34.01094605159462
-0.07611,3.848664949570823,-33.233999999999995,50.28648376464844,0.0
-0.07375,3.848664949570823,-33.108,49.18304443359375,24.808033077366943
-0.07375,3.817475984727073,-33.108,49.18304443359375,0.0
-0.07847,3.723878572617698,-32.712,48.09127807617188,78.64945382324457
-0.07847,3.723878572617698,-32.712,48.09127807617188,0.0
-0.07847,3.942262361680198,-32.838,47.02423095703125,-25.17985611510964
-0.07847,3.942262361680198,-32.838,47.02423095703125,0.0
-0.07729,3.859071443711448,-33.054,45.94413757324219,-42.72151898731427
-0.07729,3.859071443711448,-33.054,45.94413757324219,0.0
-0.0767,3.599092195664573,-33.245999999999995,44.8516845703125,-39.75155279504332
-0.0767,3.599092195664573,-33.245999999999995,44.8516845703125,0.0
-0.07493,3.547090242539573,-33.156,43.768157958984375,17.000377786174756
-0.07493,3.547090242539573,-33.156,43.768157958984375,0.0
-0.0719799999999999,3.515870760117698,-32.886,42.67021179199219,53.46534653468325
-0.0719799999999999,3.515870760117698,-32.886,42.67021179199219,0.0
-0.07316,3.526277254258323,-32.94,41.59835815429688,-10.546875000003102
-0.07316,3.526277254258323,-32.94,41.59835815429688,0.0
-0.07316,3.505464265977073,-33.01199999999999,40.5230712890625,-13.554216867460031
-0.07316,3.505464265977073,-33.01199999999999,40.5230712890625,0.0
-0.07139,3.318269441758323,-33.24,39.480743408203125,-45.95847611367416
-0.07139,3.318269441758323,-33.24,39.480743408203125,0.0
-0.07139,3.276673982773948,-33.306,38.35945129394531,-13.087447947647805
-0.07139,3.276673982773948,-33.306,38.35945129394531,0.0
-0.06785,3.276673982773948,-32.867999999999995,37.2601318359375,91.63179916324414
-0.06785,3.276673982773948,-32.867999999999995,37.2601318359375,0.0
-0.0708,3.318269441758323,-32.772,36.22673034667969,18.394328415390984
-0.0708,3.318269441758323,-32.772,36.22673034667969,0.0
-0.0708,3.151887605820823,-33.054,35.14732360839844,-56.47907069891119
-0.0708,3.151887605820823,-33.054,35.14732360839844,0.0
-0.06785,2.975068758164573,-33.168000000000006,34.05830383300781,-22.494080505124845
-0.06785,2.975068758164573,-33.168000000000006,34.05830383300781,0.0
-0.06608,2.964662264023948,-33.216,32.969970703125,-9.49742777997291
-0.06608,2.964662264023948,-33.216,32.969970703125,0.0
-0.06136,2.715089510117698,-33.006,31.84593200683594,42.03362690153446
-0.06136,2.715089510117698,-33.006,31.84593200683594,0.0
-0.0654899999999999,2.725465486680198,-32.928000000000004,30.80497741699219,15.442486636325368
-0.0654899999999999,2.725465486680198,-32.928000000000004,30.80497741699219,0.0
-0.0654899999999999,2.496675203477073,-33.01199999999999,29.728317260742184,-15.739179314227483
-0.0654899999999999,2.496675203477073,-33.01199999999999,29.728317260742184,0.0
-0.06195,2.434266756211448,-33.126,28.62899780273437,-22.8136882129148
-0.06195,2.434266756211448,-33.126,28.62899780273437,0.0
-0.06077,2.434266756211448,-33.222,27.54547119140625,-18.29268292682405
-0.06077,2.465486238633323,-33.222,27.54547119140625,0.0
-0.05782,2.319886873398948,-32.886,26.451644897460938,67.89250353602064
-0.05782,2.319886873398948,-32.886,26.451644897460938,0.0
-0.06018,2.299073885117698,-32.862,25.379791259765625,4.835784807579659
-0.06018,2.299073885117698,-32.862,25.379791259765625,0.0
-0.059,2.132692049180198,-33.018,24.331283569335938,-30.98311817279357
-0.059,2.132692049180198,-33.018,24.331283569335938,0.0
-0.0548699999999999,2.059877107773948,-33.138,23.21205139160156,-23.45582486316923
-0.0548699999999999,2.059877107773948,-33.138,23.21205139160156,0.0
-0.05841,2.059877107773948,-33.096,22.15736389160156,7.885843034177303
-0.05841,2.039064119492698,-33.096,22.15736389160156,0.0
-0.0536899999999999,1.924684236680198,-33.006,21.060104370117188,18.621973929243957
-0.0536899999999999,1.924684236680198,-33.006,21.060104370117188,0.0
-0.0536899999999999,1.883088777695823,-32.874,19.977264404296875,27.88928797801644
-0.0536899999999999,1.883088777695823,-32.874,19.977264404296875,0.0
-0.0530999999999999,1.727082918320823,-32.898,18.91021728515625,-4.716981132081638
-0.0530999999999999,1.727082918320823,-32.898,18.91021728515625,0.0
-0.0536899999999999,1.654267976914573,-33.06,17.82257080078125,-31.90860744534156
-0.0536899999999999,1.654267976914573,-33.06,17.82257080078125,0.0
-0.05251,1.539888094102073,-33.19200000000001,16.744537353515625,-26.384169498328475
-0.05251,1.539888094102073,-33.19200000000001,16.744537353515625,0.0
-0.04897,1.415071199570823,-33.06,15.624618530273436,25.98425196850733
-0.04897,1.415071199570823,-33.06,15.624618530273436,0.0
-0.0483799999999999,1.363069246445823,-32.904,14.556884765625002,31.426269137785035
-0.0483799999999999,1.363069246445823,-32.904,14.556884765625002,0.0
-0.0483799999999999,1.186280916367698,-32.994,13.481597900390623,-17.86777843954125
-0.0483799999999999,1.186280916367698,-32.994,13.481597900390623,0.0
-0.04897,1.186280916367698,-33.018,12.448883056640623,-4.589787722318079
-0.04897,1.186280916367698,-33.018,12.448883056640623,0.0
-0.0507399999999999,1.103089998398948,-32.99999999999999,11.394882202148438,3.574975173785448
-0.0507399999999999,1.103089998398948,-32.99999999999999,11.394882202148438,0.0
-0.04779,0.967866609727073,-33.27,10.2886962890625,-53.72065260643929
-0.04779,0.967866609727073,-33.27,10.2886962890625,0.0
-0.04602,0.967866609727073,-32.958000000000006,9.214096069335938,56.01436265710378
-0.04602,0.874269197617698,-32.958000000000006,9.214096069335938,0.0
-0.0495599999999999,0.759889314805198,-32.964,8.185501098632812,-1.1895321173645894
-0.0495599999999999,0.759889314805198,-32.964,8.185501098632812,0.0
-0.0483799999999999,0.718263338242698,-33.144,7.107467651367188,-32.65602322204272
-0.0483799999999999,0.718263338242698,-33.144,7.107467651367188,0.0
-0.04602,0.718263338242698,-33.102,6.0211944580078125,7.924528301889626
-0.04602,0.718263338242698,-33.102,6.0211944580078125,0.0
-0.04425,0.603883455430198,-33.282000000000004,4.94384765625,-37.5234521575726
-0.04425,0.603883455430198,-33.282000000000004,4.94384765625,0.0
-0.04189,0.541475008164573,-33.041999999999994,3.840408325195313,46.83840749412753
-0.04189,0.541475008164573,-33.041999999999994,3.840408325195313,0.0
-0.04248,0.3958756429301979,-32.904,2.779541015625,28.518288902682084
-0.04248,0.3958756429301979,-32.904,2.779541015625,0.0
-0.04425,0.2814652425395729,-33.018,1.73309326171875,-23.03030303029829
-0.04425,0.2814652425395729,-33.018,1.73309326171875,0.0
-0.03953,0.541475008164573,-33.01199999999999,0.693511962890625,1.1734793663222371
-0.03953,0.541475008164573,-33.01199999999999,0.693511962890625,0.0
-0.03953,0.4998795491801979,-33.318,-0.3920745849609375,-61.041292639075046
-0.03953,0.4998795491801979,-33.318,-0.3920745849609375,0.0
-0.03835,0.4894730550395729,-33.15,-1.4701080322265625,33.12956024452145
-0.03835,0.4894730550395729,-33.15,-1.4701080322265625,0.0
-0.0359899999999999,0.3646866780864479,-32.982,-2.52410888671875,32.659409020254
-0.0359899999999999,0.3646866780864479,-32.982,-2.52410888671875,0.0
-0.0377599999999999,0.1982743245708229,-33.102,-3.5602569580078125,-23.631350925572495
-0.0377599999999999,0.1982743245708229,-33.102,-3.5602569580078125,0.0
-0.03422,0.1462723714458229,-33.21,-4.6547698974609375,-21.420071400225645
-0.03422,0.1462723714458229,-33.21,-4.6547698974609375,0.0
-0.0348099999999999,0.3126847249614479,-33.222,-5.7149505615234375,-2.375296912114495
-0.0348099999999999,0.3126847249614479,-33.222,-5.7149505615234375,0.0
-0.0348099999999999,0.1670853597270729,-33.048,-6.766204833984375,34.87672880340364
-0.0348099999999999,0.1670853597270729,-33.048,-6.766204833984375,0.0
-0.03127,0.0214859944926979,-33.035999999999994,-7.870330810546875,2.2918258212405767
-0.03127,0.0214859944926979,-33.035999999999994,-7.870330810546875,0.0
-0.0354,0.0214859944926979,-32.79,-8.91265869140625,48.65506329110671
-0.0354,0.0214859944926979,-32.79,-8.91265869140625,0.0
-0.03304,-0.446531583632302,-32.988,-9.996185302734377,-38.79310344825402
-0.03304,-0.446531583632302,-32.988,-9.996185302734377,0.0
-0.0336299999999999,-0.602537443007302,-33.102,-11.050186157226562,-23.964683624142843
-0.0336299999999999,-0.602537443007302,-33.102,-11.050186157226562,0.0
-0.0324499999999999,-0.748136808241677,-33.15,-12.141265869140623,-9.6793708408967
-0.0324499999999999,-0.748136808241677,-33.15,-12.141265869140623,0.0
-0.03068,-0.893736173476052,-33.198,-13.230972290039062,-9.578926361997825
-0.03068,-0.893736173476052,-33.198,-13.230972290039062,0.0
-0.0324499999999999,-0.904112150038552,-33.078,-14.298019409179688,24.11091018684071
-0.0324499999999999,-0.904112150038552,-33.078,-14.298019409179688,0.0
-0.0295,-1.060118009413552,-33.318,-15.346527099609377,-48.61251772326055
-0.0295,-1.060118009413552,-33.318,-15.346527099609377,0.0
-0.0295,-1.028929044569802,-33.222,-16.40533447265625,19.339242546328705
-0.0295,-1.028929044569802,-33.222,-16.40533447265625,0.0
-0.0265499999999999,-1.205717374647927,-33.168000000000006,-17.519760131835938,10.615293886369424
-0.0265499999999999,-1.205717374647927,-33.168000000000006,-17.519760131835938,0.0
-0.0236,-1.424131681288552,-33.294000000000004,-18.60809326171875,-25.793244626398536
-0.0236,-1.424131681288552,-33.294000000000004,-18.60809326171875,0.0
-0.0271399999999999,-1.413725187147927,-32.862,-19.627761840820312,84.87229862470977
-0.0271399999999999,-1.413725187147927,-32.862,-19.627761840820312,0.0
-0.0241899999999999,-1.548918058241677,-33.132,-20.72296142578125,-52.41700640647122
-0.0241899999999999,-1.548918058241677,-33.132,-20.72296142578125,0.0
-0.0241899999999999,-1.569731046522927,-33.204,-21.779708862304688,-13.737836290789826
-0.0241899999999999,-1.569731046522927,-33.204,-21.779708862304688,0.0
-0.02242,-1.850523282851052,-33.282000000000004,-22.83233642578125,-15.684697365776817
-0.02242,-1.850523282851052,-33.282000000000004,-22.83233642578125,0.0
-0.0206499999999999,-1.871336271132302,-33.354,-23.94744873046875,-15.189873417726396
-0.0206499999999999,-1.871336271132302,-33.354,-23.94744873046875,0.0
-0.02301,-1.933714200819802,-32.958000000000006,-25.001449584960938,78.04493496254577
-0.02301,-1.933714200819802,-32.958000000000006,-25.001449584960938,0.0
-0.02124,-2.058531095351052,-33.24,-26.0870361328125,-60.46312178389876
-0.02124,-2.058531095351052,-33.24,-26.0870361328125,0.0
-0.0200599999999999,-2.120909025038552,-33.174,-27.121124267578125,13.113451221923984
-0.0200599999999999,-2.120909025038552,-33.174,-27.121124267578125,0.0
-0.0177,-2.287321378554177,-33.198,-28.203277587890625,-4.0513166779202985
-0.0177,-2.287321378554177,-33.198,-28.203277587890625,0.0
-0.01593,-2.297727872694802,-33.438,-29.284057617187496,-49.82354162338918
-0.01593,-2.297727872694802,-33.438,-29.284057617187496,0.0
-0.01652,-2.276914884413552,-32.958000000000006,-30.37513732910156,96.56004828006982
-0.01652,-2.276914884413552,-32.958000000000006,-30.37513732910156,0.0
-0.01475,-2.422514249647927,-33.12,-31.467590332031246,-30.508474576301985
-0.01475,-2.422514249647927,-33.12,-31.467590332031246,0.0
-0.01711,-2.058531095351052,-33.186,-32.518157958984375,-13.053797468346456
-0.01711,-2.058531095351052,-33.186,-32.518157958984375,0.0
-0.01475,-1.933714200819802,-33.102,-33.57696533203125,16.525673814680054
-0.01475,-1.933714200819802,-33.102,-33.57696533203125,0.0
-0.01475,-2.557737638319802,-33.36599999999999,-34.69551086425781,-50.73020753267516
-0.01475,-2.557737638319802,-33.36599999999999,-34.69551086425781,0.0
-0.0129799999999999,-2.765714933241677,-33.01199999999999,-35.74333190917969,73.06501547993645
-0.0129799999999999,-2.765714933241677,-33.01199999999999,-35.74333190917969,0.0
-0.0123899999999999,-2.817716886366677,-33.318,-36.82960510253906,-61.00478468902422
-0.0123899999999999,-2.817716886366677,-33.318,-36.82960510253906,0.0
-0.0123899999999999,-2.817716886366677,-33.204,-37.88360595703125,22.64150943396416
-0.0123899999999999,-2.817716886366677,-33.204,-37.88360595703125,0.0
-0.01062,-2.422514249647927,-33.144,-38.98429870605469,11.857707509881202
-0.01062,-2.422514249647927,-33.144,-38.98429870605469,0.0
-0.01062,-2.848936368788552,-33.456,-40.063018798828125,-61.57489638834868
-0.01062,-2.848936368788552,-33.456,-40.063018798828125,0.0
-0.0094399999999999,-2.287321378554177,-33.054,-41.11152648925781,79.8728392608069
-0.0094399999999999,-2.287321378554177,-33.054,-41.11152648925781,0.0
-0.00885,-2.339323331679177,-33.294000000000004,-42.20054626464844,-46.82926829268695
-0.00885,-2.339323331679177,-33.294000000000004,-42.20054626464844,0.0
-0.0094399999999999,-2.474516202772927,-33.294000000000004,-43.25386047363281,0.0
-0.0064899999999999,-3.244108487929177,-33.245999999999995,-44.35935974121094,9.50871632329405
-0.0064899999999999,-3.244108487929177,-33.245999999999995,-44.35935974121094,0.0
-0.0100299999999999,-3.410520841444802,-33.408,-45.40306091308594,-31.615925058536085
-0.0100299999999999,-3.410520841444802,-33.408,-45.40306091308594,0.0
-0.0059,-3.556120206679177,-33.222,-46.50169372558594,37.56816804681763
-0.0059,-3.556120206679177,-33.222,-46.50169372558594,0.0
-0.00354,-3.691313077772927,-33.426,-47.594146728515625,-40.62935670185821
-0.00354,-3.691313077772927,-33.426,-47.594146728515625,0.0
-0.00708,-3.649717618788552,-33.252,-48.64540100097656,31.636363636375968
-0.00708,-3.649717618788552,-33.252,-48.64540100097656,0.0
-0.00295,-3.909727384413552,-33.306,-49.70558166503906,-10.718539102819728
-0.00295,-3.909727384413552,-33.306,-49.70558166503906,0.0
-0.00413,-3.992918302382302,-33.342,-50.77880859375,-7.125890736333464
-0.00413,-3.992918302382302,-33.342,-50.77880859375,0.0
-0.00354,-4.159330655897927,-33.096,-51.84860229492188,48.867699642412674
-0.00354,-4.159330655897927,-33.096,-51.84860229492188,0.0
-0.0023599999999999,-4.211332609022927,-33.348,-52.92251586914063,-49.674748669467135
-0.0023599999999999,-4.211332609022927,-33.348,-52.92251586914063,0.0
-0.0047199999999999,-4.086515714491677,-33.233999999999995,-53.98887634277344,22.928399034584466
-0.0047199999999999,-4.086515714491677,-33.233999999999995,-53.98887634277344,0.0
-0.0005899999999999,-4.211332609022927,-33.288000000000004,-55.092315673828125,-9.72272236225676
-0.0005899999999999,-4.211332609022927,-33.288000000000004,-55.092315673828125,0.0
-0.0023599999999999,-4.294523526991677,-33.38999999999999,-56.14288330078125,-20.469596628552445
-0.0023599999999999,-4.294523526991677,-33.38999999999999,-56.14288330078125,0.0
-0.00354,-4.460935880507302,-33.324000000000005,-57.25044250488281,11.307178345038936
-0.00354,-4.460935880507302,-33.324000000000005,-57.25044250488281,0.0
-0.0,-4.408933927382302,-33.55800000000001,-58.31336975097657,-46.299960427373385
-0.0,-4.408933927382302,-33.55800000000001,-58.31336975097657,0.0
-0.00354,-4.346525480116677,-33.245999999999995,-59.37767028808594,63.31168831169586
-0.00354,-4.346525480116677,-33.245999999999995,-59.37767028808594,0.0
-0.0005899999999999,-4.533720304335427,-33.354,-60.48797607421876,-21.44559173948965
-0.0005899999999999,-4.533720304335427,-33.354,-60.48797607421876,0.0
-0.0005899999999999,-4.512937833632302,-33.312000000000005,-61.57012939453124,8.386581469641305
-0.0005899999999999,-4.512937833632302,-33.312000000000005,-61.57012939453124,0.0
-0.00177,-4.616911222304177,-33.168000000000006,-62.62207031249999,28.696691909128276
-0.00177,-4.616911222304177,-33.168000000000006,-62.62207031249999,0.0
-0.0,-4.679319669569802,-33.474000000000004,-63.7261962890625,-61.27352823392442
-0.0,-4.679319669569802,-33.474000000000004,-63.7261962890625,0.0
-0.0023599999999999,-4.554533292616677,-33.312000000000005,-64.79324340820312,29.406425848630224
-0.0023599999999999,-4.554533292616677,-33.312000000000005,-64.79324340820312,0.0
-0.0,-4.876920987929177,-33.342,-65.90080261230469,-5.9288537549475215
-0.0,-4.876920987929177,-33.342,-65.90080261230469,0.0
-0.0,-4.544126798476052,-33.444,-66.98638916015625,-20.84184715978753
-0.0,-4.544126798476052,-33.444,-66.98638916015625,0.0
-0.0,-4.668913175429177,-33.245999999999995,-68.060302734375,40.49907956638671
-0.0,-4.668913175429177,-33.245999999999995,-68.060302734375,0.0
-0.0,-4.908109952772927,-33.54600000000001,-69.12117004394531,-57.31753916697068
-0.0,-4.908109952772927,-33.54600000000001,-69.12117004394531,0.0
-0.0005899999999999,-4.731321622694802,-33.318,-70.21018981933594,45.463609172482336
-0.0005899999999999,-4.731321622694802,-33.318,-70.21018981933594,0.0
0.0023599999999999,-5.012113859022927,-33.276,-71.27037048339844,8.251473477412732
0.0023599999999999,-5.012113859022927,-33.276,-71.27037048339844,0.0
0.0005899999999999,-4.866514493788552,-32.580000000000005,-72.34428405761719,139.8151868219811
0.0005899999999999,-4.866514493788552,-32.580000000000005,-72.34428405761719,0.0
0.0005899999999999,-5.032926847304177,-31.524,-73.37425231933594,216.08348680187305
0.0005899999999999,-5.032926847304177,-31.524,-73.37425231933594,0.0
0.00295,-4.991331388319802,-31.09800000000001,-74.38636779785156,83.59497645220519
0.00295,-4.991331388319802,-31.09800000000001,-74.38636779785156,0.0
0.00354,-4.939329435194802,-29.844000000000005,-75.37651062011719,243.3061699648621
0.00354,-4.939329435194802,-29.844000000000005,-75.37651062011719,0.0
0.0059,-5.230528165663552,-29.172,-76.30897521972656,133.99800598204897
0.0059,-5.230528165663552,-29.172,-76.30897521972656,0.0
0.00354,-5.043333341444802,-27.942,-77.23731994628906,244.72741742932536
0.00354,-5.043333341444802,-27.942,-77.23731994628906,0.0
0.0094399999999999,-5.209715177382302,-27.138,-78.11004638671875,160.83216643312284
0.0094399999999999,-5.209715177382302,-27.138,-78.11004638671875,0.0
0.0047199999999999,-5.043333341444802,-25.776,-78.94912719726562,275.3183747725138
0.0047199999999999,-5.043333341444802,-25.776,-78.94912719726562,0.0
0.00767,-5.084928800429177,-25.116,-79.78752136230469,128.9818252882931
0.00767,-5.084928800429177,-25.116,-79.78752136230469,0.0
0.0059,-5.209715177382302,-23.796000000000003,-80.56480407714844,271.6608355630864
0.0059,-5.209715177382302,-23.796000000000003,-80.56480407714844,0.0
0.00826,-5.084928800429177,-23.328000000000003,-81.29814147949219,92.8019036287818
0.00826,-5.084928800429177,-23.328000000000003,-81.29814147949219,0.0
0.01062,-5.261717130507302,-22.146,-82.02392578125,236.7314239936429
0.01062,-5.261717130507302,-22.146,-82.02392578125,0.0
0.0100299999999999,-5.084928800429177,-21.204,-82.72636413574219,189.68989126045216
0.0100299999999999,-5.084928800429177,-21.204,-82.72636413574219,0.0
0.01416,-5.230528165663552,-20.112,-83.41850280761719,218.0946674655881
0.01416,-5.230528165663552,-20.112,-83.41850280761719,0.0
0.0094399999999999,-5.188932706679177,-18.72,-84.02549743652344,284.2556667347524
0.0094399999999999,-5.188932706679177,-18.72,-84.02549743652344,0.0
0.00826,-5.032926847304177,-18.288,-84.61601257324219,85.5276182933783
0.00826,-5.032926847304177,-18.288,-84.61601257324219,0.0
0.0129799999999999,-5.157713224257302,-17.406,-85.20721435546875,177.82258064527034
0.0129799999999999,-5.157713224257302,-17.406,-85.20721435546875,0.0
0.00767,-5.209715177382302,-16.038,-85.7318115234375,269.4504628717745
0.00767,-5.209715177382302,-16.038,-85.7318115234375,0.0
0.0123899999999999,-5.084928800429177,-15.192,-86.21040344238281,170.05025125646523
0.0123899999999999,-5.084928800429177,-15.192,-86.21040344238281,0.0
0.01652,-5.105711271132302,-14.568,-86.69723510742188,117.11711711714652
0.01652,-5.105711271132302,-14.568,-86.69723510742188,0.0
0.0129799999999999,-5.230528165663552,-13.302,-87.13600158691406,260.70840197673465
0.0129799999999999,-5.230528165663552,-13.302,-87.13600158691406,0.0
0.0123899999999999,-5.209715177382302,-12.078,-87.53974914550781,242.8571428570926
0.0123899999999999,-5.209715177382302,-12.078,-87.53974914550781,0.0
0.0118,-5.209715177382302,-11.352000000000002,-87.90641784667969,144.73684210532932
0.0118,-5.209715177382302,-11.352000000000002,-87.90641784667969,0.0
0.0188799999999999,-5.261717130507302,-10.686,-88.26896667480469,125.96935880472031
0.0188799999999999,-5.261717130507302,-10.686,-88.26896667480469,0.0
0.01829,-5.292936612929177,-9.348,-88.5992431640625,262.8167354154296
0.01829,-5.292936612929177,-9.348,-88.5992431640625,0.0
0.01829,-5.209715177382302,-8.022,-88.87527465820312,266.5862484923122
0.01829,-5.209715177382302,-8.022,-88.87527465820312,0.0
0.0129799999999999,-5.209715177382302,-6.54,-89.11422729492188,268.81915472516846
0.0129799999999999,-5.209715177382302,-6.54,-89.11422729492188,0.0
0.0129799999999999,-5.126524259413552,-5.91,-89.307861328125,127.99674928889296
0.0129799999999999,-5.126524259413552,-5.91,-89.307861328125,0.0
0.0123899999999999,-5.209715177382302,-5.208,-89.47128295898438,141.58935054451683
0.0123899999999999,-5.209715177382302,-5.208,-89.47128295898438,0.0
0.01534,-5.209715177382302,-4.8420000000000005,-89.63882446289062,68.15642458101557
0.01534,-5.209715177382302,-4.8420000000000005,-89.63882446289062,0.0
0.0177,-5.230528165663552,-3.834,-89.769287109375,202.0444978952926
0.0177,-5.230528165663552,-3.834,-89.769287109375,0.0
0.0259599999999999,-5.220121671522927,-3.378,-89.88052368164062,91.47442326984984
0.0259599999999999,-5.220121671522927,-3.378,-89.88052368164062,0.0
0.0236,-5.240934659804177,-1.518,-89.96566772460938,371.7026378897206
0.0236,-5.240934659804177,-1.518,-89.96566772460938,0.0
0.02242,-5.126524259413552,-0.54,-89.99176025390625,190.12441679621688
0.02242,-5.126524259413552,-0.54,-89.99176025390625,0.0
0.02183,-5.074522306288552,-0.132,-90.00068664550781,81.74714486068441
0.02183,-5.074522306288552,-0.132,-90.00068664550781,0.0
0.0206499999999999,-5.084928800429177,-0.042,-90.00205993652344,18.134193028397068
0.0206499999999999,-5.084928800429177,-0.042,-90.00205993652344,0.0
0.02124,-5.084928800429177,0.0059999999999999,-90.00343322753906,9.6540627514036
0.02124,-5.084928800429177,0.0059999999999999,-90.00343322753906,0.0
0.02242,-5.084928800429177,-0.0059999999999999,-90.00343322753906,-2.392344497608718
0.02242,-5.084928800429177,-0.0059999999999999,-90.00343322753906,0.0
0.02242,-5.261717130507302,0.0059999999999999,-90.00411987304688,2.279635258356922
0.02242,-5.261717130507302,0.0059999999999999,-90.00411987304688,0.0
0.02242,-5.334532071913552,-0.0,-90.00480651855469,-1.2259910093992
0.02242,-5.334532071913552,-0.0,-90.00480651855469,0.0
0.02183,-5.386534025038552,0.0119999999999999,-90.00274658203125,2.443991853359268
0.02183,-5.386534025038552,0.0119999999999999,-90.00274658203125,0.0
0.02242,-5.386534025038552,0.018,-90.00411987304688,1.1259148057790285
0.02242,-5.386534025038552,0.018,-90.00411987304688,0.0
0.02242,-5.386534025038552,0.0119999999999999,-90.00411987304688,-1.142421934499898
0.02242,-5.386534025038552,0.0119999999999999,-90.00411987304688,0.0
0.02183,-5.386534025038552,-0.018,-90.00480651855469,-5.978477481068438
0.02183,-5.386534025038552,-0.018,-90.00480651855469,0.0
0.02242,-5.386534025038552,-0.0,-90.00480651855469,3.356330412081117
0.02242,-5.386534025038552,-0.0,-90.00480651855469,0.0
0.02242,-5.386534025038552,-0.0,-90.00343322753906,0.0
0.02183,-5.355314542616677,0.0059999999999999,-90.00137329101562,1.0752688172039138
0.02183,-5.355314542616677,0.0059999999999999,-90.00137329101562,0.0
0.02183,-5.355314542616677,0.0059999999999999,-90.00274658203125,0.0
0.02242,-5.355314542616677,-0.0119999999999999,-90.00137329101562,-3.428571428573581
0.02242,-5.303312589491677,-0.0119999999999999,-90.00137329101562,0.0
0.0241899999999999,-5.313719083632302,-0.018,-90.0054931640625,-1.2192643771583755
0.0241899999999999,-5.313719083632302,-0.018,-90.0054931640625,0.0
0.0241899999999999,-5.344908048476052,0.0059999999999999,-90.0054931640625,4.661099242568677
0.0241899999999999,-5.344908048476052,0.0059999999999999,-90.0054931640625,0.0
0.0236,-5.376127530897927,0.018,-90.00411987304688,2.353402627968968
0.0236,-5.376127530897927,0.018,-90.00411987304688,0.0
0.0259599999999999,-5.376127530897927,0.0239999999999999,-90.00343322753906,1.1824990145840262
0.0259599999999999,-5.396910001601052,0.0239999999999999,-90.00343322753906,0.0
0.03304,-5.376127530897927,0.0059999999999999,-90.00343322753906,-3.582802547771551
0.03304,-5.376127530897927,0.0059999999999999,-90.00343322753906,0.0
0.04484,-5.386534025038552,0.144,-90.00137329101562,25.381644289127344
0.04484,-5.386534025038552,0.144,-90.00137329101562,0.0
0.06136,-5.407316495741677,0.5159999999999999,-89.99519348144531,71.22343480757002
0.06136,-5.407316495741677,0.5159999999999999,-89.99519348144531,0.0
0.0767,-5.428129484022927,1.692,-89.96772766113281,233.47230494334863
0.0767,-5.428129484022927,1.692,-89.96772766113281,0.0
0.08319,-5.386534025038552,3.318,-89.879150390625,302.56791961316435
0.08319,-5.386534025038552,3.318,-89.879150390625,0.0
0.0949899999999999,-5.604917814101052,5.658,-89.74594116210938,396.2072468678627
0.0949899999999999,-5.604917814101052,5.658,-89.74594116210938,0.0
0.08142,-5.521726896132302,7.872,-89.53239440917969,439.46010321565
0.08142,-5.521726896132302,7.872,-89.53239440917969,0.0
0.08319,-5.386534025038552,9.18,-89.25155639648438,255.56858147734127
0.08319,-5.386534025038552,9.18,-89.25155639648438,0.0
0.07257,-5.396910001601052,9.972,-88.94187927246094,157.42397137738303
0.07257,-5.396910001601052,9.972,-88.94187927246094,0.0
0.07316,-5.428129484022927,10.152,-88.62808227539062,34.80278422272612
0.07316,-5.428129484022927,10.152,-88.62808227539062,0.0
0.07906,-5.417722989882302,10.524,-88.28887939453125,74.60890493377909
0.07906,-5.417722989882302,10.524,-88.28887939453125,0.0
0.08555,-5.324125577772927,11.04,-87.92976379394531,92.14285714283808
0.08555,-5.324125577772927,11.04,-87.92976379394531,0.0
0.0885,-5.365721036757302,12.12,-87.57614135742188,214.62639109698253
0.0885,-5.365721036757302,12.12,-87.57614135742188,0.0
0.0796499999999999,-5.417722989882302,13.536,-87.16758728027344,280.5071315371224
0.0796499999999999,-5.417722989882302,13.536,-87.16758728027344,0.0
0.0885,-5.428129484022927,14.652,-86.715087890625,222.6211849192918
0.0885,-5.428129484022927,14.652,-86.715087890625,0.0
0.08496,-5.365721036757302,15.269999999999998,-86.23924255371094,115.70866878858637
0.08496,-5.365721036757302,15.269999999999998,-86.23924255371094,0.0
0.08083,-5.417722989882302,16.451999999999998,-85.7208251953125,241.0768916990204
0.08083,-5.417722989882302,16.451999999999998,-85.7208251953125,0.0
0.08142,-5.428129484022927,17.598,-85.19622802734375,227.92362768515412
0.08142,-5.428129484022927,17.598,-85.19622802734375,0.0
0.08496,-5.324125577772927,18.252,-84.61051940917969,124.50028555120424
0.08496,-5.324125577772927,18.252,-84.61051940917969,0.0
0.09204,-5.386534025038552,18.888,-84.03305053710938,130.11456628474997
0.09204,-5.386534025038552,18.888,-84.03305053710938,0.0
0.08496,-5.428129484022927,20.232000000000003,-83.41712951660156,269.98794696658524
0.08496,-5.428129484022927,20.232000000000003,-83.41712951660156,0.0
0.0820099999999999,-5.386534025038552,21.138,-82.72224426269531,182.14716525945283
0.0820099999999999,-5.386534025038552,21.138,-82.72224426269531,0.0
0.08791,-5.386534025038552,22.044,-82.05070495605469,186.65018541402625
0.08791,-5.386534025038552,22.044,-82.05070495605469,0.0
0.08378,-5.386534025038552,23.16,-81.31599426269531,227.383863080668
0.08378,-5.386534025038552,23.16,-81.31599426269531,0.0
0.08732,-5.074522306288552,23.706,-80.54969787597656,110.9305160503738
0.08732,-5.074522306288552,23.706,-80.54969787597656,0.0
0.0944,-5.136930753554177,25.056,-79.78271484375,270.7038299578988
0.0944,-5.136930753554177,25.056,-79.78271484375,0.0
0.08378,-5.261717130507302,25.998,-78.97933959960938,189.65170122808223
0.08378,-5.261717130507302,25.998,-78.97933959960938,0.0
0.08614,-5.604917814101052,27.282,-78.09013366699219,244.99141385240907
0.08614,-5.604917814101052,27.282,-78.09013366699219,0.0
0.08142,-5.324125577772927,28.074,-77.18650817871094,160.0970285020786
0.08142,-5.324125577772927,28.074,-77.18650817871094,0.0
0.08555,-5.386534025038552,28.836,-76.30416870117188,150.92097445039644
0.08555,-5.386534025038552,28.836,-76.30416870117188,0.0
0.0944,-5.261717130507302,29.742,-75.35041809082031,177.2300469482185
0.0944,-5.261717130507302,29.742,-75.35041809082031,0.0
0.0843699999999999,-5.209715177382302,31.146,-74.36233520507812,256.2979189486832
0.0843699999999999,-5.209715177382302,31.146,-74.36233520507812,0.0
0.0902699999999999,-5.053709318007302,31.746,-73.34266662597656,118.78835874080316
0.0902699999999999,-5.053709318007302,31.746,-73.34266662597656,0.0
0.0914499999999999,-5.105711271132302,32.862,-72.30583190917969,221.12145829185
0.0914499999999999,-5.105711271132302,32.862,-72.30583190917969,0.0
0.0890899999999999,-4.960111905897927,33.222,-71.26762390136719,67.95016987538155
0.0890899999999999,-4.960111905897927,33.222,-71.26762390136719,0.0
0.08496,-4.949735929335427,33.318,-70.16830444335938,19.96257018090336
0.08496,-4.949735929335427,33.318,-70.16830444335938,0.0
0.0843699999999999,-5.157713224257302,33.228,-69.07310485839844,-17.761989342816797
0.0843699999999999,-5.157713224257302,33.228,-69.07310485839844,0.0
0.08142,-4.908109952772927,33.198,-67.99713134765625,-5.761474937585756
0.08142,-4.908109952772927,33.198,-67.99713134765625,0.0
0.07906,-4.908109952772927,33.408,-66.92733764648438,41.66666666665821
0.07906,-4.908109952772927,33.408,-66.92733764648438,0.0
0.0802399999999999,-4.804136564101052,33.276,-65.86441040039062,-24.44444444443669
0.0802399999999999,-4.804136564101052,33.276,-65.86441040039062,0.0
0.0796499999999999,-4.710508634413552,33.258,-64.78431701660156,-3.3513312232380925
0.0796499999999999,-4.710508634413552,33.258,-64.78431701660156,0.0
0.08496,-5.074522306288552,33.318,-63.77220153808594,11.22754491017684
0.08496,-5.074522306288552,33.318,-63.77220153808594,0.0
0.0802399999999999,-4.731321622694802,33.19200000000001,-62.64060974121094,-24.082568807307428
0.0802399999999999,-4.731321622694802,33.19200000000001,-62.64060974121094,0.0
0.08319,-4.783323575819802,33.36599999999999,-61.61132812500001,36.65472930275512
0.08319,-4.783323575819802,33.36599999999999,-61.61132812500001,0.0
0.0778799999999999,-4.689726163710427,33.462,-60.52986145019531,19.40177849636888
0.0778799999999999,-4.689726163710427,33.462,-60.52986145019531,0.0
0.0767,-4.679319669569802,33.324000000000005,-59.44221496582031,-26.98474775127618
0.0767,-4.679319669569802,33.324000000000005,-59.44221496582031,0.0
0.0796499999999999,-4.731321622694802,33.168000000000006,-58.382034301757805,-31.43893591294428
0.0796499999999999,-4.731321622694802,33.168000000000006,-58.382034301757805,0.0
0.07729,-4.492124845351052,33.24,-57.30262756347656,14.098296455837394
0.07729,-4.492124845351052,33.24,-57.30262756347656,0.0
0.07375,-4.398527433241677,33.426,-56.22116088867188,36.45629165032727
0.07375,-4.398527433241677,33.426,-56.22116088867188,0.0
0.07611,-4.346525480116677,33.324000000000005,-55.16304016113281,-18.23382195208411
0.07611,-4.346525480116677,33.324000000000005,-55.16304016113281,0.0
0.07139,-4.315336515272927,33.522,-54.08775329589844,39.27013090041086
0.07139,-4.315336515272927,33.522,-54.08775329589844,0.0
0.07316,-4.481718351210427,33.456,-53.00971984863281,-12.41534988713105
0.07316,-4.481718351210427,33.456,-53.00971984863281,0.0
0.07257,-4.159330655897927,33.24,-51.90559387207031,-42.05607476635329
0.07257,-4.159330655897927,33.24,-51.90559387207031,0.0
0.0708,-4.159330655897927,33.233999999999995,-50.83030700683594,-1.1811023622062773
0.0708,-4.159330655897927,33.233999999999995,-50.83030700683594,0.0
0.0743399999999999,-4.128111173476052,33.288000000000004,-49.763946533203125,10.869565217397335
0.0743399999999999,-4.128111173476052,33.288000000000004,-49.763946533203125,0.0
0.0696199999999999,-4.159330655897927,33.24,-48.70719909667969,-9.868421052622084
0.0696199999999999,-4.159330655897927,33.24,-48.70719909667969,0.0
0.0755199999999999,-4.096922208632302,33.162000000000006,-47.61268615722656,-15.43026706231769
0.0755199999999999,-4.096922208632302,33.162000000000006,-47.61268615722656,0.0
0.06903,-3.868131925429177,33.288000000000004,-46.569671630859375,25.52157180474859
0.06903,-3.868131925429177,33.288000000000004,-46.569671630859375,0.0
0.06785,-3.899320890272927,33.474000000000004,-45.46966552734375,35.227272727278965
0.06785,-3.899320890272927,33.474000000000004,-45.46966552734375,0.0
0.0708,-3.826536466444802,33.258,-44.394378662109375,-43.1913617276544
0.0708,-3.826536466444802,33.258,-44.394378662109375,0.0
0.06903,-3.816129972304177,33.402,-43.319091796875,29.733636175917283
0.06903,-3.816129972304177,33.402,-43.319091796875,0.0
0.07139,-3.868131925429177,33.348,-42.23899841308594,-10.703666997036658
0.07139,-3.868131925429177,33.348,-42.23899841308594,0.0
0.0708,-2.526518155897927,33.168000000000006,-41.14105224609375,-33.179723502287764
0.0708,-2.526518155897927,33.168000000000006,-41.14105224609375,0.0
0.07021,-2.484922696913552,33.306,-40.04310607910156,27.76659959758292
0.07021,-2.484922696913552,33.306,-40.04310607910156,0.0
0.06844,-2.245725919569802,33.15,-39.01725769042969,-30.110017371161756
0.06844,-2.245725919569802,33.15,-39.01725769042969,0.0
0.06785,-2.547331144179177,33.216,-37.91725158691406,12.997243009047455
0.06785,-2.547331144179177,33.216,-37.91725158691406,0.0
0.06844,-3.171324064101052,33.21,-36.86531066894531,-1.16256539430323
0.06844,-3.171324064101052,33.21,-36.86531066894531,0.0
0.06844,-3.119322110976052,33.258,-35.77629089355469,9.448818897639027
0.06844,-3.119322110976052,33.258,-35.77629089355469,0.0
0.06431,-2.339323331679177,33.318,-34.69963073730469,11.36148456730804
0.06431,-2.339323331679177,33.318,-34.69963073730469,0.0
0.06667,-2.048124601210427,32.94,-33.60992431640625,-76.22504537205866
0.06667,-2.048124601210427,32.94,-33.60992431640625,0.0
0.06431,-2.048124601210427,33.222,-32.531890869140625,46.25225520750311
0.06431,-1.944120694960427,33.222,-32.531890869140625,0.0
0.0648999999999999,-1.902525235976052,33.348,-31.446990966796875,25.220176140920103
0.0648999999999999,-1.902525235976052,33.348,-31.446990966796875,0.0
0.06195,-1.736112882460427,33.204,-30.35316467285157,-27.575641516679585
0.06195,-1.736112882460427,33.204,-30.35316467285157,0.0
0.06254,-1.725736905897927,33.348,-29.306716918945312,28.708133971304765
0.06254,-1.725736905897927,33.348,-29.306716918945312,0.0
0.0572299999999999,-1.600920011366677,33.078,-28.205337524414062,-56.44992682412901
0.0572299999999999,-1.600920011366677,33.078,-28.205337524414062,0.0
0.0560499999999999,-1.600920011366677,33.006,-27.073745727539062,-13.503375843972458
0.0560499999999999,-1.548918058241677,33.006,-27.073745727539062,0.0
0.05959,-1.507322599257302,33.048,-26.04583740234375,8.469449485784613
0.05959,-1.507322599257302,33.048,-26.04583740234375,0.0
0.05841,-1.372129728163552,33.204,-24.94102478027344,30.744974379184956
0.05841,-1.372129728163552,33.204,-24.94102478027344,0.0
0.0560499999999999,-1.351316739882302,33.37799999999999,-23.841705322265625,35.36585365854595
0.0560499999999999,-1.351316739882302,33.37799999999999,-23.841705322265625,0.0
0.0548699999999999,-1.216123868788552,33.09,-22.7911376953125,-49.59531599795539
0.0548699999999999,-1.216123868788552,33.09,-22.7911376953125,0.0
0.0530999999999999,-1.153715421522927,33.19200000000001,-21.73301696777344,20.4737053392291
0.0530999999999999,-1.153715421522927,33.19200000000001,-21.73301696777344,0.0
0.05133,-1.153715421522927,33.258,-20.647430419921875,13.40645947591444
0.05133,-1.028929044569802,33.258,-20.647430419921875,0.0
0.0519199999999999,-0.956114103163552,33.12,-19.55360412597656,-27.71084337351612
0.0519199999999999,-0.956114103163552,33.12,-19.55360412597656,0.0
0.05133,-1.028929044569802,33.27,-18.522262573242188,26.89135891000528
0.05133,-1.028929044569802,33.27,-18.522262573242188,0.0
0.0483799999999999,-0.872923185194802,33.126,-17.436676025390625,-29.286150091526583
0.0483799999999999,-0.872923185194802,33.126,-17.436676025390625,0.0
0.0483799999999999,-0.716917325819802,32.97,-16.354522705078125,-31.540638900141563
0.0483799999999999,-0.716917325819802,32.97,-16.354522705078125,0.0
0.0507399999999999,-0.644132901991677,33.054,-15.301208496093752,16.763121133519963
0.0507399999999999,-0.644132901991677,33.054,-15.301208496093752,0.0
0.04661,-0.540128995741677,33.168000000000006,-14.207382202148438,22.93762575452738
0.04661,-0.540128995741677,33.168000000000006,-14.207382202148438,0.0
0.04779,-0.675321866835427,33.276,-13.135528564453123,21.591363454628304
0.04779,-0.675321866835427,33.276,-13.135528564453123,0.0
0.04661,-0.467314054335427,33.066,-12.045822143554688,-46.012269938701856
0.04661,-0.467314054335427,33.066,-12.045822143554688,0.0
0.04484,-0.332121183241677,33.114,-10.979461669921877,9.0446579988651
0.04484,-0.332121183241677,33.114,-10.979461669921877,0.0
0.04602,-0.259336759413552,33.132,-9.931640625,3.8935756002637967
0.04602,-0.259336759413552,33.132,-9.931640625,0.0
0.04425,-0.155332853163552,33.096,-8.836441040039062,-7.145692735214093
0.04425,-0.155332853163552,33.096,-8.836441040039062,0.0
0.04543,-0.207334806288552,33.144,-7.795486450195312,9.652121455862655
0.04543,-0.207334806288552,33.144,-7.795486450195312,0.0
0.04189,-0.030515958632302,33.252,-6.6748809814453125,21.880064829819368
0.04189,-0.030515958632302,33.252,-6.6748809814453125,0.0
0.0377599999999999,0.0214859944926979,32.982,-5.56732177734375,-54.46842848492148
0.0377599999999999,0.0214859944926979,32.982,-5.56732177734375,0.0
0.03953,0.1878678304301979,32.867999999999995,-4.50439453125,-22.831964750656734
0.03953,0.1878678304301979,32.867999999999995,-4.50439453125,0.0
0.03953,0.1878678304301979,33.114,-3.4119415283203125,49.22953772267421
0.03953,0.1878678304301979,33.114,-3.4119415283203125,0.0
0.03953,0.1462723714458229,33.114,-2.3448944091796875,0.0
0.0371699999999999,0.3542801839458229,33.126,-1.256561279296875,2.384263858535
0.0371699999999999,0.3542801839458229,33.126,-1.256561279296875,0.0
0.0359899999999999,0.541475008164573,33.041999999999994,-0.179901123046875,-16.650148662033573
0.0359899999999999,0.541475008164573,33.041999999999994,-0.179901123046875,0.0
0.0354,0.593476961289573,33.048,0.88714599609375,1.212611156024401
0.0354,0.593476961289573,33.048,0.88714599609375,0.0
0.03422,0.676667879258323,33.09,1.9871520996093748,8.376545672113812
0.03422,0.676667879258323,33.09,1.9871520996093748,0.0
0.03422,0.666291902695823,33.102,3.0322265625,2.456499488227116
0.03422,0.666291902695823,33.102,3.0322265625,0.0
0.0324499999999999,0.884675691758323,33.24,4.134292602539063,27.716408917421845
0.0324499999999999,0.884675691758323,33.24,4.134292602539063,0.0
0.03009,0.936677644883323,32.976,5.221939086914063,-53.3764658310098
0.03009,0.936677644883323,32.976,5.221939086914063,0.0
0.03186,0.988679598008323,32.682,6.2917327880859375,-58.333333333320645
0.03186,0.988679598008323,32.682,6.2917327880859375,0.0
0.03068,0.666291902695823,32.964,7.33062744140625,56.23130608175163
0.03068,0.666291902695823,32.964,7.33062744140625,0.0
0.0324499999999999,0.666291902695823,33.023999999999994,8.402481079101562,11.7187500000036
0.0324499999999999,0.666291902695823,33.023999999999994,8.402481079101562,0.0
0.03009,0.822267244492698,33.21,9.46746826171875,36.86818632312627
0.03009,0.822267244492698,33.21,9.46746826171875,0.0
0.0277299999999999,0.801484773789573,33.216,10.551681518554688,1.2332990750251474
0.0277299999999999,0.801484773789573,33.216,10.551681518554688,0.0
0.02891,0.967866609727073,32.94,11.592636108398438,-55.10081852664003
0.02891,0.967866609727073,32.94,11.592636108398438,0.0
0.0295,0.967866609727073,32.976,12.674789428710938,7.035372288452615
0.0295,1.456666658555198,32.976,12.674789428710938,0.0
0.03068,1.581483553086448,33.023999999999994,13.751449584960938,9.642426677376973
0.03068,1.581483553086448,33.023999999999994,13.751449584960938,0.0
0.0277299999999999,1.675080965195823,33.24,14.835662841796877,44.64654816040359
0.0277299999999999,1.675080965195823,33.24,14.835662841796877,0.0
0.0247799999999999,1.758271883164573,33.138,15.946655273437502,-20.48604137374658
0.0247799999999999,1.758271883164573,33.138,15.946655273437502,0.0
0.0236,1.883088777695823,32.862,17.022628784179688,-55.66760790647026
0.0236,1.883088777695823,32.862,17.022628784179688,0.0
0.0236,1.883088777695823,33.023999999999994,18.09722900390625,31.004784688976333
0.0236,1.883088777695823,33.023999999999994,18.09722900390625,0.0
0.0236,1.883088777695823,33.06,19.175262451171875,7.179896290384685
0.0236,1.883088777695823,33.06,19.175262451171875,0.0
0.02124,2.007875154648948,33.162000000000006,20.260162353515625,19.230769230761197
0.02124,2.007875154648948,33.162000000000006,20.260162353515625,0.0
0.02183,1.997468660508323,33.198,21.33544921875,7.210094131784915
0.02183,1.997468660508323,33.198,21.33544921875,0.0
0.01652,2.111879060898948,32.958000000000006,22.448501586914062,-44.70106165019881
0.01652,2.111879060898948,32.958000000000006,22.448501586914062,0.0
0.02124,1.935090730820823,32.862,23.471603393554688,-19.20768307322809
0.02124,1.935090730820823,32.862,23.471603393554688,0.0
0.0200599999999999,2.018281648789573,32.928000000000004,24.568862915039062,13.602638087388184
0.0200599999999999,2.018281648789573,32.928000000000004,24.568862915039062,0.0
0.0177,1.976686189805198,33.228,25.605697631835938,59.97600959619084
0.0177,1.976686189805198,33.228,25.605697631835938,0.0
0.01829,2.163881014023948,33.19200000000001,26.69883728027344,-6.482982171799125
0.01829,2.163881014023948,33.19200000000001,26.69883728027344,0.0
0.01416,2.392671297227073,33.01199999999999,27.791976928710938,-35.8565737051692
0.01416,2.392671297227073,33.01199999999999,27.791976928710938,0.0
0.01652,2.371888826523948,32.879999999999995,28.87001037597656,-26.08695652173724
0.01652,2.371888826523948,32.879999999999995,28.87001037597656,0.0
0.01711,2.403077791367698,32.922000000000004,29.94735717773437,8.34160873883083
0.01711,2.403077791367698,32.922000000000004,29.94735717773437,0.0
0.01475,2.455079744492698,33.084,31.00204467773437,27.882960413096267
0.01475,2.455079744492698,33.084,31.00204467773437,0.0
0.01534,2.548677156602073,33.198,32.02720642089844,23.104985812733712
0.01534,2.548677156602073,33.198,32.02720642089844,0.0
0.0100299999999999,2.777467439805198,33.306,33.16291809082031,21.08139761856313
0.0100299999999999,2.777467439805198,33.306,33.16291809082031,0.0
0.0129799999999999,2.683870027695823,32.874,34.24163818359375,-86.15875548471705
0.0129799999999999,2.683870027695823,32.874,34.24163818359375,0.0
0.0129799999999999,2.756684969102073,32.862,35.29975891113281,-2.310803004044683
0.0129799999999999,2.756684969102073,32.862,35.29975891113281,0.0
0.01062,2.839875887070823,33.24,36.353759765625,77.55437012719075
0.01062,2.839875887070823,33.24,36.353759765625,0.0
0.0100299999999999,3.037477205430198,33.204,37.40776062011719,-6.737787759690463
0.0100299999999999,3.037477205430198,33.204,37.40776062011719,0.0
0.0064899999999999,3.089479158555198,33.15,38.50433349609375,-10.440835266832591
0.0064899999999999,3.089479158555198,33.15,38.50433349609375,0.0
0.00708,2.954286287461448,32.844,39.5672607421875,-61.95586151042356
0.00708,2.954286287461448,32.844,39.5672607421875,0.0
0.0059,3.151887605820823,32.97,40.64666748046875,25.149700598808824
0.0059,3.151887605820823,32.97,40.64666748046875,0.0
0.00531,3.307862947617698,33.114,41.67869567871094,28.571428571422327
0.00531,3.307862947617698,33.114,41.67869567871094,0.0
0.0064899999999999,3.391084383164573,33.114,42.72514343261719,0.0
0.0023599999999999,3.318269441758323,33.336,43.81622314453125,44.240733359906855
0.0023599999999999,3.318269441758323,33.336,43.81622314453125,0.0
0.00354,3.266267488633323,32.778,44.86129760742188,-127.33911455957156
0.00354,3.266267488633323,32.778,44.86129760742188,0.0
0.0047199999999999,3.640687654648948,32.802,45.92079162597656,4.823151125395997
0.0047199999999999,3.640687654648948,32.802,45.92079162597656,0.0
0.0047199999999999,3.578279207383323,33.035999999999994,47.000885009765625,46.73457159976771
0.0047199999999999,3.578279207383323,33.035999999999994,47.000885009765625,0.0
0.00413,3.547090242539573,33.096,48.055572509765625,12.15559157212187
0.00413,3.547090242539573,33.096,48.055572509765625,0.0
0.00354,3.505464265977073,33.342,49.10270690917969,49.696969696961126
0.00354,3.505464265977073,33.342,49.10270690917969,0.0
0.00177,3.692689607773948,32.982,50.228118896484375,-72.12983370070647
0.00177,3.692689607773948,32.982,50.228118896484375,0.0
-0.0,3.921479890977073,32.879999999999995,51.295166015625,-18.361836183615463
-0.0,3.921479890977073,32.879999999999995,51.295166015625,0.0
0.00295,3.734285066758323,32.79600000000001,52.34710693359375,-16.93889897156636
0.00295,3.734285066758323,32.79600000000001,52.34710693359375,0.0
0.00295,3.827882478867698,32.994,53.42445373535156,46.31578947368474
0.00295,3.827882478867698,32.994,53.42445373535156,0.0
0.00177,3.900666902695823,33.51,54.48532104492188,102.645713149029
0.00177,3.900666902695823,33.51,54.48532104492188,0.0
-0.0,3.900666902695823,33.084,55.570220947265625,-85.11488511493442
-0.0,4.150270174180198,33.084,55.570220947265625,0.0
-0.0,4.119081209336448,32.814,56.6455078125,-53.9460539460099
-0.0,4.119081209336448,32.814,56.6455078125,0.0
0.00177,3.890290926133323,32.886,57.6885223388672,13.9534883720838
0.00177,3.890290926133323,32.886,57.6885223388672,0.0
-0.0,4.150270174180198,33.035999999999994,58.75282287597656,30.51261187956601
-0.0,4.150270174180198,33.035999999999994,58.75282287597656,0.0
0.0011799999999999,4.202272127305198,33.306,59.82879638671875,54.47941888619961
0.0011799999999999,4.202272127305198,33.306,59.82879638671875,0.0
-0.0,4.379090974961448,33.168000000000006,60.88005065917969,-27.85065590311237
-0.0,4.379090974961448,33.168000000000006,60.88005065917969,0.0
-0.0,4.243867586289573,32.928000000000004,61.96769714355468,-48.66180048658179
-0.0,4.243867586289573,32.928000000000004,61.96769714355468,0.0
0.00295,4.056672762070823,32.742,63.02650451660156,-38.07574206754284
0.00295,4.056672762070823,32.742,63.02650451660156,0.0
-0.0,4.399873445664573,33.132,64.09835815429688,78.2975306163298
-0.0,4.399873445664573,33.132,64.09835815429688,0.0
-0.0,4.337464998398948,33.432,65.12420654296875,50.86469989831572
-0.0,4.337464998398948,33.432,65.12420654296875,0.0
-0.0,4.514283846055198,33.19200000000001,66.19400024414062,-48.54368932036929
-0.0,4.514283846055198,33.19200000000001,66.19400024414062,0.0
-0.0005899999999999,4.514283846055198,33.018,67.30499267578125,-32.43243243244804
-0.0005899999999999,4.503877351914573,33.018,67.30499267578125,0.0
-0.0,4.358277986680198,32.904,68.34526062011719,-23.016353725012586
-0.0,4.358277986680198,32.904,68.34526062011719,0.0
-0.0,4.545472810898948,33.276,69.44114685058594,75.98039215682809
-0.0,4.545472810898948,33.276,69.44114685058594,0.0
-0.0,4.441468904648948,33.18000000000001,70.52192687988281,-19.319782652434096
-0.0,4.441468904648948,33.18000000000001,70.52192687988281,0.0
-0.0005899999999999,4.441468904648948,32.928000000000004,71.55738830566406,-45.78488372091444
-0.0005899999999999,4.555879305039573,32.928000000000004,71.55738830566406,0.0
-0.0059,4.670289705430198,32.43000000000001,72.62649536132812,-98.90764647468744
-0.0059,4.670289705430198,32.43000000000001,72.62649536132812,0.0
-0.00177,4.628663728867698,31.062,73.65303039550781,-287.818220071911
-0.00177,4.628663728867698,31.062,73.65303039550781,0.0
-0.0064899999999999,4.701478670273948,30.366,74.6795654296875,-139.033160207706
-0.0064899999999999,4.701478670273948,30.366,74.6795654296875,0.0
-0.00354,4.618287752305198,29.31,75.61752319335938,-213.20411871591145
-0.00354,4.618287752305198,29.31,75.61752319335938,0.0
-0.0064899999999999,4.774263094102073,28.698,76.57058715820312,-123.23801852589853
-0.0064899999999999,4.774263094102073,28.698,76.57058715820312,0.0
-0.0047199999999999,4.670289705430198,27.522,77.46528625488281,-247.3186119872286
-0.0047199999999999,4.670289705430198,27.522,77.46528625488281,0.0
-0.00885,4.815889070664573,26.526,78.37577819824219,-201.90553415766453
-0.00885,4.815889070664573,26.526,78.37577819824219,0.0
-0.0047199999999999,4.701478670273948,25.278,79.19082641601562,-249.50019991980207
-0.0047199999999999,4.701478670273948,25.278,79.19082641601562,0.0
-0.0100299999999999,4.847078035508323,24.72,79.99488830566406,-111.11111111118296
-0.0100299999999999,4.847078035508323,24.72,79.99488830566406,0.0
-0.00885,4.930268953477073,23.454,80.79071044921875,-254.88222266958783
-0.00885,4.930268953477073,23.454,80.79071044921875,0.0
-0.01062,4.899079988633323,22.758,81.52679443359375,-139.2835701420012
-0.01062,4.899079988633323,22.758,81.52679443359375,0.0
-0.01062,4.899079988633323,21.702,82.25051879882812,-209.10891089091396
-0.01062,4.899079988633323,21.702,82.25051879882812,0.0
-0.0118,4.743074129258323,20.832,82.90969848632812,-161.29032258078115
-0.0118,4.743074129258323,20.832,82.90969848632812,0.0
-0.01593,4.795076082383323,19.914,83.59771728515625,-184.74542161417176
-0.01593,4.795076082383323,19.914,83.59771728515625,0.0
-0.0118,4.899079988633323,18.294,84.22119140625,-326.08695652186503
-0.0118,4.899079988633323,18.294,84.22119140625,0.0
-0.00767,4.774263094102073,17.454,84.7705078125,-170.24726388330518
-0.00767,4.774263094102073,17.454,84.7705078125,0.0
-0.0118,4.722291658555198,16.74,85.32257080078125,-143.02884615380535
-0.0118,4.722291658555198,16.74,85.32257080078125,0.0
-0.01062,4.795076082383323,15.702000000000002,85.85472106933594,-216.4303586322419
-0.01062,4.795076082383323,15.702000000000002,85.85472106933594,0.0
-0.0129799999999999,4.899079988633323,14.778,86.33193969726562,-182.2844742553177
-0.0129799999999999,4.899079988633323,14.778,86.33193969726562,0.0
-0.01652,4.753480623398948,14.256,86.80366516113281,-92.701118806589
-0.01652,4.753480623398948,14.256,86.80366516113281,0.0
-0.0177,4.971864412461448,13.08,87.23213195800781,-242.62430369310377
-0.0177,4.971864412461448,13.08,87.23213195800781,0.0
-0.0135699999999999,4.857484529648948,11.736,87.61871337890625,-266.5608885361312
-0.0135699999999999,4.857484529648948,11.736,87.61871337890625,0.0
-0.0118,4.836671541367698,10.734,87.97988891601562,-202.38335689737264
-0.0118,4.836671541367698,10.734,87.97988891601562,0.0
-0.01416,4.774263094102073,10.2,88.31153869628906,-107.96603315802275
-0.01416,4.774263094102073,10.2,88.31153869628906,0.0
-0.0188799999999999,4.763887117539573,9.36,88.64250183105469,-167.86570743406733
-0.0188799999999999,4.763887117539573,9.36,88.64250183105469,0.0
-0.0194699999999999,4.847078035508323,8.046,88.93363952636719,-262.4850179783409
-0.0194699999999999,4.847078035508323,8.046,88.93363952636719,0.0
-0.02124,4.899079988633323,6.708,89.18014526367188,-268.4590690208493
-0.02124,4.899079988633323,6.708,89.18014526367188,0.0
-0.01593,4.795076082383323,5.472,89.36691284179688,-252.7090574524304
-0.01593,4.795076082383323,5.472,89.36691284179688,0.0
-0.01652,4.847078035508323,4.824,89.53445434570312,-131.17408906869778
-0.01652,4.847078035508323,4.824,89.53445434570312,0.0
-0.01593,4.867891023789573,3.924,89.67315673828125,-169.14113888360075
-0.01593,4.867891023789573,3.924,89.67315673828125,0.0
-0.01593,4.867891023789573,3.384,89.79194641113281,-108.12975570677254
-0.01593,4.867891023789573,3.384,89.79194641113281,0.0
-0.0188799999999999,4.899079988633323,2.136,89.88258361816406,-247.2266244059473
-0.0188799999999999,4.899079988633323,2.136,89.88258361816406,0.0
-0.01829,4.847078035508323,1.374,89.93476867675781,-151.70217001787736
-0.01829,4.847078035508323,1.374,89.93476867675781,0.0
-0.0177,4.857484529648948,0.858,89.96978759765625,-102.82981267437752
-0.0177,4.857484529648948,0.858,89.96978759765625,0.0
-0.0188799999999999,4.847078035508323,0.39,89.98558044433594,-93.18996415776635
-0.0188799999999999,4.847078035508323,0.39,89.98558044433594,0.0
-0.0188799999999999,4.847078035508323,0.24,89.99382019042969,-29.773719730057596
-0.0188799999999999,4.847078035508323,0.24,89.99382019042969,0.0
-0.0188799999999999,4.867891023789573,0.1379999999999999,90.00137329101562,-20.664505672606413
-0.0188799999999999,4.867891023789573,0.1379999999999999,90.00137329101562,0.0
-0.0200599999999999,4.847078035508323,0.102,90.00480651855469,-7.172743574421169
-0.0200599999999999,4.847078035508323,0.102,90.00480651855469,0.0
-0.0188799999999999,4.847078035508323,0.0059999999999999,90.0054931640625,-20.236087689703524
-0.0188799999999999,4.847078035508323,0.0059999999999999,90.0054931640625,0.0
-0.0206499999999999,4.867891023789573,-0.0059999999999999,90.00480651855469,-2.4208190437776897
-0.0206499999999999,4.867891023789573,-0.0059999999999999,90.00480651855469,0.0
-0.0206499999999999,4.836671541367698,0.0239999999999999,90.00343322753906,5.915992900807388
-0.0206499999999999,4.836671541367698,0.0239999999999999,90.00343322753906,0.0
-0.0206499999999999,4.867891023789573,-0.0,90.0054931640625,-4.697592483854429
-0.0206499999999999,4.867891023789573,-0.0,90.0054931640625,0.0
-0.0200599999999999,4.847078035508323,-0.0,90.00755310058594,0.0
-0.0206499999999999,4.857484529648948,0.018,90.0054931640625,3.556609365734576
-0.0206499999999999,4.857484529648948,0.018,90.0054931640625,0.0
-0.0206499999999999,4.805482576523948,0.0059999999999999,90.00892639160156,-2.342834830144461
-0.0206499999999999,4.805482576523948,0.0059999999999999,90.00892639160156,0.0
-0.0206499999999999,4.847078035508323,-0.0059999999999999,90.00686645507812,-2.391867649988912
-0.0206499999999999,4.847078035508323,-0.0059999999999999,90.00686645507812,0.0
-0.02124,4.826265047227073,-0.0059999999999999,90.00823974609375,0.0
-0.02183,4.826265047227073,-0.018,90.00823974609375,-2.3161551823970945
-0.02183,4.826265047227073,-0.018,90.00823974609375,0.0
-0.02242,4.847078035508323,-0.0239999999999999,90.00343322753906,-1.19284294234641
-0.02242,4.847078035508323,-0.0239999999999999,90.00343322753906,0.0
-0.02242,4.847078035508323,0.018,90.00686645507812,8.152173913050765
-0.02242,4.857484529648948,0.018,90.00686645507812,0.0
-0.02183,4.847078035508323,0.0059999999999999,90.00617980957031,-2.378121284185463
-0.02183,4.847078035508323,0.0059999999999999,90.00617980957031,0.0
-0.02183,4.826265047227073,0.0059999999999999,90.00480651855469,0.0
-0.02242,4.826265047227073,-0.0059999999999999,90.00892639160156,-2.3904382470144383
-0.02242,4.826265047227073,-0.0059999999999999,90.00892639160156,0.0
-0.0241899999999999,4.847078035508323,-0.0,90.00411987304688,1.1355034065110452
-0.0241899999999999,4.847078035508323,-0.0,90.00411987304688,0.0
-0.0336299999999999,4.847078035508323,-0.03,90.00617980957031,-5.870841487277607
-0.0336299999999999,4.847078035508323,-0.03,90.00617980957031,0.0
-0.04484,4.836671541367698,-0.126,90.0054931640625,-18.626309662407397
-0.04484,4.836671541367698,-0.126,90.0054931640625,0.0
-0.05841,4.857484529648948,-0.5519999999999999,90.00205993652344,-84.8774656306507
-0.05841,4.857484529648948,-0.5519999999999999,90.00205993652344,0.0
-0.0778799999999999,4.899079988633323,-1.3079999999999998,89.97665405273438,-150.83798882679508
-0.0778799999999999,4.899079988633323,-1.3079999999999998,89.97665405273438,0.0
-0.0890899999999999,4.940675447617698,-3.426,89.90386962890625,-416.1100196461445
-0.0890899999999999,4.940675447617698,-3.426,89.90386962890625,0.0
-0.08968,4.899079988633323,-5.735999999999999,89.75761413574219,-445.25828835801775
-0.08968,4.899079988633323,-5.735999999999999,89.75761413574219,0.0
-0.08555,4.899079988633323,-7.889999999999999,89.53788757324219,-367.8278688523701
-0.08555,4.919862459336448,-7.889999999999999,89.53788757324219,0.0
-0.0767,4.878267000352073,-8.610000000000001,89.27009582519531,-142.18009478680634
-0.0767,4.878267000352073,-8.610000000000001,89.27009582519531,0.0
-0.0767,4.899079988633323,-9.45,88.96659851074219,-166.83217477658167
-0.0767,4.899079988633323,-9.45,88.96659851074219,0.0
-0.0820099999999999,4.722291658555198,-9.798,88.64181518554688,-66.98748796919479
-0.0820099999999999,4.722291658555198,-9.798,88.64181518554688,0.0
-0.08142,4.815889070664573,-10.032,88.31977844238281,-47.97047970474743
-0.08142,4.815889070664573,-10.032,88.31977844238281,0.0
-0.0796499999999999,5.023866365586448,-10.896,87.98126220703125,-170.75098814228298
-0.0796499999999999,5.023866365586448,-10.896,87.98126220703125,0.0
-0.0843699999999999,5.023866365586448,-12.204,87.61734008789062,-271.6510903426407
-0.0843699999999999,5.023866365586448,-12.204,87.61734008789062,0.0
-0.0890899999999999,4.847078035508323,-13.65,87.20329284667969,-287.1326449564894
-0.0890899999999999,4.847078035508323,-13.65,87.20329284667969,0.0
-0.0796499999999999,4.919862459336448,-14.37,86.75765991210938,-145.54275318391632
-0.0796499999999999,4.919862459336448,-14.37,86.75765991210938,0.0
-0.08555,4.899079988633323,-15.09,86.27426147460938,-136.59647125799793
-0.08555,4.899079988633323,-15.09,86.27426147460938,0.0
-0.0914499999999999,4.899079988633323,-16.211999999999996,85.77987670898438,-218.0758017493194
-0.0914499999999999,5.003083894883323,-16.211999999999996,85.77987670898438,0.0
-0.0890899999999999,4.961488435898948,-17.316000000000003,85.2264404296875,-220.75584883023376
-0.0890899999999999,4.961488435898948,-17.316000000000003,85.2264404296875,0.0
-0.08555,4.847078035508323,-17.856,84.65446472167969,-108.1514119767908
-0.08555,4.847078035508323,-17.856,84.65446472167969,0.0
-0.08378,5.023866365586448,-18.9,84.09210205078125,-208.0924855490382
-0.08378,5.023866365586448,-18.9,84.09210205078125,0.0
-0.0926299999999999,5.023866365586448,-20.028,83.44734191894531,-217.3410404624731
-0.0926299999999999,4.982270906602073,-20.028,83.44734191894531,0.0
-0.0843699999999999,4.847078035508323,-20.532,82.77030944824219,-100.73955626634154
-0.0843699999999999,4.847078035508323,-20.532,82.77030944824219,0.0
-0.08319,5.044679353867698,-21.612,82.08641052246094,-197.62122598349723
-0.08319,5.044679353867698,-21.612,82.08641052246094,0.0
-0.0843699999999999,4.951081941758323,-22.902,81.35856628417969,-258.2582582582086
-0.0843699999999999,4.951081941758323,-22.902,81.35856628417969,0.0
-0.0938099999999999,4.899079988633323,-23.88,80.59638977050781,-198.09600972257564
-0.0938099999999999,4.899079988633323,-23.88,80.59638977050781,0.0
-0.08791,5.003083894883323,-24.99,79.81086730957031,-210.30693444498465
-0.08791,5.003083894883323,-24.99,79.81086730957031,0.0
-0.08791,4.784669588242698,-25.668,79.01710510253906,-113.75838926171186
-0.08791,4.784669588242698,-25.668,79.01710510253906,0.0
-0.08378,4.982270906602073,-26.946,78.17253112792969,-255.7022809123397
-0.08378,4.982270906602073,-26.946,78.17253112792969,0.0
-0.08378,4.805482576523948,-27.630000000000003,77.2613525390625,-135.044422507354
-0.08378,4.805482576523948,-27.630000000000003,77.2613525390625,0.0
-0.08614,5.003083894883323,-28.422,76.35910034179688,-158.3050169897396
-0.08614,5.003083894883323,-28.422,76.35910034179688,0.0
-0.09086,5.003083894883323,-29.442,75.43281555175781,-202.8639618137246
-0.09086,4.847078035508323,-29.442,75.43281555175781,0.0
-0.09558,5.023866365586448,-30.894,74.47219848632812,-287.7526753864383
-0.09558,5.023866365586448,-30.894,74.47219848632812,0.0
-0.0926299999999999,5.023866365586448,-31.542,73.45046997070312,-133.99503722091643
-0.0926299999999999,4.805482576523948,-31.542,73.45046997070312,0.0
-0.0890899999999999,4.826265047227073,-32.532000000000004,72.38067626953125,-198.67549668862864
-0.0890899999999999,4.826265047227073,-32.532000000000004,72.38067626953125,0.0
-0.08378,4.899079988633323,-32.784,71.32392883300781,-40.8759124087865
-0.08378,4.899079988633323,-32.784,71.32392883300781,0.0
-0.08319,4.670289705430198,-32.97,70.24314880371094,-37.69760843130328
-0.08319,4.670289705430198,-32.97,70.24314880371094,0.0
-0.0843699999999999,4.670289705430198,-33.066,69.16923522949219,-19.261637239164816
-0.0843699999999999,4.670289705430198,-33.066,69.16923522949219,0.0
-0.08142,4.535066316758323,-33.06,68.0987548828125,1.1978438810156438
-0.08142,4.535066316758323,-33.06,68.0987548828125,0.0
-0.08083,4.743074129258323,-33.168000000000006,67.03926086425781,-21.77419354840124
-0.08083,4.743074129258323,-33.168000000000006,67.03926086425781,0.0
-0.0796499999999999,4.587068269883323,-32.982,65.96122741699219,37.19256148770362
-0.0796499999999999,4.587068269883323,-32.982,65.96122741699219,0.0
-0.0796499999999999,4.503877351914573,-32.79600000000001,64.87289428710938,34.24783649418907
-0.0796499999999999,4.503877351914573,-32.79600000000001,64.87289428710938,0.0
-0.0802399999999999,4.597474764023948,-32.994,63.83674621582031,-41.1985018727008
-0.0802399999999999,4.597474764023948,-32.994,63.83674621582031,0.0
-0.07847,4.410279939805198,-33.078,62.74017333984374,-17.024726388331164
-0.07847,4.410279939805198,-33.078,62.74017333984374,0.0
-0.0796499999999999,4.399873445664573,-33.222,61.65939331054688,-28.86928628710415
-0.0796499999999999,4.399873445664573,-33.222,61.65939331054688,0.0
-0.07729,4.347871492539573,-33.054,60.577239990234375,33.80281690140734
-0.07729,4.347871492539573,-33.054,60.577239990234375,0.0
-0.0778799999999999,4.275087068711448,-32.82,59.47448730468751,46.78128748502965
-0.0778799999999999,4.275087068711448,-32.82,59.47448730468751,0.0
-0.08142,4.451875398789573,-32.879999999999995,58.46443176269531,-12.140833670578276
-0.08142,4.451875398789573,-32.879999999999995,58.46443176269531,0.0
-0.0778799999999999,4.202272127305198,-33.023999999999994,57.37472534179687,-28.662420382172083
-0.0778799999999999,4.202272127305198,-33.023999999999994,57.37472534179687,0.0
-0.07611,4.181489656602073,-33.38999999999999,56.29875183105469,-72.80684304756727
-0.07611,4.181489656602073,-33.38999999999999,56.29875183105469,0.0
-0.0743399999999999,3.973481844102073,-33.21,55.2117919921875,35.31489111242288
-0.0743399999999999,3.973481844102073,-33.21,55.2117919921875,0.0
-0.0719799999999999,4.150270174180198,-32.892,54.09873962402344,63.66366366365086
-0.0719799999999999,4.150270174180198,-32.892,54.09873962402344,0.0
-0.07847,4.202272127305198,-32.772,53.0694580078125,25.162507863305628
-0.07847,4.202272127305198,-32.772,53.0694580078125,0.0
-0.07729,3.869477937852073,-33.01199999999999,52.00447082519531,-48.32863471603773
-0.07729,3.869477937852073,-33.01199999999999,52.00447082519531,0.0
-0.0802399999999999,3.900666902695823,-33.204,50.94566345214844,-38.11036125447516
-0.0802399999999999,3.900666902695823,-33.204,50.94566345214844,0.0
-0.07729,3.755067537461448,-33.288000000000004,49.876556396484375,-17.266187050352062
-0.07729,3.755067537461448,-33.288000000000004,49.876556396484375,0.0
-0.07375,3.942262361680198,-32.976,48.755950927734375,62.077198567439545
-0.07375,3.942262361680198,-32.976,48.755950927734375,0.0
-0.0802399999999999,3.900666902695823,-32.706,47.71499633789063,54.34782608697667
-0.0802399999999999,3.900666902695823,-32.706,47.71499633789063,0.0
-0.07729,3.547090242539573,-32.976,46.654815673828125,-52.53940455341651
-0.07729,3.547090242539573,-32.976,46.654815673828125,0.0
-0.0755199999999999,3.630281160508323,-33.126,45.60493469238281,-30.03003003002391
-0.0755199999999999,3.630281160508323,-33.126,45.60493469238281,0.0
-0.07611,3.578279207383323,-33.126,44.51934814453125,0.0
-0.0719799999999999,3.661470125352073,-33.096,43.42689514160156,6.083958629073859
-0.0719799999999999,3.661470125352073,-33.096,43.42689514160156,0.0
-0.07375,3.411866853867698,-32.916000000000004,42.34954833984375,36.01440576229982
-0.07375,3.411866853867698,-32.916000000000004,42.34954833984375,0.0
-0.07316,3.276673982773948,-33.018,41.28593444824219,-20.552085432182693
-0.07316,3.276673982773948,-33.018,41.28593444824219,0.0
-0.06903,3.318269441758323,-33.06,40.25390625,-7.909604519772106
-0.06903,3.318269441758323,-33.06,40.25390625,0.0
-0.06844,3.318269441758323,-33.072,39.16282653808594,-2.398560863484407
-0.06844,3.318269441758323,-33.072,39.16282653808594,0.0
-0.06785,3.245485017930198,-33.114,38.085479736328125,-8.634868421055476
-0.06785,3.245485017930198,-33.114,38.085479736328125,0.0
-0.06431,3.245485017930198,-32.862,37.01362609863281,45.25862068962351
-0.06431,2.985475252305198,-32.862,37.01362609863281,0.0
-0.06608,2.933473299180198,-32.976,35.936279296875,-23.10030395135204
-0.06608,2.933473299180198,-32.976,35.936279296875,0.0
-0.06667,2.933473299180198,-33.12,34.91111755371094,-27.103331451188318
-0.06667,3.089479158555198,-33.12,34.91111755371094,0.0
-0.0672599999999999,2.923066805039573,-33.09,33.85231018066406,5.983246908651306
-0.0672599999999999,2.923066805039573,-33.09,33.85231018066406,0.0
-0.06667,2.808686922227073,-33.252,32.80036926269531,-33.39517625230405
-0.06667,2.808686922227073,-33.252,32.80036926269531,0.0
-0.0654899999999999,2.548677156602073,-32.982,31.71478271484375,54.34782608690037
-0.0654899999999999,2.548677156602073,-32.982,31.71478271484375,0.0
-0.0672599999999999,2.631868074570823,-32.928000000000004,30.66352844238281,10.884902237447712
-0.0672599999999999,2.631868074570823,-32.928000000000004,30.66352844238281,0.0
-0.06844,2.642274568711448,-33.023999999999994,29.601287841796875,-18.775669861130783
-0.06844,2.642274568711448,-33.023999999999994,29.601287841796875,0.0
-0.06195,2.455079744492698,-33.126,28.54454040527344,-20.55208543221355
-0.06195,2.455079744492698,-33.126,28.54454040527344,0.0
-0.06136,2.319886873398948,-33.252,27.469253540039062,-29.398040130655943
-0.06136,2.319886873398948,-33.252,27.469253540039062,0.0
-0.06136,2.236665437852073,-32.867999999999995,26.33697509765625,75.81441263570886
-0.06136,2.236665437852073,-32.867999999999995,26.33697509765625,0.0
-0.06077,2.288667390977073,-32.82,25.289840698242188,9.929664873804388
-0.06077,2.288667390977073,-32.82,25.289840698242188,0.0
-0.059,2.205476473008323,-33.084,24.240646362304688,-49.94324631102848
-0.059,2.205476473008323,-33.084,24.240646362304688,0.0
-0.0554599999999999,2.205476473008323,-33.096,23.173599243164062,-2.390914524805737
-0.0554599999999999,2.059877107773948,-33.096,23.173599243164062,0.0
-0.0572299999999999,2.018281648789573,-33.132,22.143630981445312,-7.132950267489324
-0.0572299999999999,2.018281648789573,-33.132,22.143630981445312,0.0
-0.05251,2.018281648789573,-32.982,21.01890563964844,30.241935483889176
-0.05251,1.945466707383323,-32.982,21.01890563964844,0.0
-0.0536899999999999,1.883088777695823,-32.856,19.966964721679688,25.377643504538643
-0.0536899999999999,1.883088777695823,-32.856,19.966964721679688,0.0
-0.05251,1.883088777695823,-32.976,18.889617919921875,-23.64532019705342
-0.05251,1.737489412461448,-32.976,18.889617919921875,0.0
-0.0536899999999999,1.727082918320823,-33.096,17.853469848632812,-24.125452352244928
-0.0536899999999999,1.727082918320823,-33.096,17.853469848632812,0.0
-0.0542799999999999,1.675080965195823,-33.168000000000006,16.772689819335938,-14.510278113668685
-0.0542799999999999,1.675080965195823,-33.168000000000006,16.772689819335938,0.0
-0.0519199999999999,1.550264070664573,-33.102,15.682983398437498,13.176282691154809
-0.0519199999999999,1.550264070664573,-33.102,15.682983398437498,0.0
-0.05133,1.415071199570823,-32.94,14.613189697265629,28.45599859476115
-0.05133,1.415071199570823,-32.94,14.613189697265629,0.0
-0.0507399999999999,1.165467928086448,-32.94,13.5406494140625,0.0
-0.0554599999999999,1.186280916367698,-33.06,12.508621215820312,-23.875845602861904
-0.0554599999999999,1.186280916367698,-33.06,12.508621215820312,0.0
-0.05251,1.082277010117698,-33.035999999999994,11.451187133789062,4.823151125404312
-0.05251,1.082277010117698,-33.035999999999994,11.451187133789062,0.0
-0.04897,0.988679598008323,-33.306,10.348434448242188,-53.18101240890353
-0.04897,0.988679598008323,-33.306,10.348434448242188,0.0
-0.04779,0.895082185898948,-33.018,9.245681762695312,57.4965062886665
-0.04779,0.895082185898948,-33.018,9.245681762695312,0.0
-0.04779,0.780671785508323,-32.904,8.191680908203125,21.312394840146595
-0.04779,0.780671785508323,-32.904,8.191680908203125,0.0
-0.04897,0.739076326523948,-33.102,7.112274169921875,-40.334080260762015
-0.04897,0.739076326523948,-33.102,7.112274169921875,0.0
-0.04661,0.655885408555198,-33.162000000000006,6.074752807617188,-12.30264506869052
-0.04661,0.655885408555198,-33.162000000000006,6.074752807617188,0.0
-0.04543,0.4998795491801979,-33.258,4.9829864501953125,-19.58384332924749
-0.04543,0.4998795491801979,-33.258,4.9829864501953125,0.0
-0.04189,0.4998795491801979,-32.988,3.90289306640625,53.65659777424625
-0.04189,0.4998795491801979,-32.988,3.90289306640625,0.0
-0.04248,0.3854691487895729,-32.862,2.8104400634765625,24.72042377869657
-0.04248,0.3854691487895729,-32.862,2.8104400634765625,0.0
-0.04425,0.3646866780864479,-33.01199999999999,1.7667388916015625,-27.90697674418033
-0.04425,0.3646866780864479,-33.01199999999999,1.7667388916015625,0.0
-0.04071,0.1878678304301979,-33.06,0.67840576171875,-9.544641081727017
-0.04071,0.1878678304301979,-33.06,0.67840576171875,0.0
-0.0412999999999999,0.1878678304301979,-33.318,-0.4010009765625,-50.46948356803474
-0.0412999999999999,0.0942704183208229,-33.318,-0.4010009765625,0.0
-0.0389399999999999,0.0630814534770729,-33.114,-1.46392822265625,41.24545086941633
-0.0389399999999999,0.0630814534770729,-33.114,-1.46392822265625,0.0
-0.03658,-0.103330900038552,-32.928000000000004,-2.558441162109375,35.5708548479624
-0.03658,-0.103330900038552,-32.928000000000004,-2.558441162109375,0.0
-0.03658,-0.155332853163552,-33.102,-3.5959625244140625,-34.67516939019554
-0.03658,-0.155332853163552,-33.102,-3.5959625244140625,0.0
-0.0354,-0.280119230116677,-33.156,-4.695281982421875,-11.00917431192517
-0.0354,-0.280119230116677,-33.156,-4.695281982421875,0.0
-0.0359899999999999,0.1774918538676979,-33.19200000000001,-5.782241821289063,-7.032623559289837
-0.0359899999999999,0.1774918538676979,-33.19200000000001,-5.782241821289063,0.0
-0.03658,0.1878678304301979,-32.988,-6.887054443359375,31.28834355827448
-0.03658,0.1878678304301979,-32.988,-6.887054443359375,0.0
-0.03068,-0.051328946913552,-32.862,-7.965087890625,25.10460251047369
-0.03068,-0.051328946913552,-32.862,-7.965087890625,0.0
-0.03422,0.1462723714458229,-32.892,-9.027328491210938,-5.798221878627827
-0.03422,0.1462723714458229,-32.892,-9.027328491210938,0.0
-0.03127,-0.051328946913552,-32.994,-10.071029663085938,-19.740661892779936
-0.03127,-0.051328946913552,-32.994,-10.071029663085938,0.0
-0.03127,0.0422684651958229,-33.168000000000006,-11.114044189453123,-34.793041391722745
-0.03127,0.0422684651958229,-33.168000000000006,-11.114044189453123,0.0
-0.0295,-0.248930265272927,-33.09,-12.185897827148438,15.79586877279696
-0.0295,-0.248930265272927,-33.09,-12.185897827148438,0.0
-0.0265499999999999,-0.248930265272927,-33.15,-13.296890258789062,-12.249897917523414
-0.0265499999999999,-0.248930265272927,-33.15,-13.296890258789062,0.0
-0.0295,-0.207334806288552,-33.018,-14.316558837890623,26.263430163146683
-0.0295,-0.207334806288552,-33.018,-14.316558837890623,0.0
-0.0277299999999999,-0.384123136366677,-33.318,-15.38360595703125,-61.29955046996044
-0.0277299999999999,-0.384123136366677,-33.318,-15.38360595703125,0.0
-0.02832,-0.280119230116677,-33.228,-16.467819213867188,18.137847642082637
-0.02832,-0.280119230116677,-33.228,-16.467819213867188,0.0
-0.0253699999999999,-0.488127042616677,-33.156,-17.559585571289062,13.186813186815248
-0.0253699999999999,-0.488127042616677,-33.156,-17.559585571289062,0.0
-0.02301,-0.550535489882302,-33.222,-18.647918701171875,-13.25301204820336
-0.02301,-0.550535489882302,-33.222,-18.647918701171875,0.0
-0.0259599999999999,-0.581724454726052,-32.952,-19.71015930175781,48.3264721675457
-0.0259599999999999,-0.581724454726052,-32.952,-19.71015930175781,0.0
-0.0247799999999999,-0.748136808241677,-33.138,-20.760040283203125,-37.87416004887074
-0.0247799999999999,-0.748136808241677,-33.138,-20.760040283203125,0.0
-0.0247799999999999,-0.748136808241677,-33.24,-21.814041137695312,-18.20778293465643
-0.0247799999999999,-0.727323819960427,-33.24,-21.814041137695312,0.0
-0.0236,-0.893736173476052,-33.233999999999995,-22.899627685546875,1.1196118678859843
-0.0236,-0.893736173476052,-33.233999999999995,-22.899627685546875,0.0
-0.0206499999999999,-0.893736173476052,-33.36,-24.011306762695312,-23.85460053009808
-0.0206499999999999,-0.904112150038552,-33.36,-24.011306762695312,0.0
-0.02183,-1.028929044569802,-32.982,-25.052947998046875,75.55466719975597
-0.02183,-1.028929044569802,-32.982,-25.052947998046875,0.0
-0.0188799999999999,-1.049711515272927,-33.258,-26.141281127929688,-56.51105651109189
-0.0188799999999999,-1.049711515272927,-33.258,-26.141281127929688,0.0
-0.0206499999999999,-1.060118009413552,-33.204,-27.208328247070312,11.217282924795615
-0.0206499999999999,-1.060118009413552,-33.204,-27.208328247070312,0.0
-0.0188799999999999,-1.278532316054177,-33.24,-28.26850891113281,-7.654688496705766
-0.0188799999999999,-1.278532316054177,-33.24,-28.26850891113281,0.0
-0.01475,-1.268125821913552,-33.426,-29.37606811523437,-37.95143848191288
-0.01475,-1.268125821913552,-33.426,-29.37606811523437,0.0
-0.01475,-1.372129728163552,-32.862,-30.43212890625,114.63414634149882
-0.01475,-1.372129728163552,-32.862,-30.43212890625,0.0
-0.01652,-1.465727140272927,-33.102,-31.52595520019531,-48.70129870130162
-0.01652,-1.465727140272927,-33.102,-31.52595520019531,0.0
-0.01534,-2.297727872694802,-33.258,-32.58064270019531,-30.468749999970683
-0.01534,-2.297727872694802,-33.258,-32.58064270019531,0.0
-0.01534,-2.620115568007302,-33.18000000000001,-33.662109375,15.516212452759426
-0.01534,-2.620115568007302,-33.18000000000001,-33.662109375,0.0
-0.0129799999999999,-2.568113614882302,-33.456,-34.762115478515625,-55.633944769181646
-0.0129799999999999,-2.568113614882302,-33.456,-34.762115478515625,0.0
-0.0135699999999999,-2.703337003554177,-33.048,-35.80375671386719,81.99356913184617
-0.0135699999999999,-2.703337003554177,-33.048,-35.80375671386719,0.0
-0.0118,-2.776121427382302,-33.216,-36.91886901855469,-36.05150214596813
-0.0118,-2.776121427382302,-33.216,-36.91886901855469,0.0
-0.0129799999999999,-2.817716886366677,-33.222,-37.948150634765625,-1.1600928074242498
-0.0129799999999999,-2.817716886366677,-33.222,-37.948150634765625,0.0
-0.0094399999999999,-2.994535734022927,-33.168000000000006,-39.02275085449219,11.327879169285245
-0.0094399999999999,-2.994535734022927,-33.168000000000006,-39.02275085449219,0.0
-0.0118,-2.952909757460427,-33.426,-40.05271911621094,-51.63097858712013
-0.0118,-2.952909757460427,-33.426,-40.05271911621094,0.0
-0.01062,-3.098509122694802,-33.072,-41.14585876464844,63.05664410401046
-0.01062,-3.098509122694802,-33.072,-41.14585876464844,0.0
-0.00826,-3.171324064101052,-33.264,-42.21702575683594,-38.71748336358537
-0.00826,-3.171324064101052,-33.264,-42.21702575683594,0.0
-0.00826,-3.171324064101052,-33.186,-43.26690673828125,14.45515196440626
-0.00826,-3.171324064101052,-33.186,-43.26690673828125,0.0
-0.00531,-3.337736417616677,-33.228,-44.320220947265625,-8.541793776695254
-0.00531,-3.337736417616677,-33.228,-44.320220947265625,0.0
-0.00767,-3.337736417616677,-33.354,-45.41679382324219,-24.49455676519016
-0.00767,-3.296110441054177,-33.354,-45.41679382324219,0.0
-0.0059,-3.462522794569802,-33.216,-46.45362854003906,27.788964961761675
-0.0059,-3.462522794569802,-33.216,-46.45362854003906,0.0
-0.0047199999999999,-3.535337735976052,-33.492,-47.558441162109375,-53.41590865105256
-0.0047199999999999,-3.535337735976052,-33.492,-47.558441162109375,0.0
-0.0064899999999999,-3.514524747694802,-33.27,-48.59733581542969,44.58726651939157
-0.0064899999999999,-3.514524747694802,-33.27,-48.59733581542969,0.0
-0.00295,-3.691313077772927,-33.342,-49.72206115722656,-14.58080194409785
-0.00295,-3.691313077772927,-33.342,-49.72206115722656,0.0
-0.00354,-3.639311124647927,-33.336,-50.74516296386719,1.2053033346723
-0.00354,-3.639311124647927,-33.336,-50.74516296386719,0.0
-0.00295,-3.816129972304177,-33.108,-51.80191040039063,42.92168674701709
-0.00295,-3.816129972304177,-33.108,-51.80191040039063,0.0
-0.0005899999999999,-4.003324796522927,-33.324000000000005,-52.911529541015625,-42.92527821939813
-0.0005899999999999,-4.003324796522927,-33.324000000000005,-52.911529541015625,0.0
-0.0047199999999999,-3.972135831679177,-33.233999999999995,-53.952484130859375,17.82178217820502
-0.0047199999999999,-3.972135831679177,-33.233999999999995,-53.952484130859375,0.0
-0.0,-4.190519620741677,-33.306,-55.01129150390625,-14.27721594289005
-0.0,-4.190519620741677,-33.306,-55.01129150390625,0.0
-0.00354,-4.190519620741677,-33.336,-56.10374450683594,-6.025306286404652
-0.00354,-4.190519620741677,-33.336,-56.10374450683594,0.0
-0.00177,-4.294523526991677,-33.312000000000005,-57.14744567871094,4.8396854204469175
-0.00177,-4.294523526991677,-33.312000000000005,-57.14744567871094,0.0
-0.0,-4.211332609022927,-33.54,-58.2220458984375,-45.97701149425647
-0.0,-4.211332609022927,-33.54,-58.2220458984375,0.0
-0.00295,-4.211332609022927,-33.198,-59.29115295410156,68.95161290316895
-0.00295,-4.211332609022927,-33.198,-59.29115295410156,0.0
-0.0,-4.512937833632302,-33.384,-60.38017272949219,-37.9669320269306
-0.0,-4.512937833632302,-33.384,-60.38017272949219,0.0
-0.0005899999999999,-3.296110441054177,-33.282000000000004,-61.464385986328125,16.040257902176958
-0.0005899999999999,-3.296110441054177,-33.282000000000004,-61.464385986328125,0.0
-0.0,-3.358518888319802,-33.228,-62.49366760253906,10.778443113775818
-0.0,-3.358518888319802,-33.228,-62.49366760253906,0.0
-0.0,-3.327329923476052,-33.52799999999999,-63.590927124023445,-63.47862886164122
-0.0,-3.327329923476052,-33.52799999999999,-63.590927124023445,0.0
-0.0005899999999999,-4.169737150038552,-33.198,-64.63119506835938,63.891577928385935
-0.0005899999999999,-4.169737150038552,-33.198,-64.63119506835938,0.0
-0.0,-4.689726163710427,-33.474000000000004,-65.7421875,-55.80266882324832
-0.0,-4.689726163710427,-33.474000000000004,-65.7421875,0.0
-0.0,-4.585722257460427,-33.42,-66.82846069335938,10.676156583634032
-0.0,-4.585722257460427,-33.42,-66.82846069335938,0.0
-0.0005899999999999,-3.587309171522927,-33.33,-67.87216186523438,18.036072144291488
-0.0005899999999999,-3.587309171522927,-33.33,-67.87216186523438,0.0
0.0005899999999999,-3.504118253554177,-33.66,-69.00787353515625,-58.99177690380311
0.0005899999999999,-3.504118253554177,-33.66,-69.00787353515625,0.0
-0.0005899999999999,-3.441709806288552,-33.216,-70.05569458007812,88.92449429202723
-0.0005899999999999,-3.441709806288552,-33.216,-70.05569458007812,0.0
-0.0,-3.556120206679177,-33.36599999999999,-71.12960815429688,-28.419856006077403
-0.0,-3.556120206679177,-33.36599999999999,-71.12960815429688,0.0
0.0005899999999999,-4.512937833632302,-32.706,-72.23785400390625,132.82350573567703
0.0005899999999999,-4.512937833632302,-32.706,-72.23785400390625,0.0
0.0023599999999999,-4.512937833632302,-31.668,-73.223876953125,206.7317267476904
0.0023599999999999,-3.712126066054177,-31.668,-73.223876953125,0.0
0.0047199999999999,-3.514524747694802,-31.164000000000005,-74.26414489746094,102.1276595743998
0.0047199999999999,-3.514524747694802,-31.164000000000005,-74.26414489746094,0.0
0.0047199999999999,-4.429716398085427,-29.922,-75.22819519042969,207.24178207921116
0.0047199999999999,-4.429716398085427,-29.922,-75.22819519042969,0.0
0.0059,-3.930509855116677,-29.304,-76.20048522949219,123.27947336911096
0.0059,-3.930509855116677,-29.304,-76.20048522949219,0.0
0.00531,-3.774534513319802,-27.972,-77.080078125,297.9199284274886
0.00531,-3.774534513319802,-27.972,-77.080078125,0.0
0.0094399999999999,-3.982511808241677,-27.198000000000004,-78.04344177246094,154.98598317992727
0.0094399999999999,-3.982511808241677,-27.198000000000004,-78.04344177246094,0.0
0.00531,-3.816129972304177,-25.878,-78.88458251953125,265.32663316573775
0.00531,-3.816129972304177,-25.878,-78.88458251953125,0.0
0.00708,-3.816129972304177,-25.368,-79.66804504394531,102.4713682942218
0.00708,-3.816129972304177,-25.368,-79.66804504394531,0.0
0.00767,-3.826536466444802,-24.06,-80.47210693359375,246.3276836157505
0.00767,-3.826536466444802,-24.06,-80.47210693359375,0.0
0.00767,-3.816129972304177,-23.358,-81.22055053710938,141.30434782593895
0.00767,-3.816129972304177,-23.358,-81.22055053710938,0.0
0.01062,-3.816129972304177,-22.2,-81.95182800292969,234.22330097078708
0.01062,-3.920133878554177,-22.2,-81.95182800292969,0.0
0.0094399999999999,-3.888914396132302,-21.18,-82.63778686523438,201.18343195280727
0.0094399999999999,-3.888914396132302,-21.18,-82.63778686523438,0.0
0.01475,-3.888914396132302,-20.304,-83.33610534667969,157.83783783785228
0.01475,-4.034513761366677,-20.304,-83.33610534667969,0.0
0.0100299999999999,-3.992918302382302,-18.876,-83.968505859375,285.2007189930555
0.0100299999999999,-3.992918302382302,-18.876,-83.968505859375,0.0
0.0094399999999999,-3.868131925429177,-18.306,-84.54597473144531,120.22780004229516
0.0094399999999999,-3.868131925429177,-18.306,-84.54597473144531,0.0
0.01416,-3.961729337538552,-17.508,-85.13717651367188,151.4231499052418
0.01416,-3.961729337538552,-17.508,-85.13717651367188,0.0
0.0129799999999999,-5.084928800429177,-16.182,-85.67276000976562,270.11611326147613
0.0129799999999999,-5.084928800429177,-16.182,-85.67276000976562,0.0
0.01121,-5.032926847304177,-15.3,-86.17744445800781,177.64350453151914
0.01121,-5.032926847304177,-15.3,-86.17744445800781,0.0
0.01534,-5.032926847304177,-14.634,-86.64161682128906,131.51658767761097
0.01534,-5.032926847304177,-14.634,-86.64161682128906,0.0
0.01652,-3.514524747694802,-13.398,-87.09686279296875,248.84235957315255
0.01652,-3.514524747694802,-13.398,-87.09686279296875,0.0
0.0118,-3.483335782851052,-12.156,-87.49374389648438,248.00319488834856
0.0118,-3.483335782851052,-12.156,-87.49374389648438,0.0
0.0118,-3.462522794569802,-11.406,-87.86659240722656,151.3928138878315
0.0118,-3.462522794569802,-11.406,-87.86659240722656,0.0
0.01652,-4.908109952772927,-10.776000000000002,-88.24081420898438,127.29844413003906
0.01652,-4.908109952772927,-10.776000000000002,-88.24081420898438,0.0
0.01829,-5.084928800429177,-9.534,-88.56903076171875,252.182741116748
0.01829,-5.084928800429177,-9.534,-88.56903076171875,0.0
0.0188799999999999,-5.084928800429177,-8.058,-88.85673522949219,289.2416225746495
0.0188799999999999,-5.084928800429177,-8.058,-88.85673522949219,0.0
0.01416,-5.126524259413552,-6.611999999999999,-89.08882141113281,282.4218750001096
0.01416,-5.126524259413552,-6.611999999999999,-89.08882141113281,0.0
0.0129799999999999,-5.032926847304177,-6.053999999999999,-89.29275512695312,109.4332222004036
0.0129799999999999,-5.032926847304177,-6.053999999999999,-89.29275512695312,0.0
0.0123899999999999,-5.084928800429177,-5.249999999999999,-89.46029663085938,153.69910151016924
0.0123899999999999,-5.084928800429177,-5.249999999999999,-89.46029663085938,0.0
0.01534,-5.084928800429177,-4.896,-89.62646484375,69.30305403289091
0.01534,-5.084928800429177,-4.896,-89.62646484375,0.0
0.0177,-5.074522306288552,-3.93,-89.75898742675781,192.200557103031
0.0177,-5.074522306288552,-3.93,-89.75898742675781,0.0
0.0259599999999999,-5.084928800429177,-3.42,-89.87091064453125,101.29096325721058
0.0259599999999999,-5.084928800429177,-3.42,-89.87091064453125,0.0
0.0247799999999999,-5.084928800429177,-1.722,-89.96086120605469,336.0379972295919
0.0247799999999999,-5.084928800429177,-1.722,-89.96086120605469,0.0
0.0241899999999999,-5.084928800429177,-0.522,-89.99038696289062,198.8400994201444
0.0241899999999999,-3.639311124647927,-0.522,-89.99038696289062,0.0
0.02183,-3.514524747694802,-0.162,-90.00137329101562,70.76862590923497
0.02183,-3.514524747694802,-0.162,-90.00137329101562,0.0
0.02301,-3.483335782851052,-0.0,-90.00411987304688,32.68765133171939
0.02301,-3.483335782851052,-0.0,-90.00411987304688,0.0
0.02242,-3.462522794569802,0.0119999999999999,-90.00480651855469,2.2796352583569406
0.02242,-3.462522794569802,0.0119999999999999,-90.00480651855469,0.0
0.02242,-3.462522794569802,0.0059999999999999,-90.00480651855469,-0.9587727708540073
0.02242,-3.504118253554177,0.0059999999999999,-90.00480651855469,0.0
0.02183,-3.535337735976052,0.0119999999999999,-90.00480651855469,1.1985617259284973
0.02183,-3.535337735976052,0.0119999999999999,-90.00480651855469,0.0
0.02242,-3.982511808241677,-0.018,-90.00411987304688,-5.978477481068438
0.02242,-3.982511808241677,-0.018,-90.00411987304688,0.0
0.02242,-3.504118253554177,-0.018,-90.00343322753906,0.0
0.02242,-3.576933194960427,0.0059999999999999,-90.00617980957031,5.045196552451227
0.02242,-3.576933194960427,0.0059999999999999,-90.00617980957031,0.0
0.02242,-3.587309171522927,0.0059999999999999,-90.00480651855469,0.0
0.0236,-3.587309171522927,-0.0119999999999999,-90.00617980957031,-3.4822983168876265
0.0236,-3.379331876601052,-0.0119999999999999,-90.00617980957031,0.0
0.0236,-3.160917569960427,0.0059999999999999,-90.00480651855469,3.589948145191458
0.0236,-3.160917569960427,0.0059999999999999,-90.00480651855469,0.0
0.0236,-3.129728605116677,0.0119999999999999,-90.00617980957031,1.1935548040584807
0.0236,-3.129728605116677,0.0119999999999999,-90.00617980957031,0.0
0.0247799999999999,-3.119322110976052,-0.0,-90.00411987304688,-2.274881516588747
0.0247799999999999,-3.119322110976052,-0.0,-90.00411987304688,0.0
0.0247799999999999,-3.119322110976052,0.0059999999999999,-90.00480651855469,1.193317422433655
0.0247799999999999,-3.119322110976052,0.0059999999999999,-90.00480651855469,0.0
0.0247799999999999,-3.140135099257302,0.0059999999999999,-90.00617980957031,0.0
0.0247799999999999,-3.816129972304177,0.018,-90.0054931640625,2.395687762031216
0.0247799999999999,-3.816129972304177,0.018,-90.0054931640625,0.0
0.0247799999999999,-4.252928068007302,0.0059999999999999,-90.00274658203125,-2.386160270434701
0.0247799999999999,-4.252928068007302,0.0059999999999999,-90.00274658203125,0.0
0.0241899999999999,-3.119322110976052,0.018,-90.0054931640625,2.399520095980807
0.0241899999999999,-3.119322110976052,0.018,-90.0054931640625,0.0
0.0247799999999999,-3.119322110976052,-0.0119999999999999,-90.00411987304688,-6.299874002520604
0.0247799999999999,-3.119322110976052,-0.0119999999999999,-90.00411987304688,0.0
0.02832,-4.252928068007302,0.036,-90.00343322753906,9.78393803506248
0.02832,-4.252928068007302,0.036,-90.00343322753906,0.0
0.0336299999999999,-3.639311124647927,0.042,-90.00411987304688,1.2000000000010924
0.0336299999999999,-3.639311124647927,0.042,-90.00411987304688,0.0
0.04661,-3.452116300429177,0.162,-90.00274658203125,23.93776181927869
0.04661,-3.452116300429177,0.162,-90.00274658203125,0.0
0.06077,-3.077726651991677,0.504,-89.99794006347656,66.82297772572684
0.06077,-3.077726651991677,0.504,-89.99794006347656,0.0
0.0778799999999999,-4.065733243788552,1.8300000000000003,-89.96498107910156,257.3258296138191
0.0778799999999999,-4.065733243788552,1.8300000000000003,-89.96498107910156,0.0
0.0825999999999999,-3.223326017226052,3.426,-89.86885070800781,302.73141122884505
0.0825999999999999,-3.223326017226052,3.426,-89.86885070800781,0.0
0.08968,-4.762510587538552,6.03,-89.72396850585938,523.6275889805293
0.08968,-4.762510587538552,6.03,-89.72396850585938,0.0
0.07847,-4.783323575819802,7.925999999999999,-89.51454162597656,390.84724798993096
0.07847,-4.783323575819802,7.925999999999999,-89.51454162597656,0.0
0.08319,-4.752134610976052,9.288,-89.22889709472656,273.98913699470006
0.08319,-4.752134610976052,9.288,-89.22889709472656,0.0
0.0755199999999999,-4.731321622694802,9.852,-88.92539978027344,112.30585424141076
0.0755199999999999,-4.731321622694802,9.852,-88.92539978027344,0.0
0.0719799999999999,-4.845732023085427,10.134,-88.60130310058594,47.09418837679286
0.0719799999999999,-4.845732023085427,10.134,-88.60130310058594,0.0
0.0755199999999999,-4.793730069960427,10.494,-88.26347351074219,71.2166172106006
0.0755199999999999,-4.793730069960427,10.494,-88.26347351074219,0.0
0.0820099999999999,-3.244108487929177,11.088,-87.91534423828125,101.99175824168724
0.0820099999999999,-3.244108487929177,11.088,-87.91534423828125,0.0
0.08142,-3.140135099257302,12.252,-87.5445556640625,216.71941910243532
0.08142,-3.140135099257302,12.252,-87.5445556640625,0.0
0.0802399999999999,-3.160917569960427,13.572,-87.14149475097656,271.437384330644
0.0802399999999999,-3.160917569960427,13.572,-87.14149475097656,0.0
0.08555,-3.233732511366677,14.778,-86.68556213378906,241.24824964968496
0.08555,-3.233732511366677,14.778,-86.68556213378906,0.0
0.0890899999999999,-4.689726163710427,15.384,-86.20147705078125,114.51247165538965
0.0890899999999999,-4.689726163710427,15.384,-86.20147705078125,0.0
0.08319,-4.731321622694802,16.476,-85.71258544921875,219.71830985914843
0.08319,-4.731321622694802,16.476,-85.71258544921875,0.0
0.0867299999999999,-4.856107999647927,17.592,-85.15365600585938,216.1952731500023
0.0867299999999999,-4.856107999647927,17.592,-85.15365600585938,0.0
0.08555,-4.731321622694802,18.33,-84.54322814941406,146.9534050178082
0.08555,-4.731321622694802,18.33,-84.54322814941406,0.0
0.0825999999999999,-4.731321622694802,19.056,-83.97880554199219,147.05286611286684
0.0825999999999999,-4.710508634413552,19.056,-83.97880554199219,0.0
0.0926299999999999,-4.856107999647927,20.334,-83.34228515625,263.0712227254717
0.0926299999999999,-4.856107999647927,20.334,-83.34228515625,0.0
0.08791,-4.856107999647927,21.108,-82.6611328125,129.58312405832
0.08791,-4.731321622694802,21.108,-82.6611328125,0.0
0.08732,-4.689726163710427,22.110000000000003,-81.95938110351562,205.2437525603403
0.08732,-4.689726163710427,22.110000000000003,-81.95938110351562,0.0
0.0914499999999999,-4.689726163710427,23.22,-81.22055053710938,215.5758399690989
0.0914499999999999,-4.710508634413552,23.22,-81.22055053710938,0.0
0.0938099999999999,-4.627317716444802,23.856,-80.48927307128906,128.19995968569145
0.0938099999999999,-4.627317716444802,23.856,-80.48927307128906,0.0
0.08378,-4.627317716444802,25.158,-79.70787048339844,245.10542168658372
0.08378,-4.564909269179177,25.158,-79.70787048339844,0.0
0.09204,-4.564909269179177,26.088,-78.86672973632812,179.64071856300563
0.09204,-4.564909269179177,26.088,-78.86672973632812,0.0
0.0944,-4.564909269179177,27.342,-78.03108215332031,251.00080064023305
0.0944,-4.720915128554177,27.342,-78.03108215332031,0.0
0.09322,-4.554533292616677,27.978,-77.10891723632812,126.06541129842752
0.09322,-4.554533292616677,27.978,-77.10891723632812,0.0
0.0890899999999999,-4.668913175429177,29.01,-76.18812561035156,207.22891566280836
0.0890899999999999,-4.668913175429177,29.01,-76.18812561035156,0.0
0.08614,-4.564909269179177,29.88,-75.26870727539062,177.65979170921983
0.08614,-4.564909269179177,29.88,-75.26870727539062,0.0
0.0914499999999999,-4.533720304335427,31.236,-74.30191040039062,229.86946940161587
0.0914499999999999,-4.533720304335427,31.236,-74.30191040039062,0.0
0.0867299999999999,-4.471311857069802,31.878,-73.26438903808594,127.88844621527448
0.0867299999999999,-4.471311857069802,31.878,-73.26438903808594,0.0
0.0843699999999999,-4.471311857069802,33.096,-72.22892761230469,216.99625868531973
0.0843699999999999,-4.564909269179177,33.096,-72.22892761230469,0.0
0.08614,-4.429716398085427,34.098,-71.13990783691406,194.7521865889655
0.08614,-4.429716398085427,34.098,-71.13990783691406,0.0
0.0914499999999999,-4.315336515272927,34.788,-70.00213623046875,146.18644067799823
0.0914499999999999,-4.315336515272927,34.788,-70.00213623046875,0.0
0.0843699999999999,-4.512937833632302,35.718,-68.86093139648438,187.04746580844647
0.0843699999999999,-4.512937833632302,35.718,-68.86093139648438,0.0
0.08555,-4.221708585585427,36.24,-67.73895263671875,105.17831956470268
0.08555,-4.221708585585427,36.24,-67.73895263671875,0.0
0.0802399999999999,-4.138517667616677,36.594,-66.52427673339844,69.56179996072505
0.0802399999999999,-4.138517667616677,36.594,-66.52427673339844,0.0
0.0843699999999999,-4.336118985976052,36.492,-65.37826538085938,-20.302547770706227
0.0843699999999999,-4.336118985976052,36.492,-65.37826538085938,0.0
0.08083,-4.128111173476052,36.330000000000005,-64.19380187988281,-31.016657093617667
0.08083,-4.128111173476052,36.330000000000005,-64.19380187988281,0.0
0.08319,-3.972135831679177,36.39,-63.03749084472657,11.923688394275846
0.08319,-3.972135831679177,36.39,-63.03749084472657,0.0
0.08142,-4.117735196913552,36.336,-61.860580444335945,-10.64668769716462
0.08142,-4.117735196913552,36.336,-61.860580444335945,0.0
0.07847,-3.992918302382302,36.318000000000005,-60.67474365234376,-3.6144578313267615
0.07847,-3.992918302382302,36.318000000000005,-60.67474365234376,0.0
0.0778799999999999,-3.691313077772927,36.318000000000005,-59.528732299804695,0.0
0.07906,-4.055326749647927,36.168,-58.36143493652344,-28.52253280093962
0.07906,-4.055326749647927,36.168,-58.36143493652344,0.0
0.0796499999999999,-3.712126066054177,36.366,-57.13645935058594,36.54485049834695
0.0796499999999999,-3.712126066054177,36.366,-57.13645935058594,0.0
0.07493,-3.764128019179177,36.336,-56.006927490234375,-6.090133982950893
0.07493,-3.764128019179177,36.336,-56.006927490234375,0.0
0.0767,-3.909727384413552,36.294,-54.80598449707031,-8.784773060027307
0.0767,-3.909727384413552,36.294,-54.80598449707031,0.0
0.0778799999999999,-3.680937101210427,36.294,-53.62701416015625,0.0
0.07375,-3.639311124647927,36.426,-52.43911743164063,26.384169498291
0.07375,-3.639311124647927,36.426,-52.43911743164063,0.0
0.0778799999999999,-3.649717618788552,36.174,-51.28761291503906,-50.41008201642417
0.0778799999999999,-3.649717618788552,36.174,-51.28761291503906,0.0
0.07611,-3.504118253554177,36.174,-50.09765625,0.0
0.0778799999999999,-3.244108487929177,36.42,-48.9605712890625,44.73540643753153
0.0778799999999999,-3.244108487929177,36.42,-48.9605712890625,0.0
0.0767,-2.141722013319802,36.216,-47.72666931152344,-40.68607897889476
0.0767,-2.141722013319802,36.216,-47.72666931152344,0.0
0.07021,-3.337736417616677,36.3,-46.566925048828125,16.457680250796543
0.07021,-3.337736417616677,36.3,-46.566925048828125,0.0
0.0743399999999999,-3.462522794569802,36.36,-45.42366027832031,11.370096645822928
0.0743399999999999,-3.462522794569802,36.36,-45.42366027832031,0.0
0.07257,-3.171324064101052,36.252,-44.2529296875,-21.394611727437155
0.07257,-3.171324064101052,36.252,-44.2529296875,0.0
0.0743399999999999,-3.098509122694802,36.438,-43.07464599609375,37.177693383954086
0.0743399999999999,-3.098509122694802,36.438,-43.07464599609375,0.0
0.06785,-3.119322110976052,36.462,-41.92314147949219,4.892966360855631
0.06785,-3.119322110976052,36.462,-41.92314147949219,0.0
0.07257,-2.942533780897927,36.288,-40.77369689941406,-28.64197530863025
0.07257,-2.942533780897927,36.288,-40.77369689941406,0.0
0.06431,-2.921720792616677,36.19800000000001,-39.604339599609375,-18.3748468762844
0.06431,-2.921720792616677,36.19800000000001,-39.604339599609375,0.0
0.0708,-2.963316251601052,36.144,-38.48991394042969,-9.693053311789075
0.0708,-2.963316251601052,36.144,-38.48991394042969,0.0
0.06431,-1.424131681288552,36.114,-37.2821044921875,-6.251302354659485
0.06431,-1.424131681288552,36.114,-37.2821044921875,0.0
0.0696199999999999,-2.339323331679177,36.402,-36.14433288574219,51.677731921782346
0.0696199999999999,-2.339323331679177,36.402,-36.14433288574219,0.0
0.06195,-2.776121427382302,36.528,-34.979095458984375,25.32154340836372
0.06195,-2.776121427382302,36.528,-34.979095458984375,0.0
0.06667,-2.568113614882302,35.976,-33.82209777832031,-112.19512195125408
0.06667,-2.568113614882302,35.976,-33.82209777832031,0.0
0.0648999999999999,-2.568113614882302,36.132,-32.68363952636719,29.46175637391617
0.0648999999999999,-2.443327237929177,36.132,-32.68363952636719,0.0
0.06667,-2.474516202772927,36.222,-31.502609252929684,17.939007374917818
0.06667,-2.474516202772927,36.222,-31.502609252929684,0.0
0.06254,-2.474516202772927,36.264,-30.333938598632816,7.305618368410194
0.06254,-2.276914884413552,36.264,-30.333938598632816,0.0
0.06372,-2.245725919569802,36.324,-29.162521362304688,12.158054711237234
0.06372,-2.245725919569802,36.324,-29.162521362304688,0.0
0.05782,-1.403318693007302,36.126000000000005,-27.997283935546875,-38.3944153577345
0.05782,-1.403318693007302,36.126000000000005,-27.997283935546875,0.0
0.05959,-1.829710294569802,35.994,-26.839599609375,-25.03318793854386
0.05959,-1.829710294569802,35.994,-26.839599609375,0.0
0.05782,-2.068937589491677,36.138,-25.660629272460938,23.637557452414462
0.05782,-2.068937589491677,36.138,-25.660629272460938,0.0
0.0631299999999999,-1.902525235976052,36.282,-24.517364501953125,28.788484606171547
0.0631299999999999,-1.902525235976052,36.282,-24.517364501953125,0.0
0.0560499999999999,-1.736112882460427,36.408,-23.353500366210938,24.314936318035176
0.0560499999999999,-1.736112882460427,36.408,-23.353500366210938,0.0
0.0572299999999999,-1.756925870741677,36.204,-22.140884399414062,-42.40282685515405
0.0572299999999999,-1.756925870741677,36.204,-22.140884399414062,0.0
0.0530999999999999,-1.590513517226052,36.19800000000001,-20.976333618164062,-1.120448179270099
0.0530999999999999,-1.590513517226052,36.19800000000001,-20.976333618164062,0.0
0.05782,-1.486509610976052,36.17999999999999,-19.82208251953125,-3.579952267303986
0.05782,-1.486509610976052,36.17999999999999,-19.82208251953125,0.0
0.0530999999999999,-1.507322599257302,36.24,-18.6492919921875,12.239902080782036
0.0530999999999999,-1.507322599257302,36.24,-18.6492919921875,0.0
0.0483799999999999,-1.247312833632302,36.216,-17.429122924804688,-4.752475247520963
0.0483799999999999,-1.247312833632302,36.216,-17.429122924804688,0.0
0.0530999999999999,-0.155332853163552,36.012,-16.27899169921875,-40.5647245973324
0.0530999999999999,-0.155332853163552,36.012,-16.27899169921875,0.0
0.0483799999999999,-0.758512784804177,35.982,-15.07598876953125,-6.0024009603837785
0.0483799999999999,-0.758512784804177,35.982,-15.07598876953125,0.0
0.0507399999999999,-1.028929044569802,36.102,-13.887405395507812,23.871096081169107
0.0507399999999999,-1.028929044569802,36.102,-13.887405395507812,0.0
0.04779,-0.883329679335427,36.330000000000005,-12.724227905273438,45.04148557880347
0.04779,-0.883329679335427,36.330000000000005,-12.724227905273438,0.0
0.04366,-0.883329679335427,36.036,-11.528778076171877,-62.35418875931467
0.04366,-0.883329679335427,36.036,-11.528778076171877,0.0
0.04484,-0.675321866835427,36.0,-10.396499633789062,-7.083825265641506
0.04484,-0.675321866835427,36.0,-10.396499633789062,0.0
0.04602,0.1150834066020729,36.084,-9.208602905273438,16.79664067186615
0.04602,0.1150834066020729,36.084,-9.208602905273438,0.0
0.05133,0.1150834066020729,36.078,-8.034439086914062,-1.1310084825636848
0.05133,-0.228117276991677,36.078,-8.034439086914062,0.0
0.0401199999999999,0.0318619710551979,36.288,-6.8609619140625,41.6666666666568
0.0401199999999999,0.0318619710551979,36.288,-6.8609619140625,0.0
0.0401199999999999,0.4270646077739479,35.994,-5.681304931640625,-57.97673042791218
0.0401199999999999,0.4270646077739479,35.994,-5.681304931640625,0.0
0.04071,-0.030515958632302,35.91,-4.5119476318359375,-17.63964720705842
0.04071,-0.030515958632302,35.91,-4.5119476318359375,0.0
0.04071,-0.134519864882302,36.126000000000005,-3.3789825439453125,43.68932038833495
0.04071,-0.134519864882302,36.126000000000005,-3.3789825439453125,0.0
0.04425,-0.030515958632302,36.174,-2.2350311279296875,9.750152346133271
0.04425,-0.030515958632302,36.174,-2.2350311279296875,0.0
0.03953,0.1462723714458229,36.186,-0.9757232666015624,2.4174053182912667
0.03953,0.1462723714458229,36.186,-0.9757232666015624,0.0
0.0354,0.1878678304301979,36.054,0.171661376953125,-26.650514839488483
0.0354,0.1878678304301979,36.054,0.171661376953125,0.0
0.04189,0.1358658773051979,36.03,1.318359375,-5.0251256281337655
0.04189,0.1358658773051979,36.03,1.318359375,0.0
0.03422,0.697480867539573,36.084,2.50762939453125,10.85209003215649
0.03422,0.697480867539573,36.084,2.50762939453125,0.0
0.03953,0.645478914414573,36.330000000000005,3.659820556640625,50.99502487563003
0.03953,0.645478914414573,36.330000000000005,3.659820556640625,0.0
0.03127,0.510286043320823,36.078,4.868316650390625,-51.08453273868677
0.03127,0.510286043320823,36.078,4.868316650390625,0.0
0.03422,0.843080232773948,35.681999999999995,6.0369873046875,-79.87091569178033
0.03422,0.843080232773948,35.681999999999995,6.0369873046875,0.0
0.03068,0.697480867539573,35.873999999999995,7.181625366210937,39.603960396018174
0.03068,0.697480867539573,35.873999999999995,7.181625366210937,0.0
0.0389399999999999,0.843080232773948,35.892,8.326263427734375,3.263234227702599
0.0389399999999999,0.843080232773948,35.892,8.326263427734375,0.0
0.03068,0.874269197617698,36.162,9.51141357421875,54.28226779255144
0.03068,0.874269197617698,36.162,9.51141357421875,0.0
0.03186,0.947084139023948,36.252,10.726089477539062,18.42374616174108
0.03186,0.947084139023948,36.252,10.726089477539062,0.0
0.0265499999999999,1.092683504258323,36.06,11.876220703125,-39.33620159799634
0.0265499999999999,1.092683504258323,36.06,11.876220703125,0.0
0.03009,1.227876375352073,36.006,13.041458129882812,-10.256410256407904
0.03009,1.227876375352073,36.006,13.041458129882812,0.0
0.0265499999999999,1.238282869492698,36.102,14.181976318359377,19.76528721432415
0.0265499999999999,1.238282869492698,36.102,14.181976318359377,0.0
0.03009,1.539888094102073,36.282,15.351333618164062,37.7516778523604
0.03009,1.539888094102073,36.282,15.351333618164062,0.0
0.02183,1.415071199570823,36.066,16.570816040039062,-42.68774703556952
0.02183,1.415071199570823,36.066,16.570816040039062,0.0
0.0277299999999999,1.664674471055198,35.868,17.680435180664062,-35.143769968091874
0.0277299999999999,1.664674471055198,35.868,17.680435180664062,0.0
0.02242,1.737489412461448,36.144,18.87245178222656,56.38406537285571
0.02242,1.737489412461448,36.144,18.87245178222656,0.0
0.02301,1.623079012070823,36.228,20.049362182617188,16.564780122261425
0.02301,1.623079012070823,36.228,20.049362182617188,0.0
0.0188799999999999,1.716676424180198,36.132,21.213912963867188,-19.4765672550336
0.0188799999999999,1.716676424180198,36.132,21.213912963867188,0.0
0.0194699999999999,1.758271883164573,35.952000000000005,22.433395385742188,-34.51581975071933
0.0194699999999999,1.758271883164573,35.952000000000005,22.433395385742188,0.0
0.0206499999999999,1.883088777695823,35.868,23.57460021972656,-16.673283048832882
0.0206499999999999,1.883088777695823,35.868,23.57460021972656,0.0
0.02242,1.955873201523948,35.958,24.692459106445312,17.850059500186628
0.02242,1.955873201523948,35.958,24.692459106445312,0.0
0.0188799999999999,2.091066072617698,36.258,25.90370178222656,63.19780914259288
0.0188799999999999,2.091066072617698,36.258,25.90370178222656,0.0
0.0177,2.111879060898948,36.216,27.060699462890625,-8.256339689399528
0.0177,2.111879060898948,36.216,27.060699462890625,0.0
0.01475,2.288667390977073,35.82,28.231430053710938,-77.98345805439106
0.01475,2.288667390977073,35.82,28.231430053710938,0.0
0.01652,2.309480379258323,35.904,29.380874633789062,16.867469879531548
0.01652,2.309480379258323,35.904,29.380874633789062,0.0
0.01711,2.309480379258323,35.934,30.50010681152344,5.477451159393673
0.01711,2.319886873398948,35.934,30.50010681152344,0.0
0.01652,2.455079744492698,36.19800000000001,31.677017211914062,52.83169901945677
0.01652,2.455079744492698,36.19800000000001,31.677017211914062,0.0
0.0118,2.579866121445823,36.372,32.86354064941406,35.003017501524006
0.0118,2.579866121445823,36.372,32.86354064941406,0.0
0.0118,2.579866121445823,35.91,34.00199890136719,-91.39465875373337
0.0118,2.579866121445823,35.91,34.00199890136719,0.0
0.01121,2.579866121445823,35.862,35.18096923828125,-8.997188378638773
0.01121,2.767091463242698,35.862,35.18096923828125,0.0
0.01062,2.808686922227073,36.078,36.330413818359375,42.71307099069978
0.01062,2.808686922227073,36.078,36.330413818359375,0.0
0.0123899999999999,2.808686922227073,36.138,37.505950927734375,11.337868480730735
0.0123899999999999,2.850282381211448,36.138,37.505950927734375,0.0
0.00885,3.006288240586448,36.126000000000005,38.6993408203125,-2.371072910491732
0.00885,3.006288240586448,36.126000000000005,38.6993408203125,0.0
0.00767,3.006288240586448,36.024,39.88311767578125,-20.007846214187406
0.00767,3.037477205430198,36.024,39.88311767578125,0.0
0.01062,3.235078523789573,35.904,41.03530883789063,-24.33583451632906
0.01062,3.235078523789573,35.904,41.03530883789063,0.0
0.00826,3.235078523789573,36.09,42.22251892089844,34.71444568868277
0.00826,3.224672029648948,36.09,42.22251892089844,0.0
0.0059,3.203889558945823,36.294,43.405609130859375,40.44409199044112
0.0059,3.203889558945823,36.294,43.405609130859375,0.0
0.00354,3.505464265977073,36.096,44.5660400390625,-39.79899497486063
0.00354,3.505464265977073,36.096,44.5660400390625,0.0
0.0064899999999999,3.505464265977073,35.916,45.745697021484375,-37.37541528240629
0.0064899999999999,3.505464265977073,35.916,45.745697021484375,0.0
0.0064899999999999,3.370271394883323,35.922,46.918487548828125,1.2513034410841355
0.0064899999999999,3.370271394883323,35.922,46.918487548828125,0.0
0.0064899999999999,3.671876619492698,36.054,48.07342529296875,25.48262548264739
0.0064899999999999,3.671876619492698,36.054,48.07342529296875,0.0
0.00295,3.671876619492698,36.330000000000005,49.27024841308594,54.47010065130775
0.00295,3.671876619492698,36.330000000000005,49.27024841308594,0.0
0.0023599999999999,3.609468172227073,36.006,50.445098876953125,-66.02812308942632
0.0023599999999999,3.609468172227073,36.006,50.445098876953125,0.0
0.0023599999999999,3.848664949570823,35.808,51.60552978515625,-42.28058936579131
0.0023599999999999,3.848664949570823,35.808,51.60552978515625,0.0
0.00354,3.848664949570823,35.838,52.75703430175781,5.730659025789288
0.00354,3.848664949570823,35.838,52.75703430175781,0.0
0.0047199999999999,3.765474031602073,36.084,53.91128540039063,48.96496815287831
0.0047199999999999,3.765474031602073,36.084,53.91128540039063,0.0
0.0005899999999999,3.973481844102073,36.384,55.10467529296875,56.89360895123336
0.0005899999999999,3.973481844102073,36.384,55.10467529296875,0.0
-0.0,4.025483797227073,36.024,56.31248474121094,-70.45009784733118
-0.0,4.025483797227073,36.024,56.31248474121094,0.0
0.0023599999999999,4.108674715195823,35.79,57.41798400878906,-46.1083743842555
0.0023599999999999,4.108674715195823,35.79,57.41798400878906,0.0
0.0005899999999999,4.150270174180198,36.084,58.64089965820313,60.01224739740727
0.0005899999999999,4.150270174180198,36.084,58.64089965820313,0.0
0.00295,4.129487703477073,36.15,59.7821044921875,13.07189542483663
0.00295,4.129487703477073,36.15,59.7821044921875,0.0
-0.0,4.327089021836448,36.17999999999999,60.95489501953124,5.977286312008005
-0.0,4.327089021836448,36.17999999999999,60.95489501953124,0.0
-0.0,4.337464998398948,35.922,62.159271240234375,-51.11947691700401
-0.0,4.337464998398948,35.922,62.159271240234375,0.0
0.0005899999999999,4.202272127305198,35.88,63.30802917480468,-8.686659772491243
0.0005899999999999,4.202272127305198,35.88,63.30802917480468,0.0
-0.0,4.441468904648948,36.096,64.48631286621094,42.536431665970696
-0.0,4.441468904648948,36.096,64.48631286621094,0.0
-0.0,4.472688387070823,36.504,65.61721801757812,81.38839018543246
-0.0,4.472688387070823,36.504,65.61721801757812,0.0
-0.0,4.472688387070823,36.036,66.84768676757812,-86.41063515514709
-0.0,4.202272127305198,36.036,66.84768676757812,0.0
-0.0,4.545472810898948,35.459999999999994,67.99919128417969,-115.825457470349
-0.0,4.545472810898948,35.459999999999994,67.99919128417969,0.0
-0.0,4.545472810898948,35.334,69.19395446777344,-22.896601853543658
-0.0,4.545472810898948,35.334,69.19395446777344,0.0
-0.0,4.327089021836448,34.278000000000006,70.2685546875,-210.40047818302097
-0.0,4.327089021836448,34.278000000000006,70.2685546875,0.0
-0.00177,4.576661775742698,33.599999999999994,71.38710021972656,-115.99657827201412
-0.00177,4.576661775742698,33.599999999999994,71.38710021972656,0.0
-0.00354,4.545472810898948,32.802,72.46513366699219,-158.71121718390197
-0.00354,4.545472810898948,32.802,72.46513366699219,0.0
-0.00295,4.774263094102073,31.356,73.49441528320312,-283.36272780687153
-0.00295,4.774263094102073,31.356,73.49441528320312,0.0
-0.00531,4.670289705430198,30.66,74.46189880371094,-146.34146341462133
-0.00531,4.670289705430198,30.66,74.46189880371094,0.0
-0.00413,4.701478670273948,29.466000000000005,75.44517517089844,-237.56466374846607
-0.00413,4.701478670273948,29.466000000000005,75.44517517089844,0.0
-0.0047199999999999,4.722291658555198,28.896,76.37351989746094,-112.29314420798276
-0.0047199999999999,4.722291658555198,28.896,76.37351989746094,0.0
-0.0047199999999999,4.691072176133323,27.648,77.29911804199219,-246.00827912497795
-0.0047199999999999,4.691072176133323,27.648,77.29911804199219,0.0
-0.00826,4.732667635117698,26.682,78.211669921875,-190.6829846029945
-0.00826,4.732667635117698,26.682,78.211669921875,0.0
-0.0047199999999999,4.732667635117698,25.488,79.05143737792969,-226.99619771863877
-0.0047199999999999,4.847078035508323,25.488,79.05143737792969,0.0
-0.00826,4.784669588242698,25.05,79.84931945800781,-83.95629672222492
-0.00826,4.784669588242698,25.05,79.84931945800781,0.0
-0.00708,4.899079988633323,23.778,80.63621520996094,-235.99257884978988
-0.00708,4.899079988633323,23.778,80.63621520996094,0.0
-0.0064899999999999,4.795076082383323,22.872,81.39358520507812,-175.03863987639488
-0.0064899999999999,4.795076082383323,22.872,81.39358520507812,0.0
-0.00885,4.795076082383323,21.792,82.122802734375,-204.93358633764413
-0.00885,4.826265047227073,21.792,82.122802734375,0.0
-0.00767,4.649476717148948,20.904,82.80052185058594,-177.31629392983422
-0.00767,4.649476717148948,20.904,82.80052185058594,0.0
-0.0135699999999999,4.649476717148948,20.154,83.49678039550781,-137.8169790517643
-0.0135699999999999,4.805482576523948,20.154,83.49678039550781,0.0
-0.01534,4.878267000352073,18.576,84.14222717285156,-312.9710432366183
-0.01534,4.878267000352073,18.576,84.14222717285156,0.0
-0.00885,4.722291658555198,17.412,84.68742370605469,-220.2043132804416
-0.00885,4.722291658555198,17.412,84.68742370605469,0.0
-0.0118,4.711885164414573,16.914,85.26901245117188,-99.3417115500061
-0.0118,4.711885164414573,16.914,85.26901245117188,0.0
-0.0123899999999999,4.847078035508323,15.816,85.8087158203125,-220.9255533199134
-0.0123899999999999,4.847078035508323,15.816,85.8087158203125,0.0
-0.0135699999999999,4.857484529648948,14.964,86.28044128417969,-164.51052326709504
-0.0135699999999999,4.857484529648948,14.964,86.28044128417969,0.0
-0.0135699999999999,4.857484529648948,14.37,86.76521301269531,-121.82116488917906
-0.0135699999999999,4.857484529648948,14.37,86.76521301269531,0.0
-0.0206499999999999,4.899079988633323,13.236,87.20603942871094,-227.072486984222
-0.0206499999999999,4.899079988633323,13.236,87.20603942871094,0.0
-0.01416,4.847078035508323,11.766,87.59262084960938,-293.5303514379008
-0.01416,4.847078035508323,11.766,87.59262084960938,0.0
-0.0129799999999999,4.867891023789573,10.758,87.94624328613281,-190.5842314237942
-0.0129799999999999,4.867891023789573,10.758,87.94624328613281,0.0
-0.01416,4.763887117539573,10.14,88.28750610351562,-122.42472266238784
-0.01416,4.763887117539573,10.14,88.28750610351562,0.0
-0.0206499999999999,4.847078035508323,9.474,88.60542297363281,-128.94482091001876
-0.0206499999999999,4.847078035508323,9.474,88.60542297363281,0.0
-0.01593,4.888673494492698,8.142000000000001,88.89930725097656,-275.0361346272378
-0.01593,4.888673494492698,8.142000000000001,88.89930725097656,0.0
-0.02242,4.826265047227073,7.02,89.14649963378906,-225.61833903078136
-0.02242,4.826265047227073,7.02,89.14649963378906,0.0
-0.01593,4.805482576523948,5.634,89.34013366699219,-282.3960880195392
-0.01593,4.805482576523948,5.634,89.34013366699219,0.0
-0.0177,4.847078035508323,4.896,89.51728820800781,-148.58063217231927
-0.0177,4.847078035508323,4.896,89.51728820800781,0.0
-0.01652,4.847078035508323,4.05,89.66217041015625,-146.67128987526948
-0.01652,4.847078035508323,4.05,89.66217041015625,0.0
-0.01652,4.847078035508323,3.432,89.78370666503906,-122.838401908283
-0.01652,4.847078035508323,3.432,89.78370666503906,0.0
-0.01829,4.847078035508323,2.244,89.87228393554688,-252.819748882621
-0.01829,4.847078035508323,2.244,89.87228393554688,0.0
-0.01593,4.847078035508323,1.47,89.92927551269531,-156.26892792245772
-0.01593,4.847078035508323,1.47,89.92927551269531,0.0
-0.0200599999999999,4.847078035508323,0.942,89.96772766113281,-92.09837781267444
-0.0200599999999999,4.847078035508323,0.942,89.96772766113281,0.0
-0.01829,4.847078035508323,0.432,89.98558044433594,-102.92633703339568
-0.01829,4.847078035508323,0.432,89.98558044433594,0.0
-0.0206499999999999,4.847078035508323,0.24,90.0,-32.42147922999969
-0.0206499999999999,4.847078035508323,0.24,90.0,0.0
-0.0194699999999999,4.847078035508323,0.1379999999999999,90.00205993652344,-20.61022428772066
-0.0194699999999999,4.847078035508323,0.1379999999999999,90.00205993652344,0.0
-0.0194699999999999,4.847078035508323,0.0479999999999999,90.0054931640625,-18.785222291807607
-0.0194699999999999,4.847078035508323,0.0479999999999999,90.0054931640625,0.0
-0.0206499999999999,4.847078035508323,0.0059999999999999,90.00617980957031,-8.739076154815617
-0.0206499999999999,4.847078035508323,0.0059999999999999,90.00617980957031,0.0
-0.0206499999999999,4.847078035508323,-0.0,90.00411987304688,-1.202886928629333
-0.0206499999999999,4.847078035508323,-0.0,90.00411987304688,0.0
-0.0206499999999999,4.847078035508323,-0.0,90.0054931640625,0.0
-0.0206499999999999,4.826265047227073,-0.0059999999999999,90.00892639160156,-1.2366034624897675
-0.0206499999999999,4.826265047227073,-0.0059999999999999,90.00892639160156,0.0
-0.0206499999999999,4.836671541367698,0.018,90.00755310058594,4.79041916167794
-0.0206499999999999,4.836671541367698,0.018,90.00755310058594,0.0
-0.0206499999999999,4.847078035508323,-0.0119999999999999,90.00686645507812,-5.960659646337253
-0.0206499999999999,4.847078035508323,-0.0119999999999999,90.00686645507812,0.0
-0.0200599999999999,4.847078035508323,-0.0239999999999999,90.00686645507812,-2.369200394865856
-0.0200599999999999,4.847078035508323,-0.0239999999999999,90.00686645507812,0.0
-0.02183,4.847078035508323,-0.0,90.00686645507812,4.866180048658118
-0.02183,4.847078035508323,-0.0,90.00686645507812,0.0
-0.02183,4.847078035508323,0.03,90.00755310058594,5.920663114264206
-0.02183,4.847078035508323,0.03,90.00755310058594,0.0
-0.02183,4.847078035508323,-0.0059999999999999,90.00617980957031,-7.367990176003784
-0.02183,4.847078035508323,0.0059999999999999,90.00823974609375,2.375767174816032
-0.02183,4.847078035508323,0.0059999999999999,90.00823974609375,0.0
-0.02242,4.847078035508323,-0.0,90.00892639160156,-1.1677695601412037
-0.02242,4.847078035508323,-0.0,90.00892639160156,0.0
-0.02242,4.847078035508323,0.0059999999999999,90.00755310058594,1.1813349084476998
-0.02242,4.826265047227073,0.0059999999999999,90.00755310058594,0.0
-0.0236,4.857484529648948,-0.018,90.00755310058594,-4.8048048048106855
-0.0236,4.857484529648948,-0.018,90.00755310058594,0.0
-0.0277299999999999,4.847078035508323,-0.036,90.01029968261719,-3.550996251726963
-0.0277299999999999,4.847078035508323,-0.036,90.01029968261719,0.0
-0.03658,4.847078035508323,-0.042,90.00823974609375,-1.208702659147319
-0.03658,4.847078035508323,-0.042,90.00823974609375,0.0
-0.0495599999999999,4.847078035508323,-0.27,90.00480651855469,-45.94921402661123
-0.0495599999999999,4.857484529648948,-0.27,90.00480651855469,0.0
-0.06667,4.888673494492698,-0.7679999999999999,89.99519348144531,-99.32189868377216
-0.06667,4.888673494492698,-0.7679999999999999,89.99519348144531,0.0
-0.08496,4.899079988633323,-2.0820000000000003,89.95468139648438,-217.7299088650582
-0.08496,4.899079988633323,-2.0820000000000003,89.95468139648438,0.0
-0.08319,4.909486482773948,-4.482,89.84619140625,-482.6060727931144
-0.08319,4.909486482773948,-4.482,89.84619140625,0.0
-0.0796499999999999,4.867891023789573,-6.756,89.66354370117188,-459.1156874621044
-0.0796499999999999,4.867891023789573,-6.756,89.66354370117188,0.0
-0.0820099999999999,4.795076082383323,-8.298000000000002,89.41360473632812,-287.2578241432227
-0.0820099999999999,4.795076082383323,-8.298000000000002,89.41360473632812,0.0
-0.0719799999999999,4.878267000352073,-9.227999999999998,89.11354064941406,-185.59169826370004
-0.0719799999999999,4.878267000352073,-9.227999999999998,89.11354064941406,0.0
-0.0778799999999999,4.867891023789573,-9.636,88.79562377929688,-80.84010303154285
-0.0778799999999999,4.867891023789573,-9.636,88.79562377929688,0.0
-0.08083,4.847078035508323,-9.732,88.48800659179688,-19.04006346686653
-0.08083,4.847078035508323,-9.732,88.48800659179688,0.0
-0.08142,4.930268953477073,-10.176,88.14811706542969,-88.32305550020291
-0.08142,4.930268953477073,-10.176,88.14811706542969,0.0
-0.08378,4.899079988633323,-11.568,87.79312133789062,-275.2075919336668
-0.08378,4.899079988633323,-11.568,87.79312133789062,0.0
-0.09086,4.971864412461448,-12.99,87.39830017089844,-290.91653027816625
-0.09086,4.971864412461448,-12.99,87.39830017089844,0.0
-0.07847,4.888673494492698,-14.172,86.9512939453125,-224.0758293836917
-0.07847,4.888673494492698,-14.172,86.9512939453125,0.0
-0.08968,4.867891023789573,-14.676,86.48506164550781,-101.9211324570414
-0.08968,4.867891023789573,-14.676,86.48506164550781,0.0
-0.08732,5.003083894883323,-15.744,85.99136352539062,-218.22639967306117
-0.08732,5.003083894883323,-15.744,85.99136352539062,0.0
-0.08732,4.899079988633323,-16.908,85.45440673828125,-229.13385826773805
-0.08732,4.899079988633323,-16.908,85.45440673828125,0.0
-0.08791,4.899079988633323,-17.789999999999996,84.87419128417969,-174.8612212530403
-0.08791,4.899079988633323,-17.789999999999996,84.87419128417969,0.0
-0.0867299999999999,4.826265047227073,-18.57,84.3035888671875,-157.3532378455534
-0.0867299999999999,4.826265047227073,-18.57,84.3035888671875,0.0
-0.08319,4.878267000352073,-19.602,83.69384765625,-202.59128386338023
-0.08319,4.878267000352073,-19.602,83.69384765625,0.0
-0.08555,4.961488435898948,-20.460000000000004,83.03192138671875,-178.526841448641
-0.08555,4.961488435898948,-20.460000000000004,83.03192138671875,0.0
-0.0926299999999999,4.899079988633323,-21.276,82.36656188964844,-166.08996539785724
-0.0926299999999999,4.899079988633323,-21.276,82.36656188964844,0.0
-0.09322,4.909486482773948,-22.482,81.65657043457031,-229.4957183632301
-0.09322,4.909486482773948,-22.482,81.65657043457031,0.0
-0.09086,4.784669588242698,-23.382,80.89920043945312,-158.00561797751828
-0.09086,4.784669588242698,-23.382,80.89920043945312,0.0
-0.08378,5.023866365586448,-24.516,80.12535095214844,-239.4425675678663
-0.08378,5.023866365586448,-24.516,80.12535095214844,0.0
-0.09322,5.023866365586448,-25.488,79.30755615234375,-187.03097941136255
-0.09322,4.878267000352073,-25.488,79.30755615234375,0.0
-0.09322,5.023866365586448,-26.436,78.475341796875,-192.21411192227347
-0.09322,5.023866365586448,-26.436,78.475341796875,0.0
-0.0890899999999999,5.023866365586448,-27.492,77.55935668945312,-191.68633145749183
-0.0890899999999999,4.899079988633323,-27.492,77.55935668945312,0.0
-0.0867299999999999,5.044679353867698,-28.068,76.68937683105469,-118.17808781286216
-0.0867299999999999,5.044679353867698,-28.068,76.68937683105469,0.0
-0.0938099999999999,4.899079988633323,-29.112,75.75347900390625,-185.83125667502745
-0.0938099999999999,4.899079988633323,-29.112,75.75347900390625,0.0
-0.0938099999999999,4.919862459336448,-30.396,74.81208801269531,-259.0276376838463
-0.0938099999999999,4.919862459336448,-30.396,74.81208801269531,0.0
-0.0949899999999999,4.815889070664573,-31.338,73.77937316894531,-181.95866331840767
-0.0949899999999999,4.815889070664573,-31.338,73.77937316894531,0.0
-0.09322,4.847078035508323,-32.43000000000001,72.740478515625,-219.40928270056955
-0.09322,4.847078035508323,-32.43000000000001,72.740478515625,0.0
-0.0843699999999999,4.670289705430198,-33.096,71.69265747070312,-131.98573127210423
-0.0843699999999999,4.670289705430198,-33.096,71.69265747070312,0.0
-0.0914499999999999,4.763887117539573,-34.032000000000004,70.565185546875,-193.10913967410443
-0.0914499999999999,4.763887117539573,-34.032000000000004,70.565185546875,0.0
-0.0967599999999999,4.899079988633323,-34.944,69.47547912597656,-186.84695759075427
-0.0967599999999999,4.899079988633323,-34.944,69.47547912597656,0.0
-0.08614,4.524690340195823,-35.760000000000005,68.32260131835938,-152.86624203836777
-0.08614,4.524690340195823,-35.760000000000005,68.32260131835938,0.0
-0.0914499999999999,4.545472810898948,-36.258,67.15049743652344,-100.70778564193152
-0.0914499999999999,4.545472810898948,-36.258,67.15049743652344,0.0
-0.0796499999999999,4.545472810898948,-36.19199999999999,65.94612121582031,13.165769000586538
-0.0796499999999999,4.587068269883323,-36.19199999999999,65.94612121582031,0.0
-0.08319,4.503877351914573,-35.904,64.75135803222656,56.79353184774925
-0.08319,4.503877351914573,-35.904,64.75135803222656,0.0
-0.0825999999999999,4.503877351914573,-36.048,63.61152648925781,-26.84063373719705
-0.0825999999999999,4.503877351914573,-36.048,63.61152648925781,0.0
-0.0867299999999999,4.379090974961448,-36.072,62.48336791992188,-4.834810636582533
-0.0867299999999999,4.379090974961448,-36.072,62.48336791992188,0.0
-0.08083,4.483064363633323,-36.072,61.28860473632812,0.0
-0.08378,4.451875398789573,-36.012,60.11512756347656,11.968880909622836
-0.08378,4.451875398789573,-36.012,60.11512756347656,0.0
-0.0796499999999999,4.451875398789573,-35.82599999999999,58.93959045410156,35.1540351540384
-0.0796499999999999,4.202272127305198,-35.82599999999999,58.93959045410156,0.0
-0.08496,4.327089021836448,-36.03,57.78533935546875,-41.08761329306488
-0.08496,4.327089021836448,-36.03,57.78533935546875,0.0
-0.07847,4.327089021836448,-36.174,56.60636901855469,-28.94472361808007
-0.07847,4.327089021836448,-36.174,56.60636901855469,0.0
-0.0778799999999999,4.129487703477073,-36.09,55.40611267089844,17.14285714283415
-0.0778799999999999,4.129487703477073,-36.09,55.40611267089844,0.0
-0.0778799999999999,4.150270174180198,-35.904,54.227142333984375,31.239502855209317
-0.0778799999999999,4.150270174180198,-35.904,54.227142333984375,0.0
-0.08083,4.191865633164573,-35.796,53.09829711914063,21.49681528659972
-0.08083,4.191865633164573,-35.796,53.09829711914063,0.0
-0.07729,4.191865633164573,-35.922,51.932373046875,-23.96348421447522
-0.07729,3.983888338242698,-35.922,51.932373046875,0.0
-0.0796499999999999,3.994264314805198,-36.216,50.7568359375,-58.72952457058054
-0.0796499999999999,3.994264314805198,-36.216,50.7568359375,0.0
-0.0755199999999999,4.025483797227073,-36.17999999999999,49.57443237304688,6.828528072851104
-0.0755199999999999,4.025483797227073,-36.17999999999999,49.57443237304688,0.0
-0.0719799999999999,3.807069490586448,-35.808,48.36456298828125,74.01512136886767
-0.0719799999999999,3.807069490586448,-35.808,48.36456298828125,0.0
-0.07375,3.807069490586448,-35.898,47.26318359375,-18.123238018541155
-0.07375,3.807069490586448,-35.898,47.26318359375,0.0
-0.07906,3.682283113633323,-36.186,46.10893249511719,-57.6345807484135
-0.07906,3.682283113633323,-36.186,46.10893249511719,0.0
-0.07257,3.630281160508323,-36.168,44.951934814453125,3.54121581743144
-0.07257,3.630281160508323,-36.168,44.951934814453125,0.0
-0.0755199999999999,3.630281160508323,-36.072,43.74069213867188,18.79404855131796
-0.0755199999999999,3.630281160508323,-36.072,43.74069213867188,0.0
-0.0672599999999999,3.630281160508323,-35.91,42.59811401367188,32.20035778173867
-0.0672599999999999,3.339082430039573,-35.91,42.59811401367188,0.0
-0.0719799999999999,3.453462312852073,-36.0,41.37519836425781,-18.618121638385983
-0.0719799999999999,3.453462312852073,-36.0,41.37519836425781,0.0
-0.07139,3.401490877305198,-36.054,40.24909973144531,-10.695187165776575
-0.07139,3.401490877305198,-36.054,40.24909973144531,0.0
-0.06844,3.235078523789573,-36.216,39.05982971191406,-30.320044918525102
-0.06844,3.235078523789573,-36.216,39.05982971191406,0.0
-0.0672599999999999,3.276673982773948,-36.12,37.87605285644531,20.24462252217261
-0.0672599999999999,3.276673982773948,-36.12,37.87605285644531,0.0
-0.07021,3.193483064805198,-35.796,36.72248840332031,66.12244897969761
-0.07021,3.193483064805198,-35.796,36.72248840332031,0.0
-0.0654899999999999,3.037477205430198,-35.916,35.59295654296875,-24.89626556019044
-0.0654899999999999,3.037477205430198,-35.916,35.59295654296875,0.0
-0.07021,2.985475252305198,-36.156,34.418792724609375,-48.85993485351751
-0.07021,2.985475252305198,-36.156,34.418792724609375,0.0
-0.06372,2.975068758164573,-36.258,33.25836181640625,-20.408163265304847
-0.06372,2.975068758164573,-36.258,33.25836181640625,0.0
-0.0672599999999999,2.777467439805198,-36.048,32.06840515136719,45.03538494537574
-0.0672599999999999,2.777467439805198,-36.048,32.06840515136719,0.0
-0.06372,2.756684969102073,-35.922,30.92376708984375,24.980174464721152
-0.06372,2.756684969102073,-35.922,30.92376708984375,0.0
-0.06667,2.631868074570823,-36.006,29.79972839355469,-17.15686274509087
-0.06667,2.631868074570823,-36.006,29.79972839355469,0.0
-0.06195,2.579866121445823,-36.17999999999999,28.63861083984375,-34.89771359805644
-0.06195,2.579866121445823,-36.17999999999999,28.63861083984375,0.0
-0.05959,2.579866121445823,-36.276,27.504959106445312,-18.011257035646853
-0.05959,2.579866121445823,-36.276,27.504959106445312,0.0
-0.06136,2.413484285508323,-36.036,26.286849975585938,48.16375677306986
-0.06136,2.413484285508323,-36.036,26.286849975585938,0.0
-0.06018,2.340669344102073,-35.82599999999999,25.143585205078125,39.2596747054835
-0.06018,2.340669344102073,-35.82599999999999,25.143585205078125,0.0
-0.06431,2.236665437852073,-35.958,23.99688720703125,-26.98282910876037
-0.06431,2.236665437852073,-35.958,23.99688720703125,0.0
-0.05782,2.101472566758323,-36.084,22.85362243652344,-25.428859737663423
-0.05782,2.101472566758323,-36.084,22.85362243652344,0.0
-0.05959,2.111879060898948,-36.252,21.63276672363281,-34.34880392557291
-0.05959,2.111879060898948,-36.252,21.63276672363281,0.0
-0.0519199999999999,1.935090730820823,-35.976,20.481948852539062,55.74631387592364
-0.0519199999999999,1.935090730820823,-35.976,20.481948852539062,0.0
-0.05959,1.883088777695823,-35.772000000000006,19.332504272460938,34.6526244266941
-0.05959,1.883088777695823,-35.772000000000006,19.332504272460938,0.0
-0.0542799999999999,1.789491365586448,-35.994,18.192672729492188,-44.596223382935904
-0.0542799999999999,1.789491365586448,-35.994,18.192672729492188,0.0
-0.05959,1.789491365586448,-36.24,17.008895874023438,-48.33955590491117
-0.05959,1.716676424180198,-36.24,17.008895874023438,0.0
-0.05015,1.612672517930198,-36.246,15.851898193359377,-1.1200298674624205
-0.05015,1.612672517930198,-36.246,15.851898193359377,0.0
-0.0530999999999999,1.539888094102073,-35.862,14.650268554687502,67.64135987327386
-0.0530999999999999,1.539888094102073,-35.862,14.650268554687502,0.0
-0.05133,1.342286775742698,-35.91,13.508377075195312,-9.428403064242785
-0.05133,1.342286775742698,-35.91,13.508377075195312,0.0
-0.05015,1.363069246445823,-35.988,12.381591796875,-15.46391752577976
-0.05015,1.363069246445823,-35.988,12.381591796875,0.0
-0.0548699999999999,1.238282869492698,-36.108,11.235580444335938,-23.847376788553103
-0.0548699999999999,1.238282869492698,-36.108,11.235580444335938,0.0
-0.04484,1.165467928086448,-36.168,10.042190551757812,-11.945052757330528
-0.04484,1.165467928086448,-36.168,10.042190551757812,0.0
-0.04779,1.061464021836448,-35.91,8.85223388671875,51.52786099469051
-0.04779,1.061464021836448,-35.91,8.85223388671875,0.0
-0.04779,0.895082185898948,-35.904,7.692489624023438,1.181102362205132
-0.04779,0.895082185898948,-35.904,7.692489624023438,0.0
-0.04425,0.822267244492698,-36.27,6.5265655517578125,-75.0153720024207
-0.04425,0.822267244492698,-36.27,6.5265655517578125,0.0
-0.04602,0.718263338242698,-36.3,5.3730010986328125,-6.044731009464488
-0.04602,0.718263338242698,-36.3,5.3730010986328125,0.0
-0.04307,0.666291902695823,-36.102,4.189910888671875,39.379474940367
-0.04307,0.666291902695823,-36.102,4.189910888671875,0.0
-0.04307,0.531068514023948,-35.928,2.995834350585937,35.031205959277074
-0.04307,0.531068514023948,-35.928,2.995834350585937,0.0
-0.04307,0.4998795491801979,-35.982,1.8546295166015625,-10.503793036385405
-0.04307,0.4998795491801979,-35.982,1.8546295166015625,0.0
-0.04366,0.3646866780864479,-36.06,0.6681060791015625,-14.304052814994671
-0.04366,0.3646866780864479,-36.06,0.6681060791015625,0.0
-0.0412999999999999,0.3126847249614479,-36.36,-0.4621124267578125,-60.14434643146709
-0.0412999999999999,0.3126847249614479,-36.36,-0.4621124267578125,0.0
-0.0412999999999999,0.1566788655864479,-36.114,-1.7063140869140625,49.42736588309552
-0.0412999999999999,0.1566788655864479,-36.114,-1.7063140869140625,0.0
-0.0377599999999999,-0.020109464491677,-36.012,-2.8289794921875,20.29043166899353
-0.0377599999999999,-0.020109464491677,-36.012,-2.8289794921875,0.0
-0.0412999999999999,-0.030515958632302,-36.19199999999999,-4.005889892578125,-35.622402533120734
-0.0412999999999999,-0.030515958632302,-36.19199999999999,-4.005889892578125,0.0
-0.0336299999999999,-0.144926359022927,-36.168,-5.16082763671875,4.8612517723319
-0.0336299999999999,-0.144926359022927,-36.168,-5.16082763671875,0.0
-0.03835,-0.207334806288552,-36.216,-6.3617706298828125,-9.777958851094525
-0.03835,-0.207334806288552,-36.216,-6.3617706298828125,0.0
-0.03186,-0.228117276991677,-36.054,-7.547607421875,32.82009724472761
-0.03186,-0.228117276991677,-36.054,-7.547607421875,0.0
-0.0348099999999999,-0.363310148085427,-35.712,-8.6572265625,67.95151996824467
-0.0348099999999999,-0.363310148085427,-35.712,-8.6572265625,0.0
-0.0348099999999999,-0.519316007460427,-35.922,-9.815597534179688,-37.88562150457902
-0.0348099999999999,-0.519316007460427,-35.922,-9.815597534179688,0.0
-0.0348099999999999,-0.550535489882302,-36.12,-10.992507934570312,-39.45008965926076
-0.0348099999999999,-0.550535489882302,-36.12,-10.992507934570312,0.0
-0.03422,-0.675321866835427,-36.162,-12.098007202148438,-8.432041758681978
-0.03422,-0.675321866835427,-36.162,-12.098007202148438,0.0
-0.02832,-0.727323819960427,-36.108,-13.305816650390623,10.74626865670958
-0.02832,-0.727323819960427,-36.108,-13.305816650390623,0.0
-0.0348099999999999,-0.852110196913552,-36.078,-14.444961547851562,6.156371844853836
-0.0348099999999999,-0.852110196913552,-36.078,-14.444961547851562,0.0
-0.0271399999999999,-1.028929044569802,-36.186,-15.63423156738281,-21.89781021899256
-0.0271399999999999,-1.028929044569802,-36.186,-15.63423156738281,0.0
-0.03304,-1.080930997694802,-36.348,-16.772003173828125,-32.86004056803481
-0.03304,-1.080930997694802,-36.348,-16.772003173828125,0.0
-0.03009,-1.132932950819802,-36.138,-17.996292114257812,42.89215686272572
-0.03009,-1.132932950819802,-36.138,-17.996292114257812,0.0
-0.0253699999999999,-1.413725187147927,-36.072,-19.142990112304688,13.189448441247231
-0.0253699999999999,-1.413725187147927,-36.072,-19.142990112304688,0.0
-0.0241899999999999,-1.372129728163552,-36.072,-20.313034057617188,0.0
-0.0247799999999999,-1.444914151991677,-36.144,-21.49818420410156,-13.73259584209264
-0.0247799999999999,-1.444914151991677,-36.144,-21.49818420410156,0.0
-0.0236,-1.715330411757302,-36.330000000000005,-22.65586853027344,-35.067873303105785
-0.0236,-1.715330411757302,-36.330000000000005,-22.65586853027344,0.0
-0.0200599999999999,-1.600920011366677,-36.288,-23.854751586914062,8.308605341250148
-0.0200599999999999,-1.600920011366677,-36.288,-23.854751586914062,0.0
-0.02242,-1.746519376601052,-35.958,-24.9884033203125,65.35947712418736
-0.02242,-1.746519376601052,-35.958,-24.9884033203125,0.0
-0.0194699999999999,-1.944120694960427,-36.17999999999999,-26.20513916015625,-42.22940840783375
-0.0194699999999999,-1.944120694960427,-36.17999999999999,-26.20513916015625,0.0
-0.02242,-1.902525235976052,-36.324,-27.351150512695312,-28.85193348024265
-0.02242,-1.902525235976052,-36.324,-27.351150512695312,0.0
-0.01711,-2.048124601210427,-36.162,-28.51226806640625,32.694248234137255
-0.01711,-2.048124601210427,-36.162,-28.51226806640625,0.0
-0.01593,-2.162535001601052,-36.276,-29.72488403320312,-22.96072507553626
-0.01593,-2.162535001601052,-36.276,-29.72488403320312,0.0
-0.0177,-2.183317472304177,-36.108,-30.898361206054684,34.070168322862706
-0.0177,-2.183317472304177,-36.108,-30.898361206054684,0.0
-0.01475,-2.318510343397927,-36.06,-32.078704833984375,9.657947686115362
-0.01475,-2.318510343397927,-36.06,-32.078704833984375,0.0
-0.01711,-2.370512296522927,-36.330000000000005,-33.246002197265625,-54.46842848492148
-0.01711,-2.370512296522927,-36.330000000000005,-33.246002197265625,0.0
-0.01534,-2.474516202772927,-36.288,-34.41810607910156,8.341608738819058
-0.01534,-2.474516202772927,-36.288,-34.41810607910156,0.0
-0.0123899999999999,-2.599333097304177,-36.144,-35.62522888183594,28.776978417268364
-0.0123899999999999,-2.599333097304177,-36.144,-35.62522888183594,0.0
-0.0129799999999999,-2.640928556288552,-36.336,-36.780853271484375,-37.802717070327056
-0.0129799999999999,-2.640928556288552,-36.336,-36.780853271484375,0.0
-0.0123899999999999,-2.682524015272927,-36.19800000000001,-37.96875,27.4900398406258
-0.0123899999999999,-2.682524015272927,-36.19800000000001,-37.96875,0.0
-0.0129799999999999,-2.942533780897927,-36.19800000000001,-39.12643432617188,0.0
-0.00767,-2.817716886366677,-36.42,-40.2978515625,-45.03042596360235
-0.00767,-2.817716886366677,-36.42,-40.2978515625,0.0
-0.0123899999999999,-2.942533780897927,-36.03,-41.48643493652344,73.12957059825644
-0.0123899999999999,-2.942533780897927,-36.03,-41.48643493652344,0.0
-0.00885,-3.192137052382302,-36.17999999999999,-42.63862609863281,-29.417532849569195
-0.00885,-3.192137052382302,-36.17999999999999,-42.63862609863281,0.0
-0.0100299999999999,-3.067320157851052,-36.324,-43.80386352539063,-27.799227799251696
-0.0100299999999999,-3.067320157851052,-36.324,-43.80386352539063,0.0
-0.0094399999999999,-3.119322110976052,-36.102,-44.9176025390625,45.54780467787419
-0.0094399999999999,-3.119322110976052,-36.102,-44.9176025390625,0.0
-0.00708,-3.358518888319802,-36.366,-46.12403869628906,-48.961424332340144
-0.00708,-3.358518888319802,-36.366,-46.12403869628906,0.0
-0.0064899999999999,-3.327329923476052,-36.396,-47.30918884277344,-6.2111801242259785
-0.0064899999999999,-3.327329923476052,-36.396,-47.30918884277344,0.0
-0.0059,-3.316923429335427,-36.24,-48.48609924316406,28.123309897205672
-0.0059,-3.316923429335427,-36.24,-48.48609924316406,0.0
-0.00354,-3.535337735976052,-36.372,-49.669189453125,-26.36309167162661
-0.00354,-3.535337735976052,-36.372,-49.669189453125,0.0
-0.0059,-3.493711759413552,-36.324,-50.84266662597656,8.40336134455521
-0.0059,-3.493711759413552,-36.324,-50.84266662597656,0.0
-0.0059,-3.576933194960427,-36.126000000000005,-52.032623291015625,39.2935106172122
-0.0059,-3.576933194960427,-36.126000000000005,-52.032623291015625,0.0
-0.0011799999999999,-3.712126066054177,-36.222,-53.22601318359375,-19.0779014308422
-0.0011799999999999,-3.712126066054177,-36.222,-53.22601318359375,0.0
-0.00531,-3.691313077772927,-36.408,-54.35005187988281,-37.72054350031084
-0.00531,-3.691313077772927,-36.408,-54.35005187988281,0.0
-0.00354,-3.816129972304177,-36.054,-55.58601379394531,71.09861417947057
-0.00354,-3.816129972304177,-36.054,-55.58601379394531,0.0
-0.00177,-3.899320890272927,-36.474,-56.75331115722656,-85.08914100484877
-0.00177,-3.899320890272927,-36.474,-56.75331115722656,0.0
-0.0023599999999999,-3.836912443007302,-36.594,-57.91030883789063,-24.375380865301604
-0.0023599999999999,-3.836912443007302,-36.594,-57.91030883789063,0.0
-0.00295,-3.972135831679177,-36.24,-59.06318664550781,65.94634873318152
-0.00295,-3.972135831679177,-36.24,-59.06318664550781,0.0
-0.0,-4.096922208632302,-36.444,-60.27374267578125,-40.556660039836025
-0.0,-4.096922208632302,-36.444,-60.27374267578125,0.0
-0.0011799999999999,-4.003324796522927,-36.294,-61.45408630371095,28.227324049613717
-0.0011799999999999,-4.003324796522927,-36.294,-61.45408630371095,0.0
-0.0005899999999999,-4.159330655897927,-36.19800000000001,-62.62550354003906,19.390022217765853
-0.0005899999999999,-4.159330655897927,-36.19800000000001,-62.62550354003906,0.0
-0.0,-4.263334562147927,-36.468,-63.79829406738281,-45.817071101303085
-0.0,-4.263334562147927,-36.468,-63.79829406738281,0.0
-0.0011799999999999,-4.159330655897927,-36.528,-64.97245788574219,-12.703789964008998
-0.0011799999999999,-4.159330655897927,-36.528,-64.97245788574219,0.0
-0.0,-4.159330655897927,-36.288,-66.14730834960938,46.92082111446784
-0.0,-4.408933927382302,-36.288,-66.14730834960938,0.0
-0.0,-4.388120939101052,-36.306,-67.33177185058594,-3.5728463676070463
-0.0,-4.388120939101052,-36.306,-67.33177185058594,0.0
-0.0,-4.211332609022927,-35.904,-68.44688415527344,75.4221388367616
-0.0,-4.211332609022927,-35.904,-68.44688415527344,0.0
0.00354,-4.596128751601052,-35.118,-69.61280822753906,158.46774193558105
0.00354,-4.596128751601052,-35.118,-69.61280822753906,0.0
0.00177,-4.388120939101052,-34.446,-70.71624755859375,139.1304347826575
0.00177,-4.388120939101052,-34.446,-70.71624755859375,0.0
0.0023599999999999,-4.429716398085427,-33.336,-71.82174682617188,226.43818849443213
0.0023599999999999,-4.429716398085427,-33.336,-71.82174682617188,0.0
0.00767,-4.689726163710427,-32.4,-72.85789489746094,198.1371718884
0.00767,-4.689726163710427,-32.4,-72.85789489746094,0.0
0.00177,-4.523313810194802,-31.386,-73.90365600585938,203.778135048264
0.00177,-4.523313810194802,-31.386,-73.90365600585938,0.0
0.00413,-4.679319669569802,-30.42,-74.87319946289062,198.43878389474656
0.00413,-4.679319669569802,-30.42,-74.87319946289062,0.0
0.0047199999999999,-4.564909269179177,-29.604,-75.83106994628906,162.71186440677323
0.0047199999999999,-4.564909269179177,-29.604,-75.83106994628906,0.0
0.00531,-4.772917081679177,-28.47,-76.78550720214844,226.84536907390665
0.00531,-4.772917081679177,-28.47,-76.78550720214844,0.0
0.0059,-4.627317716444802,-27.6,-77.70904541015625,178.38835349572423
0.0059,-4.627317716444802,-27.6,-77.70904541015625,0.0
0.00826,-4.856107999647927,-26.31,-78.56185913085938,257.3309395568818
0.00826,-4.856107999647927,-26.31,-78.56185913085938,0.0
0.00708,-4.689726163710427,-25.578000000000003,-79.39682006835938,137.18140929535704
0.00708,-4.689726163710427,-25.578000000000003,-79.39682006835938,0.0
0.00708,-4.845732023085427,-24.45,-80.22628784179688,224.70119521904363
0.00708,-4.845732023085427,-24.45,-80.22628784179688,0.0
0.00885,-4.710508634413552,-23.622,-80.99189758300781,154.82423335832516
0.00885,-4.710508634413552,-23.622,-80.99189758300781,0.0
0.0118,-4.731321622694802,-22.698,-81.749267578125,184.68918648802992
0.0118,-4.731321622694802,-22.698,-81.749267578125,0.0
0.0118,-4.741728116835427,-21.378,-82.4468994140625,270.8803611744127
0.0118,-4.741728116835427,-21.378,-82.4468994140625,0.0
0.01475,-4.731321622694802,-20.67,-83.13011169433594,146.1903778647135
0.01475,-4.731321622694802,-20.67,-83.13011169433594,0.0
0.0094399999999999,-4.908109952772927,-19.152,-83.80096435546875,298.4663782930201
0.0094399999999999,-4.908109952772927,-19.152,-83.80096435546875,0.0
0.00826,-4.731321622694802,-18.258,-84.39285278320312,183.1216714463186
0.00826,-4.731321622694802,-18.258,-84.39285278320312,0.0
0.0123899999999999,-4.887327482069802,-17.91,-84.95521545410156,69.80942828478571
0.0123899999999999,-4.887327482069802,-17.91,-84.95521545410156,0.0
0.0118,-4.876920987929177,-16.535999999999998,-85.53062438964844,248.9581445911091
0.0118,-4.876920987929177,-16.535999999999998,-85.53062438964844,0.0
0.0100299999999999,-4.856107999647927,-15.432000000000002,-86.03599548339844,211.6970278047082
0.0100299999999999,-4.856107999647927,-15.432000000000002,-86.03599548339844,0.0
0.01652,-4.887327482069802,-14.94,-86.53724670410156,82.34309623422045
0.01652,-4.887327482069802,-14.94,-86.53724670410156,0.0
0.01534,-4.856107999647927,-13.758,-86.99729919433594,243.8621827935788
0.01534,-4.856107999647927,-13.758,-86.99729919433594,0.0
0.01475,-4.887327482069802,-12.324000000000002,-87.41409301757812,284.24182358716155
0.01475,-4.887327482069802,-12.324000000000002,-87.41409301757812,0.0
0.01416,-4.824919034804177,-11.388,-87.78419494628906,182.1720513817792
0.01416,-4.824919034804177,-11.388,-87.78419494628906,0.0
0.01652,-4.804136564101052,-11.094,-88.15361022949219,58.49582172700955
0.01652,-4.804136564101052,-11.094,-88.15361022949219,0.0
0.02183,-4.856107999647927,-9.9,-88.50517272949219,241.2121212124235
0.02183,-4.856107999647927,-9.9,-88.50517272949219,0.0
0.0194699999999999,-4.897733976210427,-8.28,-88.80386352539062,336.2391033623765
0.0194699999999999,-4.897733976210427,-8.28,-88.80386352539062,0.0
0.01416,-4.897733976210427,-6.816000000000001,-89.0496826171875,252.02272336033369
0.01416,-4.897733976210427,-6.816000000000001,-89.0496826171875,0.0
0.0129799999999999,-4.835325528944802,-6.132,-89.25361633300781,140.39408867018807
0.0129799999999999,-4.835325528944802,-6.132,-89.25361633300781,0.0
0.0094399999999999,-4.887327482069802,-5.256,-89.42939758300781,174.81540610670143
0.0094399999999999,-4.887327482069802,-5.256,-89.42939758300781,0.0
0.01475,-4.876920987929177,-4.859999999999999,-89.58938598632812,80.73394495423197
0.01475,-4.876920987929177,-4.859999999999999,-89.58938598632812,0.0
0.0200599999999999,-4.824919034804177,-4.146000000000001,-89.73564147949219,139.0186915889703
0.0200599999999999,-4.824919034804177,-4.146000000000001,-89.73564147949219,0.0
0.0253699999999999,-4.824919034804177,-3.552,-89.85031127929688,121.2492345374414
0.0253699999999999,-4.824919034804177,-3.552,-89.85031127929688,0.0
0.0236,-4.866514493788552,-2.142,-89.94781494140625,287.46177370067386
0.0236,-4.866514493788552,-2.142,-89.94781494140625,0.0
0.02242,-4.866514493788552,-0.6900000000000001,-89.989013671875,294.0461725389014
0.02242,-4.866514493788552,-0.6900000000000001,-89.989013671875,0.0
0.02242,-4.824919034804177,-0.228,-90.0,93.97884458920448
0.02242,-4.824919034804177,-0.228,-90.0,0.0
0.02124,-4.835325528944802,-0.0059999999999999,-90.00617980957031,41.674488455086646
0.02124,-4.835325528944802,-0.0059999999999999,-90.00617980957031,0.0
0.02242,-4.835325528944802,0.0059999999999999,-90.00411987304688,2.475758200949997
0.02242,-4.856107999647927,0.0059999999999999,-90.00411987304688,0.0
0.02183,-4.856107999647927,0.0059999999999999,-90.00617980957031,0.0
0.02242,-4.856107999647927,-0.0059999999999999,-90.00343322753906,-2.4110910186875243
0.02242,-4.856107999647927,-0.0059999999999999,-90.00343322753906,0.0
0.02242,-4.845732023085427,0.018,-90.00205993652344,4.724409448825924
0.02242,-4.845732023085427,0.018,-90.00205993652344,0.0
0.02242,-4.845732023085427,-0.0119999999999999,-90.00411987304688,-5.90202636238549
0.02242,-4.856107999647927,-0.0119999999999999,-90.00411987304688,0.0
0.02183,-4.824919034804177,-0.0,-90.00480651855469,2.4038461538454405
0.02183,-4.824919034804177,-0.0,-90.00480651855469,0.0
0.02242,-4.856107999647927,0.0059999999999999,-90.00343322753906,1.21040952189058
0.02242,-4.856107999647927,0.0059999999999999,-90.00343322753906,0.0
0.02183,-4.856107999647927,-0.0059999999999999,-90.00480651855469,-2.3373587845742145
0.02183,-4.856107999647927,-0.0059999999999999,-90.00480651855469,0.0
0.0236,-4.710508634413552,-0.0059999999999999,-90.00274658203125,0.0
0.02183,-4.731321622694802,0.0119999999999999,-90.00617980957031,3.575685339683613
0.02183,-4.731321622694802,0.0119999999999999,-90.00617980957031,0.0
0.02242,-4.731321622694802,-0.0059999999999999,-90.00343322753906,-3.699897225069857
0.02242,-4.731321622694802,-0.0059999999999999,-90.00343322753906,0.0
0.02242,-4.752134610976052,0.0059999999999999,-90.00617980957031,2.431118314424241
0.02242,-4.752134610976052,0.0059999999999999,-90.00617980957031,0.0
0.02242,-4.772917081679177,0.0119999999999999,-90.00205993652344,1.2224938875304734
0.02242,-4.772917081679177,0.0119999999999999,-90.00205993652344,0.0
0.02242,-4.762510587538552,-0.0239999999999999,-90.0054931640625,-7.517226978488608
0.02242,-4.762510587538552,-0.0239999999999999,-90.0054931640625,0.0
0.0236,-4.741728116835427,0.0059999999999999,-90.00343322753906,5.861664712783019
0.0236,-4.741728116835427,0.0059999999999999,-90.00343322753906,0.0
0.0236,-4.689726163710427,-0.018,-90.00137329101562,-4.650261577212724
0.0236,-4.689726163710427,-0.018,-90.00137329101562,0.0
0.0247799999999999,-4.658537198866677,0.03,-90.00411987304688,9.52192025390725
0.0247799999999999,-4.658537198866677,0.03,-90.00411987304688,0.0
0.0247799999999999,-4.752134610976052,-0.0059999999999999,-90.00411987304688,-7.075471698112287
0.0247799999999999,-4.752134610976052,-0.0059999999999999,-90.00411987304688,0.0
0.0247799999999999,-4.752134610976052,-0.0,-90.00480651855469,1.1092623405434752
0.0247799999999999,-4.814512540663552,-0.0,-90.00480651855469,0.0
0.0265499999999999,-4.793730069960427,-0.0,-90.00686645507812,0.0
0.0336299999999999,-4.793730069960427,0.0239999999999999,-90.0054931640625,4.826060727924229
0.0336299999999999,-4.793730069960427,0.0239999999999999,-90.0054931640625,0.0
0.04661,-4.804136564101052,0.162,-90.00686645507812,26.431718061716023
0.04661,-4.804136564101052,0.162,-90.00686645507812,0.0
0.06254,-4.845732023085427,0.54,-89.99519348144531,74.38016528923299
0.06254,-4.845732023085427,0.54,-89.99519348144531,0.0
0.07906,-4.845732023085427,1.998,-89.95948791503906,287.06438275279584
0.07906,-4.897733976210427,1.998,-89.95948791503906,0.0
0.0802399999999999,-4.856107999647927,3.486,-89.86679077148438,296.0015914065033
0.0802399999999999,-4.856107999647927,3.486,-89.86679077148438,0.0
0.08732,-4.856107999647927,6.084,-89.71504211425781,467.5184452033846
0.08732,-4.928922941054177,6.084,-89.71504211425781,0.0
0.07847,-4.856107999647927,7.919999999999999,-89.50218200683594,367.86215187307977
0.07847,-4.856107999647927,7.919999999999999,-89.50218200683594,0.0
0.08555,-4.856107999647927,9.312,-89.21859741210938,285.2459016393446
0.08555,-4.856107999647927,9.312,-89.21859741210938,0.0
0.07906,-4.856107999647927,9.924,-88.90205383300781,115.27594650600066
0.07906,-4.856107999647927,9.924,-88.90205383300781,0.0
0.07139,-4.856107999647927,10.146,-88.58688354492188,41.61979752538274
0.07139,-4.887327482069802,10.146,-88.58688354492188,0.0
0.07257,-4.908109952772927,10.47,-88.23875427246094,64.8648648649445
0.07257,-4.908109952772927,10.47,-88.23875427246094,0.0
0.07906,-4.866514493788552,11.112,-87.88856506347656,122.21587664167711
0.07906,-4.866514493788552,11.112,-87.88856506347656,0.0
0.0796499999999999,-4.845732023085427,12.408,-87.50816345214844,261.8181818177584
0.0796499999999999,-4.845732023085427,12.408,-87.50816345214844,0.0
0.08614,-4.856107999647927,13.614,-87.11128234863281,269.19642857137313
0.08614,-4.856107999647927,13.614,-87.11128234863281,0.0
0.08142,-4.856107999647927,14.736,-86.66152954101562,229.1198693077531
0.08142,-4.856107999647927,14.736,-86.66152954101562,0.0
0.08968,-4.731321622694802,15.528,-86.16371154785156,155.35504119250805
0.08968,-4.731321622694802,15.528,-86.16371154785156,0.0
0.08968,-4.856107999647927,16.590000000000003,-85.64804077148438,216.16120496633076
0.08968,-4.856107999647927,16.590000000000003,-85.64804077148438,0.0
0.08732,-4.897733976210427,17.736,-85.09597778320312,226.3927301463997
0.08732,-4.897733976210427,17.736,-85.09597778320312,0.0
0.0820099999999999,-4.856107999647927,18.342,-84.52743530273438,123.34622430282076
0.0820099999999999,-4.856107999647927,18.342,-84.52743530273438,0.0
0.0820099999999999,-4.856107999647927,19.056,-83.94584655761719,132.71375464678178
0.0820099999999999,-4.856107999647927,19.056,-83.94584655761719,0.0
0.08614,-4.856107999647927,20.502,-83.30589294433594,288.68037532434926
0.08614,-4.856107999647927,20.502,-83.30589294433594,0.0
0.0926299999999999,-4.741728116835427,21.24,-82.62130737304688,142.9124709529294
0.0926299999999999,-4.741728116835427,21.24,-82.62130737304688,0.0
0.0902699999999999,-4.856107999647927,22.17,-81.93603515625,186.89710610935532
0.0902699999999999,-4.856107999647927,22.17,-81.93603515625,0.0
0.0938099999999999,-4.772917081679177,23.268,-81.19583129882812,226.20519159481333
0.0938099999999999,-4.772917081679177,23.268,-81.19583129882812,0.0
0.08968,-4.689726163710427,23.946,-80.46180725097656,136.66599475888293
0.08968,-4.689726163710427,23.946,-80.46180725097656,0.0
0.0825999999999999,-4.824919034804177,25.224,-79.68452453613281,240.22556390988487
0.0825999999999999,-4.824919034804177,25.224,-79.68452453613281,0.0
0.09086,-4.731321622694802,26.088,-78.85780334472656,172.00875970555322
0.09086,-4.731321622694802,26.088,-78.85780334472656,0.0
0.09617,-4.856107999647927,27.3,-78.02490234375,244.1087613293762
0.09617,-4.856107999647927,27.3,-78.02490234375,0.0
0.0914499999999999,-4.720915128554177,27.99,-77.11647033691406,137.91724965015183
0.0914499999999999,-4.720915128554177,27.99,-77.11647033691406,0.0
0.0938099999999999,-4.752134610976052,28.95,-76.21490478515625,192.1921921918816
0.0938099999999999,-4.752134610976052,28.95,-76.21490478515625,0.0
0.08555,-4.689726163710427,29.766,-75.25428771972656,167.76315789481393
0.08555,-4.689726163710427,29.766,-75.25428771972656,0.0
0.09322,-4.668913175429177,31.206,-74.28680419921875,271.18644067752786
0.09322,-4.668913175429177,31.206,-74.28680419921875,0.0
0.08496,-4.564909269179177,31.925999999999995,-73.30078125,148.14814814834082
0.08496,-4.564909269179177,31.925999999999995,-73.30078125,0.0
0.0890899999999999,-4.668913175429177,33.09,-72.27493286132812,231.0440651052486
0.0890899999999999,-4.668913175429177,33.09,-72.27493286132812,0.0
0.08791,-4.512937833632302,34.062,-71.1968994140625,197.36040609136663
0.08791,-4.512937833632302,34.062,-71.1968994140625,0.0
0.08319,-4.356931974257302,34.806000000000004,-70.081787109375,149.63797264697132
0.08319,-4.356931974257302,34.806000000000004,-70.081787109375,0.0
0.0926299999999999,-4.689726163710427,35.67,-68.95088195800781,173.5985533455041
0.0926299999999999,-4.689726163710427,35.67,-68.95088195800781,0.0
0.08319,-4.336118985976052,36.228,-67.79594421386719,114.11042944777876
0.08319,-4.336118985976052,36.228,-67.79594421386719,0.0
0.0867299999999999,-4.242521573866677,36.55200000000001,-66.61766052246094,66.57078282322962
0.0867299999999999,-4.242521573866677,36.55200000000001,-66.61766052246094,0.0
0.0796499999999999,-4.492124845351052,36.438,-65.45242309570312,-22.64150943399752
0.0796499999999999,-4.492124845351052,36.438,-65.45242309570312,0.0
0.08378,-4.159330655897927,36.234,-64.31465148925781,-42.027194066796085
0.08378,-4.159330655897927,36.234,-64.31465148925781,0.0
0.08083,-4.200926114882302,36.36,-63.10684204101563,23.630907726950472
0.08083,-4.200926114882302,36.36,-63.10684204101563,0.0
0.0843699999999999,-4.346525480116677,36.174,-61.98211669921875,-37.30445246699586
0.0843699999999999,-4.346525480116677,36.174,-61.98211669921875,0.0
0.0778799999999999,-4.096922208632302,36.282,-60.81756591796875,21.30597751033132
0.0778799999999999,-4.096922208632302,36.282,-60.81756591796875,0.0
0.0778799999999999,-3.961729337538552,36.402,-59.61936950683594,22.52252252249897
0.0778799999999999,-3.961729337538552,36.402,-59.61936950683594,0.0
0.07906,-3.982511808241677,36.186,-58.50700378417968,-42.14634146335968
0.07906,-3.982511808241677,36.186,-58.50700378417968,0.0
0.08142,-3.930509855116677,36.258,-57.33558654785156,13.521126760566087
0.08142,-3.930509855116677,36.258,-57.33558654785156,0.0
0.0778799999999999,-4.024137784804177,36.342,-56.15386962890625,18.00257179596893
0.0778799999999999,-4.024137784804177,36.342,-56.15386962890625,0.0
0.07906,-3.899320890272927,36.36,-55.00991821289063,3.6452004860300673
0.07906,-3.899320890272927,36.36,-55.00991821289063,0.0
0.07316,-3.899320890272927,36.396,-53.85498046875,6.980802792325484
0.07316,-3.753721525038552,36.396,-53.85498046875,0.0
0.07375,-3.753721525038552,36.468,-52.67463684082031,14.897579143374438
0.07375,-3.753721525038552,36.468,-52.67463684082031,0.0
0.07847,-3.576933194960427,36.228,-51.45652770996094,-37.00848111026699
0.07847,-3.576933194960427,36.228,-51.45652770996094,0.0
0.07021,-3.514524747694802,36.288,-50.31944274902344,12.021638950099682
0.07021,-3.514524747694802,36.288,-50.31944274902344,0.0
0.07611,-3.639311124647927,36.330000000000005,-49.13497924804688,9.21658986174199
0.07611,-3.639311124647927,36.330000000000005,-49.13497924804688,0.0
0.07493,-3.327329923476052,36.186,-47.945709228515625,-29.33985330073248
0.07493,-3.327329923476052,36.186,-47.945709228515625,0.0
0.07316,-3.212919523085427,36.48,-46.786651611328125,61.97301854971633
0.07316,-3.212919523085427,36.48,-46.786651611328125,0.0
0.0767,-3.337736417616677,36.414,-45.60081481933594,-13.022888713473671
0.0767,-3.337736417616677,36.414,-45.60081481933594,0.0
0.0696199999999999,-3.264921476210427,36.324,-44.439697265625,-18.105009052462137
0.0696199999999999,-3.264921476210427,36.324,-44.439697265625,0.0
0.07257,-3.067320157851052,36.408,-43.24424743652344,16.679904686246196
0.07257,-3.067320157851052,36.408,-43.24424743652344,0.0
0.06844,-3.171324064101052,36.36,-42.11677551269531,-10.067114093963172
0.06844,-3.171324064101052,36.36,-42.11677551269531,0.0
0.0719799999999999,-2.942533780897927,36.168,-40.922698974609375,-37.82505910163608
0.0719799999999999,-2.942533780897927,36.168,-40.922698974609375,0.0
0.06844,-2.859312345351052,36.162,-39.72450256347656,-1.2096774193556243
0.06844,-2.859312345351052,36.162,-39.72450256347656,0.0
0.06608,-2.984129239882302,36.342,-38.55857849121094,36.24647603708088
0.06608,-2.984129239882302,36.342,-38.55857849121094,0.0
0.0696199999999999,-2.765714933241677,36.072,-37.37892150878906,-53.73134328369703
0.0696199999999999,-2.765714933241677,36.072,-37.37892150878906,0.0
0.0631299999999999,-2.640928556288552,36.330000000000005,-36.20475769042969,51.210797935555135
0.0631299999999999,-2.640928556288552,36.330000000000005,-36.20475769042969,0.0
0.0696199999999999,-2.640928556288552,36.354,-35.042266845703125,4.822182037373884
0.0696199999999999,-2.640928556288552,36.354,-35.042266845703125,0.0
0.06431,-2.422514249647927,35.982,-33.831024169921875,-73.85348421698187
0.06431,-2.422514249647927,35.982,-33.831024169921875,0.0
0.06785,-2.422514249647927,36.228,-32.71797180175781,49.03328682470451
0.06785,-2.422514249647927,36.228,-32.71797180175781,0.0
0.06136,-2.297727872694802,36.336,-31.535568237304688,21.90225106469601
0.06136,-2.297727872694802,36.336,-31.535568237304688,0.0
0.06195,-2.297727872694802,36.19199999999999,-30.34492492675781,-28.391167192438992
0.06195,-2.297727872694802,36.19199999999999,-30.34492492675781,0.0
0.06136,-2.308134366835427,36.276,-29.173507690429688,16.75643327352089
0.06136,-2.308134366835427,36.276,-29.173507690429688,0.0
0.06254,-2.193723966444802,36.174,-28.0316162109375,-20.46138415249636
0.06254,-2.193723966444802,36.174,-28.0316162109375,0.0
0.06372,-2.068937589491677,36.036,-26.821060180664062,-28.354222313596964
0.06372,-2.068937589491677,36.036,-26.821060180664062,0.0
0.05959,-2.068937589491677,36.174,-25.697021484375,27.929568913162065
0.05959,-2.068937589491677,36.174,-25.697021484375,0.0
0.06254,-2.068937589491677,36.246,-24.521484375,14.374126572167334
0.06254,-1.944120694960427,36.246,-24.521484375,0.0
0.05133,-1.808927823866677,36.36,-23.308868408203125,23.57807652533589
0.05133,-1.808927823866677,36.36,-23.308868408203125,0.0
0.06136,-1.808927823866677,36.17999999999999,-22.15805053710937,-34.188034188072486
0.06136,-1.788114835585427,36.17999999999999,-22.15805053710937,0.0
0.0519199999999999,-1.569731046522927,36.222,-20.99349975585937,7.903650733893176
0.0519199999999999,-1.569731046522927,36.222,-20.99349975585937,0.0
0.05782,-1.548918058241677,36.186,-19.830322265625,-6.827233074166725
0.05782,-1.548918058241677,36.186,-19.830322265625,0.0
0.05015,-1.496916105116677,36.162,-18.6822509765625,-4.71698113207505
0.05015,-1.496916105116677,36.162,-18.6822509765625,0.0
0.0530999999999999,-1.351316739882302,36.102,-17.500534057617188,-11.99760047992144
0.0530999999999999,-1.351316739882302,36.102,-17.500534057617188,0.0
0.04897,-1.205717374647927,36.042,-16.341476440429688,-12.133468149629389
0.04897,-1.205717374647927,36.042,-16.341476440429688,0.0
0.05782,-1.216123868788552,36.084,-15.167312622070312,8.49514563105292
0.05782,-1.216123868788552,36.084,-15.167312622070312,0.0
0.04543,-1.028929044569802,36.234,-14.030914306640623,30.26634382562242
0.04543,-1.028929044569802,36.234,-14.030914306640623,0.0
0.0507399999999999,-0.976927091444802,36.408,-12.844390869140623,34.94677646109568
0.0507399999999999,-0.976927091444802,36.408,-12.844390869140623,0.0
0.04543,-0.904112150038552,36.024,-11.646194458007812,-78.57581338227054
0.04543,-0.904112150038552,36.024,-11.646194458007812,0.0
0.04484,-0.904112150038552,36.024,-10.461044311523438,0.0
0.04484,-0.675321866835427,36.024,-10.461044311523438,0.0
0.0472,-0.675321866835427,36.078,-9.274520874023438,10.368663594478194
0.0472,-0.675321866835427,36.078,-9.274520874023438,0.0
0.04366,-0.540128995741677,36.108,-8.105850219726562,5.991611743550405
0.04366,-0.540128995741677,36.108,-8.105850219726562,0.0
0.04307,-0.456938077772927,36.312,-6.893234252929688,41.33738601821005
0.04307,-0.456938077772927,36.312,-6.893234252929688,0.0
0.03953,-0.508909513319802,36.012,-5.6888580322265625,-60.691887517734926
0.03953,-0.508909513319802,36.012,-5.6888580322265625,0.0
0.0401199999999999,-0.290525724257302,35.856,-4.520187377929688,-31.804281345606228
0.0401199999999999,-0.290525724257302,35.856,-4.520187377929688,0.0
0.04189,-0.155332853163552,36.09,-3.3556365966796875,46.70658682636046
0.04189,-0.155332853163552,36.09,-3.3556365966796875,0.0
0.0377599999999999,-0.155332853163552,36.234,-2.187652587890625,26.8957788569443
0.0377599999999999,-0.155332853163552,36.234,-2.187652587890625,0.0
0.0412999999999999,0.0214859944926979,36.19800000000001,-1.006622314453125,-7.26099233561509
0.0412999999999999,0.0214859944926979,36.19800000000001,-1.006622314453125,0.0
0.0336299999999999,0.0734879476176979,36.096,0.1922607421875,-21.09181141440568
0.0336299999999999,0.0734879476176979,36.096,0.1922607421875,0.0
0.0412999999999999,0.1462723714458229,36.024,1.333465576171875,-14.696876913670982
0.0412999999999999,0.1462723714458229,36.024,1.333465576171875,0.0
0.03422,0.3854691487895729,36.066,2.5028228759765625,8.297115764528074
0.03422,0.3854691487895729,36.066,2.5028228759765625,0.0
0.03658,0.3646866780864479,36.342,3.658447265625,53.92731535760339
0.03658,0.3646866780864479,36.342,3.658447265625,0.0
0.03009,0.4998795491801979,36.012,4.86419677734375,-62.90507052993156
0.03009,0.4998795491801979,36.012,4.86419677734375,0.0
0.0359899999999999,0.562287996445823,35.658,6.0266876220703125,-70.75754547268666
0.0359899999999999,0.562287996445823,35.658,6.0266876220703125,0.0
0.03186,0.676667879258323,35.868,7.140426635742188,42.24502112253099
0.03186,0.676667879258323,35.868,7.140426635742188,0.0
0.0354,0.707887361680198,36.09,8.315277099609375,44.32022359751453
0.0354,0.707887361680198,36.09,8.315277099609375,0.0
0.0324499999999999,0.874269197617698,36.228,9.4757080078125,27.76659959758435
0.0324499999999999,0.874269197617698,36.228,9.4757080078125,0.0
0.03127,0.905488680039573,36.204,10.689697265625,-4.817342432759788
0.03127,0.905488680039573,36.204,10.689697265625,0.0
0.0265499999999999,1.040681551133323,35.94,11.84326171875,-52.852852852918346
0.0265499999999999,1.040681551133323,35.94,11.84326171875,0.0
0.0277299999999999,1.186280916367698,36.06,12.973480224609377,24.33090024332667
0.0277299999999999,1.186280916367698,36.06,12.973480224609377,0.0
0.03186,1.217469881211448,36.108,14.117431640625,9.71659919027283
0.03186,1.217469881211448,36.108,14.117431640625,0.0
0.02832,1.321473787461448,36.252,15.310134887695312,28.74825314433467
0.02832,1.321473787461448,36.252,15.310134887695312,0.0
0.02124,1.415071199570823,36.108,16.529617309570312,-28.840376527145352
0.02124,1.415071199570823,36.108,16.529617309570312,0.0
0.02832,1.373475740586448,35.856,17.67425537109375,-51.575931232100686
0.02832,1.373475740586448,35.856,17.67425537109375,0.0
0.02183,1.591890047227073,36.096,18.859405517578125,48.23151125402599
0.02183,1.591890047227073,36.096,18.859405517578125,0.0
0.0241899999999999,1.591890047227073,36.126000000000005,19.984130859375,5.787037037038789
0.0241899999999999,1.591890047227073,36.126000000000005,19.984130859375,0.0
0.0200599999999999,1.706269930039573,36.204,21.18026733398437,15.258215962449766
0.0200599999999999,1.706269930039573,36.204,21.18026733398437,0.0
0.0194699999999999,1.883088777695823,36.012,22.394943237304688,-38.43843843837632
0.0194699999999999,1.883088777695823,36.012,22.394943237304688,0.0
0.01829,1.935090730820823,35.838,23.56773376464844,-31.487513572185517
0.01829,1.935090730820823,35.838,23.56773376464844,0.0
0.0241899999999999,2.070283601914573,35.898,24.714431762695312,12.007204322586738
0.0241899999999999,2.070283601914573,35.898,24.714431762695312,0.0
0.01652,2.111879060898948,36.276,25.894775390625,71.79487179494951
0.01652,2.111879060898948,36.276,25.894775390625,0.0
0.01652,2.111879060898948,36.204,27.076492309570312,-14.382740711162928
0.01652,2.111879060898948,36.204,27.076492309570312,0.0
0.01593,2.288667390977073,35.868,28.245849609375,-59.98928762722378
0.01593,2.288667390977073,35.868,28.245849609375,0.0
0.01475,2.288667390977073,36.012,29.39804077148438,27.133973996597977
0.01475,2.288667390977073,36.012,29.39804077148438,0.0
0.01475,2.455079744492698,36.0,30.574264526367184,-2.3515579071110597
0.01475,2.455079744492698,36.0,30.574264526367184,0.0
0.01829,2.808686922227073,36.204,31.72576904296875,40.8081616323431
0.01829,2.808686922227073,36.204,31.72576904296875,0.0
0.0118,2.871064851914573,36.246,32.938385009765625,7.837283075203001
0.0118,2.871064851914573,36.246,32.938385009765625,0.0
0.01062,2.933473299180198,35.886,34.09538269042969,-75.80543272261626
0.01062,2.933473299180198,35.886,34.09538269042969,0.0
0.0135699999999999,3.110292146836448,35.94,35.27984619140625,8.982035928145333
0.0135699999999999,3.110292146836448,35.94,35.27984619140625,0.0
0.0123899999999999,3.151887605820823,36.12,36.4031982421875,35.62240253312214
0.0123899999999999,3.151887605820823,36.12,36.4031982421875,0.0
0.0129799999999999,3.151887605820823,36.114,37.580108642578125,-1.1714174150722656
0.0129799999999999,3.068666170273948,36.114,37.580108642578125,0.0
0.0064899999999999,3.110292146836448,36.096,38.7762451171875,-3.582802547776754
0.0064899999999999,3.110292146836448,36.096,38.7762451171875,0.0
0.0094399999999999,3.151887605820823,35.988,39.955902099609375,-21.02803738320505
0.0094399999999999,3.151887605820823,35.988,39.955902099609375,0.0
0.01062,3.411866853867698,35.873999999999995,41.12937927246094,-23.01170771095126
0.01062,3.411866853867698,35.873999999999995,41.12937927246094,0.0
0.00767,3.453462312852073,36.102,42.260284423828125,43.189998105689135
0.00767,3.453462312852073,36.102,42.260284423828125,0.0
0.0064899999999999,3.484681795273948,36.39,43.42208862304688,54.3293718166095
0.0064899999999999,3.484681795273948,36.39,43.42208862304688,0.0
0.00295,3.630281160508323,35.94599999999999,44.64019775390625,-82.46656760784659
0.00295,3.630281160508323,35.94599999999999,44.64019775390625,0.0
0.0064899999999999,3.661470125352073,35.856,45.78826904296875,-18.1451612903315
0.0064899999999999,3.661470125352073,35.856,45.78826904296875,0.0
0.00767,3.567872713242698,35.982,46.95899963378906,23.733283104176163
0.00767,3.567872713242698,35.982,46.95899963378906,0.0
0.0059,3.848664949570823,36.084,48.08647155761719,20.60606060602807
0.0059,3.848664949570823,36.084,48.08647155761719,0.0
0.00413,3.848664949570823,36.318000000000005,49.316253662109375,45.37521815011426
0.00413,3.848664949570823,36.318000000000005,49.316253662109375,0.0
0.00295,3.703065584336448,35.976,50.46432495117188,-69.18875177021965
0.00295,3.703065584336448,35.976,50.46432495117188,0.0
0.0023599999999999,3.994264314805198,35.838,51.646728515625,-27.77777777774838
0.0023599999999999,3.994264314805198,35.838,51.646728515625,0.0
0.00177,3.963075349961448,35.886,52.82432556152344,9.732360097330668
0.00177,3.963075349961448,35.886,52.82432556152344,0.0
0.00531,3.807069490586448,36.168,53.96003723144531,46.282619399364805
0.00531,3.807069490586448,36.168,53.96003723144531,0.0
-0.0,4.025483797227073,36.234,55.18157958984375,13.168395849940133
-0.0,4.025483797227073,36.234,55.18157958984375,0.0
-0.0,4.046266267930198,35.898,56.380462646484375,-67.71463119701401
-0.0,4.046266267930198,35.898,56.380462646484375,0.0
0.00177,4.035890291367698,35.81399999999999,57.48802185058594,-16.83366733469745
0.00177,4.035890291367698,35.81399999999999,57.48802185058594,0.0
-0.0,4.150270174180198,36.132,58.65463256835937,48.60898807707076
-0.0,4.150270174180198,36.132,58.65463256835937,0.0
0.00177,4.046266267930198,36.19199999999999,59.82673645019531,12.021638950099682
0.00177,4.046266267930198,36.19199999999999,59.82673645019531,0.0
-0.0,4.327089021836448,36.156,61.00364685058594,-6.642066420662083
-0.0,4.327089021836448,36.156,61.00364685058594,0.0
-0.0,4.327089021836448,35.916,62.15103149414063,-50.80440304830812
-0.0,4.327089021836448,35.916,62.15103149414063,0.0
0.0005899999999999,4.327089021836448,35.85,63.2977294921875,-12.605042016814352
0.0005899999999999,4.202272127305198,35.85,63.2977294921875,0.0
-0.0,4.503877351914573,36.12,64.47532653808594,54.46842848492005
-0.0,4.503877351914573,36.12,64.47532653808594,0.0
-0.0,4.472688387070823,36.516,65.6378173828125,76.31528232798048
-0.0,4.472688387070823,36.516,65.6378173828125,0.0
-0.0,4.327089021836448,36.036,66.83807373046875,-90.53187476423314
-0.0,4.327089021836448,36.036,66.83807373046875,0.0
-0.0,4.545472810898948,35.532,67.96897888183594,-105.08757297750608
-0.0,4.545472810898948,35.532,67.96897888183594,0.0
-0.0,4.545472810898948,35.34,69.15962219238281,-37.97468354433116
-0.0,4.545472810898948,35.34,69.15962219238281,0.0
-0.0,4.399873445664573,34.326,70.23422241210938,-194.5510360705988
-0.0,4.399873445664573,34.326,70.23422241210938,0.0
-0.0005899999999999,4.545472810898948,33.702,71.32598876953125,-124.6006389775448
-0.0005899999999999,4.545472810898948,33.702,71.32598876953125,0.0
-0.00295,4.545472810898948,32.832,72.43629455566406,-152.95358649810112
-0.00295,4.545472810898948,32.832,72.43629455566406,0.0
-0.0047199999999999,4.774263094102073,31.368,73.48823547363281,-298.5318107669501
-0.0047199999999999,4.774263094102073,31.368,73.48823547363281,0.0
-0.0047199999999999,4.774263094102073,30.612,74.48043823242188,-155.23613963049152
-0.0047199999999999,4.670289705430198,30.612,74.48043823242188,0.0
-0.00531,4.670289705430198,29.436,75.43556213378906,-244.1860465120814
-0.00531,4.670289705430198,29.436,75.43556213378906,0.0
-0.00531,4.670289705430198,28.884,76.39274597167969,-101.9767227047861
-0.00531,4.722291658555198,28.884,76.39274597167969,0.0
-0.0059,4.670289705430198,27.738,77.30941772460938,-229.062562462427
-0.0059,4.670289705430198,27.738,77.30941772460938,0.0
-0.0094399999999999,4.722291658555198,26.784,78.2061767578125,-192.68834578851644
-0.0094399999999999,4.722291658555198,26.784,78.2061767578125,0.0
-0.00767,4.711885164414573,25.47,79.08576965332031,-263.2738930072042
-0.00767,4.711885164414573,25.47,79.08576965332031,0.0
-0.00885,4.763887117539573,24.906,79.88296508789062,-116.31264178197866
-0.00885,4.763887117539573,24.906,79.88296508789062,0.0
-0.00767,4.867891023789573,23.67,80.68016052246094,-221.38635142390768
-0.00767,4.867891023789573,23.67,80.68016052246094,0.0
-0.0100299999999999,4.722291658555198,22.806,81.43684387207031,-173.98308497798865
-0.0100299999999999,4.722291658555198,22.806,81.43684387207031,0.0
-0.01121,4.826265047227073,21.798,82.14958190917969,-200.95693779913617
-0.01121,4.826265047227073,21.798,82.14958190917969,0.0
-0.0094399999999999,4.670289705430198,20.916,82.84103393554688,-181.85567010291672
-0.0094399999999999,4.670289705430198,20.916,82.84103393554688,0.0
-0.0123899999999999,4.722291658555198,20.052,83.50364685058594,-176.4345517663983
-0.0123899999999999,4.722291658555198,20.052,83.50364685058594,0.0
-0.01475,4.867891023789573,18.408,84.16282653808594,-328.0782278979475
-0.01475,4.867891023789573,18.408,84.16282653808594,0.0
-0.01062,4.711885164414573,17.37,84.70390319824219,-209.23200967570315
-0.01062,4.711885164414573,17.37,84.70390319824219,0.0
-0.01062,4.680665681992698,16.926000000000002,85.28205871582031,-87.95562599045343
-0.01062,4.680665681992698,16.926000000000002,85.28205871582031,0.0
-0.0118,4.815889070664573,15.773999999999996,85.81695556640625,-235.92054065091983
-0.0118,4.815889070664573,15.773999999999996,85.81695556640625,0.0
-0.0129799999999999,4.847078035508323,14.898,86.29692077636719,-178.55686913963115
-0.0129799999999999,4.847078035508323,14.898,86.29692077636719,0.0
-0.01475,4.805482576523948,14.316,86.78169250488281,-116.75025075214177
-0.01475,4.805482576523948,14.316,86.78169250488281,0.0
-0.0200599999999999,4.847078035508323,13.23,87.21290588378906,-221.8590398363524
-0.0200599999999999,4.847078035508323,13.23,87.21290588378906,0.0
-0.01416,4.847078035508323,11.771999999999998,87.60566711425781,-274.369589762969
-0.01416,4.847078035508323,11.771999999999998,87.60566711425781,0.0
-0.0100299999999999,4.784669588242698,10.8,87.96821594238281,-194.2834299419532
-0.0100299999999999,4.784669588242698,10.8,87.96821594238281,0.0
-0.0118,4.784669588242698,10.146,88.29299926757812,-130.33080908747692
-0.0118,4.722291658555198,10.146,88.29299926757812,0.0
-0.0206499999999999,4.743074129258323,9.384,88.62533569335938,-155.1618814903106
-0.0206499999999999,4.743074129258323,9.384,88.62533569335938,0.0
-0.0177,4.722291658555198,8.022,88.91716003417969,-259.4285714283861
-0.0177,4.722291658555198,8.022,88.91716003417969,0.0
-0.0200599999999999,4.805482576523948,6.888,89.16229248046875,-231.85442649761825
-0.0200599999999999,4.805482576523948,6.888,89.16229248046875,0.0
-0.01652,4.722291658555198,5.604,89.35523986816406,-258.76662636076003
-0.01652,4.722291658555198,5.604,89.35523986816406,0.0
-0.01652,4.867891023789573,4.884,89.5220947265625,-146.6096518022924
-0.01652,4.867891023789573,4.884,89.5220947265625,0.0
-0.01593,4.878267000352073,4.068,89.66148376464844,-162.9718394246036
-0.01593,4.878267000352073,4.068,89.66148376464844,0.0
-0.01475,4.847078035508323,3.468,89.77890014648438,-95.77015163587023
-0.01475,4.847078035508323,3.468,89.77890014648438,0.0
-0.01593,4.857484529648948,2.232,89.87297058105469,-247.6953907819464
-0.01593,4.857484529648948,2.232,89.87297058105469,0.0
-0.01416,4.857484529648948,1.404,89.92721557617188,-159.32268616523464
-0.01416,4.847078035508323,1.404,89.92721557617188,0.0
-0.0177,4.847078035508323,0.984,89.96292114257812,-84.83134720249144
-0.0177,4.847078035508323,0.984,89.96292114257812,0.0
-0.0177,4.847078035508323,0.468,89.98489379882812,-105.07025045800556
-0.0177,4.847078035508323,0.468,89.98489379882812,0.0
-0.0177,4.847078035508323,0.162,89.99244689941406,-61.37184115538032
-0.0177,4.847078035508323,0.162,89.99244689941406,0.0
-0.01829,4.784669588242698,0.0959999999999999,89.99725341796875,-12.953876349333166
-0.01829,4.784669588242698,0.0959999999999999,89.99725341796875,0.0
-0.01829,4.888673494492698,0.042,89.99794006347656,-10.697305863703798
-0.01829,4.888673494492698,0.042,89.99794006347656,0.0
-0.0188799999999999,4.836671541367698,0.0119999999999999,90.00137329101562,-6.032575909905332
-0.0188799999999999,4.836671541367698,0.0119999999999999,90.00137329101562,0.0
-0.01829,4.826265047227073,0.0239999999999999,90.00411987304688,2.430625886166577
-0.01829,4.826265047227073,0.0239999999999999,90.00411987304688,0.0
-0.0177,4.847078035508323,0.03,90.0,1.225490196077893
-0.0177,4.847078035508323,0.03,90.0,0.0
-0.0188799999999999,4.826265047227073,0.018,90.00343322753906,-2.4144869215291065
-0.0188799999999999,4.826265047227073,0.018,90.00343322753906,0.0
-0.0188799999999999,4.847078035508323,0.018,90.00343322753906,0.0
-0.0177,4.847078035508323,-0.0,90.00343322753906,-3.644462441784409
-0.0177,4.847078035508323,-0.0,90.00343322753906,0.0
-0.0188799999999999,4.847078035508323,0.0059999999999999,90.00480651855469,1.0266940451751911
-0.0188799999999999,4.847078035508323,0.0059999999999999,90.00480651855469,0.0
-0.0188799999999999,4.815889070664573,0.018,90.0054931640625,2.4360535931802847
-0.0188799999999999,4.815889070664573,0.018,90.0054931640625,0.0
-0.0194699999999999,4.815889070664573,0.0239999999999999,90.00686645507812,1.1246485473284542
-0.0194699999999999,4.847078035508323,0.0239999999999999,90.00686645507812,0.0
-0.0194699999999999,4.847078035508323,0.018,90.00480651855469,-1.1909487891989246
-0.0194699999999999,4.847078035508323,0.018,90.00480651855469,0.0
-0.0206499999999999,4.847078035508323,-0.0119999999999999,90.0054931640625,-5.953562214729303
-0.0206499999999999,4.847078035508323,-0.0119999999999999,90.0054931640625,0.0
-0.0206499999999999,4.836671541367698,-0.0059999999999999,90.00411987304688,1.2140833670579252
-0.0206499999999999,4.836671541367698,-0.0059999999999999,90.00411987304688,0.0
-0.0206499999999999,4.826265047227073,-0.0059999999999999,90.00480651855469,0.0
-0.0206499999999999,4.826265047227073,0.0059999999999999,90.0054931640625,2.6195153896518857
-0.0206499999999999,4.826265047227073,0.0059999999999999,90.0054931640625,0.0
-0.0253699999999999,4.847078035508323,0.0059999999999999,90.00480651855469,0.0
-0.0354,4.847078035508323,-0.042,90.0054931640625,-8.588298443370105
-0.0354,4.847078035508323,-0.042,90.0054931640625,0.0
-0.0483799999999999,4.857484529648948,-0.222,90.00343322753906,-36.60768761445974
-0.0483799999999999,4.857484529648948,-0.222,90.00343322753906,0.0
-0.06667,4.857484529648948,-0.7679999999999999,89.99313354492188,-104.43764345825244
-0.06667,4.847078035508323,-0.7679999999999999,89.99313354492188,0.0
-0.08378,4.847078035508323,-1.998,89.95674133300781,-247.38535800507125
-0.08378,4.847078035508323,-1.998,89.95674133300781,0.0
-0.0820099999999999,4.847078035508323,-4.584,89.84138488769531,-526.7875331026975
-0.0820099999999999,4.951081941758323,-4.584,89.84138488769531,0.0
-0.0796499999999999,4.847078035508323,-6.834,89.66423034667969,-449.6402877698233
-0.0796499999999999,4.847078035508323,-6.834,89.66423034667969,0.0
-0.0843699999999999,4.888673494492698,-8.31,89.41154479980469,-306.8607068612182
-0.0843699999999999,4.888673494492698,-8.31,89.41154479980469,0.0
-0.07021,4.899079988633323,-9.377999999999998,89.11422729492188,-228.3515073764775
-0.07021,4.899079988633323,-9.377999999999998,89.11422729492188,0.0
-0.08142,4.899079988633323,-9.792,88.80386352539062,-88.46153846139575
-0.08142,4.899079988633323,-9.792,88.80386352539062,0.0
-0.0843699999999999,4.722291658555198,-9.9,88.47976684570312,-21.57842157837318
-0.0843699999999999,4.722291658555198,-9.9,88.47976684570312,0.0
-0.0843699999999999,4.826265047227073,-10.272,88.14056396484375,-77.80798996012325
-0.0843699999999999,4.826265047227073,-10.272,88.14056396484375,0.0
-0.08319,4.899079988633323,-11.616,87.79586791992188,-268.69252299055574
-0.08319,4.899079988633323,-11.616,87.79586791992188,0.0
-0.0914499999999999,4.899079988633323,-13.068,87.40104675292969,-268.59045505026336
-0.0914499999999999,4.899079988633323,-13.068,87.40104675292969,0.0
-0.07729,4.857484529648948,-14.208,86.96090698242188,-225.2519264968395
-0.07729,4.857484529648948,-14.208,86.96090698242188,0.0
-0.09204,4.847078035508323,-14.658,86.48574829101562,-92.64978381714764
-0.09204,4.847078035508323,-14.658,86.48574829101562,0.0
-0.0890899999999999,4.899079988633323,-15.678,85.99411010742188,-206.5613608750296
-0.0890899999999999,4.899079988633323,-15.678,85.99411010742188,0.0
-0.08083,4.899079988633323,-16.854,85.47981262207031,-228.5714285714796
-0.08083,4.899079988633323,-16.854,85.47981262207031,0.0
-0.0843699999999999,4.951081941758323,-17.706,84.91813659667969,-169.9581089166379
-0.0843699999999999,4.951081941758323,-17.706,84.91813659667969,0.0
-0.09204,4.847078035508323,-18.45,84.33311462402344,-135.3465526649567
-0.09204,4.847078035508323,-18.45,84.33311462402344,0.0
-0.0796499999999999,5.023866365586448,-19.584,83.71925354003906,-236.34847853232432
-0.0796499999999999,5.023866365586448,-19.584,83.71925354003906,0.0
-0.08732,5.034272859727073,-20.49,83.04771423339844,-187.5388118403611
-0.08732,5.034272859727073,-20.49,83.04771423339844,0.0
-0.09204,4.899079988633323,-21.204,82.37754821777344,-141.6666666668375
-0.09204,4.899079988633323,-21.204,82.37754821777344,0.0
-0.0938099999999999,4.899079988633323,-22.398,81.67373657226562,-230.32407407408036
-0.0938099999999999,4.951081941758323,-22.398,81.67373657226562,0.0
-0.09322,4.878267000352073,-23.232,80.95344543457031,-164.62692459536257
-0.09322,4.878267000352073,-23.232,80.95344543457031,0.0
-0.08732,5.034272859727073,-24.486,80.17616271972656,-261.57697121380164
-0.08732,5.034272859727073,-24.486,80.17616271972656,0.0
-0.0902699999999999,5.003083894883323,-25.344,79.34600830078125,-170.7802547768692
-0.0902699999999999,5.003083894883323,-25.344,79.34600830078125,0.0
-0.08319,5.127870271836448,-26.346,78.52752685546875,-215.53022155299556
-0.08319,5.127870271836448,-26.346,78.52752685546875,0.0
-0.0820099999999999,4.930268953477073,-27.516,77.62527465820312,-239.26380368082613
-0.0820099999999999,4.930268953477073,-27.516,77.62527465820312,0.0
-0.08555,5.003083894883323,-28.05,76.75529479980469,-107.271996785678
-0.08555,5.003083894883323,-28.05,76.75529479980469,0.0
-0.08732,4.951081941758323,-29.136,75.794677734375,-218.55504125629335
-0.08732,4.951081941758323,-29.136,75.794677734375,0.0
-0.0967599999999999,5.003083894883323,-30.276,74.87937927246094,-231.8958502850501
-0.0967599999999999,5.003083894883323,-30.276,74.87937927246094,0.0
-0.08378,4.847078035508323,-31.344000000000005,73.85147094726562,-217.3824547119036
-0.08378,4.847078035508323,-31.344000000000005,73.85147094726562,0.0
-0.09204,4.847078035508323,-32.25,72.8448486328125,-135.995196637819
-0.09204,4.847078035508323,-32.25,72.8448486328125,0.0
-0.09204,4.670289705430198,-33.06,71.76544189453125,-152.39887111958942
-0.09204,4.670289705430198,-33.06,71.76544189453125,0.0
-0.09322,4.774263094102073,-34.001999999999995,70.69633483886719,-176.37146601755308
-0.09322,4.774263094102073,-34.001999999999995,70.69633483886719,0.0
-0.08968,4.743074129258323,-34.842,69.6038818359375,-167.097672568188
-0.08968,4.743074129258323,-34.842,69.6038818359375,0.0
-0.08791,4.639070223008323,-35.64,68.45443725585938,-146.82612695477005
-0.08791,4.639070223008323,-35.64,68.45443725585938,0.0
-0.08968,4.670289705430198,-36.336,67.28370666503906,-139.39515321453018
-0.08968,4.670289705430198,-36.336,67.28370666503906,0.0
-0.0820099999999999,4.410279939805198,-36.21,66.10267639160156,26.049204052125532
-0.0820099999999999,4.410279939805198,-36.21,66.10267639160156,0.0
-0.08378,4.545472810898948,-36.006,64.93812561035156,41.287188828153305
-0.08378,4.545472810898948,-36.006,64.93812561035156,0.0
-0.08496,4.670289705430198,-35.988,63.776321411132805,3.1886625332146594
-0.08496,4.670289705430198,-35.988,63.776321411132805,0.0
-0.08319,4.410279939805198,-36.018,62.61177062988281,-5.924170616125448
-0.08319,4.410279939805198,-36.018,62.61177062988281,0.0
-0.08496,4.503877351914573,-36.132,61.42730712890625,-20.715973105561417
-0.08496,4.503877351914573,-36.132,61.42730712890625,0.0
-0.07906,4.535066316758323,-36.024,60.25177001953124,21.89781021899256
-0.07906,4.535066316758323,-36.024,60.25177001953124,0.0
-0.08555,4.285463045273948,-35.772000000000006,59.06661987304687,50.12930177045527
-0.08555,4.285463045273948,-35.772000000000006,59.06661987304687,0.0
-0.0820099999999999,4.358277986680198,-36.018,57.92747497558594,-50.04068348256242
-0.0820099999999999,4.358277986680198,-36.018,57.92747497558594,0.0
-0.07847,4.379090974961448,-36.102,56.79862976074219,-16.911616670043472
-0.07847,4.379090974961448,-36.102,56.79862976074219,0.0
-0.08319,4.150270174180198,-36.126000000000005,55.62446594238281,-4.794246903708786
-0.08319,4.150270174180198,-36.126000000000005,55.62446594238281,0.0
-0.07493,4.150270174180198,-36.018,54.44480895996094,21.800565199848563
-0.07493,4.150270174180198,-36.018,54.44480895996094,0.0
-0.0820099999999999,4.077485750352073,-35.922,53.282318115234375,19.28872814950125
-0.0820099999999999,4.077485750352073,-35.922,53.282318115234375,0.0
-0.07493,4.087892244492698,-36.066,52.14729309082031,-29.020556227376066
-0.07493,4.087892244492698,-36.066,52.14729309082031,0.0
-0.0820099999999999,4.077485750352073,-36.066,50.97038269042969,0.0
-0.07257,3.848664949570823,-36.282,49.79759216308594,-43.199999999915306
-0.07257,3.848664949570823,-36.282,49.79759216308594,0.0
-0.07493,3.921479890977073,-35.94599999999999,48.58428955078125,66.62700773348548
-0.07493,3.921479890977073,-35.94599999999999,48.58428955078125,0.0
-0.07375,3.973481844102073,-35.838,47.47535705566406,21.67804094735436
-0.07375,3.973481844102073,-35.838,47.47535705566406,0.0
-0.07611,3.744691560898948,-36.066,46.26411437988281,-45.86602293303377
-0.07611,3.744691560898948,-36.066,46.26411437988281,0.0
-0.07611,3.807069490586448,-36.12,45.08720397949219,-10.072747621696918
-0.07611,3.807069490586448,-36.12,45.08720397949219,0.0
-0.0719799999999999,3.807069490586448,-36.138,43.88351440429688,-3.5906642728868507
-0.0719799999999999,3.807069490586448,-36.138,43.88351440429688,0.0
-0.07316,3.807069490586448,-35.952000000000005,42.70660400390625,34.72740851386732
-0.07316,3.422273348008323,-35.952000000000005,42.70660400390625,0.0
-0.07021,3.630281160508323,-36.048,41.56059265136719,-20.09208874005062
-0.07021,3.630281160508323,-36.048,41.56059265136719,0.0
-0.07611,3.630281160508323,-36.024,40.38368225097656,4.948453608242831
-0.07611,3.630281160508323,-36.024,40.38368225097656,0.0
-0.06903,3.453462312852073,-36.144,39.21913146972656,-24.014408645240348
-0.06903,3.453462312852073,-36.144,39.21913146972656,0.0
-0.0719799999999999,3.453462312852073,-36.17999999999999,38.00994873046875,-7.250755287010019
-0.0719799999999999,3.453462312852073,-36.17999999999999,38.00994873046875,0.0
-0.0654899999999999,3.328675935898948,-35.736000000000004,36.82891845703125,91.75449473023728
-0.0654899999999999,3.328675935898948,-35.736000000000004,36.82891845703125,0.0
-0.0708,3.276673982773948,-35.928,35.64857482910156,-37.743267151643344
-0.0708,3.276673982773948,-35.928,35.64857482910156,0.0
-0.06844,3.224672029648948,-36.174,34.470977783203125,-49.15084915087866
-0.06844,3.224672029648948,-36.174,34.470977783203125,0.0
-0.06785,3.099885652695823,-36.3,33.31809997558594,-25.01488981535832
-0.06785,3.099885652695823,-36.3,33.31809997558594,0.0
-0.06018,2.715089510117698,-36.084,32.14874267578125,43.49577124437144
-0.06018,2.715089510117698,-36.084,32.14874267578125,0.0
-0.06667,2.590272615586448,-35.958,30.973892211914062,25.439127801331285
-0.06667,2.590272615586448,-35.958,30.973892211914062,0.0
-0.06372,2.455079744492698,-36.066,29.827880859375,-21.67369054788208
-0.06372,2.455079744492698,-36.066,29.827880859375,0.0
-0.06785,2.444673250352073,-36.156,28.690109252929688,-19.616390584078392
-0.06785,2.444673250352073,-36.156,28.690109252929688,0.0
-0.06254,2.413484285508323,-36.186,27.476119995117188,-6.025306286413251
-0.06254,2.413484285508323,-36.186,27.476119995117188,0.0
-0.06431,2.236665437852073,-35.976,26.31500244140625,42.75244299670396
-0.06431,2.236665437852073,-35.976,26.31500244140625,0.0
-0.05959,2.195069978867698,-35.844,25.14564514160156,26.410564225687203
-0.05959,2.195069978867698,-35.844,25.14564514160156,0.0
-0.06372,2.059877107773948,-35.988,23.99688720703125,-23.91629297457257
-0.06372,2.059877107773948,-35.988,23.99688720703125,0.0
-0.05664,1.883088777695823,-36.102,22.85362243652344,-22.58320126781862
-0.05664,1.883088777695823,-36.102,22.85362243652344,0.0
-0.05959,1.883088777695823,-36.168,21.6925048828125,-12.043795620457113
-0.05959,1.883088777695823,-36.168,21.6925048828125,0.0
-0.0530999999999999,1.758271883164573,-35.988,20.484695434570312,35.98560575766367
-0.0530999999999999,1.758271883164573,-35.988,20.484695434570312,0.0
-0.05959,1.591890047227073,-35.802,19.331130981445312,34.604651162785565
-0.05959,1.591890047227073,-35.802,19.331130981445312,0.0
-0.0554599999999999,1.602266023789573,-36.0,18.214645385742188,-39.8069963811482
-0.0554599999999999,1.602266023789573,-36.0,18.214645385742188,0.0
-0.05251,1.435884187852073,-36.19199999999999,17.062454223632812,-38.34631515883767
-0.05251,1.435884187852073,-36.19199999999999,17.062454223632812,0.0
-0.0519199999999999,1.363069246445823,-36.126000000000005,15.849151611328129,13.178913738007155
-0.0519199999999999,1.363069246445823,-36.126000000000005,15.849151611328129,0.0
-0.0495599999999999,1.363069246445823,-35.85,14.683914184570312,54.642645020847176
-0.0495599999999999,1.363069246445823,-35.85,14.683914184570312,0.0
-0.05015,1.144685457383323,-35.91,13.513870239257812,-11.976047904193935
-0.05015,1.144685457383323,-35.91,13.513870239257812,0.0
-0.04897,1.103089998398948,-36.012,12.38433837890625,-20.523138832998185
-0.04897,1.103089998398948,-36.012,12.38433837890625,0.0
-0.0495599999999999,1.061464021836448,-36.19199999999999,11.18133544921875,-35.949670461410136
-0.0495599999999999,1.061464021836448,-36.19199999999999,11.18133544921875,0.0
-0.05133,0.843080232773948,-36.168,9.962539672851562,4.86716690326466
-0.05133,0.843080232773948,-36.168,9.962539672851562,0.0
-0.04484,0.863862703477073,-35.904,8.829574584960938,53.16149818771786
-0.04484,0.863862703477073,-35.904,8.829574584960938,0.0
-0.04897,0.666291902695823,-35.934,7.690429687499999,-6.082725060830227
-0.04897,0.666291902695823,-35.934,7.690429687499999,0.0
-0.04248,0.531068514023948,-36.24,6.494293212890625,-61.70598911071504
-0.04248,0.531068514023948,-36.24,6.494293212890625,0.0
-0.04661,0.510286043320823,-36.282,5.370941162109375,-8.580183861098183
-0.04661,0.510286043320823,-36.282,5.370941162109375,0.0
-0.03953,0.3646866780864479,-36.066,4.156265258789063,43.77786785564278
-0.03953,0.3646866780864479,-36.066,4.156265258789063,0.0
-0.04307,0.2710892659770729,-35.934,2.99102783203125,27.160493827197023
-0.04307,0.2710892659770729,-35.934,2.99102783203125,0.0
-0.0412999999999999,0.1462723714458229,-35.94599999999999,1.8244171142578125,-2.419354838709816
-0.0412999999999999,0.1462723714458229,-35.94599999999999,1.8244171142578125,0.0
-0.04661,0.0214859944926979,-36.09,0.668792724609375,-28.7769784172712
-0.04661,0.0214859944926979,-36.09,0.668792724609375,0.0
-0.0371699999999999,-0.030515958632302,-36.330000000000005,-0.5142974853515625,-49.66887417210878
-0.0371699999999999,-0.030515958632302,-36.330000000000005,-0.5142974853515625,0.0
-0.04071,-0.155332853163552,-36.078,-1.669921875,50.05959475571294
-0.04071,-0.155332853163552,-36.078,-1.669921875,0.0
-0.0377599999999999,-0.290525724257302,-36.066,-2.8282928466796875,2.002336058738782
-0.0377599999999999,-0.290525724257302,-36.066,-2.8282928466796875,0.0
-0.0389399999999999,-0.363310148085427,-36.132,-3.9797973632812496,-13.784461152908053
-0.0389399999999999,-0.363310148085427,-36.132,-3.9797973632812496,0.0
-0.0354,-0.363310148085427,-36.15,-5.1656341552734375,-3.715170278635537
-0.0354,-0.425718595351052,-36.15,-5.1656341552734375,0.0
-0.0324499999999999,-0.550535489882302,-36.21,-6.313018798828125,-11.983223487103649
-0.0324499999999999,-0.550535489882302,-36.21,-6.313018798828125,0.0
-0.03068,-0.550535489882302,-36.054,-7.544174194335937,31.143940906361134
-0.03068,-0.550535489882302,-36.054,-7.544174194335937,0.0
-0.0336299999999999,-0.696134855116677,-35.736000000000004,-8.6572265625,61.92794547230106
-0.0336299999999999,-0.696134855116677,-35.736000000000004,-8.6572265625,0.0
-0.03422,-0.852110196913552,-35.904,-9.817657470703123,-33.149171270755375
-0.03422,-0.852110196913552,-35.904,-9.817657470703123,0.0
-0.0324499999999999,-0.893736173476052,-36.036,-10.935516357421877,-26.53266331657328
-0.0324499999999999,-0.893736173476052,-36.036,-10.935516357421877,0.0
-0.0324499999999999,-1.028929044569802,-36.19800000000001,-12.15087890625,-32.341784787376504
-0.0324499999999999,-1.028929044569802,-36.19800000000001,-12.15087890625,0.0
-0.02832,-1.122526456679177,-36.12,-13.308563232421877,15.516212452762252
-0.02832,-1.122526456679177,-36.12,-13.308563232421877,0.0
-0.0336299999999999,-1.216123868788552,-36.066,-14.446334838867188,11.076923076925656
-0.0336299999999999,-1.216123868788552,-36.066,-14.446334838867188,0.0
-0.0265499999999999,-1.403318693007302,-36.162,-15.633544921875,-19.76528721432415
-0.0265499999999999,-1.403318693007302,-36.162,-15.633544921875,0.0
-0.0295,-1.444914151991677,-36.426,-16.793975830078125,-52.77888844457405
-0.0295,-1.444914151991677,-36.426,-16.793975830078125,0.0
-0.0265499999999999,-1.444914151991677,-36.264,-17.935867309570312,31.671554252177348
-0.0265499999999999,-1.517729093397927,-36.264,-17.935867309570312,0.0
-0.0247799999999999,-1.777708341444802,-36.054,-19.112091064453125,42.52733900368269
-0.0247799999999999,-1.777708341444802,-36.054,-19.112091064453125,0.0
-0.0236,-1.777708341444802,-36.054,-20.284881591796875,0.0
-0.0277299999999999,-1.850523282851052,-36.108,-21.441879272460938,-10.832497492465764
-0.0277299999999999,-1.850523282851052,-36.108,-21.441879272460938,0.0
-0.02301,-1.850523282851052,-36.294,-22.627029418945312,-32.9962746141142
-0.02301,-2.120909025038552,-36.294,-22.627029418945312,0.0
-0.0236,-2.006529142226052,-36.288,-23.77235412597656,1.2016823552977232
-0.0236,-2.006529142226052,-36.288,-23.77235412597656,0.0
-0.0206499999999999,-2.162535001601052,-35.97,-24.95887756347656,63.22067594427104
-0.0206499999999999,-2.162535001601052,-35.97,-24.95887756347656,0.0
-0.02124,-2.297727872694802,-36.354,-26.117935180664062,-80.16701461378129
-0.02124,-2.297727872694802,-36.354,-26.117935180664062,0.0
-0.0206499999999999,-2.318510343397927,-36.246,-27.30308532714844,21.301775147913855
-0.0206499999999999,-2.318510343397927,-36.246,-27.30308532714844,0.0
-0.0206499999999999,-2.422514249647927,-36.24,-28.429183959960938,1.211631663973475
-0.0206499999999999,-2.422514249647927,-36.24,-28.429183959960938,0.0
-0.01711,-2.495329191054177,-36.306,-29.70222473144532,-13.189448441209771
-0.01711,-2.495329191054177,-36.306,-29.70222473144532,0.0
-0.01652,-2.640928556288552,-36.0,-30.82008361816406,61.224489795911694
-0.01652,-2.640928556288552,-36.0,-30.82008361816406,0.0
-0.0177,-2.765714933241677,-36.066,-31.97296142578125,-13.38742393508729
-0.0177,-2.765714933241677,-36.066,-31.97296142578125,0.0
-0.0123899999999999,-2.817716886366677,-36.294,-33.167724609375,-46.44530454269609
-0.0123899999999999,-2.817716886366677,-36.294,-33.167724609375,0.0
-0.01711,-2.817716886366677,-36.24,-34.34257507324219,10.784901138391865
-0.01711,-2.817716886366677,-36.24,-34.34257507324219,0.0
-0.0129799999999999,-3.119322110976052,-36.21,-35.52223205566406,6.041079339513718
-0.0129799999999999,-3.119322110976052,-36.21,-35.52223205566406,0.0
-0.0129799999999999,-3.015318204726052,-36.342,-36.70188903808594,-26.410564225687203
-0.0129799999999999,-3.015318204726052,-36.342,-36.70188903808594,0.0
-0.0129799999999999,-3.171324064101052,-36.138,-37.8314208984375,40.686078978837095
-0.0129799999999999,-3.171324064101052,-36.138,-37.8314208984375,0.0
-0.01062,-3.462522794569802,-36.216,-39.02618408203125,-15.63126252507488
-0.01062,-3.462522794569802,-36.216,-39.02618408203125,0.0
-0.0118,-3.337736417616677,-36.402,-40.17974853515625,-37.84333672433723
-0.0118,-3.337736417616677,-36.402,-40.17974853515625,0.0
-0.0100299999999999,-3.420927335585427,-36.096,-41.375885009765625,61.86817630403634
-0.0100299999999999,-3.420927335585427,-36.096,-41.375885009765625,0.0
-0.0094399999999999,-3.691313077772927,-36.21,-42.53288269042969,-23.46161761681295
-0.0094399999999999,-3.691313077772927,-36.21,-42.53288269042969,0.0
-0.00767,-3.535337735976052,-36.330000000000005,-43.72215270996094,-23.852116875361972
-0.00767,-3.535337735976052,-36.330000000000005,-43.72215270996094,0.0
-0.0100299999999999,-3.535337735976052,-36.084,-44.89013671875,49.6768982230536
-0.0100299999999999,-3.639311124647927,-36.084,-44.89013671875,0.0
-0.0059,-3.899320890272927,-36.396,-46.09176635742188,-63.72549019623386
-0.0059,-3.899320890272927,-36.396,-46.09176635742188,0.0
-0.00531,-3.784910489882302,-36.372,-47.28584289550781,4.986494909621395
-0.00531,-3.784910489882302,-36.372,-47.28584289550781,0.0
-0.0064899999999999,-3.816129972304177,-36.276,-48.456573486328125,19.53204476094755
-0.0064899999999999,-3.816129972304177,-36.276,-48.456573486328125,0.0
-0.00295,-4.086515714491677,-36.336,-49.669189453125,-12.043356081898043
-0.00295,-4.086515714491677,-36.336,-49.669189453125,0.0
-0.00708,-4.034513761366677,-36.354,-50.81245422363281,-3.572137328837729
-0.00708,-4.034513761366677,-36.354,-50.81245422363281,0.0
-0.00531,-4.138517667616677,-36.126000000000005,-51.97151184082031,46.45476772615686
-0.00531,-4.138517667616677,-36.126000000000005,-51.97151184082031,0.0
-0.0023599999999999,-4.284117032851052,-36.294,-53.147735595703125,-33.89830508469585
-0.0023599999999999,-4.284117032851052,-36.294,-53.147735595703125,0.0
-0.0047199999999999,-4.211332609022927,-36.42,-54.290313720703125,-25.51640340213704
-0.0047199999999999,-4.211332609022927,-36.42,-54.290313720703125,0.0
-0.00295,-4.367307950819802,-36.186,-55.48301696777344,46.56716417907343
-0.00295,-4.367307950819802,-36.186,-55.48301696777344,0.0
-0.0005899999999999,-4.429716398085427,-36.462,-56.61735534667969,-56.00649350641799
-0.0005899999999999,-4.429716398085427,-36.462,-56.61735534667969,0.0
-0.00177,-4.388120939101052,-36.492,-57.82791137695312,-6.169031462058869
-0.00177,-4.388120939101052,-36.492,-57.82791137695312,0.0
-0.00177,-4.429716398085427,-36.27,-58.95744323730468,45.1586655816938
-0.00177,-4.429716398085427,-36.27,-58.95744323730468,0.0
-0.0005899999999999,-4.512937833632302,-36.522,-60.15838623046874,-51.56537753226399
-0.0005899999999999,-4.512937833632302,-36.522,-60.15838623046874,0.0
-0.0,-4.471311857069802,-36.3,-61.34628295898438,44.74904253166984
-0.0,-4.471311857069802,-36.3,-61.34628295898438,0.0
-0.00177,-4.783323575819802,-36.21,-62.52593994140625,18.119589289280555
-0.00177,-4.783323575819802,-36.21,-62.52593994140625,0.0
-0.0005899999999999,-4.700132657851052,-36.486,-63.69392395019531,-55.76884219022209
-0.0005899999999999,-4.700132657851052,-36.486,-63.69392395019531,0.0
-0.00177,-4.564909269179177,-36.396,-64.81246948242188,18.203883495111963
-0.00177,-4.564909269179177,-36.396,-64.81246948242188,0.0
-0.0,-4.908109952772927,-36.378,-65.99075317382812,3.595685177790732
-0.0,-4.908109952772927,-36.378,-65.99075317382812,0.0
-0.0,-4.731321622694802,-36.36,-67.17384338378906,3.6444624417950338
-0.0,-4.731321622694802,-36.36,-67.17384338378906,0.0
-0.0,-4.741728116835427,-35.91,-68.30886840820312,89.91008991014365
-0.0,-4.741728116835427,-35.91,-68.30886840820312,0.0
0.00295,-5.032926847304177,-35.285999999999994,-69.48509216308594,124.62552426587368
0.00295,-5.032926847304177,-35.285999999999994,-69.48509216308594,0.0
-0.0,-4.876920987929177,-34.524,-70.58235168457031,156.59679408161426
-0.0,-4.876920987929177,-34.524,-70.58235168457031,0.0
0.00295,-5.032926847304177,-33.36599999999999,-71.67549133300781,221.71165996610517
0.00295,-5.032926847304177,-33.36599999999999,-71.67549133300781,0.0
0.0059,-5.084928800429177,-32.526,-72.76588439941406,168.2018422107722
0.0059,-5.084928800429177,-32.526,-72.76588439941406,0.0
0.0023599999999999,-4.908109952772927,-31.398,-73.76083374023438,223.01304863558988
0.0023599999999999,-4.908109952772927,-31.398,-73.76083374023438,0.0
0.0059,-5.084928800429177,-30.588,-74.78324890136719,162.2921258263585
0.0059,-5.084928800429177,-30.588,-74.78324890136719,0.0
0.00295,-5.084928800429177,-29.658,-75.74592590332031,171.84035476741752
0.00295,-5.157713224257302,-29.658,-75.74592590332031,0.0
0.00531,-5.147337247694802,-28.542,-76.70173645019531,223.78183276519604
0.00531,-5.147337247694802,-28.542,-76.70173645019531,0.0
0.0064899999999999,-5.053709318007302,-27.732,-77.60398864746094,163.0763036039987
0.0064899999999999,-5.053709318007302,-27.732,-77.60398864746094,0.0
0.00826,-5.230528165663552,-26.454,-78.49319458007812,252.36966824622604
0.00826,-5.230528165663552,-26.454,-78.49319458007812,0.0
0.0059,-5.032926847304177,-25.686,-79.30274963378906,155.1201777416988
0.0059,-5.032926847304177,-25.686,-79.30274963378906,0.0
0.0094399999999999,-5.334532071913552,-24.6,-80.13839721679688,216.4208848149844
0.0094399999999999,-5.334532071913552,-24.6,-80.13839721679688,0.0
0.0064899999999999,-5.334532071913552,-23.568,-80.87104797363281,205.37313432880052
0.0064899999999999,-5.074522306288552,-23.568,-80.87104797363281,0.0
0.01062,-5.084928800429177,-22.854,-81.6339111328125,144.4174757283097
0.01062,-5.084928800429177,-22.854,-81.6339111328125,0.0
0.00885,-5.168119718397927,-21.462,-82.33634948730469,268.3632157313008
0.00885,-5.168119718397927,-21.462,-82.33634948730469,0.0
0.0129799999999999,-5.199308683241677,-20.766,-83.023681640625,137.522228808597
0.0129799999999999,-5.199308683241677,-20.766,-83.023681640625,0.0
0.01416,-5.469724943007302,-19.524,-83.69110107421875,247.65702891324912
0.01416,-5.469724943007302,-19.524,-83.69110107421875,0.0
0.00767,-5.209715177382302,-18.3,-84.25621032714844,250.15328019569736
0.00767,-5.209715177382302,-18.3,-84.25621032714844,0.0
0.01062,-5.240934659804177,-17.982000000000003,-84.85221862792969,60.17029328286825
0.01062,-5.240934659804177,-17.982000000000003,-84.85221862792969,0.0
0.0129799999999999,-5.209715177382302,-16.908,-85.41595458984375,218.15965874444143
0.0129799999999999,-5.209715177382302,-16.908,-85.41595458984375,0.0
0.0100299999999999,-5.209715177382302,-15.534,-85.92544555664062,275.46110665533723
0.0100299999999999,-5.251310636366677,-15.534,-85.92544555664062,0.0
0.0123899999999999,-5.157713224257302,-15.132,-86.40541076660156,80.67429259489155
0.0123899999999999,-5.157713224257302,-15.132,-86.40541076660156,0.0
0.01829,-5.157713224257302,-14.106,-86.87576293945312,207.3146090114805
0.01829,-5.334532071913552,-14.106,-86.87576293945312,0.0
0.0129799999999999,-5.220121671522927,-12.6,-87.30491638183594,303.9967702867657
0.0129799999999999,-5.220121671522927,-12.6,-87.30491638183594,0.0
0.0118,-5.209715177382302,-11.586,-87.69149780273438,198.2017200937841
0.0118,-5.209715177382302,-11.586,-87.69149780273438,0.0
0.01534,-5.168119718397927,-11.136,-88.05885314941406,89.58789567997577
0.01534,-5.168119718397927,-11.136,-88.05885314941406,0.0
0.01652,-5.168119718397927,-10.116,-88.41453552246094,209.48860135554253
0.01652,-5.469724943007302,-10.116,-88.41453552246094,0.0
0.0177,-5.365721036757302,-8.652,-88.72421264648438,295.7575757579467
0.0177,-5.365721036757302,-8.652,-88.72421264648438,0.0
0.0188799999999999,-5.282530118788552,-7.296,-88.98239135742188,254.40900562848316
0.0188799999999999,-5.282530118788552,-7.296,-88.98239135742188,0.0
0.01416,-5.209715177382302,-6.228,-89.19937133789062,214.28571428600603
0.01416,-5.209715177382302,-6.228,-89.19937133789062,0.0
0.0118,-5.209715177382302,-5.537999999999999,-89.37995910644531,133.20463320474275
0.0118,-5.116117765272927,-5.537999999999999,-89.37995910644531,0.0
0.01475,-5.282530118788552,-5.154,-89.54750061035156,75.82938388618996
0.01475,-5.282530118788552,-5.154,-89.54750061035156,0.0
0.01829,-5.396910001601052,-4.452,-89.69856262207031,118.12216052494702
0.01829,-5.396910001601052,-4.452,-89.69856262207031,0.0
0.0206499999999999,-5.209715177382302,-3.69,-89.82078552246094,154.18858761635653
0.0206499999999999,-5.209715177382302,-3.69,-89.82078552246094,0.0
0.0247799999999999,-5.209715177382302,-2.736,-89.91966247558594,168.9991142603705
0.0247799999999999,-5.209715177382302,-2.736,-89.91966247558594,0.0
0.0236,-5.282530118788552,-0.912,-89.98077392578125,369.5299837924909
0.0236,-5.282530118788552,-0.912,-89.98077392578125,0.0
0.02242,-5.272123624647927,-0.336,-89.99588012695312,111.19691119700258
0.02242,-5.272123624647927,-0.336,-89.99588012695312,0.0
0.02242,-5.261717130507302,-0.018,-90.00137329101562,62.586105097371146
0.02242,-5.261717130507302,-0.018,-90.00137329101562,0.0
0.02183,-5.261717130507302,-0.0059999999999999,-90.00343322753906,2.390438247017881
0.02183,-5.261717130507302,-0.0059999999999999,-90.00343322753906,0.0
0.02183,-5.261717130507302,-0.018,-90.00068664550781,-2.4081878386534927
0.02183,-5.261717130507302,-0.018,-90.00068664550781,0.0
0.02242,-5.261717130507302,-0.0059999999999999,-90.00137329101562,2.2530980097648765
0.02242,-5.261717130507302,-0.0059999999999999,-90.00137329101562,0.0
0.02242,-5.261717130507302,-0.0,-90.00343322753906,1.2033694344157722
0.02242,-5.261717130507302,-0.0,-90.00343322753906,0.0
0.02301,-5.116117765272927,0.0059999999999999,-90.00411987304688,1.1860051393549251
0.02301,-5.116117765272927,0.0059999999999999,-90.00411987304688,0.0
0.02183,-5.032926847304177,0.0059999999999999,-90.00274658203125,0.0
0.02183,-5.261717130507302,-0.0059999999999999,-90.00343322753906,-2.402402402405313
0.02242,-5.053709318007302,-0.0059999999999999,-90.00411987304688,0.0
0.02242,-5.168119718397927,-0.0059999999999999,-90.00137329101562,0.0
0.02183,-5.261717130507302,-0.0239999999999999,-90.00343322753906,-3.592814371258469
0.02183,-5.261717130507302,-0.0239999999999999,-90.00343322753906,0.0
0.02242,-5.136930753554177,-0.0,-90.00411987304688,4.957653377402382
0.02242,-5.136930753554177,-0.0,-90.00411987304688,0.0
0.02242,-5.136930753554177,-0.018,-90.00274658203125,-3.577817531314267
0.02242,-5.136930753554177,-0.018,-90.00274658203125,0.0
0.02242,-5.220121671522927,0.0119999999999999,-90.00274658203125,6.116207951060426
0.02242,-5.220121671522927,0.0119999999999999,-90.00274658203125,0.0
0.02242,-5.209715177382302,-0.0119999999999999,-90.00274658203125,-4.7942469037207545
0.02242,-5.209715177382302,-0.0119999999999999,-90.00274658203125,0.0
0.02242,-5.220121671522927,0.0059999999999999,-90.00411987304688,3.663749236728016
0.02242,-5.220121671522927,0.0059999999999999,-90.00411987304688,0.0
0.02242,-5.251310636366677,0.018,-90.00274658203125,2.4798512089327
0.02242,-5.251310636366677,0.018,-90.00274658203125,0.0
0.02183,-5.261717130507302,0.0119999999999999,-90.00205993652344,-1.2014417300769795
0.02183,-5.261717130507302,0.0119999999999999,-90.00205993652344,0.0
0.02242,-5.251310636366677,-0.0059999999999999,-90.00343322753906,-3.488372093020779
0.02242,-5.251310636366677,-0.0059999999999999,-90.00343322753906,0.0
0.02242,-5.261717130507302,-0.0059999999999999,-89.99931335449219,0.0
0.0241899999999999,-5.251310636366677,0.0059999999999999,-90.00411987304688,2.4067388688315443
0.0241899999999999,-5.251310636366677,0.0059999999999999,-90.00411987304688,0.0
0.03009,-5.261717130507302,0.042,-90.00274658203125,7.404360345532559
0.03009,-5.261717130507302,0.042,-90.00274658203125,0.0
0.0401199999999999,-5.230528165663552,0.102,-90.00343322753906,11.194029850754548
0.0401199999999999,-5.230528165663552,0.102,-90.00343322753906,0.0
0.0536899999999999,-5.261717130507302,0.354,-90.00068664550781,46.10318331505177
0.0536899999999999,-5.261717130507302,0.354,-90.00068664550781,0.0
0.07139,-5.292936612929177,1.026,-89.98214721679688,135.56586645135857
0.07139,-5.292936612929177,1.026,-89.98214721679688,0.0
0.08142,-5.386534025038552,3.096,-89.91622924804688,413.66906474823753
0.08142,-5.386534025038552,3.096,-89.91622924804688,0.0
0.0926299999999999,-5.313719083632302,4.218,-89.80293273925781,224.0415335461614
0.0926299999999999,-5.313719083632302,4.218,-89.80293273925781,0.0
0.09086,-5.386534025038552,6.9,-89.62234497070312,598.3935742977392
0.09086,-5.386534025038552,6.9,-89.62234497070312,0.0
0.0778799999999999,-5.324125577772927,8.988000000000001,-89.35523986816406,418.0180180185316
0.0778799999999999,-5.324125577772927,8.988000000000001,-89.35523986816406,0.0
0.0820099999999999,-5.261717130507302,9.6,-89.06959533691406,124.36496646997234
0.0820099999999999,-5.261717130507302,9.6,-89.06959533691406,0.0
0.0743399999999999,-5.209715177382302,10.05,-88.75099182128906,91.9681177190066
0.0743399999999999,-5.209715177382302,10.05,-88.75099182128906,0.0
0.07139,-5.209715177382302,10.182,-88.40423583984375,25.92810842667045
0.07139,-5.209715177382302,10.182,-88.40423583984375,0.0
0.0755199999999999,-5.282530118788552,10.662,-88.05130004882812,95.3326713007696
0.0755199999999999,-5.282530118788552,10.662,-88.05130004882812,0.0
0.07906,-5.334532071913552,11.508,-87.69424438476562,176.39699749795457
0.07906,-5.334532071913552,11.508,-87.69424438476562,0.0
0.08555,-5.313719083632302,12.858,-87.30354309082031,281.4845704754603
0.08555,-5.313719083632302,12.858,-87.30354309082031,0.0
0.0890899999999999,-5.365721036757302,14.352,-86.88194274902344,314.9241146719541
0.0890899999999999,-5.365721036757302,14.352,-86.88194274902344,0.0
0.0867299999999999,-5.313719083632302,15.222,-86.39236450195312,181.9322459225267
0.0867299999999999,-5.313719083632302,15.222,-86.39236450195312,0.0
0.08319,-5.261717130507302,15.971999999999998,-85.88699340820312,150.6326571603252
0.08319,-5.261717130507302,15.971999999999998,-85.88699340820312,0.0
0.08142,-5.386534025038552,17.262,-85.36033630371094,262.46185147448386
0.08142,-5.386534025038552,17.262,-85.36033630371094,0.0
0.0867299999999999,-5.292936612929177,17.952,-84.79110717773438,137.5049820647695
0.0867299999999999,-5.292936612929177,17.952,-84.79110717773438,0.0
0.0885,-5.230528165663552,18.588,-84.19235229492188,125.79113924060135
0.0885,-5.230528165663552,18.588,-84.19235229492188,0.0
0.08142,-5.386534025038552,19.860000000000003,-83.61351013183594,258.6417242779766
0.08142,-5.386534025038552,19.860000000000003,-83.61351013183594,0.0
0.0796499999999999,-5.365721036757302,20.946,-82.91519165039062,225.45152584583383
0.0796499999999999,-5.365721036757302,20.946,-82.91519165039062,0.0
0.08378,-5.230528165663552,21.768,-82.21549987792969,168.09815950909334
0.08378,-5.230528165663552,21.768,-82.21549987792969,0.0
0.08732,-5.448911954726052,22.896,-81.52610778808594,233.44370860890936
0.08732,-5.448911954726052,22.896,-81.52610778808594,0.0
0.08142,-5.303312589491677,23.556,-80.7659912109375,131.29102844643293
0.08142,-5.303312589491677,23.556,-80.7659912109375,0.0
0.08968,-5.521726896132302,24.684,-80.00999450683594,227.51109318264247
0.08968,-5.521726896132302,24.684,-80.00999450683594,0.0
0.0820099999999999,-5.209715177382302,25.944000000000003,-79.17091369628906,254.5968882597133
0.0820099999999999,-5.209715177382302,25.944000000000003,-79.17091369628906,0.0
0.09322,-5.334532071913552,26.97,-78.35105895996094,215.13944223125415
0.09322,-5.334532071913552,26.97,-78.35105895996094,0.0
0.09204,-5.209715177382302,27.96,-77.46185302734375,197.60479041921624
0.09204,-5.209715177382302,27.96,-77.46185302734375,0.0
0.08378,-5.282530118788552,28.644,-76.51908874511719,125.22885389980055
0.08378,-5.282530118788552,28.644,-76.51908874511719,0.0
0.08378,-5.136930753554177,29.58,-75.61203002929688,186.2315957023158
0.08378,-5.136930753554177,29.58,-75.61203002929688,0.0
0.09558,-5.303312589491677,30.750000000000004,-74.64317321777344,239.85239852373823
0.09558,-5.303312589491677,30.750000000000004,-74.64317321777344,0.0
0.08614,-5.136930753554177,31.662,-73.60771179199219,184.13082980010427
0.08614,-5.136930753554177,31.662,-73.60771179199219,0.0
0.08496,-5.043333341444802,32.682,-72.59902954101562,208.03589639001817
0.08496,-5.043333341444802,32.682,-72.59902954101562,0.0
0.0843699999999999,-5.168119718397927,33.690000000000005,-71.50245666503906,193.7343840094301
0.0843699999999999,-5.168119718397927,33.690000000000005,-71.50245666503906,0.0
0.08555,-5.064115812147927,34.704,-70.40382385253906,188.4408102578228
0.08555,-5.064115812147927,34.704,-70.40382385253906,0.0
0.0926299999999999,-5.074522306288552,35.388,-69.33059692382812,136.85474189674446
0.0926299999999999,-5.074522306288552,35.388,-69.33059692382812,0.0
0.0843699999999999,-4.856107999647927,36.48,-68.14064025878906,213.2396016401963
0.0843699999999999,-4.856107999647927,36.48,-68.14064025878906,0.0
0.09558,-5.313719083632302,37.626,-66.97265625,229.1083566577768
0.09558,-5.313719083632302,37.626,-66.97265625,0.0
0.0926299999999999,-4.783323575819802,38.556,-65.7586669921875,182.4602707472713
0.0926299999999999,-4.783323575819802,38.556,-65.7586669921875,0.0
0.0885,-4.928922941054177,39.06,-64.50279235839844,101.1235955057566
0.0885,-4.928922941054177,39.06,-64.50279235839844,0.0
0.08732,-4.856107999647927,39.456,-63.25721740722656,76.95297318289748
0.08732,-4.856107999647927,39.456,-63.25721740722656,0.0
0.08496,-5.178526212538552,39.354000000000006,-61.97181701660156,-20.347097546357404
0.08496,-5.178526212538552,39.354000000000006,-61.97181701660156,0.0
0.0820099999999999,-5.178526212538552,39.33,-60.71250915527343,-4.7132757266271765
0.0820099999999999,-4.533720304335427,39.33,-60.71250915527343,0.0
0.0767,-4.336118985976052,39.3,-59.41268920898438,-6.003602161293369
0.0767,-4.336118985976052,39.3,-59.41268920898438,0.0
0.07847,-4.336118985976052,39.216,-58.15475463867187,-14.59093277748081
0.07847,-4.523313810194802,39.216,-58.15475463867187,0.0
0.0796499999999999,-4.232115079726052,39.36,-56.87347412109375,28.88086642597868
0.0796499999999999,-4.232115079726052,39.36,-56.87347412109375,0.0
0.0825999999999999,-4.232115079726052,39.336,-55.614166259765625,-4.274265360636795
0.0825999999999999,-4.273710538710427,39.336,-55.614166259765625,0.0
0.08378,-4.492124845351052,39.504,-54.32464599609375,33.33994840248406
0.08378,-4.492124845351052,39.504,-54.32464599609375,0.0
0.08378,-4.502531339491677,39.336,-53.10585021972656,-35.264483627139846
0.08378,-4.502531339491677,39.336,-53.10585021972656,0.0
0.0778799999999999,-4.159330655897927,39.264,-51.80397033691406,-14.457831325290702
0.0778799999999999,-4.159330655897927,39.264,-51.80397033691406,0.0
0.07316,-4.252928068007302,39.36,-50.51582336425781,15.836357637742717
0.07316,-4.252928068007302,39.36,-50.51582336425781,0.0
0.07316,-4.388120939101052,39.306,-49.273681640625,-10.739856801918656
0.07316,-4.388120939101052,39.306,-49.273681640625,0.0
0.0743399999999999,-3.774534513319802,39.15,-48.03565979003906,-28.477546549853468
0.0743399999999999,-3.774534513319802,39.15,-48.03565979003906,0.0
0.07375,-3.732908536757302,39.516,-46.78459167480469,72.4465558193874
0.07375,-3.732908536757302,39.516,-46.78459167480469,0.0
0.06785,-3.732908536757302,39.492,-45.49095153808594,-4.74965367108314
0.06785,-4.076109220351052,39.492,-45.49095153808594,0.0
0.07139,-3.608122159804177,39.396,-44.2474365234375,-18.345117523394308
0.07139,-3.608122159804177,39.396,-44.2474365234375,0.0
0.0672599999999999,-3.774534513319802,39.396,-43.00254821777344,0.0
0.0672599999999999,-3.816129972304177,39.318,-41.754913330078125,-15.433320142458264
0.0672599999999999,-3.816129972304177,39.318,-41.754913330078125,0.0
0.07021,-3.712126066054177,39.258,-40.4681396484375,-11.822660098509456
0.07021,-3.712126066054177,39.258,-40.4681396484375,0.0
0.06844,-3.462522794569802,39.132000000000005,-39.1937255859375,-25.661914460234915
0.06844,-3.462522794569802,39.132000000000005,-39.1937255859375,0.0
0.06903,-3.431333829726052,39.27,-37.94197082519531,27.251184834099185
0.06903,-3.431333829726052,39.27,-37.94197082519531,0.0
0.06608,-3.597715665663552,39.132000000000005,-36.72248840332031,-23.212783851987925
0.06608,-3.597715665663552,39.132000000000005,-36.72248840332031,0.0
0.06903,-3.275327970351052,39.324,-35.437774658203125,37.07279397568204
0.06903,-3.275327970351052,39.324,-35.437774658203125,0.0
0.06667,-3.275327970351052,39.246,-34.15924072265625,-15.49155908637422
0.06667,-3.067320157851052,39.246,-34.15924072265625,0.0
0.0672599999999999,-3.233732511366677,39.114,-32.949371337890625,-26.1075949367296
0.0672599999999999,-3.233732511366677,39.114,-32.949371337890625,0.0
0.06608,-2.942533780897927,39.252,-31.692123413085938,27.49003984062863
0.06608,-2.942533780897927,39.252,-31.692123413085938,0.0
0.0654899999999999,-2.744932462538552,39.228,-30.436248779296875,-4.776119402982036
0.0654899999999999,-2.744932462538552,39.228,-30.436248779296875,0.0
0.0648999999999999,-2.765714933241677,39.378,-29.13436889648437,29.922202274055675
0.0648999999999999,-2.765714933241677,39.378,-29.13436889648437,0.0
0.06077,-2.807310392226052,39.222,-27.850341796875,-30.983118172837298
0.06077,-2.807310392226052,39.222,-27.850341796875,0.0
0.06195,-2.464109708632302,38.994,-26.5869140625,-43.42857142865824
0.06195,-2.464109708632302,38.994,-26.5869140625,0.0
0.0572299999999999,-2.370512296522927,39.198,-25.30975341796875,40.7266919544727
0.0572299999999999,-2.370512296522927,39.198,-25.30975341796875,0.0
0.059,-2.578520109022927,39.282,-24.096450805664062,16.796640671840866
0.059,-2.578520109022927,39.282,-24.096450805664062,0.0
0.0548699999999999,-2.204130460585427,39.156,-22.813796997070312,-25.408348457352407
0.0548699999999999,-2.204130460585427,39.156,-22.813796997070312,0.0
0.0530999999999999,-2.068937589491677,39.264,-21.533203125,21.27659574467108
0.0530999999999999,-2.068937589491677,39.264,-21.533203125,0.0
0.0536899999999999,-1.933714200819802,39.276,-20.30479431152344,2.293577981648585
0.0536899999999999,-1.933714200819802,39.276,-20.30479431152344,0.0
0.0542799999999999,-1.756925870741677,39.246,-19.002914428710938,-6.045949214019364
0.0542799999999999,-1.756925870741677,39.246,-19.002914428710938,0.0
0.0495599999999999,-1.725736905897927,39.234,-17.747726440429688,-2.4237527772141334
0.0495599999999999,-1.725736905897927,39.234,-17.747726440429688,0.0
0.0519199999999999,-1.548918058241677,39.03,-16.463699340820312,-39.11042944782043
0.0519199999999999,-1.548918058241677,39.03,-16.463699340820312,0.0
0.05782,-1.580137540663552,39.012,-15.189971923828123,-3.638568829592826
0.05782,-1.580137540663552,39.012,-15.189971923828123,0.0
0.0548699999999999,-1.372129728163552,39.138,-13.9306640625,25.793244626398536
0.0548699999999999,-1.372129728163552,39.138,-13.9306640625,0.0
0.0507399999999999,-1.247312833632302,39.312,-12.641830444335938,34.82786228989213
0.0507399999999999,-1.247312833632302,39.312,-12.641830444335938,0.0
0.05251,-1.340910245741677,39.102,-11.405868530273438,-37.73584905657504
0.05251,-1.340910245741677,39.102,-11.405868530273438,0.0
0.04602,-1.028929044569802,39.102,-10.09918212890625,0.0
0.04425,-0.924925138319802,39.132000000000005,-8.806915283203125,6.072874493922857
0.04425,-0.924925138319802,39.132000000000005,-8.806915283203125,0.0
0.04366,-0.852110196913552,39.306,-7.536621093750001,32.408269696393404
0.04366,-0.852110196913552,39.306,-7.536621093750001,0.0
0.04248,-0.768919278944802,39.162,-6.2532806396484375,-30.9344790547819
0.04248,-0.768919278944802,39.162,-6.2532806396484375,0.0
0.04661,-0.664915372694802,38.868,-4.931488037109375,-58.3217615551813
0.04661,-0.664915372694802,38.868,-4.931488037109375,0.0
0.04366,-0.602537443007302,38.940000000000005,-3.71337890625,14.311270125217186
0.04366,-0.602537443007302,38.940000000000005,-3.71337890625,0.0
0.0472,-0.592130948866677,39.156,-2.4533843994140625,42.89970208534508
0.0472,-0.592130948866677,39.156,-2.4533843994140625,0.0
0.0401199999999999,-0.155332853163552,39.18599999999999,-1.13983154296875,5.992808629649801
0.0401199999999999,-0.155332853163552,39.18599999999999,-1.13983154296875,0.0
0.0377599999999999,-0.207334806288552,39.156,0.13458251953125,-5.599104143334819
0.0377599999999999,-0.207334806288552,39.156,0.13458251953125,0.0
0.04307,-0.176115323866677,39.042,1.3410186767578125,-22.222222222247307
0.04307,-0.176115323866677,39.042,1.3410186767578125,0.0
0.03835,0.0526749593364479,39.066,2.6250457763671875,4.7571853320162925
0.03835,0.0526749593364479,39.066,2.6250457763671875,0.0
0.0359899999999999,0.1774918538676979,39.318,3.884353637695313,50.72463768110549
0.0359899999999999,0.1774918538676979,39.318,3.884353637695313,0.0
0.0336299999999999,0.2398697835551979,39.06,5.1642608642578125,-50.6378802748063
0.0336299999999999,0.2398697835551979,39.06,5.1642608642578125,0.0
0.0324499999999999,0.3334671956645729,38.718,6.44073486328125,-73.67514002578666
0.0324499999999999,0.3334671956645729,38.718,6.44073486328125,0.0
0.0336299999999999,0.4686905843364479,38.868,7.694549560546876,29.245466952641404
0.0336299999999999,0.4686905843364479,38.868,7.694549560546876,0.0
0.03422,0.541475008164573,39.138,8.93463134765625,52.64184051475425
0.03422,0.541475008164573,39.138,8.93463134765625,0.0
0.03186,0.541475008164573,39.18,10.259857177734377,7.653061224490483
0.03186,0.666291902695823,39.18,10.259857177734377,0.0
0.0259599999999999,0.759889314805198,39.00000000000001,11.506805419921877,-36.283007458212914
0.0259599999999999,0.759889314805198,39.00000000000001,11.506805419921877,0.0
0.02891,0.884675691758323,39.012,12.781906127929688,2.301495972376633
0.02891,0.884675691758323,39.012,12.781906127929688,0.0
0.03009,0.967866609727073,39.012,14.051513671875,0.0
0.02891,1.061464021836448,39.276,15.310821533203123,49.72687888480889
0.02891,1.061464021836448,39.276,15.310821533203123,0.0
0.0259599999999999,1.238282869492698,39.054,16.600341796875,-45.66022213078426
0.0259599999999999,1.238282869492698,39.054,16.600341796875,0.0
0.02891,1.238282869492698,38.88,17.874069213867188,-35.27980535282223
0.02891,1.238282869492698,38.88,17.874069213867188,0.0
0.0259599999999999,1.425477693711448,39.078,19.090805053710938,38.216560509499416
0.0259599999999999,1.425477693711448,39.078,19.090805053710938,0.0
0.0271399999999999,1.591890047227073,39.15,20.342559814453125,14.356929212361427
0.0271399999999999,1.591890047227073,39.15,20.342559814453125,0.0
0.02301,1.612672517930198,39.276,21.65130615234375,24.451775664628748
0.02301,1.612672517930198,39.276,21.65130615234375,0.0
0.02242,1.737489412461448,38.802,22.940826416015625,-93.86138613866828
0.02242,1.737489412461448,38.802,22.940826416015625,0.0
0.02242,1.935090730820823,38.868,24.16717529296875,13.552361396273714
0.02242,1.935090730820823,38.868,24.16717529296875,0.0
0.02183,1.935090730820823,39.078,25.406570434570312,42.46713852382848
0.02183,1.935090730820823,39.078,25.406570434570312,0.0
0.02124,2.007875154648948,39.246,26.696090698242188,34.1255332114208
0.02124,2.007875154648948,39.246,26.696090698242188,0.0
0.01416,2.007875154648948,38.98800000000001,28.01376342773437,-51.817634063151104
0.01416,2.257478426133323,38.98800000000001,28.01376342773437,0.0
0.01652,2.288667390977073,38.946,29.286117553710938,-8.421896932025254
0.01652,2.288667390977073,38.946,29.286117553710938,0.0
0.01593,2.288667390977073,38.952,30.53306579589844,1.183431952661959
0.01593,2.288667390977073,38.952,30.53306579589844,0.0
0.01711,2.527864168320823,39.174,31.75186157226562,45.26916802600489
0.01711,2.527864168320823,39.174,31.75186157226562,0.0
0.01121,2.631868074570823,39.234,33.03314208984375,12.279983626691331
0.01121,2.631868074570823,39.234,33.03314208984375,0.0
0.01416,2.621492098008323,38.91,34.31304931640625,-65.74675324685444
0.01416,2.621492098008323,38.91,34.31304931640625,0.0
0.0118,2.808686922227073,38.928,35.58746337890625,3.674219228418108
0.0118,2.808686922227073,38.928,35.58746337890625,0.0
0.0135699999999999,2.871064851914573,39.120000000000005,36.86668395996094,38.86639676109708
0.0135699999999999,2.871064851914573,39.120000000000005,36.86668395996094,0.0
0.0123899999999999,2.871064851914573,39.258,38.140411376953125,27.53391859532795
0.0123899999999999,2.871064851914573,39.258,38.140411376953125,0.0
0.01121,2.787873933945823,38.88,39.442291259765625,-74.19038272820588
0.01121,2.787873933945823,38.88,39.442291259765625,0.0
0.01121,2.787873933945823,38.964,40.7208251953125,15.981735159808048
0.01121,3.016664217148948,38.964,40.7208251953125,0.0
0.0094399999999999,3.193483064805198,39.006,41.9732666015625,8.058326937835734
0.0094399999999999,3.193483064805198,39.006,41.9732666015625,0.0
0.01062,3.068666170273948,39.27,43.17970275878906,47.904191616780125
0.01062,3.068666170273948,39.27,43.17970275878906,0.0
0.0047199999999999,3.567872713242698,39.198,44.50973510742188,-14.322657648702313
0.0047199999999999,3.567872713242698,39.198,44.50973510742188,0.0
0.0059,3.567872713242698,38.958,45.78620910644531,-45.40295119184395
0.0059,3.619874666367698,38.958,45.78620910644531,0.0
0.0059,3.505464265977073,38.964,47.031097412109375,1.18017309205435
0.0059,3.505464265977073,38.964,47.031097412109375,0.0
0.00767,3.505464265977073,39.078,48.23822021484375,22.427700177065788
0.00767,3.744691560898948,39.078,48.23822021484375,0.0
0.00354,3.682283113633323,39.246,49.54902648925781,33.80961964176074
0.00354,3.682283113633323,39.246,49.54902648925781,0.0
0.0023599999999999,3.703065584336448,39.018,50.82550048828125,-44.67084639495938
0.0023599999999999,3.703065584336448,39.018,50.82550048828125,0.0
0.00413,3.599092195664573,38.676,52.09236145019531,-67.88408098453105
0.00413,3.599092195664573,38.676,52.09236145019531,0.0
0.0047199999999999,3.807069490586448,38.958,53.34480285644531,55.80843063522408
0.0047199999999999,3.807069490586448,38.958,53.34480285644531,0.0
0.00177,3.786287019883323,39.27,54.56634521484375,61.55060169651535
0.00177,3.786287019883323,39.27,54.56634521484375,0.0
0.00295,3.723878572617698,39.036,55.84968566894531,-46.72523961671206
0.00295,3.723878572617698,39.036,55.84968566894531,0.0
0.00177,4.087892244492698,38.874,57.10762023925781,-33.00061112244257
0.00177,4.087892244492698,38.874,57.10762023925781,0.0
0.0023599999999999,4.181489656602073,39.018,58.35662841796875,28.318584070750347
0.0023599999999999,4.181489656602073,39.018,58.35662841796875,0.0
0.0023599999999999,4.181489656602073,39.108,59.61936950683594,16.534999081389348
0.0023599999999999,4.067079256211448,39.108,59.61936950683594,0.0
-0.0,4.441468904648948,39.264,60.86700439453125,30.72680716958952
-0.0,4.441468904648948,39.264,60.86700439453125,0.0
-0.0005899999999999,4.441468904648948,39.048,62.14485168457031,-41.40310523287836
-0.0005899999999999,4.462281892930198,39.048,62.14485168457031,0.0
0.00177,4.285463045273948,38.748,63.40965270996093,-61.16207951078254
0.00177,4.285463045273948,38.748,63.40965270996093,0.0
-0.0,4.379090974961448,38.682,64.610595703125,-13.309134906231533
-0.0,4.379090974961448,38.682,64.610595703125,0.0
-0.0005899999999999,4.503877351914573,38.232,65.90629577636719,-90.89072914578804
-0.0005899999999999,4.503877351914573,38.232,65.90629577636719,0.0
-0.0023599999999999,4.503877351914573,36.978,67.10243225097656,-247.23974763414645
-0.0023599999999999,4.503877351914573,36.978,67.10243225097656,0.0
-0.0,4.410279939805198,35.766,68.28758239746094,-240.9063804411475
-0.0,4.410279939805198,35.766,68.28758239746094,0.0
-0.0,4.410279939805198,35.13,69.46380615234375,-114.32680208530576
-0.0,4.535066316758323,35.13,69.46380615234375,0.0
-0.0,4.379090974961448,34.176,70.55900573730469,-189.58664546900133
-0.0,4.379090974961448,34.176,70.55900573730469,0.0
-0.00177,4.722291658555198,33.504,71.67137145996094,-136.14262560776064
-0.00177,4.722291658555198,33.504,71.67137145996094,0.0
-0.0059,4.722291658555198,32.538,72.77961730957031,-191.51467089618845
-0.0059,4.722291658555198,32.538,72.77961730957031,0.0
-0.0023599999999999,4.566285799180198,31.038,73.75396728515625,-306.49775234935936
-0.0023599999999999,4.566285799180198,31.038,73.75396728515625,0.0
-0.00413,4.743074129258323,30.18,74.77706909179688,-164.52540747865984
-0.00413,4.743074129258323,30.18,74.77706909179688,0.0
-0.00295,4.545472810898948,29.298,75.75965881347656,-176.96629213456805
-0.00295,4.545472810898948,29.298,75.75965881347656,0.0
-0.00531,4.805482576523948,28.62,76.66877746582031,-134.41712926254152
-0.00531,4.805482576523948,28.62,76.66877746582031,0.0
-0.0047199999999999,4.670289705430198,27.468,77.58201599121094,-225.749559083282
-0.0047199999999999,4.670289705430198,27.468,77.58201599121094,0.0
-0.00826,4.847078035508323,26.364,78.48838806152344,-212.88083301216832
-0.00826,4.847078035508323,26.364,78.48838806152344,0.0
-0.00767,4.670289705430198,25.344,79.29450988769531,-202.42111530079688
-0.00767,4.670289705430198,25.344,79.29450988769531,0.0
-0.0100299999999999,4.847078035508323,24.606,80.145263671875,-151.16755428074873
-0.0100299999999999,4.847078035508323,24.606,80.145263671875,0.0
-0.00767,4.878267000352073,23.328000000000003,80.9033203125,-269.3929173691776
-0.00767,4.878267000352073,23.328000000000003,80.9033203125,0.0
-0.0094399999999999,4.847078035508323,22.59,81.66206359863281,-154.91183879111347
-0.0094399999999999,4.847078035508323,22.59,81.66206359863281,0.0
-0.01062,4.909486482773948,21.576,82.35969543457031,-208.2990961379642
-0.01062,4.909486482773948,21.576,82.35969543457031,0.0
-0.0094399999999999,4.743074129258323,20.844,83.03398132324219,-156.01023017883875
-0.0094399999999999,4.743074129258323,20.844,83.03398132324219,0.0
-0.01475,4.899079988633323,19.656,83.73435974121094,-233.85826771623047
-0.01475,4.899079988633323,19.656,83.73435974121094,0.0
-0.01475,4.899079988633323,18.06,84.32212829589844,-323.46980137874573
-0.01475,4.899079988633323,18.06,84.32212829589844,0.0
-0.00885,4.680665681992698,17.388,84.89204406738281,-132.33556518320825
-0.00885,4.680665681992698,17.388,84.89204406738281,0.0
-0.01416,4.899079988633323,16.590000000000003,85.44685363769531,-167.68228619432946
-0.01416,4.899079988633323,16.590000000000003,85.44685363769531,0.0
-0.0135699999999999,4.847078035508323,15.516,85.94947814941406,-215.74929690664217
-0.0135699999999999,4.847078035508323,15.516,85.94947814941406,0.0
-0.0135699999999999,4.722291658555198,14.652,86.44660949707031,-175.25354969568167
-0.0135699999999999,4.722291658555198,14.652,86.44660949707031,0.0
-0.01416,4.826265047227073,13.98,86.91078186035156,-128.90849798586157
-0.01416,4.826265047227073,13.98,86.91078186035156,0.0
-0.0188799999999999,4.878267000352073,12.81,87.34748840332031,-230.49645390059464
-0.0188799999999999,4.878267000352073,12.81,87.34748840332031,0.0
-0.01534,4.857484529648948,11.424,87.72651672363281,-274.7274529239307
-0.01534,4.857484529648948,11.424,87.72651672363281,0.0
-0.0129799999999999,4.847078035508323,10.584,88.07533264160156,-165.68047337266796
-0.0129799999999999,4.847078035508323,10.584,88.07533264160156,0.0
-0.0177,4.743074129258323,10.164,88.40217590332031,-81.20649651969438
-0.0177,4.743074129258323,10.164,88.40217590332031,0.0
-0.01652,4.899079988633323,9.084,88.72283935546875,-209.30232558124908
-0.01652,4.899079988633323,9.084,88.72283935546875,0.0
-0.0194699999999999,4.899079988633323,7.571999999999999,89.00505065917969,-280.72781284804955
-0.0194699999999999,4.899079988633323,7.571999999999999,89.00505065917969,0.0
-0.01416,4.951081941758323,6.222,89.24057006835938,-269.838097141602
-0.01416,4.951081941758323,6.222,89.24057006835938,0.0
-0.0123899999999999,4.951081941758323,5.316,89.41978454589844,-162.83249460841296
-0.0123899999999999,4.899079988633323,5.316,89.41978454589844,0.0
-0.01416,4.899079988633323,4.5120000000000005,89.57496643066406,-159.65051628263598
-0.01416,4.899079988633323,4.5120000000000005,89.57496643066406,0.0
-0.01534,4.899079988633323,3.828,89.71023559570312,-146.78111587979006
-0.01534,4.899079988633323,3.828,89.71023559570312,0.0
-0.0188799999999999,4.899079988633323,3.054,89.82765197753906,-157.02982349347607
-0.0188799999999999,4.899079988633323,3.054,89.82765197753906,0.0
-0.01475,4.899079988633323,1.7519999999999998,89.89631652832031,-262.2884770345925
-0.01475,4.899079988633323,1.7519999999999998,89.89631652832031,0.0
-0.01652,4.878267000352073,1.218,89.94369506835938,-107.27199678567747
-0.01652,4.878267000352073,1.218,89.94369506835938,0.0
-0.01829,4.847078035508323,0.66,89.97871398925781,-112.0706969272822
-0.01829,4.847078035508323,0.66,89.97871398925781,0.0
-0.01829,4.857484529648948,0.252,89.98970031738281,-80.74411240841032
-0.01829,4.857484529648948,0.252,89.98970031738281,0.0
-0.01711,4.857484529648948,0.132,89.99588012695312,-24.30133657353286
-0.01711,4.857484529648948,0.132,89.99588012695312,0.0
-0.0177,4.847078035508323,0.066,89.99931335449219,-13.26899879371604
-0.0177,4.847078035508323,0.066,89.99931335449219,0.0
-0.01829,4.847078035508323,0.0479999999999999,90.00068664550781,-3.6334275333079775
-0.01829,4.847078035508323,0.0479999999999999,90.00068664550781,0.0
-0.01829,4.847078035508323,0.0059999999999999,89.99862670898438,-8.517542080715351
-0.01829,4.847078035508323,0.0059999999999999,89.99862670898438,0.0
-0.0188799999999999,4.847078035508323,0.0119999999999999,90.00205993652344,1.2043356081899013
-0.0188799999999999,4.847078035508323,0.0119999999999999,90.00205993652344,0.0
-0.01829,4.847078035508323,0.018,90.00274658203125,1.2589173310980817
-0.01829,4.847078035508323,0.018,90.00274658203125,0.0
-0.0194699999999999,4.847078035508323,0.0059999999999999,90.00411987304688,-2.4115755627013704
-0.0194699999999999,4.847078035508323,0.0059999999999999,90.00411987304688,0.0
-0.0188799999999999,4.847078035508323,0.0119999999999999,90.00480651855469,1.2332990750232993
-0.0188799999999999,4.847078035508323,0.0119999999999999,90.00480651855469,0.0
-0.01829,4.867891023789573,0.0059999999999999,90.0,-1.1661807580145334
-0.01829,4.867891023789573,0.0059999999999999,90.0,0.0
-0.0188799999999999,4.857484529648948,0.0119999999999999,90.00411987304688,1.2009607686135573
-0.0188799999999999,4.857484529648948,0.0119999999999999,90.00411987304688,0.0
-0.0188799999999999,4.857484529648948,0.03,90.00411987304688,3.5820895522364107
-0.0188799999999999,4.857484529648948,0.03,90.00411987304688,0.0
-0.0188799999999999,4.847078035508323,-0.0,90.00205993652344,-6.081491992709506
-0.0188799999999999,4.847078035508323,-0.0,90.00205993652344,0.0
-0.0177,4.847078035508323,-0.0,90.00686645507812,0.0
-0.01829,4.847078035508323,0.0119999999999999,90.00274658203125,2.374826835548139
-0.01829,4.847078035508323,0.0119999999999999,90.00274658203125,0.0
-0.0200599999999999,4.857484529648948,-0.0059999999999999,90.00274658203125,-3.4789331271765263
-0.0200599999999999,4.857484529648948,-0.0059999999999999,90.00274658203125,0.0
-0.0206499999999999,4.847078035508323,0.0059999999999999,90.0054931640625,2.3814248858916898
-0.0206499999999999,4.847078035508323,0.0059999999999999,90.0054931640625,0.0
-0.0200599999999999,4.847078035508323,0.0059999999999999,90.00274658203125,0.0
-0.0200599999999999,4.857484529648948,0.0059999999999999,90.00343322753906,0.0
-0.0206499999999999,4.857484529648948,0.0239999999999999,90.0054931640625,3.5629453681665963
-0.0206499999999999,4.857484529648948,0.0239999999999999,90.0054931640625,0.0
-0.0253699999999999,4.847078035508323,-0.03,90.00480651855469,-10.756972111549905
-0.0253699999999999,4.847078035508323,-0.03,90.00480651855469,0.0
-0.0359899999999999,4.847078035508323,-0.0239999999999999,90.00480651855469,1.2190166598959988
-0.0359899999999999,4.847078035508323,-0.0239999999999999,90.00480651855469,0.0
-0.0495599999999999,4.857484529648948,-0.27,90.00205993652344,-49.20984196841361
-0.0495599999999999,4.857484529648948,-0.27,90.00205993652344,0.0
-0.06844,4.857484529648948,-0.8520000000000001,89.99176025390625,-118.07668898346652
-0.06844,4.899079988633323,-0.8520000000000001,89.99176025390625,0.0
-0.08614,4.899079988633323,-2.358,89.94369506835938,-302.2882376556652
-0.08614,4.899079988633323,-2.358,89.94369506835938,0.0
-0.0802399999999999,5.003083894883323,-4.782,89.82627868652344,-389.0850722310036
-0.0802399999999999,5.003083894883323,-4.782,89.82627868652344,0.0
-0.0796499999999999,4.899079988633323,-6.96,89.62715148925781,-433.7781318463083
-0.0796499999999999,4.899079988633323,-6.96,89.62715148925781,0.0
-0.08614,4.899079988633323,-8.646,89.36622619628906,-343.4508046446823
-0.08614,4.899079988633323,-8.646,89.36622619628906,0.0
-0.0719799999999999,4.847078035508323,-9.234,89.07028198242188,-118.54838709684653
-0.0719799999999999,4.847078035508323,-9.234,89.07028198242188,0.0
-0.07375,4.847078035508323,-9.726,88.76060485839844,-96.31949882524022
-0.07375,5.023866365586448,-9.726,88.76060485839844,0.0
-0.08555,4.992677400742698,-10.128,88.43856811523438,-80.56112224461349
-0.08555,4.992677400742698,-10.128,88.43856811523438,0.0
-0.0926299999999999,4.857484529648948,-10.608,88.09867858886719,-95.77015163592468
-0.0926299999999999,4.857484529648948,-10.608,88.09867858886719,0.0
-0.0914499999999999,5.023866365586448,-12.132,87.73338317871094,-309.9450884690923
-0.0914499999999999,5.023866365586448,-12.132,87.73338317871094,0.0
-0.0796499999999999,5.138276765977073,-13.398,87.33100891113281,-254.37010247153805
-0.0796499999999999,5.138276765977073,-13.398,87.33100891113281,0.0
-0.08732,4.971864412461448,-14.166,86.87370300292969,-144.11709513971337
-0.08732,4.971864412461448,-14.166,86.87370300292969,0.0
-0.07906,4.847078035508323,-14.796,86.38961791992188,-126.17664730625594
-0.07906,4.847078035508323,-14.796,86.38961791992188,0.0
-0.0867299999999999,5.034272859727073,-16.05,85.92201232910156,-249.3041749500519
-0.0867299999999999,5.034272859727073,-16.05,85.92201232910156,0.0
-0.08083,5.023866365586448,-17.154,85.35690307617188,-221.2868310284925
-0.08083,5.023866365586448,-17.154,85.35690307617188,0.0
-0.0796499999999999,4.971864412461448,-17.837999999999997,84.80690002441406,-138.18181818199096
-0.0796499999999999,4.971864412461448,-17.837999999999997,84.80690002441406,0.0
-0.08555,4.982270906602073,-18.558,84.22050476074219,-146.2522851918046
-0.08555,4.982270906602073,-18.558,84.22050476074219,0.0
-0.0890899999999999,5.023866365586448,-19.788,83.6004638671875,-248.2341069621836
-0.0890899999999999,5.023866365586448,-19.788,83.6004638671875,0.0
-0.08319,4.961488435898948,-20.418,82.94952392578125,-127.78904665346928
-0.08319,4.961488435898948,-20.418,82.94952392578125,0.0
-0.08496,5.044679353867698,-21.414,82.23884582519531,-187.53530408614773
-0.08496,5.044679353867698,-21.414,82.23884582519531,0.0
-0.08142,4.951081941758323,-22.704000000000004,81.55220031738281,-245.3871029103922
-0.08142,4.951081941758323,-22.704000000000004,81.55220031738281,0.0
-0.09322,4.951081941758323,-23.55,80.77629089355469,-164.3037483005459
-0.09322,4.847078035508323,-23.55,80.77629089355469,0.0
-0.0938099999999999,5.023866365586448,-24.69,80.02304077148438,-224.8520710057638
-0.0938099999999999,5.023866365586448,-24.69,80.02304077148438,0.0
-0.0867299999999999,5.023866365586448,-25.416,79.18739318847656,-145.43269230765017
-0.0867299999999999,4.836671541367698,-25.416,79.18739318847656,0.0
-0.0825999999999999,5.023866365586448,-26.664,78.34487915039062,-247.86494538270048
-0.0825999999999999,5.023866365586448,-26.664,78.34487915039062,0.0
-0.08319,4.951081941758323,-27.558000000000003,77.45429992675781,-159.07473309587323
-0.08319,4.951081941758323,-27.558000000000003,77.45429992675781,0.0
-0.08378,5.055085848008323,-28.278,76.54243469238281,-144.08645187103446
-0.08378,5.055085848008323,-28.278,76.54243469238281,0.0
-0.08791,5.055085848008323,-29.214,75.62164306640625,-170.95890410946052
-0.08791,4.888673494492698,-29.214,75.62164306640625,0.0
-0.09558,5.023866365586448,-30.576,74.64935302734375,-273.3293196871696
-0.09558,5.023866365586448,-30.576,74.64935302734375,0.0
-0.0867299999999999,4.857484529648948,-31.434,73.66195678710938,-158.77128053297886
-0.0867299999999999,4.857484529648948,-31.434,73.66195678710938,0.0
-0.0902699999999999,4.899079988633323,-32.532000000000004,72.64366149902344,-221.0144927533928
-0.0902699999999999,4.899079988633323,-32.532000000000004,72.64366149902344,0.0
-0.0902699999999999,4.670289705430198,-33.306,71.5704345703125,-151.76470588238826
-0.0902699999999999,4.670289705430198,-33.306,71.5704345703125,0.0
-0.0914499999999999,4.805482576523948,-34.218,70.49102783203125,-183.68580060428437
-0.0914499999999999,4.805482576523948,-34.218,70.49102783203125,0.0
-0.0890899999999999,5.003083894883323,-35.136,69.39308166503906,-189.63024168564172
-0.0890899999999999,5.003083894883323,-35.136,69.39308166503906,0.0
-0.09558,4.503877351914573,-36.186,68.23265075683594,-219.8032237804193
-0.09558,4.503877351914573,-36.186,68.23265075683594,0.0
-0.0902699999999999,4.649476717148948,-37.434000000000005,67.0880126953125,-255.05824647478605
-0.0902699999999999,4.649476717148948,-37.434000000000005,67.0880126953125,0.0
-0.0944,4.763887117539573,-38.064,65.85891723632812,-114.25462459184074
-0.0944,4.763887117539573,-38.064,65.85891723632812,0.0
-0.0890899999999999,4.503877351914573,-38.496,64.59342956542969,-84.90566037734811
-0.0890899999999999,4.503877351914573,-38.496,64.59342956542969,0.0
-0.09086,4.628663728867698,-39.138,63.35472106933593,-128.65731462945678
-0.09086,4.628663728867698,-39.138,63.35472106933593,0.0
-0.0902699999999999,4.649476717148948,-39.072,62.105712890625,13.00748916044181
-0.0902699999999999,4.649476717148948,-39.072,62.105712890625,0.0
-0.08614,4.306276033555198,-39.18,60.85052490234375,-21.37767220905912
-0.08614,4.306276033555198,-39.18,60.85052490234375,0.0
-0.08319,4.379090974961448,-38.868,59.555511474609375,64.48945845400807
-0.08319,4.379090974961448,-38.868,59.555511474609375,0.0
-0.0867299999999999,4.379090974961448,-38.718,58.32641601562499,29.109256743604277
-0.0867299999999999,4.295869539414573,-38.718,58.32641601562499,0.0
-0.08319,4.067079256211448,-39.162,57.04925537109375,-88.46383741773518
-0.08319,4.067079256211448,-39.162,57.04925537109375,0.0
-0.07729,4.067079256211448,-39.192,55.76042175292969,-6.727965911644005
-0.07729,4.067079256211448,-39.192,55.76042175292969,0.0
-0.0755199999999999,4.098268221055198,-39.006,54.4537353515625,37.18512594958584
-0.0755199999999999,4.098268221055198,-39.006,54.4537353515625,0.0
-0.0796499999999999,4.181489656602073,-38.826,53.18824768066406,36.00720144030257
-0.0796499999999999,4.181489656602073,-38.826,53.18824768066406,0.0
-0.07847,3.973481844102073,-38.940000000000005,51.930999755859375,-22.123035125201305
-0.07847,3.973481844102073,-38.940000000000005,51.930999755859375,0.0
-0.0802399999999999,4.025483797227073,-39.18,50.6524658203125,-48.08655580040157
-0.0802399999999999,4.025483797227073,-39.18,50.6524658203125,0.0
-0.0778799999999999,3.983888338242698,-39.078,49.3780517578125,20.190023752943407
-0.0778799999999999,3.983888338242698,-39.078,49.3780517578125,0.0
-0.0767,3.599092195664573,-38.808,48.10981750488281,54.40257908519184
-0.0767,3.599092195664573,-38.808,48.10981750488281,0.0
-0.0767,3.609468172227073,-38.928,46.87042236328125,-24.03846153852252
-0.0767,3.609468172227073,-38.928,46.87042236328125,0.0
-0.0767,3.567872713242698,-39.144,45.59257507324219,-48.5066247472281
-0.0767,3.567872713242698,-39.144,45.59257507324219,0.0
-0.07906,3.391084383164573,-39.234,44.30580139160156,-17.871326449549496
-0.07906,3.391084383164573,-39.234,44.30580139160156,0.0
-0.0743399999999999,3.349488924180198,-39.066,43.05061340332031,38.727524204665215
-0.0743399999999999,3.349488924180198,-39.066,43.05061340332031,0.0
-0.0755199999999999,3.495088289414573,-38.964,41.75628662109375,19.83663943993746
-0.0755199999999999,3.495088289414573,-38.964,41.75628662109375,0.0
-0.0755199999999999,3.380677889023948,-38.98800000000001,40.50796508789063,-4.815409309785765
-0.0755199999999999,3.380677889023948,-38.98800000000001,40.50796508789063,0.0
-0.07257,3.162263582383323,-39.174,39.2486572265625,-37.27454909814649
-0.07257,3.162263582383323,-39.174,39.2486572265625,0.0
-0.06785,3.141481111680198,-39.126,37.96806335449219,9.563658099215074
-0.06785,3.141481111680198,-39.126,37.96806335449219,0.0
-0.06844,3.079072664414573,-38.796,36.68678283691406,65.64551422321611
-0.06844,3.079072664414573,-38.796,36.68678283691406,0.0
-0.0708,2.777467439805198,-38.98199999999999,35.46730041503906,-35.30081609414478
-0.0708,2.777467439805198,-38.98199999999999,35.46730041503906,0.0
-0.0672599999999999,2.798280428086448,-39.21,34.188079833984375,-45.57265640613901
-0.0672599999999999,2.798280428086448,-39.21,34.188079833984375,0.0
-0.0648999999999999,2.767091463242698,-39.132000000000005,32.926025390625,15.476190476208266
-0.0648999999999999,2.767091463242698,-39.132000000000005,32.926025390625,0.0
-0.06254,2.590272615586448,-39.00000000000001,31.61933898925781,26.36309167162661
-0.06254,2.590272615586448,-39.00000000000001,31.61933898925781,0.0
-0.06254,2.579866121445823,-38.940000000000005,30.37651062011719,11.914217633066617
-0.06254,2.579866121445823,-38.940000000000005,30.37651062011719,0.0
-0.06667,2.579866121445823,-39.072,29.10346984863281,-26.421136909497843
-0.06667,2.579866121445823,-39.072,29.10346984863281,0.0
-0.0648999999999999,2.444673250352073,-39.258,27.850341796875,-37.37191078965724
-0.0648999999999999,2.444673250352073,-39.258,27.850341796875,0.0
-0.05959,2.215882967148948,-39.06,26.582794189453125,39.285714285761614
-0.05959,2.215882967148948,-39.06,26.582794189453125,0.0
-0.06018,2.236665437852073,-38.85,25.30975341796875,41.87437686939021
-0.06018,2.236665437852073,-38.85,25.30975341796875,0.0
-0.06077,2.091066072617698,-39.018,24.06967163085937,-34.07707910749348
-0.06077,2.091066072617698,-39.018,24.06967163085937,0.0
-0.0631299999999999,1.883088777695823,-39.108,22.7801513671875,-17.921146953415874
-0.0631299999999999,1.883088777695823,-39.108,22.7801513671875,0.0
-0.06077,1.883088777695823,-39.234,21.47689819335937,-25.6045519203634
-0.06077,1.883088777695823,-39.234,21.47689819335937,0.0
-0.05841,1.758271883164573,-38.868,20.233383178710938,73.46447209958392
-0.05841,1.758271883164573,-38.868,20.233383178710938,0.0
-0.05959,1.539888094102073,-38.85,18.939743041992188,3.6101083032475128
-0.05959,1.539888094102073,-38.85,18.939743041992188,0.0
-0.06077,1.539888094102073,-39.144,17.716140747070312,-59.85342019555783
-0.06077,1.539888094102073,-39.144,17.716140747070312,0.0
-0.0572299999999999,1.467073152695823,-39.228,16.434860229492188,-16.75977653633496
-0.0572299999999999,1.467073152695823,-39.228,16.434860229492188,0.0
-0.0536899999999999,1.259065340195823,-39.084,15.1556396484375,28.875075195508845
-0.0536899999999999,1.259065340195823,-39.084,15.1556396484375,0.0
-0.0519199999999999,1.186280916367698,-38.838,13.87298583984375,50.71119356831432
-0.0519199999999999,1.186280916367698,-38.838,13.87298583984375,0.0
-0.0542799999999999,1.155091951523948,-39.03,12.630844116210938,-39.10386965369205
-0.0542799999999999,1.155091951523948,-39.03,12.630844116210938,0.0
-0.05015,1.030275056992698,-39.066,11.355056762695312,-7.381587041224193
-0.05015,1.030275056992698,-39.066,11.355056762695312,0.0
-0.04779,0.843080232773948,-39.252,10.0689697265625,-36.94141012904817
-0.04779,0.843080232773948,-39.252,10.0689697265625,0.0
-0.04543,0.718263338242698,-38.964,8.80279541015625,57.13152152360531
-0.04543,0.718263338242698,-38.964,8.80279541015625,0.0
-0.0483799999999999,0.666291902695823,-38.964,7.543487548828126,0.0
-0.0472,0.4894730550395729,-39.27,6.256027221679688,-61.50753768842175
-0.0472,0.4894730550395729,-39.27,6.256027221679688,0.0
-0.04661,0.4894730550395729,-39.306,4.99053955078125,-7.274196807440099
-0.04661,0.4894730550395729,-39.306,4.99053955078125,0.0
-0.04484,0.3646866780864479,-38.976,3.714065551757813,68.3796104435129
-0.04484,0.3646866780864479,-38.976,3.714065551757813,0.0
-0.04366,0.1878678304301979,-38.916,2.49664306640625,11.883541295307303
-0.04366,0.1878678304301979,-38.916,2.49664306640625,0.0
-0.04425,0.1462723714458229,-38.964,1.218109130859375,-9.573195053844357
-0.04425,0.1462723714458229,-38.964,1.218109130859375,0.0
-0.04484,0.0110795003520729,-39.108,-0.023345947265625,-28.90985745833678
-0.04484,0.0110795003520729,-39.108,-0.023345947265625,0.0
-0.0412999999999999,-0.072111417616677,-39.144,-1.305999755859375,-7.308160779541072
-0.0412999999999999,-0.072111417616677,-39.144,-1.305999755859375,0.0
-0.04189,-0.207334806288552,-38.958,-2.5975799560546875,38.08353808350604
-0.04189,-0.207334806288552,-38.958,-2.5975799560546875,0.0
-0.04248,-0.207334806288552,-39.108,-3.810195922851563,-30.030030030066627
-0.04248,-0.207334806288552,-39.108,-3.810195922851563,0.0
-0.0401199999999999,-0.446531583632302,-39.102,-5.0921630859375,1.222743020174588
-0.0401199999999999,-0.446531583632302,-39.102,-5.0921630859375,0.0
-0.03835,-0.654508878554177,-39.312,-6.3686370849609375,-42.64825345245538
-0.03835,-0.654508878554177,-39.312,-6.3686370849609375,0.0
-0.0336299999999999,-0.727323819960427,-39.054,-7.671203613281251,51.18032136475059
-0.0336299999999999,-0.727323819960427,-39.054,-7.671203613281251,0.0
-0.03953,-0.675321866835427,-38.748,-8.87420654296875,60.810810810812605
-0.03953,-0.675321866835427,-38.748,-8.87420654296875,0.0
-0.0359899999999999,-1.018522550429177,-38.976,-10.185699462890623,-45.737211634860046
-0.0359899999999999,-1.018522550429177,-38.976,-10.185699462890623,0.0
-0.03658,-1.028929044569802,-39.228,-11.399688720703123,-50.07949125596307
-0.03658,-1.028929044569802,-39.228,-11.399688720703123,0.0
-0.03304,-1.028929044569802,-39.168,-12.707061767578123,12.262415695903591
-0.03304,-1.028929044569802,-39.168,-12.707061767578123,0.0
-0.03127,-1.257719327772927,-39.018,-13.986282348632812,28.328611898072296
-0.03127,-1.257719327772927,-39.018,-13.986282348632812,0.0
-0.02891,-1.424131681288552,-39.234,-15.279235839843748,-43.26056479071661
-0.02891,-1.424131681288552,-39.234,-15.279235839843748,0.0
-0.0295,-1.424131681288552,-39.276,-16.560516357421875,-7.541748967506845
-0.0295,-1.517729093397927,-39.276,-16.560516357421875,0.0
-0.02891,-1.548918058241677,-39.27,-17.852096557617188,1.2217470983524834
-0.02891,-1.548918058241677,-39.27,-17.852096557617188,0.0
-0.0271399999999999,-1.767332364882302,-39.06,-19.130630493164062,41.732909379968994
-0.0271399999999999,-1.767332364882302,-39.06,-19.130630493164062,0.0
-0.0277299999999999,-1.725736905897927,-39.102,-20.394744873046875,-8.315185111866857
-0.0277299999999999,-1.725736905897927,-39.102,-20.394744873046875,0.0
-0.0253699999999999,-1.881712247694802,-39.126,-21.67671203613281,-4.8183095763897015
-0.0253699999999999,-1.881712247694802,-39.126,-21.67671203613281,0.0
-0.0241899999999999,-2.079313566054177,-39.288,-22.92640686035156,-32.18116805715268
-0.0241899999999999,-2.079313566054177,-39.288,-22.92640686035156,0.0
-0.0200599999999999,-2.120909025038552,-39.216,-24.21249389648437,14.47236180903932
-0.0200599999999999,-2.120909025038552,-39.216,-24.21249389648437,0.0
-0.02242,-2.193723966444802,-39.204,-25.450515747070312,2.426202992315207
-0.02242,-2.193723966444802,-39.204,-25.450515747070312,0.0
-0.02183,-2.370512296522927,-39.168,-26.70501708984375,7.598142676229791
-0.02183,-2.370512296522927,-39.168,-26.70501708984375,0.0
-0.0200599999999999,-2.640928556288552,-39.306,-27.997970581054688,-27.856277755360612
-0.0200599999999999,-2.640928556288552,-39.306,-27.997970581054688,0.0
-0.01829,-2.526518155897927,-39.384,-29.26071166992187,-15.728977616457138
-0.01829,-2.526518155897927,-39.384,-29.26071166992187,0.0
-0.0194699999999999,-2.620115568007302,-39.03,-30.554351806640625,71.60194174764898
-0.0194699999999999,-2.620115568007302,-39.03,-30.554351806640625,0.0
-0.0188799999999999,-2.963316251601052,-39.168,-31.83357238769531,-29.518716577501948
-0.0188799999999999,-2.963316251601052,-39.168,-31.83357238769531,0.0
-0.01593,-2.838529874647927,-39.33,-33.09288024902344,-30.337078651663077
-0.01593,-2.838529874647927,-39.33,-33.09288024902344,0.0
-0.0177,-2.921720792616677,-39.198,-34.332275390625,26.092113065881662
-0.0177,-2.921720792616677,-39.198,-34.332275390625,0.0
-0.01475,-3.077726651991677,-39.174,-35.63484191894531,4.7346616689761
-0.01475,-3.077726651991677,-39.174,-35.63484191894531,0.0
-0.0135699999999999,-3.192137052382302,-39.24,-36.92298889160156,-13.16576900058512
-0.0135699999999999,-3.192137052382302,-39.24,-36.92298889160156,0.0
-0.0129799999999999,-3.192137052382302,-39.24,-38.176116943359375,0.0
-0.01475,-3.171324064101052,-39.162,-39.44847106933594,16.06591143149376
-0.01475,-3.171324064101052,-39.162,-39.44847106933594,0.0
-0.00885,-3.670530607069802,-39.342,-40.760650634765625,-31.55680224407031
-0.00885,-3.670530607069802,-39.342,-40.760650634765625,0.0
-0.01062,-3.514524747694802,-39.198,-41.97944641113281,28.991342862849745
-0.01062,-3.514524747694802,-39.198,-41.97944641113281,0.0
-0.0129799999999999,-3.556120206679177,-39.282,-43.253173828125,-16.610638718627953
-0.0129799999999999,-3.556120206679177,-39.282,-43.253173828125,0.0
-0.0094399999999999,-3.909727384413552,-39.222,-44.51728820800781,11.591962905704683
-0.0094399999999999,-3.909727384413552,-39.222,-44.51728820800781,0.0
-0.0100299999999999,-3.909727384413552,-39.528,-45.80406188964844,-63.22314049584751
-0.0100299999999999,-3.795316984022927,-39.528,-45.80406188964844,0.0
-0.0064899999999999,-3.826536466444802,-39.402,-47.066802978515625,24.86678507994408
-0.0064899999999999,-3.826536466444802,-39.402,-47.066802978515625,0.0
-0.0094399999999999,-3.909727384413552,-39.258,-48.31169128417969,27.88536018593714
-0.0094399999999999,-3.909727384413552,-39.258,-48.31169128417969,0.0
-0.0047199999999999,-3.909727384413552,-39.39,-49.56207275390625,-26.34730538922836
-0.0047199999999999,-3.909727384413552,-39.39,-49.56207275390625,0.0
-0.0064899999999999,-3.847318937147927,-39.39,-50.83442687988281,0.0
-0.0047199999999999,-3.868131925429177,-39.132000000000005,-52.1246337890625,50.81741185739524
-0.0047199999999999,-3.868131925429177,-39.132000000000005,-52.1246337890625,0.0
-0.00295,-4.284117032851052,-39.318,-53.38325500488281,-35.55725482702637
-0.00295,-4.284117032851052,-39.318,-53.38325500488281,0.0
-0.00295,-4.232115079726052,-39.474,-54.67552185058594,-30.528375733928225
-0.00295,-4.232115079726052,-39.474,-54.67552185058594,0.0
-0.0047199999999999,-4.211332609022927,-39.234,-55.894317626953125,45.810269135303066
-0.0047199999999999,-4.211332609022927,-39.234,-55.894317626953125,0.0
-0.00354,-4.346525480116677,-39.492,-57.171478271484375,-52.142279708984624
-0.00354,-4.346525480116677,-39.492,-57.171478271484375,0.0
-0.0005899999999999,-4.346525480116677,-39.468,-58.50425720214844,4.800960192039111
-0.0005899999999999,-4.388120939101052,-39.468,-58.50425720214844,0.0
-0.00413,-4.336118985976052,-39.486,-59.717559814453125,-3.5523978685622377
-0.00413,-4.336118985976052,-39.486,-59.717559814453125,0.0
-0.0011799999999999,-4.211332609022927,-39.216,-61.01325988769531,53.76344086024904
-0.0011799999999999,-4.211332609022927,-39.216,-61.01325988769531,0.0
-0.00177,-4.689726163710427,-39.396,-62.269134521484375,-37.39094308259539
-0.00177,-4.689726163710427,-39.396,-62.269134521484375,0.0
-0.0,-4.408933927382302,-39.36,-63.49548339843749,5.902606984745946
-0.0,-4.408933927382302,-39.36,-63.49548339843749,0.0
-0.00177,-4.585722257460427,-38.81999999999999,-64.76303100585938,107.18539102820856
-0.00177,-4.585722257460427,-38.81999999999999,-64.76303100585938,0.0
0.00177,-5.043333341444802,-38.094,-66.00929260253906,131.16531165323977
0.00177,-5.043333341444802,-38.094,-66.00929260253906,0.0
0.0005899999999999,-4.939329435194802,-37.122,-67.23426818847656,189.3260615505148
0.0005899999999999,-4.939329435194802,-37.122,-67.23426818847656,0.0
-0.0,-4.887327482069802,-36.384,-68.38645935058594,151.47783251212917
-0.0,-4.887327482069802,-36.384,-68.38645935058594,0.0
0.0023599999999999,-5.292936612929177,-35.388,-69.56611633300781,201.66025511265133
0.0023599999999999,-5.292936612929177,-35.388,-69.56611633300781,0.0
0.00177,-5.084928800429177,-34.602,-70.67161560058594,160.70333265225543
0.00177,-5.084928800429177,-34.602,-70.67161560058594,0.0
0.00295,-5.209715177382302,-33.37799999999999,-71.73385620117188,253.31125827775347
0.00295,-5.209715177382302,-33.37799999999999,-71.73385620117188,0.0
0.0059,-5.272123624647927,-32.454,-72.80021667480469,185.99033816458737
0.0059,-5.272123624647927,-32.454,-72.80021667480469,0.0
0.0005899999999999,-5.084928800429177,-31.386,-73.79379272460938,216.01941747595868
0.0005899999999999,-5.084928800429177,-31.386,-73.79379272460938,0.0
0.0059,-5.386534025038552,-29.676,-74.78668212890625,344.06438631789786
0.0059,-5.386534025038552,-29.676,-74.78668212890625,0.0
0.0005899999999999,-5.209715177382302,-29.676,-75.70884704589844,0.0
0.00413,-5.386534025038552,-28.944000000000003,-76.651611328125,145.15169541937584
0.00413,-5.386534025038552,-28.944000000000003,-76.651611328125,0.0
0.00531,-5.209715177382302,-28.05,-77.5579833984375,168.679245282847
0.00531,-5.209715177382302,-28.05,-77.5579833984375,0.0
0.00826,-5.438535978163552,-26.736,-78.4423828125,258.8142603899942
0.00826,-5.438535978163552,-26.736,-78.4423828125,0.0
0.0064899999999999,-5.209715177382302,-25.86,-79.25331115722656,162.28232678771232
0.0064899999999999,-5.209715177382302,-25.86,-79.25331115722656,0.0
0.00767,-5.344908048476052,-24.792,-80.07522583007812,204.91174213352903
0.00767,-5.344908048476052,-24.792,-80.07522583007812,0.0
0.0064899999999999,-5.261717130507302,-23.616,-80.81268310546875,230.99587507397408
0.0064899999999999,-5.261717130507302,-23.616,-80.81268310546875,0.0
0.01062,-5.407316495741677,-22.878,-81.56112670898438,149.42296011359062
0.01062,-5.407316495741677,-22.878,-81.56112670898438,0.0
0.0100299999999999,-5.469724943007302,-21.558,-82.28347778320312,244.44444444469252
0.0100299999999999,-5.469724943007302,-21.558,-82.28347778320312,0.0
0.0118,-5.376127530897927,-20.898,-82.97012329101562,123.64181341338536
0.0118,-5.376127530897927,-20.898,-82.97012329101562,0.0
0.01121,-5.428129484022927,-19.716,-83.62861633300781,234.61691147285356
0.01121,-5.428129484022927,-19.716,-83.62861633300781,0.0
0.00885,-5.428129484022927,-18.336,-84.2266845703125,255.36639526283344
0.00885,-5.428129484022927,-18.336,-84.2266845703125,0.0
0.01062,-5.428129484022927,-18.006,-84.82200622558594,64.39024390235441
0.01062,-5.428129484022927,-18.006,-84.82200622558594,0.0
0.01416,-5.469724943007302,-17.076,-85.37544250488281,195.4602774276804
0.01416,-5.469724943007302,-17.076,-85.37544250488281,0.0
0.0118,-5.438535978163552,-15.516,-85.89797973632812,311.5015974438609
0.0118,-5.438535978163552,-15.516,-85.89797973632812,0.0
0.01416,-5.386534025038552,-15.174,-86.39511108398438,69.3711967545407
0.01416,-5.386534025038552,-15.174,-86.39511108398438,0.0
0.01711,-5.552915860976052,-14.1,-86.86614990234375,207.21589812840185
0.01711,-5.552915860976052,-14.1,-86.86614990234375,0.0
0.0129799999999999,-5.459318448866677,-12.642,-87.28981018066406,287.2340425530488
0.0129799999999999,-5.459318448866677,-12.642,-87.28981018066406,0.0
0.01062,-5.428129484022927,-11.568,-87.67845153808594,214.7141143540602
0.01062,-5.428129484022927,-11.568,-87.67845153808594,0.0
0.01416,-5.428129484022927,-11.159999999999998,-88.04374694824219,82.60781534735122
0.01416,-5.428129484022927,-11.159999999999998,-88.04374694824219,0.0
0.01652,-5.428129484022927,-10.169999999999998,-88.39462280273438,181.8181818183624
0.01652,-5.428129484022927,-10.169999999999998,-88.39462280273438,0.0
0.01829,-5.552915860976052,-8.796,-88.70773315429688,257.06267539730385
0.01829,-5.552915860976052,-8.796,-88.70773315429688,0.0
0.01829,-5.500913907851052,-7.368,-88.97552490234375,279.0152403276986
0.01829,-5.500913907851052,-7.368,-88.97552490234375,0.0
0.0135699999999999,-5.480131437147927,-6.288,-89.18701171875,230.71993163829023
0.0135699999999999,-5.480131437147927,-6.288,-89.18701171875,0.0
0.0123899999999999,-5.428129484022927,-5.622,-89.37721252441406,126.85714285705228
0.0123899999999999,-5.428129484022927,-5.622,-89.37721252441406,0.0
0.01534,-5.188932706679177,-5.196000000000001,-89.54681396484375,80.4988662129784
0.01534,-5.188932706679177,-5.196000000000001,-89.54681396484375,0.0
0.0177,-5.417722989882302,-4.416,-89.69581604003906,161.12373476557815
0.0177,-5.417722989882302,-4.416,-89.69581604003906,0.0
0.0194699999999999,-5.188932706679177,-3.5580000000000003,-89.81460571289062,171.39432680753188
0.0194699999999999,-5.188932706679177,-3.5580000000000003,-89.81460571289062,0.0
0.0247799999999999,-5.188932706679177,-2.784,-89.92172241210938,146.25850340143836
0.0247799999999999,-5.261717130507302,-2.784,-89.92172241210938,0.0
0.0236,-5.209715177382302,-0.978,-89.97802734375,357.6237623754357
0.0236,-5.209715177382302,-0.978,-89.97802734375,0.0
0.02242,-5.209715177382302,-0.348,-89.99588012695312,118.93524636589498
0.02242,-5.428129484022927,-0.348,-89.99588012695312,0.0
0.0206499999999999,-5.428129484022927,-0.072,-90.0,55.21104220830707
0.0206499999999999,-5.428129484022927,-0.072,-90.0,0.0
0.0206499999999999,-5.428129484022927,-0.0059999999999999,-90.00205993652344,12.40368351811418
0.0206499999999999,-5.428129484022927,-0.0059999999999999,-90.00205993652344,0.0
0.0206499999999999,-5.417722989882302,-0.0239999999999999,-90.00274658203125,-3.6195455459431862
0.0206499999999999,-5.417722989882302,-0.0239999999999999,-90.00274658203125,0.0
0.02242,-5.407316495741677,-0.0059999999999999,-90.00274658203125,3.325942350328381
0.02242,-5.407316495741677,-0.0059999999999999,-90.00274658203125,0.0
0.0206499999999999,-5.428129484022927,0.0059999999999999,-90.0,2.3814248858849734
0.0206499999999999,-5.428129484022927,0.0059999999999999,-90.0,0.0
0.02242,-5.428129484022927,-0.0059999999999999,-90.00411987304688,-2.410122514565169
0.02242,-5.417722989882302,-0.0059999999999999,-90.00411987304688,0.0
0.02183,-5.428129484022927,-0.0119999999999999,-90.00274658203125,-1.2012012011992588
0.02183,-5.428129484022927,-0.0119999999999999,-90.00274658203125,0.0
0.02242,-5.428129484022927,0.0239999999999999,-90.00480651855469,6.41139804097114
0.02242,-5.230528165663552,0.0239999999999999,-90.00480651855469,0.0
0.02242,-5.220121671522927,-0.0059999999999999,-90.00274658203125,-6.080259424394961
0.02242,-5.220121671522927,-0.0059999999999999,-90.00274658203125,0.0
0.02183,-5.220121671522927,-0.0119999999999999,-90.00343322753906,-0.9925558312654592
0.02183,-5.251310636366677,-0.0119999999999999,-90.00343322753906,0.0
0.02242,-5.209715177382302,-0.0,-90.00411987304688,2.392344497608738
0.02242,-5.209715177382302,-0.0,-90.00411987304688,0.0
0.02242,-5.032926847304177,-0.0119999999999999,-90.00137329101562,-2.4296416278562525
0.02242,-5.032926847304177,-0.0119999999999999,-90.00137329101562,0.0
0.02242,-5.428129484022927,-0.0,-90.00343322753906,2.378592666008036
0.02242,-5.428129484022927,-0.0,-90.00343322753906,0.0
0.02183,-5.396910001601052,-0.0,-90.00343322753906,0.0
0.02183,-5.386534025038552,0.036,-90.00343322753906,7.302231237320063
0.02183,-5.386534025038552,0.036,-90.00343322753906,0.0
0.02183,-5.209715177382302,-0.018,-90.00274658203125,-10.43075140041827
0.02183,-5.209715177382302,-0.018,-90.00274658203125,0.0
0.02242,-5.209715177382302,0.018,-90.00205993652344,7.204322593551769
0.02242,-5.209715177382302,0.018,-90.00205993652344,0.0
0.02183,-5.292936612929177,-0.042,-90.00411987304688,-11.8156754627865
0.02183,-5.292936612929177,-0.042,-90.00411987304688,0.0
0.02183,-5.324125577772927,0.03,-90.00480651855469,13.698630136978968
0.02183,-5.324125577772927,0.03,-90.00480651855469,0.0
0.0241899999999999,-5.209715177382302,0.018,-90.00480651855469,-2.3228803716596595
0.0241899999999999,-5.209715177382302,0.018,-90.00480651855469,0.0
0.0265499999999999,-5.209715177382302,-0.0059999999999999,-90.00480651855469,-4.678362573104791
0.0265499999999999,-5.209715177382302,-0.0059999999999999,-90.00480651855469,0.0
0.0336299999999999,-5.230528165663552,0.042,-90.00411987304688,9.552238805990704
0.0336299999999999,-5.230528165663552,0.042,-90.00411987304688,0.0
0.04779,-5.292936612929177,0.198,-90.00205993652344,29.71428571426448
0.04779,-5.292936612929177,0.198,-90.00205993652344,0.0
0.06431,-5.428129484022927,0.6300000000000001,-89.99176025390625,87.18466195744983
0.06431,-5.428129484022927,0.6300000000000001,-89.99176025390625,0.0
0.07906,-5.428129484022927,2.22,-89.95262145996094,326.5557609365811
0.07906,-5.428129484022927,2.22,-89.95262145996094,0.0
0.0825999999999999,-5.490537931288552,3.5819999999999994,-89.85580444335938,272.45449089828975
0.0825999999999999,-5.490537931288552,3.5819999999999994,-89.85580444335938,0.0
0.08496,-5.604917814101052,6.143999999999999,-89.70817565917969,531.9767441854653
0.08496,-5.604917814101052,6.143999999999999,-89.70817565917969,0.0
0.07847,-5.448911954726052,7.979999999999999,-89.48295593261719,371.8857605834862
0.07847,-5.448911954726052,7.979999999999999,-89.48295593261719,0.0
0.0843699999999999,-5.365721036757302,9.372,-89.21791076660156,279.6865581677577
0.0843699999999999,-5.365721036757302,9.372,-89.21791076660156,0.0
0.07847,-5.292936612929177,9.99,-88.89930725097656,125.78872379396618
0.07847,-5.292936612929177,9.99,-88.89930725097656,0.0
0.0743399999999999,-5.428129484022927,10.254,-88.57040405273438,53.22580645149282
0.0743399999999999,-5.428129484022927,10.254,-88.57040405273438,0.0
0.07316,-5.469724943007302,10.506,-88.23326110839844,51.02247418498187
0.07316,-5.469724943007302,10.506,-88.23326110839844,0.0
0.07729,-5.428129484022927,11.058,-87.87483215332031,111.04405552176348
0.07729,-5.428129484022927,11.058,-87.87483215332031,0.0
0.07847,-5.428129484022927,12.36,-87.51571655273438,246.4042392125695
0.07847,-5.428129484022927,12.36,-87.51571655273438,0.0
0.08732,-5.438535978163552,13.728,-87.10647583007812,271.96819085460186
0.08732,-5.438535978163552,13.728,-87.10647583007812,0.0
0.0796499999999999,-5.209715177382302,14.784,-86.65397644042969,199.3204983008524
0.0796499999999999,-5.209715177382302,14.784,-86.65397644042969,0.0
0.08732,-5.209715177382302,15.54,-86.15615844726562,149.25962487654863
0.08732,-5.209715177382302,15.54,-86.15615844726562,0.0
0.0914499999999999,-5.209715177382302,16.614,-85.65353393554688,218.91561353484084
0.0914499999999999,-5.209715177382302,16.614,-85.65353393554688,0.0
0.08791,-5.386534025038552,17.657999999999998,-85.11451721191406,211.2505058680784
0.08791,-5.386534025038552,17.657999999999998,-85.11451721191406,0.0
0.08142,-5.396910001601052,18.378,-84.51850891113281,142.88549315350423
0.08142,-5.396910001601052,18.378,-84.51850891113281,0.0
0.08496,-5.396910001601052,19.098,-83.93898010253906,127.07377338499056
0.08496,-5.428129484022927,19.098,-83.93898010253906,0.0
0.0890899999999999,-5.552915860976052,20.442,-83.31344604492188,269.0152121694371
0.0890899999999999,-5.552915860976052,20.442,-83.31344604492188,0.0
0.0890899999999999,-5.376127530897927,21.174,-82.64602661132812,145.64265817745198
0.0890899999999999,-5.376127530897927,21.174,-82.64602661132812,0.0
0.0885,-5.532133390272927,22.164,-81.94290161132812,195.729537366342
0.0885,-5.532133390272927,22.164,-81.94290161132812,0.0
0.0914499999999999,-5.552915860976052,23.214,-81.20063781738281,209.5390141683968
0.0914499999999999,-5.552915860976052,23.214,-81.20063781738281,0.0
0.0885,-5.386534025038552,23.934,-80.44807434082031,142.8854931531013
0.0885,-5.386534025038552,23.934,-80.44807434082031,0.0
0.08496,-5.500913907851052,25.17,-79.67079162597656,293.099359734615
0.08496,-5.500913907851052,25.17,-79.67079162597656,0.0
0.0914499999999999,-5.448911954726052,26.088,-78.86398315429688,181.31542563672605
0.0914499999999999,-5.448911954726052,26.088,-78.86398315429688,0.0
0.0949899999999999,-5.552915860976052,27.432,-78.01185607910156,279.9999999998231
0.0949899999999999,-5.552915860976052,27.432,-78.01185607910156,0.0
0.09322,-5.386534025038552,28.038,-77.10273742675781,109.9020674645336
0.09322,-5.386534025038552,28.038,-77.10273742675781,0.0
0.09086,-5.386534025038552,28.956,-76.19911193847656,186.4337936641278
0.09086,-5.438535978163552,28.956,-76.19911193847656,0.0
0.08732,-5.334532071913552,29.826,-75.24261474609375,173.89566260236612
0.08732,-5.334532071913552,29.826,-75.24261474609375,0.0
0.0926299999999999,-5.334532071913552,31.271999999999995,-74.27513122558594,259.51184493894243
0.0926299999999999,-5.334532071913552,31.271999999999995,-74.27513122558594,0.0
0.08555,-5.292936612929177,31.836,-73.25752258300781,114.40162271834484
0.08555,-5.292936612929177,31.836,-73.25752258300781,0.0
0.0867299999999999,-5.386534025038552,33.144,-72.20489501953125,261.49540183902303
0.0867299999999999,-5.386534025038552,33.144,-72.20489501953125,0.0
0.08555,-5.261717130507302,34.11,-71.13510131835938,178.8557674507374
0.08555,-5.261717130507302,34.11,-71.13510131835938,0.0
0.0926299999999999,-4.928922941054177,34.842,-69.99320983886719,149.50980392150032
0.0926299999999999,-4.928922941054177,34.842,-69.99320983886719,0.0
0.08968,-5.095335294569802,35.892,-68.88084411621094,215.1198524893564
0.08968,-5.095335294569802,35.892,-68.88084411621094,0.0
0.0926299999999999,-4.835325528944802,36.93000000000001,-67.71011352539062,216.3852407756484
0.0926299999999999,-4.835325528944802,36.93000000000001,-67.71011352539062,0.0
0.09204,-4.679319669569802,37.95,-66.46522521972656,200.43230497158032
0.09204,-4.679319669569802,37.95,-66.46522521972656,0.0
0.08319,-4.866514493788552,38.73,-65.26290893554688,161.0239471509267
0.08319,-4.866514493788552,38.73,-65.26290893554688,0.0
0.0825999999999999,-4.731321622694802,39.288,-64.02969360351562,114.11042944777876
0.0825999999999999,-4.731321622694802,39.288,-64.02969360351562,0.0
0.0843699999999999,-4.502531339491677,39.36,-62.73468017578125,14.876033057847163
0.0843699999999999,-4.502531339491677,39.36,-62.73468017578125,0.0
0.0867299999999999,-4.772917081679177,39.36,-61.48429870605468,0.0
0.08378,-4.887327482069802,39.378,-60.20027160644532,3.733665214691594
0.08378,-4.887327482069802,39.378,-60.20027160644532,0.0
0.08378,-4.606535245741677,39.048,-58.95332336425781,-65.39833531519145
0.08378,-4.606535245741677,39.048,-58.95332336425781,0.0
0.08496,-4.450529386366677,39.24,-57.71186828613282,34.70088559551916
0.08496,-4.450529386366677,39.24,-57.71186828613282,0.0
0.0796499999999999,-4.616911222304177,39.336,-56.42578125,18.77566986110608
0.0796499999999999,-4.616911222304177,39.336,-56.42578125,0.0
0.08142,-4.377714444960427,39.33,-55.2117919921875,-1.1655011654999687
0.08142,-4.377714444960427,39.33,-55.2117919921875,0.0
0.07847,-4.294523526991677,39.51,-53.94218444824219,33.56956359572964
0.07847,-4.294523526991677,39.51,-53.94218444824219,0.0
0.07906,-4.492124845351052,39.468,-52.70072937011719,-8.287292817664554
0.07906,-4.492124845351052,39.468,-52.70072937011719,0.0
0.07611,-4.294523526991677,39.342,-51.43524169921875,-24.89134729358422
0.07611,-4.294523526991677,39.342,-51.43524169921875,0.0
0.0796499999999999,-4.232115079726052,39.246,-50.20477294921875,-18.93491124264301
0.0796499999999999,-4.232115079726052,39.246,-50.20477294921875,0.0
0.07316,-4.294523526991677,39.324,-48.91319274902344,15.64066573089997
0.07316,-4.294523526991677,39.324,-48.91319274902344,0.0
0.0719799999999999,-4.315336515272927,39.138,-47.66624450683594,-36.60696713242462
0.0719799999999999,-4.315336515272927,39.138,-47.66624450683594,0.0
0.07139,-4.315336515272927,39.264,-46.3787841796875,21.534780379397617
0.07139,-3.992918302382302,39.264,-46.3787841796875,0.0
0.0719799999999999,-3.868131925429177,39.39,-45.08171081542969,25.08461079032173
0.0719799999999999,-3.868131925429177,39.39,-45.08171081542969,0.0
0.0778799999999999,-3.992918302382302,39.372,-43.84025573730469,-4.182156133824541
0.0778799999999999,-3.992918302382302,39.372,-43.84025573730469,0.0
0.0696199999999999,-3.639311124647927,39.426,-42.5994873046875,10.710035700112822
0.0696199999999999,-3.639311124647927,39.426,-42.5994873046875,0.0
0.07493,-3.618528653944802,39.378,-41.31477355957031,-9.811937857731044
0.07493,-3.618528653944802,39.378,-41.31477355957031,0.0
0.07493,-3.701719571913552,39.36,-40.04928588867188,-3.512195121946756
0.07493,-3.701719571913552,39.36,-40.04928588867188,0.0
0.07375,-3.701719571913552,39.174,-38.835296630859375,-35.1473922902681
0.07375,-3.514524747694802,39.174,-38.835296630859375,0.0
0.07257,-3.348112394179177,39.192,-37.53135681152344,3.487020534677589
0.07257,-3.348112394179177,39.192,-37.53135681152344,0.0
0.0654899999999999,-3.348112394179177,39.252,-36.22467041015625,11.96172248804424
0.0654899999999999,-3.348112394179177,39.252,-36.22467041015625,0.0
0.06608,-3.389707853163552,39.408,-35.00175476074219,30.87885985753046
0.06608,-3.389707853163552,39.408,-35.00175476074219,0.0
0.06018,-3.119322110976052,39.084,-33.69026184082031,-68.7606112054642
0.06018,-3.119322110976052,39.084,-33.69026184082031,0.0
0.06018,-3.046537687147927,39.27,-32.446746826171875,36.8974409839946
0.06018,-3.046537687147927,39.27,-32.446746826171875,0.0
0.06372,-3.119322110976052,39.318,-31.16340637207031,10.20408163264366
0.06372,-3.119322110976052,39.318,-31.16340637207031,0.0
0.0654899999999999,-2.807310392226052,39.288,-29.91302490234376,-5.892751915136165
0.0654899999999999,-2.807310392226052,39.288,-29.91302490234376,0.0
0.0572299999999999,-2.744932462538552,39.264,-28.65509033203125,-4.347038579964965
0.0572299999999999,-2.744932462538552,39.264,-28.65509033203125,0.0
0.06254,-2.734525968397927,39.078,-27.38067626953125,-37.28949478750994
0.06254,-2.734525968397927,39.078,-27.38067626953125,0.0
0.06136,-2.536924650038552,39.054,-26.1419677734375,-4.823151125402885
0.06136,-2.536924650038552,39.054,-26.1419677734375,0.0
0.059,-2.422514249647927,39.216,-24.90806579589844,31.770935477536344
0.059,-2.422514249647927,39.216,-24.90806579589844,0.0
0.05782,-2.328916837538552,39.402,-23.646697998046875,37.029663547618455
0.05782,-2.328916837538552,39.402,-23.646697998046875,0.0
0.05959,-2.339323331679177,39.132000000000005,-22.301559448242188,-54.18422636954782
0.05959,-2.339323331679177,39.132000000000005,-22.301559448242188,0.0
0.05841,-2.100126554335427,39.222,-21.065597534179688,17.391304347797252
0.05841,-2.100126554335427,39.222,-21.065597534179688,0.0
0.05664,-2.016935636366677,39.246,-19.802169799804688,4.8086555800541335
0.05664,-2.016935636366677,39.246,-19.802169799804688,0.0
0.0530999999999999,-2.016935636366677,39.3,-18.52500915527344,9.727976941096085
0.0530999999999999,-2.068937589491677,39.3,-18.52500915527344,0.0
0.0483799999999999,-1.725736905897927,39.168,-17.2265625,-25.695931477562564
0.0483799999999999,-1.725736905897927,39.168,-17.2265625,0.0
0.05251,-1.652921964491677,39.012,-15.941848754882812,-34.49800973014219
0.05251,-1.652921964491677,39.012,-15.941848754882812,0.0
0.04897,-1.548918058241677,39.15,-14.69970703125,27.402700555974484
0.04897,-1.548918058241677,39.15,-14.69970703125,0.0
0.0483799999999999,-1.548918058241677,39.36600000000001,-13.4747314453125,39.38012762073311
0.0483799999999999,-1.465727140272927,39.36600000000001,-13.4747314453125,0.0
0.04897,-1.372129728163552,39.246,-12.161865234375,-24.420024420028238
0.04897,-1.372129728163552,39.246,-12.161865234375,0.0
0.04779,-1.205717374647927,39.09,-10.914230346679688,-26.96163152436657
0.04779,-1.205717374647927,39.09,-10.914230346679688,0.0
0.04897,-1.268125821913552,39.048,-9.663162231445312,-8.432041758681978
0.04897,-1.268125821913552,39.048,-9.663162231445312,0.0
0.0483799999999999,-0.924925138319802,39.03,-8.397674560546875,-3.31797235023773
0.0483799999999999,-0.924925138319802,39.03,-8.397674560546875,0.0
0.04366,-0.872923185194802,39.378,-7.1431732177734375,68.70681145110963
0.04366,-0.872923185194802,39.378,-7.1431732177734375,0.0
0.04366,-0.872923185194802,39.018,-5.833740234375,-67.1140939597296
0.04366,-0.852110196913552,39.018,-5.833740234375,0.0
0.04425,-0.571317960585427,38.952,-4.563446044921875,-13.207924754882974
0.04425,-0.571317960585427,38.952,-4.563446044921875,0.0
0.04307,-0.508909513319802,39.054,-3.3075714111328125,20.122312093148427
0.04307,-0.508909513319802,39.054,-3.3075714111328125,0.0
0.0412999999999999,-0.404936124647927,39.156,-2.0084381103515625,20.829079027976896
0.0412999999999999,-0.404936124647927,39.156,-2.0084381103515625,0.0
0.03835,-0.332121183241677,39.108,-0.737457275390625,-9.59616153540462
0.03835,-0.332121183241677,39.108,-0.737457275390625,0.0
0.03658,-0.207334806288552,39.084,0.560302734375,-4.796163069543544
0.03658,-0.207334806288552,39.084,0.560302734375,0.0
0.0359899999999999,-0.155332853163552,39.138,1.759185791015625,12.013348164611036
0.0359899999999999,-0.155332853163552,39.138,1.759185791015625,0.0
0.0371699999999999,-0.030515958632302,39.108,3.02947998046875,-6.020469596616741
0.0371699999999999,-0.030515958632302,39.108,3.02947998046875,0.0
0.0336299999999999,0.1878678304301979,39.264,4.327239990234375,25.72983671450941
0.0336299999999999,0.1878678304301979,39.264,4.327239990234375,0.0
0.0336299999999999,0.3646866780864479,38.928,5.607833862304688,-66.97229419959692
0.0336299999999999,0.3646866780864479,38.928,5.607833862304688,0.0
0.0336299999999999,0.3646866780864479,38.826,6.84722900390625,-19.84821949795701
0.0336299999999999,0.3646866780864479,38.826,6.84722900390625,0.0
0.03422,0.541475008164573,39.054,8.092117309570312,46.27562411194935
0.03422,0.541475008164573,39.054,8.092117309570312,0.0
0.03186,0.541475008164573,39.162,9.339752197265623,20.93428959103821
0.03186,0.593476961289573,39.162,9.339752197265623,0.0
0.03127,0.666291902695823,39.246,10.647125244140623,16.93207014711886
0.03127,0.666291902695823,39.246,10.647125244140623,0.0
0.03068,0.811891267930198,39.036,11.93115234375,-40.97560975615772
0.03068,0.811891267930198,39.036,11.93115234375,0.0
0.03068,0.905488680039573,38.946,13.220672607421877,-17.94974072595817
0.03068,0.905488680039573,38.946,13.220672607421877,0.0
0.03009,0.947084139023948,39.156,14.486846923828123,42.441390460802346
0.03009,0.947084139023948,39.156,14.486846923828123,0.0
0.0277299999999999,1.030275056992698,39.168,15.749588012695314,2.499479275150845
0.0277299999999999,1.030275056992698,39.168,15.749588012695314,0.0
0.0241899999999999,1.227876375352073,38.958,17.063140869140625,-41.86602870815343
0.0241899999999999,1.227876375352073,38.958,17.063140869140625,0.0
0.0241899999999999,1.227876375352073,39.054,18.339614868164062,19.31978265249078
0.0241899999999999,1.321473787461448,39.054,18.339614868164062,0.0
0.0247799999999999,1.404664705430198,39.03,19.55772399902344,-4.800960192040532
0.0247799999999999,1.404664705430198,39.03,19.55772399902344,0.0
0.0241899999999999,1.404664705430198,39.204,20.900802612304688,34.98190591070581
0.0241899999999999,1.591890047227073,39.204,20.900802612304688,0.0
0.02124,1.747865389023948,38.976,22.159423828125,-45.81072935506403
0.02124,1.747865389023948,38.976,22.159423828125,0.0
0.02242,1.758271883164573,38.814,23.437271118164062,-32.873376623426495
0.02242,1.758271883164573,38.814,23.437271118164062,0.0
0.02242,1.883088777695823,38.844,24.734344482421875,6.18939550237533
0.02242,1.883088777695823,38.844,24.734344482421875,0.0
0.02301,1.976686189805198,39.264,25.953826904296875,86.06557377049224
0.02301,1.976686189805198,39.264,25.953826904296875,0.0
0.01652,2.070283601914573,39.228,27.26875305175781,-7.189934092262189
0.01652,2.070283601914573,39.228,27.26875305175781,0.0
0.01711,2.039064119492698,38.940000000000005,28.549346923828125,-58.264212017025415
0.01711,2.039064119492698,38.940000000000005,28.549346923828125,0.0
0.01593,2.278291414414573,39.012,29.83612060546875,14.610389610368845
0.01593,2.278291414414573,39.012,29.83612060546875,0.0
0.01652,2.455079744492698,39.00000000000001,31.087188720703125,-2.337814143773946
0.01652,2.455079744492698,39.00000000000001,31.087188720703125,0.0
0.01475,2.340669344102073,39.234,32.36846923828125,42.56867382215192
0.01475,2.340669344102073,39.234,32.36846923828125,0.0
0.0135699999999999,2.735871980820823,39.012,33.67927551269531,-44.03888117432129
0.0135699999999999,2.735871980820823,39.012,33.67927551269531,0.0
0.0135699999999999,2.735871980820823,38.928,34.92897033691406,-15.727391874219265
0.0135699999999999,2.798280428086448,38.928,34.92897033691406,0.0
0.01121,2.756684969102073,39.144,36.231536865234375,43.26056479071661
0.01121,2.756684969102073,39.144,36.231536865234375,0.0
0.01534,2.798280428086448,39.126,37.47711181640625,-3.613006824569841
0.01534,2.798280428086448,39.126,37.47711181640625,0.0
0.00885,2.933473299180198,39.06,38.799591064453125,-12.206399112249136
0.00885,2.933473299180198,39.06,38.799591064453125,0.0
0.0100299999999999,2.985475252305198,38.916,40.02044677734375,-28.62823061635584
0.0100299999999999,2.985475252305198,38.916,40.02044677734375,0.0
0.0100299999999999,2.943879793320823,38.88,41.29417419433594,-7.100591715970352
0.0100299999999999,2.943879793320823,38.88,41.29417419433594,0.0
0.01062,3.287080476914573,39.042,42.53150939941406,33.21033210328649
0.01062,3.287080476914573,39.042,42.53150939941406,0.0
0.00531,3.370271394883323,39.342,43.88008117675781,53.96654074468728
0.00531,3.370271394883323,39.342,43.88008117675781,0.0
0.0059,3.380677889023948,38.97,45.14900207519531,-74.83403741705457
0.0059,3.380677889023948,38.97,45.14900207519531,0.0
0.0064899999999999,3.661470125352073,38.886,46.36436462402344,-16.444792482403038
0.0064899999999999,3.661470125352073,38.886,46.36436462402344,0.0
0.0059,3.723878572617698,39.078,47.66075134277344,38.76438522107481
0.0059,3.723878572617698,39.078,47.66075134277344,0.0
0.0059,3.630281160508323,39.294,48.89259338378906,44.57284358232944
0.0059,3.630281160508323,39.294,48.89259338378906,0.0
0.00177,3.723878572617698,39.066,50.19447326660156,-45.57265640613616
0.00177,3.723878572617698,39.066,50.19447326660156,0.0
0.00295,3.744691560898948,38.934,51.46064758300781,-26.421136909499264
0.00295,3.744691560898948,38.934,51.46064758300781,0.0
0.0047199999999999,3.692689607773948,38.85,52.67738342285156,-16.830294530140122
0.0047199999999999,3.692689607773948,38.85,52.67738342285156,0.0
0.0059,3.557466219102073,39.012,53.90785217285156,32.6283987915501
0.0059,3.557466219102073,39.012,53.90785217285156,0.0
0.0011799999999999,3.983888338242698,39.324,55.22552490234375,61.23650637883611
0.0011799999999999,3.983888338242698,39.324,55.22552490234375,0.0
0.0005899999999999,4.046266267930198,38.98199999999999,56.4971923828125,-68.57830358933546
0.0005899999999999,4.046266267930198,38.98199999999999,56.4971923828125,0.0
0.00354,3.848664949570823,38.91,57.7606201171875,-14.492753623172383
0.00354,3.848664949570823,38.91,57.7606201171875,0.0
0.00177,4.347871492539573,39.078,58.989028930664055,33.60672134428373
0.00177,4.347871492539573,39.078,58.989028930664055,0.0
0.00177,4.316682527695823,39.276,60.24215698242188,39.426523297516624
0.00177,4.316682527695823,39.276,60.24215698242188,0.0
0.0005899999999999,4.191865633164573,39.18,61.5509033203125,-19.16550209622311
0.0005899999999999,4.191865633164573,39.18,61.5509033203125,0.0
-0.0,4.399873445664573,38.802,62.79716491699219,-75.46416450387566
-0.0,4.399873445664573,38.802,62.79716491699219,0.0
-0.0,4.503877351914573,38.85,64.08050537109375,9.73630831642712
-0.0,4.503877351914573,38.85,64.08050537109375,0.0
-0.0,4.347871492539573,38.55,65.26016235351562,-60.36217303822852
-0.0,4.347871492539573,38.55,65.26016235351562,0.0
-0.0,4.368684480820823,37.518,66.49887084960938,-205.16898608329535
-0.0,4.368684480820823,37.518,66.49887084960938,0.0
-0.0005899999999999,4.368684480820823,36.372,67.7362060546875,-226.2139755231244
-0.0005899999999999,4.566285799180198,36.372,67.7362060546875,0.0
-0.00177,4.379090974961448,35.459999999999994,68.90899658203125,-183.5748792273877
-0.00177,4.379090974961448,35.459999999999994,68.90899658203125,0.0
-0.00177,4.639070223008323,34.488,70.02410888671875,-218.42696629185787
-0.00177,4.639070223008323,34.488,70.02410888671875,0.0
-0.00177,4.587068269883323,33.858,71.13784790039062,-127.65957446800176
-0.00177,4.587068269883323,33.858,71.13784790039062,0.0
-0.0047199999999999,4.399873445664573,33.018,72.24884033203125,-167.53091344226914
-0.0047199999999999,4.399873445664573,33.018,72.24884033203125,0.0
-0.00767,4.722291658555198,31.734,73.28292846679688,-255.87883619009213
-0.00767,4.722291658555198,31.734,73.28292846679688,0.0
-0.0047199999999999,4.722291658555198,30.786,74.278564453125,-166.6080843589017
-0.0047199999999999,4.722291658555198,30.786,74.278564453125,0.0
-0.00413,4.847078035508323,29.748,75.24398803710938,-207.5584883026331
-0.00413,4.847078035508323,29.748,75.24398803710938,0.0
-0.0047199999999999,4.607881258164573,29.046000000000003,76.19293212890625,-130.55607215929953
-0.0047199999999999,4.607881258164573,29.046000000000003,76.19293212890625,0.0
-0.0047199999999999,4.847078035508323,27.936,77.10479736328125,-221.8225419664468
-0.0047199999999999,4.847078035508323,27.936,77.10479736328125,0.0
-0.00708,4.743074129258323,27.084,77.98164367675781,-158.77748788683914
-0.00708,4.743074129258323,27.084,77.98164367675781,0.0
-0.00767,4.774263094102073,25.812,78.83651733398438,-255.8841279421864
-0.00767,4.774263094102073,25.812,78.83651733398438,0.0
-0.00885,4.680665681992698,25.062,79.6563720703125,-149.82021574084953
-0.00885,4.680665681992698,25.062,79.6563720703125,0.0
-0.0094399999999999,4.847078035508323,24.06,80.43502807617188,-209.40438871481007
-0.0094399999999999,4.847078035508323,24.06,80.43502807617188,0.0
-0.00826,4.618287752305198,23.076,81.18209838867188,-184.02842715539896
-0.00826,4.618287752305198,23.076,81.18209838867188,0.0
-0.0094399999999999,4.618287752305198,22.092,81.9085693359375,-184.2006739044546
-0.0094399999999999,4.743074129258323,22.092,81.9085693359375,0.0
-0.00826,4.847078035508323,21.18,82.57942199707031,-182.8754762382246
-0.00826,4.847078035508323,21.18,82.57942199707031,0.0
-0.01475,4.847078035508323,20.520000000000003,83.25370788574219,-134.2554922699033
-0.01475,4.847078035508323,20.520000000000003,83.25370788574219,0.0
-0.0135699999999999,4.867891023789573,19.044,83.92318725585938,-295.3772263356231
-0.0135699999999999,4.867891023789573,19.044,83.92318725585938,0.0
-0.0118,4.826265047227073,17.616000000000003,84.51370239257812,-280.49499116047025
-0.0118,4.826265047227073,17.616000000000003,84.51370239257812,0.0
-0.0123899999999999,4.919862459336448,17.208000000000002,85.07675170898438,-83.1465253718691
-0.0123899999999999,4.919862459336448,17.208000000000002,85.07675170898438,0.0
-0.0118,4.899079988633323,16.284000000000002,85.61851501464844,-172.09908735326897
-0.0118,4.899079988633323,16.284000000000002,85.61851501464844,0.0
-0.01416,4.899079988633323,15.192,86.12457275390625,-218.4000000001991
-0.01416,4.899079988633323,15.192,86.12457275390625,0.0
-0.0123899999999999,4.722291658555198,14.598,86.58599853515625,-109.1510474089972
-0.0123899999999999,4.722291658555198,14.598,86.58599853515625,0.0
-0.01593,4.888673494492698,13.602,87.0556640625,-200.0803535558799
-0.01593,4.888673494492698,13.602,87.0556640625,0.0
-0.01475,4.867891023789573,12.168,87.47657775878906,-260.30132510420765
-0.01475,4.867891023789573,12.168,87.47657775878906,0.0
-0.0129799999999999,4.857484529648948,11.1,87.84461975097656,-214.0709561030407
-0.0129799999999999,4.857484529648948,11.1,87.84461975097656,0.0
-0.01121,4.722291658555198,10.326,88.17832946777344,-157.22120658118922
-0.01121,4.722291658555198,10.326,88.17832946777344,0.0
-0.01416,4.899079988633323,9.78,88.52096557617188,-110.12505042351331
-0.01416,4.899079988633323,9.78,88.52096557617188,0.0
-0.0177,4.826265047227073,8.526,88.82102966308594,-267.7770659833444
-0.0177,4.826265047227073,8.526,88.82102966308594,0.0
-0.0177,4.847078035508323,7.188,89.08332824707031,-268.67469879500186
-0.0177,4.847078035508323,7.188,89.08332824707031,0.0
-0.01475,4.878267000352073,5.742,89.29481506347656,-307.463321283872
-0.01475,4.878267000352073,5.742,89.29481506347656,0.0
-0.01475,4.847078035508323,5.142,89.47196960449219,-118.92963330040274
-0.01475,4.847078035508323,5.142,89.47196960449219,0.0
-0.01416,4.847078035508323,4.314000000000001,89.61685180664062,-174.35249526201756
-0.01416,4.847078035508323,4.314000000000001,89.61685180664062,0.0
-0.0135699999999999,4.899079988633323,3.6,89.74388122558594,-142.1461278118259
-0.0135699999999999,4.899079988633323,3.6,89.74388122558594,0.0
-0.0177,4.899079988633323,2.73,89.84619140625,-194.1964285713884
-0.0177,4.899079988633323,2.73,89.84619140625,0.0
-0.0129799999999999,4.888673494492698,1.68,89.9066162109375,-210.5896510227636
-0.0129799999999999,4.888673494492698,1.68,89.9066162109375,0.0
-0.0177,4.888673494492698,1.116,89.95399475097656,-113.5037230830544
-0.0177,4.857484529648948,1.116,89.95399475097656,0.0
-0.01593,4.878267000352073,0.51,89.97871398925781,-121.83353437866543
-0.01593,4.878267000352073,0.51,89.97871398925781,0.0
-0.01652,4.847078035508323,0.228,89.99176025390625,-57.32872535066932
-0.01652,4.847078035508323,0.228,89.99176025390625,0.0
-0.01593,4.826265047227073,0.0959999999999999,89.99794006347656,-26.30005977284048
-0.01593,4.826265047227073,0.0959999999999999,89.99794006347656,0.0
-0.01652,4.857484529648948,0.0479999999999999,89.99725341796875,-9.642426677364274
-0.01652,4.857484529648948,0.0479999999999999,89.99725341796875,0.0
-0.01593,4.847078035508323,0.036,90.0,-2.4742268041285507
-0.01593,4.847078035508323,0.036,90.0,0.0
-0.01652,4.847078035508323,0.042,90.00205993652344,1.1890606420910486
-0.01652,4.847078035508323,0.042,90.00205993652344,0.0
-0.0177,4.857484529648948,0.0059999999999999,90.00205993652344,-7.182761372714731
-0.0177,4.857484529648948,0.0059999999999999,90.00205993652344,0.0
-0.01593,4.857484529648948,0.0059999999999999,90.00068664550781,0.0
-0.01593,4.847078035508323,0.0059999999999999,90.00068664550781,0.0
-0.01829,4.836671541367698,-0.0059999999999999,90.00480651855469,-2.419842710224043
-0.01829,4.836671541367698,-0.0059999999999999,90.00480651855469,0.0
-0.01652,4.847078035508323,-0.0,90.00274658203125,1.198801198801888
-0.01652,4.847078035508323,-0.0,90.00274658203125,0.0
-0.0188799999999999,4.847078035508323,0.0059999999999999,90.00480651855469,1.2038523274494517
-0.01829,4.847078035508323,-0.0239999999999999,90.00274658203125,-5.973715651121927
-0.01829,4.847078035508323,-0.0239999999999999,90.00274658203125,0.0
-0.01829,4.847078035508323,0.0119999999999999,90.00205993652344,7.0161761839912336
-0.01829,4.847078035508323,0.0119999999999999,90.00205993652344,0.0
-0.01829,4.847078035508323,-0.018,90.00343322753906,-5.960659646337253
-0.01829,4.847078035508323,-0.018,90.00343322753906,0.0
-0.0177,4.847078035508323,-0.0239999999999999,90.00274658203125,-1.1964107676968383
-0.0177,4.847078035508323,-0.0239999999999999,90.00274658203125,0.0
-0.0188799999999999,4.847078035508323,-0.0,90.00343322753906,4.914004914000761
-0.0188799999999999,4.847078035508323,-0.0,90.00343322753906,0.0
-0.0188799999999999,4.847078035508323,0.018,90.00480651855469,3.63416111447576
-0.0188799999999999,4.847078035508323,0.018,90.00480651855469,0.0
-0.0200599999999999,4.878267000352073,-0.0059999999999999,90.00343322753906,-4.809619238484376
-0.0200599999999999,4.878267000352073,-0.0059999999999999,90.00343322753906,0.0
-0.0259599999999999,4.847078035508323,-0.0,90.00274658203125,1.242236024845128
-0.0259599999999999,4.847078035508323,-0.0,90.00274658203125,0.0
-0.0359899999999999,4.878267000352073,-0.0479999999999999,90.00274658203125,-9.85423937588094
-0.0359899999999999,4.878267000352073,-0.0479999999999999,90.00274658203125,0.0
-0.05133,4.857484529648948,-0.33,90.00137329101562,-57.88177339911256
-0.05133,4.857484529648948,-0.33,90.00137329101562,0.0
-0.0696199999999999,4.888673494492698,-0.906,89.98626708984375,-106.64691723770667
-0.0696199999999999,4.888673494492698,-0.906,89.98626708984375,0.0
-0.08791,4.899079988633323,-2.55,89.93545532226562,-326.9689737472889
-0.08791,4.899079988633323,-2.55,89.93545532226562,0.0
-0.08319,4.951081941758323,-4.944,89.81666564941406,-484.5173041906029
-0.08319,4.951081941758323,-4.944,89.81666564941406,0.0
-0.0825999999999999,4.867891023789573,-7.313999999999999,89.61135864257812,-472.2997210050768
-0.0825999999999999,4.867891023789573,-7.313999999999999,89.61135864257812,0.0
-0.0802399999999999,4.899079988633323,-8.892,89.3353271484375,-316.8038546476109
-0.0802399999999999,4.899079988633323,-8.892,89.3353271484375,0.0
-0.0825999999999999,4.847078035508323,-9.438,89.04075622558594,-109.68260345501882
-0.0825999999999999,4.847078035508323,-9.438,89.04075622558594,0.0
-0.07021,4.940675447617698,-9.6,88.72146606445312,-32.4454235930371
-0.07021,4.940675447617698,-9.6,88.72146606445312,0.0
-0.07611,5.055085848008323,-10.254,88.39324951171875,-132.73797442676295
-0.07611,5.055085848008323,-10.254,88.39324951171875,0.0
-0.08732,4.899079988633323,-10.854,88.06365966796875,-118.90606420910468
-0.08732,4.899079988633323,-10.854,88.06365966796875,0.0
-0.0796499999999999,5.023866365586448,-12.234,87.67433166503906,-275.9448110381828
-0.0796499999999999,5.023866365586448,-12.234,87.67433166503906,0.0
-0.0796499999999999,5.034272859727073,-13.308,87.28019714355469,-178.67243387121
-0.0796499999999999,5.034272859727073,-13.308,87.28019714355469,0.0
-0.0867299999999999,4.899079988633323,-14.340000000000002,86.81877136230469,-207.56234915488156
-0.0867299999999999,4.899079988633323,-14.340000000000002,86.81877136230469,0.0
-0.09086,4.899079988633323,-14.832,86.34086608886719,-85.56521739121284
-0.09086,4.899079988633323,-14.832,86.34086608886719,0.0
-0.08083,5.023866365586448,-16.062,85.84854125976562,-248.8367388227157
-0.08083,5.023866365586448,-16.062,85.84854125976562,0.0
-0.08083,5.023866365586448,-17.171999999999997,85.29991149902344,-205.0997782702494
-0.08083,5.023866365586448,-17.171999999999997,85.29991149902344,0.0
-0.0867299999999999,4.951081941758323,-17.85,84.72999572753906,-135.95347904552324
-0.0867299999999999,4.951081941758323,-17.85,84.72999572753906,0.0
-0.08968,4.951081941758323,-18.87,84.13673400878906,-197.2157772621149
-0.08968,5.075868318711448,-18.87,84.13673400878906,0.0
-0.07906,5.023866365586448,-19.812,83.52287292480469,-188.62635162154595
-0.07906,5.023866365586448,-19.812,83.52287292480469,0.0
-0.08319,4.847078035508323,-20.568,82.83622741699219,-160.47548291232084
-0.08319,4.847078035508323,-20.568,82.83622741699219,0.0
-0.09204,5.075868318711448,-21.576,82.15370178222656,-202.3690022083596
-0.09204,5.075868318711448,-21.576,82.15370178222656,0.0
-0.0926299999999999,4.971864412461448,-22.776,81.44920349121094,-236.03461841086093
-0.0926299999999999,4.971864412461448,-22.776,81.44920349121094,0.0
-0.08378,4.899079988633323,-23.784,80.68702697753906,-203.22580645115477
-0.08378,4.899079988633323,-23.784,80.68702697753906,0.0
-0.08555,5.023866365586448,-24.75,79.9310302734375,-190.5701321757468
-0.08555,5.023866365586448,-24.75,79.9310302734375,0.0
-0.0843699999999999,4.836671541367698,-25.65,79.07135009765625,-180.5416248744461
-0.0843699999999999,4.836671541367698,-25.65,79.07135009765625,0.0
-0.09558,5.023866365586448,-26.862,78.23982238769531,-240.4284864118358
-0.09558,5.023866365586448,-26.862,78.23982238769531,0.0
-0.0938099999999999,4.836671541367698,-27.582,77.31765747070312,-146.3117252592144
-0.0938099999999999,4.836671541367698,-27.582,77.31765747070312,0.0
-0.0949899999999999,5.023866365586448,-28.338,76.42913818359375,-152.5731584259748
-0.0949899999999999,5.023866365586448,-28.338,76.42913818359375,0.0
-0.0867299999999999,4.847078035508323,-29.394,75.48362731933594,-212.43210621554715
-0.0867299999999999,4.847078035508323,-29.394,75.48362731933594,0.0
-0.0938099999999999,5.023866365586448,-30.666,74.52713012695312,-255.72979493343675
-0.0938099999999999,5.023866365586448,-30.666,74.52713012695312,0.0
-0.08319,4.826265047227073,-31.518,73.49647521972656,-171.290711700698
-0.08319,4.826265047227073,-31.518,73.49647521972656,0.0
-0.09322,4.888673494492698,-32.64,72.48779296875,-223.4614618602194
-0.09322,4.888673494492698,-32.64,72.48779296875,0.0
-0.0867299999999999,4.857484529648948,-33.408,71.36993408203125,-151.38971023075567
-0.0867299999999999,4.857484529648948,-33.408,71.36993408203125,0.0
-0.0902699999999999,4.670289705430198,-34.308,70.30426025390625,-183.2247557001588
-0.0902699999999999,4.670289705430198,-34.308,70.30426025390625,0.0
-0.08732,4.857484529648948,-35.28,69.20150756835938,-193.01032565567212
-0.08732,4.857484529648948,-35.28,69.20150756835938,0.0
-0.0944,4.545472810898948,-36.54,68.01155090332031,-250.00000000030028
-0.0944,4.545472810898948,-36.54,68.01155090332031,0.0
-0.09086,4.722291658555198,-37.62,66.81884765625,-217.4350714713752
-0.09086,4.722291658555198,-37.62,66.81884765625,0.0
-0.0890899999999999,4.670289705430198,-38.214,65.56365966796875,-122.47422680400568
-0.0890899999999999,4.670289705430198,-38.214,65.56365966796875,0.0
-0.08496,4.327089021836448,-38.832,64.33387756347656,-123.94705174518027
-0.08496,4.327089021836448,-38.832,64.33387756347656,0.0
-0.08968,4.347871492539573,-39.144,63.02032470703124,-62.61288380481126
-0.08968,4.347871492539573,-39.144,63.02032470703124,0.0
-0.08555,4.347871492539573,-39.15,61.80358886718749,-1.1811023622032266
-0.08555,4.441468904648948,-39.15,61.80358886718749,0.0
-0.08614,4.347871492539573,-39.138,60.497589111328125,2.401921537227206
-0.08614,4.347871492539573,-39.138,60.497589111328125,0.0
-0.08555,4.202272127305198,-38.772,59.24583435058593,74.57212713935881
-0.08555,4.202272127305198,-38.772,59.24583435058593,0.0
-0.0890899999999999,4.399873445664573,-38.898,57.973480224609375,-25.70379436963923
-0.0890899999999999,4.399873445664573,-38.898,57.973480224609375,0.0
-0.08732,4.472688387070823,-39.054,56.722412109375,-31.35048231511732
-0.08732,4.472688387070823,-39.054,56.722412109375,0.0
-0.08142,4.035890291367698,-39.042,55.421905517578125,2.4742268041214155
-0.08142,4.035890291367698,-39.042,55.421905517578125,0.0
-0.08142,4.098268221055198,-38.922,54.17701721191406,24.625487379421177
-0.08142,4.098268221055198,-38.922,54.17701721191406,0.0
-0.08378,4.077485750352073,-38.868,52.94654846191406,10.68249258160412
-0.08378,4.077485750352073,-38.868,52.94654846191406,0.0
-0.0820099999999999,3.734285066758323,-39.048,51.66664123535156,-35.46099290778374
-0.0820099999999999,3.734285066758323,-39.048,51.66664123535156,0.0
-0.08142,3.744691560898948,-39.198,50.44303894042969,-29.797377830780945
-0.08142,3.744691560898948,-39.198,50.44303894042969,0.0
-0.0755199999999999,3.775880525742698,-39.108,49.10820007324219,18.3224755700166
-0.0755199999999999,3.775880525742698,-39.108,49.10820007324219,0.0
-0.07729,3.703065584336448,-38.868,47.885284423828125,47.27201103013492
-0.07729,3.703065584336448,-38.868,47.885284423828125,0.0
-0.0755199999999999,3.599092195664573,-38.952,46.60125732421875,-16.918429003025285
-0.0755199999999999,3.599092195664573,-38.952,46.60125732421875,0.0
-0.07611,3.682283113633323,-39.156,45.35636901855469,-40.46816107910593
-0.07611,3.682283113633323,-39.156,45.35636901855469,0.0
-0.07316,3.682283113633323,-39.084,44.06341552734375,14.38561438562202
-0.07316,3.682283113633323,-39.084,44.06341552734375,0.0
-0.07021,3.307862947617698,-38.964,42.77801513671875,23.94731590502852
-0.07021,3.307862947617698,-38.964,42.77801513671875,0.0
-0.07316,3.359864900742698,-38.952,41.55441284179688,2.42522231204593
-0.07316,3.359864900742698,-38.952,41.55441284179688,0.0
-0.07257,3.276673982773948,-39.006,40.29510498046875,-10.686720759937064
-0.07257,3.276673982773948,-39.006,40.29510498046875,0.0
-0.06844,3.016664217148948,-39.3,39.00764465332031,-56.41911341405566
-0.06844,3.016664217148948,-39.3,39.00764465332031,0.0
-0.06608,2.985475252305198,-39.102,37.72361755371094,39.967702866272944
-0.06608,2.985475252305198,-39.102,37.72361755371094,0.0
-0.07021,3.006288240586448,-38.76,36.45195007324219,67.87060924772263
-0.07021,3.006288240586448,-38.76,36.45195007324219,0.0
-0.06903,2.902284334336448,-39.012,35.21942138671875,-50.29940119761907
-0.06903,2.902284334336448,-39.012,35.21942138671875,0.0
-0.06608,2.808686922227073,-39.216,33.98139953613281,-42.332434114982064
-0.06608,2.808686922227073,-39.216,33.98139953613281,0.0
-0.0672599999999999,2.808686922227073,-39.228,32.67951965332031,-2.4033647105954463
-0.0672599999999999,2.808686922227073,-39.228,32.67951965332031,0.0
-0.06372,2.704683015977073,-39.00000000000001,31.40922546386719,46.0792239288698
-0.06372,2.704683015977073,-39.00000000000001,31.40922546386719,0.0
-0.07021,2.496675203477073,-38.916,30.135498046875,16.736401673627793
-0.07021,2.496675203477073,-38.916,30.135498046875,0.0
-0.0672599999999999,2.413484285508323,-39.162,28.855590820312496,-49.10179640719953
-0.0672599999999999,2.413484285508323,-39.162,28.855590820312496,0.0
-0.06844,2.392671297227073,-39.15,27.602462768554688,2.463054187189187
-0.06844,2.392671297227073,-39.15,27.602462768554688,0.0
-0.0631299999999999,2.392671297227073,-39.00000000000001,26.312255859375,30.272452068644064
-0.0631299999999999,2.111879060898948,-39.00000000000001,26.312255859375,0.0
-0.0631299999999999,2.111879060898948,-38.85,25.05088806152344,30.229746070096823
-0.0631299999999999,2.111879060898948,-38.85,25.05088806152344,0.0
-0.06372,2.111879060898948,-39.006,23.801193237304688,-31.29388164490379
-0.06372,2.111879060898948,-39.006,23.801193237304688,0.0
-0.05959,1.893464754258323,-39.144,22.51922607421875,-27.61104441776396
-0.05959,1.893464754258323,-39.144,22.51922607421875,0.0
-0.0560499999999999,1.851869295273948,-39.204,21.23451232910156,-12.060301507533955
-0.0560499999999999,1.851869295273948,-39.204,21.23451232910156,0.0
-0.0572299999999999,1.727082918320823,-38.85,19.996490478515625,71.68894289192178
-0.0572299999999999,1.727082918320823,-38.85,19.996490478515625,0.0
-0.06136,1.591890047227073,-38.892,18.77357482910156,-8.374875373878325
-0.06136,1.591890047227073,-38.892,18.77357482910156,0.0
-0.0560499999999999,1.425477693711448,-39.108,17.477874755859375,-43.01931886078971
-0.0560499999999999,1.425477693711448,-39.108,17.477874755859375,0.0
-0.0548699999999999,1.363069246445823,-39.3,16.21307373046875,-38.64734299512874
-0.0548699999999999,1.363069246445823,-39.3,16.21307373046875,0.0
-0.05015,1.259065340195823,-38.892,14.909820556640623,82.2912464703163
-0.05015,1.259065340195823,-38.892,14.909820556640623,0.0
-0.0507399999999999,1.165467928086448,-38.88,13.664932250976562,2.380952380955335
-0.0507399999999999,1.165467928086448,-38.88,13.664932250976562,0.0
-0.0507399999999999,1.009462068711448,-38.98199999999999,12.416610717773438,-20.910209102128192
-0.0507399999999999,1.009462068711448,-38.98199999999999,12.416610717773438,0.0
-0.0519199999999999,0.978273103867698,-39.156,11.17034912109375,-34.18467583500139
-0.0519199999999999,0.978273103867698,-39.156,11.17034912109375,0.0
-0.04602,0.707887361680198,-39.27,9.894561767578123,-23.23211738331717
-0.04602,0.707887361680198,-39.27,9.894561767578123,0.0
-0.04779,0.697480867539573,-38.928,8.635940551757812,69.28687196109323
-0.04779,0.697480867539573,-38.928,8.635940551757812,0.0
-0.0495599999999999,0.666291902695823,-38.98800000000001,7.421951293945312,-10.88139281830037
-0.0495599999999999,0.666291902695823,-38.98800000000001,7.421951293945312,0.0
-0.04602,0.4998795491801979,-39.21,6.14410400390625,-45.473166734990585
-0.04602,0.4998795491801979,-39.21,6.14410400390625,0.0
-0.04248,0.4686905843364479,-39.192,4.862823486328125,3.70904595096052
-0.04248,0.4686905843364479,-39.192,4.862823486328125,0.0
-0.04366,0.3126847249614479,-39.018,3.622055053710937,34.82786228979306
-0.04366,0.3126847249614479,-39.018,3.622055053710937,0.0
-0.04425,0.1878678304301979,-38.958,2.38128662109375,12.287528158938237
-0.04425,0.1878678304301979,-38.958,2.38128662109375,0.0
-0.0412999999999999,0.0838639241801979,-39.018,1.0951995849609375,-12.050612572792106
-0.0412999999999999,0.0838639241801979,-39.018,1.0951995849609375,0.0
-0.04189,-0.030515958632302,-39.21,-0.1483154296875,-38.91366031612804
-0.04189,-0.030515958632302,-39.21,-0.1483154296875,0.0
-0.0389399999999999,-0.155332853163552,-39.216,-1.4591217041015625,-1.206515181981108
-0.0389399999999999,-0.155332853163552,-39.216,-1.4591217041015625,0.0
-0.03835,-0.363310148085427,-38.98199999999999,-2.7198028564453125,46.072061429462806
-0.03835,-0.363310148085427,-38.98199999999999,-2.7198028564453125,0.0
-0.03835,-0.342527677382302,-39.162,-3.9351654052734375,-35.094560343171345
-0.03835,-0.342527677382302,-39.162,-3.9351654052734375,0.0
-0.0371699999999999,-0.488127042616677,-39.120000000000005,-5.210952758789063,8.334987100619959
-0.0371699999999999,-0.488127042616677,-39.120000000000005,-5.210952758789063,0.0
-0.0359899999999999,-0.768919278944802,-39.276,-6.4881134033203125,-30.83003952568972
-0.0359899999999999,-0.768919278944802,-39.276,-6.4881134033203125,0.0
-0.0336299999999999,-0.727323819960427,-39.084,-7.792739868164062,38.50782190130538
-0.0336299999999999,-0.727323819960427,-39.084,-7.792739868164062,0.0
-0.0377599999999999,-0.706510831679177,-38.772,-9.054794311523438,62.38752249541279
-0.0377599999999999,-0.706510831679177,-38.772,-9.054794311523438,0.0
-0.03658,-1.028929044569802,-38.934,-10.276336669921877,-32.2837783978152
-0.03658,-1.028929044569802,-38.934,-10.276336669921877,0.0
-0.0336299999999999,-1.028929044569802,-39.228,-11.591949462890623,-60.69364161842751
-0.0336299999999999,-1.028929044569802,-39.228,-11.591949462890623,0.0
-0.0336299999999999,-1.122526456679177,-39.174,-12.827911376953123,11.09513047050612
-0.0336299999999999,-1.122526456679177,-39.174,-12.827911376953123,0.0
-0.0336299999999999,-1.309721280897927,-39.042,-14.105758666992188,26.84563758385913
-0.0336299999999999,-1.309721280897927,-39.042,-14.105758666992188,0.0
-0.03009,-1.517729093397927,-39.3,-15.369186401367186,-52.0266182698169
-0.03009,-1.517729093397927,-39.3,-15.369186401367186,0.0
-0.03127,-1.600920011366677,-39.294,-16.594161987304688,1.2028869286293988
-0.03127,-1.600920011366677,-39.294,-16.594161987304688,0.0
-0.0277299999999999,-1.548918058241677,-39.27,-17.909774780273438,4.8840048840042005
-0.0277299999999999,-1.548918058241677,-39.27,-17.909774780273438,0.0
-0.0259599999999999,-1.902525235976052,-39.156,-19.15809631347656,22.91457286431452
-0.0259599999999999,-1.902525235976052,-39.156,-19.15809631347656,0.0
-0.0247799999999999,-1.829710294569802,-39.102,-20.430450439453125,10.97337939444146
-0.0247799999999999,-1.829710294569802,-39.102,-20.430450439453125,0.0
-0.0253699999999999,-1.933714200819802,-39.102,-21.682205200195312,0.0
-0.0241899999999999,-2.110533048476052,-39.276,-22.95867919921875,-35.017106057539394
-0.0241899999999999,-2.110533048476052,-39.276,-22.95867919921875,0.0
-0.02183,-2.183317472304177,-39.21,-24.2138671875,13.363028953248456
-0.02183,-2.183317472304177,-39.21,-24.2138671875,0.0
-0.0236,-2.297727872694802,-39.15,-25.484161376953125,11.97365795251426
-0.0236,-2.297727872694802,-39.15,-25.484161376953125,0.0
-0.02242,-2.401731778944802,-39.108,-26.73866271972656,8.597748208799997
-0.02242,-2.401731778944802,-39.108,-26.73866271972656,0.0
-0.0200599999999999,-2.682524015272927,-39.306,-28.02886962890625,-39.95963673061252
-0.0200599999999999,-2.682524015272927,-39.306,-28.02886962890625,0.0
-0.01829,-2.609709073866677,-39.426,-29.294357299804688,-24.37538086537197
-0.01829,-2.609709073866677,-39.426,-29.294357299804688,0.0
-0.01829,-2.661711026991677,-38.952,-30.5859375,95.52599758177668
-0.01829,-2.661711026991677,-38.952,-30.5859375,0.0
-0.01829,-2.942533780897927,-39.168,-31.79855346679687,-42.98507462695847
-0.01829,-2.942533780897927,-39.168,-31.79855346679687,0.0
-0.01593,-2.880125333632302,-39.324,-33.123779296875,-31.013916500963123
-0.01593,-2.880125333632302,-39.324,-33.123779296875,0.0
-0.01829,-2.963316251601052,-39.246,-34.33708190917969,15.258215962449766
-0.01829,-2.963316251601052,-39.246,-34.33708190917969,0.0
-0.01475,-3.067320157851052,-39.18599999999999,-35.64239501953125,12.028869286295413
-0.01475,-3.067320157851052,-39.18599999999999,-35.64239501953125,0.0
-0.0135699999999999,-3.233732511366677,-39.228,-36.92436218261719,-8.369868473485724
-0.0135699999999999,-3.233732511366677,-39.228,-36.92436218261719,0.0
-0.01416,-3.244108487929177,-39.222,-38.1719970703125,1.2099213551120875
-0.01416,-3.244108487929177,-39.222,-38.1719970703125,0.0
-0.01534,-3.316923429335427,-39.198,-39.45533752441406,4.806729421190893
-0.01534,-3.316923429335427,-39.198,-39.45533752441406,0.0
-0.0094399999999999,-3.691313077772927,-39.336,-40.724945068359375,-27.923917442331906
-0.0094399999999999,-3.691313077772927,-39.336,-40.724945068359375,0.0
-0.0100299999999999,-3.514524747694802,-39.234,-41.9512939453125,20.58526740661944
-0.0100299999999999,-3.514524747694802,-39.234,-41.9512939453125,0.0
-0.0123899999999999,-3.587309171522927,-39.174,-43.20648193359375,12.091898428038728
-0.0123899999999999,-3.587309171522927,-39.174,-43.20648193359375,0.0
-0.0094399999999999,-3.992918302382302,-39.204,-44.49531555175781,-6.151322534353493
-0.0094399999999999,-3.992918302382302,-39.204,-44.49531555175781,0.0
-0.0094399999999999,-3.868131925429177,-39.444,-45.75050354003906,-48.494645382942124
-0.0094399999999999,-3.868131925429177,-39.444,-45.75050354003906,0.0
-0.00826,-3.868131925429177,-39.402,-46.978912353515625,8.457511075295004
-0.00826,-3.795316984022927,-39.402,-46.978912353515625,0.0
-0.00885,-3.972135831679177,-39.294,-48.2244873046875,21.97355035606762
-0.00885,-3.972135831679177,-39.294,-48.2244873046875,0.0
-0.0047199999999999,-4.117735196913552,-39.492,-49.47761535644531,-39.8069963811482
-0.0047199999999999,-4.117735196913552,-39.492,-49.47761535644531,0.0
-0.0064899999999999,-4.159330655897927,-39.438,-50.72113037109375,10.940032414908243
-0.0064899999999999,-4.159330655897927,-39.438,-50.72113037109375,0.0
-0.0047199999999999,-4.200926114882302,-39.15,-52.01202392578125,57.796508127519296
-0.0047199999999999,-4.200926114882302,-39.15,-52.01202392578125,0.0
-0.00354,-4.596128751601052,-39.234,-53.26446533203125,-17.554858934176316
-0.00354,-4.596128751601052,-39.234,-53.26446533203125,0.0
-0.00531,-4.252928068007302,-39.456,-54.515533447265625,-45.22305968631073
-0.00531,-4.252928068007302,-39.456,-54.515533447265625,0.0
-0.00531,-4.096922208632302,-39.168,-55.80986022949219,57.80810919311603
-0.00531,-4.096922208632302,-39.168,-55.80986022949219,0.0
-0.0023599999999999,-4.700132657851052,-39.486,-57.08221435546875,-63.25840461509905
-0.0023599999999999,-4.700132657851052,-39.486,-57.08221435546875,0.0
-0.00177,-4.668913175429177,-39.504,-58.325042724609375,-3.8273442483471
-0.00177,-4.668913175429177,-39.504,-58.325042724609375,0.0
-0.00354,-4.627317716444802,-39.402,-59.60289001464844,20.510758093677406
-0.00354,-4.627317716444802,-39.402,-59.60289001464844,0.0
-0.0005899999999999,-4.596128751601052,-39.33,-60.89172363281249,14.516129032267491
-0.0005899999999999,-4.596128751601052,-39.33,-60.89172363281249,0.0
-0.0005899999999999,-4.856107999647927,-39.372,-62.15652465820313,-8.333333333320175
-0.0005899999999999,-4.856107999647927,-39.372,-62.15652465820313,0.0
-0.00177,-4.408933927382302,-39.342,-63.442611694335945,6.069188751756331
-0.00177,-4.408933927382302,-39.342,-63.442611694335945,0.0
-0.0,-4.408933927382302,-38.85,-64.69711303710938,95.40430482844414
-0.0,-4.388120939101052,-38.85,-64.69711303710938,0.0
0.0005899999999999,-4.908109952772927,-38.154,-65.98251342773438,141.43466775057303
0.0005899999999999,-4.908109952772927,-38.154,-65.98251342773438,0.0
-0.0,-4.835325528944802,-37.206,-67.20268249511719,193.74616799526956
-0.0,-4.835325528944802,-37.206,-67.20268249511719,0.0
-0.0,-4.835325528944802,-36.378,-68.38096618652344,164.90738896636574
-0.0,-4.835325528944802,-36.378,-68.38096618652344,0.0
0.00295,-5.292936612929177,-35.436,-69.51393127441406,190.1493742431164
0.00295,-5.292936612929177,-35.436,-69.51393127441406,0.0
0.00295,-5.084928800429177,-34.614000000000004,-70.675048828125,165.6924007258449
0.00295,-5.084928800429177,-34.614000000000004,-70.675048828125,0.0
0.0023599999999999,-5.147337247694802,-33.384,-71.72698974609375,248.7864077665412
0.0023599999999999,-5.147337247694802,-33.384,-71.72698974609375,0.0
0.0059,-5.324125577772927,-32.42399999999999,-72.81875610351562,190.2874132806461
0.0059,-5.324125577772927,-32.42399999999999,-72.81875610351562,0.0
0.00295,-5.084928800429177,-31.368,-73.80683898925781,213.8084632513508
0.00295,-5.084928800429177,-31.368,-73.80683898925781,0.0
0.0059,-5.261717130507302,-30.57,-74.83680725097656,161.5711682524418
0.0059,-5.261717130507302,-30.57,-74.83680725097656,0.0
0.0047199999999999,-5.209715177382302,-29.67,-75.750732421875,180.68660911460665
0.0047199999999999,-5.209715177382302,-29.67,-75.750732421875,0.0
0.00354,-5.428129484022927,-28.596,-76.71272277832031,214.67119728215147
0.00354,-5.428129484022927,-28.596,-76.71272277832031,0.0
0.0064899999999999,-5.209715177382302,-27.75,-77.60879516601562,170.08443908357333
0.0064899999999999,-5.209715177382302,-27.75,-77.60879516601562,0.0
0.00767,-5.511320401991677,-26.442,-78.49662780761719,260.3503184710312
0.00767,-5.511320401991677,-26.442,-78.49662780761719,0.0
0.00531,-5.220121671522927,-25.572,-79.3377685546875,172.58480460255564
0.00531,-5.220121671522927,-25.572,-79.3377685546875,0.0
0.00826,-5.386534025038552,-24.552,-80.15968322753906,204.3678621517109
0.00826,-5.386534025038552,-24.552,-80.15968322753906,0.0
0.00826,-5.282530118788552,-23.598,-80.91361999511719,191.10576923071423
0.00826,-5.282530118788552,-23.598,-80.91361999511719,0.0
0.01062,-5.272123624647927,-22.842,-81.6448974609375,148.7310643321149
0.01062,-5.272123624647927,-22.842,-81.6448974609375,0.0
0.0100299999999999,-5.386534025038552,-21.474,-82.36106872558594,274.75396666043355
0.0100299999999999,-5.386534025038552,-21.474,-82.36106872558594,0.0
0.0123899999999999,-5.199308683241677,-20.772,-83.04702758789062,144.89164086678082
0.0123899999999999,-5.199308683241677,-20.772,-83.04702758789062,0.0
0.0129799999999999,-5.386534025038552,-19.47,-83.7158203125,268.1219110376844
0.0129799999999999,-5.386534025038552,-19.47,-83.7158203125,0.0
0.0059,-5.064115812147927,-18.126,-84.32693481445312,272.28525121630304
0.0059,-5.064115812147927,-18.126,-84.32693481445312,0.0
0.01062,-5.064115812147927,-17.91,-84.9078369140625,45.38768648869101
0.01062,-5.064115812147927,-17.91,-84.9078369140625,0.0
0.0129799999999999,-5.386534025038552,-16.74,-85.48324584960938,235.27046048630748
0.0129799999999999,-5.386534025038552,-16.74,-85.48324584960938,0.0
0.0118,-5.261717130507302,-15.576,-85.98724365234375,239.60477562789424
0.0118,-5.261717130507302,-15.576,-85.98724365234375,0.0
0.0135699999999999,-5.209715177382302,-15.018,-86.48162841796875,113.41463414637644
0.0135699999999999,-5.209715177382302,-15.018,-86.48162841796875,0.0
0.01475,-5.417722989882302,-13.878,-86.9512939453125,235.9759884084018
0.01475,-5.417722989882302,-13.878,-86.9512939453125,0.0
0.01829,-5.334532071913552,-12.462,-87.3468017578125,281.3431353071193
0.01829,-5.334532071913552,-12.462,-87.3468017578125,0.0
0.00708,-5.334532071913552,-10.566,-87.71896362304688,389.0028723840041
0.00708,-5.084928800429177,-10.566,-87.71896362304688,0.0
0.0118,-5.032926847304177,-11.076,-88.07670593261719,-102.5125628140347
0.0118,-5.032926847304177,-11.076,-88.07670593261719,0.0
0.0177,-5.251310636366677,-10.518,-88.42208862304688,108.68718348270276
0.0177,-5.251310636366677,-10.518,-88.42208862304688,0.0
0.0200599999999999,-5.251310636366677,-9.018,-88.74549865722656,307.1882039734442
0.0200599999999999,-5.251310636366677,-9.018,-88.74549865722656,0.0
0.0188799999999999,-5.126524259413552,-7.35,-89.01123046875,356.56263360422605
0.0188799999999999,-5.126524259413552,-7.35,-89.01123046875,0.0
0.01416,-5.126524259413552,-6.215999999999999,-89.22958374023438,221.48437499977857
0.01416,-5.126524259413552,-6.215999999999999,-89.22958374023438,0.0
0.0118,-5.209715177382302,-5.249999999999999,-89.40879821777344,189.8211829436739
0.0118,-5.209715177382302,-5.249999999999999,-89.40879821777344,0.0
0.01416,-5.261717130507302,-5.004,-89.571533203125,51.18601747813
0.01416,-5.261717130507302,-5.004,-89.571533203125,0.0
0.0194699999999999,-5.220121671522927,-4.308,-89.71366882324219,146.7116357507898
0.0194699999999999,-5.220121671522927,-4.308,-89.71366882324219,0.0
0.0206499999999999,-5.220121671522927,-3.612,-89.83108520507812,138.7836490528355
0.0206499999999999,-5.220121671522927,-3.612,-89.83108520507812,0.0
0.0236,-5.261717130507302,-2.508,-89.93270874023438,227.67580944557525
0.0236,-5.261717130507302,-2.508,-89.93270874023438,0.0
0.02242,-5.303312589491677,-0.78,-89.9835205078125,350.93419983734566
0.02242,-5.303312589491677,-0.78,-89.9835205078125,0.0
0.02183,-5.209715177382302,-0.228,-89.99794006347656,116.06391925987184
0.02183,-5.209715177382302,-0.228,-89.99794006347656,0.0
0.02124,-5.209715177382302,-0.03,-90.00205993652344,39.30911256699237
0.02124,-5.209715177382302,-0.03,-90.00205993652344,0.0
0.0206499999999999,-5.126524259413552,-0.0059999999999999,-90.00274658203125,4.49775112443798
0.0206499999999999,-5.126524259413552,-0.0059999999999999,-90.00274658203125,0.0
0.0206499999999999,-5.199308683241677,-0.0119999999999999,-90.00274658203125,-1.2247397428024367
0.0206499999999999,-5.199308683241677,-0.0119999999999999,-90.00274658203125,0.0
0.0206499999999999,-5.084928800429177,0.018,-90.00137329101562,5.9952038369309575
0.0206499999999999,-5.084928800429177,0.018,-90.00137329101562,0.0
0.0206499999999999,-5.209715177382302,0.0059999999999999,-90.0,-2.40384615384548
0.0206499999999999,-5.209715177382302,0.0059999999999999,-90.0,0.0
0.02242,-5.209715177382302,0.0119999999999999,-90.00274658203125,1.146788990827364
0.02242,-5.209715177382302,0.0119999999999999,-90.00274658203125,0.0
0.02183,-5.209715177382302,-0.0059999999999999,-90.00205993652344,-3.5488958990547004
0.02183,-5.209715177382302,-0.0059999999999999,-90.00205993652344,0.0
0.02242,-5.209715177382302,-0.0,-90.00343322753906,1.1949810794663942
0.02242,-5.209715177382302,-0.0,-90.00343322753906,0.0
0.02242,-5.324125577772927,0.0119999999999999,-90.00411987304688,2.378592666008036
0.02242,-5.324125577772927,0.0119999999999999,-90.00411987304688,0.0
0.0236,-5.428129484022927,0.0059999999999999,-90.00274658203125,-1.2317799219887138
0.0236,-5.428129484022927,0.0059999999999999,-90.00274658203125,0.0
0.02242,-5.386534025038552,-0.0119999999999999,-90.00068664550781,-3.573555687908357
0.02242,-5.386534025038552,-0.0119999999999999,-90.00068664550781,0.0
0.02242,-5.386534025038552,-0.0059999999999999,-90.00137329101562,1.194743130227774
0.02242,-5.386534025038552,-0.0059999999999999,-90.00137329101562,0.0
0.02183,-5.178526212538552,-0.0,-90.00274658203125,1.1406844106479488
0.02183,-5.178526212538552,-0.0,-90.00274658203125,0.0
0.02242,-5.209715177382302,0.0119999999999999,-90.00274658203125,2.3701362828330024
0.02242,-5.188932706679177,-0.0119999999999999,-90.00274658203125,-4.49690837549412
0.02242,-5.188932706679177,-0.0119999999999999,-90.00274658203125,0.0
0.02242,-5.209715177382302,-0.018,-90.0054931640625,-1.1907124429458842
0.02242,-5.209715177382302,-0.018,-90.0054931640625,0.0
0.02242,-5.220121671522927,0.0239999999999999,-90.00343322753906,7.672634271110337
0.02242,-5.220121671522927,0.0239999999999999,-90.00343322753906,0.0
0.02183,-5.240934659804177,0.0059999999999999,-90.00274658203125,-3.735990037359736
0.02183,-5.240934659804177,0.0059999999999999,-90.00274658203125,0.0
0.02242,-5.230528165663552,-0.018,-90.00480651855469,-4.819277108430507
0.02242,-5.230528165663552,-0.018,-90.00480651855469,0.0
0.0236,-5.251310636366677,0.018,-90.00205993652344,7.135777998024168
0.0236,-5.251310636366677,0.018,-90.00205993652344,0.0
0.0277299999999999,-5.032926847304177,0.018,-90.00205993652344,0.0
0.03658,-5.032926847304177,0.054,-90.00343322753906,7.215874924821599
0.03658,-5.032926847304177,0.054,-90.00343322753906,0.0
0.0495599999999999,-5.084928800429177,0.27,-90.00274658203125,43.02788844619971
0.0495599999999999,-5.084928800429177,0.27,-90.00274658203125,0.0
0.06667,-5.043333341444802,0.642,-89.99107360839844,68.23184152615649
0.06667,-5.043333341444802,0.642,-89.99107360839844,0.0
0.0796499999999999,-5.105711271132302,2.538,-89.94300842285156,379.2758551711876
0.0796499999999999,-5.105711271132302,2.538,-89.94300842285156,0.0
0.08555,-5.084928800429177,3.864,-89.83932495117188,269.7863682605978
0.08555,-5.084928800429177,3.864,-89.83932495117188,0.0
0.0843699999999999,-5.209715177382302,6.545999999999999,-89.67933654785156,529.5162882525187
0.0843699999999999,-5.209715177382302,6.545999999999999,-89.67933654785156,0.0
0.08555,-5.095335294569802,8.274,-89.44244384765625,327.5829383878998
0.08555,-5.095335294569802,8.274,-89.44244384765625,0.0
0.07611,-5.084928800429177,9.492,-89.154052734375,234.4110854497968
0.07611,-5.084928800429177,9.492,-89.154052734375,0.0
0.07906,-5.230528165663552,10.122,-88.846435546875,125.74850299368956
0.07906,-5.230528165663552,10.122,-88.846435546875,0.0
0.0796499999999999,-5.209715177382302,10.422,-88.49830627441406,55.74136008921393
0.0796499999999999,-5.209715177382302,10.422,-88.49830627441406,0.0
0.08555,-5.188932706679177,10.674,-88.15292358398438,50.51112447375097
0.08555,-5.188932706679177,10.674,-88.15292358398438,0.0
0.08968,-5.105711271132302,11.13,-87.79655456542969,91.29129129114396
0.08968,-5.105711271132302,11.13,-87.79655456542969,0.0
0.09086,-5.136930753554177,12.516,-87.4346923828125,260.6242948475596
0.09086,-5.136930753554177,12.516,-87.4346923828125,0.0
0.0796499999999999,-5.084928800429177,13.998,-87.00485229492188,296.0447463047589
0.0796499999999999,-5.084928800429177,13.998,-87.00485229492188,0.0
0.08732,-5.084928800429177,15.048000000000002,-86.52969360351562,213.5014233426695
0.08732,-5.084928800429177,15.048000000000002,-86.52969360351562,0.0
0.08732,-5.032926847304177,15.714,-86.033935546875,133.25330132089343
0.08732,-5.032926847304177,15.714,-86.033935546875,0.0
0.0843699999999999,-5.209715177382302,16.805999999999997,-85.52787780761719,222.13181448293145
0.0843699999999999,-5.209715177382302,16.805999999999997,-85.52787780761719,0.0
0.0885,-5.126524259413552,17.898,-84.957275390625,219.98388396449735
0.0885,-5.126524259413552,17.898,-84.957275390625,0.0
0.08378,-5.064115812147927,18.42,-84.35302734375,103.65369340738354
0.08378,-5.064115812147927,18.42,-84.35302734375,0.0
0.0843699999999999,-5.084928800429177,19.38,-83.78379821777344,191.4257228314968
0.0843699999999999,-5.084928800429177,19.38,-83.78379821777344,0.0
0.08555,-5.292936612929177,20.736,-83.12255859375,289.6816919467331
0.08555,-5.292936612929177,20.736,-83.12255859375,0.0
0.09086,-5.053709318007302,21.408,-82.43659973144531,132.54437869850602
0.09086,-5.053709318007302,21.408,-82.43659973144531,0.0
0.0914499999999999,-5.147337247694802,22.494,-81.74171447753906,218.379247938572
0.0914499999999999,-5.147337247694802,22.494,-81.74171447753906,0.0
0.08791,-4.980924894179177,23.574,-80.98983764648438,216.86746987937408
0.08791,-4.980924894179177,23.574,-80.98983764648438,0.0
0.08614,-5.074522306288552,24.264,-80.25924682617188,139.00080580214004
0.08614,-5.074522306288552,24.264,-80.25924682617188,0.0
0.0944,-5.074522306288552,25.464,-79.41810607910156,228.0068402052341
0.0944,-5.074522306288552,25.464,-79.41810607910156,0.0
0.08319,-4.908109952772927,26.49,-78.61404418945312,190.35250463802265
0.08319,-4.908109952772927,26.49,-78.61404418945312,0.0
0.0820099999999999,-5.032926847304177,27.726,-77.73582458496094,246.2641960547789
0.0820099999999999,-5.032926847304177,27.726,-77.73582458496094,0.0
0.08142,-5.012113859022927,28.302,-76.82945251464844,112.39024390229204
0.08142,-5.012113859022927,28.302,-76.82945251464844,0.0
0.0914499999999999,-5.209715177382302,29.196,-75.8935546875,176.7497034399088
0.0914499999999999,-5.209715177382302,29.196,-75.8935546875,0.0
0.0926299999999999,-5.032926847304177,30.294,-74.95559692382812,221.0589893292316
0.0926299999999999,-5.032926847304177,30.294,-74.95559692382812,0.0
0.08732,-5.188932706679177,31.446,-73.96133422851562,226.05965463068983
0.08732,-5.188932706679177,31.446,-73.96133422851562,0.0
0.08496,-5.105711271132302,32.274,-72.93617248535156,159.90730011628912
0.08496,-5.105711271132302,32.274,-72.93617248535156,0.0
0.08496,-4.897733976210427,33.516,-71.85470581054688,229.06676503152988
0.08496,-4.897733976210427,33.516,-71.85470581054688,0.0
0.08614,-5.105711271132302,34.434,-70.76362609863281,185.00604594951523
0.08614,-5.105711271132302,34.434,-70.76362609863281,0.0
0.0914499999999999,-4.856107999647927,35.142,-69.63340759277344,123.58177692437064
0.0914499999999999,-4.856107999647927,35.142,-69.63340759277344,0.0
0.08378,-4.835325528944802,36.336,-68.49220275878906,237.89599521796504
0.08378,-4.835325528944802,36.336,-68.49220275878906,0.0
0.09086,-4.908109952772927,37.254,-67.30636596679688,188.15331010443228
0.09086,-4.908109952772927,37.254,-67.30636596679688,0.0
0.09322,-4.616911222304177,38.13,-66.09512329101562,174.8154061067025
0.09322,-4.616911222304177,38.13,-66.09512329101562,0.0
0.09204,-4.471311857069802,39.282,-64.81796264648438,199.101278949169
0.09204,-4.471311857069802,39.282,-64.81796264648438,0.0
0.09322,-4.866514493788552,40.218,-63.5991668701172,192.9101401484084
0.09322,-4.866514493788552,40.218,-63.5991668701172,0.0
0.0902699999999999,-4.554533292616677,41.31,-62.20184326171874,225.48007433437252
0.0902699999999999,-4.554533292616677,41.31,-62.20184326171874,0.0
0.08732,-4.440122892226052,41.916,-60.90476989746094,118.38249658151432
0.08732,-4.440122892226052,41.916,-60.90476989746094,0.0
0.0820099999999999,-4.564909269179177,42.348,-59.54315185546874,94.96592657732762
0.0820099999999999,-4.564909269179177,42.348,-59.54315185546874,0.0
0.0796499999999999,-4.752134610976052,42.342,-58.17260742187501,-1.1750881316104136
0.0796499999999999,-4.752134610976052,42.342,-58.17260742187501,0.0
0.08142,-4.211332609022927,42.37200000000001,-56.81510925292969,6.5104166666619445
0.08142,-4.211332609022927,42.37200000000001,-56.81510925292969,0.0
0.08142,-4.159330655897927,42.252,-55.43083190917969,-24.242424242385965
0.08142,-4.159330655897927,42.252,-55.43083190917969,0.0
0.07906,-4.180113126601052,42.39,-54.10560607910156,28.18627450979069
0.07906,-4.180113126601052,42.39,-54.10560607910156,0.0
0.0820099999999999,-4.325712491835427,42.276,-52.734375,-22.82282282278536
0.0820099999999999,-4.325712491835427,42.276,-52.734375,0.0
0.07729,-3.909727384413552,42.36599999999999,-51.381683349609375,18.614270941052872
0.07729,-3.909727384413552,42.36599999999999,-51.381683349609375,0.0
0.07729,-3.826536466444802,42.258,-49.994659423828125,-21.535393818541436
0.07729,-3.826536466444802,42.258,-49.994659423828125,0.0
0.07729,-3.816129972304177,42.252,-48.62754821777344,-1.1804052724738463
0.07729,-3.816129972304177,42.252,-48.62754821777344,0.0
0.0755199999999999,-3.951322843397927,42.186,-47.32635498046875,-13.338722716252615
0.0755199999999999,-3.951322843397927,42.186,-47.32635498046875,0.0
0.07729,-3.753721525038552,42.378,-45.94482421875,37.55133972231792
0.07729,-3.753721525038552,42.378,-45.94482421875,0.0
0.07316,-3.587309171522927,42.27,-44.57771301269531,-21.58273381295092
0.07316,-3.587309171522927,42.27,-44.57771301269531,0.0
0.0708,-3.587309171522927,42.408,-43.19068908691406,24.74005019720358
0.0708,-3.639311124647927,42.408,-43.19068908691406,0.0
0.0767,-3.701719571913552,42.37200000000001,-41.84417724609375,-7.128712871290068
0.0767,-3.701719571913552,42.37200000000001,-41.84417724609375,0.0
0.07021,-3.680937101210427,42.402,-40.48736572265625,5.2456723203224325
0.07021,-3.680937101210427,42.402,-40.48736572265625,0.0
0.0696199999999999,-3.472929288710427,42.168000000000006,-39.11750793457031,-46.50238473767848
0.0696199999999999,-3.472929288710427,42.168000000000006,-39.11750793457031,0.0
0.07139,-3.472929288710427,42.18000000000001,-37.722930908203125,2.401921537234038
0.07139,-3.275327970351052,42.18000000000001,-37.722930908203125,0.0
0.06785,-3.140135099257302,42.246,-36.39152526855469,13.194722111179932
0.06785,-3.140135099257302,42.246,-36.39152526855469,0.0
0.07021,-3.358518888319802,42.432,-35.04364013671875,37.22978382702027
0.07021,-3.358518888319802,42.432,-35.04364013671875,0.0
0.06785,-2.984129239882302,42.132,-33.63807678222656,-60.96321885800666
0.06785,-2.984129239882302,42.132,-33.63807678222656,0.0
0.06372,-2.828123380507302,42.282,-32.28126525878906,31.06233174569721
0.06372,-2.828123380507302,42.282,-32.28126525878906,0.0
0.06844,-2.713712980116677,42.3,-30.9375,3.630496167808262
0.06844,-2.713712980116677,42.3,-30.9375,0.0
0.06372,-2.890531827772927,42.37200000000001,-29.597167968750004,14.583755317001456
0.06372,-2.890531827772927,42.37200000000001,-29.597167968750004,0.0
0.06136,-2.536924650038552,42.21,-28.18267822265625,-32.458425165272985
0.06136,-2.536924650038552,42.21,-28.18267822265625,0.0
0.0631299999999999,-2.276914884413552,42.072,-26.83135986328125,-27.181406342327787
0.0631299999999999,-2.276914884413552,42.072,-26.83135986328125,0.0
0.06136,-2.422514249647927,42.18000000000001,-25.51986694335937,21.699819168126943
0.06136,-2.422514249647927,42.18000000000001,-25.51986694335937,0.0
0.0648999999999999,-2.536924650038552,42.312000000000005,-24.154815673828125,24.793388429810115
0.0648999999999999,-2.536924650038552,42.312000000000005,-24.154815673828125,0.0
0.05782,-2.068937589491677,42.312000000000005,-22.768478393554688,0.0
0.05782,-2.016935636366677,42.252,-21.38832092285156,-12.12366134573589
0.05782,-2.016935636366677,42.252,-21.38832092285156,0.0
0.05664,-1.902525235976052,42.228,-20.0335693359375,-4.810583283228284
0.05664,-1.902525235976052,42.228,-20.0335693359375,0.0
0.0572299999999999,-1.954527189101052,42.198,-18.72962951660156,-6.136224176734178
0.0572299999999999,-1.954527189101052,42.198,-18.72962951660156,0.0
0.0542799999999999,-1.954527189101052,42.144,-17.35015869140625,-10.084033613429456
0.0542799999999999,-1.725736905897927,42.144,-17.35015869140625,0.0
0.0536899999999999,-1.351316739882302,42.048,-15.965881347656252,-18.923713778790745
0.0536899999999999,-1.351316739882302,42.048,-15.965881347656252,0.0
0.0530999999999999,-1.382536222304177,42.204,-14.650268554687502,32.284768211870194
0.0530999999999999,-1.382536222304177,42.204,-14.650268554687502,0.0
0.0542799999999999,-1.580137540663552,42.258,-13.251571655273438,10.104790419173789
0.0542799999999999,-1.580137540663552,42.258,-13.251571655273438,0.0
0.0495599999999999,-1.205717374647927,42.234,-11.896820068359377,-4.824120603013583
0.0495599999999999,-1.205717374647927,42.234,-11.896820068359377,0.0
0.0483799999999999,-0.914518644179177,42.138000000000005,-10.513916015625,-18.597442851561237
0.0483799999999999,-0.914518644179177,42.138000000000005,-10.513916015625,0.0
0.04602,-0.779325773085427,42.132,-9.163284301757812,-1.1954572624032995
0.04602,-0.779325773085427,42.132,-9.163284301757812,0.0
0.04779,-1.216123868788552,42.156000000000006,-7.798233032226562,4.775169120573795
0.04779,-1.216123868788552,42.156000000000006,-7.798233032226562,0.0
0.04661,-0.789732267226052,42.276,-6.381683349609375,23.631350925572495
0.04661,-0.789732267226052,42.276,-6.381683349609375,0.0
0.04189,-0.508909513319802,41.952,-5.024185180664063,-64.27296171405615
0.04189,-0.508909513319802,41.952,-5.024185180664063,0.0
0.04366,-0.550535489882302,42.018,-3.648147583007813,13.22910402887778
0.04366,-0.550535489882302,42.018,-3.648147583007813,0.0
0.0472,-0.706510831679177,42.03,-2.283782958984375,2.363600551506886
0.0472,-0.706510831679177,42.03,-2.283782958984375,0.0
0.0401199999999999,-0.238523771132302,42.234,-0.9441375732421874,40.54054054054127
0.0401199999999999,-0.238523771132302,42.234,-0.9441375732421874,0.0
0.04071,-0.134519864882302,42.042,0.4504394531249999,-38.20895522385487
0.04071,-0.134519864882302,42.042,0.4504394531249999,0.0
0.0371699999999999,-0.155332853163552,42.132,1.833343505859375,18.25557809335203
0.0371699999999999,-0.155332853163552,42.132,1.833343505859375,0.0
0.03953,-0.176115323866677,42.168000000000006,3.1695556640625,7.315586262962416
0.03953,-0.176115323866677,42.168000000000006,3.1695556640625,0.0
0.03658,0.1878678304301979,42.24,4.5435333251953125,14.586709886544805
0.03658,0.1878678304301979,42.24,4.5435333251953125,0.0
0.03422,0.3438736898051979,41.85,5.8838653564453125,-77.78220981248256
0.03422,0.3438736898051979,41.85,5.8838653564453125,0.0
0.03422,0.3542801839458229,41.904,7.251663208007812,10.158013544030984
0.03422,0.3542801839458229,41.904,7.251663208007812,0.0
0.0348099999999999,0.4894730550395729,41.952,8.586502075195312,9.63468486551815
0.0348099999999999,0.4894730550395729,41.952,8.586502075195312,0.0
0.03422,0.718263338242698,42.204,9.974212646484377,51.66051660511312
0.03422,0.718263338242698,42.204,9.974212646484377,0.0
0.0295,0.843080232773948,42.126,11.32415771484375,-15.606242496997824
0.0295,0.843080232773948,42.126,11.32415771484375,0.0
0.03068,0.884675691758323,41.99999999999999,12.665176391601562,-21.403091557665498
0.03068,0.884675691758323,41.99999999999999,12.665176391601562,0.0
0.03009,0.853486726914573,42.078,14.002761840820312,15.70048309177306
0.03009,0.853486726914573,42.078,14.002761840820312,0.0
0.0271399999999999,1.123872469102073,42.318,15.39253234863281,47.87552363862423
0.0271399999999999,1.123872469102073,42.318,15.39253234863281,0.0
0.0271399999999999,1.238282869492698,42.048,16.777496337890625,-53.65659777424484
0.0271399999999999,1.238282869492698,42.048,16.777496337890625,0.0
0.0259599999999999,1.238282869492698,42.036,18.1494140625,-2.259461495007863
0.0259599999999999,1.394288728867698,42.036,18.1494140625,0.0
0.0253699999999999,1.415071199570823,41.898,19.460906982421875,-26.83780630109048
0.0253699999999999,1.415071199570823,41.898,19.460906982421875,0.0
0.0241899999999999,1.415071199570823,42.174,20.84312438964844,50.894338926855525
0.0241899999999999,1.612672517930198,42.174,20.84312438964844,0.0
0.0206499999999999,1.758271883164573,42.06,22.232894897460938,-21.521616009066182
0.0206499999999999,1.758271883164573,42.06,22.232894897460938,0.0
0.0236,1.758271883164573,41.862,23.60755920410156,-36.78929765878404
0.0236,1.758271883164573,41.862,23.60755920410156,0.0
0.0236,1.862275789414573,41.928,24.93965148925781,13.2264529057935
0.0236,1.862275789414573,41.928,24.93965148925781,0.0
0.02301,2.111879060898948,42.156000000000006,26.32186889648437,40.80171796715545
0.02301,2.111879060898948,42.156000000000006,26.32186889648437,0.0
0.0177,2.195069978867698,42.09,27.678680419921875,-13.181545835851423
0.0177,2.195069978867698,42.09,27.678680419921875,0.0
0.01829,2.288667390977073,41.99999999999999,29.020385742187504,-17.042226850988357
0.01829,2.288667390977073,41.99999999999999,29.020385742187504,0.0
0.0200599999999999,2.215882967148948,41.88,30.36346435546875,-24.07221664992424
0.0200599999999999,2.215882967148948,41.88,30.36346435546875,0.0
0.0206499999999999,2.455079744492698,42.186,31.709289550781246,58.45272206304802
0.0206499999999999,2.455079744492698,42.186,31.709289550781246,0.0
0.0129799999999999,2.652681062852073,42.294,33.08876037597656,21.61729383504343
0.0129799999999999,2.652681062852073,42.294,33.08876037597656,0.0
0.01416,2.735871980820823,42.036,34.47441101074219,-49.81656690482368
0.01416,2.735871980820823,42.036,34.47441101074219,0.0
0.01534,2.579866121445823,41.892,35.811309814453125,-28.119507908597026
0.01534,2.579866121445823,41.892,35.811309814453125,0.0
0.01475,2.933473299180198,42.09,37.18597412109375,38.033038801374666
0.01475,2.933473299180198,42.09,37.18597412109375,0.0
0.01121,3.110292146836448,42.192,38.60252380371094,20.420420420386755
0.01121,3.110292146836448,42.192,38.60252380371094,0.0
0.01121,3.151887605820823,42.024,39.95246887207031,-30.589949016809346
0.01121,3.151887605820823,42.024,39.95246887207031,0.0
0.0135699999999999,2.891877840195823,41.934000000000005,41.29005432128906,-17.98201798202788
0.0135699999999999,2.891877840195823,41.934000000000005,41.29005432128906,0.0
0.01121,3.328675935898948,42.096,42.69630432128906,31.996839818334013
0.01121,3.328675935898948,42.096,42.69630432128906,0.0
0.0064899999999999,3.391084383164573,42.35399999999999,44.04624938964844,49.903288201231405
0.0064899999999999,3.391084383164573,42.35399999999999,44.04624938964844,0.0
0.00767,3.453462312852073,41.99999999999999,45.40580749511719,-68.43224434565117
0.00767,3.453462312852073,41.99999999999999,45.40580749511719,0.0
0.01062,3.224672029648948,41.862,46.7742919921875,-27.62209767818859
0.01062,3.224672029648948,41.862,46.7742919921875,0.0
0.00767,3.703065584336448,42.06,48.14620971679688,37.478705281150745
0.00767,3.703065584336448,42.06,48.14620971679688,0.0
0.0064899999999999,3.796662996445823,42.264,49.52362060546875,40.14167650530048
0.0064899999999999,3.796662996445823,42.264,49.52362060546875,0.0
0.00413,3.796662996445823,42.084,50.921630859375,-35.62240253312214
0.00413,3.807069490586448,42.084,50.921630859375,0.0
0.0059,3.505464265977073,41.73,52.23175048828125,-66.98202459791159
0.0059,3.505464265977073,41.73,52.23175048828125,0.0
0.00531,3.505464265977073,41.958,53.57276916503906,43.62801377720517
0.00531,4.004670808945823,41.958,53.57276916503906,0.0
0.0023599999999999,4.046266267930198,42.258,54.96871948242188,58.25242718446196
0.0023599999999999,4.046266267930198,42.258,54.96871948242188,0.0
0.0023599999999999,4.046266267930198,42.042,56.3543701171875,-42.84864114270363
0.0023599999999999,4.046266267930198,42.042,56.3543701171875,0.0
0.00413,3.796662996445823,41.898,57.64663696289063,-28.44163539407577
0.00413,3.796662996445823,41.898,57.64663696289063,0.0
0.0005899999999999,4.223085115586448,42.006,58.997268676757805,21.40309155769853
0.0005899999999999,4.223085115586448,42.006,58.997268676757805,0.0
0.0011799999999999,4.202272127305198,41.94,60.3424072265625,-14.388489208631176
0.0011799999999999,4.202272127305198,41.94,60.3424072265625,0.0
-0.0005899999999999,4.295869539414573,41.094,61.66969299316406,-167.85714285734406
-0.0005899999999999,4.295869539414573,41.094,61.66969299316406,0.0
-0.0,4.171083162461448,39.762,62.98393249511719,-256.94444444445173
-0.0,4.171083162461448,39.762,62.98393249511719,0.0
-0.0,4.483064363633323,39.282,64.26177978515625,-96.21166566456284
-0.0,4.483064363633323,39.282,64.26177978515625,0.0
-0.0005899999999999,4.379090974961448,38.64600000000001,65.52932739257812,-117.75597111663232
-0.0005899999999999,4.379090974961448,38.64600000000001,65.52932739257812,0.0
-0.0005899999999999,4.202272127305198,37.338,66.75498962402344,-259.3180015861445
-0.0005899999999999,4.202272127305198,37.338,66.75498962402344,0.0
-0.00177,4.607881258164573,36.24,67.92091369628906,-207.95454545458216
-0.00177,4.607881258164573,36.24,67.92091369628906,0.0
-0.0023599999999999,4.545472810898948,35.496,69.09576416015625,-147.1518987342885
-0.0023599999999999,4.545472810898948,35.496,69.09576416015625,0.0
-0.0,4.545472810898948,34.373999999999995,70.22804260253906,-220.5188679245016
-0.0,4.462281892930198,34.373999999999995,70.22804260253906,0.0
-0.0023599999999999,4.659883211289573,33.768,71.35139465332031,-117.55577109597616
-0.0023599999999999,4.659883211289573,33.768,71.35139465332031,0.0
-0.00413,4.659883211289573,32.879999999999995,72.43217468261719,-161.74863387993952
-0.00413,4.659883211289573,32.879999999999995,72.43217468261719,0.0
-0.00354,4.847078035508323,31.428,73.49098205566406,-287.8097125869737
-0.00354,4.847078035508323,31.428,73.49098205566406,0.0
-0.0059,4.847078035508323,30.582,74.4873046875,-153.90212843353953
-0.0059,4.680665681992698,30.582,74.4873046875,0.0
-0.00354,4.784669588242698,29.436,75.46371459960938,-228.15050766500457
-0.00354,4.784669588242698,29.436,75.46371459960938,0.0
-0.00531,4.722291658555198,28.902,76.37420654296875,-112.89640591978046
-0.00531,4.722291658555198,28.902,76.37420654296875,0.0
-0.00531,4.795076082383323,27.714,77.29362487792969,-231.85011709560143
-0.00531,4.795076082383323,27.714,77.29362487792969,0.0
-0.0094399999999999,4.857484529648948,26.772,78.21098327636719,-184.056271981388
-0.0094399999999999,4.857484529648948,26.772,78.21098327636719,0.0
-0.0064899999999999,4.847078035508323,25.584,79.05624389648438,-229.07828769787676
-0.0064899999999999,4.847078035508323,25.584,79.05624389648438,0.0
-0.00885,4.867891023789573,24.924,79.892578125,-130.1261829653405
-0.00885,4.867891023789573,24.924,79.892578125,0.0
-0.00767,4.867891023789573,23.658,80.67466735839844,-250.39556962044227
-0.00767,4.940675447617698,23.658,80.67466735839844,0.0
-0.0094399999999999,4.774263094102073,22.770000000000003,81.42654418945312,-174.80314960607055
-0.0094399999999999,4.774263094102073,22.770000000000003,81.42654418945312,0.0
-0.00885,4.867891023789573,21.804,82.13722229003906,-190.49497140600008
-0.00885,4.867891023789573,21.804,82.13722229003906,0.0
-0.00826,4.691072176133323,20.868,82.81356811523438,-183.52941176475005
-0.00826,4.691072176133323,20.868,82.81356811523438,0.0
-0.01416,4.826265047227073,20.142,83.49334716796875,-116.96471725464812
-0.01416,4.826265047227073,20.142,83.49334716796875,0.0
-0.01416,4.857484529648948,18.564,84.1387939453125,-313.0952380947317
-0.01416,4.857484529648948,18.564,84.1387939453125,0.0
-0.0094399999999999,4.795076082383323,17.465999999999998,84.70046997070312,-219.60000000020025
-0.0094399999999999,4.795076082383323,17.465999999999998,84.70046997070312,0.0
-0.0118,4.847078035508323,16.938,85.2703857421875,-104.01891252949886
-0.0118,4.847078035508323,16.938,85.2703857421875,0.0
-0.0123899999999999,4.899079988633323,15.864000000000004,85.80047607421875,-199.70249163282784
-0.0123899999999999,4.899079988633323,15.864000000000004,85.80047607421875,0.0
-0.0118,4.847078035508323,14.958,86.27975463867188,-182.000803535771
-0.0118,4.847078035508323,14.958,86.27975463867188,0.0
-0.0129799999999999,4.899079988633323,14.322,86.75285339355469,-128.4070260448104
-0.0129799999999999,4.899079988633323,14.322,86.75285339355469,0.0
-0.01652,4.899079988633323,13.223999999999998,87.19505310058594,-218.94317048852523
-0.01652,4.899079988633323,13.223999999999998,87.19505310058594,0.0
-0.01416,4.888673494492698,11.801999999999998,87.59674072265625,-285.54216867450884
-0.01416,4.888673494492698,11.801999999999998,87.59674072265625,0.0
-0.0129799999999999,4.888673494492698,10.836,87.94075012207031,-192.3153493930137
-0.0129799999999999,4.888673494492698,10.836,87.94075012207031,0.0
-0.0123899999999999,4.795076082383323,10.224,88.28407287597656,-120.75769534312796
-0.0123899999999999,4.795076082383323,10.224,88.28407287597656,0.0
-0.0188799999999999,4.847078035508323,9.492,88.60542297363281,-146.25374625383262
-0.0188799999999999,4.847078035508323,9.492,88.60542297363281,0.0
-0.01652,4.919862459336448,8.142000000000001,88.90411376953125,-271.57513578769806
-0.01652,4.919862459336448,8.142000000000001,88.90411376953125,0.0
-0.0206499999999999,4.899079988633323,7.007999999999999,89.15336608886719,-224.02212564224996
-0.0206499999999999,4.899079988633323,7.007999999999999,89.15336608886719,0.0
-0.01593,4.857484529648948,5.658,89.35249328613281,-263.9296187681459
-0.01593,4.857484529648948,5.658,89.35249328613281,0.0
-0.01652,4.899079988633323,4.8660000000000005,89.52072143554688,-154.59691586925285
-0.01652,4.899079988633323,4.8660000000000005,89.52072143554688,0.0
-0.01534,4.847078035508323,4.098,89.65873718261719,-148.14814814815242
-0.01534,4.847078035508323,4.098,89.65873718261719,0.0
-0.01475,4.847078035508323,3.354,89.77821350097656,-145.62536699928532
-0.01475,4.847078035508323,3.354,89.77821350097656,0.0
-0.0177,4.888673494492698,2.298,89.86953735351562,-208.6544161228022
-0.0177,4.888673494492698,2.298,89.86953735351562,0.0
-0.01593,4.857484529648948,1.512,89.92584228515625,-164.05760801511977
-0.01593,4.857484529648948,1.512,89.92584228515625,0.0
-0.0194699999999999,4.847078035508323,0.906,89.96635437011719,-116.33710885021056
-0.0194699999999999,4.847078035508323,0.906,89.96635437011719,0.0
-0.0177,4.847078035508323,0.3839999999999999,89.98489379882812,-104.42088417687764
-0.0177,4.847078035508323,0.3839999999999999,89.98489379882812,0.0
-0.0188799999999999,4.857484529648948,0.168,89.99313354492188,-42.64560710758538
-0.0188799999999999,4.857484529648948,0.168,89.99313354492188,0.0
-0.0177,4.847078035508323,0.12,89.99588012695312,-9.087466868596229
-0.0177,4.847078035508323,0.12,89.99588012695312,0.0
-0.0177,4.867891023789573,0.066,89.99931335449219,-10.59238917221646
-0.0177,4.867891023789573,0.066,89.99931335449219,0.0
-0.01829,4.857484529648948,0.0239999999999999,89.99931335449219,-8.30367734283784
-0.01829,4.857484529648948,0.0239999999999999,89.99931335449219,0.0
-0.0177,4.857484529648948,0.0059999999999999,90.00068664550781,-3.223495702006352
-0.0177,4.857484529648948,0.0059999999999999,90.00068664550781,0.0
-0.01829,4.857484529648948,0.0119999999999999,90.00137329101562,1.1976047904194898
-0.01829,4.857484529648948,0.0119999999999999,90.00137329101562,0.0
-0.01829,4.847078035508323,-0.0,90.00137329101562,-2.415945238577732
-0.01829,4.847078035508323,-0.0,90.00137329101562,0.0
-0.01829,4.847078035508323,0.0119999999999999,90.0,2.4164317358053755
-0.01829,4.847078035508323,0.0119999999999999,90.0,0.0
-0.01829,4.847078035508323,-0.0,90.00068664550781,-2.32288037166603
-0.01829,4.847078035508323,-0.0,90.00068664550781,0.0
-0.0188799999999999,4.847078035508323,-0.0,90.00480651855469,0.0
-0.0188799999999999,4.847078035508323,0.0119999999999999,90.00137329101562,2.576766158466232
-0.0188799999999999,4.847078035508323,0.0119999999999999,90.00137329101562,0.0
-0.01829,4.847078035508323,0.0059999999999999,90.00274658203125,-1.1940298507454634
-0.01829,4.847078035508323,0.0059999999999999,90.00274658203125,0.0
-0.01829,4.847078035508323,0.0059999999999999,90.00411987304688,0.0
-0.0177,4.847078035508323,0.0059999999999999,90.00137329101562,0.0
-0.0177,4.847078035508323,0.0059999999999999,90.0054931640625,0.0
-0.0188799999999999,4.847078035508323,-0.0059999999999999,90.00343322753906,-2.39520958083894
-0.0188799999999999,4.847078035508323,-0.0059999999999999,90.00343322753906,0.0
-0.0194699999999999,4.847078035508323,-0.0239999999999999,90.00068664550781,-3.6682290605236254
-0.0194699999999999,4.847078035508323,-0.0239999999999999,90.00068664550781,0.0
-0.02242,4.847078035508323,-0.0,90.00274658203125,4.602991944768344
-0.02242,4.847078035508323,-0.0,90.00274658203125,0.0
-0.03068,4.847078035508323,-0.036,90.00480651855469,-7.167031654398044
-0.03068,4.847078035508323,-0.036,90.00480651855469,0.0
-0.04484,4.847078035508323,-0.1379999999999999,90.00205993652344,-20.681265206826865
-0.04484,4.847078035508323,-0.1379999999999999,90.00205993652344,0.0
-0.06077,4.847078035508323,-0.6539999999999999,89.99244689941406,-105.69438754588944
-0.06077,4.847078035508323,-0.6539999999999999,89.99244689941406,0.0
-0.08142,4.899079988633323,-1.614,89.96292114257812,-190.0237529688852
-0.08142,4.899079988633323,-1.614,89.96292114257812,0.0
-0.0843699999999999,4.961488435898948,-4.164000000000001,89.87022399902344,-508.1705858900996
-0.0843699999999999,4.961488435898948,-4.164000000000001,89.87022399902344,0.0
-0.0843699999999999,4.982270906602073,-6.545999999999999,89.69924926757812,-536.7282559702519
-0.0843699999999999,4.982270906602073,-6.545999999999999,89.69924926757812,0.0
-0.07611,4.951081941758323,-8.255999999999998,89.46235656738281,-347.5609756098632
-0.07611,4.951081941758323,-8.255999999999998,89.46235656738281,0.0
-0.0767,4.961488435898948,-9.498,89.16023254394531,-244.7290640391656
-0.0767,4.961488435898948,-9.498,89.16023254394531,0.0
-0.0802399999999999,4.899079988633323,-9.57,88.84712219238281,-14.201183431943155
-0.0802399999999999,4.899079988633323,-9.57,88.84712219238281,0.0
-0.07847,4.847078035508323,-9.792,88.50929260253906,-44.17031436529276
-0.07847,4.847078035508323,-9.792,88.50929260253906,0.0
-0.07847,4.951081941758323,-10.278,88.17626953125,-94.07665505221634
-0.07847,4.951081941758323,-10.278,88.17626953125,0.0
-0.0796499999999999,5.044679353867698,-11.61,87.83500671386719,-253.85934819842268
-0.0796499999999999,5.044679353867698,-11.61,87.83500671386719,0.0
-0.08496,4.971864412461448,-12.816,87.44224548339844,-237.4015748035039
-0.08496,4.971864412461448,-12.816,87.44224548339844,0.0
-0.08732,4.992677400742698,-14.112000000000002,87.00553894042969,-251.1627906974991
-0.08732,4.992677400742698,-14.112000000000002,87.00553894042969,0.0
-0.0843699999999999,4.899079988633323,-14.73,86.52557373046875,-121.36684996094768
-0.0843699999999999,4.899079988633323,-14.73,86.52557373046875,0.0
-0.08083,4.951081941758323,-15.6,86.04698181152344,-170.99056603771393
-0.08083,4.951081941758323,-15.6,86.04698181152344,0.0
-0.08083,5.034272859727073,-16.86,85.52993774414062,-249.5543672014439
-0.08083,5.034272859727073,-16.86,85.52993774414062,0.0
-0.07847,4.899079988633323,-17.628,84.97169494628906,-149.47450369786995
-0.07847,4.899079988633323,-17.628,84.97169494628906,0.0
-0.08732,4.899079988633323,-18.276000000000003,84.38186645507812,-107.46268656699095
-0.08732,4.899079988633323,-18.276000000000003,84.38186645507812,0.0
-0.0890899999999999,4.992677400742698,-19.542,83.78448486328125,-253.19999999951028
-0.0890899999999999,4.992677400742698,-19.542,83.78448486328125,0.0
-0.0867299999999999,4.992677400742698,-20.364,83.10951232910156,-170.64563006010636
-0.0867299999999999,4.899079988633323,-20.364,83.10951232910156,0.0
-0.08319,4.847078035508323,-21.108,82.42630004882812,-150.36378334684193
-0.08319,4.847078035508323,-21.108,82.42630004882812,0.0
-0.08319,5.023866365586448,-22.26,81.73896789550781,-224.60518619628832
-0.08319,5.023866365586448,-22.26,81.73896789550781,0.0
-0.08968,4.867891023789573,-23.244,80.96855163574219,-196.6819908054342
-0.08968,4.867891023789573,-23.244,80.96855163574219,0.0
-0.09204,5.023866365586448,-24.42,80.19332885742188,-237.09677419301445
-0.09204,5.023866365586448,-24.42,80.19332885742188,0.0
-0.08378,4.971864412461448,-25.428,79.398193359375,-189.36689836593985
-0.08378,4.971864412461448,-25.428,79.398193359375,0.0
-0.0885,5.107087801133323,-26.376,78.57215881347656,-183.93480791601957
-0.0885,5.107087801133323,-26.376,78.57215881347656,0.0
-0.08496,5.107087801133323,-27.504,77.64724731445312,-211.03835360128025
-0.08496,4.899079988633323,-27.504,77.64724731445312,0.0
-0.08614,5.023866365586448,-28.068,76.73057556152344,-109.32351230875815
-0.08614,5.023866365586448,-28.068,76.73057556152344,0.0
-0.0885,4.919862459336448,-29.076,75.81871032714844,-202.16606498185288
-0.0885,4.919862459336448,-29.076,75.81871032714844,0.0
-0.0944,5.034272859727073,-30.252,74.88006591796875,-232.7330298830647
-0.0944,5.034272859727073,-30.252,74.88006591796875,0.0
-0.0843699999999999,4.847078035508323,-31.374,73.84941101074219,-241.9146183699912
-0.0843699999999999,4.847078035508323,-31.374,73.84941101074219,0.0
-0.08791,4.878267000352073,-32.303999999999995,72.8173828125,-187.2734595249174
-0.08791,4.878267000352073,-32.303999999999995,72.8173828125,0.0
-0.08555,4.670289705430198,-33.078,71.72012329101562,-152.18246165928844
-0.08555,4.670289705430198,-33.078,71.72012329101562,0.0
-0.08732,4.670289705430198,-34.026,70.61943054199219,-167.10735060809697
-0.08732,4.857484529648948,-34.026,70.61943054199219,0.0
-0.0944,4.919862459336448,-34.962,69.50019836425781,-186.67730354995783
-0.0944,4.919862459336448,-34.962,69.50019836425781,0.0
-0.09086,4.919862459336448,-36.168,68.31573486328125,-229.45205479439693
-0.09086,4.597474764023948,-36.168,68.31573486328125,0.0
-0.09617,4.659883211289573,-37.398,67.15187072753906,-243.5643564357836
-0.09617,4.659883211289573,-37.398,67.15187072753906,0.0
-0.0926299999999999,4.774263094102073,-38.142,65.89462280273438,-162.480891024505
-0.0926299999999999,4.774263094102073,-38.142,65.89462280273438,0.0
-0.0938099999999999,4.514283846055198,-38.862,64.61883544921875,-139.23805840251524
-0.0938099999999999,4.514283846055198,-38.862,64.61883544921875,0.0
-0.0926299999999999,4.670289705430198,-40.164,63.32519531250001,-249.56871765373768
-0.0926299999999999,4.670289705430198,-40.164,63.32519531250001,0.0
-0.08968,4.628663728867698,-40.992,61.99790954589843,-143.22781525690186
-0.08968,4.628663728867698,-40.992,61.99790954589843,0.0
-0.08496,4.285463045273948,-41.874,60.61843872070312,-174.23943105508394
-0.08496,4.285463045273948,-41.874,60.61843872070312,0.0
-0.08555,4.129487703477073,-41.742,59.25613403320313,21.89417813900272
-0.08555,4.129487703477073,-41.742,59.25613403320313,0.0
-0.08555,4.379090974961448,-41.99999999999999,57.91648864746094,-48.984241503669246
-0.08555,4.379090974961448,-41.99999999999999,57.91648864746094,0.0
-0.08732,4.462281892930198,-42.156000000000006,56.54869079589844,-32.35843186056657
-0.08732,4.462281892930198,-42.156000000000006,56.54869079589844,0.0
-0.07729,4.025483797227073,-42.096,55.17814636230469,12.10165389269564
-0.07729,4.025483797227073,-42.096,55.17814636230469,0.0
-0.07847,3.869477937852073,-41.772000000000006,53.77532958984375,65.03412284206736
-0.07847,3.869477937852073,-41.772000000000006,53.77532958984375,0.0
-0.0825999999999999,4.119081209336448,-41.868,52.45628356933594,-19.238476953882103
-0.0825999999999999,4.119081209336448,-41.868,52.45628356933594,0.0
-0.07906,4.067079256211448,-41.94,51.075439453125,-14.805675508943333
-0.07906,4.067079256211448,-41.94,51.075439453125,0.0
-0.08142,3.734285066758323,-42.306,49.68498229980469,-70.3170028819866
-0.08142,3.734285066758323,-42.306,49.68498229980469,0.0
-0.07316,3.682283113633323,-41.856,48.33641052246094,93.09060819219916
-0.07316,3.682283113633323,-41.856,48.33641052246094,0.0
-0.0802399999999999,3.879884431992698,-41.904,46.97685241699219,-9.758080910752591
-0.0802399999999999,3.879884431992698,-41.904,46.97685241699219,0.0
-0.08142,3.630281160508323,-42.024,45.5712890625,-24.14972831554298
-0.08142,3.630281160508323,-42.024,45.5712890625,0.0
-0.0755199999999999,3.630281160508323,-42.234,44.20623779296875,-40.62681369707877
-0.0755199999999999,3.484681795273948,-42.234,44.20623779296875,0.0
-0.0719799999999999,3.328675935898948,-41.982,42.801361083984375,52.76381909556005
-0.0719799999999999,3.328675935898948,-41.982,42.801361083984375,0.0
-0.07611,3.443086336289573,-41.862,41.4678955078125,23.738872403566432
-0.07611,3.443086336289573,-41.862,41.4678955078125,0.0
-0.07375,3.245485017930198,-42.024,40.0946044921875,-33.03425774880161
-0.07375,3.245485017930198,-42.024,40.0946044921875,0.0
-0.0755199999999999,3.120668123398948,-42.294,38.74259948730469,-52.48833592533517
-0.0755199999999999,3.120668123398948,-42.294,38.74259948730469,0.0
-0.07257,3.027070711289573,-41.916,37.28828430175781,75.87314331596382
-0.07257,3.027070711289573,-41.916,37.28828430175781,0.0
-0.06903,2.975068758164573,-41.898,35.954132080078125,3.621730382292368
-0.06903,2.975068758164573,-41.898,35.954132080078125,0.0
-0.07316,2.891877840195823,-42.054,34.644012451171875,-32.23806571602991
-0.07316,2.891877840195823,-42.054,34.644012451171875,0.0
-0.0708,2.902284334336448,-42.216,33.23089599609375,-32.367632367559416
-0.0708,2.902284334336448,-42.216,33.23089599609375,0.0
-0.06785,2.642274568711448,-42.114,31.87271118164062,20.051110674256
-0.06785,2.642274568711448,-42.114,31.87271118164062,0.0
-0.07021,2.579866121445823,-41.952,30.50491333007813,33.67283309080759
-0.07021,2.579866121445823,-41.952,30.50491333007813,0.0
-0.06667,2.465486238633323,-42.018,29.16389465332032,-13.121272365792688
-0.06667,2.465486238633323,-42.018,29.16389465332032,0.0
-0.07021,2.517488191758323,-42.306,27.785797119140625,-58.111380145361565
-0.07021,2.517488191758323,-42.306,27.785797119140625,0.0
-0.06431,2.184663484727073,-42.06,26.363067626953125,48.60699466510648
-0.06431,2.184663484727073,-42.06,26.363067626953125,0.0
-0.06018,2.080690096055198,-41.886,24.989776611328125,34.08423114593286
-0.06018,2.080690096055198,-41.886,24.989776611328125,0.0
-0.06431,2.080690096055198,-42.03,23.62060546875,-25.27202527204575
-0.06431,2.080690096055198,-42.03,23.62060546875,0.0
-0.06195,2.018281648789573,-42.15,22.270660400390625,-23.631350925506364
-0.06195,2.018281648789573,-42.15,22.270660400390625,0.0
-0.0554599999999999,2.018281648789573,-42.144,20.845184326171875,1.1634671320542471
-0.0554599999999999,1.654267976914573,-42.144,20.845184326171875,0.0
-0.06077,1.591890047227073,-41.814,19.50279235839844,65.56725610970966
-0.06077,1.591890047227073,-41.814,19.50279235839844,0.0
-0.05782,1.716676424180198,-41.898,18.1329345703125,-16.272762495162084
-0.05782,1.716676424180198,-41.898,18.1329345703125,0.0
-0.05664,1.591890047227073,-42.126,16.758270263671875,-47.087980173515305
-0.05664,1.591890047227073,-42.126,16.758270263671875,0.0
-0.0548699999999999,1.186280916367698,-42.168000000000006,15.373306274414064,-7.950028392973
-0.0548699999999999,1.186280916367698,-42.168000000000006,15.373306274414064,0.0
-0.05133,1.123872469102073,-41.982,14.025421142578123,35.99071207432135
-0.05133,1.123872469102073,-41.982,14.025421142578123,0.0
-0.05664,1.165467928086448,-41.982,12.654876708984377,0.0
-0.0548699999999999,1.030275056992698,-42.03,11.31591796875,-9.51625693894139
-0.0548699999999999,1.030275056992698,-42.03,11.31591796875,0.0
-0.0519199999999999,0.687074373398948,-42.288,9.963912963867188,-51.92191587841762
-0.0519199999999999,0.687074373398948,-42.288,9.963912963867188,0.0
-0.0507399999999999,0.666291902695823,-42.012,8.573455810546875,54.36281268465557
-0.0507399999999999,0.666291902695823,-42.012,8.573455810546875,0.0
-0.0495599999999999,0.666291902695823,-42.09,7.2104644775390625,-14.549524342491583
-0.0495599999999999,0.666291902695823,-42.09,7.2104644775390625,0.0
-0.05133,0.541475008164573,-42.174,5.8612060546875,-16.843793864046233
-0.05133,0.541475008164573,-42.174,5.8612060546875,0.0
-0.04484,0.3542801839458229,-42.216,4.515380859375,-7.061197041018166
-0.04484,0.3542801839458229,-42.216,4.515380859375,0.0
-0.04543,0.3126847249614479,-41.994,3.1201171875,44.08260524234508
-0.04543,0.3126847249614479,-41.994,3.1201171875,0.0
-0.04661,0.1878678304301979,-41.976,1.783905029296875,3.553099091986379
-0.04661,0.1878678304301979,-41.976,1.783905029296875,0.0
-0.04484,0.0214859944926979,-42.06,0.410614013671875,-17.08011386741417
-0.04484,0.0214859944926979,-42.06,0.410614013671875,0.0
-0.04189,-0.259336759413552,-42.42,-0.9908294677734376,-73.37953526286236
-0.04189,-0.259336759413552,-42.42,-0.9908294677734376,0.0
-0.03835,-0.332121183241677,-42.036,-2.39227294921875,76.34194831006373
-0.03835,-0.332121183241677,-42.036,-2.39227294921875,0.0
-0.03953,-0.321714689101052,-42.024,-3.7538909912109375,2.401921537227206
-0.03953,-0.321714689101052,-42.024,-3.7538909912109375,0.0
-0.04366,-0.332121183241677,-42.126,-5.104522705078125,-20.50663449937868
-0.04366,-0.332121183241677,-42.126,-5.104522705078125,0.0
-0.03658,-0.550535489882302,-42.33,-6.502532958984375,-40.236686390505206
-0.03658,-0.550535489882302,-42.33,-6.502532958984375,0.0
-0.0336299999999999,-0.685728360976052,-41.976,-7.885437011718751,72.00976403588378
-0.0336299999999999,-0.685728360976052,-41.976,-7.885437011718751,0.0
-0.0377599999999999,-0.675321866835427,-41.784000000000006,-9.210662841796877,36.15819209043248
-0.0377599999999999,-0.675321866835427,-41.784000000000006,-9.210662841796877,0.0
-0.0359899999999999,-0.758512784804177,-41.928,-10.553741455078123,-28.93890675241445
-0.0359899999999999,-0.758512784804177,-41.928,-10.553741455078123,0.0
-0.0359899999999999,-1.164121915663552,-42.276,-11.904373168945312,-69.37799043065519
-0.0359899999999999,-1.164121915663552,-42.276,-11.904373168945312,0.0
-0.03068,-1.184934903944802,-42.186,-13.31268310546875,18.02884615384164
-0.03068,-1.184934903944802,-42.186,-13.31268310546875,0.0
-0.0348099999999999,-1.060118009413552,-42.21,-14.615249633789064,-4.788507581796412
-0.0348099999999999,-1.060118009413552,-42.21,-14.615249633789064,0.0
-0.0295,-1.143308927382302,-42.126,-15.971374511718748,17.03853955374746
-0.0295,-1.143308927382302,-42.126,-15.971374511718748,0.0
-0.03068,-1.143308927382302,-42.348,-17.330245971679688,-44.676997383755726
-0.03068,-1.673734952772927,-42.348,-17.330245971679688,0.0
-0.0253699999999999,-1.600920011366677,-42.312000000000005,-18.670578002929688,7.104795737125878
-0.0253699999999999,-1.600920011366677,-42.312000000000005,-18.670578002929688,0.0
-0.0295,-1.600920011366677,-41.976,-20.073394775390625,67.09265175714037
-0.0295,-1.580137540663552,-41.976,-20.073394775390625,0.0
-0.02891,-1.694517423476052,-42.018,-21.391754150390625,-8.400000000007958
-0.02891,-1.694517423476052,-42.018,-21.391754150390625,0.0
-0.0253699999999999,-1.694517423476052,-42.288,-22.77191162109375,-52.70349404648162
-0.0253699999999999,-2.089720060194802,-42.288,-22.77191162109375,0.0
-0.02301,-1.954527189101052,-42.312000000000005,-24.176101684570312,-4.8202450291182695
-0.02301,-1.954527189101052,-42.312000000000005,-24.176101684570312,0.0
-0.0253699999999999,-1.954527189101052,-42.276,-25.514373779296875,7.224563515960694
-0.0253699999999999,-1.912931730116677,-42.276,-25.514373779296875,0.0
-0.0241899999999999,-2.100126554335427,-42.198,-26.90345764160156,15.889183132982604
-0.0241899999999999,-2.100126554335427,-42.198,-26.90345764160156,0.0
-0.02242,-2.100126554335427,-42.33,-28.25546264648437,-26.394721055825748
-0.02242,-2.536924650038552,-42.33,-28.25546264648437,0.0
-0.01829,-2.432920743788552,-42.348,-29.635620117187504,-3.675719828466767
-0.01829,-2.432920743788552,-42.348,-29.635620117187504,0.0
-0.01829,-2.422514249647927,-42.006,-30.973892211914062,62.78685514958014
-0.01829,-2.422514249647927,-42.006,-30.973892211914062,0.0
-0.0200599999999999,-2.453733732069802,-42.096,-32.31903076171875,-18.07955002005727
-0.0200599999999999,-2.453733732069802,-42.096,-32.31903076171875,0.0
-0.0188799999999999,-2.942533780897927,-42.252,-33.729400634765625,-32.006565449318025
-0.0188799999999999,-2.942533780897927,-42.252,-33.729400634765625,0.0
-0.01652,-2.994535734022927,-42.42,-35.10475158691406,-33.98745700993173
-0.01652,-2.994535734022927,-42.42,-35.10475158691406,0.0
-0.01652,-2.817716886366677,-42.342,-36.48284912109375,15.902140672757763
-0.01652,-2.817716886366677,-42.342,-36.48284912109375,0.0
-0.0177,-2.952909757460427,-42.162,-37.86643981933594,35.9138068635735
-0.0177,-2.952909757460427,-42.162,-37.86643981933594,0.0
-0.0129799999999999,-3.223326017226052,-42.186,-39.184112548828125,-4.781829049607537
-0.0129799999999999,-3.223326017226052,-42.186,-39.184112548828125,0.0
-0.0118,-3.337736417616677,-42.396,-40.55122375488281,-42.236524537330645
-0.0118,-3.337736417616677,-42.396,-40.55122375488281,0.0
-0.01121,-3.233732511366677,-42.21,-41.93275451660156,38.09913969688498
-0.01121,-3.233732511366677,-42.21,-41.93275451660156,0.0
-0.01416,-3.306516935194802,-42.234,-43.27720642089844,-4.942339373981184
-0.01416,-3.306516935194802,-42.234,-43.27720642089844,0.0
-0.01062,-3.556120206679177,-42.198,-44.65873718261719,7.16560509553324
-0.01062,-3.556120206679177,-42.198,-44.65873718261719,0.0
-0.0100299999999999,-3.732908536757302,-42.444,-46.04988098144531,-49.39759036155431
-0.0100299999999999,-3.732908536757302,-42.444,-46.04988098144531,0.0
-0.01062,-3.691313077772927,-42.474,-47.374420166015625,-6.049606775559005
-0.01062,-3.691313077772927,-42.474,-47.374420166015625,0.0
-0.01062,-3.784910489882302,-42.39,-48.75114440917969,16.8235529741667
-0.01062,-3.784910489882302,-42.39,-48.75114440917969,0.0
-0.00767,-3.920133878554177,-42.288,-50.1800537109375,20.254169976156096
-0.00767,-3.920133878554177,-42.288,-50.1800537109375,0.0
-0.0059,-4.211332609022927,-42.486,-51.50459289550781,-39.90326481264066
-0.0059,-4.211332609022927,-42.486,-51.50459289550781,0.0
-0.0047199999999999,-4.086515714491677,-42.35399999999999,-52.89848327636719,26.65589660741645
-0.0047199999999999,-4.086515714491677,-42.35399999999999,-52.89848327636719,0.0
-0.0064899999999999,-4.086515714491677,-42.37200000000001,-54.26765441894531,-3.3802816901441903
-0.0064899999999999,-4.190519620741677,-42.37200000000001,-54.26765441894531,0.0
-0.00531,-4.200926114882302,-42.15,-55.62309265136719,45.08529650688292
-0.00531,-4.200926114882302,-42.15,-55.62309265136719,0.0
-0.0047199999999999,-4.564909269179177,-42.528,-57.006683349609375,-63.359034528989135
-0.0047199999999999,-4.564909269179177,-42.528,-57.006683349609375,0.0
-0.00295,-4.585722257460427,-42.546,-58.34495544433594,-3.584943238399378
-0.00295,-4.585722257460427,-42.546,-58.34495544433594,0.0
-0.00413,-4.440122892226052,-42.348,-59.74296569824219,39.06095876894192
-0.00413,-4.440122892226052,-42.348,-59.74296569824219,0.0
-0.0,-4.596128751601052,-41.754,-61.09222412109375,120.09704811959844
-0.0,-4.596128751601052,-41.754,-61.09222412109375,0.0
-0.0,-5.084928800429177,-40.872,-62.40852355957031,178.39805825261692
-0.0,-5.084928800429177,-40.872,-62.40852355957031,0.0
0.0005899999999999,-5.022520353163552,-40.122,-63.74061584472656,153.40560441834864
0.0005899999999999,-5.022520353163552,-40.122,-63.74061584472656,0.0
-0.0,-4.908109952772927,-39.120000000000005,-64.97932434082031,201.9347037488165
-0.0,-4.908109952772927,-39.120000000000005,-64.97932434082031,0.0
-0.0,-5.136930753554177,-37.908,-66.1871337890625,244.9969678599454
-0.0,-5.136930753554177,-37.908,-66.1871337890625,0.0
-0.0,-5.240934659804177,-37.182,-67.41691589355469,134.0225216911154
-0.0,-5.240934659804177,-37.182,-67.41691589355469,0.0
-0.0,-5.032926847304177,-36.39,-68.56910705566406,158.30501698974032
-0.0,-5.032926847304177,-36.39,-68.56910705566406,0.0
0.0005899999999999,-5.272123624647927,-35.196,-69.71511840820312,231.3953488370481
0.0005899999999999,-5.272123624647927,-35.196,-69.71511840820312,0.0
0.00177,-5.261717130507302,-34.53,-70.84945678710938,130.97345132722123
0.00177,-5.261717130507302,-34.53,-70.84945678710938,0.0
0.0023599999999999,-5.126524259413552,-33.318,-71.93641662597656,222.05936240363235
0.0023599999999999,-5.126524259413552,-33.318,-71.93641662597656,0.0
0.00354,-5.386534025038552,-32.196000000000005,-72.98149108886719,224.80464836688068
0.00354,-5.386534025038552,-32.196000000000005,-72.98149108886719,0.0
0.0023599999999999,-5.032926847304177,-31.362,-74.00253295898438,172.3140495867245
0.0023599999999999,-5.032926847304177,-31.362,-74.00253295898438,0.0
0.00354,-5.178526212538552,-30.264000000000003,-75.03456115722656,220.97001408722204
0.00354,-5.178526212538552,-30.264000000000003,-75.03456115722656,0.0
0.0047199999999999,-5.012113859022927,-29.46,-76.0089111328125,161.6080402009493
0.0047199999999999,-5.012113859022927,-29.46,-76.0089111328125,0.0
0.00354,-5.220121671522927,-28.32,-76.91390991210938,219.3151212001605
0.00354,-5.220121671522927,-28.32,-76.91390991210938,0.0
0.0094399999999999,-5.084928800429177,-27.546,-77.82646179199219,154.92393915158976
0.0094399999999999,-5.084928800429177,-27.546,-77.82646179199219,0.0
0.0064899999999999,-5.209715177382302,-26.118,-78.66691589355469,286.3444956887995
0.0064899999999999,-5.209715177382302,-26.118,-78.66691589355469,0.0
0.00826,-5.084928800429177,-25.44,-79.51148986816406,134.15116739213158
0.00826,-5.084928800429177,-25.44,-79.51148986816406,0.0
0.00826,-5.428129484022927,-24.33,-80.30937194824219,220.1944058716057
0.00826,-5.428129484022927,-24.33,-80.30937194824219,0.0
0.00767,-5.168119718397927,-23.592,-81.0406494140625,158.33512121866687
0.00767,-5.168119718397927,-23.592,-81.0406494140625,0.0
0.01062,-5.261717130507302,-22.608,-81.80007934570312,186.08169440266389
0.01062,-5.261717130507302,-22.608,-81.80007934570312,0.0
0.0100299999999999,-5.209715177382302,-21.42,-82.48878479003906,233.67427222675224
0.0100299999999999,-5.209715177382302,-21.42,-82.48878479003906,0.0
0.0129799999999999,-5.209715177382302,-20.604,-83.16032409667969,165.51724137925527
0.0129799999999999,-5.209715177382302,-20.604,-83.16032409667969,0.0
0.0118,-5.292936612929177,-19.164,-83.7982177734375,295.0819672131146
0.0118,-5.292936612929177,-19.164,-83.7982177734375,0.0
0.00767,-5.188932706679177,-18.234,-84.3914794921875,186.48486063766336
0.00767,-5.188932706679177,-18.234,-84.3914794921875,0.0
0.0123899999999999,-5.209715177382302,-17.916000000000004,-84.97100830078125,64.22944859635602
0.0123899999999999,-5.209715177382302,-17.916000000000004,-84.97100830078125,0.0
0.01416,-5.209715177382302,-16.608,-85.50933837890625,269.7463394510329
0.01416,-5.209715177382302,-16.608,-85.50933837890625,0.0
0.0118,-5.251310636366677,-15.419999999999998,-86.02294921875,238.5542168673116
0.0118,-5.251310636366677,-15.419999999999998,-86.02294921875,0.0
0.01475,-5.261717130507302,-14.928,-86.5283203125,97.73539928468598
0.01475,-5.261717130507302,-14.928,-86.5283203125,0.0
0.01475,-5.344908048476052,-13.746,-86.97120666503906,243.0098684204547
0.01475,-5.344908048476052,-13.746,-86.97120666503906,0.0
0.01416,-5.292936612929177,-12.414,-87.38456726074219,269.41747572766826
0.01416,-5.292936612929177,-12.414,-87.38456726074219,0.0
0.0118,-5.261717130507302,-11.466,-87.76565551757812,190.89810712862635
0.0118,-5.261717130507302,-11.466,-87.76565551757812,0.0
0.01652,-5.261717130507302,-11.154,-88.12820434570312,61.67226724645701
0.01652,-5.261717130507302,-11.154,-88.12820434570312,0.0
0.0200599999999999,-5.261717130507302,-10.02,-88.47221374511719,225.76149711353847
0.0200599999999999,-5.261717130507302,-10.02,-88.47221374511719,0.0
0.01711,-5.313719083632302,-8.501999999999999,-88.76472473144531,296.31075541689006
0.01711,-5.313719083632302,-8.501999999999999,-88.76472473144531,0.0
0.01593,-5.303312589491677,-6.978,-89.02427673339844,300.4139562391553
0.01593,-5.303312589491677,-6.978,-89.02427673339844,0.0
0.0129799999999999,-5.240934659804177,-6.180000000000001,-89.22752380371094,160.08024072246525
0.0129799999999999,-5.240934659804177,-6.180000000000001,-89.22752380371094,0.0
0.0118,-5.209715177382302,-5.298,-89.41291809082031,164.67513069479662
0.0118,-5.209715177382302,-5.298,-89.41291809082031,0.0
0.01416,-5.220121671522927,-4.998,-89.57771301269531,56.50781691470616
0.01416,-5.220121671522927,-4.998,-89.57771301269531,0.0
0.0194699999999999,-5.261717130507302,-4.326,-89.72808837890625,130.20732416195693
0.0194699999999999,-5.261717130507302,-4.326,-89.72808837890625,0.0
0.02242,-5.230528165663552,-3.606,-89.83795166015625,151.0067114094418
0.02242,-5.230528165663552,-3.606,-89.83795166015625,0.0
0.0247799999999999,-5.261717130507302,-2.34,-89.93888854980469,254.57470339873163
0.0247799999999999,-5.261717130507302,-2.34,-89.93888854980469,0.0
0.02183,-5.261717130507302,-0.726,-89.98626708984375,326.19240097016524
0.02183,-5.261717130507302,-0.726,-89.98626708984375,0.0
0.02242,-5.105711271132302,-0.222,-90.00137329101562,105.28514727401598
0.02242,-5.105711271132302,-0.222,-90.00137329101562,0.0
0.02124,-5.209715177382302,-0.0119999999999999,-90.00274658203125,42.00840168035309
0.02124,-5.209715177382302,-0.0119999999999999,-90.00274658203125,0.0
0.0206499999999999,-5.209715177382302,-0.0059999999999999,-90.00205993652344,1.2975778546733472
0.0206499999999999,-5.209715177382302,-0.0059999999999999,-90.00205993652344,0.0
0.0206499999999999,-5.220121671522927,0.0119999999999999,-90.00068664550781,3.5749751737788165
0.0206499999999999,-5.220121671522927,0.0119999999999999,-90.00068664550781,0.0
0.0206499999999999,-5.209715177382302,-0.0119999999999999,-90.00068664550781,-5.098789037607597
0.0206499999999999,-5.209715177382302,-0.0119999999999999,-90.00068664550781,0.0
0.02242,-5.084928800429177,-0.0,-90.00205993652344,2.177068214800027
0.02242,-5.084928800429177,-0.0,-90.00205993652344,0.0
0.02242,-5.105711271132302,-0.0239999999999999,-90.00343322753906,-4.835784807572532
0.02242,-5.105711271132302,-0.0239999999999999,-90.00343322753906,0.0
0.02242,-5.209715177382302,0.018,-90.00274658203125,7.043434512835986
0.02242,-5.209715177382302,0.018,-90.00274658203125,0.0
0.02183,-5.209715177382302,0.0059999999999999,-90.00205993652344,-2.4174053182911948
0.02183,-5.209715177382302,0.0059999999999999,-90.00205993652344,0.0
0.02242,-5.209715177382302,-0.0059999999999999,-90.00274658203125,-2.3391812865523667
0.02242,-5.209715177382302,-0.0059999999999999,-90.00274658203125,0.0
0.02242,-5.209715177382302,0.0119999999999999,-90.00343322753906,3.4529061960498315
0.02242,-5.209715177382302,0.0119999999999999,-90.00343322753906,0.0
0.02183,-5.032926847304177,-0.0119999999999999,-90.00137329101562,-4.729996058342767
0.02183,-5.032926847304177,-0.0119999999999999,-90.00137329101562,0.0
0.02183,-5.188932706679177,-0.0059999999999999,-90.00274658203125,1.196410767696858
0.02183,-5.188932706679177,-0.0059999999999999,-90.00274658203125,0.0
0.02242,-5.209715177382302,0.0119999999999999,-90.00137329101562,3.38791643139401
0.02242,-5.209715177382302,0.0119999999999999,-90.00137329101562,0.0
0.02183,-5.209715177382302,0.03,-90.00617980957031,3.6043251902308993
0.02183,-5.209715177382302,0.03,-90.00617980957031,0.0
0.02183,-5.209715177382302,-0.018,-90.00205993652344,-9.6192384769414
0.02183,-5.209715177382302,-0.018,-90.00205993652344,0.0
0.02242,-5.220121671522927,-0.0119999999999999,-90.00411987304688,1.1413353623739335
0.02242,-5.220121671522927,-0.0119999999999999,-90.00411987304688,0.0
0.02183,-5.230528165663552,0.0059999999999999,-90.00205993652344,3.5391270153322134
0.02183,-5.230528165663552,0.0059999999999999,-90.00205993652344,0.0
0.0241899999999999,-5.209715177382302,0.0059999999999999,-90.00274658203125,0.0
0.02891,-5.209715177382302,0.018,-90.00137329101562,2.371072910486408
0.02891,-5.209715177382302,0.018,-90.00137329101562,0.0
0.0371699999999999,-5.209715177382302,0.06,-90.00137329101562,8.469449485784292
0.0371699999999999,-5.209715177382302,0.06,-90.00137329101562,0.0
0.0530999999999999,-5.209715177382302,0.33,-90.00068664550781,55.40734660369555
0.0530999999999999,-5.209715177382302,0.33,-90.00068664550781,0.0
0.0708,-5.251310636366677,0.918,-89.98558044433594,118.57229280098012
0.0708,-5.251310636366677,0.918,-89.98558044433594,0.0
0.08142,-5.240934659804177,2.97,-89.92172241210938,365.38461538439446
0.08142,-5.240934659804177,2.97,-89.92172241210938,0.0
0.0890899999999999,-5.261717130507302,4.127999999999999,-89.81185913085938,232.48343706145732
0.0890899999999999,-5.261717130507302,4.127999999999999,-89.81185913085938,0.0
0.08732,-5.334532071913552,6.87,-89.63264465332031,561.6550594008312
0.08732,-5.334532071913552,6.87,-89.63264465332031,0.0
0.08614,-5.261717130507302,8.76,-89.3902587890625,351.30111524240795
0.08614,-5.261717130507302,8.76,-89.3902587890625,0.0
0.0796499999999999,-5.209715177382302,9.588,-89.08607482910156,170.51070840234425
0.0796499999999999,-5.209715177382302,9.588,-89.08607482910156,0.0
0.07257,-5.209715177382302,10.11,-88.76060485839844,103.42777887844572
0.07257,-5.209715177382302,10.11,-88.76060485839844,0.0
0.07139,-5.209715177382302,10.326,-88.42689514160156,45.42586750785847
0.07139,-5.209715177382302,10.326,-88.42689514160156,0.0
0.07729,-5.261717130507302,10.698,-88.07258605957031,73.97096838347511
0.07729,-5.261717130507302,10.698,-88.07258605957031,0.0
0.08142,-5.313719083632302,11.43,-87.71072387695312,145.81673306767664
0.08142,-5.313719083632302,11.43,-87.71072387695312,0.0
0.0820099999999999,-5.334532071913552,12.888,-87.32070922851562,294.4859624315061
0.0820099999999999,-5.334532071913552,12.888,-87.32070922851562,0.0
0.08968,-5.292936612929177,14.327999999999998,-86.88743591308594,289.2728003217535
0.08968,-5.292936612929177,14.327999999999998,-86.88743591308594,0.0
0.08555,-5.292936612929177,15.216000000000005,-86.39854431152344,178.1701444620152
0.08555,-5.292936612929177,15.216000000000005,-86.39854431152344,0.0
0.0796499999999999,-5.261717130507302,15.93,-85.91720581054688,145.06298252762045
0.0796499999999999,-5.261717130507302,15.93,-85.91720581054688,0.0
0.07906,-5.386534025038552,17.195999999999998,-85.37063598632812,254.21686747043535
0.07906,-5.386534025038552,17.195999999999998,-85.37063598632812,0.0
0.08142,-5.209715177382302,17.964,-84.8089599609375,154.00040104271574
0.08142,-5.209715177382302,17.964,-84.8089599609375,0.0
0.0914499999999999,-5.209715177382302,18.474,-84.21363830566406,102.06123674198372
0.0914499999999999,-5.209715177382302,18.474,-84.21363830566406,0.0
0.0820099999999999,-5.469724943007302,19.836,-83.60801696777344,270.1844872053795
0.0820099999999999,-5.469724943007302,19.836,-83.60801696777344,0.0
0.08496,-5.396910001601052,20.916,-82.93647766113281,212.84982262542664
0.08496,-5.396910001601052,20.916,-82.93647766113281,0.0
0.0885,-5.469724943007302,21.666,-82.24159240722656,149.91005396755682
0.0885,-5.469724943007302,21.666,-82.24159240722656,0.0
0.0867299999999999,-5.625730802382302,22.89,-81.51924133300781,247.6229010723609
0.0867299999999999,-5.625730802382302,22.89,-81.51924133300781,0.0
0.08378,-5.396910001601052,23.616,-80.77560424804688,143.9619274241357
0.08378,-5.396910001601052,23.616,-80.77560424804688,0.0
0.09204,-5.604917814101052,24.684,-80.00312805175781,213.8566279536991
0.09204,-5.604917814101052,24.684,-80.00312805175781,0.0
0.08378,-5.386534025038552,25.908,-79.18258666992188,245.3397474446332
0.08378,-5.386534025038552,25.908,-79.18258666992188,0.0
0.09204,-5.428129484022927,26.958,-78.34625244140625,220.4492966619077
0.09204,-5.428129484022927,26.958,-78.34625244140625,0.0
0.09204,-5.272123624647927,28.008,-77.45567321777344,208.4160381104033
0.09204,-5.272123624647927,28.008,-77.45567321777344,0.0
0.08732,-5.417722989882302,28.59,-76.53831481933594,116.07499002785858
0.08732,-5.417722989882302,28.59,-76.53831481933594,0.0
0.08496,-5.251310636366677,29.562,-75.5804443359375,189.39984411523517
0.08496,-5.251310636366677,29.562,-75.5804443359375,0.0
0.09617,-5.428129484022927,30.714,-74.63768005371094,223.55909179088243
0.09617,-5.428129484022927,30.714,-74.63768005371094,0.0
0.08791,-5.292936612929177,31.662,-73.59947204589844,184.75930617792525
0.08791,-5.292936612929177,31.662,-73.59947204589844,0.0
0.08614,-5.344908048476052,32.736,-72.59559631347656,208.58419110552447
0.08614,-5.344908048476052,32.736,-72.59559631347656,0.0
0.08555,-5.230528165663552,33.642,-71.49284362792969,174.46562680512938
0.08555,-5.230528165663552,33.642,-71.49284362792969,0.0
0.08319,-5.188932706679177,34.638,-70.42236328125,194.95008808022976
0.08319,-5.188932706679177,34.638,-70.42236328125,0.0
0.0944,-5.147337247694802,35.472,-69.29695129394531,164.65942744317763
0.0944,-5.147337247694802,35.472,-69.29695129394531,0.0
0.0867299999999999,-5.209715177382302,36.55200000000001,-68.10905456542969,210.97870677893937
0.0867299999999999,-5.209715177382302,36.55200000000001,-68.10905456542969,0.0
0.0914499999999999,-5.230528165663552,37.674,-66.9342041015625,225.527638190875
0.0914499999999999,-5.230528165663552,37.674,-66.9342041015625,0.0
0.09322,-5.220121671522927,38.556,-65.71403503417969,164.4295302013374
0.09322,-5.220121671522927,38.556,-65.71403503417969,0.0
0.0914499999999999,-5.074522306288552,39.444,-64.48493957519531,183.24391250513835
0.0914499999999999,-5.074522306288552,39.444,-64.48493957519531,0.0
0.08732,-5.012113859022927,40.566,-63.18443298339843,227.1255060733058
0.08732,-5.012113859022927,40.566,-63.18443298339843,0.0
0.0867299999999999,-5.344908048476052,41.304,-61.88186645507812,152.95336787530016
0.0867299999999999,-5.344908048476052,41.304,-61.88186645507812,0.0
0.08555,-4.606535245741677,42.21,-60.52024841308594,182.58766626337768
0.08555,-4.606535245741677,42.21,-60.52024841308594,0.0
0.08142,-4.544126798476052,42.35399999999999,-59.18472290039062,29.875518672227344
0.08142,-4.544126798476052,42.35399999999999,-59.18472290039062,0.0
0.08142,-4.606535245741677,42.498,-57.77915954589844,28.96218825425334
0.08142,-4.606535245741677,42.498,-57.77915954589844,0.0
0.0825999999999999,-4.887327482069802,42.342,-56.45942687988281,-31.843233312955487
0.0825999999999999,-4.887327482069802,42.342,-56.45942687988281,0.0
0.08142,-4.429716398085427,42.336,-55.084075927734375,-1.2557555462532568
0.08142,-4.429716398085427,42.336,-55.084075927734375,0.0
0.07611,-4.232115079726052,42.33,-53.7176513671875,-1.1716461628615185
0.07611,-4.232115079726052,42.33,-53.7176513671875,0.0
0.0796499999999999,-4.512937833632302,42.39,-52.34161376953125,12.04335608189947
0.0796499999999999,-4.512937833632302,42.39,-52.34161376953125,0.0
0.07611,-4.533720304335427,42.246,-51.01570129394531,-28.628230616354426
0.07611,-4.533720304335427,42.246,-51.01570129394531,0.0
0.07493,-4.221708585585427,42.35399999999999,-49.61219787597656,21.15987460813653
0.07493,-4.221708585585427,42.35399999999999,-49.61219787597656,0.0
0.07611,-4.128111173476052,42.15,-48.2080078125,-37.19912472650567
0.07611,-4.128111173476052,42.15,-48.2080078125,0.0
0.07375,-4.159330655897927,42.396,-46.90132141113281,47.62826718304583
0.07375,-4.159330655897927,42.396,-46.90132141113281,0.0
0.0755199999999999,-4.211332609022927,42.402,-45.450439453125,1.2406947890826003
0.0755199999999999,-4.211332609022927,42.402,-45.450439453125,0.0
0.07493,-3.982511808241677,42.37200000000001,-44.14100646972656,-6.0313630880515445
0.07493,-3.982511808241677,42.37200000000001,-44.14100646972656,0.0
0.07493,-3.857725431288552,42.378,-42.738189697265625,1.2575979878441563
0.07493,-3.857725431288552,42.378,-42.738189697265625,0.0
0.0719799999999999,-3.660124112929177,42.348,-41.35597229003906,-6.004803843068014
0.0719799999999999,-3.660124112929177,42.348,-41.35597229003906,0.0
0.06667,-3.680937101210427,42.342,-39.96002197265625,-1.1878835874064098
0.06667,-3.680937101210427,42.342,-39.96002197265625,0.0
0.0708,-3.920133878554177,42.264,-38.59428405761719,-15.357353809819536
0.0708,-3.920133878554177,42.264,-38.59428405761719,0.0
0.07257,-3.462522794569802,42.18000000000001,-37.19352722167969,-16.40945497164888
0.07257,-3.462522794569802,42.18000000000001,-37.19352722167969,0.0
0.0654899999999999,-3.296110441054177,42.35399999999999,-35.848388671875,31.340057636916285
0.0654899999999999,-3.296110441054177,42.35399999999999,-35.848388671875,0.0
0.06667,-3.275327970351052,42.37200000000001,-34.45037841796875,3.5149384885775765
0.06667,-3.275327970351052,42.37200000000001,-34.45037841796875,0.0
0.0708,-3.462522794569802,42.144,-33.078460693359375,-46.952224052683846
0.0708,-3.462522794569802,42.144,-33.078460693359375,0.0
0.0654899999999999,-2.973722745741677,42.306,-31.71546936035156,32.20035778173725
0.0654899999999999,-2.973722745741677,42.306,-31.71546936035156,0.0
0.0631299999999999,-2.973722745741677,42.288,-30.333938598632816,-3.231597845598166
0.0631299999999999,-2.880125333632302,42.288,-30.333938598632816,0.0
0.0648999999999999,-2.817716886366677,42.402,-28.966827392578125,22.601110229922128
0.0648999999999999,-2.817716886366677,42.402,-28.966827392578125,0.0
0.06077,-3.056913663710427,42.108,-27.61962890625,-58.69435016968186
0.06077,-3.056913663710427,42.108,-27.61962890625,0.0
0.06136,-2.557737638319802,42.036,-26.234664916992188,-14.595580782459882
0.06136,-2.557737638319802,42.036,-26.234664916992188,0.0
0.06254,-2.557737638319802,42.24,-24.88677978515625,39.820417723898586
0.06254,-2.380918790663552,42.24,-24.88677978515625,0.0
0.06136,-2.380918790663552,42.348,-23.559494018554688,21.38613861387302
0.06136,-2.380918790663552,42.348,-23.559494018554688,0.0
0.059,-2.380918790663552,42.228,-22.204742431640625,-21.99010445302503
0.059,-2.557737638319802,42.228,-22.204742431640625,0.0
0.0542799999999999,-2.120909025038552,42.294,-20.820465087890625,13.06930693069963
0.0542799999999999,-2.120909025038552,42.294,-20.820465087890625,0.0
0.0536899999999999,-2.120909025038552,42.222,-19.43206787109375,-12.90091381471274
0.0536899999999999,-1.933714200819802,42.222,-19.43206787109375,0.0
0.05664,-1.944120694960427,42.306,-18.06976318359375,16.18809019078295
0.05664,-1.944120694960427,42.306,-18.06976318359375,0.0
0.05251,-2.006529142226052,42.078,-16.672439575195312,-36.55603655604319
0.05251,-2.006529142226052,42.078,-16.672439575195312,0.0
0.0542799999999999,-1.559324552382302,42.132,-15.334854125976562,10.849909584093025
0.0542799999999999,-1.559324552382302,42.132,-15.334854125976562,0.0
0.0530999999999999,-1.559324552382302,42.18000000000001,-13.951950073242188,8.703535811420904
0.0530999999999999,-1.444914151991677,42.18000000000001,-13.951950073242188,0.0
0.05133,-1.476133634413552,42.348,-12.622604370117188,33.35318642047682
0.05133,-1.476133634413552,42.348,-12.622604370117188,0.0
0.0507399999999999,-1.465727140272927,42.096,-11.221160888671877,-38.485033598074295
0.0507399999999999,-1.465727140272927,42.096,-11.221160888671877,0.0
0.04661,-1.028929044569802,42.168000000000006,-9.885635375976562,14.4810941271281
0.04661,-1.028929044569802,42.168000000000006,-9.885635375976562,0.0
0.04897,-1.008116056288552,42.036,-8.496551513671875,-25.94849616675672
0.04897,-1.008116056288552,42.036,-8.496551513671875,0.0
0.04602,-1.028929044569802,42.312000000000005,-7.180938720703126,52.66170578135964
0.04602,-1.028929044569802,42.312000000000005,-7.180938720703126,0.0
0.04189,-0.841734220351052,42.078,-5.73211669921875,-47.67726161368883
0.04189,-0.841734220351052,42.078,-5.73211669921875,0.0
0.04602,-0.644132901991677,41.94,-4.428863525390625,-27.38095238098635
0.04602,-0.644132901991677,41.94,-4.428863525390625,0.0
0.04189,-0.592130948866677,42.006,-3.0438995361328125,10.914503059377267
0.04189,-0.592130948866677,42.006,-3.0438995361328125,0.0
0.04425,-0.508909513319802,42.174,-1.6994476318359375,34.30671839902171
0.04425,-0.508909513319802,42.174,-1.6994476318359375,0.0
0.03953,-0.384123136366677,42.21,-0.2581787109375,7.189934092262189
0.03953,-0.384123136366677,42.21,-0.2581787109375,0.0
0.0371699999999999,-0.155332853163552,42.108,1.078033447265625,-20.326823435604748
0.0371699999999999,-0.155332853163552,42.108,1.078033447265625,0.0
0.04071,0.0110795003520729,42.066,2.4423980712890625,-9.1403699673367
0.04071,0.0110795003520729,42.066,2.4423980712890625,0.0
0.03658,0.0214859944926979,42.3,3.75732421875,46.09929078024694
0.03658,0.0214859944926979,42.3,3.75732421875,0.0
0.0336299999999999,0.0214859944926979,42.012,5.1697540283203125,-50.94640014156005
0.0336299999999999,0.2398697835551979,42.012,5.1697540283203125,0.0
0.0359899999999999,0.4478775960551979,41.808,6.505279541015625,-39.81264637006223
0.0359899999999999,0.4478775960551979,41.808,6.505279541015625,0.0
0.0348099999999999,0.4894730550395729,41.904,7.889556884765625,14.805675508977242
0.0348099999999999,0.4894730550395729,41.904,7.889556884765625,0.0
0.03658,0.541475008164573,42.066,9.227828979492188,31.889763779574928
0.03658,0.541475008164573,42.066,9.227828979492188,0.0
0.03186,0.541475008164573,42.264,10.565414428710938,36.673458047806776
0.03186,0.541475008164573,42.264,10.565414428710938,0.0
0.03186,0.728669832383323,42.036,11.916046142578123,-45.47267650575928
0.03186,0.728669832383323,42.036,11.916046142578123,0.0
0.0295,0.843080232773948,41.976,13.303756713867188,-11.91658391259664
0.0295,0.843080232773948,41.976,13.303756713867188,0.0
0.03068,0.957490633164573,42.258,14.642715454101564,55.078124999945615
0.03068,0.957490633164573,42.258,14.642715454101564,0.0
0.0271399999999999,1.061464021836448,42.186,15.988540649414062,-14.173228346478368
0.0271399999999999,1.061464021836448,42.186,15.988540649414062,0.0
0.0277299999999999,1.259065340195823,41.922,17.3748779296875,-54.14273995066783
0.0277299999999999,1.259065340195823,41.922,17.3748779296875,0.0
0.0265499999999999,1.311067293320823,41.97,18.7261962890625,9.575104727725412
0.0265499999999999,1.311067293320823,41.97,18.7261962890625,0.0
0.0277299999999999,1.467073152695823,42.096,20.031509399414062,25.285972305861
0.0277299999999999,1.467073152695823,42.096,20.031509399414062,0.0
0.0241899999999999,1.415071199570823,42.204,21.430206298828125,21.53968887121085
0.0241899999999999,1.415071199570823,42.204,21.430206298828125,0.0
0.02183,1.758271883164573,41.91,22.83233642578125,-58.07981035169512
0.02183,1.758271883164573,41.91,22.83233642578125,0.0
0.02242,1.883088777695823,41.916,24.213180541992188,1.1650485436892668
0.02242,1.883088777695823,41.916,24.213180541992188,0.0
0.0206499999999999,1.935090730820823,42.102,25.550079345703125,37.00756068443454
0.0206499999999999,1.935090730820823,42.102,25.550079345703125,0.0
0.0206499999999999,1.924684236680198,42.234,26.94122314453125,26.20607504466257
0.0206499999999999,1.924684236680198,42.234,26.94122314453125,0.0
0.0177,2.288667390977073,41.994,28.311080932617188,-48.75076173074249
0.0177,2.288667390977073,41.994,28.311080932617188,0.0
0.0177,2.288667390977073,41.97,29.69398498535156,-4.977187888838531
0.0177,2.299073885117698,41.97,29.69398498535156,0.0
0.0177,2.403077791367698,41.982,31.004104614257816,2.443991853355844
0.0177,2.403077791367698,41.982,31.004104614257816,0.0
0.0177,2.403077791367698,42.222,32.419281005859375,43.79562043802456
0.0177,2.288667390977073,42.222,32.419281005859375,0.0
0.0135699999999999,2.652681062852073,42.084,33.7939453125,-26.71829622456135
0.0135699999999999,2.652681062852073,42.084,33.7939453125,0.0
0.0129799999999999,2.652681062852073,42.03,35.14183044433594,-10.175240248724744
0.0129799999999999,2.704683015977073,42.03,35.14183044433594,0.0
0.01475,2.694276521836448,42.126,36.51580810546875,19.250050130338757
0.01475,2.694276521836448,42.126,36.51580810546875,0.0
0.01593,2.683870027695823,42.108,37.865753173828125,-3.534262713536817
0.01593,2.683870027695823,42.108,37.865753173828125,0.0
0.01121,3.058290193711448,42.018,39.27406311035156,-16.917293233089808
0.01121,3.058290193711448,42.018,39.27406311035156,0.0
0.0100299999999999,3.110292146836448,41.958,40.59173583984375,-13.67677228176028
0.0100299999999999,3.110292146836448,41.958,40.59173583984375,0.0
0.0123899999999999,3.131074617539573,41.958,41.99729919433594,0.0
0.0100299999999999,3.141481111680198,42.234,43.37814331054688,58.35095137409407
0.0100299999999999,3.141481111680198,42.234,43.37814331054688,0.0
0.00826,3.359864900742698,42.084,44.7857666015625,-28.20078962210876
0.00826,3.359864900742698,42.084,44.7857666015625,0.0
0.00826,3.453462312852073,41.922,46.10343933105469,-31.364956437616453
0.00826,3.453462312852073,41.922,46.10343933105469,0.0
0.00767,3.505464265977073,42.006,47.48222351074219,16.887816646548323
0.00767,3.505464265977073,42.006,47.48222351074219,0.0
0.01062,3.474275301133323,42.15,48.856201171875,29.00302114804437
0.01062,3.474275301133323,42.15,48.856201171875,0.0
0.00413,3.682283113633323,42.144,50.262451171875,-1.1148272017813745
0.00413,3.682283113633323,42.144,50.262451171875,0.0
0.0047199999999999,3.807069490586448,41.94,51.624755859375,-41.6836943195131
0.0047199999999999,3.807069490586448,41.94,51.624755859375,0.0
0.0047199999999999,3.848664949570823,41.886,52.99736022949219,-9.754335260128412
0.0047199999999999,3.848664949570823,41.886,52.99736022949219,0.0
0.00708,3.838288973008323,42.186,54.29512023925781,60.557125555132025
0.00708,3.838288973008323,42.186,54.29512023925781,0.0
0.00295,3.900666902695823,42.102,55.73982238769531,-16.584402764061622
0.00295,3.900666902695823,42.102,55.73982238769531,0.0
0.00177,4.150270174180198,41.946000000000005,57.07191467285156,-31.655844155890687
0.00177,4.150270174180198,41.946000000000005,57.07191467285156,0.0
-0.0,4.129487703477073,41.982,58.45001220703125,6.584964331447103
-0.0,4.129487703477073,41.982,58.45001220703125,0.0
0.0023599999999999,4.087892244492698,41.964,59.81025695800782,-3.705991352686053
0.0023599999999999,4.087892244492698,41.964,59.81025695800782,0.0
-0.0,4.087892244492698,41.496,61.170501708984375,-83.64611260054194
-0.0,4.067079256211448,41.496,61.170501708984375,0.0
-0.0,4.379090974961448,40.224,62.52593994140625,-259.38009787873034
-0.0,4.379090974961448,40.224,62.52593994140625,0.0
-0.0,4.379090974961448,39.456,63.83193969726563,-149.99999999984874
-0.0,4.379090974961448,39.456,63.83193969726563,0.0
-0.0,4.264680574570823,38.808,65.04112243652344,-125.7275902210772
-0.0,4.264680574570823,38.808,65.04112243652344,0.0
-0.0005899999999999,4.597474764023948,37.87799999999999,66.33750915527344,-187.23575598924143
-0.0005899999999999,4.597474764023948,37.87799999999999,66.33750915527344,0.0
-0.00354,4.618287752305198,36.678,67.53021240234375,-240.19215372339383
-0.00354,4.618287752305198,36.678,67.53021240234375,0.0
-0.0,4.379090974961448,35.712,68.7030029296875,-191.0223452642292
-0.0,4.379090974961448,35.712,68.7030029296875,0.0
-0.00177,4.670289705430198,34.71,69.8345947265625,-199.64136282167283
-0.00177,4.670289705430198,34.71,69.8345947265625,0.0
-0.0005899999999999,4.670289705430198,34.11,70.95245361328125,-121.2611156022922
-0.0005899999999999,4.670289705430198,34.11,70.95245361328125,0.0
-0.00177,4.410279939805198,33.174,72.0538330078125,-187.2374474890414
-0.00177,4.410279939805198,33.174,72.0538330078125,0.0
-0.0064899999999999,4.722291658555198,32.04,73.1085205078125,-227.0270270273059
-0.0064899999999999,4.722291658555198,32.04,73.1085205078125,0.0
-0.0023599999999999,4.597474764023948,30.816000000000003,74.14604187011719,-243.67907624953284
-0.0023599999999999,4.597474764023948,30.816000000000003,74.14604187011719,0.0
-0.0064899999999999,4.784669588242698,29.922,75.10391235351562,-178.1231320983787
-0.0064899999999999,4.784669588242698,29.922,75.10391235351562,0.0
-0.00531,4.649476717148948,29.136,76.05216979980469,-155.39739027267143
-0.00531,4.649476717148948,29.136,76.05216979980469,0.0
-0.00413,4.774263094102073,28.14,76.99356079101562,-200.76597460211943
-0.00413,4.774263094102073,28.14,76.99356079101562,0.0
-0.00767,4.680665681992698,27.228,77.88963317871094,-179.9881586738841
-0.00767,4.680665681992698,27.228,77.88963317871094,0.0
-0.00767,4.815889070664573,25.956,78.77059936523438,-255.0631642269981
-0.00767,4.815889070664573,25.956,78.77059936523438,0.0
-0.00708,4.815889070664573,25.187999999999995,79.5904541015625,-147.89139225865256
-0.00708,4.711885164414573,25.187999999999995,79.5904541015625,0.0
-0.00885,4.899079988633323,24.144,80.40962219238281,-197.8396816370445
-0.00885,4.899079988633323,24.144,80.40962219238281,0.0
-0.00767,4.597474764023948,23.034,81.1395263671875,-207.90410189204323
-0.00767,4.597474764023948,23.034,81.1395263671875,0.0
-0.01062,4.753480623398948,22.074,81.90101623535156,-181.61180476737377
-0.01062,4.753480623398948,22.074,81.90101623535156,0.0
-0.00885,4.878267000352073,21.18,82.60002136230469,-178.55002995834474
-0.00885,4.878267000352073,21.18,82.60002136230469,0.0
-0.01416,4.847078035508323,20.538,83.26744079589844,-128.60576923073202
-0.01416,4.847078035508323,20.538,83.26744079589844,0.0
-0.01475,4.940675447617698,18.948,83.94447326660156,-324.5560318435872
-0.01475,4.940675447617698,18.948,83.94447326660156,0.0
-0.0100299999999999,4.795076082383323,17.592,84.52125549316406,-268.40855107006064
-0.0100299999999999,4.795076082383323,17.592,84.52125549316406,0.0
-0.0123899999999999,4.940675447617698,17.154,85.089111328125,-87.98714343069757
-0.0123899999999999,4.940675447617698,17.154,85.089111328125,0.0
-0.0118,4.940675447617698,16.224,85.64804077148438,-174.5823165010385
-0.0118,4.899079988633323,16.224,85.64804077148438,0.0
-0.01062,4.940675447617698,15.096,86.15341186523438,-226.82485421373607
-0.01062,4.940675447617698,15.096,86.15341186523438,0.0
-0.01475,4.722291658555198,14.598,86.63612365722656,-95.82451414312035
-0.01475,4.722291658555198,14.598,86.63612365722656,0.0
-0.01593,4.899079988633323,13.452000000000002,87.08999633789062,-234.21213979106932
-0.01593,4.899079988633323,13.452000000000002,87.08999633789062,0.0
-0.01593,4.899079988633323,12.0,87.50679016113281,-291.85929648231104
-0.01593,4.899079988633323,12.0,87.50679016113281,0.0
-0.0129799999999999,4.899079988633323,11.076,87.85629272460938,-188.60992039102808
-0.0129799999999999,4.899079988633323,11.076,87.85629272460938,0.0
-0.0129799999999999,4.815889070664573,10.332,88.19892883300781,-149.99999999966192
-0.0129799999999999,4.815889070664573,10.332,88.19892883300781,0.0
-0.01593,4.899079988633323,9.696,88.53950500488281,-125.76626458390342
-0.01593,4.899079988633323,9.696,88.53950500488281,0.0
-0.0177,4.836671541367698,8.496,88.83476257324219,-248.036378668535
-0.0177,4.836671541367698,8.496,88.83476257324219,0.0
-0.01829,4.847078035508323,7.212,89.10255432128906,-249.32038835018176
-0.01829,4.847078035508323,7.212,89.10255432128906,0.0
-0.01652,4.888673494492698,5.706,89.30648803710938,-307.28422770928233
-0.01652,4.888673494492698,5.706,89.30648803710938,0.0
-0.01475,4.857484529648948,5.016,89.48158264160156,-137.040714995243
-0.01475,4.857484529648948,5.016,89.48158264160156,0.0
-0.01475,4.878267000352073,4.236,89.63333129882812,-146.45137063471583
-0.01475,4.878267000352073,4.236,89.63333129882812,0.0
-0.01593,4.857484529648948,3.51,89.75692749023438,-145.28717230329403
-0.01593,4.857484529648948,3.51,89.75692749023438,0.0
-0.01711,4.899079988633323,2.628,89.85305786132812,-179.30473673507203
-0.01711,4.899079988633323,2.628,89.85305786132812,0.0
-0.01652,4.888673494492698,1.638,89.91279602050781,-197.7626847790442
-0.01652,4.888673494492698,1.638,89.91279602050781,0.0
-0.0177,4.899079988633323,1.044,89.96086120605469,-121.10091743099684
-0.0177,4.899079988633323,1.044,89.96086120605469,0.0
-0.01829,4.888673494492698,0.444,89.98420715332031,-119.47431302277742
-0.01829,4.888673494492698,0.444,89.98420715332031,0.0
-0.01652,4.888673494492698,0.228,89.98832702636719,-35.230794324030306
-0.01652,4.888673494492698,0.228,89.98832702636719,0.0
-0.0188799999999999,4.867891023789573,0.132,89.9945068359375,-19.31589537228808
-0.0188799999999999,4.867891023789573,0.132,89.9945068359375,0.0
-0.0188799999999999,4.867891023789573,0.03,90.00068664550781,-19.029850746282737
-0.0188799999999999,4.899079988633323,0.03,90.00068664550781,0.0
-0.0177,4.867891023789573,0.0239999999999999,89.99794006347656,-1.1531808571990048
-0.0177,4.867891023789573,0.0239999999999999,89.99794006347656,0.0
-0.0194699999999999,4.847078035508323,0.0119999999999999,89.99794006347656,-2.250984805859322
-0.0194699999999999,4.847078035508323,0.0119999999999999,89.99794006347656,0.0
-0.0194699999999999,4.847078035508323,0.0059999999999999,90.0,-1.1966493817338906
-0.0194699999999999,4.847078035508323,0.0059999999999999,90.0,0.0
-0.01829,4.847078035508323,0.0239999999999999,90.00343322753906,3.576395787802364
-0.01829,4.847078035508323,0.0239999999999999,90.00343322753906,0.0
-0.0194699999999999,4.847078035508323,0.03,90.00343322753906,1.212611156026422
-0.0194699999999999,4.847078035508323,0.03,90.00343322753906,0.0
-0.0177,4.826265047227073,0.0239999999999999,90.00274658203125,-1.1928429423447644
-0.0177,4.826265047227073,0.0239999999999999,90.00274658203125,0.0
-0.0188799999999999,4.847078035508323,0.0119999999999999,90.0054931640625,-2.4400162667733603
-0.0177,4.847078035508323,0.0059999999999999,90.00343322753906,-1.1119347664956754
-0.0177,4.847078035508323,0.0059999999999999,90.00343322753906,0.0
-0.0177,4.847078035508323,-0.0,90.00411987304688,-1.1952191235055274
-0.0177,4.847078035508323,-0.0,90.00411987304688,0.0
-0.0188799999999999,4.847078035508323,0.0059999999999999,90.00411987304688,1.1730205278551489
-0.0188799999999999,4.847078035508323,0.0059999999999999,90.00411987304688,0.0
-0.0188799999999999,4.847078035508323,-0.0059999999999999,90.00480651855469,-2.2497187851497795
-0.0188799999999999,4.847078035508323,-0.0059999999999999,90.00480651855469,0.0
-0.0194699999999999,4.847078035508323,0.0059999999999999,90.0054931640625,2.3617398149884927
-0.0194699999999999,4.847078035508323,0.0059999999999999,90.0054931640625,0.0
-0.0188799999999999,4.878267000352073,0.0119999999999999,90.00480651855469,1.3458950201885371
-0.0188799999999999,4.878267000352073,0.0119999999999999,90.00480651855469,0.0
-0.0206499999999999,4.847078035508323,0.0059999999999999,90.00686645507812,-1.2552301255201537
-0.02124,4.847078035508323,-0.0119999999999999,90.00480651855469,-3.802281368833365
-0.02124,4.847078035508323,-0.0119999999999999,90.00480651855469,0.0
-0.0265499999999999,4.847078035508323,-0.0239999999999999,90.00411987304688,-2.4554941682030926
-0.0265499999999999,4.847078035508323,-0.0239999999999999,90.00411987304688,0.0
-0.03835,4.847078035508323,-0.054,90.00617980957031,-6.603565925581824
-0.03835,4.847078035508323,-0.054,90.00617980957031,0.0
-0.05133,4.847078035508323,-0.354,90.00137329101562,-60.18054162481544
-0.05133,4.847078035508323,-0.354,90.00137329101562,0.0
-0.07021,4.899079988633323,-0.96,89.98283386230469,-121.5646940821272
-0.07021,4.899079988633323,-0.96,89.98283386230469,0.0
-0.08791,4.940675447617698,-2.676,89.92721557617188,-343.6123348010328
-0.08791,4.940675447617698,-2.676,89.92721557617188,0.0
-0.0843699999999999,5.023866365586448,-5.034,89.80087280273438,-497.888513512642
-0.0843699999999999,5.023866365586448,-5.034,89.80087280273438,0.0
-0.0867299999999999,4.930268953477073,-7.313999999999999,89.61479187011719,-455.5444555434314
-0.0867299999999999,4.930268953477073,-7.313999999999999,89.61479187011719,0.0
-0.08142,4.899079988633323,-8.748,89.34288024902344,-306.86924887486725
-0.08142,4.899079988633323,-8.748,89.34288024902344,0.0
-0.07906,4.826265047227073,-9.366,89.03732299804688,-115.34154535333212
-0.07906,4.826265047227073,-9.366,89.03732299804688,0.0
-0.07139,4.826265047227073,-9.546,88.71665954589844,-31.768443346327317
-0.07139,4.847078035508323,-9.546,88.71665954589844,0.0
-0.0778799999999999,5.065461824570823,-10.194,88.3905029296875,-128.36767036408474
-0.0778799999999999,5.065461824570823,-10.194,88.3905029296875,0.0
-0.08496,4.919862459336448,-10.86,88.05747985839844,-137.7741001244558
-0.08496,4.919862459336448,-10.86,88.05747985839844,0.0
-0.0843699999999999,5.023866365586448,-12.24,87.69767761230469,-264.2159678345342
-0.0843699999999999,5.023866365586448,-12.24,87.69767761230469,0.0
-0.07847,5.169465730820823,-13.374,87.28431701660156,-228.03136939442084
-0.07847,5.169465730820823,-13.374,87.28431701660156,0.0
-0.08791,4.992677400742698,-14.31,86.83868408203125,-190.82568807308596
-0.08791,4.992677400742698,-14.31,86.83868408203125,0.0
-0.0867299999999999,4.899079988633323,-14.843999999999998,86.35597229003906,-107.94420861155923
-0.0867299999999999,4.899079988633323,-14.843999999999998,86.35597229003906,0.0
-0.0820099999999999,5.034272859727073,-16.056,85.85128784179688,-243.2269717033078
-0.0820099999999999,5.034272859727073,-16.056,85.85128784179688,0.0
-0.0796499999999999,5.023866365586448,-17.099999999999998,85.31845092773438,-239.5594309318222
-0.0796499999999999,5.023866365586448,-17.099999999999998,85.31845092773438,0.0
-0.0843699999999999,4.930268953477073,-17.825999999999997,84.72862243652344,-143.99047996817785
-0.0843699999999999,4.930268953477073,-17.825999999999997,84.72862243652344,0.0
-0.0914499999999999,5.096681306992698,-18.828000000000003,84.14840698242188,-198.80952380920357
-0.0914499999999999,5.096681306992698,-18.828000000000003,84.14840698242188,0.0
-0.08142,5.003083894883323,-19.842,83.5345458984375,-198.7066431503228
-0.08142,5.003083894883323,-19.842,83.5345458984375,0.0
-0.08791,4.867891023789573,-20.508,82.86094665527344,-135.33834586477295
-0.08791,4.867891023789573,-20.508,82.86094665527344,0.0
-0.0938099999999999,5.075868318711448,-21.504,82.17910766601562,-203.09951060315635
-0.0938099999999999,5.075868318711448,-21.504,82.17910766601562,0.0
-0.09322,5.013490389023948,-22.746,81.47666931152344,-252.0803734519324
-0.09322,5.013490389023948,-22.746,81.47666931152344,0.0
-0.0938099999999999,4.847078035508323,-23.598,80.74813842773438,-171.22186495179596
-0.0938099999999999,4.847078035508323,-23.598,80.74813842773438,0.0
-0.08496,4.847078035508323,-24.714,79.97360229492188,-216.36293136898053
-0.08496,5.023866365586448,-24.714,79.97360229492188,0.0
-0.0944,4.847078035508323,-25.596,79.1400146484375,-178.90466531434186
-0.0944,4.847078035508323,-25.596,79.1400146484375,0.0
-0.0867299999999999,4.847078035508323,-26.742,78.31329345703125,-235.12515387767365
-0.0867299999999999,5.023866365586448,-26.742,78.31329345703125,0.0
-0.08319,4.878267000352073,-27.468,77.4151611328125,-148.8620053313487
-0.08319,4.878267000352073,-27.468,77.4151611328125,0.0
-0.08496,5.034272859727073,-28.182,76.52938842773438,-131.2258775962595
-0.08496,5.034272859727073,-28.182,76.52938842773438,0.0
-0.0902699999999999,4.909486482773948,-29.16,75.60859680175781,-195.83500200198748
-0.0902699999999999,4.909486482773948,-29.16,75.60859680175781,0.0
-0.09086,5.013490389023948,-30.576,74.63287353515625,-279.34503846957944
-0.09086,5.013490389023948,-30.576,74.63287353515625,0.0
-0.09086,4.847078035508323,-31.362,73.62831115722656,-161.39630390201322
-0.09086,4.847078035508323,-31.362,73.62831115722656,0.0
-0.0890899999999999,4.899079988633323,-32.532000000000004,72.58049011230469,-218.16147678585173
-0.0890899999999999,4.899079988633323,-32.532000000000004,72.58049011230469,0.0
-0.08496,4.743074129258323,-33.306,71.53541564941406,-153.7544696068299
-0.08496,4.743074129258323,-33.306,71.53541564941406,0.0
-0.09204,4.795076082383323,-34.248000000000005,70.40107727050781,-177.8700906348761
-0.09204,4.795076082383323,-34.248000000000005,70.40107727050781,0.0
-0.0949899999999999,4.961488435898948,-35.118,69.32235717773438,-171.3610399842422
-0.0949899999999999,4.961488435898948,-35.118,69.32235717773438,0.0
-0.08791,4.545472810898948,-36.318000000000005,68.13652038574219,-216.48926574101355
-0.08791,4.545472810898948,-36.318000000000005,68.13652038574219,0.0
-0.09558,4.670289705430198,-37.53,66.9561767578125,-245.0465022245299
-0.09558,4.670289705430198,-37.53,66.9561767578125,0.0
-0.09322,4.815889070664573,-38.16,65.69686889648438,-121.13055181696748
-0.09322,4.815889070664573,-38.16,65.69686889648438,0.0
-0.0949899999999999,4.451875398789573,-39.066,64.45610046386719,-182.1837924791416
-0.0949899999999999,4.451875398789573,-39.066,64.45610046386719,0.0
-0.09558,4.555879305039573,-40.29,63.18855285644531,-224.4224422447965
-0.09558,4.555879305039573,-40.29,63.18855285644531,0.0
-0.0902699999999999,4.483064363633323,-41.178,61.88804626464844,-178.09867629353684
-0.0902699999999999,4.483064363633323,-41.178,61.88804626464844,0.0
-0.08968,4.451875398789573,-41.856,60.502395629882805,-122.64833574533738
-0.08968,4.451875398789573,-41.856,60.502395629882805,0.0
-0.08083,4.150270174180198,-41.796,59.11674499511719,11.978438810139446
-0.08083,4.150270174180198,-41.796,59.11674499511719,0.0
-0.08732,4.399873445664573,-42.006,57.77641296386719,-42.43281470995233
-0.08732,4.399873445664573,-42.006,57.77641296386719,0.0
-0.08555,4.150270174180198,-42.198,56.40380859375,-39.12777664558538
-0.08555,4.150270174180198,-42.198,56.40380859375,0.0
-0.0778799999999999,4.160676668320823,-42.036,54.99755859375,32.48445959494763
-0.0778799999999999,4.160676668320823,-42.036,54.99755859375,0.0
-0.08319,3.848664949570823,-41.748,53.63594055175781,57.46209098171845
-0.08319,3.848664949570823,-41.748,53.63594055175781,0.0
-0.08319,4.056672762070823,-41.79,52.27500915527344,-8.610086100877513
-0.08319,4.056672762070823,-41.79,52.27500915527344,0.0
-0.0843699999999999,3.890290926133323,-41.928,50.96488952636719,-27.34297602525885
-0.0843699999999999,3.890290926133323,-41.928,50.96488952636719,0.0
-0.0802399999999999,3.869477937852073,-42.198,49.57099914550781,-54.33688871012889
-0.0802399999999999,3.869477937852073,-42.198,49.57099914550781,0.0
-0.0755199999999999,3.671876619492698,-41.778,48.192901611328125,87.90288823798645
-0.0755199999999999,3.671876619492698,-41.778,48.192901611328125,0.0
-0.08083,3.723878572617698,-41.976,46.81755065917969,-39.52095808384325
-0.08083,3.723878572617698,-41.976,46.81755065917969,0.0
-0.07729,3.463868806992698,-42.09,45.45661926269531,-21.11111111118889
-0.07729,3.463868806992698,-42.09,45.45661926269531,0.0
-0.07375,3.640687654648948,-42.138000000000005,44.06341552734375,-9.7343338065322
-0.07375,3.640687654648948,-42.138000000000005,44.06341552734375,0.0
-0.0767,3.287080476914573,-41.922,42.68600463867188,43.06220095683727
-0.0767,3.287080476914573,-41.922,42.68600463867188,0.0
-0.07316,3.235078523789573,-41.952,41.31752014160156,-5.97847748106022
-0.07316,3.235078523789573,-41.952,41.31752014160156,0.0
-0.07611,3.151887605820823,-42.078,39.97856140136719,-23.76461712561225
-0.07611,3.151887605820823,-42.078,39.97856140136719,0.0
-0.07375,3.339082430039573,-42.264,38.623809814453125,-37.79719569196358
-0.07375,3.339082430039573,-42.264,38.623809814453125,0.0
-0.06608,3.339082430039573,-41.892,37.201080322265625,70.24169184269456
-0.06608,2.891877840195823,-41.892,37.201080322265625,0.0
-0.07316,2.819062898789573,-41.934000000000005,35.868988037109375,-9.196409021279491
-0.07316,2.819062898789573,-41.934000000000005,35.868988037109375,0.0
-0.07021,2.808686922227073,-42.132,34.49432373046875,-42.00254560876107
-0.07021,2.808686922227073,-42.132,34.49432373046875,0.0
-0.06903,2.943879793320823,-42.102,33.11553955078125,5.99880023996072
-0.06903,2.943879793320823,-42.102,33.11553955078125,0.0
-0.06903,2.507081697617698,-42.072,31.73194885253906,5.526897568140242
-0.06903,2.507081697617698,-42.072,31.73194885253906,0.0
-0.0672599999999999,2.413484285508323,-41.98799999999999,30.42182922363281,16.473818395761704
-0.0672599999999999,2.413484285508323,-41.98799999999999,30.42182922363281,0.0
-0.06844,2.455079744492698,-42.15,29.080123901367188,-30.60646136409777
-0.06844,2.455079744492698,-42.15,29.080123901367188,0.0
-0.0654899999999999,2.455079744492698,-42.294,27.730865478515625,-28.67383512546625
-0.0654899999999999,2.455079744492698,-42.294,27.730865478515625,0.0
-0.0648999999999999,2.101472566758323,-42.096,26.3397216796875,39.33253873663129
-0.0648999999999999,2.101472566758323,-42.096,26.3397216796875,0.0
-0.06136,1.976686189805198,-41.856,24.998703002929688,47.83735299971027
-0.06136,1.976686189805198,-41.856,24.998703002929688,0.0
-0.06254,2.070283601914573,-42.024,23.6260986328125,-33.399602385652706
-0.06254,2.070283601914573,-42.024,23.6260986328125,0.0
-0.06136,1.935090730820823,-42.12,22.28233337402344,-19.23847695393689
-0.06136,1.935090730820823,-42.12,22.28233337402344,0.0
-0.059,1.654267976914573,-42.114,20.924835205078125,1.1554015020239223
-0.059,1.654267976914573,-42.114,20.924835205078125,0.0
-0.0572299999999999,1.654267976914573,-41.808,19.57763671875,63.82978723398926
-0.0572299999999999,1.654267976914573,-41.808,19.57763671875,0.0
-0.059,1.581483553086448,-41.952,18.208465576171875,-28.59412231935847
-0.059,1.581483553086448,-41.952,18.208465576171875,0.0
-0.059,1.435884187852073,-42.114,16.86676025390625,-33.630890595787214
-0.059,1.435884187852073,-42.114,16.86676025390625,0.0
-0.05133,1.186280916367698,-42.096,15.44677734375,3.683241252304778
-0.05133,1.186280916367698,-42.096,15.44677734375,0.0
-0.0560499999999999,1.186280916367698,-41.928,14.129104614257812,31.626506024075194
-0.0560499999999999,1.123872469102073,-41.928,14.129104614257812,0.0
-0.0536899999999999,1.040681551133323,-41.964,12.7935791015625,-7.218768798877567
-0.0536899999999999,1.040681551133323,-41.964,12.7935791015625,0.0
-0.0560499999999999,0.947084139023948,-42.042,11.415481567382812,-14.215418261376549
-0.0560499999999999,0.947084139023948,-42.042,11.415481567382812,0.0
-0.05133,0.718263338242698,-42.264,10.03875732421875,-44.65902232966052
-0.05133,0.718263338242698,-42.264,10.03875732421875,0.0
-0.0519199999999999,0.666291902695823,-41.952,8.680572509765625,56.32785701391397
-0.0519199999999999,0.666291902695823,-41.952,8.680572509765625,0.0
-0.04897,0.614289949570823,-42.018,7.376632690429687,-13.226452905757258
-0.04897,0.614289949570823,-42.018,7.376632690429687,0.0
-0.05015,0.4478775960551979,-42.174,6.025314331054688,-31.382015690932946
-0.05015,0.4478775960551979,-42.174,6.025314331054688,0.0
-0.0472,0.3334671956645729,-42.15,4.61700439453125,5.105296745361148
-0.0472,0.3334671956645729,-42.15,4.61700439453125,0.0
-0.04425,0.1878678304301979,-42.06,3.2828521728515625,18.02884615378889
-0.04425,0.1878678304301979,-42.06,3.2828521728515625,0.0
-0.04779,0.0838639241801979,-41.982,1.8903350830078125,14.976958525316524
-0.04779,0.0838639241801979,-41.982,1.8903350830078125,0.0
-0.04366,-0.051328946913552,-42.09,0.5706024169921875,-21.496815286538915
-0.04366,-0.051328946913552,-42.09,0.5706024169921875,0.0
-0.04248,-0.207334806288552,-42.27,-0.8219146728515625,-36.16636528031341
-0.04248,-0.207334806288552,-42.27,-0.8219146728515625,0.0
-0.04071,-0.207334806288552,-42.084,-2.1924591064453125,35.796766743564966
-0.04071,-0.207334806288552,-42.084,-2.1924591064453125,0.0
-0.04248,-0.384123136366677,-42.09,-3.556137084960937,-1.2267429973383772
-0.04248,-0.384123136366677,-42.09,-3.556137084960937,0.0
-0.04248,-0.571317960585427,-42.174,-4.9390411376953125,-16.776512881943688
-0.04248,-0.571317960585427,-42.174,-4.9390411376953125,0.0
-0.0371699999999999,-0.748136808241677,-42.246,-6.273193359375,-14.32550736167664
-0.0371699999999999,-0.748136808241677,-42.246,-6.273193359375,0.0
-0.03422,-0.852110196913552,-42.06,-7.681503295898437,38.28736105382992
-0.03422,-0.852110196913552,-42.06,-7.681503295898437,0.0
-0.03835,-0.810514737929177,-41.826,-9.07196044921875,46.5023847376799
-0.03835,-0.810514737929177,-41.826,-9.07196044921875,0.0
-0.03422,-1.028929044569802,-41.946000000000005,-10.388259887695312,-23.995200959706512
-0.03422,-1.028929044569802,-41.946000000000005,-10.388259887695312,0.0
-0.0354,-1.268125821913552,-42.252,-11.773223876953123,-62.334487675724695
-0.0354,-1.268125821913552,-42.252,-11.773223876953123,0.0
-0.03127,-1.424131681288552,-42.192,-13.143081665039062,11.684518013642233
-0.03127,-1.424131681288552,-42.192,-13.143081665039062,0.0
-0.0324499999999999,-1.361723234022927,-42.114,-14.510879516601562,14.560388277011464
-0.0324499999999999,-1.361723234022927,-42.114,-14.510879516601562,0.0
-0.03127,-1.434538175429177,-42.228,-15.831985473632812,-23.90939597309127
-0.03127,-1.434538175429177,-42.228,-15.831985473632812,0.0
-0.03009,-1.798521329726052,-42.324,-17.195663452148438,-18.89020070842877
-0.03009,-1.798521329726052,-42.324,-17.195663452148438,0.0
-0.02832,-1.871336271132302,-42.312000000000005,-18.59848022460937,2.2883295194474864
-0.02832,-1.871336271132302,-42.312000000000005,-18.59848022460937,0.0
-0.02832,-1.777708341444802,-41.982,-19.936752319335938,67.18241042358711
-0.02832,-1.777708341444802,-41.982,-19.936752319335938,0.0
-0.0265499999999999,-1.923338224257302,-42.054,-21.316909790039062,-14.66992665036624
-0.0265499999999999,-1.923338224257302,-42.054,-21.316909790039062,0.0
-0.0259599999999999,-2.391325284804177,-42.336,-22.669601440429688,-57.27051177884527
-0.0259599999999999,-2.391325284804177,-42.336,-22.669601440429688,0.0
-0.0236,-2.349729825819802,-42.318,-24.039459228515625,3.682487725024158
-0.0236,-2.349729825819802,-42.318,-24.039459228515625,0.0
-0.0241899999999999,-2.318510343397927,-42.186,-25.377731323242188,26.34204749552995
-0.0241899999999999,-2.318510343397927,-42.186,-25.377731323242188,0.0
-0.0236,-2.432920743788552,-42.126,-26.7626953125,10.706638115622026
-0.0236,-2.432920743788552,-42.126,-26.7626953125,0.0
-0.0206499999999999,-2.817716886366677,-42.33,-28.12362670898437,-41.0462776661123
-0.0206499999999999,-2.817716886366677,-42.33,-28.12362670898437,0.0
-0.0188799999999999,-2.817716886366677,-42.36599999999999,-29.524383544921875,-6.825938566533419
-0.0188799999999999,-2.817716886366677,-42.36599999999999,-29.524383544921875,0.0
-0.0206499999999999,-2.765714933241677,-42.096,-30.83724975585937,51.22367672174842
-0.0206499999999999,-2.765714933241677,-42.096,-30.83724975585937,0.0
-0.0206499999999999,-2.786527921522927,-42.108,-32.18101501464844,-2.3589541969712937
-0.0206499999999999,-2.786527921522927,-42.108,-32.18101501464844,0.0
-0.01652,-3.254514982069802,-42.276,-33.56803894042969,-33.47280334725276
-0.01652,-3.254514982069802,-42.276,-33.56803894042969,0.0
-0.01475,-3.192137052382302,-42.402,-34.93171691894531,-25.53708958238498
-0.01475,-3.192137052382302,-42.402,-34.93171691894531,0.0
-0.01593,-3.181730558241677,-42.282,-36.28440856933594,25.756600128920407
-0.01593,-3.181730558241677,-42.282,-36.28440856933594,0.0
-0.01534,-3.223326017226052,-42.138000000000005,-37.63160705566406,28.77697841718522
-0.01534,-3.223326017226052,-42.138000000000005,-37.63160705566406,0.0
-0.0129799999999999,-3.691313077772927,-42.246,-38.997344970703125,-21.647624774525852
-0.0129799999999999,-3.691313077772927,-42.246,-38.997344970703125,0.0
-0.0129799999999999,-3.628935148085427,-42.426,-40.37887573242188,-35.98560575756144
-0.0129799999999999,-3.628935148085427,-42.426,-40.37887573242188,0.0
-0.0118,-3.639311124647927,-42.15,-41.73500061035156,56.97770437665003
-0.0118,-3.639311124647927,-42.15,-41.73500061035156,0.0
-0.0118,-3.628935148085427,-42.126,-43.10760498046875,4.780876494022371
-0.0118,-3.628935148085427,-42.126,-43.10760498046875,0.0
-0.0100299999999999,-4.086515714491677,-42.306,-44.44038391113281,-37.688442211113895
-0.0100299999999999,-4.086515714491677,-42.306,-44.44038391113281,0.0
-0.01062,-4.086515714491677,-42.528,-45.852813720703125,-45.97225098363258
-0.01062,-4.086515714491677,-42.528,-45.852813720703125,0.0
-0.0094399999999999,-4.003324796522927,-42.498,-47.239837646484375,5.951200158692257
-0.0094399999999999,-4.003324796522927,-42.498,-47.239837646484375,0.0
-0.00826,-4.003324796522927,-42.264,-48.55201721191406,41.51144225667461
-0.00826,-4.003324796522927,-42.264,-48.55201721191406,0.0
-0.0059,-4.419309903944802,-42.456,-49.95414733886719,-37.74326715153931
-0.0059,-4.419309903944802,-42.456,-49.95414733886719,0.0
-0.0064899999999999,-4.554533292616677,-42.462,-51.31095886230469,-1.191895113231294
-0.0064899999999999,-4.554533292616677,-42.462,-51.31095886230469,0.0
-0.0064899999999999,-4.336118985976052,-42.3,-52.6300048828125,34.25671389301975
-0.0064899999999999,-4.336118985976052,-42.3,-52.6300048828125,0.0
-0.00885,-4.315336515272927,-42.288,-54.03488159179688,2.4585125998855992
-0.00885,-4.315336515272927,-42.288,-54.03488159179688,0.0
-0.00295,-4.315336515272927,-42.294,-55.36354064941406,-1.0699001426488917
-0.00295,-4.689726163710427,-42.294,-55.36354064941406,0.0
-0.00531,-4.845732023085427,-42.438,-56.71417236328125,-29.203001419596603
-0.00531,-4.845732023085427,-42.438,-56.71417236328125,0.0
-0.00354,-4.637724210585427,-42.498,-58.10256958007813,-11.021307861842452
-0.00354,-4.637724210585427,-42.498,-58.10256958007813,0.0
-0.00413,-4.564909269179177,-42.288,-59.41200256347657,41.6006339142868
-0.00413,-4.564909269179177,-42.288,-59.41200256347657,0.0
-0.0,-5.012113859022927,-41.928,-60.83610534667969,62.1976503110369
-0.0,-5.012113859022927,-41.928,-60.83610534667969,0.0
-0.0,-5.168119718397927,-41.058,-62.19497680664063,172.96222663998748
-0.0,-5.168119718397927,-41.058,-62.19497680664063,0.0
-0.0,-4.856107999647927,-40.260000000000005,-63.45497131347656,136.48024628040858
-0.0,-4.856107999647927,-40.260000000000005,-63.45497131347656,0.0
-0.0,-4.887327482069802,-39.054,-64.73350524902344,242.5095515781941
-0.0,-4.887327482069802,-39.054,-64.73350524902344,0.0
0.0011799999999999,-5.334532071913552,-38.202,-65.98457336425781,159.49082740592553
0.0011799999999999,-5.334532071913552,-38.202,-65.98457336425781,0.0
0.0005899999999999,-5.157713224257302,-37.35,-67.18963623046875,170.80994386536753
0.0005899999999999,-5.157713224257302,-37.35,-67.18963623046875,0.0
-0.0,-5.157713224257302,-36.414,-68.34182739257812,176.93761814737317
-0.0,-5.105711271132302,-36.414,-68.34182739257812,0.0
0.0023599999999999,-5.428129484022927,-35.418,-69.50569152832031,202.6862026868133
0.0023599999999999,-5.428129484022927,-35.418,-69.50569152832031,0.0
0.00177,-5.428129484022927,-34.638,-70.63179016113281,157.32150060456803
0.00177,-5.261717130507302,-34.638,-70.63179016113281,0.0
0.00354,-5.313719083632302,-33.408,-71.7242431640625,248.43465966443864
0.00354,-5.313719083632302,-33.408,-71.7242431640625,0.0
0.00708,-5.511320401991677,-32.502,-72.8118896484375,177.9261586796197
0.00708,-5.511320401991677,-32.502,-72.8118896484375,0.0
0.00177,-5.261717130507302,-31.41,-73.83567810058594,223.26722551557668
0.00177,-5.261717130507302,-31.41,-73.83567810058594,0.0
0.00531,-5.490537931288552,-30.612,-74.83474731445312,160.6927104310592
0.00531,-5.490537931288552,-30.612,-74.83474731445312,0.0
0.0023599999999999,-5.386534025038552,-29.604,-75.79673767089844,204.29671666026027
0.0023599999999999,-5.386534025038552,-29.604,-75.79673767089844,0.0
0.0059,-5.604917814101052,-28.5,-76.72370910644531,221.55328115548755
0.0059,-5.604917814101052,-28.5,-76.72370910644531,0.0
0.0059,-5.365721036757302,-27.732,-77.62664794921875,153.60000000013983
0.0059,-5.365721036757302,-27.732,-77.62664794921875,0.0
0.00885,-5.729734708632302,-26.4,-78.51242065429688,246.11973392559287
0.00885,-5.729734708632302,-26.4,-78.51242065429688,0.0
0.0064899999999999,-5.428129484022927,-25.656,-79.32403564453125,148.00079570366998
0.0064899999999999,-5.428129484022927,-25.656,-79.32403564453125,0.0
0.0094399999999999,-5.552915860976052,-24.63,-80.14045715332031,204.05727923587
0.0094399999999999,-5.552915860976052,-24.63,-80.14045715332031,0.0
0.0064899999999999,-5.511320401991677,-23.604,-80.91293334960938,189.78912319667364
0.0064899999999999,-5.511320401991677,-23.604,-80.91293334960938,0.0
0.01062,-5.573728849257302,-22.836,-81.65794372558594,152.8358208958517
0.01062,-5.573728849257302,-22.836,-81.65794372558594,0.0
0.0100299999999999,-5.584135343397927,-21.468,-82.36038208007812,276.14049253140433
0.0100299999999999,-5.584135343397927,-21.468,-82.36038208007812,0.0
0.0123899999999999,-5.532133390272927,-20.76,-83.05938720703125,145.6490434065463
0.0123899999999999,-5.532133390272927,-20.76,-83.05938720703125,0.0
0.0135699999999999,-5.750517179335427,-19.452,-83.71170043945312,262.0192307684093
0.0135699999999999,-5.750517179335427,-19.452,-83.71170043945312,0.0
0.0064899999999999,-5.552915860976052,-18.354,-84.30496215820312,218.42052914331995
0.0064899999999999,-5.552915860976052,-18.354,-84.30496215820312,0.0
0.0123899999999999,-5.604917814101052,-18.024,-84.8858642578125,66.09252954156003
0.0123899999999999,-5.604917814101052,-18.024,-84.8858642578125,0.0
0.0129799999999999,-5.604917814101052,-16.74,-85.45646667480469,256.3385905369749
0.0129799999999999,-5.604917814101052,-16.74,-85.45646667480469,0.0
0.01062,-5.604917814101052,-15.564000000000002,-85.94741821289062,217.81811446518705
0.01062,-5.604917814101052,-15.564000000000002,-85.94741821289062,0.0
0.0129799999999999,-5.552915860976052,-15.06,-86.44454956054688,102.85714285730828
0.0129799999999999,-5.552915860976052,-15.06,-86.44454956054688,0.0
0.01652,-5.781736661757302,-13.896,-86.9183349609375,238.96530486511327
0.01652,-5.781736661757302,-13.896,-86.9183349609375,0.0
0.0129799999999999,-5.636137296522927,-12.54,-87.33512878417969,271.74348697436875
0.0129799999999999,-5.636137296522927,-12.54,-87.33512878417969,0.0
0.0094399999999999,-5.604917814101052,-11.574,-87.70660400390625,192.31534939192588
0.0094399999999999,-5.604917814101052,-11.574,-87.70660400390625,0.0
0.01475,-5.594511319960427,-11.154,-88.06365966796875,84.86562941990431
0.01475,-5.594511319960427,-11.154,-88.06365966796875,0.0
0.0188799999999999,-5.604917814101052,-10.11,-88.42277526855469,205.79538734550988
0.0188799999999999,-5.604917814101052,-10.11,-88.42277526855469,0.0
0.01711,-5.708921720351052,-8.681999999999999,-88.7310791015625,287.150613311493
0.01711,-5.708921720351052,-8.681999999999999,-88.7310791015625,0.0
0.0177,-5.667326261366677,-7.254,-88.98994445800781,271.07061503412007
0.0177,-5.667326261366677,-7.254,-88.98994445800781,0.0
0.01416,-5.604917814101052,-6.21,-89.2034912109375,167.17373899100713
0.01416,-5.604917814101052,-6.21,-89.2034912109375,0.0
0.0129799999999999,-5.604917814101052,-5.5200000000000005,-89.38201904296875,139.4784718014536
0.0129799999999999,-5.604917814101052,-5.5200000000000005,-89.38201904296875,0.0
0.01475,-5.604917814101052,-5.172,-89.549560546875,57.64452542634076
0.01475,-5.563322355116677,-5.172,-89.549560546875,0.0
0.0188799999999999,-5.604917814101052,-4.428,-89.70062255859375,149.54773869341534
0.0188799999999999,-5.604917814101052,-4.428,-89.70062255859375,0.0
0.0200599999999999,-5.552915860976052,-3.63,-89.81803894042969,129.12621359222217
0.0200599999999999,-5.552915860976052,-3.63,-89.81803894042969,0.0
0.0259599999999999,-5.604917814101052,-2.7180000000000004,-89.923095703125,186.5030674850836
0.0259599999999999,-5.604917814101052,-2.7180000000000004,-89.923095703125,0.0
0.0236,-5.604917814101052,-0.894,-89.97734069824219,373.3879222107286
0.0236,-5.667326261366677,-0.894,-89.97734069824219,0.0
0.02242,-5.584135343397927,-0.306,-89.99794006347656,117.06151702183476
0.02242,-5.584135343397927,-0.306,-89.99794006347656,0.0
0.0206499999999999,-5.594511319960427,-0.042,-90.00137329101562,56.71321160060727
0.0206499999999999,-5.594511319960427,-0.042,-90.00137329101562,0.0
0.0206499999999999,-5.604917814101052,-0.0239999999999999,-90.00137329101562,3.3563304120900304
0.0206499999999999,-5.604917814101052,-0.0239999999999999,-90.00137329101562,0.0
0.0206499999999999,-5.594511319960427,-0.0119999999999999,-90.00205993652344,2.3899621589328284
0.0206499999999999,-5.594511319960427,-0.0119999999999999,-90.00205993652344,0.0
0.0206499999999999,-5.594511319960427,-0.0,-90.0,2.4198427102309976
0.0206499999999999,-5.594511319960427,-0.0,-90.0,0.0
0.02183,-5.594511319960427,-0.0119999999999999,-90.00274658203125,-2.062210001717619
0.02183,-5.604917814101052,-0.0119999999999999,-90.00274658203125,0.0
0.02124,-5.604917814101052,0.0059999999999999,-90.00205993652344,3.67797302821364
0.02124,-5.604917814101052,0.0059999999999999,-90.00205993652344,0.0
0.02242,-5.604917814101052,0.0119999999999999,-90.00137329101562,1.1574074074042668
0.02242,-5.604917814101052,0.0119999999999999,-90.00137329101562,0.0
0.02183,-5.604917814101052,0.0119999999999999,-90.00205993652344,0.0
0.02183,-5.584135343397927,-0.018,-90.00411987304688,-5.914826498407973
0.02183,-5.584135343397927,-0.018,-90.00411987304688,0.0
0.02242,-5.552915860976052,-0.0,-90.00205993652344,3.631961259085139
0.02242,-5.552915860976052,-0.0,-90.00205993652344,0.0
0.02242,-5.604917814101052,0.0479999999999999,-90.00343322753906,9.86233819603384
0.02242,-5.604917814101052,0.0479999999999999,-90.00343322753906,0.0
0.02242,-5.604917814101052,-0.0119999999999999,-90.00343322753906,-12.165450121592729
0.02242,-5.604917814101052,-0.0119999999999999,-90.00343322753906,0.0
0.02242,-5.604917814101052,0.0119999999999999,-90.00274658203125,4.796163069531121
0.02242,-5.604917814101052,0.0119999999999999,-90.00274658203125,0.0
0.02242,-5.604917814101052,-0.0119999999999999,-90.00137329101562,-4.561003420763218
0.02242,-5.552915860976052,-0.0119999999999999,-90.00137329101562,0.0
0.02242,-5.594511319960427,0.0119999999999999,-90.00205993652344,4.902962206328187
0.02242,-5.594511319960427,0.0119999999999999,-90.00205993652344,0.0
0.02242,-5.604917814101052,-0.0059999999999999,-90.00343322753906,-3.589948145181283
0.02242,-5.604917814101052,-0.0059999999999999,-90.00343322753906,0.0
0.02183,-5.563322355116677,-0.0239999999999999,-90.00205993652344,-3.732890916639757
0.02183,-5.563322355116677,-0.0239999999999999,-90.00205993652344,0.0
0.02242,-5.594511319960427,0.018,-90.00274658203125,8.788449466390883
0.02242,-5.594511319960427,0.018,-90.00274658203125,0.0
0.0259599999999999,-5.552915860976052,0.018,-90.00274658203125,0.0
0.0336299999999999,-5.552915860976052,0.018,-90.00274658203125,0.0
0.0336299999999999,-5.563322355116677,0.018,-90.00274658203125,0.0
0.04661,-5.594511319960427,0.168,-90.00068664550781,27.392257122049983
0.04661,-5.594511319960427,0.168,-90.00068664550781,0.0
0.06372,-5.594511319960427,0.5640000000000001,-89.99244689941406,74.70288624783709
0.06372,-5.594511319960427,0.5640000000000001,-89.99244689941406,0.0
0.07906,-5.729734708632302,2.064,-89.95880126953125,297.32408324933203
0.07906,-5.729734708632302,2.064,-89.95880126953125,0.0
0.08378,-5.729734708632302,3.498,-89.86335754394531,272.2095671981292
0.08378,-5.594511319960427,3.498,-89.86335754394531,0.0
0.08732,-5.781736661757302,6.053999999999999,-89.71847534179688,491.1606456579423
0.08732,-5.781736661757302,6.053999999999999,-89.71847534179688,0.0
0.0796499999999999,-5.781736661757302,7.992,-89.4891357421875,351.5965166902073
0.0796499999999999,-5.729734708632302,7.992,-89.4891357421875,0.0
0.08319,-5.677732755507302,9.420000000000002,-89.21722412109375,286.0004005616616
0.08319,-5.677732755507302,9.420000000000002,-89.21722412109375,0.0
0.07729,-5.625730802382302,10.032,-88.90548706054688,110.76923076911469
0.07729,-5.625730802382302,10.032,-88.90548706054688,0.0
0.07493,-5.698515226210427,10.218,-88.56903076171875,37.214885954378005
0.07493,-5.698515226210427,10.218,-88.56903076171875,0.0
0.07316,-5.594511319960427,10.512,-88.23738098144531,55.39853024320328
0.07316,-5.594511319960427,10.512,-88.23738098144531,0.0
0.0796499999999999,-5.625730802382302,11.094,-87.88856506347656,119.18902314134928
0.0796499999999999,-5.625730802382302,11.094,-87.88856506347656,0.0
0.0796499999999999,-5.656919767226052,12.36,-87.5115966796875,245.968525354872
0.0796499999999999,-5.656919767226052,12.36,-87.5115966796875,0.0
0.0885,-5.729734708632302,13.776,-87.09342956542969,286.29195309236104
0.0885,-5.729734708632302,13.776,-87.09342956542969,0.0
0.08083,-5.729734708632302,14.784,-86.64985656738281,176.03911980497088
0.08083,-5.729734708632302,14.784,-86.64985656738281,0.0
0.08791,-5.594511319960427,15.582000000000004,-86.16096496582031,161.1470113084668
0.08791,-5.594511319960427,15.582000000000004,-86.16096496582031,0.0
0.0885,-5.604917814101052,16.578,-85.65628051757812,193.7743190657145
0.0885,-5.604917814101052,16.578,-85.65628051757812,0.0
0.08496,-5.604917814101052,17.729999999999997,-85.09803771972656,231.97744663731748
0.08496,-5.604917814101052,17.729999999999997,-85.09803771972656,0.0
0.0820099999999999,-5.625730802382302,18.276000000000003,-84.53018188476562,110.79545454530512
0.0820099999999999,-5.625730802382302,18.276000000000003,-84.53018188476562,0.0
0.08555,-5.552915860976052,19.122,-83.93760681152344,161.32723112113655
0.08555,-5.552915860976052,19.122,-83.93760681152344,0.0
0.08614,-5.604917814101052,20.520000000000003,-83.30726623535156,278.15360127254485
0.08614,-5.604917814101052,20.520000000000003,-83.30726623535156,0.0
0.0902699999999999,-5.480131437147927,21.312,-82.6226806640625,164.79400749056475
0.0902699999999999,-5.480131437147927,21.312,-82.6226806640625,0.0
0.0867299999999999,-5.667326261366677,22.116,-81.95114135742188,161.08996193180707
0.0867299999999999,-5.667326261366677,22.116,-81.95114135742188,0.0
0.09086,-5.656919767226052,23.058,-81.2274169921875,165.08937960031818
0.09086,-5.656919767226052,23.058,-81.2274169921875,0.0
0.0914499999999999,-5.604917814101052,23.802,-80.47622680664062,145.00097446875134
0.0914499999999999,-5.604917814101052,23.802,-80.47622680664062,0.0
0.08378,-5.750517179335427,25.23,-79.68727111816406,284.34886499260114
0.08378,-5.750517179335427,25.23,-79.68727111816406,0.0
0.08968,-5.604917814101052,26.118,-78.85780334472656,176.2254415554906
0.08968,-5.604917814101052,26.118,-78.85780334472656,0.0
0.0926299999999999,-5.729734708632302,27.312,-78.04550170898438,231.21611154236825
0.0926299999999999,-5.729734708632302,27.312,-78.04550170898438,0.0
0.0890899999999999,-5.448911954726052,28.038,-77.13981628417969,148.70954526805355
0.0890899999999999,-5.448911954726052,28.038,-77.13981628417969,0.0
0.09204,-5.563322355116677,28.932,-76.21421813964844,178.12313209787365
0.09204,-5.563322355116677,28.932,-76.21421813964844,0.0
0.0867299999999999,-5.459318448866677,29.868,-75.27694702148438,199.9572740865182
0.0867299999999999,-5.459318448866677,29.868,-75.27694702148438,0.0
0.0902699999999999,-5.490537931288552,31.158,-74.30946350097656,258.5170340685369
0.0902699999999999,-5.490537931288552,31.158,-74.30946350097656,0.0
0.08791,-5.386534025038552,31.830000000000005,-73.2513427734375,135.29293336035494
0.08791,-5.386534025038552,31.830000000000005,-73.2513427734375,0.0
0.08496,-5.480131437147927,33.078,-72.24197387695312,243.74999999975572
0.08496,-5.480131437147927,33.078,-72.24197387695312,0.0
0.08496,-5.355314542616677,34.074,-71.14677429199219,202.27457351677415
0.08496,-5.355314542616677,34.074,-71.14677429199219,0.0
0.09086,-5.209715177382302,34.854,-70.00968933105469,150.14436958571542
0.09086,-5.209715177382302,34.854,-70.00968933105469,0.0
0.0902699999999999,-5.438535978163552,35.886,-68.89595031738281,206.8550811788091
0.0902699999999999,-5.438535978163552,35.886,-68.89595031738281,0.0
0.09204,-5.438535978163552,36.906,-67.70668029785156,193.5851205162845
0.09204,-5.168119718397927,36.906,-67.70668029785156,0.0
0.08968,-5.032926847304177,38.052,-66.48445129394531,228.014325506678
0.08968,-5.032926847304177,38.052,-66.48445129394531,0.0
0.0885,-5.032926847304177,38.904,-65.24917602539062,161.7005124312508
0.0885,-5.209715177382302,38.904,-65.24917602539062,0.0
0.0938099999999999,-5.157713224257302,39.942,-63.97750854492188,213.6681762048809
0.0938099999999999,-5.157713224257302,39.942,-63.97750854492188,0.0
0.0890899999999999,-4.980924894179177,40.83,-62.67150878906251,173.4036321030166
0.0890899999999999,-4.980924894179177,40.83,-62.67150878906251,0.0
0.08496,-5.095335294569802,41.928,-61.35589599609375,213.9099941554344
0.08496,-5.095335294569802,41.928,-61.35589599609375,0.0
0.08496,-5.199308683241677,42.882,-59.9688720703125,193.8236489223415
0.08496,-5.199308683241677,42.882,-59.9688720703125,0.0
0.0890899999999999,-4.731321622694802,43.734,-58.59283447265626,159.25233644881138
0.0890899999999999,-4.731321622694802,43.734,-58.59283447265626,0.0
0.08614,-4.731321622694802,44.646,-57.13783264160156,197.4025974030876
0.08614,-4.731321622694802,44.646,-57.13783264160156,0.0
0.08142,-4.575315763319802,45.162,-55.67390441894531,101.81531175960632
0.08142,-4.575315763319802,45.162,-55.67390441894531,0.0
0.0796499999999999,-4.637724210585427,45.528000000000006,-54.25392150878906,71.91982707803926
0.0796499999999999,-4.637724210585427,45.528000000000006,-54.25392150878906,0.0
0.08142,-4.814512540663552,45.426,-52.77763366699219,-20.664505672666674
0.08142,-4.814512540663552,45.426,-52.77763366699219,0.0
0.07906,-4.544126798476052,45.396,-51.2841796875,-6.102522375904958
0.07906,-4.544126798476052,45.396,-51.2841796875,0.0
0.0767,-4.190519620741677,45.288,-49.83329772949219,-21.9646125686132
0.0767,-4.190519620741677,45.288,-49.83329772949219,0.0
0.0755199999999999,-4.159330655897927,45.15599999999999,-48.37348937988281,-26.26343016322236
0.0755199999999999,-4.159330655897927,45.15599999999999,-48.37348937988281,0.0
0.0755199999999999,-4.096922208632302,45.336,-46.91093444824219,35.391270153323866
0.0755199999999999,-4.096922208632302,45.336,-46.91093444824219,0.0
0.0767,-4.325712491835427,45.318000000000005,-45.45524597167969,-3.600720144028978
0.0767,-4.325712491835427,45.318000000000005,-45.45524597167969,0.0
0.0755199999999999,-4.086515714491677,45.294,-44.05860900878906,-4.918032786901215
0.0755199999999999,-4.086515714491677,45.294,-44.05860900878906,0.0
0.0743399999999999,-3.691313077772927,45.432,-42.56034851074219,27.451760493268495
0.0743399999999999,-3.691313077772927,45.432,-42.56034851074219,0.0
0.0719799999999999,-3.420927335585427,45.33,-41.073760986328125,-20.20602218705375
0.0719799999999999,-3.420927335585427,45.33,-41.073760986328125,0.0
0.0696199999999999,-3.296110441054177,45.324,-39.612579345703125,-1.2067578439237734
0.0696199999999999,-3.296110441054177,45.324,-39.612579345703125,0.0
0.07257,-3.566526700819802,45.3,-38.13491821289063,-4.765687053199751
0.07257,-3.566526700819802,45.3,-38.13491821289063,0.0
0.07375,-3.774534513319802,45.222,-36.69227600097656,-15.531660692960235
0.07375,-3.774534513319802,45.222,-36.69227600097656,0.0
0.0708,-3.223326017226052,45.372,-35.27641296386719,30.12048192777646
0.0708,-3.223326017226052,45.372,-35.27641296386719,0.0
0.06844,-3.119322110976052,45.12,-33.80218505859375,-51.4285714286545
0.06844,-3.119322110976052,45.12,-33.80218505859375,0.0
0.06785,-3.056913663710427,45.252,-32.33482360839844,26.284348865012024
0.06785,-3.056913663710427,45.252,-32.33482360839844,0.0
0.06372,-2.661711026991677,45.36,-30.85166931152344,22.689075630229837
0.06372,-2.661711026991677,45.36,-30.85166931152344,0.0
0.06372,-2.973722745741677,45.324,-29.40010070800781,-7.140023800075215
0.06372,-2.973722745741677,45.324,-29.40010070800781,0.0
0.0631299999999999,-2.536924650038552,45.192,-27.938232421875,-26.55401327694304
0.0631299999999999,-2.536924650038552,45.192,-27.938232421875,0.0
0.06608,-2.474516202772927,45.072,-26.45576477050781,-24.635598439845623
0.06608,-2.474516202772927,45.072,-26.45576477050781,0.0
0.06195,-2.245725919569802,45.21,-24.982223510742188,27.67749699156284
0.06195,-2.245725919569802,45.21,-24.982223510742188,0.0
0.06136,-2.297727872694802,45.402,-23.45375061035156,41.55844155828918
0.06136,-2.297727872694802,45.402,-23.45375061035156,0.0
0.0631299999999999,-2.079313566054177,45.258,-22.00767517089844,-27.06766917287219
0.0631299999999999,-2.079313566054177,45.258,-22.00767517089844,0.0
0.059,-2.100126554335427,45.342,-20.527267456054688,16.47704982344706
0.059,-2.100126554335427,45.342,-20.527267456054688,0.0
0.05782,-1.829710294569802,45.324,-19.0118408203125,-3.596403596416071
0.05782,-1.829710294569802,45.324,-19.0118408203125,0.0
0.0530999999999999,-1.507322599257302,45.234,-17.565078735351562,-18.17447495960069
0.0530999999999999,-1.507322599257302,45.234,-17.565078735351562,0.0
0.0536899999999999,-1.476133634413552,45.108,-16.083984375,-25.439127801331285
0.0536899999999999,-1.476133634413552,45.108,-16.083984375,0.0
0.0507399999999999,-1.340910245741677,44.754,-14.510192871093752,-72.88449660303601
0.0507399999999999,-1.340910245741677,44.754,-14.510192871093752,0.0
0.05959,-1.403318693007302,43.14,-13.217239379882812,-315.3575615468523
0.05959,-1.403318693007302,43.14,-13.217239379882812,0.0
0.06136,-1.184934903944802,45.198,-11.771163940429688,412.67294966915193
0.06136,-1.184934903944802,45.198,-11.771163940429688,0.0
0.05251,-0.904112150038552,46.092,-10.241317749023438,177.06476529957345
0.05251,-0.904112150038552,46.092,-10.241317749023438,0.0
0.0472,-0.852110196913552,45.984,-8.790435791015625,-21.691102631086277
0.0472,-0.852110196913552,45.984,-8.790435791015625,0.0
0.04543,-0.768919278944802,45.798,-7.323760986328125,-35.32092669954205
0.04543,-0.768919278944802,45.798,-7.323760986328125,0.0
0.04189,-0.956114103163552,45.162,-5.8097076416015625,-128.14829740140706
0.04189,-0.956114103163552,45.162,-5.8097076416015625,0.0
0.04366,-0.571317960585427,44.88,-4.3677520751953125,-56.07476635505586
0.04366,-0.571317960585427,44.88,-4.3677520751953125,0.0
0.04425,-0.550535489882302,44.856,-2.926483154296875,-4.595060310165984
0.04425,-0.550535489882302,44.856,-2.926483154296875,0.0
0.04425,-0.352934171522927,45.024,-1.4501953125,32.12851405613788
0.04425,-0.352934171522927,45.024,-1.4501953125,0.0
0.0377599999999999,-0.280119230116677,45.084,0.0157928466796875,11.96172248807813
0.0377599999999999,-0.280119230116677,45.084,0.0157928466796875,0.0
0.0401199999999999,-0.311308194960427,45.192,1.451568603515625,21.756647864619968
0.0401199999999999,-0.311308194960427,45.192,1.451568603515625,0.0
0.0401199999999999,-0.030515958632302,45.282,2.93060302734375,18.05054151623614
0.0401199999999999,-0.030515958632302,45.282,2.93060302734375,0.0
0.0359899999999999,0.1878678304301979,45.36,4.437103271484375,15.369458128064114
0.0359899999999999,0.1878678304301979,45.36,4.437103271484375,0.0
0.0348099999999999,0.3646866780864479,44.80800000000001,5.906524658203125,-112.63007549503426
0.0348099999999999,0.3646866780864479,44.80800000000001,5.906524658203125,0.0
0.0348099999999999,0.3646866780864479,44.844,7.370452880859375,7.016176183970722
0.0348099999999999,0.3646866780864479,44.844,7.370452880859375,0.0
0.0371699999999999,0.510286043320823,44.946,8.798675537109375,20.242111530136143
0.0371699999999999,0.510286043320823,44.946,8.798675537109375,0.0
0.0336299999999999,0.510286043320823,45.234,10.259857177734377,57.086223984194106
0.0336299999999999,0.531068514023948,45.234,10.259857177734377,0.0
0.03127,0.843080232773948,45.072,11.721038818359377,-32.530120481998686
0.03127,0.843080232773948,45.072,11.721038818359377,0.0
0.03186,0.843080232773948,45.03,13.20556640625,-8.097165991893007
0.03186,0.988679598008323,45.03,13.20556640625,0.0
0.0324499999999999,1.051088045273948,45.228,14.637908935546877,39.90326481252637
0.0324499999999999,1.051088045273948,45.228,14.637908935546877,0.0
0.0277299999999999,1.061464021836448,45.17400000000001,16.148529052734375,-11.271133375050075
0.0277299999999999,1.061464021836448,45.17400000000001,16.148529052734375,0.0
0.0277299999999999,1.165467928086448,44.88,17.589797973632812,-59.27419354825433
0.0277299999999999,1.165467928086448,44.88,17.589797973632812,0.0
0.0271399999999999,1.415071199570823,45.03,19.06951904296875,32.078699743443885
0.0271399999999999,1.415071199570823,45.03,19.06951904296875,0.0
0.0271399999999999,1.571077058945823,45.216,20.514907836914062,36.91208573142589
0.0271399999999999,1.571077058945823,45.216,20.514907836914062,0.0
0.02242,1.664674471055198,45.09,22.068099975585938,-25.526742301380995
0.02242,1.664674471055198,45.09,22.068099975585938,0.0
0.02301,1.758271883164573,44.856,23.54095458984375,-45.11278195507829
0.02301,1.758271883164573,44.856,23.54095458984375,0.0
0.0241899999999999,1.716676424180198,44.922,24.97261047363281,12.60263509637456
0.0241899999999999,1.716676424180198,44.922,24.97261047363281,0.0
0.02183,2.111879060898948,45.15,26.415252685546875,42.51351855314043
0.02183,2.111879060898948,45.15,26.415252685546875,0.0
0.01829,2.195069978867698,45.084,27.94029235839844,-13.303769401306244
0.01829,2.195069978867698,45.084,27.94029235839844,0.0
0.0177,2.288667390977073,44.928,29.41108703613281,-28.79822780124673
0.0177,2.288667390977073,44.928,29.41108703613281,0.0
0.0188799999999999,2.351075838242698,45.012,30.883941650390625,16.928657799351186
0.0188799999999999,2.351075838242698,45.012,30.883941650390625,0.0
0.0200599999999999,2.236665437852073,45.24,32.32521057128906,42.8893905192406
0.0200599999999999,2.236665437852073,45.24,32.32521057128906,0.0
0.01475,2.631868074570823,45.108,33.80287170410156,-26.59145850120393
0.01475,2.631868074570823,45.108,33.80287170410156,0.0
0.01416,2.756684969102073,45.036,35.21461486816406,-14.417300760963666
0.01416,2.756684969102073,45.036,35.21461486816406,0.0
0.0123899999999999,2.808686922227073,45.084,36.65794372558594,9.445100354162264
0.0123899999999999,2.808686922227073,45.084,36.65794372558594,0.0
0.0129799999999999,2.902284334336448,45.252,38.14659118652344,33.06435741002426
0.0129799999999999,2.902284334336448,45.252,38.14659118652344,0.0
0.0118,2.746278474961448,44.868,39.574127197265625,-77.12392046608676
0.0118,2.746278474961448,44.868,39.574127197265625,0.0
0.0118,3.276673982773948,44.826,41.01333618164063,-8.393285371727522
0.0118,3.276673982773948,44.826,41.01333618164063,0.0
0.0123899999999999,3.276673982773948,45.102,42.451171875,59.45713054730752
0.0123899999999999,3.276673982773948,45.102,42.451171875,0.0
0.01062,3.328675935898948,45.348,43.94805908203125,49.07241172959132
0.01062,3.328675935898948,45.348,43.94805908203125,0.0
0.00826,3.328675935898948,45.024,45.41404724121094,-60.59472601458233
0.00826,3.453462312852073,45.024,45.41404724121094,0.0
0.0094399999999999,3.120668123398948,44.904,46.81617736816406,-24.25222312038821
0.0094399999999999,3.120668123398948,44.904,46.81617736816406,0.0
0.01062,3.120668123398948,45.042,48.28422546386719,26.45198389871085
0.01062,3.630281160508323,45.042,48.28422546386719,0.0
0.00531,3.703065584336448,45.264,49.7625732421875,45.78263559490024
0.00531,3.703065584336448,45.264,49.7625732421875,0.0
0.00531,3.765474031602073,44.958,51.25396728515625,-66.78306416413314
0.00531,3.765474031602073,44.958,51.25396728515625,0.0
0.0059,3.848664949570823,44.964,52.72956848144531,1.2050612572757713
0.0059,3.848664949570823,44.964,52.72956848144531,0.0
0.00826,3.505464265977073,44.982,54.15298461914063,3.147953830009695
0.00826,3.505464265977073,44.982,54.15298461914063,0.0
0.0005899999999999,4.098268221055198,44.91,55.59700012207031,-14.723926380401902
0.0005899999999999,4.098268221055198,44.91,55.59700012207031,0.0
0.0005899999999999,4.202272127305198,44.238,57.069854736328125,-144.57831325291517
0.0005899999999999,4.202272127305198,44.238,57.069854736328125,0.0
-0.0,4.202272127305198,43.506,58.47747802734375,-139.90825688055827
-0.0,4.202272127305198,43.506,58.47747802734375,0.0
-0.0,4.202272127305198,42.672,59.87274169921876,-141.86086069007524
-0.0,4.202272127305198,42.672,59.87274169921876,0.0
-0.0,3.942262361680198,41.478,61.20758056640625,-236.99880905192603
-0.0,3.942262361680198,41.478,61.20758056640625,0.0
-0.0,4.399873445664573,40.182,62.56027221679687,-247.0924690180104
-0.0,4.399873445664573,40.182,62.56027221679687,0.0
-0.0,4.410279939805198,39.504,63.84361267089844,-135.89897775119476
-0.0,4.410279939805198,39.504,63.84361267089844,0.0
-0.0,4.275087068711448,38.85,65.0775146484375,-129.50495049548726
-0.0,4.275087068711448,38.85,65.0775146484375,0.0
-0.00177,4.628663728867698,37.872,66.29013061523438,-203.19966756646448
-0.00177,4.628663728867698,37.872,66.29013061523438,0.0
-0.00354,4.618287752305198,36.642,67.54669189453125,-247.38535800436355
-0.00354,4.618287752305198,36.642,67.54669189453125,0.0
-0.0005899999999999,4.379090974961448,35.724000000000004,68.68858337402344,-180.56648308380383
-0.0005899999999999,4.379090974961448,35.724000000000004,68.68858337402344,0.0
-0.00177,4.566285799180198,34.854,69.82154846191406,-174.80409885484934
-0.00177,4.566285799180198,34.854,69.82154846191406,0.0
-0.00177,4.618287752305198,34.158,70.88722229003906,-139.983909895152
-0.00177,4.618287752305198,34.158,70.88722229003906,0.0
-0.00177,4.555879305039573,33.233999999999995,71.99409484863281,-180.433509081169
-0.00177,4.555879305039573,33.233999999999995,71.99409484863281,0.0
-0.0064899999999999,4.722291658555198,32.154,73.07075500488281,-212.89178001259455
-0.0064899999999999,4.722291658555198,32.154,73.07075500488281,0.0
-0.00354,4.545472810898948,30.882,74.06776428222656,-266.2201758064726
-0.00354,4.545472810898948,30.882,74.06776428222656,0.0
-0.0059,4.545472810898948,29.934,75.07301330566406,-191.0519951630048
-0.0059,4.753480623398948,29.934,75.07301330566406,0.0
-0.00413,4.545472810898948,29.142000000000003,76.00135803222656,-161.89697465302598
-0.00413,4.545472810898948,29.142000000000003,76.00135803222656,0.0
-0.00531,4.722291658555198,28.2,76.89537048339844,-189.1566265064387
-0.00531,4.722291658555198,28.2,76.89537048339844,0.0
-0.0047199999999999,4.576661775742698,27.324,77.79624938964844,-178.62969004855833
-0.0047199999999999,4.576661775742698,27.324,77.79624938964844,0.0
-0.00885,4.722291658555198,26.07,78.66691589355469,-252.16167303404228
-0.00885,4.722291658555198,26.07,78.66691589355469,0.0
-0.00708,4.628663728867698,25.314000000000004,79.45243835449219,-149.82164090304937
-0.00708,4.628663728867698,25.314000000000004,79.45243835449219,0.0
-0.0094399999999999,4.711885164414573,24.348000000000003,80.27847290039062,-196.0227272724608
-0.0094399999999999,4.711885164414573,24.348000000000003,80.27847290039062,0.0
-0.00708,4.670289705430198,23.196,81.024169921875,-229.8025134640985
-0.00708,4.670289705430198,23.196,81.024169921875,0.0
-0.0094399999999999,4.826265047227073,22.392,81.77879333496094,-163.58087487246908
-0.0094399999999999,4.826265047227073,22.392,81.77879333496094,0.0
-0.0100299999999999,4.899079988633323,21.402,82.48741149902344,-201.3832384048557
-0.0100299999999999,4.899079988633323,21.402,82.48741149902344,0.0
-0.01062,4.878267000352073,20.664,83.16375732421875,-147.57048590302804
-0.01062,4.878267000352073,20.664,83.16375732421875,0.0
-0.0129799999999999,5.003083894883323,19.35,83.84284973144531,-245.24076147811388
-0.0129799999999999,5.003083894883323,19.35,83.84284973144531,0.0
-0.0100299999999999,4.847078035508323,17.862000000000002,84.41207885742188,-298.2561635601422
-0.0100299999999999,4.847078035508323,17.862000000000002,84.41207885742188,0.0
-0.0094399999999999,4.899079988633323,17.298,84.96963500976562,-118.51229249824893
-0.0094399999999999,4.899079988633323,17.298,84.96963500976562,0.0
-0.0129799999999999,4.847078035508323,16.524,85.53268432617188,-155.67176186616035
-0.0129799999999999,4.847078035508323,16.524,85.53268432617188,0.0
-0.0118,4.867891023789573,15.33,86.04011535644531,-252.85895806780047
-0.0118,4.867891023789573,15.33,86.04011535644531,0.0
-0.0129799999999999,4.743074129258323,14.592,86.52008056640625,-147.57048590302804
-0.0129799999999999,4.743074129258323,14.592,86.52008056640625,0.0
-0.01652,4.815889070664573,13.884,86.97120666503906,-143.69799066342074
-0.01652,4.815889070664573,13.884,86.97120666503906,0.0
-0.01593,4.847078035508323,12.522,87.39761352539062,-272.12787212726045
-0.01593,4.847078035508323,12.522,87.39761352539062,0.0
-0.01062,4.899079988633323,11.196,87.78488159179688,-267.44655102776534
-0.01062,4.899079988633323,11.196,87.78488159179688,0.0
-0.0100299999999999,4.774263094102073,10.368,88.11653137207031,-165.5668866229095
-0.0100299999999999,4.774263094102073,10.368,88.11653137207031,0.0
-0.01475,4.774263094102073,9.93,88.45573425292969,-87.26838015533436
-0.01475,4.774263094102073,9.93,88.45573425292969,0.0
-0.0177,4.826265047227073,8.940000000000001,88.76129150390625,-197.2504482963031
-0.0177,4.826265047227073,8.940000000000001,88.76129150390625,0.0
-0.01652,4.899079988633323,7.458000000000001,89.03732299804688,-302.8197793229264
-0.01652,4.899079988633323,7.458000000000001,89.03732299804688,0.0
-0.01534,4.878267000352073,6.108,89.26185607910156,-271.4113389623738
-0.01534,4.878267000352073,6.108,89.26185607910156,0.0
-0.01475,4.867891023789573,5.37,89.43695068359375,-153.71797542131603
-0.01475,4.867891023789573,5.37,89.43695068359375,0.0
-0.01416,4.867891023789573,4.446,89.59144592285156,-184.83696739355355
-0.01416,4.867891023789573,4.446,89.59144592285156,0.0
-0.01534,4.867891023789573,3.762000000000001,89.72602844238281,-134.69870027576587
-0.01534,4.857484529648948,3.762000000000001,89.72602844238281,0.0
-0.0188799999999999,4.857484529648948,2.928,89.83245849609375,-166.6999800114499
-0.0188799999999999,4.857484529648948,2.928,89.83245849609375,0.0
-0.01652,4.847078035508323,1.854,89.90249633789062,-214.97197758182676
-0.01652,4.847078035508323,1.854,89.90249633789062,0.0
-0.0188799999999999,4.899079988633323,1.176,89.94918823242188,-133.8333991314819
-0.0188799999999999,4.899079988633323,1.176,89.94918823242188,0.0
-0.01829,4.847078035508323,0.5459999999999999,89.97665405273438,-124.4813278005354
-0.01829,4.847078035508323,0.5459999999999999,89.97665405273438,0.0
-0.01652,4.847078035508323,0.234,89.98626708984375,-56.10501708325689
-0.01652,4.847078035508323,0.234,89.98626708984375,0.0
-0.01652,4.847078035508323,0.132,89.99107360839844,-20.816326530524925
-0.01652,4.847078035508323,0.132,89.99107360839844,0.0
-0.01652,4.847078035508323,0.06,89.9945068359375,-13.010480664953148
-0.01652,4.847078035508323,0.06,89.9945068359375,0.0
-0.01652,4.826265047227073,0.084,89.99862670898438,4.847505554428085
-0.01652,4.826265047227073,0.084,89.99862670898438,0.0
-0.0177,4.826265047227073,0.042,89.99931335449219,-7.831437628168524
-0.0177,4.826265047227073,0.042,89.99931335449219,0.0
-0.0177,4.826265047227073,0.018,90.00343322753906,-4.897959183681334
-0.0177,4.826265047227073,0.018,90.00343322753906,0.0
-0.0188799999999999,4.847078035508323,0.0059999999999999,90.00411987304688,-2.417892403800142
-0.01829,4.847078035508323,0.018,90.00274658203125,2.5157232704362045
-0.0177,4.847078035508323,-0.0059999999999999,90.00480651855469,-4.802881729034493
-0.0177,4.847078035508323,-0.0059999999999999,90.00480651855469,0.0
-0.0188799999999999,4.847078035508323,0.0239999999999999,90.00205993652344,5.461496450025976
-0.0188799999999999,4.847078035508323,0.0239999999999999,90.00205993652344,0.0
-0.0188799999999999,4.847078035508323,0.03,90.00343322753906,1.211631663973449
-0.0188799999999999,4.847078035508323,0.03,90.00343322753906,0.0
-0.0188799999999999,4.847078035508323,0.0059999999999999,90.00411987304688,-4.781829049607374
-0.0177,4.867891023789573,-0.0119999999999999,90.00480651855469,-3.479605644703656
-0.0177,4.867891023789573,-0.0119999999999999,90.00480651855469,0.0
-0.0177,4.847078035508323,-0.0,90.00274658203125,2.1758839528660165
-0.0177,4.847078035508323,-0.0,90.00274658203125,0.0
-0.0194699999999999,4.847078035508323,-0.0,90.00343322753906,0.0
-0.01829,4.847078035508323,-0.0059999999999999,90.00137329101562,-1.1389521640088898
-0.01829,4.847078035508323,-0.0059999999999999,90.00137329101562,0.0
-0.0188799999999999,4.847078035508323,-0.0,90.00205993652344,1.1357183418469217
-0.0188799999999999,4.847078035508323,0.0119999999999999,90.00205993652344,2.362204724412952
-0.0177,4.847078035508323,-0.0119999999999999,90.00480651855469,-4.851425106109607
-0.0177,4.847078035508323,-0.0119999999999999,90.00480651855469,0.0
-0.0188799999999999,4.847078035508323,-0.0119999999999999,90.00480651855469,0.0
-0.0206499999999999,4.847078035508323,-0.0,90.00480651855469,2.404327790026956
-0.0206499999999999,4.847078035508323,-0.0,90.00480651855469,0.0
-0.0265499999999999,4.847078035508323,-0.042,90.00274658203125,-8.447304907466094
-0.0265499999999999,4.847078035508323,-0.042,90.00274658203125,0.0
-0.0377599999999999,4.867891023789573,-0.06,90.00274658203125,-3.612281757969907
-0.0377599999999999,4.867891023789573,-0.06,90.00274658203125,0.0
-0.05251,4.847078035508323,-0.39,89.99794006347656,-67.03229737938338
-0.05251,4.847078035508323,-0.39,89.99794006347656,0.0
-0.07021,4.899079988633323,-0.948,89.98420715332031,-111.288392500621
-0.07021,4.899079988633323,-0.948,89.98420715332031,0.0
-0.08732,4.899079988633323,-2.61,89.93270874023438,-337.1880706022704
-0.08732,4.899079988633323,-2.61,89.93270874023438,0.0
-0.08555,4.930268953477073,-5.088,89.80430603027344,-455.68223611638217
-0.08555,4.930268953477073,-5.088,89.80430603027344,0.0
-0.08496,4.888673494492698,-7.35,89.60861206054688,-480.1528337917653
-0.08496,4.888673494492698,-7.35,89.60861206054688,0.0
-0.08142,4.878267000352073,-8.856,89.33876037597656,-275.9252473431266
-0.08142,4.878267000352073,-8.856,89.33876037597656,0.0
-0.0802399999999999,4.836671541367698,-9.462,89.03800964355469,-121.71118698484824
-0.0802399999999999,4.836671541367698,-9.462,89.03800964355469,0.0
-0.07257,4.847078035508323,-9.648,88.70704650878906,-36.671924290129546
-0.07257,4.847078035508323,-9.648,88.70704650878906,0.0
-0.07611,5.075868318711448,-10.212,88.38020324707031,-114.00848999423172
-0.07611,5.075868318711448,-10.212,88.38020324707031,0.0
-0.0820099999999999,4.899079988633323,-10.818,88.04443359375,-117.32817037742316
-0.0820099999999999,4.899079988633323,-10.818,88.04443359375,0.0
-0.08142,5.023866365586448,-12.168,87.68257141113281,-270.2161729380504
-0.08142,5.023866365586448,-12.168,87.68257141113281,0.0
-0.08319,5.023866365586448,-13.332,87.27127075195312,-201.3144240743454
-0.08319,5.023866365586448,-13.332,87.27127075195312,0.0
-0.08732,4.899079988633323,-14.352,86.82563781738281,-204.0408081617148
-0.08732,4.899079988633323,-14.352,86.82563781738281,0.0
-0.0885,4.899079988633323,-14.868,86.33949279785156,-94.36722750535569
-0.0885,4.878267000352073,-14.868,86.33949279785156,0.0
-0.08319,5.023866365586448,-16.044,85.85128784179688,-236.38190954765665
-0.08319,5.023866365586448,-16.044,85.85128784179688,0.0
-0.08142,5.023866365586448,-17.088,85.31364440917969,-206.937561942701
-0.08142,5.023866365586448,-17.088,85.31364440917969,0.0
-0.0825999999999999,4.909486482773948,-17.808,84.75265502929688,-145.42516663284226
-0.0825999999999999,4.909486482773948,-17.808,84.75265502929688,0.0
-0.09204,5.023866365586448,-18.762,84.166259765625,-194.93257049419316
-0.09204,5.023866365586448,-18.762,84.166259765625,0.0
-0.08083,5.003083894883323,-19.812,83.54209899902344,-210.75873143383407
-0.08083,5.003083894883323,-19.812,83.54209899902344,0.0
-0.0867299999999999,4.878267000352073,-20.58,82.85133361816406,-154.8699334547846
-0.0867299999999999,4.878267000352073,-20.58,82.85133361816406,0.0
-0.09086,5.075868318711448,-21.444000000000003,82.20314025878906,-172.4550898204074
-0.09086,5.075868318711448,-21.444000000000003,82.20314025878906,0.0
-0.0902699999999999,4.940675447617698,-22.656,81.50413513183594,-223.20441988992
-0.0902699999999999,4.940675447617698,-22.656,81.50413513183594,0.0
-0.0944,4.795076082383323,-23.628,80.75981140136719,-183.46545866426888
-0.0944,4.795076082383323,-23.628,80.75981140136719,0.0
-0.08378,5.003083894883323,-24.744,79.96742248535156,-227.2449602935532
-0.08378,5.003083894883323,-24.744,79.96742248535156,0.0
-0.0944,4.826265047227073,-25.572,79.12971496582031,-167.88321167894753
-0.0944,4.826265047227073,-25.572,79.12971496582031,0.0
-0.08614,4.982270906602073,-26.7,78.33114624023438,-225.32960447551704
-0.08614,4.982270906602073,-26.7,78.33114624023438,0.0
-0.0820099999999999,4.899079988633323,-27.492,77.43095397949219,-160.51884880449066
-0.0820099999999999,4.899079988633323,-27.492,77.43095397949219,0.0
-0.0867299999999999,5.023866365586448,-28.23,76.51771545410156,-146.08076009483037
-0.0867299999999999,5.023866365586448,-28.23,76.51771545410156,0.0
-0.0938099999999999,4.847078035508323,-29.154,75.59898376464844,-186.8554095048445
-0.0938099999999999,4.847078035508323,-29.154,75.59898376464844,0.0
-0.09204,5.023866365586448,-30.605999999999995,74.6246337890625,-286.8998221688519
-0.09204,5.023866365586448,-30.605999999999995,74.6246337890625,0.0
-0.0938099999999999,4.847078035508323,-31.416,73.59672546386719,-156.79442508702817
-0.0938099999999999,4.847078035508323,-31.416,73.59672546386719,0.0
-0.08968,4.899079988633323,-32.532000000000004,72.57568359375,-227.52293577944928
-0.08968,4.899079988633323,-32.532000000000004,72.57568359375,0.0
-0.08732,4.722291658555198,-33.432,71.49833679199219,-181.2688821752791
-0.08732,4.722291658555198,-33.432,71.49833679199219,0.0
-0.08732,4.743074129258323,-34.308,70.41275024414062,-176.79112008089092
-0.08732,4.743074129258323,-34.308,70.41275024414062,0.0
-0.0973499999999999,4.951081941758323,-35.24400000000001,69.28596496582031,-189.28210313477905
-0.0973499999999999,4.951081941758323,-35.24400000000001,69.28596496582031,0.0
-0.08732,4.514283846055198,-36.324,68.12553405761719,-219.1113816200655
-0.08732,4.514283846055198,-36.324,68.12553405761719,0.0
-0.09086,4.670289705430198,-37.59,66.90879821777344,-259.4262295089535
-0.09086,4.670289705430198,-37.59,66.90879821777344,0.0
-0.09322,4.701478670273948,-38.166,65.67901611328125,-117.00182815377968
-0.09322,4.701478670273948,-38.166,65.67901611328125,0.0
-0.0914499999999999,4.410279939805198,-39.024,64.4677734375,-172.87930687071955
-0.0914499999999999,4.410279939805198,-39.024,64.4677734375,0.0
-0.09322,4.514283846055198,-40.242,63.16795349121093,-246.11032531772184
-0.09322,4.514283846055198,-40.242,63.16795349121093,0.0
-0.09086,4.493470857773948,-41.172,61.86744689941407,-185.5176540996728
-0.09086,4.493470857773948,-41.172,61.86744689941407,0.0
-0.0914499999999999,4.472688387070823,-42.228,60.48248291015625,-211.66566446203737
-0.0914499999999999,4.472688387070823,-42.228,60.48248291015625,0.0
-0.0926299999999999,4.191865633164573,-42.882,59.07485961914062,-132.5765254410665
-0.0926299999999999,4.191865633164573,-42.882,59.07485961914062,0.0
-0.09086,4.399873445664573,-44.004,57.68714904785156,-226.0729397540168
-0.09086,4.399873445664573,-44.004,57.68714904785156,0.0
-0.08496,4.171083162461448,-44.928,56.26716613769531,-181.60377358488245
-0.08496,4.171083162461448,-44.928,56.26716613769531,0.0
-0.08142,4.420686433945823,-45.036,54.788818359375,-21.37767220900039
-0.08142,4.420686433945823,-45.036,54.788818359375,0.0
-0.08555,3.983888338242698,-45.048,53.316650390625,-2.3125843129691885
-0.08555,3.983888338242698,-45.048,53.316650390625,0.0
-0.08319,3.786287019883323,-44.91,51.83418273925781,27.310508608881666
-0.08319,3.786287019883323,-44.91,51.83418273925781,0.0
-0.08083,3.931886385117698,-45.06,50.390167236328125,-29.314051201967303
-0.08083,3.931886385117698,-45.06,50.390167236328125,0.0
-0.07729,3.838288973008323,-44.97,48.92280578613281,17.29771285789095
-0.07729,3.838288973008323,-44.97,48.92280578613281,0.0
-0.08083,3.952668855820823,-44.592,47.42179870605469,74.49743791910787
-0.08083,3.952668855820823,-44.592,47.42179870605469,0.0
-0.0796499999999999,3.619874666367698,-44.97,45.98533630371094,-74.85148514834704
-0.0796499999999999,3.619874666367698,-44.97,45.98533630371094,0.0
-0.07729,3.432679842148948,-45.03,44.57084655761719,-12.040939193233482
-0.07729,3.432679842148948,-45.03,44.57084655761719,0.0
-0.07729,3.411866853867698,-45.006,43.05679321289063,4.737465455981838
-0.07729,3.411866853867698,-45.006,43.05679321289063,0.0
-0.0802399999999999,3.453462312852073,-44.964,41.63200378417969,8.306962025323056
-0.0802399999999999,3.453462312852073,-44.964,41.63200378417969,0.0
-0.0796499999999999,3.391084383164573,-44.862,40.18867492675781,18.41487633147101
-0.0796499999999999,3.391084383164573,-44.862,40.18867492675781,0.0
-0.0767,3.255891512070823,-45.258,38.7432861328125,-77.73851590084779
-0.0767,3.255891512070823,-45.258,38.7432861328125,0.0
-0.07316,2.933473299180198,-44.946,37.253265380859375,62.07719856761506
-0.07316,2.933473299180198,-44.946,37.253265380859375,0.0
-0.0719799999999999,2.933473299180198,-44.886,35.79002380371094,11.576307157978604
-0.0719799999999999,2.933473299180198,-44.886,35.79002380371094,0.0
-0.0719799999999999,2.985475252305198,-45.06,34.317169189453125,-35.706956700159246
-0.0719799999999999,2.985475252305198,-45.06,34.317169189453125,0.0
-0.0708,2.871064851914573,-45.21,32.86216735839844,-29.22267679719025
-0.0708,2.871064851914573,-45.21,32.86216735839844,0.0
-0.06903,2.725465486680198,-45.036,31.39411926269532,36.08461219397153
-0.06903,2.725465486680198,-45.036,31.39411926269532,0.0
-0.07021,2.434266756211448,-44.952000000000005,29.95765686035156,17.028177579487714
-0.07021,2.434266756211448,-44.952000000000005,29.95765686035156,0.0
-0.0672599999999999,2.392671297227073,-45.168,28.44154357910156,-42.86564794617082
-0.0672599999999999,2.392671297227073,-45.168,28.44154357910156,0.0
-0.06431,2.413484285508323,-45.234,26.978988647460938,-13.038324772793228
-0.06431,2.413484285508323,-45.234,26.978988647460938,0.0
-0.06431,2.257478426133323,-44.868,25.52192687988281,71.28944292951466
-0.06431,2.257478426133323,-44.868,25.52192687988281,0.0
-0.0648999999999999,2.205476473008323,-44.934,24.059371948242188,-13.105639396371869
-0.0648999999999999,2.205476473008323,-44.934,24.059371948242188,0.0
-0.06431,2.205476473008323,-45.168,22.611236572265625,-46.511627906954445
-0.06431,1.883088777695823,-45.168,22.611236572265625,0.0
-0.06136,1.831086824570823,-45.216,21.09649658203125,-9.45254037022956
-0.06136,1.831086824570823,-45.216,21.09649658203125,0.0
-0.06136,1.883088777695823,-44.862,19.65248107910156,66.46639128806316
-0.06136,1.883088777695823,-44.862,19.65248107910156,0.0
-0.06254,1.716676424180198,-44.922,18.253097534179688,-11.907124429491269
-0.06254,1.716676424180198,-44.922,18.253097534179688,0.0
-0.05959,1.591890047227073,-45.15,16.780929565429688,-43.86302424027221
-0.05959,1.591890047227073,-45.15,16.780929565429688,0.0
-0.0530999999999999,1.259065340195823,-45.18600000000001,15.292968749999998,-7.184194771509973
-0.0530999999999999,1.259065340195823,-45.18600000000001,15.292968749999998,0.0
-0.0548699999999999,1.186280916367698,-44.976,13.813934326171877,42.85714285721329
-0.0548699999999999,1.186280916367698,-44.976,13.813934326171877,0.0
-0.0560499999999999,1.238282869492698,-45.042,12.341766357421877,-13.14741035856152
-0.0560499999999999,1.238282869492698,-45.042,12.341766357421877,0.0
-0.0554599999999999,1.134278963242698,-45.216,10.866851806640623,-35.031205959377296
-0.0554599999999999,1.134278963242698,-45.216,10.866851806640623,0.0
-0.0507399999999999,1.061464021836448,-45.024,9.3878173828125,38.13306852041546
-0.0507399999999999,1.061464021836448,-45.024,9.3878173828125,0.0
-0.05133,0.770265291367698,-45.054,7.950668334960937,-6.353240152457535
-0.05133,0.770265291367698,-45.054,7.950668334960937,0.0
-0.0483799999999999,0.666291902695823,-45.18,6.4359283447265625,-24.817805790820906
-0.0483799999999999,0.666291902695823,-45.18,6.4359283447265625,0.0
-0.04897,0.614289949570823,-45.15599999999999,5.0214385986328125,4.762849771798481
-0.04897,0.614289949570823,-45.15599999999999,5.0214385986328125,0.0
-0.04602,0.510286043320823,-44.964,3.547210693359375,37.245392822486494
-0.04602,0.510286043320823,-44.964,3.547210693359375,0.0
-0.04661,0.4374711019145729,-44.838,2.054443359375,26.05997931740007
-0.04661,0.4374711019145729,-44.838,2.054443359375,0.0
-0.04602,0.0214859944926979,-45.102,0.604248046875,-53.66944500913637
-0.04602,0.0214859944926979,-45.102,0.604248046875,0.0
-0.04661,-0.030515958632302,-45.312,-0.8191680908203125,-41.816009557735605
-0.04661,-0.030515958632302,-45.312,-0.8191680908203125,0.0
-0.04189,-0.072111417616677,-45.132,-2.357940673828125,36.04325190220617
-0.04189,-0.072111417616677,-45.132,-2.357940673828125,0.0
-0.04484,-0.082517911757302,-45.18600000000001,-3.8204956054687504,-10.75054748159889
-0.04484,-0.082517911757302,-45.18600000000001,-3.8204956054687504,0.0
-0.04248,-0.176115323866677,-45.096,-5.2349853515625,16.800448012026767
-0.04248,-0.176115323866677,-45.096,-5.2349853515625,0.0
-0.04071,-0.529722501601052,-45.21,-6.70440673828125,-22.76812462549693
-0.04071,-0.529722501601052,-45.21,-6.70440673828125,0.0
-0.03658,-0.644132901991677,-44.97,-8.203353881835938,49.23076923049869
-0.03658,-0.644132901991677,-44.97,-8.203353881835938,0.0
-0.0389399999999999,-0.737730314101052,-44.946,-9.633636474609377,4.215703495515094
-0.0389399999999999,-0.737730314101052,-44.946,-9.633636474609377,0.0
-0.03953,-0.675321866835427,-45.018,-11.031646728515623,-14.302741358694778
-0.03953,-0.675321866835427,-45.018,-11.031646728515623,0.0
-0.0359899999999999,-0.737730314101052,-45.09,-12.489395141601562,-13.01283209835359
-0.0359899999999999,-0.737730314101052,-45.09,-12.489395141601562,0.0
-0.0348099999999999,-1.153715421522927,-45.084,-13.9141845703125,1.2087026591456334
-0.0348099999999999,-1.153715421522927,-45.084,-13.9141845703125,0.0
-0.0324499999999999,-1.340910245741677,-45.33,-15.393905639648438,-45.67396955079431
-0.0324499999999999,-1.340910245741677,-45.33,-15.393905639648438,0.0
-0.03186,-1.309721280897927,-45.354,-16.842727661132812,-4.834810636582533
-0.03186,-1.309721280897927,-45.354,-16.842727661132812,0.0
-0.02891,-1.309721280897927,-45.384,-18.343734741210938,-5.895067793282021
-0.02891,-1.424131681288552,-45.384,-18.343734741210938,0.0
-0.03068,-1.392912198866677,-44.988,-19.81658935546875,79.87091569200783
-0.03068,-1.392912198866677,-44.988,-19.81658935546875,0.0
-0.03068,-1.548918058241677,-45.162,-21.265411376953125,-34.305993690766265
-0.03068,-1.548918058241677,-45.162,-21.265411376953125,0.0
-0.0265499999999999,-1.996122648085427,-45.348,-22.714920043945312,-38.920276208534034
-0.0265499999999999,-1.996122648085427,-45.348,-22.714920043945312,0.0
-0.0236,-1.850523282851052,-45.258,-24.185028076171875,17.598748533464956
-0.0236,-1.850523282851052,-45.258,-24.185028076171875,0.0
-0.0236,-1.902525235976052,-45.162,-25.648956298828125,19.61986511338877
-0.0236,-1.902525235976052,-45.162,-25.648956298828125,0.0
-0.02301,-1.944120694960427,-45.198,-27.098464965820312,-7.340946166379407
-0.02301,-1.944120694960427,-45.198,-27.098464965820312,0.0
-0.0241899999999999,-2.079313566054177,-45.324,-28.579559326171875,-23.4899328859672
-0.0241899999999999,-2.079313566054177,-45.324,-28.579559326171875,0.0
-0.0188799999999999,-2.578520109022927,-45.288,-30.05928039550781,7.4472486553325
-0.0188799999999999,-2.578520109022927,-45.288,-30.05928039550781,0.0
-0.0206499999999999,-2.484922696913552,-45.114,-31.535568237304688,34.15112855733274
-0.0206499999999999,-2.484922696913552,-45.114,-31.535568237304688,0.0
-0.0206499999999999,-2.484922696913552,-45.288,-32.94319152832031,-30.0258843830566
-0.0206499999999999,-2.422514249647927,-45.288,-32.94319152832031,0.0
-0.0206499999999999,-2.599333097304177,-45.306,-34.45243835449219,-3.5495957404746434
-0.0206499999999999,-2.599333097304177,-45.306,-34.45243835449219,0.0
-0.01652,-2.588926603163552,-45.21,-35.88409423828125,19.047619047587563
-0.01652,-2.588926603163552,-45.21,-35.88409423828125,0.0
-0.01711,-3.098509122694802,-45.294,-37.32673645019531,-15.648286140076276
-0.01711,-3.098509122694802,-45.294,-37.32673645019531,0.0
-0.01416,-3.098509122694802,-45.366,-38.82293701171875,-14.981273408233765
-0.01416,-3.150511075819802,-45.366,-38.82293701171875,0.0
-0.01534,-2.994535734022927,-45.45,-40.23399353027344,-16.733067729078297
-0.01534,-2.994535734022927,-45.45,-40.23399353027344,0.0
-0.0129799999999999,-3.129728605116677,-45.222,-41.69105529785156,45.01480750245157
-0.0129799999999999,-3.129728605116677,-45.222,-41.69105529785156,0.0
-0.01416,-3.025724698866677,-45.168,-43.1597900390625,10.110466204855244
-0.01416,-3.025724698866677,-45.168,-43.1597900390625,0.0
-0.01062,-3.545713712538552,-45.234,-44.61479187011719,-13.033175355439411
-0.01062,-3.545713712538552,-45.234,-44.61479187011719,0.0
-0.01062,-3.691313077772927,-45.474,-46.0711669921875,-54.27408412476474
-0.01062,-3.691313077772927,-45.474,-46.0711669921875,0.0
-0.00885,-3.504118253554177,-45.498,-47.48771667480469,-4.485142963940246
-0.00885,-3.504118253554177,-45.498,-47.48771667480469,0.0
-0.01062,-3.504118253554177,-45.51,-48.961944580078125,-2.156721782892967
-0.01062,-3.504118253554177,-45.51,-48.961944580078125,0.0
-0.00826,-3.504118253554177,-45.372,-50.416259765625,27.235050325500406
-0.00826,-3.504118253554177,-45.372,-50.416259765625,0.0
-0.00885,-3.504118253554177,-45.342,-51.90284729003906,5.961844197138629
-0.00885,-3.899320890272927,-45.342,-51.90284729003906,0.0
-0.00767,-4.232115079726052,-45.33,-53.36265563964844,2.3961661341836358
-0.00767,-4.232115079726052,-45.33,-53.36265563964844,0.0
-0.0064899999999999,-4.232115079726052,-45.336,-54.779205322265625,-1.0752688172026033
-0.0064899999999999,-4.013731290663552,-45.336,-54.779205322265625,0.0
-0.0047199999999999,-3.992918302382302,-44.982,-56.24382019042969,69.50716669955462
-0.0047199999999999,-3.992918302382302,-44.982,-56.24382019042969,0.0
-0.0005899999999999,-3.992918302382302,-44.478,-57.67272949218749,99.40828402387898
-0.0005899999999999,-3.899320890272927,-44.478,-57.67272949218749,0.0
-0.0,-4.190519620741677,-43.266000000000005,-59.10301208496094,239.57303815037108
-0.0,-4.190519620741677,-43.266000000000005,-59.10301208496094,0.0
0.0005899999999999,-4.554533292616677,-42.432,-60.51956176757813,153.70438628824434
0.0005899999999999,-4.554533292616677,-42.432,-60.51956176757813,0.0
-0.0,-4.346525480116677,-41.31,-61.815948486328125,221.6953171317223
-0.0,-4.346525480116677,-41.31,-61.815948486328125,0.0
-0.0,-4.377714444960427,-40.33200000000001,-63.14048767089844,215.8940397342975
-0.0,-4.377714444960427,-40.33200000000001,-63.14048767089844,0.0
-0.0,-4.544126798476052,-39.474,-64.41078186035156,170.2043245385943
-0.0,-4.544126798476052,-39.474,-64.41078186035156,0.0
0.0023599999999999,-4.689726163710427,-38.664,-65.69755554199219,161.16195781885511
0.0023599999999999,-4.689726163710427,-38.664,-65.69755554199219,0.0
-0.0,-4.419309903944802,-37.476,-66.93557739257812,234.41199684320023
-0.0,-4.419309903944802,-37.476,-66.93557739257812,0.0
-0.0,-4.492124845351052,-36.426,-68.12484741210938,206.32737276371003
-0.0,-4.492124845351052,-36.426,-68.12484741210938,0.0
0.00295,-4.492124845351052,-35.778,-69.29489135742188,123.68772666498604
0.00295,-4.627317716444802,-35.778,-69.29489135742188,0.0
-0.0,-4.564909269179177,-34.782000000000004,-70.42030334472656,195.0646298478632
-0.0,-4.564909269179177,-34.782000000000004,-70.42030334472656,0.0
0.00295,-4.731321622694802,-33.66,-71.55120849609375,215.1898734179223
0.00295,-4.731321622694802,-33.66,-71.55120849609375,0.0
0.00354,-4.731321622694802,-32.754,-72.59696960449219,170.71791972905447
0.00354,-4.731321622694802,-32.754,-72.59696960449219,0.0
-0.0,-4.564909269179177,-31.44,-73.64822387695312,246.8532782263692
-0.0,-4.564909269179177,-31.44,-73.64822387695312,0.0
0.0059,-4.876920987929177,-30.858,-74.63218688964844,115.31602932456886
0.0059,-4.876920987929177,-30.858,-74.63218688964844,0.0
0.00354,-4.720915128554177,-29.814,-75.60173034667969,200.96246390813377
0.00354,-4.720915128554177,-29.814,-75.60173034667969,0.0
0.0059,-4.876920987929177,-28.752,-76.56303405761719,204.74262579500132
0.0059,-4.876920987929177,-28.752,-76.56303405761719,0.0
0.0059,-4.876920987929177,-27.942,-77.46322631835938,157.80245470482856
0.0059,-4.856107999647927,-27.942,-77.46322631835938,0.0
0.00826,-4.908109952772927,-26.658,-78.36753845214844,255.11623286323507
0.00826,-4.908109952772927,-26.658,-78.36753845214844,0.0
0.0064899999999999,-4.856107999647927,-25.764,-79.17778015136719,170.5781339444301
0.0064899999999999,-4.856107999647927,-25.764,-79.17778015136719,0.0
0.00885,-4.908109952772927,-24.924,-80.01960754394531,166.534496431468
0.00885,-4.908109952772927,-24.924,-80.01960754394531,0.0
0.0047199999999999,-4.856107999647927,-23.700000000000003,-80.75775146484375,218.1818181810964
0.0047199999999999,-4.856107999647927,-23.700000000000003,-80.75775146484375,0.0
0.00885,-4.887327482069802,-22.986,-81.50619506835938,141.41414141375398
0.00885,-4.887327482069802,-22.986,-81.50619506835938,0.0
0.0094399999999999,-5.012113859022927,-21.714,-82.232666015625,251.23444598171108
0.0094399999999999,-5.012113859022927,-21.714,-82.232666015625,0.0
0.0100299999999999,-4.908109952772927,-20.958,-82.91862487792969,149.61409063911327
0.0100299999999999,-4.908109952772927,-20.958,-82.91862487792969,0.0
0.0135699999999999,-5.064115812147927,-19.806,-83.56613159179688,225.8380709666428
0.0135699999999999,-5.064115812147927,-19.806,-83.56613159179688,0.0
0.00767,-4.908109952772927,-18.414,-84.166259765625,275.37091987982814
0.00767,-4.908109952772927,-18.414,-84.166259765625,0.0
0.01062,-4.908109952772927,-18.156,-84.75265502929688,46.67993486520152
0.01062,-4.908109952772927,-18.156,-84.75265502929688,0.0
0.01475,-4.908109952772927,-17.177999999999997,-85.33767700195312,184.7374386090297
0.01475,-4.908109952772927,-17.177999999999997,-85.33767700195312,0.0
0.01062,-5.032926847304177,-15.672000000000002,-85.84854125976562,300.8991009001322
0.01062,-5.032926847304177,-15.672000000000002,-85.84854125976562,0.0
0.0135699999999999,-4.908109952772927,-15.258,-86.32919311523438,81.3839197955072
0.0135699999999999,-4.908109952772927,-15.258,-86.32919311523438,0.0
0.01475,-4.928922941054177,-14.22,-86.80572509765625,197.30089336664776
0.01475,-4.928922941054177,-14.22,-86.80572509765625,0.0
0.01593,-5.032926847304177,-12.834,-87.242431640625,277.81118460484043
0.01593,-5.032926847304177,-12.834,-87.242431640625,0.0
0.0118,-5.032926847304177,-11.682,-87.62489318847656,221.36817832470635
0.0118,-4.908109952772927,-11.682,-87.62489318847656,0.0
0.0129799999999999,-4.908109952772927,-11.136,-87.99911499023438,105.0404001543356
0.0129799999999999,-4.908109952772927,-11.136,-87.99911499023438,0.0
0.0188799999999999,-4.908109952772927,-10.314,-88.36235046386719,153.50140055997574
0.0188799999999999,-4.970518400038552,-10.314,-88.36235046386719,0.0
0.0200599999999999,-5.084928800429177,-8.928,-88.68850708007812,273.5346358793898
0.0200599999999999,-5.084928800429177,-8.928,-88.68850708007812,0.0
0.01593,-5.032926847304177,-7.571999999999999,-88.94393920898438,267.8783089682874
0.01593,-5.032926847304177,-7.571999999999999,-88.94393920898438,0.0
0.0123899999999999,-5.032926847304177,-6.384,-89.16366577148438,237.3152217335054
0.0123899999999999,-5.032926847304177,-6.384,-89.16366577148438,0.0
0.0129799999999999,-5.147337247694802,-5.748,-89.34768676757812,126.54198169552112
0.0129799999999999,-5.147337247694802,-5.748,-89.34768676757812,0.0
0.01475,-5.084928800429177,-5.202,-89.52278137207031,102.80549802285393
0.01475,-5.084928800429177,-5.202,-89.52278137207031,0.0
0.0177,-5.084928800429177,-4.632000000000001,-89.67178344726562,112.16056670629978
0.0177,-5.084928800429177,-4.632000000000001,-89.67178344726562,0.0
0.0188799999999999,-5.209715177382302,-3.642,-89.79331970214844,196.54556283440743
0.0188799999999999,-5.209715177382302,-3.642,-89.79331970214844,0.0
0.0277299999999999,-5.209715177382302,-3.096,-89.90798950195312,108.54870775337172
0.0277299999999999,-5.209715177382302,-3.096,-89.90798950195312,0.0
0.0247799999999999,-5.053709318007302,-1.134,-89.97459411621094,395.5645161281408
0.0247799999999999,-5.053709318007302,-1.134,-89.97459411621094,0.0
0.02242,-5.032926847304177,-0.4019999999999999,-89.99519348144531,144.1512406459953
0.02242,-5.032926847304177,-0.4019999999999999,-89.99519348144531,0.0
0.02183,-4.960111905897927,-0.114,-90.00480651855469,57.29063059464511
0.02183,-4.960111905897927,-0.114,-90.00480651855469,0.0
0.0206499999999999,-4.908109952772927,-0.0059999999999999,-90.00137329101562,21.43282397296514
0.0206499999999999,-4.908109952772927,-0.0059999999999999,-90.00137329101562,0.0
0.0200599999999999,-4.928922941054177,-0.0,-90.00274658203125,1.1771630370791504
0.0200599999999999,-4.928922941054177,-0.0,-90.00274658203125,0.0
0.02183,-4.908109952772927,-0.0,-90.00343322753906,0.0
0.02124,-4.908109952772927,0.0119999999999999,-90.00343322753906,2.280501710381609
0.02124,-4.908109952772927,0.0119999999999999,-90.00343322753906,0.0
0.02183,-4.908109952772927,0.0059999999999999,-90.00205993652344,-1.2182741116715947
0.02183,-4.908109952772927,0.0059999999999999,-90.00205993652344,0.0
0.02242,-4.908109952772927,-0.0,-90.00343322753906,-1.1591962905769078
0.02242,-4.908109952772927,-0.0,-90.00343322753906,0.0
0.02242,-4.908109952772927,0.0119999999999999,-90.00274658203125,2.3538642604925277
0.02242,-4.908109952772927,0.0119999999999999,-90.00274658203125,0.0
0.02183,-4.908109952772927,-0.0059999999999999,-90.00274658203125,-3.555906756236126
0.02183,-4.908109952772927,-0.0059999999999999,-90.00274658203125,0.0
0.02242,-4.897733976210427,-0.0059999999999999,-90.00343322753906,0.0
0.02242,-4.908109952772927,-0.0,-90.00343322753906,1.1811023622064662
0.02183,-4.908109952772927,-0.0059999999999999,-90.00411987304688,-1.144601297218864
0.02183,-4.908109952772927,-0.0059999999999999,-90.00411987304688,0.0
0.02242,-4.908109952772927,0.0119999999999999,-90.00274658203125,3.5629453681665573
0.02242,-4.908109952772927,-0.0059999999999999,-90.00205993652344,-3.734439834028604
0.02242,-4.908109952772927,-0.0059999999999999,-90.00205993652344,0.0
0.02242,-4.866514493788552,0.0119999999999999,-90.00480651855469,3.485670023232552
0.02242,-4.866514493788552,0.0119999999999999,-90.00480651855469,0.0
0.02183,-4.908109952772927,-0.0059999999999999,-90.00205993652344,-3.671221700989628
0.02183,-4.908109952772927,-0.0059999999999999,-90.00205993652344,0.0
0.02242,-4.908109952772927,0.018,-90.00205993652344,4.758128469470496
0.02242,-4.908109952772927,0.018,-90.00205993652344,0.0
0.0236,-4.908109952772927,-0.0,-90.00411987304688,-3.7274798094837007
0.0236,-4.908109952772927,-0.0,-90.00411987304688,0.0
0.02242,-4.908109952772927,0.0239999999999999,-90.00137329101562,5.064359569528651
0.02242,-4.908109952772927,0.0239999999999999,-90.00137329101562,0.0
0.02242,-4.908109952772927,0.0059999999999999,-90.00205993652344,-3.60866078588806
0.02242,-4.908109952772927,0.0059999999999999,-90.00205993652344,0.0
0.0241899999999999,-4.887327482069802,0.0119999999999999,-90.00343322753906,1.176239952951267
0.0241899999999999,-4.887327482069802,0.0119999999999999,-90.00343322753906,0.0
0.03068,-4.908109952772927,0.03,-90.00274658203125,3.625377643505608
0.03068,-4.908109952772927,0.03,-90.00274658203125,0.0
0.04189,-4.908109952772927,0.06,-90.00137329101562,6.080259424377489
0.04189,-4.908109952772927,0.06,-90.00137329101562,0.0
0.05664,-4.908109952772927,0.444,-89.99862670898438,77.76427703508136
0.05664,-4.908109952772927,0.444,-89.99862670898438,0.0
0.07375,-4.949735929335427,1.278,-89.9725341796875,167.1342685373328
0.07375,-4.949735929335427,1.278,-89.9725341796875,0.0
0.0825999999999999,-5.032926847304177,3.204,-89.90386962890625,411.9786096238892
0.0825999999999999,-5.032926847304177,3.204,-89.90386962890625,0.0
0.0949899999999999,-5.043333341444802,4.788,-89.78164672851562,318.8405797088998
0.0949899999999999,-5.043333341444802,4.788,-89.78164672851562,0.0
0.08968,-4.908109952772927,7.313999999999999,-89.58595275878906,490.6759906768225
0.08968,-4.908109952772927,7.313999999999999,-89.58595275878906,0.0
0.0778799999999999,-4.991331388319802,9.042,-89.33395385742188,345.1857770669174
0.0778799999999999,-4.991331388319802,9.042,-89.33395385742188,0.0
0.0796499999999999,-5.032926847304177,9.792,-89.03114318847656,149.67072440642255
0.0796499999999999,-5.032926847304177,9.792,-89.03114318847656,0.0
0.07906,-4.876920987929177,10.236,-88.69056701660156,88.88888888874533
0.07906,-4.876920987929177,10.236,-88.69056701660156,0.0
0.07906,-4.908109952772927,10.278,-88.36166381835938,8.59247135838934
0.07906,-4.908109952772927,10.278,-88.36166381835938,0.0
0.08319,-4.887327482069802,10.602,-88.0059814453125,62.63290160466647
0.08319,-4.887327482069802,10.602,-88.0059814453125,0.0
0.08732,-5.012113859022927,11.676,-87.63725280761719,215.35993583317256
0.08732,-5.012113859022927,11.676,-87.63725280761719,0.0
0.0890899999999999,-5.012113859022927,13.176,-87.24861145019531,283.5002835002989
0.0890899999999999,-5.012113859022927,13.176,-87.24861145019531,0.0
0.07847,-5.032926847304177,14.508,-86.79817199707031,266.1870503604911
0.07847,-5.032926847304177,14.508,-86.79817199707031,0.0
0.08496,-4.856107999647927,15.402,-86.32575988769531,178.80000000016264
0.08496,-4.856107999647927,15.402,-86.32575988769531,0.0
0.0885,-4.928922941054177,16.098000000000003,-85.8306884765625,134.8837209305104
0.0885,-4.928922941054177,16.098000000000003,-85.8306884765625,0.0
0.0890899999999999,-5.032926847304177,17.334,-85.28961181640625,256.96465696356603
0.0890899999999999,-5.032926847304177,17.334,-85.28961181640625,0.0
0.0802399999999999,-4.908109952772927,18.21,-84.70527648925781,163.7383177572281
0.0802399999999999,-4.908109952772927,18.21,-84.70527648925781,0.0
0.08319,-4.949735929335427,18.6,-84.11956787109375,79.7546012267105
0.08319,-4.949735929335427,18.6,-84.11956787109375,0.0
0.0890899999999999,-5.064115812147927,20.118,-83.5015869140625,304.33039294322583
0.0890899999999999,-5.064115812147927,20.118,-83.5015869140625,0.0
0.0885,-4.908109952772927,21.126,-82.82455444335938,201.9635343622665
0.0885,-4.908109952772927,21.126,-82.82455444335938,0.0
0.0885,-4.908109952772927,21.876,-82.122802734375,151.3928138878315
0.0885,-4.908109952772927,21.876,-82.122802734375,0.0
0.08555,-4.908109952772927,22.962,-81.43135070800781,219.3939393935844
0.08555,-5.022520353163552,22.962,-81.43135070800781,0.0
0.0926299999999999,-4.908109952772927,23.622,-80.66299438476562,131.8417898519476
0.0926299999999999,-4.908109952772927,23.622,-80.66299438476562,0.0
0.0843699999999999,-4.908109952772927,24.876,-79.88433837890625,241.01479915458825
0.0843699999999999,-5.032926847304177,24.876,-79.88433837890625,0.0
0.09322,-4.876920987929177,25.92,-79.06105041503906,209.0927298223911
0.09322,-4.876920987929177,25.92,-79.06105041503906,0.0
0.0914499999999999,-4.876920987929177,27.06,-78.22265625,215.4602154602266
0.0914499999999999,-4.908109952772927,27.06,-78.22265625,0.0
0.08732,-4.772917081679177,28.032,-77.32383728027344,193.89587073643253
0.08732,-4.772917081679177,28.032,-77.32383728027344,0.0
0.0914499999999999,-4.772917081679177,28.662,-76.42227172851562,123.84509534167998
0.0914499999999999,-4.908109952772927,28.662,-76.42227172851562,0.0
0.0914499999999999,-4.731321622694802,29.736,-75.48774719238281,215.1011415976724
0.0914499999999999,-4.731321622694802,29.736,-75.48774719238281,0.0
0.0885,-4.897733976210427,30.84,-74.51133728027344,226.7871815946585
0.0885,-4.897733976210427,30.84,-74.51133728027344,0.0
0.08496,-4.689726163710427,31.596000000000004,-73.47793579101562,152.08207604067695
0.08496,-4.689726163710427,31.596000000000004,-73.47793579101562,0.0
0.0867299999999999,-4.689726163710427,32.91,-72.44041442871094,267.5081433230048
0.0867299999999999,-4.689726163710427,32.91,-72.44041442871094,0.0
0.08732,-4.668913175429177,33.798,-71.36375427246094,177.9559118239237
0.08732,-4.668913175429177,33.798,-71.36375427246094,0.0
0.0843699999999999,-4.512937833632302,34.716,-70.25894165039062,184.1524573719351
0.0843699999999999,-4.512937833632302,34.716,-70.25894165039062,0.0
0.09322,-4.908109952772927,35.49,-69.15824890136719,154.73810475839383
0.09322,-4.908109952772927,35.49,-69.15824890136719,0.0
0.0890899999999999,-4.606535245741677,36.612,-67.99369812011719,241.7582417571599
0.0890899999999999,-4.606535245741677,36.612,-67.99369812011719,0.0
0.0938099999999999,-4.720915128554177,37.842,-66.78382873535156,231.9441825370368
0.0938099999999999,-4.720915128554177,37.842,-66.78382873535156,0.0
0.0914499999999999,-4.814512540663552,38.73,-65.53482055664062,175.4247333066655
0.0914499999999999,-4.814512540663552,38.73,-65.53482055664062,0.0
0.0914499999999999,-4.388120939101052,39.654,-64.28993225097656,186.0277833704882
0.0914499999999999,-4.388120939101052,39.654,-64.28993225097656,0.0
0.0825999999999999,-4.284117032851052,40.728,-62.97157287597656,214.75704859058527
0.0825999999999999,-4.284117032851052,40.728,-62.97157287597656,0.0
0.08968,-4.398527433241677,41.61,-61.68617248535156,176.85983557249327
0.08968,-4.398527433241677,41.61,-61.68617248535156,0.0
0.08791,-4.273710538710427,42.768,-60.34927368164063,266.8202764986238
0.08791,-4.273710538710427,42.768,-60.34927368164063,0.0
0.0890899999999999,-4.117735196913552,43.446,-58.95263671875001,126.44535621058134
0.0890899999999999,-4.117735196913552,43.446,-58.95263671875001,0.0
0.0890899999999999,-4.034513761366677,44.424,-57.52304077148437,192.63344494780415
0.0890899999999999,-4.034513761366677,44.424,-57.52304077148437,0.0
0.08732,-4.138517667616677,45.084,-56.09413146972656,126.09858616733142
0.08732,-4.138517667616677,45.084,-56.09413146972656,0.0
0.08555,-4.429716398085427,45.384,-54.69749450683594,56.539766302402505
0.08555,-4.429716398085427,45.384,-54.69749450683594,0.0
0.07847,-3.691313077772927,45.612,-53.20198059082031,42.83298891622011
0.07847,-3.691313077772927,45.612,-53.20198059082031,0.0
0.07611,-3.764128019179177,45.378,-51.7401123046875,-46.05392639227672
0.07611,-3.764128019179177,45.378,-51.7401123046875,0.0
0.07729,-3.639311124647927,45.264,-50.29266357421875,-22.664015904549597
0.07729,-3.639311124647927,45.264,-50.29266357421875,0.0
0.0755199999999999,-3.618528653944802,45.282,-48.87611389160156,3.561535417488962
0.0755199999999999,-3.618528653944802,45.282,-48.87611389160156,0.0
0.08142,-3.992918302382302,45.126,-47.42111206054688,-33.113988537562655
0.08142,-3.992918302382302,45.126,-47.42111206054688,0.0
0.07906,-3.566526700819802,45.372,-45.96199035644531,49.2393915131563
0.07906,-3.566526700819802,45.372,-45.96199035644531,0.0
0.0755199999999999,-3.296110441054177,45.228,-44.50630187988281,-30.631780472350574
0.0755199999999999,-3.296110441054177,45.228,-44.50630187988281,0.0
0.0743399999999999,-3.296110441054177,45.42,-43.054046630859375,39.263803681070286
0.0743399999999999,-3.296110441054177,45.42,-43.054046630859375,0.0
0.07257,-3.171324064101052,45.40800000000001,-41.60865783691406,-2.4159452385764126
0.07257,-3.171324064101052,45.40800000000001,-41.60865783691406,0.0
0.0708,-3.431333829726052,45.24,-40.150909423828125,-33.48614709979917
0.0708,-3.431333829726052,45.24,-40.150909423828125,0.0
0.0743399999999999,-3.431333829726052,45.258,-38.67805480957031,3.680228992036518
0.0743399999999999,-3.150511075819802,45.258,-38.67805480957031,0.0
0.0719799999999999,-2.817716886366677,45.318000000000005,-37.21138000488281,11.827321111745093
0.0719799999999999,-2.817716886366677,45.318000000000005,-37.21138000488281,0.0
0.07021,-2.776121427382302,45.38999999999999,-35.73783874511719,13.913043478236157
0.07021,-2.776121427382302,45.38999999999999,-35.73783874511719,0.0
0.0696199999999999,-2.640928556288552,45.324,-34.31236267089844,-13.173652694613471
0.0696199999999999,-2.640928556288552,45.324,-34.31236267089844,0.0
0.06903,-2.807310392226052,45.132,-32.86766052246094,-31.74603174606996
0.06903,-2.807310392226052,45.132,-32.86766052246094,0.0
0.06608,-2.713712980116677,45.342,-31.38656616210937,42.00000000003837
0.06608,-2.713712980116677,45.342,-31.38656616210937,0.0
0.06667,-2.339323331679177,45.40800000000001,-29.934997558593743,11.704202872846995
0.06667,-2.339323331679177,45.40800000000001,-29.934997558593743,0.0
0.06372,-2.245725919569802,45.336,-28.45664978027344,-14.336917562654108
0.06372,-2.245725919569802,45.336,-28.45664978027344,0.0
0.0631299999999999,-2.120909025038552,45.15599999999999,-27.016754150390625,-36.49635036499
0.0631299999999999,-2.120909025038552,45.15599999999999,-27.016754150390625,0.0
0.06431,-2.089720060194802,45.21,-25.580291748046875,10.789210789188363
0.06431,-2.089720060194802,45.21,-25.580291748046875,0.0
0.0631299999999999,-2.183317472304177,45.252,-24.103317260742188,8.206330597873805
0.0631299999999999,-2.183317472304177,45.252,-24.103317260742188,0.0
0.05959,-1.777708341444802,45.17400000000001,-22.62908935546875,-15.510041757780778
0.05959,-1.777708341444802,45.17400000000001,-22.62908935546875,0.0
0.05959,-1.684110929335427,45.234,-21.218719482421875,12.126111560193388
0.05959,-1.684110929335427,45.234,-21.218719482421875,0.0
0.0548699999999999,-1.600920011366677,45.27,-19.7314453125,7.243460764608305
0.0548699999999999,-1.600920011366677,45.27,-19.7314453125,0.0
0.0536899999999999,-1.476133634413552,45.366,-18.280563354492188,19.081693500288168
0.0536899999999999,-1.476133634413552,45.366,-18.280563354492188,0.0
0.0572299999999999,-1.559324552382302,45.09,-16.78985595703125,-57.81315458737625
0.0572299999999999,-1.559324552382302,45.09,-16.78985595703125,0.0
0.0572299999999999,-1.247312833632302,45.12,-15.37742614746094,5.951200158690847
0.0572299999999999,-1.247312833632302,45.12,-15.37742614746094,0.0
0.0548699999999999,-1.028929044569802,45.168,-13.928604125976562,9.652121455848864
0.0548699999999999,-1.028929044569802,45.168,-13.928604125976562,0.0
0.0530999999999999,-0.935331632460427,45.258,-12.470169067382812,18.03607214431717
0.0530999999999999,-0.935331632460427,45.258,-12.470169067382812,0.0
0.0472,-0.935331632460427,45.114,-10.976715087890623,-26.44142489897896
0.0472,-0.810514737929177,45.114,-10.976715087890623,0.0
0.0483799999999999,-0.945738126601052,45.144,-9.551925659179688,6.021678040932558
0.0483799999999999,-0.945738126601052,45.144,-9.551925659179688,0.0
0.0483799999999999,-0.571317960585427,45.144,-8.136062622070312,0.0
0.04602,-0.373716642226052,45.264,-6.624069213867188,24.13030363976007
0.04602,-0.373716642226052,45.264,-6.624069213867188,0.0
0.04543,-0.332121183241677,44.916,-5.164947509765625,-62.49999999987877
0.04543,-0.332121183241677,44.916,-5.164947509765625,0.0
0.04661,-0.186521818007302,44.982,-3.726425170898438,13.223802845148867
0.04661,-0.186521818007302,44.982,-3.726425170898438,0.0
0.04897,-0.352934171522927,45.114,-2.2686767578125,26.1645193260882
0.04897,-0.352934171522927,45.114,-2.2686767578125,0.0
0.04307,0.0214859944926979,45.192,-0.8287811279296875,15.470051566829632
0.04307,0.0214859944926979,45.192,-0.8287811279296875,0.0
0.0412999999999999,0.1462723714458229,45.084,0.6296539306640625,-19.90783410137292
0.0412999999999999,0.1462723714458229,45.084,0.6296539306640625,0.0
0.03835,0.3022782308208229,45.096,2.1141815185546875,2.429641627868908
0.03835,0.3022782308208229,45.096,2.1141815185546875,0.0
0.03835,0.3646866780864479,45.318000000000005,3.5492706298828125,44.24955152473461
0.03835,0.3646866780864479,45.318000000000005,3.5492706298828125,0.0
0.0359899999999999,0.3334671956645729,45.096,4.9774932861328125,-37.70380434783531
0.0359899999999999,0.3334671956645729,45.096,4.9774932861328125,0.0
0.0348099999999999,0.541475008164573,44.85,6.470947265625,-48.70322708365999
0.0348099999999999,0.541475008164573,44.85,6.470947265625,0.0
0.0359899999999999,0.562287996445823,44.922,7.916336059570312,12.928712515757736
0.0359899999999999,0.562287996445823,44.922,7.916336059570312,0.0
0.03422,0.832673738633323,45.138,9.341812133789062,43.4520217259077
0.03422,0.832673738633323,45.138,9.341812133789062,0.0
0.03127,0.832673738633323,45.17400000000001,10.7940673828125,7.154213036567767
0.03127,0.926271150742698,45.17400000000001,10.7940673828125,0.0
0.03304,0.967866609727073,44.958,12.231903076171877,-43.347381095640536
0.03304,0.967866609727073,44.958,12.231903076171877,0.0
0.0324499999999999,1.196687410508323,45.012,13.709564208984377,10.68037974684393
0.0324499999999999,1.196687410508323,45.012,13.709564208984377,0.0
0.0324499999999999,1.238282869492698,45.276,15.12336730957031,52.8000000000486
0.0324499999999999,1.238282869492698,45.276,15.12336730957031,0.0
0.0265499999999999,1.415071199570823,45.096,16.596908569335938,-36.19545545943324
0.0265499999999999,1.415071199570823,45.096,16.596908569335938,0.0
0.02891,1.435884187852073,45.006,18.075942993164062,-18.17080557237805
0.02891,1.435884187852073,45.006,18.075942993164062,0.0
0.0277299999999999,1.519075105820823,44.964,19.51377868652344,-8.566183969025875
0.0277299999999999,1.519075105820823,44.964,19.51377868652344,0.0
0.0265499999999999,1.758271883164573,45.252,20.963287353515625,60.721062618716765
0.0265499999999999,1.758271883164573,45.252,20.963287353515625,0.0
0.0206499999999999,1.935090730820823,45.036,22.418289184570312,-43.92922513722495
0.0206499999999999,1.935090730820823,45.036,22.418289184570312,0.0
0.0236,1.935090730820823,44.862,23.876724243164062,-32.73753527754124
0.0236,1.987062166367698,44.862,23.876724243164062,0.0
0.0236,2.039064119492698,45.006,25.320053100585938,28.543111992096343
0.0236,2.039064119492698,45.006,25.320053100585938,0.0
0.02242,2.070283601914573,45.162,26.80389404296875,25.73408116139297
0.02242,2.070283601914573,45.162,26.80389404296875,0.0
0.0200599999999999,2.309480379258323,45.018,28.24790954589844,-29.556650246268784
0.0200599999999999,2.309480379258323,45.018,28.24790954589844,0.0
0.02124,2.309480379258323,45.042,29.7235107421875,4.718836020443183
0.02124,2.444673250352073,45.042,29.7235107421875,0.0
0.0194699999999999,2.496675203477073,45.06,31.151733398437496,3.584943238399378
0.0194699999999999,2.496675203477073,45.06,31.151733398437496,0.0
0.0177,2.496675203477073,45.246,32.619781494140625,36.03254552509957
0.0177,2.631868074570823,45.246,32.619781494140625,0.0
0.01534,2.527864168320823,44.976,34.11186218261719,-53.41246290802623
0.01534,2.527864168320823,44.976,34.11186218261719,0.0
0.01593,2.964662264023948,44.958,35.555877685546875,-3.3557046979777225
0.01593,2.964662264023948,44.958,35.555877685546875,0.0
0.01475,2.975068758164573,45.132,36.964874267578125,35.30844155839342
0.01475,2.975068758164573,45.132,36.964874267578125,0.0
0.0135699999999999,3.058290193711448,45.138,38.47137451171875,1.183431952658642
0.0135699999999999,3.058290193711448,45.138,38.47137451171875,0.0
0.0123899999999999,3.110292146836448,44.958,39.95658874511719,-36.71970624244676
0.0123899999999999,3.110292146836448,44.958,39.95658874511719,0.0
0.01416,2.923066805039573,44.862,41.3909912109375,-19.253910950651974
0.01416,2.923066805039573,44.862,41.3909912109375,0.0
0.0135699999999999,3.411866853867698,45.15599999999999,42.826080322265625,59.250302297385474
0.0135699999999999,3.411866853867698,45.15599999999999,42.826080322265625,0.0
0.00826,3.432679842148948,45.306,44.276275634765625,30.07820332865653
0.00826,3.432679842148948,45.306,44.276275634765625,0.0
0.0100299999999999,3.505464265977073,44.928,45.75874328613281,-75.32881626178259
0.0100299999999999,3.505464265977073,44.928,45.75874328613281,0.0
0.0100299999999999,3.526277254258323,44.946,47.19795227050781,3.584229390683458
0.0100299999999999,3.526277254258323,44.946,47.19795227050781,0.0
0.0123899999999999,3.276673982773948,45.09,48.62960815429688,23.05106451095916
0.0123899999999999,3.276673982773948,45.09,48.62960815429688,0.0
0.0064899999999999,3.817475984727073,45.15,50.14366149902344,12.024048096210024
0.0064899999999999,3.817475984727073,45.15,50.14366149902344,0.0
0.0059,3.848664949570823,44.952000000000005,51.601409912109375,-39.21568627462167
0.0059,3.848664949570823,44.952000000000005,51.601409912109375,0.0
0.0059,3.911073396836448,44.958,53.03993225097656,1.206272617609166
0.0059,3.911073396836448,44.958,53.03993225097656,0.0
0.00708,3.952668855820823,45.222,54.47433471679688,56.27797910917502
0.00708,3.952668855820823,45.222,54.47433471679688,0.0
0.00177,3.651063631211448,44.742,55.97808837890625,-99.8128509046687
0.00177,3.651063631211448,44.742,55.97808837890625,0.0
-0.0,4.202272127305198,44.058,57.36785888671874,-114.95798319303
-0.0,4.202272127305198,44.058,57.36785888671874,0.0
-0.0,4.243867586289573,43.092,58.78028869628907,-194.014862421392
-0.0,4.243867586289573,43.092,58.78028869628907,0.0
-0.0,4.243867586289573,42.486,60.17417907714843,-123.5222176924855
-0.0,4.243867586289573,42.486,60.17417907714843,0.0
-0.0,4.150270174180198,41.190000000000005,61.53579711914063,-259.1999999987608
-0.0,4.150270174180198,41.190000000000005,61.53579711914063,0.0
-0.0,4.431062410508323,39.95400000000001,62.86102294921875,-256.3783447406344
-0.0,4.431062410508323,39.95400000000001,62.86102294921875,0.0
-0.0,4.503877351914573,39.36600000000001,64.15122985839844,-116.78252234377244
-0.0,4.503877351914573,39.36600000000001,64.15122985839844,0.0
-0.0,4.327089021836448,38.736,65.41053771972656,-118.95770392714589
-0.0,4.327089021836448,38.736,65.41053771972656,0.0
-0.0,4.223085115586448,37.548,66.61079406738281,-239.08231032319588
-0.0,4.223085115586448,37.548,66.61079406738281,0.0
-0.00177,4.524690340195823,36.342,67.81173706054688,-202.2811137198587
-0.00177,4.524690340195823,36.342,67.81173706054688,0.0
-0.00177,4.379090974961448,35.55,68.99276733398438,-157.58058097843738
-0.00177,4.379090974961448,35.55,68.99276733398438,0.0
-0.0,4.514283846055198,34.476,70.08041381835938,-207.65661252950304
-0.0,4.514283846055198,34.476,70.08041381835938,0.0
-0.0005899999999999,4.649476717148948,33.900000000000006,71.22505187988281,-116.41067097853325
-0.0005899999999999,4.649476717148948,33.900000000000006,71.22505187988281,0.0
-0.00354,4.483064363633323,33.035999999999994,72.27973937988281,-169.3121693124636
-0.00354,4.483064363633323,33.035999999999994,72.27973937988281,0.0
-0.0064899999999999,4.743074129258323,31.686,73.33992004394531,-272.01289542595487
-0.0064899999999999,4.743074129258323,31.686,73.33992004394531,0.0
-0.00531,4.722291658555198,30.654,74.35134887695312,-201.79898318373975
-0.00531,4.722291658555198,30.654,74.35134887695312,0.0
-0.00413,4.722291658555198,29.592,75.33599853515625,-213.59613837572104
-0.00413,4.722291658555198,29.592,75.33599853515625,0.0
-0.00413,4.711885164414573,29.004,76.26846313476562,-104.4590513412866
-0.00413,4.711885164414573,29.004,76.26846313476562,0.0
-0.00354,4.711885164414573,27.876,77.20916748046875,-223.7651259668204
-0.00354,4.711885164414573,27.876,77.20916748046875,0.0
-0.00767,4.774263094102073,27.054,78.09700012207031,-155.7998483697072
-0.00767,4.774263094102073,27.054,78.09700012207031,0.0
-0.00708,4.867891023789573,25.518,78.9697265625,-304.4598612490308
-0.00708,4.867891023789573,25.518,78.9697265625,0.0
-0.00767,4.836671541367698,24.948000000000004,79.77516174316406,-113.863363963045
-0.00767,4.836671541367698,24.948000000000004,79.77516174316406,0.0
-0.0064899999999999,4.899079988633323,23.838,80.60394287109375,-230.81721771704505
-0.0064899999999999,4.899079988633323,23.838,80.60394287109375,0.0
-0.0059,4.784669588242698,22.92,81.32766723632812,-179.50723504134976
-0.0059,4.784669588242698,22.92,81.32766723632812,0.0
-0.00767,4.836671541367698,21.924,82.056884765625,-197.9725700654973
-0.00767,4.836671541367698,21.924,82.056884765625,0.0
-0.0064899999999999,4.670289705430198,20.97,82.73460388183594,-189.3984514586108
-0.0064899999999999,4.670289705430198,20.97,82.73460388183594,0.0
-0.0135699999999999,4.847078035508323,20.352,83.42880249023438,-123.50119904112856
-0.0135699999999999,4.847078035508323,20.352,83.42880249023438,0.0
-0.0129799999999999,4.899079988633323,18.678,84.07081604003906,-333.46613545804763
-0.0129799999999999,4.899079988633323,18.678,84.07081604003906,0.0
-0.00826,4.847078035508323,17.465999999999998,84.63043212890625,-240.81064971202647
-0.00826,4.847078035508323,17.465999999999998,84.63043212890625,0.0
-0.0123899999999999,4.899079988633323,17.154,85.19554138183594,-62.77665995993579
-0.0123899999999999,4.899079988633323,17.154,85.19554138183594,0.0
-0.0123899999999999,4.867891023789573,16.026,85.72975158691406,-216.5898617507231
-0.0123899999999999,4.867891023789573,16.026,85.72975158691406,0.0
-0.0118,4.826265047227073,15.06,86.22962951660156,-194.1708542712892
-0.0118,4.826265047227073,15.06,86.22962951660156,0.0
-0.0129799999999999,4.899079988633323,14.340000000000002,86.70341491699219,-140.02333722269546
-0.0129799999999999,4.899079988633323,14.340000000000002,86.70341491699219,0.0
-0.0177,4.805482576523948,13.248,87.15248107910156,-217.44324970145533
-0.0177,4.805482576523948,13.248,87.15248107910156,0.0
-0.01475,4.899079988633323,11.898,87.55622863769531,-270.5953096800391
-0.01475,4.899079988633323,11.898,87.55622863769531,0.0
-0.0135699999999999,4.847078035508323,10.908,87.91671752929688,-196.19500594447032
-0.0135699999999999,4.847078035508323,10.908,87.91671752929688,0.0
-0.01416,4.753480623398948,10.272,88.25386047363281,-115.59432933523723
-0.01416,4.753480623398948,10.272,88.25386047363281,0.0
-0.0188799999999999,4.847078035508323,9.552,88.5882568359375,-142.51781472746578
-0.0188799999999999,4.847078035508323,9.552,88.5882568359375,0.0
-0.01652,4.847078035508323,8.1,88.88763427734375,-288.8402625829689
-0.01652,4.899079988633323,8.1,88.88763427734375,0.0
-0.01829,4.888673494492698,7.056000000000001,89.13825988769531,-210.86649161762136
-0.01829,4.888673494492698,7.056000000000001,89.13825988769531,0.0
-0.01475,4.847078035508323,5.676000000000001,89.34013366699219,-289.36884042714144
-0.01475,4.847078035508323,5.676000000000001,89.34013366699219,0.0
-0.01475,4.836671541367698,4.925999999999999,89.51454162597656,-151.5763945024299
-0.01475,4.836671541367698,4.925999999999999,89.51454162597656,0.0
-0.01475,4.878267000352073,4.134,89.659423828125,-162.06261510046136
-0.01475,4.878267000352073,4.134,89.659423828125,0.0
-0.01593,4.847078035508323,3.45,89.77272033691406,-138.5176184687387
-0.01593,4.847078035508323,3.45,89.77272033691406,0.0
-0.01593,4.847078035508323,2.3760000000000003,89.87228393554688,-201.34983127090857
-0.01593,4.847078035508323,2.3760000000000003,89.87228393554688,0.0
-0.01652,4.847078035508323,1.5060000000000002,89.92446899414062,-174.10446267750112
-0.01652,4.847078035508323,1.5060000000000002,89.92446899414062,0.0
-0.0188799999999999,4.857484529648948,0.84,89.967041015625,-133.25330132051488
-0.0188799999999999,4.857484529648948,0.84,89.967041015625,0.0
-0.01593,4.847078035508323,0.354,89.98146057128906,-87.20617261800655
-0.01593,4.847078035508323,0.354,89.98146057128906,0.0
-0.01593,4.826265047227073,0.204,89.989013671875,-29.94011976048725
-0.01593,4.826265047227073,0.204,89.989013671875,0.0
-0.01711,4.826265047227073,0.126,89.99176025390625,-15.506958250481675
-0.01711,4.826265047227073,0.126,89.99176025390625,0.0
-0.01652,4.847078035508323,0.084,89.99656677246094,-7.81249999998186
-0.01652,4.847078035508323,0.084,89.99656677246094,0.0
-0.01652,4.805482576523948,0.06,89.99794006347656,-4.99687695192458
-0.01652,4.805482576523948,0.06,89.99794006347656,0.0
-0.01711,4.847078035508323,0.042,89.99931335449219,-3.617363344052025
-0.01711,4.847078035508323,0.042,89.99931335449219,0.0
-0.01652,4.826265047227073,0.0059999999999999,90.00205993652344,-7.625503071400458
-0.01652,4.826265047227073,0.0059999999999999,90.00205993652344,0.0
-0.0194699999999999,4.826265047227073,0.0119999999999999,90.00274658203125,1.1027384671954596
-0.0194699999999999,4.847078035508323,0.0119999999999999,90.00274658203125,0.0
-0.0188799999999999,4.847078035508323,-0.018,90.00137329101562,-6.087662337654034
-0.0188799999999999,4.847078035508323,-0.018,90.00137329101562,0.0
-0.01829,4.847078035508323,-0.0059999999999999,90.00205993652344,2.4174053182911948
-0.01829,4.836671541367698,-0.0059999999999999,90.00205993652344,0.0
-0.01829,4.847078035508323,0.0119999999999999,90.00205993652344,3.3936651583558173
-0.0194699999999999,4.847078035508323,0.0059999999999999,90.00274658203125,-1.2404382882001213
-0.0194699999999999,4.847078035508323,0.0059999999999999,90.00274658203125,0.0
-0.0188799999999999,4.847078035508323,-0.0,90.00137329101562,-1.1952191235055274
-0.0188799999999999,4.847078035508323,-0.0,90.00137329101562,0.0
-0.01829,4.847078035508323,0.018,90.00343322753906,3.313696612674968
-0.01829,4.847078035508323,0.018,90.00343322753906,0.0
-0.0188799999999999,4.847078035508323,0.0059999999999999,90.00068664550781,-2.4149728315612755
-0.0188799999999999,4.847078035508323,0.0059999999999999,90.00068664550781,0.0
-0.01829,4.847078035508323,0.0059999999999999,90.00343322753906,0.0
-0.0177,4.847078035508323,-0.0059999999999999,90.00411987304688,-2.400000000002143
-0.0177,4.847078035508323,-0.0059999999999999,90.00411987304688,0.0
-0.0200599999999999,4.847078035508323,-0.0059999999999999,90.00343322753906,0.0
-0.0241899999999999,4.847078035508323,0.0119999999999999,90.00068664550781,3.59281437125843
-0.0241899999999999,4.847078035508323,0.0119999999999999,90.00068664550781,0.0
-0.0348099999999999,4.847078035508323,-0.018,90.00205993652344,-5.5126791620849485
-0.0348099999999999,4.847078035508323,-0.018,90.00205993652344,0.0
-0.04661,4.847078035508323,-0.204,90.00205993652344,-37.19256148775506
-0.04661,4.847078035508323,-0.204,90.00205993652344,0.0
-0.06431,4.847078035508323,-0.756,89.99107360839844,-109.00473933639825
-0.06431,4.847078035508323,-0.756,89.99107360839844,0.0
-0.08378,4.888673494492698,-1.8300000000000003,89.95399475097656,-215.0580696831639
-0.08378,4.888673494492698,-1.8300000000000003,89.95399475097656,0.0
-0.0843699999999999,4.899079988633323,-4.434,89.84825134277344,-447.8073946679924
-0.0843699999999999,4.899079988633323,-4.434,89.84825134277344,0.0
-0.0825999999999999,4.899079988633323,-6.834,89.66629028320312,-487.7057508640463
-0.0825999999999999,4.899079988633323,-6.834,89.66629028320312,0.0
-0.0802399999999999,4.899079988633323,-8.496,89.41360473632812,-330.1549463650561
-0.0802399999999999,4.899079988633323,-8.496,89.41360473632812,0.0
-0.0719799999999999,4.919862459336448,-9.402,89.11354064941406,-180.946674655258
-0.0719799999999999,4.919862459336448,-9.402,89.11354064941406,0.0
-0.0796499999999999,4.899079988633323,-9.714,88.80455017089844,-59.90783410126405
-0.0796499999999999,4.899079988633323,-9.714,88.80455017089844,0.0
-0.0825999999999999,4.826265047227073,-9.996,88.47084045410156,-56.96969696960486
-0.0825999999999999,4.826265047227073,-9.996,88.47084045410156,0.0
-0.08319,4.826265047227073,-10.38,88.14605712890625,-72.41184235341447
-0.08319,4.878267000352073,-10.38,88.14605712890625,0.0
-0.0867299999999999,5.075868318711448,-11.754,87.77595520019531,-273.75971309002085
-0.0867299999999999,5.075868318711448,-11.754,87.77595520019531,0.0
-0.0890899999999999,4.940675447617698,-13.11,87.40242004394531,-251.90414267161572
-0.0890899999999999,4.940675447617698,-13.11,87.40242004394531,0.0
-0.07847,4.899079988633323,-14.202,86.94854736328125,-217.48655646288748
-0.07847,4.899079988633323,-14.202,86.94854736328125,0.0
-0.08732,4.867891023789573,-14.772000000000002,86.46720886230469,-116.94706606481184
-0.08732,4.867891023789573,-14.772000000000002,86.46720886230469,0.0
-0.09086,4.899079988633323,-15.762,85.98243713378906,-199.07500502687495
-0.09086,4.899079988633323,-15.762,85.98243713378906,0.0
-0.08614,5.023866365586448,-16.92,85.45372009277344,-218.03803426825075
-0.08614,5.023866365586448,-16.92,85.45372009277344,0.0
-0.08968,4.899079988633323,-17.82,84.87144470214844,-184.53967603059752
-0.08968,4.899079988633323,-17.82,84.87144470214844,0.0
-0.08319,4.899079988633323,-18.582,84.29054260253906,-152.79727290956947
-0.08319,4.899079988633323,-18.582,84.29054260253906,0.0
-0.08555,4.951081941758323,-19.638,83.68423461914062,-211.6232464933136
-0.08555,4.951081941758323,-19.638,83.68423461914062,0.0
-0.08319,4.899079988633323,-20.466,83.00788879394531,-156.9668246442019
-0.08319,4.899079988633323,-20.466,83.00788879394531,0.0
-0.09086,4.899079988633323,-21.318,82.34321594238281,-175.12846865382014
-0.09086,4.899079988633323,-21.318,82.34321594238281,0.0
-0.0949899999999999,5.003083894883323,-22.506,81.650390625,-236.79489734857063
-0.0949899999999999,5.003083894883323,-22.506,81.650390625,0.0
-0.08968,4.857484529648948,-23.406,80.89027404785156,-180.03600720151286
-0.08968,4.857484529648948,-23.406,80.89027404785156,0.0
-0.08555,4.982270906602073,-24.462,80.1507568359375,-208.9847615276504
-0.08555,4.982270906602073,-24.462,80.1507568359375,0.0
-0.0926299999999999,4.940675447617698,-25.356,79.33845520019531,-182.114483601629
-0.0926299999999999,4.940675447617698,-25.356,79.33845520019531,0.0
-0.08614,5.096681306992698,-26.37,78.52684020996094,-207.4892572131612
-0.08614,5.096681306992698,-26.37,78.52684020996094,0.0
-0.08614,4.899079988633323,-27.474,77.63832092285156,-224.4814965444463
-0.08614,4.899079988633323,-27.474,77.63832092285156,0.0
-0.08378,4.961488435898948,-28.026,76.72576904296875,-112.46943765280348
-0.08378,4.961488435898948,-28.026,76.72576904296875,0.0
-0.08614,4.940675447617698,-29.076,75.83244323730469,-209.74830203838036
-0.08614,4.940675447617698,-29.076,75.83244323730469,0.0
-0.0926299999999999,4.971864412461448,-30.168,74.89585876464844,-213.4480062554372
-0.0926299999999999,4.971864412461448,-30.168,74.89585876464844,0.0
-0.08968,4.847078035508323,-31.344000000000005,73.916015625,-233.8902147979929
-0.08968,4.847078035508323,-31.344000000000005,73.916015625,0.0
-0.0944,4.795076082383323,-32.25,72.85446166992188,-177.47306562241988
-0.0944,4.795076082383323,-32.25,72.85446166992188,0.0
-0.0914499999999999,4.670289705430198,-32.976,71.7626953125,-136.98113207533166
-0.0914499999999999,4.670289705430198,-32.976,71.7626953125,0.0
-0.0944,4.743074129258323,-34.032000000000004,70.71075439453125,-209.31615460870984
-0.0944,4.743074129258323,-34.032000000000004,70.71075439453125,0.0
-0.09086,4.711885164414573,-34.980000000000004,69.59495544433594,-189.56208758275164
-0.09086,4.711885164414573,-34.980000000000004,69.59495544433594,0.0
-0.09086,4.639070223008323,-36.09,68.44757080078125,-223.3849869194161
-0.09086,4.639070223008323,-36.09,68.44757080078125,0.0
-0.09558,4.743074129258323,-37.182,67.30567932128906,-222.6299694186
-0.09558,4.743074129258323,-37.182,67.30567932128906,0.0
-0.09086,4.503877351914573,-38.052,66.07795715332031,-178.1691583040786
-0.09086,4.503877351914573,-38.052,66.07795715332031,0.0
-0.0926299999999999,4.503877351914573,-38.688,64.80628967285156,-117.34317343202368
-0.0926299999999999,4.576661775742698,-38.688,64.80628967285156,0.0
-0.0949899999999999,4.628663728867698,-39.864,63.56346130371094,-245.4090150245792
-0.0949899999999999,4.628663728867698,-39.864,63.56346130371094,0.0
-0.08968,4.649476717148948,-40.968,62.23274230957031,-196.19690776598767
-0.08968,4.649476717148948,-40.968,62.23274230957031,0.0
-0.0926299999999999,4.379090974961448,-41.922,60.88485717773437,-189.36085748263085
-0.0926299999999999,4.379090974961448,-41.922,60.88485717773437,0.0
-0.08968,4.379090974961448,-42.63,59.55413818359375,-144.99283227504483
-0.08968,4.493470857773948,-42.63,59.55413818359375,0.0
-0.0949899999999999,4.327089021836448,-43.572,58.184967041015625,-186.97895990528912
-0.0949899999999999,4.327089021836448,-43.572,58.184967041015625,0.0
-0.09204,4.441468904648948,-44.55,56.72721862792969,-198.5383678436177
-0.09204,4.441468904648948,-44.55,56.72721862792969,0.0
-0.08732,3.973481844102073,-45.204,55.26878356933594,-132.1212121209992
-0.08732,3.973481844102073,-45.204,55.26878356933594,0.0
-0.0825999999999999,3.921479890977073,-45.0,53.83094787597656,42.93832877290054
-0.0825999999999999,3.921479890977073,-45.0,53.83094787597656,0.0
-0.0820099999999999,4.077485750352073,-45.006,52.37457275390625,-1.2330456226899336
-0.0820099999999999,4.077485750352073,-45.006,52.37457275390625,0.0
-0.08083,3.942262361680198,-45.036,50.895538330078125,-6.121199755129723
-0.08083,3.942262361680198,-45.036,50.895538330078125,0.0
-0.0767,4.087892244492698,-45.066,49.42817687988281,-6.090133982933324
-0.0767,4.087892244492698,-45.066,49.42817687988281,0.0
-0.0743399999999999,3.640687654648948,-44.724,47.97798156738281,68.64712966702136
-0.0743399999999999,3.640687654648948,-44.724,47.97798156738281,0.0
-0.08142,3.536683748398948,-44.778,46.50650024414063,-10.869565217411452
-0.08142,3.536683748398948,-44.778,46.50650024414063,0.0
-0.08083,3.703065584336448,-45.006,45.10986328125,-46.59717964429687
-0.08083,3.703065584336448,-45.006,45.10986328125,0.0
-0.0767,3.515870760117698,-45.096,43.617095947265625,-17.772511848325067
-0.0767,3.515870760117698,-45.096,43.617095947265625,0.0
-0.0796499999999999,3.661470125352073,-44.928,42.15591430664063,32.47004252022528
-0.0796499999999999,3.661470125352073,-44.928,42.15591430664063,0.0
-0.07611,3.214265535508323,-45.006,40.68374633789063,-15.69732340514876
-0.07611,3.214265535508323,-45.006,40.68374633789063,0.0
-0.07729,3.110292146836448,-45.138,39.26994323730469,-26.035502958634677
-0.07729,3.110292146836448,-45.138,39.26994323730469,0.0
-0.07316,3.245485017930198,-45.06,37.79708862304688,17.555705604284597
-0.07316,3.245485017930198,-45.06,37.79708862304688,0.0
-0.07375,3.058290193711448,-44.838,36.35993957519531,44.17910447770736
-0.07375,3.058290193711448,-44.838,36.35993957519531,0.0
-0.07139,3.058290193711448,-45.024,34.8870849609375,-35.02165317280796
-0.07139,3.151887605820823,-45.024,34.8870849609375,0.0
-0.06844,2.756684969102073,-45.258,33.44718933105469,-46.35499207591973
-0.06844,2.756684969102073,-45.258,33.44718933105469,0.0
-0.0648999999999999,2.756684969102073,-45.114,31.986694335937504,28.053769725303965
-0.0648999999999999,2.631868074570823,-45.114,31.986694335937504,0.0
-0.07021,2.704683015977073,-44.946,30.520706176757816,33.038348082542306
-0.07021,2.704683015977073,-44.946,30.520706176757816,0.0
-0.06903,2.704683015977073,-45.096,29.07943725585937,-29.434850863370773
-0.06903,2.559083650742698,-45.096,29.07943725585937,0.0
-0.06785,2.579866121445823,-45.17400000000001,27.60040283203125,-15.6000000000162
-0.06785,2.579866121445823,-45.17400000000001,27.60040283203125,0.0
-0.06136,2.579866121445823,-45.048,26.084976196289062,23.389641730034832
-0.06136,2.226289461289573,-45.048,26.084976196289062,0.0
-0.0631299999999999,2.236665437852073,-44.958,24.646453857421875,17.942583732015528
-0.0631299999999999,2.236665437852073,-44.958,24.646453857421875,0.0
-0.0631299999999999,2.174287508164573,-45.042,23.23883056640625,-15.359297860655618
-0.0631299999999999,2.174287508164573,-45.042,23.23883056640625,0.0
-0.06077,2.059877107773948,-45.216,21.75361633300781,-34.272207996848444
-0.06077,2.059877107773948,-45.216,21.75361633300781,0.0
-0.059,1.924684236680198,-44.946,20.276641845703125,52.09338221090852
-0.059,1.924684236680198,-44.946,20.276641845703125,0.0
-0.06136,1.675080965195823,-44.976,18.844985961914062,-5.883506569914396
-0.06136,1.675080965195823,-44.976,18.844985961914062,0.0
-0.06136,1.581483553086448,-45.102,17.365951538085938,-25.459688825970822
-0.06136,1.581483553086448,-45.102,17.365951538085938,0.0
-0.05782,1.519075105820823,-45.144,15.941848754882812,-8.361536930084057
-0.05782,1.519075105820823,-45.144,15.941848754882812,0.0
-0.0560499999999999,1.415071199570823,-44.976,14.442214965820312,29.946524064072
-0.0560499999999999,1.415071199570823,-44.976,14.442214965820312,0.0
-0.0572299999999999,1.383882234727073,-44.952000000000005,13.015365600585938,4.846526655892465
-0.0572299999999999,1.383882234727073,-44.952000000000005,13.015365600585938,0.0
-0.0530999999999999,1.383882234727073,-45.132,11.532211303710938,-34.90401396162466
-0.0530999999999999,1.009462068711448,-45.132,11.532211303710938,0.0
-0.0507399999999999,0.999086092148948,-45.216,10.026397705078123,-16.116653875671467
-0.0507399999999999,0.999086092148948,-45.216,10.026397705078123,0.0
-0.05133,0.999086092148948,-44.982,8.57757568359375,42.98310066141375
-0.05133,0.843080232773948,-44.982,8.57757568359375,0.0
-0.0536899999999999,0.853486726914573,-45.144,7.108154296875,-33.609958506257605
-0.0536899999999999,0.853486726914573,-45.144,7.108154296875,0.0
-0.05133,0.718263338242698,-45.168,5.664825439453125,-5.268935235992418
-0.05133,0.718263338242698,-45.168,5.664825439453125,0.0
-0.04779,0.541475008164573,-45.126,4.18853759765625,8.383233532936748
-0.04779,0.541475008164573,-45.126,4.18853759765625,0.0
-0.04425,0.4062821370708229,-44.91,2.704010009765625,46.451612903245575
-0.04425,0.4062821370708229,-44.91,2.704010009765625,0.0
-0.04543,0.3126847249614479,-44.958,1.26617431640625,-9.51248513675553
-0.04543,0.3126847249614479,-44.958,1.26617431640625,0.0
-0.04661,0.3126847249614479,-45.222,-0.2053070068359375,-56.09859753507694
-0.04661,0.3126847249614479,-45.222,-0.2053070068359375,0.0
-0.04366,0.1254899007426979,-45.192,-1.712493896484375,5.9725263786314695
-0.04366,0.1254899007426979,-45.192,-1.712493896484375,0.0
-0.04366,-0.040922452772927,-45.018,-3.15582275390625,32.34200743492982
-0.04366,-0.040922452772927,-45.018,-3.15582275390625,0.0
-0.03953,-0.207334806288552,-45.18600000000001,-4.63897705078125,-34.34880392547456
-0.03953,-0.207334806288552,-45.18600000000001,-4.63897705078125,0.0
-0.04071,-0.384123136366677,-45.222,-6.1255645751953125,-7.142857142844455
-0.04071,-0.384123136366677,-45.222,-6.1255645751953125,0.0
-0.0371699999999999,-0.384123136366677,-45.108,-7.6059722900390625,21.3283442469387
-0.0371699999999999,-0.384123136366677,-45.108,-7.6059722900390625,0.0
-0.03835,-0.394529630507302,-44.736,-9.017715454101562,71.91184999054299
-0.03835,-0.394529630507302,-44.736,-9.017715454101562,0.0
-0.0371699999999999,-0.612913419569802,-44.916,-10.570220947265623,-40.422187289356486
-0.0371699999999999,-0.612913419569802,-44.916,-10.570220947265623,0.0
-0.03422,-1.028929044569802,-45.258,-12.02178955078125,-68.15464328408508
-0.03422,-1.028929044569802,-45.258,-12.02178955078125,0.0
-0.03304,-0.945738126601052,-45.078,-13.49395751953125,38.31417624528779
-0.03304,-0.945738126601052,-45.078,-13.49395751953125,0.0
-0.03422,-1.018522550429177,-45.216,-14.962005615234377,-27.069438995663923
-0.03422,-1.018522550429177,-45.216,-14.962005615234377,0.0
-0.0348099999999999,-1.112119962538552,-45.18,-16.406021118164062,6.904487917152807
-0.0348099999999999,-1.112119962538552,-45.18,-16.406021118164062,0.0
-0.03068,-1.132932950819802,-45.3,-17.86376953125,-23.852116875360565
-0.03068,-1.132932950819802,-45.3,-17.86376953125,0.0
-0.0265499999999999,-1.569731046522927,-45.084,-19.36065673828125,45.03753127607234
-0.0265499999999999,-1.569731046522927,-45.084,-19.36065673828125,0.0
-0.0295,-1.642515470351052,-45.144,-20.77239990234375,-12.057877813505783
-0.0295,-1.642515470351052,-45.144,-20.77239990234375,0.0
-0.0259599999999999,-1.642515470351052,-45.27,-22.21641540527344,-25.79852579850508
-0.0259599999999999,-1.642515470351052,-45.27,-22.21641540527344,0.0
-0.0265499999999999,-1.725736905897927,-45.282,-23.635025024414062,-2.217294900217692
-0.0265499999999999,-1.725736905897927,-45.282,-23.635025024414062,0.0
-0.0265499999999999,-1.736112882460427,-45.09,-25.153884887695312,38.33100419244339
-0.0265499999999999,-1.736112882460427,-45.09,-25.153884887695312,0.0
-0.0247799999999999,-2.162535001601052,-45.24,-26.568374633789062,-28.57142857148522
-0.0247799999999999,-2.162535001601052,-45.24,-26.568374633789062,0.0
-0.02301,-2.328916837538552,-45.324,-28.02474975585937,-17.496354926106225
-0.02301,-2.328916837538552,-45.324,-28.02474975585937,0.0
-0.02183,-2.172910978163552,-45.258,-29.52163696289062,13.29305135951956
-0.02183,-2.172910978163552,-45.258,-29.52163696289062,0.0
-0.02301,-2.297727872694802,-45.06,-30.91621398925781,36.0787172010747
-0.02301,-2.297727872694802,-45.06,-30.91621398925781,0.0
-0.0206499999999999,-2.339323331679177,-45.17400000000001,-32.40348815917969,-21.448730009424448
-0.0206499999999999,-2.339323331679177,-45.17400000000001,-32.40348815917969,0.0
-0.01829,-2.651335050429177,-45.282,-33.8433837890625,-21.48826104263365
-0.01829,-2.651335050429177,-45.282,-33.8433837890625,0.0
-0.01593,-2.911314298476052,-45.414,-35.35469055175781,-26.76941796796355
-0.01593,-2.911314298476052,-45.414,-35.35469055175781,0.0
-0.0177,-2.838529874647927,-45.378,-36.79801940917969,7.246376811607635
-0.0177,-2.838529874647927,-45.378,-36.79801940917969,0.0
-0.01711,-2.859312345351052,-45.342,-38.24684143066406,7.288924883569095
-0.01711,-2.859312345351052,-45.342,-38.24684143066406,0.0
-0.01534,-2.848936368788552,-45.366,-39.69154357910156,-4.796163069558585
-0.01534,-2.848936368788552,-45.366,-39.69154357910156,0.0
-0.0129799999999999,-3.025724698866677,-45.162,-41.156158447265625,40.41204437387856
-0.0129799999999999,-3.025724698866677,-45.162,-41.156158447265625,0.0
-0.0129799999999999,-3.535337735976052,-45.324,-42.636566162109375,-31.389265646099403
-0.0129799999999999,-3.535337735976052,-45.324,-42.636566162109375,0.0
-0.01062,-3.420927335585427,-45.36,-44.11491394042969,-6.971340046465445
-0.01062,-3.420927335585427,-45.36,-44.11491394042969,0.0
-0.0129799999999999,-3.337736417616677,-45.366,-45.560302734375,-1.11607142857478
-0.0129799999999999,-3.337736417616677,-45.366,-45.560302734375,0.0
-0.0118,-3.514524747694802,-45.40800000000001,-47.0489501953125,-8.524457073255535
-0.0118,-3.514524747694802,-45.40800000000001,-47.0489501953125,0.0
-0.01062,-3.410520841444802,-45.252,-48.52043151855469,31.67512690364546
-0.01062,-3.410520841444802,-45.252,-48.52043151855469,0.0
-0.00767,-3.920133878554177,-45.444,-50.011138916015625,-38.01980198032678
-0.00767,-3.920133878554177,-45.444,-50.011138916015625,0.0
-0.00885,-3.920133878554177,-45.486,-51.44142150878906,-8.256339689398132
-0.00885,-4.096922208632302,-45.486,-51.44142150878906,0.0
-0.0064899999999999,-3.795316984022927,-45.324,-52.88818359375,32.2195704056635
-0.0064899999999999,-3.795316984022927,-45.324,-52.88818359375,0.0
-0.0059,-3.888914396132302,-45.468,-54.33082580566406,-28.64531529732365
-0.0059,-3.888914396132302,-45.468,-54.33082580566406,0.0
-0.0064899999999999,-3.826536466444802,-45.006,-55.81672668457031,86.92380056450692
-0.0064899999999999,-3.826536466444802,-45.006,-55.81672668457031,0.0
-0.0005899999999999,-4.398527433241677,-44.82000000000001,-57.20306396484375,35.851966075530186
-0.0005899999999999,-4.398527433241677,-44.82000000000001,-57.20306396484375,0.0
-0.0,-4.585722257460427,-43.842000000000006,-58.643646240234375,196.0705693665849
-0.0,-4.585722257460427,-43.842000000000006,-58.643646240234375,0.0
-0.0,-4.200926114882302,-42.708,-60.0457763671875,216.1234991424873
-0.0,-4.200926114882302,-42.708,-60.0457763671875,0.0
-0.0,-4.294523526991677,-41.592,-61.38679504394531,234.3553128937672
-0.0,-4.294523526991677,-41.592,-61.38679504394531,0.0
-0.0,-4.450529386366677,-40.56,-62.679061889648445,207.0210631893644
-0.0,-4.450529386366677,-40.56,-62.679061889648445,0.0
0.0005899999999999,-4.616911222304177,-39.9,-63.96652221679688,134.03736799304454
0.0005899999999999,-4.616911222304177,-39.9,-63.96652221679688,0.0
-0.0,-4.377714444960427,-38.940000000000005,-65.23338317871094,192.2306768117653
-0.0,-4.377714444960427,-38.940000000000005,-65.23338317871094,0.0
-0.0,-4.336118985976052,-37.68000000000001,-66.45835876464844,250.2979737771487
-0.0,-4.336118985976052,-37.68000000000001,-66.45835876464844,0.0
-0.0,-4.731321622694802,-36.936,-67.70668029785156,146.4278685301094
-0.0,-4.731321622694802,-36.936,-67.70668029785156,0.0
0.00177,-4.564909269179177,-36.21,-68.87123107910156,145.34534534511016
0.00177,-4.564909269179177,-36.21,-68.87123107910156,0.0
0.0005899999999999,-4.564909269179177,-34.806000000000004,-70.0103759765625,278.4609282029221
0.0005899999999999,-4.564909269179177,-34.806000000000004,-70.0103759765625,0.0
0.0023599999999999,-4.793730069960427,-34.182,-71.14677429199219,117.735849056484
0.0023599999999999,-4.793730069960427,-34.182,-71.14677429199219,0.0
0.00354,-4.793730069960427,-33.108,-72.25227355957031,203.98860398937632
0.00354,-4.731321622694802,-33.108,-72.25227355957031,0.0
0.0005899999999999,-4.908109952772927,-31.830000000000005,-73.30215454101562,250.63737987834213
0.0005899999999999,-4.908109952772927,-31.830000000000005,-73.30215454101562,0.0
0.00354,-4.752134610976052,-31.17,-74.33486938476562,141.6309012875174
0.00354,-4.752134610976052,-31.17,-74.33486938476562,0.0
0.0047199999999999,-4.793730069960427,-29.976000000000003,-75.31196594238281,242.83099450995124
0.0047199999999999,-4.793730069960427,-29.976000000000003,-75.31196594238281,0.0
0.0064899999999999,-5.043333341444802,-29.268,-76.24374389648438,140.3926234384139
0.0064899999999999,-5.043333341444802,-29.268,-76.24374389648438,0.0
0.00354,-4.835325528944802,-27.972,-77.16796875,243.9759036142953
0.00354,-4.835325528944802,-27.972,-77.16796875,0.0
0.00885,-4.991331388319802,-27.168,-78.10935974121094,162.9179331310616
0.00885,-4.991331388319802,-27.168,-78.10935974121094,0.0
0.0064899999999999,-4.918516446913552,-25.86,-78.90998840332031,266.0158633309719
0.0064899999999999,-4.918516446913552,-25.86,-78.90998840332031,0.0
0.00885,-4.908109952772927,-25.344,-79.73945617675781,103.3653846150602
0.00885,-4.908109952772927,-25.344,-79.73945617675781,0.0
0.00767,-4.991331388319802,-23.862,-80.53459167480469,295.27794381325475
0.00767,-4.991331388319802,-23.862,-80.53459167480469,0.0
0.00885,-4.908109952772927,-23.304,-81.26174926757812,113.09282529342126
0.00885,-4.908109952772927,-23.304,-81.26174926757812,0.0
0.0094399999999999,-5.084928800429177,-22.092,-82.02255249023438,234.6563407548463
0.0094399999999999,-5.084928800429177,-22.092,-82.02255249023438,0.0
0.0100299999999999,-4.908109952772927,-21.174,-82.72430419921875,184.37437236318587
0.0100299999999999,-4.908109952772927,-21.174,-82.72430419921875,0.0
0.01475,-4.908109952772927,-20.208,-83.38554382324219,195.03331314353267
0.01475,-5.084928800429177,-20.208,-83.38554382324219,0.0
0.0100299999999999,-5.032926847304177,-18.678,-84.04747009277344,304.96312537315896
0.0100299999999999,-5.032926847304177,-18.678,-84.04747009277344,0.0
0.01062,-5.032926847304177,-18.228,-84.59678649902344,85.37279453578816
0.01062,-4.928922941054177,-18.228,-84.59678649902344,0.0
0.01475,-5.074522306288552,-17.412,-85.19691467285156,162.7118644072343
0.01475,-5.074522306288552,-17.412,-85.19691467285156,0.0
0.0118,-5.074522306288552,-16.05,-85.72013854980469,250.22965276568877
0.0118,-5.032926847304177,-16.05,-85.72013854980469,0.0
0.0123899999999999,-5.032926847304177,-15.246,-86.220703125,159.80918306491924
0.0123899999999999,-5.032926847304177,-15.246,-86.220703125,0.0
0.01593,-5.032926847304177,-14.526,-86.70684814453125,135.51665725576203
0.01593,-5.032926847304177,-14.526,-86.70684814453125,0.0
0.01475,-5.032926847304177,-13.296,-87.13119506835938,246.00000000022385
0.01475,-5.032926847304177,-13.296,-87.13119506835938,0.0
0.0118,-5.032926847304177,-12.084,-87.53150939941406,225.90866728747932
0.0118,-5.032926847304177,-12.084,-87.53150939941406,0.0
0.0135699999999999,-5.032926847304177,-11.364,-87.90298461914062,133.30864654748387
0.0135699999999999,-5.032926847304177,-11.364,-87.90298461914062,0.0
0.0177,-5.074522306288552,-10.656,-88.27445983886719,140.75546719667992
0.0177,-5.074522306288552,-10.656,-88.27445983886719,0.0
0.0194699999999999,-5.084928800429177,-9.204,-88.61228942871094,271.5541425097965
0.0194699999999999,-5.084928800429177,-9.204,-88.61228942871094,0.0
0.0177,-5.032926847304177,-7.979999999999999,-88.88763427734375,246.03015075368376
0.0177,-5.032926847304177,-7.979999999999999,-88.88763427734375,0.0
0.01416,-5.032926847304177,-6.5760000000000005,-89.12040710449219,265.95946201924147
0.01416,-5.032926847304177,-6.5760000000000005,-89.12040710449219,0.0
0.0129799999999999,-5.032926847304177,-5.934,-89.31953430175781,128.73471024664514
0.0129799999999999,-5.032926847304177,-5.934,-89.31953430175781,0.0
0.0123899999999999,-5.032926847304177,-5.28,-89.47677612304688,121.53874744471608
0.0123899999999999,-5.032926847304177,-5.28,-89.47677612304688,0.0
0.01534,-5.032926847304177,-4.8420000000000005,-89.64637756347656,88.30645161270417
0.01534,-5.032926847304177,-4.8420000000000005,-89.64637756347656,0.0
0.0177,-5.084928800429177,-3.69,-89.769287109375,221.4958661795994
0.0177,-5.084928800429177,-3.69,-89.769287109375,0.0
0.0259599999999999,-5.074522306288552,-3.336,-89.88807678222656,70.72927072911176
0.0259599999999999,-5.074522306288552,-3.336,-89.88807678222656,0.0
0.02301,-5.074522306288552,-1.44,-89.96223449707031,349.49308755744545
0.02301,-5.074522306288552,-1.44,-89.96223449707031,0.0
0.02242,-5.043333341444802,-0.4019999999999999,-89.99176025390625,208.22467402186143
0.02242,-5.043333341444802,-0.4019999999999999,-89.99176025390625,0.0
0.02124,-5.032926847304177,-0.15,-89.99931335449219,49.59653611503658
0.02124,-5.032926847304177,-0.15,-89.99931335449219,0.0
0.02124,-5.032926847304177,-0.0119999999999999,-89.99931335449219,26.31077216395484
0.02124,-5.032926847304177,-0.0119999999999999,-89.99931335449219,0.0
0.0206499999999999,-5.032926847304177,-0.0059999999999999,-90.00068664550781,1.236603462489788
0.0206499999999999,-5.032926847304177,-0.0059999999999999,-90.00068664550781,0.0
0.0200599999999999,-4.991331388319802,0.0059999999999999,-90.00205993652344,2.43654822335721
0.0200599999999999,-4.991331388319802,0.0059999999999999,-90.00205993652344,0.0
0.0206499999999999,-4.949735929335427,-0.0119999999999999,-90.00343322753906,-3.644462441784369
0.0206499999999999,-4.949735929335427,-0.0119999999999999,-90.00343322753906,0.0
0.0206499999999999,-5.022520353163552,-0.0239999999999999,-90.00137329101562,-2.414972831561256
0.0206499999999999,-5.022520353163552,-0.0239999999999999,-90.00137329101562,0.0
0.0206499999999999,-5.022520353163552,-0.0239999999999999,-90.00343322753906,0.0
0.02183,-5.032926847304177,0.0059999999999999,-90.00274658203125,6.1012812690589495
0.02124,-5.032926847304177,-0.0239999999999999,-90.00411987304688,-6.041079339513449
0.02124,-5.032926847304177,-0.0239999999999999,-90.00411987304688,0.0
0.02124,-4.991331388319802,0.0059999999999999,-90.00411987304688,5.974905397332031
0.02124,-4.991331388319802,0.0059999999999999,-90.00411987304688,0.0
0.0206499999999999,-5.022520353163552,-0.0,-90.0,-1.1867088607603715
0.0206499999999999,-5.022520353163552,-0.0,-90.0,0.0
0.02183,-5.022520353163552,0.0059999999999999,-90.00480651855469,1.1461318051577951
0.02183,-4.980924894179177,0.0059999999999999,-90.00480651855469,0.0
0.02242,-4.980924894179177,0.0059999999999999,-90.00343322753906,0.0
0.02242,-4.980924894179177,-0.0059999999999999,-90.00411987304688,-2.188183807441543
0.02242,-5.001737882460427,-0.0059999999999999,-90.00411987304688,0.0
0.02242,-5.032926847304177,-0.0,-90.00205993652344,1.21040952189058
0.02242,-5.032926847304177,-0.0,-90.00205993652344,0.0
